code,short_name,academic_year,rule,rule_text,passed,detail,severity
N01,安溪,110,資遣費準備金 資產=負債,附註二(四)：以專戶或定期存款方式儲存之資遣費準備金，帳列非流動資產項下，基金數額應與非流動負債數額相符。,True,"資產 564,718 vs 負債 564,718，差額 +0",medium
N01,安溪,110,業務發展準備金 資產=負債,附註二(五)：應於同意後一個月內，以專戶或定期存款方式儲存（帳列非流動資產，與非流動負債相符）。,True,"資產 6,791,844 = 負債 6,791,844",high
N01,安溪,110,虧損年度不得提列業務發展準備,附註二(五)：非營利幼兒園未發生虧損之年度…始得提列業務發展準備金。,True,"提列 1,099,000，本期餘絀 +218,557（未虧損）",high
N01,安溪,110,業務發展準備提列上限 20%,附註二(五)：至多提列收入總額（家長繳交之費用；其有政府差額補助費者，應合併計算）之百分之20為業務發展準備金。,True,"提列 1,099,000 = 收入合計 11,284,869 的 9.7%",high
N01,安溪,110,人事費不得流出,附註二(十)1.(3)：人事費不得流出。,,"人事費少支 882,155（決算 6,763,467 / 預算 7,645,622），同期支出合計超支 933,408。少支本身不等於流出（可能為缺額未補），但需確認是否將人事費挪用於其他科目",high
N01,安溪,110,附註五揭露 = 年末應付受託法人餘額,附註五 關係人交易：揭露予受託法人（關係人）之年末應付款餘額；全語料庫 96% 的報告中，此揭露數即為該年末應付受託法人餘額。,False,"附註五揭露 124,680 vs 年末應付受託法人款 299,357，差額 +174,677；本年度以現金支付約 0（表列行政管理費 124,680 − 揭露數）",medium
N01,安溪,110,收入不得以淨額入帳,附註二(八)：所有收入，均應列入各相關收入項目，並以收入總額入帳，不得以收支相抵後淨額入帳。,,科目名稱含「淨額」：延後托育收入淨額——可能為代收代付，需確認是否總額入帳,medium
N01,安溪,111,資遣費準備金 資產=負債,附註二(四)：以專戶或定期存款方式儲存之資遣費準備金，帳列非流動資產項下，基金數額應與非流動負債數額相符。,True,"資產 638,981 vs 負債 638,981，差額 +0",medium
N01,安溪,111,業務發展準備金 資產=負債,附註二(五)：應於同意後一個月內，以專戶或定期存款方式儲存（帳列非流動資產，與非流動負債相符）。,True,"資產 8,091,844 = 負債 8,091,844",high
N01,安溪,111,虧損年度不得提列業務發展準備,附註二(五)：非營利幼兒園未發生虧損之年度…始得提列業務發展準備金。,True,"提列 1,300,000，本期餘絀 +649,872（未虧損）",high
N01,安溪,111,業務發展準備提列上限 20%,附註二(五)：至多提列收入總額（家長繳交之費用；其有政府差額補助費者，應合併計算）之百分之20為業務發展準備金。,True,"提列 1,300,000 = 收入合計 17,393,407 的 7.5%",high
N01,安溪,111,人事費不得流出,附註二(十)1.(3)：人事費不得流出。,,"人事費少支 1,650,604（決算 11,539,967 / 預算 13,190,571），同期支出合計節餘 59,652。少支本身不等於流出（可能為缺額未補），但需確認是否將人事費挪用於其他科目",high
N01,安溪,111,附註五揭露 = 年末應付受託法人餘額,附註五 關係人交易：揭露予受託法人（關係人）之年末應付款餘額；全語料庫 96% 的報告中，此揭露數即為該年末應付受託法人餘額。,True,"附註五揭露 293,040 vs 年末應付受託法人款 293,040，差額 +0；本年度以現金支付約 252（表列行政管理費 293,292 − 揭露數）",medium
N01,安溪,111,收入不得以淨額入帳,附註二(八)：所有收入，均應列入各相關收入項目，並以收入總額入帳，不得以收支相抵後淨額入帳。,,"科目名稱含「淨額」：延後托育收入淨額；收入與支出金額完全相同：其他收入 = 其他支出 = 801,623——可能為代收代付，需確認是否總額入帳",medium
N01,安溪,112,資遣費準備金 資產=負債,附註二(四)：以專戶或定期存款方式儲存之資遣費準備金，帳列非流動資產項下，基金數額應與非流動負債數額相符。,True,"資產 713,906 vs 負債 713,906，差額 +0",medium
N01,安溪,112,業務發展準備金 資產=負債,附註二(五)：應於同意後一個月內，以專戶或定期存款方式儲存（帳列非流動資產，與非流動負債相符）。,True,"資產 10,479,844 = 負債 10,479,844",high
N01,安溪,112,虧損年度不得提列業務發展準備,附註二(五)：非營利幼兒園未發生虧損之年度…始得提列業務發展準備金。,True,"提列 2,388,000，本期餘絀 +250,799（未虧損）",high
N01,安溪,112,業務發展準備提列上限 20%,附註二(五)：至多提列收入總額之百分之20為業務發展準備金。,True,"提列 2,388,000 = 收入合計 18,995,020 的 12.6%",high
N01,安溪,112,人事費不得流出,附註二(十)1.(3)：人事費不得流出。,,"人事費少支 1,617,183（決算 11,797,585 / 預算 13,414,768），同期支出合計超支 1,357,797。少支本身不等於流出（可能為缺額未補），但需確認是否將人事費挪用於其他科目",high
N01,安溪,112,附註五揭露 = 年末應付受託法人餘額,附註五 關係人交易：揭露予受託法人（關係人）之年末應付款餘額；全語料庫 96% 的報告中，此揭露數即為該年末應付受託法人餘額。,True,"附註五揭露 324,572 vs 年末應付受託法人款 324,572，差額 +0；本年度以現金支付約 1,360（表列行政管理費 325,932 − 揭露數）",medium
N01,安溪,112,收入不得以淨額入帳,附註二(八)：所有收入，均應列入各相關收入項目，並以收入總額入帳，不得以收支相抵後淨額入帳。,,"科目名稱含「淨額」：延長照顧服務收入淨額；收入與支出金額完全相同：其他收入 = 其他支出 = 1,344,392——可能為代收代付，需確認是否總額入帳",medium
N01,安溪,113,資遣費準備金 資產=負債,附註二(四)：以專戶或定期存款方式儲存之資遣費準備金，帳列非流動資產項下，基金數額應與非流動負債數額相符。,True,"資產 790,438 vs 負債 790,438，差額 +0",medium
N01,安溪,113,業務發展準備金 資產=負債,附註二(五)：應於同意後一個月內，以專戶或定期存款方式儲存（帳列非流動資產，與非流動負債相符）。,False,"資產 13,699,844 vs 負債 15,899,844，未提撥足額 +2,200,000。依附註二(一)，未提撥足額衍生之所得稅應由非營利法人自行繳納，不得以園營運成本支應（本期未列所得稅費用）——請確認負擔主體",high
N01,安溪,113,虧損年度不得提列業務發展準備,附註二(五)：非營利幼兒園未發生虧損之年度…始得提列業務發展準備金。,,"提列 5,420,000 後本期餘絀 -1,988,771（虧損），但提列前為 +3,431,229（未虧損）——虧損係提列本身造成，是否符合「未發生虧損之年度」需主管機關認定",high
N01,安溪,113,業務發展準備提列上限 20%,附註二(五)：至多提列收入總額之百分之20為業務發展準備金。,False,"提列 5,420,000 = 收入合計 20,155,978 的 26.9%（上限 4,031,196，超出 1,388,804）。本份附註未定義「收入總額」之認定基礎",high
N01,安溪,113,人事費不得流出,附註二(十)1.(3)：人事費不得流出。,,"人事費少支 1,733,763（決算 11,978,248 / 預算 13,712,011），同期支出合計超支 4,876,794。少支本身不等於流出（可能為缺額未補），但需確認是否將人事費挪用於其他科目",high
N01,安溪,113,附註五揭露 = 年末應付受託法人餘額,附註五 關係人交易：揭露予受託法人（關係人）之年末應付款餘額；全語料庫 96% 的報告中，此揭露數即為該年末應付受託法人餘額。,True,"附註五揭露 290,580 vs 年末應付受託法人款 290,580，差額 +0；本年度以現金支付約 0（表列行政管理費 290,580 − 揭露數）",medium
N01,安溪,113,收入不得以淨額入帳,附註二(八)：所有收入，均應列入各相關收入項目，並以收入總額入帳，不得以收支相抵後淨額入帳。,,"科目名稱含「淨額」：延長照顧服務收入淨額；收入與支出金額完全相同：其他收入 = 其他支出 = 1,765,262——可能為代收代付，需確認是否總額入帳",medium
N02,山北,110,資遣費準備金 資產=負債,附註二(四)：以專戶或定期存款方式儲存之資遣費準備金，帳列非流動資產項下，基金數額應與非流動負債數額相符。,True,"資產 256,056 vs 負債 256,056，差額 +0",medium
N02,山北,110,業務發展準備金 資產=負債,附註二(五)：應於同意後一個月內，以專戶或定期存款方式儲存（帳列非流動資產，與非流動負債相符）。,True,"資產 4,456,723 = 負債 4,456,723",high
N02,山北,110,虧損年度不得提列業務發展準備,附註二(五)：非營利幼兒園未發生虧損之年度…始得提列業務發展準備金。,True,"提列 294,400，本期餘絀 +1,065,234（未虧損）",high
N02,山北,110,業務發展準備提列上限 20%,附註二(五)：至多提列收入總額（家長繳交之費用；其有政府差額補助費者，應合併計算）之百分之20為業務發展準備金。,True,"提列 294,400 = 收入合計 12,382,097 的 2.4%",high
N02,山北,110,人事費不得流出,附註二(十)1.(3)：人事費不得流出。,,"人事費少支 802,648（決算 6,971,731 / 預算 7,774,379），同期支出合計超支 970,159。少支本身不等於流出（可能為缺額未補），但需確認是否將人事費挪用於其他科目",high
N02,山北,110,附註五揭露 = 年末應付受託法人餘額,附註五 關係人交易：揭露予受託法人（關係人）之年末應付款餘額；全語料庫 96% 的報告中，此揭露數即為該年末應付受託法人餘額。,True,"附註五揭露 125,430 vs 年末應付受託法人款 125,430，差額 +0；本年度以現金支付約 0（表列行政管理費 125,430 − 揭露數）",medium
N02,山北,110,收入不得以淨額入帳,附註二(八)：所有收入，均應列入各相關收入項目，並以收入總額入帳，不得以收支相抵後淨額入帳。,,"科目名稱含「淨額」：延後托育收入淨額；收入與支出金額完全相同：其他收入 = 其他支出 = 1,874,209——可能為代收代付，需確認是否總額入帳",medium
N02,山北,111,資遣費準備金 資產=負債,附註二(四)：以專戶或定期存款方式儲存之資遣費準備金，帳列非流動資產項下，基金數額應與非流動負債數額相符。,True,"資產 302,484 vs 負債 302,484，差額 +0",medium
N02,山北,111,業務發展準備金 資產=負債,附註二(五)：應於同意後一個月內，以專戶或定期存款方式儲存（帳列非流動資產，與非流動負債相符）。,True,"資產 5,076,723 = 負債 5,076,723",high
N02,山北,111,虧損年度不得提列業務發展準備,附註二(五)：非營利幼兒園未發生虧損之年度…始得提列業務發展準備金。,True,"提列 620,000，本期餘絀 +413,861（未虧損）",high
N02,山北,111,業務發展準備提列上限 20%,附註二(五)：至多提列收入總額（家長繳交之費用；其有政府差額補助費者，應合併計算）之百分之20為業務發展準備金。,True,"提列 620,000 = 收入合計 12,701,252 的 4.9%",high
N02,山北,111,人事費不得流出,附註二(十)1.(3)：人事費不得流出。,,"人事費少支 695,734（決算 7,286,602 / 預算 7,982,336），同期支出合計超支 1,757,807。少支本身不等於流出（可能為缺額未補），但需確認是否將人事費挪用於其他科目",high
N02,山北,111,附註五揭露 = 年末應付受託法人餘額,附註五 關係人交易：揭露予受託法人（關係人）之年末應付款餘額；全語料庫 96% 的報告中，此揭露數即為該年末應付受託法人餘額。,True,"附註五揭露 125,430 vs 年末應付受託法人款 125,430，差額 +0；本年度以現金支付約 0（表列行政管理費 125,430 − 揭露數）",medium
N02,山北,111,收入不得以淨額入帳,附註二(八)：所有收入，均應列入各相關收入項目，並以收入總額入帳，不得以收支相抵後淨額入帳。,,"科目名稱含「淨額」：延後托育收入淨額；收入與支出金額完全相同：其他收入 = 其他支出 = 2,293,328——可能為代收代付，需確認是否總額入帳",medium
N02,山北,112,資遣費準備金 資產=負債,附註二(四)：以專戶或定期存款方式儲存之資遣費準備金，帳列非流動資產項下，基金數額應與非流動負債數額相符。,True,"資產 357,572 vs 負債 357,572，差額 +0",medium
N02,山北,112,業務發展準備金 資產=負債,附註二(五)：應於同意後一個月內，以專戶或定期存款方式儲存（帳列非流動資產，與非流動負債相符）。,True,"資產 6,910,098 = 負債 6,910,098",high
N02,山北,112,虧損年度不得提列業務發展準備,附註二(五)：非營利幼兒園未發生虧損之年度…始得提列業務發展準備金。,,"提列 1,833,375 後本期餘絀 -348,840（虧損），但提列前為 +1,484,535（未虧損）——虧損係提列本身造成，是否符合「未發生虧損之年度」需主管機關認定",high
N02,山北,112,業務發展準備提列上限 20%,附註二(五)：至多提列收入總額之百分之20為業務發展準備金。,True,"提列 1,833,375 = 收入合計 13,850,855 的 13.2%",high
N02,山北,112,人事費不得流出,附註二(十)1.(3)：人事費不得流出。,,"人事費少支 696,551（決算 9,157,815 / 預算 9,854,366），同期支出合計超支 1,382,307。少支本身不等於流出（可能為缺額未補），但需確認是否將人事費挪用於其他科目",high
N02,山北,112,附註五揭露 = 年末應付受託法人餘額,附註五 關係人交易：揭露予受託法人（關係人）之年末應付款餘額；全語料庫 96% 的報告中，此揭露數即為該年末應付受託法人餘額。,True,"附註五揭露 229,600 vs 年末應付受託法人款 229,600，差額 +0；本年度以現金支付約 0（表列行政管理費 229,600 − 揭露數）",medium
N02,山北,112,收入不得以淨額入帳,附註二(八)：所有收入，均應列入各相關收入項目，並以收入總額入帳，不得以收支相抵後淨額入帳。,,"科目名稱含「淨額」：延長照顧服務收入淨額；收入與支出金額完全相同：其他收入 = 其他支出 = 935,839——可能為代收代付，需確認是否總額入帳",medium
N02,山北,113,資遣費準備金 資產=負債,附註二(四)：以專戶或定期存款方式儲存之資遣費準備金，帳列非流動資產項下，基金數額應與非流動負債數額相符。,True,"資產 413,891 vs 負債 413,891，差額 +0",medium
N02,山北,113,業務發展準備金 資產=負債,附註二(五)：應於同意後一個月內，以專戶或定期存款方式儲存（帳列非流動資產，與非流動負債相符）。,True,"資產 9,114,885 = 負債 9,114,885",high
N02,山北,113,虧損年度不得提列業務發展準備,附註二(五)：非營利幼兒園未發生虧損之年度…始得提列業務發展準備金。,True,"提列 2,204,787，本期餘絀 +674,883（未虧損）",high
N02,山北,113,業務發展準備提列上限 20%,附註二(五)：至多提列收入總額之百分之20為業務發展準備金。,True,"提列 2,204,787 = 收入合計 15,866,725 的 13.9%",high
N02,山北,113,人事費不得流出,附註二(十)1.(3)：人事費不得流出。,,"人事費少支 1,041,741（決算 9,040,242 / 預算 10,081,983），同期支出合計超支 2,244,305。少支本身不等於流出（可能為缺額未補），但需確認是否將人事費挪用於其他科目",high
N02,山北,113,附註五揭露 = 年末應付受託法人餘額,附註五 關係人交易：揭露予受託法人（關係人）之年末應付款餘額；全語料庫 96% 的報告中，此揭露數即為該年末應付受託法人餘額。,False,"附註五揭露 220,215 vs 年末應付受託法人款 215,691，差額 -4,524；本年度以現金支付約 2,397（表列行政管理費 222,612 − 揭露數）",medium
N02,山北,113,收入不得以淨額入帳,附註二(八)：所有收入，均應列入各相關收入項目，並以收入總額入帳，不得以收支相抵後淨額入帳。,,"科目名稱含「淨額」：延長照顧服務收入淨額；收入與支出金額完全相同：其他收入 = 其他支出 = 1,652,090；延長照顧服務收入淨額 = 延長照顧服務支出 = 106,755——可能為代收代付，需確認是否總額入帳",medium
N03,龍埔成長,110,資遣費準備金 資產=負債,附註二(四)：以專戶或定期存款方式儲存之資遣費準備金，帳列非流動資產項下，基金數額應與非流動負債數額相符。,True,"資產 280,189 vs 負債 280,189，差額 +0",medium
N03,龍埔成長,110,業務發展準備金 資產=負債,附註二(五)：應於同意後一個月內，以專戶或定期存款方式儲存（帳列非流動資產，與非流動負債相符）。,True,"資產 2,536,501 = 負債 2,536,501",high
N03,龍埔成長,110,虧損年度不得提列業務發展準備,附註二(五)：非營利幼兒園未發生虧損之年度…始得提列業務發展準備金。,True,"提列 98,000，本期餘絀 +767,673（未虧損）",high
N03,龍埔成長,110,業務發展準備提列上限 20%,附註二(五)：至多提列收入總額（家長繳交之費用；其有政府差額補助費者，應合併計算）之百分之20為業務發展準備金。,True,"提列 98,000 = 收入合計 11,955,951 的 0.8%",high
N03,龍埔成長,110,人事費不得流出,附註二(十)1.(3)：人事費不得流出。,,"人事費少支 754,595（決算 7,235,004 / 預算 7,989,599），同期支出合計超支 839,077。少支本身不等於流出（可能為缺額未補），但需確認是否將人事費挪用於其他科目",high
N03,龍埔成長,110,附註五揭露 = 年末應付受託法人餘額,附註五 關係人交易：揭露予受託法人（關係人）之年末應付款餘額；全語料庫 96% 的報告中，此揭露數即為該年末應付受託法人餘額。,True,"附註五揭露 46,988 vs 年末應付受託法人款 46,988，差額 +0；本年度以現金支付約 70,852（表列行政管理費 117,840 − 揭露數）",medium
N03,龍埔成長,110,收入不得以淨額入帳,附註二(八)：所有收入，均應列入各相關收入項目，並以收入總額入帳，不得以收支相抵後淨額入帳。,,"科目名稱含「淨額」：延後托育收入淨額；收入與支出金額完全相同：其他收入 = 其他支出 = 1,675,731；延後托育收入淨額 = 延後托育支出 = 289,925——可能為代收代付，需確認是否總額入帳",medium
N03,龍埔成長,111,資遣費準備金 資產=負債,附註二(四)：以專戶或定期存款方式儲存之資遣費準備金，帳列非流動資產項下，基金數額應與非流動負債數額相符。,True,"資產 326,901 vs 負債 326,901，差額 +0",medium
N03,龍埔成長,111,業務發展準備金 資產=負債,附註二(五)：應於同意後一個月內，以專戶或定期存款方式儲存（帳列非流動資產，與非流動負債相符）。,True,"資產 3,536,501 = 負債 3,536,501",high
N03,龍埔成長,111,虧損年度不得提列業務發展準備,附註二(五)：非營利幼兒園未發生虧損之年度…始得提列業務發展準備金。,True,"提列 1,000,000，本期餘絀 +351,100（未虧損）",high
N03,龍埔成長,111,業務發展準備提列上限 20%,附註二(五)：至多提列收入總額（家長繳交之費用；其有政府差額補助費者，應合併計算）之百分之20為業務發展準備金。,True,"提列 1,000,000 = 收入合計 12,215,954 的 8.2%",high
N03,龍埔成長,111,人事費不得流出,附註二(十)1.(3)：人事費不得流出。,,"人事費少支 1,425,917（決算 6,737,493 / 預算 8,163,410），同期支出合計超支 1,341,842。少支本身不等於流出（可能為缺額未補），但需確認是否將人事費挪用於其他科目",high
N03,龍埔成長,111,附註五揭露 = 年末應付受託法人餘額,附註五 關係人交易：揭露予受託法人（關係人）之年末應付款餘額；全語料庫 96% 的報告中，此揭露數即為該年末應付受託法人餘額。,,缺附註五揭露金額或年末應付受託法人款,medium
N03,龍埔成長,111,收入不得以淨額入帳,附註二(八)：所有收入，均應列入各相關收入項目，並以收入總額入帳，不得以收支相抵後淨額入帳。,,"科目名稱含「淨額」：延後托育收入淨額；收入與支出金額完全相同：其他收入 = 其他支出 = 1,853,498——可能為代收代付，需確認是否總額入帳",medium
N03,龍埔成長,112,資遣費準備金 資產=負債,附註二(四)：以專戶或定期存款方式儲存之資遣費準備金，帳列非流動資產項下，基金數額應與非流動負債數額相符。,True,"資產 374,643 vs 負債 374,643，差額 +0",medium
N03,龍埔成長,112,業務發展準備金 資產=負債,附註二(五)：應於同意後一個月內，以專戶或定期存款方式儲存（帳列非流動資產，與非流動負債相符）。,True,"資產 5,929,501 = 負債 5,929,501",high
N03,龍埔成長,112,虧損年度不得提列業務發展準備,附註二(五)：非營利幼兒園未發生虧損之年度…始得提列業務發展準備金。,True,"提列 2,393,000，本期餘絀 +250,734（未虧損）",high
N03,龍埔成長,112,業務發展準備提列上限 20%,附註二(五)：至多提列收入總額之百分之20為業務發展準備金。,True,"提列 2,393,000 = 收入合計 14,144,106 的 16.9%",high
N03,龍埔成長,112,人事費不得流出,附註二(十)1.(3)：人事費不得流出。,,"人事費少支 3,058,375（決算 5,280,926 / 預算 8,339,301），同期支出合計超支 3,194,469。少支本身不等於流出（可能為缺額未補），但需確認是否將人事費挪用於其他科目",high
N03,龍埔成長,112,附註五揭露 = 年末應付受託法人餘額,附註五 關係人交易：揭露予受託法人（關係人）之年末應付款餘額；全語料庫 96% 的報告中，此揭露數即為該年末應付受託法人餘額。,True,"附註五揭露 36,682 vs 年末應付受託法人款 36,682，差額 +0；本年度以現金支付約 81,158（表列行政管理費 117,840 − 揭露數）",medium
N03,龍埔成長,112,收入不得以淨額入帳,附註二(八)：所有收入，均應列入各相關收入項目，並以收入總額入帳，不得以收支相抵後淨額入帳。,,"科目名稱含「淨額」：延長照顧服務收入淨額；收入與支出金額完全相同：其他收入 = 其他支出 = 3,721,263——可能為代收代付，需確認是否總額入帳",medium
N03,龍埔成長,113,資遣費準備金 資產=負債,附註二(四)：以專戶或定期存款方式儲存之資遣費準備金，帳列非流動資產項下，基金數額應與非流動負債數額相符。,True,"資產 428,137 vs 負債 428,137，差額 +0",medium
N03,龍埔成長,113,業務發展準備金 資產=負債,附註二(五)：應於同意後一個月內，以專戶或定期存款方式儲存（帳列非流動資產，與非流動負債相符）。,True,"資產 7,629,301 = 負債 7,629,301",high
N03,龍埔成長,113,虧損年度不得提列業務發展準備,附註二(五)：非營利幼兒園未發生虧損之年度…始得提列業務發展準備金。,,"提列 1,699,800 後本期餘絀 -760,073（虧損），但提列前為 +939,727（未虧損）——虧損係提列本身造成，是否符合「未發生虧損之年度」需主管機關認定",high
N03,龍埔成長,113,業務發展準備提列上限 20%,附註二(五)：至多提列收入總額之百分之20為業務發展準備金。,True,"提列 1,699,800 = 收入合計 12,844,402 的 13.2%",high
N03,龍埔成長,113,人事費不得流出,附註二(十)1.(3)：人事費不得流出。,,"人事費少支 837,653（決算 8,710,840 / 預算 9,548,493），同期支出合計超支 1,800,826。少支本身不等於流出（可能為缺額未補），但需確認是否將人事費挪用於其他科目",high
N03,龍埔成長,113,附註五揭露 = 年末應付受託法人餘額,附註五 關係人交易：揭露予受託法人（關係人）之年末應付款餘額；全語料庫 96% 的報告中，此揭露數即為該年末應付受託法人餘額。,False,"附註五揭露 179,804 vs 年末應付受託法人款 175,663，差額 -4,141；本年度以現金支付約 2,250（表列行政管理費 182,054 − 揭露數）",medium
N03,龍埔成長,113,收入不得以淨額入帳,附註二(八)：所有收入，均應列入各相關收入項目，並以收入總額入帳，不得以收支相抵後淨額入帳。,,"科目名稱含「淨額」：延長照顧服務收入淨額；收入與支出金額完全相同：其他收入 = 其他支出 = 948,203——可能為代收代付，需確認是否總額入帳",medium
N04,海工,110,資遣費準備金 資產=負債,附註二(四)：以專戶或定期存款方式儲存之資遣費準備金，帳列非流動資產項下，基金數額應與非流動負債數額相符。,True,"資產 113,473 vs 負債 113,473，差額 +0",medium
N04,海工,110,業務發展準備金 資產=負債,附註二(五)：應於同意後一個月內，以專戶或定期存款方式儲存（帳列非流動資產，與非流動負債相符）。,True,"資產 2,074,000 = 負債 2,074,000",high
N04,海工,110,虧損年度不得提列業務發展準備,附註二(五)：非營利幼兒園未發生虧損之年度…始得提列業務發展準備金。,True,"提列 336,000，本期餘絀 +373,081（未虧損）",high
N04,海工,110,業務發展準備提列上限 20%,附註二(五)：至多提列收入總額（家長繳交之費用；其有政府差額補助費者，應合併計算）之百分之20為業務發展準備金。,True,"提列 336,000 = 收入合計 7,163,219 的 4.7%",high
N04,海工,110,人事費不得流出,附註二(十)1.(3)：人事費不得流出。,,"人事費少支 749,665（決算 3,798,440 / 預算 4,548,105），同期支出合計超支 440,861。少支本身不等於流出（可能為缺額未補），但需確認是否將人事費挪用於其他科目",high
N04,海工,110,附註五揭露 = 年末應付受託法人餘額,附註五 關係人交易：揭露予受託法人（關係人）之年末應付款餘額；全語料庫 96% 的報告中，此揭露數即為該年末應付受託法人餘額。,True,"附註五揭露 90,012 vs 年末應付受託法人款 90,012，差額 +0；本年度以現金支付約 0（表列行政管理費 90,012 − 揭露數）",medium
N04,海工,110,收入不得以淨額入帳,附註二(八)：所有收入，均應列入各相關收入項目，並以收入總額入帳，不得以收支相抵後淨額入帳。,,"科目名稱含「淨額」：延後托育收入淨額；收入與支出金額完全相同：其他收入 = 其他支出 = 765,804——可能為代收代付，需確認是否總額入帳",medium
N04,海工,111,資遣費準備金 資產=負債,附註二(四)：以專戶或定期存款方式儲存之資遣費準備金，帳列非流動資產項下，基金數額應與非流動負債數額相符。,True,"資產 139,758 vs 負債 139,758，差額 +0",medium
N04,海工,111,業務發展準備金 資產=負債,附註二(五)：應於同意後一個月內，以專戶或定期存款方式儲存（帳列非流動資產，與非流動負債相符）。,True,"資產 2,554,000 = 負債 2,554,000",high
N04,海工,111,虧損年度不得提列業務發展準備,附註二(五)：非營利幼兒園未發生虧損之年度…始得提列業務發展準備金。,True,"提列 480,000，本期餘絀 +85,302（未虧損）",high
N04,海工,111,業務發展準備提列上限 20%,附註二(五)：至多提列收入總額（家長繳交之費用；其有政府差額補助費者，應合併計算）之百分之20為業務發展準備金。,True,"提列 480,000 = 收入合計 7,765,295 的 6.2%",high
N04,海工,111,人事費不得流出,附註二(十)1.(3)：人事費不得流出。,,"人事費少支 644,363（決算 4,018,956 / 預算 4,663,319），同期支出合計超支 1,215,502。少支本身不等於流出（可能為缺額未補），但需確認是否將人事費挪用於其他科目",high
N04,海工,111,附註五揭露 = 年末應付受託法人餘額,附註五 關係人交易：揭露予受託法人（關係人）之年末應付款餘額；全語料庫 96% 的報告中，此揭露數即為該年末應付受託法人餘額。,True,"附註五揭露 47,012 vs 年末應付受託法人款 47,012，差額 +0；本年度以現金支付約 43,000（表列行政管理費 90,012 − 揭露數）",medium
N04,海工,111,收入不得以淨額入帳,附註二(八)：所有收入，均應列入各相關收入項目，並以收入總額入帳，不得以收支相抵後淨額入帳。,,"科目名稱含「淨額」：延後托育收入淨額；收入與支出金額完全相同：其他收入 = 其他支出 = 1,219,083——可能為代收代付，需確認是否總額入帳",medium
N04,海工,112,資遣費準備金 資產=負債,附註二(四)：以專戶或定期存款方式儲存之資遣費準備金，帳列非流動資產項下，基金數額應與非流動負債數額相符。,True,"資產 166,661 vs 負債 166,661，差額 +0",medium
N04,海工,112,業務發展準備金 資產=負債,附註二(五)：應於同意後一個月內，以專戶或定期存款方式儲存（帳列非流動資產，與非流動負債相符）。,True,"資產 3,854,000 = 負債 3,854,000",high
N04,海工,112,虧損年度不得提列業務發展準備,附註二(五)：非營利幼兒園未發生虧損之年度…始得提列業務發展準備金。,True,"提列 1,300,000，本期餘絀 +322,225（未虧損）",high
N04,海工,112,業務發展準備提列上限 20%,附註二(五)：至多提列收入總額之百分之20為業務發展準備金。,True,"提列 1,300,000 = 收入合計 9,031,229 的 14.4%",high
N04,海工,112,人事費不得流出,附註二(十)1.(3)：人事費不得流出。,,"人事費少支 1,869,442（決算 2,899,218 / 預算 4,768,660），同期支出合計超支 2,139,172。少支本身不等於流出（可能為缺額未補），但需確認是否將人事費挪用於其他科目",high
N04,海工,112,附註五揭露 = 年末應付受託法人餘額,附註五 關係人交易：揭露予受託法人（關係人）之年末應付款餘額；全語料庫 96% 的報告中，此揭露數即為該年末應付受託法人餘額。,True,"附註五揭露 53,737 vs 年末應付受託法人款 53,737，差額 +0；本年度以現金支付約 36,275（表列行政管理費 90,012 − 揭露數）",medium
N04,海工,112,收入不得以淨額入帳,附註二(八)：所有收入，均應列入各相關收入項目，並以收入總額入帳，不得以收支相抵後淨額入帳。,,"科目名稱含「淨額」：延長照顧服務收入淨額；收入與支出金額完全相同：其他收入 = 其他支出 = 2,593,336——可能為代收代付，需確認是否總額入帳",medium
N04,海工,113,資遣費準備金 資產=負債,附註二(四)：以專戶或定期存款方式儲存之資遣費準備金，帳列非流動資產項下，基金數額應與非流動負債數額相符。,True,"資產 198,704 vs 負債 198,704，差額 +0",medium
N04,海工,113,業務發展準備金 資產=負債,附註二(五)：應於同意後一個月內，以專戶或定期存款方式儲存（帳列非流動資產，與非流動負債相符）。,True,"資產 5,024,000 = 負債 5,024,000",high
N04,海工,113,虧損年度不得提列業務發展準備,附註二(五)：非營利幼兒園未發生虧損之年度…始得提列業務發展準備金。,,"提列 1,170,000 後本期餘絀 -520,068（虧損），但提列前為 +649,932（未虧損）——虧損係提列本身造成，是否符合「未發生虧損之年度」需主管機關認定",high
N04,海工,113,業務發展準備提列上限 20%,附註二(五)：至多提列收入總額之百分之20為業務發展準備金。,True,"提列 1,170,000 = 收入合計 8,351,127 的 14.0%",high
N04,海工,113,人事費不得流出,附註二(十)1.(3)：人事費不得流出。,,"人事費少支 610,482（決算 5,072,224 / 預算 5,682,706），同期支出合計超支 1,472,513。少支本身不等於流出（可能為缺額未補），但需確認是否將人事費挪用於其他科目",high
N04,海工,113,附註五揭露 = 年末應付受託法人餘額,附註五 關係人交易：揭露予受託法人（關係人）之年末應付款餘額；全語料庫 96% 的報告中，此揭露數即為該年末應付受託法人餘額。,True,"附註五揭露 123,592 vs 年末應付受託法人款 123,592，差額 +0；本年度以現金支付約 14,864（表列行政管理費 138,456 − 揭露數）",medium
N04,海工,113,收入不得以淨額入帳,附註二(八)：所有收入，均應列入各相關收入項目，並以收入總額入帳，不得以收支相抵後淨額入帳。,,"科目名稱含「淨額」：延長照顧服務收入淨額；收入與支出金額完全相同：其他收入 = 其他支出 = 854,260；延長照顧服務收入淨額 = 延長照顧服務支出 = 85,540——可能為代收代付，需確認是否總額入帳",medium
N05,漢翔,110,資遣費準備金 資產=負債,附註二(四)：以專戶或定期存款方式儲存之資遣費準備金，帳列非流動資產項下，基金數額應與非流動負債數額相符。,True,"資產 222,828 vs 負債 222,828，差額 +0",medium
N05,漢翔,110,業務發展準備金 資產=負債,附註二(五)：應於同意後一個月內，以專戶或定期存款方式儲存（帳列非流動資產，與非流動負債相符）。,True,"資產 5,664,300 = 負債 5,664,300",high
N05,漢翔,110,虧損年度不得提列業務發展準備,附註二(五)：非營利幼兒園未發生虧損之年度…始得提列業務發展準備金。,True,"提列 766,300，本期餘絀 +792,007（未虧損）",high
N05,漢翔,110,業務發展準備提列上限 20%,附註二(五)：至多提列收入總額（家長繳交之費用；其有政府差額補助費者，應合併計算）之百分之20為業務發展準備金。,True,"提列 766,300 = 收入合計 11,841,923 的 6.5%",high
N05,漢翔,110,人事費不得流出,附註二(十)1.(3)：人事費不得流出。,,"人事費少支 1,144,428（決算 5,862,148 / 預算 7,006,576），同期支出合計超支 1,746,523。少支本身不等於流出（可能為缺額未補），但需確認是否將人事費挪用於其他科目",high
N05,漢翔,110,附註五揭露 = 年末應付受託法人餘額,附註五 關係人交易：揭露予受託法人（關係人）之年末應付款餘額；全語料庫 96% 的報告中，此揭露數即為該年末應付受託法人餘額。,True,"附註五揭露 112,681 vs 年末應付受託法人款 112,681，差額 +0；本年度以現金支付約 0（表列行政管理費 112,681 − 揭露數）",medium
N05,漢翔,110,收入不得以淨額入帳,附註二(八)：所有收入，均應列入各相關收入項目，並以收入總額入帳，不得以收支相抵後淨額入帳。,,"科目名稱含「淨額」：延後托育收入淨額；收入與支出金額完全相同：其他收入 = 其他支出 = 2,312,245——可能為代收代付，需確認是否總額入帳",medium
N05,漢翔,111,資遣費準備金 資產=負債,附註二(四)：以專戶或定期存款方式儲存之資遣費準備金，帳列非流動資產項下，基金數額應與非流動負債數額相符。,True,"資產 263,748 vs 負債 263,748，差額 +0",medium
N05,漢翔,111,業務發展準備金 資產=負債,附註二(五)：應於同意後一個月內，以專戶或定期存款方式儲存（帳列非流動資產，與非流動負債相符）。,True,"資產 6,409,100 = 負債 6,409,100",high
N05,漢翔,111,虧損年度不得提列業務發展準備,附註二(五)：非營利幼兒園未發生虧損之年度…始得提列業務發展準備金。,True,"提列 744,800，本期餘絀 +106,651（未虧損）",high
N05,漢翔,111,業務發展準備提列上限 20%,附註二(五)：至多提列收入總額（家長繳交之費用；其有政府差額補助費者，應合併計算）之百分之20為業務發展準備金。,True,"提列 744,800 = 收入合計 11,976,524 的 6.2%",high
N05,漢翔,111,人事費不得流出,附註二(十)1.(3)：人事費不得流出。,,"人事費少支 762,415（決算 6,412,661 / 預算 7,175,076），同期支出合計超支 2,438,014。少支本身不等於流出（可能為缺額未補），但需確認是否將人事費挪用於其他科目",high
N05,漢翔,111,附註五揭露 = 年末應付受託法人餘額,附註五 關係人交易：揭露予受託法人（關係人）之年末應付款餘額；全語料庫 96% 的報告中，此揭露數即為該年末應付受託法人餘額。,True,"附註五揭露 112,681 vs 年末應付受託法人款 112,681，差額 +0；本年度以現金支付約 0（表列行政管理費 112,681 − 揭露數）",medium
N05,漢翔,111,收入不得以淨額入帳,附註二(八)：所有收入，均應列入各相關收入項目，並以收入總額入帳，不得以收支相抵後淨額入帳。,,"科目名稱含「淨額」：延後托育收入淨額；收入與支出金額完全相同：其他收入 = 其他支出 = 2,463,788——可能為代收代付，需確認是否總額入帳",medium
N05,漢翔,112,資遣費準備金 資產=負債,附註二(四)：以專戶或定期存款方式儲存之資遣費準備金，帳列非流動資產項下，基金數額應與非流動負債數額相符。,True,"資產 305,646 vs 負債 305,646，差額 +0",medium
N05,漢翔,112,業務發展準備金 資產=負債,附註二(五)：應於同意後一個月內，以專戶或定期存款方式儲存（帳列非流動資產，與非流動負債相符）。,True,"資產 8,191,619 = 負債 8,191,619",high
N05,漢翔,112,虧損年度不得提列業務發展準備,附註二(五)：非營利幼兒園未發生虧損之年度…始得提列業務發展準備金。,True,"提列 1,782,519，本期餘絀 +268,076（未虧損）",high
N05,漢翔,112,業務發展準備提列上限 20%,附註二(五)：至多提列收入總額之百分之20為業務發展準備金。,True,"提列 1,782,519 = 收入合計 12,921,591 的 13.8%",high
N05,漢翔,112,人事費不得流出,附註二(十)1.(3)：人事費不得流出。,,"人事費少支 2,317,435（決算 5,032,018 / 預算 7,349,453），同期支出合計超支 3,047,279。少支本身不等於流出（可能為缺額未補），但需確認是否將人事費挪用於其他科目",high
N05,漢翔,112,附註五揭露 = 年末應付受託法人餘額,附註五 關係人交易：揭露予受託法人（關係人）之年末應付款餘額；全語料庫 96% 的報告中，此揭露數即為該年末應付受託法人餘額。,True,"附註五揭露 112,681 vs 年末應付受託法人款 112,681，差額 +0；本年度以現金支付約 0（表列行政管理費 112,681 − 揭露數）",medium
N05,漢翔,112,收入不得以淨額入帳,附註二(八)：所有收入，均應列入各相關收入項目，並以收入總額入帳，不得以收支相抵後淨額入帳。,,"科目名稱含「淨額」：延長照顧服務收入淨額；收入與支出金額完全相同：其他收入 = 其他支出 = 3,729,484；延長照顧服務收入淨額 = 延長照顧服務支出 = 168,240——可能為代收代付，需確認是否總額入帳",medium
N05,漢翔,113,資遣費準備金 資產=負債,附註二(四)：以專戶或定期存款方式儲存之資遣費準備金，帳列非流動資產項下，基金數額應與非流動負債數額相符。,True,"資產 354,784 vs 負債 354,784，差額 +0",medium
N05,漢翔,113,業務發展準備金 資產=負債,附註二(五)：應於同意後一個月內，以專戶或定期存款方式儲存（帳列非流動資產，與非流動負債相符）。,True,"資產 10,767,024 = 負債 10,767,024",high
N05,漢翔,113,虧損年度不得提列業務發展準備,附註二(五)：非營利幼兒園未發生虧損之年度…始得提列業務發展準備金。,True,"提列 2,575,405，本期餘絀 +1,606,845（未虧損）",high
N05,漢翔,113,業務發展準備提列上限 20%,附註二(五)：至多提列收入總額之百分之20為業務發展準備金。,True,"提列 2,575,405 = 收入合計 13,204,495 的 19.5%",high
N05,漢翔,113,人事費不得流出,附註二(十)1.(3)：人事費不得流出。,,"人事費少支 2,420,373（決算 6,363,884 / 預算 8,784,257），同期支出合計超支 376,117。少支本身不等於流出（可能為缺額未補），但需確認是否將人事費挪用於其他科目",high
N05,漢翔,113,附註五揭露 = 年末應付受託法人餘額,附註五 關係人交易：揭露予受託法人（關係人）之年末應付款餘額；全語料庫 96% 的報告中，此揭露數即為該年末應付受託法人餘額。,False,"附註五揭露 197,754 vs 年末應付受託法人款 192,692，差額 -5,062；本年度以現金支付約 0（表列行政管理費 197,754 − 揭露數）",medium
N05,漢翔,113,收入不得以淨額入帳,附註二(八)：所有收入，均應列入各相關收入項目，並以收入總額入帳，不得以收支相抵後淨額入帳。,,"科目名稱含「淨額」：延長照顧服務收入淨額；收入與支出金額完全相同：其他收入 = 其他支出 = 999,581；延長照顧服務收入淨額 = 延長照顧服務支出 = 127,995——可能為代收代付，需確認是否總額入帳",medium
N06,昌平,110,資遣費準備金 資產=負債,附註二(四)：以專戶或定期存款方式儲存之資遣費準備金，帳列非流動資產項下，基金數額應與非流動負債數額相符。,True,"資產 215,484 vs 負債 215,484，差額 +0",medium
N06,昌平,110,業務發展準備金 資產=負債,附註二(五)：應於同意後一個月內，以專戶或定期存款方式儲存（帳列非流動資產，與非流動負債相符）。,True,"資產 4,277,567 = 負債 4,277,567",high
N06,昌平,110,虧損年度不得提列業務發展準備,附註二(五)：非營利幼兒園未發生虧損之年度…始得提列業務發展準備金。,True,"提列 613,100，本期餘絀 +1,611,855（未虧損）",high
N06,昌平,110,業務發展準備提列上限 20%,附註二(五)：至多提列收入總額（家長繳交之費用；其有政府差額補助費者，應合併計算）之百分之20為業務發展準備金。,True,"提列 613,100 = 收入合計 14,059,209 的 4.4%",high
N06,昌平,110,人事費不得流出,附註二(十)1.(3)：人事費不得流出。,,"人事費少支 1,467,124（決算 7,099,629 / 預算 8,566,753），同期支出合計超支 599,202。少支本身不等於流出（可能為缺額未補），但需確認是否將人事費挪用於其他科目",high
N06,昌平,110,附註五揭露 = 年末應付受託法人餘額,附註五 關係人交易：揭露予受託法人（關係人）之年末應付款餘額；全語料庫 96% 的報告中，此揭露數即為該年末應付受託法人餘額。,True,"附註五揭露 259,376 vs 年末應付受託法人款 259,376，差額 +0；本年度以現金支付約 3,404（表列行政管理費 262,780 − 揭露數）",medium
N06,昌平,110,收入不得以淨額入帳,附註二(八)：所有收入，均應列入各相關收入項目，並以收入總額入帳，不得以收支相抵後淨額入帳。,,"科目名稱含「淨額」：延後托育收入淨額；收入與支出金額完全相同：其他收入 = 其他支出 = 1,830,781——可能為代收代付，需確認是否總額入帳",medium
N06,昌平,111,資遣費準備金 資產=負債,附註二(四)：以專戶或定期存款方式儲存之資遣費準備金，帳列非流動資產項下，基金數額應與非流動負債數額相符。,True,"資產 248,269 vs 負債 248,269，差額 +0",medium
N06,昌平,111,業務發展準備金 資產=負債,附註二(五)：應於同意後一個月內，以專戶或定期存款方式儲存（帳列非流動資產，與非流動負債相符）。,True,"資產 5,660,167 = 負債 5,660,167",high
N06,昌平,111,虧損年度不得提列業務發展準備,附註二(五)：非營利幼兒園未發生虧損之年度…始得提列業務發展準備金。,,"提列 1,382,600 後本期餘絀 -67,044（虧損），但提列前為 +1,315,556（未虧損）——虧損係提列本身造成，是否符合「未發生虧損之年度」需主管機關認定",high
N06,昌平,111,業務發展準備提列上限 20%,附註二(五)：至多提列收入總額（家長繳交之費用；其有政府差額補助費者，應合併計算）之百分之20為業務發展準備金。,True,"提列 1,382,600 = 收入合計 13,965,976 的 9.9%",high
N06,昌平,111,人事費不得流出,附註二(十)1.(3)：人事費不得流出。,,"人事費少支 1,012,550（決算 7,770,536 / 預算 8,783,086），同期支出合計超支 1,999,190。少支本身不等於流出（可能為缺額未補），但需確認是否將人事費挪用於其他科目",high
N06,昌平,111,附註五揭露 = 年末應付受託法人餘額,附註五 關係人交易：揭露予受託法人（關係人）之年末應付款餘額；全語料庫 96% 的報告中，此揭露數即為該年末應付受託法人餘額。,True,"附註五揭露 262,780 vs 年末應付受託法人款 262,780，差額 +0；本年度以現金支付約 0（表列行政管理費 262,780 − 揭露數）",medium
N06,昌平,111,收入不得以淨額入帳,附註二(八)：所有收入，均應列入各相關收入項目，並以收入總額入帳，不得以收支相抵後淨額入帳。,,"科目名稱含「淨額」：延後托育收入淨額；收入與支出金額完全相同：其他收入 = 其他支出 = 2,000,383——可能為代收代付，需確認是否總額入帳",medium
N06,昌平,112,資遣費準備金 資產=負債,附註二(四)：以專戶或定期存款方式儲存之資遣費準備金，帳列非流動資產項下，基金數額應與非流動負債數額相符。,True,"資產 281,638 vs 負債 281,638，差額 +0",medium
N06,昌平,112,業務發展準備金 資產=負債,附註二(五)：應於同意後一個月內，以專戶或定期存款方式儲存（帳列非流動資產，與非流動負債相符）。,True,"資產 7,699,279 = 負債 7,699,279",high
N06,昌平,112,虧損年度不得提列業務發展準備,附註二(五)：非營利幼兒園未發生虧損之年度…始得提列業務發展準備金。,True,"提列 2,039,112，本期餘絀 +187,142（未虧損）",high
N06,昌平,112,業務發展準備提列上限 20%,附註二(五)：至多提列收入總額之百分之20為業務發展準備金。,True,"提列 2,039,112 = 收入合計 15,138,118 的 13.5%",high
N06,昌平,112,人事費不得流出,附註二(十)1.(3)：人事費不得流出。,,"人事費少支 2,136,178（決算 6,839,375 / 預算 8,975,553），同期支出合計超支 2,724,679。少支本身不等於流出（可能為缺額未補），但需確認是否將人事費挪用於其他科目",high
N06,昌平,112,附註五揭露 = 年末應付受託法人餘額,附註五 關係人交易：揭露予受託法人（關係人）之年末應付款餘額；全語料庫 96% 的報告中，此揭露數即為該年末應付受託法人餘額。,True,"附註五揭露 262,780 vs 年末應付受託法人款 262,780，差額 +0；本年度以現金支付約 0（表列行政管理費 262,780 − 揭露數）",medium
N06,昌平,112,收入不得以淨額入帳,附註二(八)：所有收入，均應列入各相關收入項目，並以收入總額入帳，不得以收支相抵後淨額入帳。,,"科目名稱含「淨額」：延長照顧服務收入淨額；收入與支出金額完全相同：其他收入 = 其他支出 = 3,186,160——可能為代收代付，需確認是否總額入帳",medium
N06,昌平,113,資遣費準備金 資產=負債,附註二(四)：以專戶或定期存款方式儲存之資遣費準備金，帳列非流動資產項下，基金數額應與非流動負債數額相符。,True,"資產 333,792 vs 負債 333,792，差額 +0",medium
N06,昌平,113,業務發展準備金 資產=負債,附註二(五)：應於同意後一個月內，以專戶或定期存款方式儲存（帳列非流動資產，與非流動負債相符）。,True,"資產 9,482,365 = 負債 9,482,365",high
N06,昌平,113,虧損年度不得提列業務發展準備,附註二(五)：非營利幼兒園未發生虧損之年度…始得提列業務發展準備金。,,"提列 1,783,086 後本期餘絀 -602,513（虧損），但提列前為 +1,180,573（未虧損）——虧損係提列本身造成，是否符合「未發生虧損之年度」需主管機關認定",high
N06,昌平,113,業務發展準備提列上限 20%,附註二(五)：至多提列收入總額之百分之20為業務發展準備金。,True,"提列 1,783,086 = 收入合計 14,632,460 的 12.2%",high
N06,昌平,113,人事費不得流出,附註二(十)1.(3)：人事費不得流出。,,"人事費少支 1,236,082（決算 7,955,962 / 預算 9,192,044），同期支出合計超支 2,640,321。少支本身不等於流出（可能為缺額未補），但需確認是否將人事費挪用於其他科目",high
N06,昌平,113,附註五揭露 = 年末應付受託法人餘額,附註五 關係人交易：揭露予受託法人（關係人）之年末應付款餘額；全語料庫 96% 的報告中，此揭露數即為該年末應付受託法人餘額。,False,"附註五揭露 277,604 vs 年末應付受託法人款 274,883，差額 -2,721；本年度以現金支付約 0（表列行政管理費 277,604 − 揭露數）",medium
N06,昌平,113,收入不得以淨額入帳,附註二(八)：所有收入，均應列入各相關收入項目，並以收入總額入帳，不得以收支相抵後淨額入帳。,,"科目名稱含「淨額」：延長照顧服務收入淨額；收入與支出金額完全相同：其他收入 = 其他支出 = 2,756,369——可能為代收代付，需確認是否總額入帳",medium
N07,北大,110,資遣費準備金 資產=負債,附註二(四)：以專戶或定期存款方式儲存之資遣費準備金，帳列非流動資產項下，基金數額應與非流動負債數額相符。,True,"資產 261,769 vs 負債 261,769，差額 +0",medium
N07,北大,110,業務發展準備金 資產=負債,附註二(五)：應於同意後一個月內，以專戶或定期存款方式儲存（帳列非流動資產，與非流動負債相符）。,True,"資產 2,687,000 = 負債 2,687,000",high
N07,北大,110,虧損年度不得提列業務發展準備,附註二(五)：非營利幼兒園未發生虧損之年度…始得提列業務發展準備金。,True,"提列 99,000，本期餘絀 +1,523,006（未虧損）",high
N07,北大,110,業務發展準備提列上限 20%,附註二(五)：至多提列收入總額（家長繳交之費用；其有政府差額補助費者，應合併計算）之百分之20為業務發展準備金。,True,"提列 99,000 = 收入合計 16,159,911 的 0.6%",high
N07,北大,110,人事費不得流出,附註二(十)1.(3)：人事費不得流出。,,"人事費少支 1,247,123（決算 9,226,416 / 預算 10,473,539），同期支出合計超支 280,512。少支本身不等於流出（可能為缺額未補），但需確認是否將人事費挪用於其他科目",high
N07,北大,110,附註五揭露 = 年末應付受託法人餘額,附註五 關係人交易：揭露予受託法人（關係人）之年末應付款餘額；全語料庫 96% 的報告中，此揭露數即為該年末應付受託法人餘額。,True,"附註五揭露 315,990 vs 年末應付受託法人款 315,990，差額 +0；本年度以現金支付約 0（表列行政管理費 315,990 − 揭露數）",medium
N07,北大,110,收入不得以淨額入帳,附註二(八)：所有收入，均應列入各相關收入項目，並以收入總額入帳，不得以收支相抵後淨額入帳。,,"科目名稱含「淨額」：延後托育收入淨額；收入與支出金額完全相同：其他收入 = 其他支出 = 1,832,078——可能為代收代付，需確認是否總額入帳",medium
N07,北大,111,資遣費準備金 資產=負債,附註二(四)：以專戶或定期存款方式儲存之資遣費準備金，帳列非流動資產項下，基金數額應與非流動負債數額相符。,True,"資產 354,383 vs 負債 354,383，差額 +0",medium
N07,北大,111,業務發展準備金 資產=負債,附註二(五)：應於同意後一個月內，以專戶或定期存款方式儲存（帳列非流動資產，與非流動負債相符）。,True,"資產 4,087,000 = 負債 4,087,000",high
N07,北大,111,虧損年度不得提列業務發展準備,附註二(五)：非營利幼兒園未發生虧損之年度…始得提列業務發展準備金。,True,"提列 1,400,000，本期餘絀 +522,638（未虧損）",high
N07,北大,111,業務發展準備提列上限 20%,附註二(五)：至多提列收入總額（家長繳交之費用；其有政府差額補助費者，應合併計算）之百分之20為業務發展準備金。,True,"提列 1,400,000 = 收入合計 21,855,494 的 6.4%",high
N07,北大,111,人事費不得流出,附註二(十)1.(3)：人事費不得流出。,,"人事費少支 1,946,940（決算 14,516,199 / 預算 16,463,139），同期支出合計超支 408,564。少支本身不等於流出（可能為缺額未補），但需確認是否將人事費挪用於其他科目",high
N07,北大,111,附註五揭露 = 年末應付受託法人餘額,附註五 關係人交易：揭露予受託法人（關係人）之年末應付款餘額；全語料庫 96% 的報告中，此揭露數即為該年末應付受託法人餘額。,True,"附註五揭露 302,844 vs 年末應付受託法人款 302,844，差額 +0；本年度以現金支付約 56,069（表列行政管理費 358,913 − 揭露數）",medium
N07,北大,111,收入不得以淨額入帳,附註二(八)：所有收入，均應列入各相關收入項目，並以收入總額入帳，不得以收支相抵後淨額入帳。,,"科目名稱含「淨額」：延後托育收入淨額；收入與支出金額完全相同：其他收入 = 其他支出 = 1,412,744；延後托育收入淨額 = 延後托育支出 = 291,910——可能為代收代付，需確認是否總額入帳",medium
N07,北大,112,資遣費準備金 資產=負債,附註二(四)：以專戶或定期存款方式儲存之資遣費準備金，帳列非流動資產項下，基金數額應與非流動負債數額相符。,True,"資產 449,139 vs 負債 449,139，差額 +0",medium
N07,北大,112,業務發展準備金 資產=負債,附註二(五)：應於同意後一個月內，以專戶或定期存款方式儲存（帳列非流動資產，與非流動負債相符）。,True,"資產 5,859,000 = 負債 5,859,000",high
N07,北大,112,虧損年度不得提列業務發展準備,附註二(五)：非營利幼兒園未發生虧損之年度…始得提列業務發展準備金。,,"提列 1,772,000 後本期餘絀 -51,846（虧損），但提列前為 +1,720,154（未虧損）——虧損係提列本身造成，是否符合「未發生虧損之年度」需主管機關認定",high
N07,北大,112,業務發展準備提列上限 20%,附註二(五)：至多提列收入總額之百分之20為業務發展準備金。,True,"提列 1,772,000 = 收入合計 23,797,554 的 7.4%",high
N07,北大,112,人事費不得流出,附註二(十)1.(3)：人事費不得流出。,,"人事費少支 1,822,676（決算 14,991,246 / 預算 16,813,922），同期支出合計超支 2,574,325。少支本身不等於流出（可能為缺額未補），但需確認是否將人事費挪用於其他科目",high
N07,北大,112,附註五揭露 = 年末應付受託法人餘額,附註五 關係人交易：揭露予受託法人（關係人）之年末應付款餘額；全語料庫 96% 的報告中，此揭露數即為該年末應付受託法人餘額。,True,"附註五揭露 302,767 vs 年末應付受託法人款 302,767，差額 +0；本年度以現金支付約 56,146（表列行政管理費 358,913 − 揭露數）",medium
N07,北大,112,收入不得以淨額入帳,附註二(八)：所有收入，均應列入各相關收入項目，並以收入總額入帳，不得以收支相抵後淨額入帳。,,"科目名稱含「淨額」：延長照顧服務收入淨額；收入與支出金額完全相同：其他收入 = 其他支出 = 2,813,277——可能為代收代付，需確認是否總額入帳",medium
N07,北大,113,資遣費準備金 資產=負債,附註二(四)：以專戶或定期存款方式儲存之資遣費準備金，帳列非流動資產項下，基金數額應與非流動負債數額相符。,,兩側皆未列示,medium
N07,北大,113,業務發展準備金 資產=負債,附註二(五)：應於同意後一個月內，以專戶或定期存款方式儲存（帳列非流動資產，與非流動負債相符）。,,兩側皆未列示,medium
N07,北大,113,虧損年度不得提列業務發展準備,附註二(五)：非營利幼兒園未發生虧損之年度…始得提列業務發展準備金。,True,"提列 1,170,239，本期餘絀 +2,625,967（未虧損）",high
N07,北大,113,業務發展準備提列上限 20%,附註二(五)：至多提列收入總額之百分之20為業務發展準備金。,True,"提列 1,170,239 = 收入合計 29,145,666 的 4.0%",high
N07,北大,113,人事費不得流出,附註二(十)1.(3)：人事費不得流出。,True,"人事費決算 17,915,419 ≥ 預算 17,082,193",high
N07,北大,113,附註五揭露 = 年末應付受託法人餘額,附註五 關係人交易：揭露予受託法人（關係人）之年末應付款餘額；全語料庫 96% 的報告中，此揭露數即為該年末應付受託法人餘額。,True,"附註五揭露 355,553 vs 年末應付受託法人款 355,553，差額 +0；本年度以現金支付約 0（表列行政管理費 355,553 − 揭露數）",medium
N07,北大,113,收入不得以淨額入帳,附註二(八)：所有收入，均應列入各相關收入項目，並以收入總額入帳，不得以收支相抵後淨額入帳。,,"科目名稱含「淨額」：延長照顧服務收入淨額；收入與支出金額完全相同：其他收入 = 其他支出 = 2,652,139；延長照顧服務收入淨額 = 延長照顧服務支出 = 337,990——可能為代收代付，需確認是否總額入帳",medium
N08,鷺江,110,資遣費準備金 資產=負債,附註二(四)：以專戶或定期存款方式儲存之資遣費準備金，帳列非流動資產項下，基金數額應與非流動負債數額相符。,True,"資產 191,999 vs 負債 191,999，差額 +0",medium
N08,鷺江,110,業務發展準備金 資產=負債,附註二(五)：應於同意後一個月內，以專戶或定期存款方式儲存（帳列非流動資產，與非流動負債相符）。,True,"資產 4,977,012 = 負債 4,977,012",high
N08,鷺江,110,虧損年度不得提列業務發展準備,附註二(五)：非營利幼兒園未發生虧損之年度…始得提列業務發展準備金。,True,"提列 836,278，本期餘絀 +1,556,346（未虧損）",high
N08,鷺江,110,業務發展準備提列上限 20%,附註二(五)：至多提列收入總額（家長繳交之費用；其有政府差額補助費者，應合併計算）之百分之20為業務發展準備金。,True,"提列 836,278 = 收入合計 13,749,148 的 6.1%",high
N08,鷺江,110,人事費不得流出,附註二(十)1.(3)：人事費不得流出。,,"人事費少支 1,525,300（決算 6,903,487 / 預算 8,428,787），同期支出合計超支 763,022。少支本身不等於流出（可能為缺額未補），但需確認是否將人事費挪用於其他科目",high
N08,鷺江,110,附註五揭露 = 年末應付受託法人餘額,附註五 關係人交易：揭露予受託法人（關係人）之年末應付款餘額；全語料庫 96% 的報告中，此揭露數即為該年末應付受託法人餘額。,True,"附註五揭露 240,542 vs 年末應付受託法人款 240,542，差額 +0；本年度以現金支付約 1,140（表列行政管理費 241,682 − 揭露數）",medium
N08,鷺江,110,收入不得以淨額入帳,附註二(八)：所有收入，均應列入各相關收入項目，並以收入總額入帳，不得以收支相抵後淨額入帳。,,"科目名稱含「淨額」：延後托育收入淨額；收入與支出金額完全相同：其他收入 = 其他支出 = 2,217,058——可能為代收代付，需確認是否總額入帳",medium
N08,鷺江,111,資遣費準備金 資產=負債,附註二(四)：以專戶或定期存款方式儲存之資遣費準備金，帳列非流動資產項下，基金數額應與非流動負債數額相符。,False,"資產 216,452 vs 負債 240,905，差額 +24,453　⚠️ 但 112 學年度已補足（見 reserve_timeseries.csv），非持續性缺口",medium
N08,鷺江,111,業務發展準備金 資產=負債,附註二(五)：應於同意後一個月內，以專戶或定期存款方式儲存（帳列非流動資產，與非流動負債相符）。,True,"資產 6,550,652 = 負債 6,550,652",high
N08,鷺江,111,虧損年度不得提列業務發展準備,附註二(五)：非營利幼兒園未發生虧損之年度…始得提列業務發展準備金。,True,"提列 1,573,640，本期餘絀 +456,219（未虧損）",high
N08,鷺江,111,業務發展準備提列上限 20%,附註二(五)：至多提列收入總額（家長繳交之費用；其有政府差額補助費者，應合併計算）之百分之20為業務發展準備金。,True,"提列 1,573,640 = 收入合計 14,209,848 的 11.1%",high
N08,鷺江,111,人事費不得流出,附註二(十)1.(3)：人事費不得流出。,,"人事費少支 1,262,927（決算 7,382,340 / 預算 8,645,267），同期支出合計超支 2,109,296。少支本身不等於流出（可能為缺額未補），但需確認是否將人事費挪用於其他科目",high
N08,鷺江,111,附註五揭露 = 年末應付受託法人餘額,附註五 關係人交易：揭露予受託法人（關係人）之年末應付款餘額；全語料庫 96% 的報告中，此揭露數即為該年末應付受託法人餘額。,True,"附註五揭露 241,682 vs 年末應付受託法人款 241,682，差額 +0；本年度以現金支付約 0（表列行政管理費 241,682 − 揭露數）",medium
N08,鷺江,111,收入不得以淨額入帳,附註二(八)：所有收入，均應列入各相關收入項目，並以收入總額入帳，不得以收支相抵後淨額入帳。,True,未見淨額科目或收支等額配對,medium
N08,鷺江,112,資遣費準備金 資產=負債,附註二(四)：以專戶或定期存款方式儲存之資遣費準備金，帳列非流動資產項下，基金數額應與非流動負債數額相符。,True,"資產 290,996 vs 負債 290,996，差額 +0",medium
N08,鷺江,112,業務發展準備金 資產=負債,附註二(五)：應於同意後一個月內，以專戶或定期存款方式儲存（帳列非流動資產，與非流動負債相符）。,True,"資產 9,280,497 = 負債 9,280,497",high
N08,鷺江,112,虧損年度不得提列業務發展準備,附註二(五)：非營利幼兒園未發生虧損之年度…始得提列業務發展準備金。,,"提列 2,729,845 後本期餘絀 -81,275（虧損），但提列前為 +2,648,570（未虧損）——虧損係提列本身造成，是否符合「未發生虧損之年度」需主管機關認定",high
N08,鷺江,112,業務發展準備提列上限 20%,附註二(五)：至多提列收入總額之百分之20為業務發展準備金。,True,"提列 2,729,845 = 收入合計 16,561,545 的 16.5%",high
N08,鷺江,112,人事費不得流出,附註二(十)1.(3)：人事費不得流出。,,"人事費少支 2,287,901（決算 6,549,857 / 預算 8,837,758），同期支出合計超支 4,805,996。少支本身不等於流出（可能為缺額未補），但需確認是否將人事費挪用於其他科目",high
N08,鷺江,112,附註五揭露 = 年末應付受託法人餘額,附註五 關係人交易：揭露予受託法人（關係人）之年末應付款餘額；全語料庫 96% 的報告中，此揭露數即為該年末應付受託法人餘額。,True,"附註五揭露 240,552 vs 年末應付受託法人款 240,552，差額 +0；本年度以現金支付約 1,130（表列行政管理費 241,682 − 揭露數）",medium
N08,鷺江,112,收入不得以淨額入帳,附註二(八)：所有收入，均應列入各相關收入項目，並以收入總額入帳，不得以收支相抵後淨額入帳。,,"科目名稱含「淨額」：延長照顧服務收入淨額；收入與支出金額完全相同：其他收入 = 其他支出 = 5,003,631——可能為代收代付，需確認是否總額入帳",medium
N08,鷺江,113,資遣費準備金 資產=負債,附註二(四)：以專戶或定期存款方式儲存之資遣費準備金，帳列非流動資產項下，基金數額應與非流動負債數額相符。,True,"資產 342,271 vs 負債 342,271，差額 +0",medium
N08,鷺江,113,業務發展準備金 資產=負債,附註二(五)：應於同意後一個月內，以專戶或定期存款方式儲存（帳列非流動資產，與非流動負債相符）。,True,"資產 11,525,647 = 負債 11,525,647",high
N08,鷺江,113,虧損年度不得提列業務發展準備,附註二(五)：非營利幼兒園未發生虧損之年度…始得提列業務發展準備金。,,"提列 2,245,150 後本期餘絀 -765,660（虧損），但提列前為 +1,479,490（未虧損）——虧損係提列本身造成，是否符合「未發生虧損之年度」需主管機關認定",high
N08,鷺江,113,業務發展準備提列上限 20%,附註二(五)：至多提列收入總額之百分之20為業務發展準備金。,True,"提列 2,245,150 = 收入合計 15,523,274 的 14.5%",high
N08,鷺江,113,人事費不得流出,附註二(十)1.(3)：人事費不得流出。,,"人事費少支 1,243,690（決算 7,810,400 / 預算 9,054,090），同期支出合計超支 4,079,640。少支本身不等於流出（可能為缺額未補），但需確認是否將人事費挪用於其他科目",high
N08,鷺江,113,附註五揭露 = 年末應付受託法人餘額,附註五 關係人交易：揭露予受託法人（關係人）之年末應付款餘額；全語料庫 96% 的報告中，此揭露數即為該年末應付受託法人餘額。,True,"附註五揭露 256,640 vs 年末應付受託法人款 256,640，差額 +0；本年度以現金支付約 0（表列行政管理費 256,640 − 揭露數）",medium
N08,鷺江,113,收入不得以淨額入帳,附註二(八)：所有收入，均應列入各相關收入項目，並以收入總額入帳，不得以收支相抵後淨額入帳。,,"科目名稱含「淨額」：延長照顧服務收入淨額；收入與支出金額完全相同：其他收入 = 其他支出 = 3,739,546——可能為代收代付，需確認是否總額入帳",medium
N09,安興,110,資遣費準備金 資產=負債,附註二(四)：以專戶或定期存款方式儲存之資遣費準備金，帳列非流動資產項下，基金數額應與非流動負債數額相符。,True,"資產 106,022 vs 負債 106,022，差額 +0",medium
N09,安興,110,業務發展準備金 資產=負債,附註二(五)：應於同意後一個月內，以專戶或定期存款方式儲存（帳列非流動資產，與非流動負債相符）。,True,"資產 2,000,000 = 負債 2,000,000",high
N09,安興,110,虧損年度不得提列業務發展準備,附註二(五)：非營利幼兒園未發生虧損之年度…始得提列業務發展準備金。,True,"提列 820,000，本期餘絀 +608,783（未虧損）",high
N09,安興,110,業務發展準備提列上限 20%,附註二(五)：至多提列收入總額（家長繳交之費用；其有政府差額補助費者，應合併計算）之百分之20為業務發展準備金。,True,"提列 820,000 = 收入合計 8,902,973 的 9.2%",high
N09,安興,110,人事費不得流出,附註二(十)1.(3)：人事費不得流出。,,"人事費少支 864,408（決算 4,234,041 / 預算 5,098,449），同期支出合計超支 1,210,855。少支本身不等於流出（可能為缺額未補），但需確認是否將人事費挪用於其他科目",high
N09,安興,110,附註五揭露 = 年末應付受託法人餘額,附註五 關係人交易：揭露予受託法人（關係人）之年末應付款餘額；全語料庫 96% 的報告中，此揭露數即為該年末應付受託法人餘額。,True,"附註五揭露 147,220 vs 年末應付受託法人款 147,220，差額 +0；本年度以現金支付約 0（表列行政管理費 147,220 − 揭露數）",medium
N09,安興,110,收入不得以淨額入帳,附註二(八)：所有收入，均應列入各相關收入項目，並以收入總額入帳，不得以收支相抵後淨額入帳。,,"科目名稱含「淨額」：延後托育收入淨額；收入與支出金額完全相同：其他收入 = 其他支出 = 1,392,098——可能為代收代付，需確認是否總額入帳",medium
N09,安興,111,資遣費準備金 資產=負債,附註二(四)：以專戶或定期存款方式儲存之資遣費準備金，帳列非流動資產項下，基金數額應與非流動負債數額相符。,True,"資產 135,733 vs 負債 135,733，差額 +0",medium
N09,安興,111,業務發展準備金 資產=負債,附註二(五)：應於同意後一個月內，以專戶或定期存款方式儲存（帳列非流動資產，與非流動負債相符）。,True,"資產 3,375,000 = 負債 3,375,000",high
N09,安興,111,虧損年度不得提列業務發展準備,附註二(五)：非營利幼兒園未發生虧損之年度…始得提列業務發展準備金。,True,"提列 1,375,000，本期餘絀 +241,652（未虧損）",high
N09,安興,111,業務發展準備提列上限 20%,附註二(五)：至多提列收入總額（家長繳交之費用；其有政府差額補助費者，應合併計算）之百分之20為業務發展準備金。,True,"提列 1,375,000 = 收入合計 9,125,442 的 15.1%",high
N09,安興,111,人事費不得流出,附註二(十)1.(3)：人事費不得流出。,,"人事費少支 1,116,480（決算 4,104,465 / 預算 5,220,945），同期支出合計超支 1,712,345。少支本身不等於流出（可能為缺額未補），但需確認是否將人事費挪用於其他科目",high
N09,安興,111,附註五揭露 = 年末應付受託法人餘額,附註五 關係人交易：揭露予受託法人（關係人）之年末應付款餘額；全語料庫 96% 的報告中，此揭露數即為該年末應付受託法人餘額。,True,"附註五揭露 147,220 vs 年末應付受託法人款 147,220，差額 +0；本年度以現金支付約 0（表列行政管理費 147,220 − 揭露數）",medium
N09,安興,111,收入不得以淨額入帳,附註二(八)：所有收入，均應列入各相關收入項目，並以收入總額入帳，不得以收支相抵後淨額入帳。,,"科目名稱含「淨額」：延後托育收入淨額；收入與支出金額完全相同：其他收入 = 其他支出 = 1,475,690——可能為代收代付，需確認是否總額入帳",medium
N09,安興,112,資遣費準備金 資產=負債,附註二(四)：以專戶或定期存款方式儲存之資遣費準備金，帳列非流動資產項下，基金數額應與非流動負債數額相符。,True,"資產 150,459 vs 負債 150,459，差額 +0",medium
N09,安興,112,業務發展準備金 資產=負債,附註二(五)：應於同意後一個月內，以專戶或定期存款方式儲存（帳列非流動資產，與非流動負債相符）。,True,"資產 5,305,000 = 負債 5,305,000",high
N09,安興,112,虧損年度不得提列業務發展準備,附註二(五)：非營利幼兒園未發生虧損之年度…始得提列業務發展準備金。,True,"提列 1,930,000，本期餘絀 +76,573（未虧損）",high
N09,安興,112,業務發展準備提列上限 20%,附註二(五)：至多提列收入總額之百分之20為業務發展準備金。,True,"提列 1,930,000 = 收入合計 9,878,078 的 19.5%",high
N09,安興,112,人事費不得流出,附註二(十)1.(3)：人事費不得流出。,,"人事費少支 1,906,768（決算 3,361,395 / 預算 5,268,163），同期支出合計超支 2,582,842。少支本身不等於流出（可能為缺額未補），但需確認是否將人事費挪用於其他科目",high
N09,安興,112,附註五揭露 = 年末應付受託法人餘額,附註五 關係人交易：揭露予受託法人（關係人）之年末應付款餘額；全語料庫 96% 的報告中，此揭露數即為該年末應付受託法人餘額。,True,"附註五揭露 147,220 vs 年末應付受託法人款 147,220，差額 +0；本年度以現金支付約 0（表列行政管理費 147,220 − 揭露數）",medium
N09,安興,112,收入不得以淨額入帳,附註二(八)：所有收入，均應列入各相關收入項目，並以收入總額入帳，不得以收支相抵後淨額入帳。,,"科目名稱含「淨額」：延長照顧服務收入淨額；收入與支出金額完全相同：其他收入 = 其他支出 = 2,611,976——可能為代收代付，需確認是否總額入帳",medium
N09,安興,113,資遣費準備金 資產=負債,附註二(四)：以專戶或定期存款方式儲存之資遣費準備金，帳列非流動資產項下，基金數額應與非流動負債數額相符。,,兩側皆未列示,medium
N09,安興,113,業務發展準備金 資產=負債,附註二(五)：應於同意後一個月內，以專戶或定期存款方式儲存（帳列非流動資產，與非流動負債相符）。,,兩側皆未列示,medium
N09,安興,113,虧損年度不得提列業務發展準備,附註二(五)：非營利幼兒園未發生虧損之年度…始得提列業務發展準備金。,True,"提列 1,419,000，本期餘絀 +3,913,614（未虧損）",high
N09,安興,113,業務發展準備提列上限 20%,附註二(五)：至多提列收入總額之百分之20為業務發展準備金。,True,"提列 1,419,000 = 收入合計 15,297,334 的 9.3%",high
N09,安興,113,人事費不得流出,附註二(十)1.(3)：人事費不得流出。,,"人事費少支 537,634（決算 4,817,555 / 預算 5,355,189），同期支出合計超支 2,776,885。少支本身不等於流出（可能為缺額未補），但需確認是否將人事費挪用於其他科目",high
N09,安興,113,附註五揭露 = 年末應付受託法人餘額,附註五 關係人交易：揭露予受託法人（關係人）之年末應付款餘額；全語料庫 96% 的報告中，此揭露數即為該年末應付受託法人餘額。,True,"附註五揭露 150,144 vs 年末應付受託法人款 150,144，差額 +0；本年度以現金支付約 0（表列行政管理費 150,144 − 揭露數）",medium
N09,安興,113,收入不得以淨額入帳,附註二(八)：所有收入，均應列入各相關收入項目，並以收入總額入帳，不得以收支相抵後淨額入帳。,,"科目名稱含「淨額」：延長照顧服務收入淨額；收入與支出金額完全相同：其他收入 = 其他支出 = 1,983,942；延長照顧服務收入淨額 = 延長照顧服務支出 = 214,470——可能為代收代付，需確認是否總額入帳",medium
N10,大觀,110,資遣費準備金 資產=負債,附註二(四)：以專戶或定期存款方式儲存之資遣費準備金，帳列非流動資產項下，基金數額應與非流動負債數額相符。,True,"資產 188,031 vs 負債 188,031，差額 +0",medium
N10,大觀,110,業務發展準備金 資產=負債,附註二(五)：應於同意後一個月內，以專戶或定期存款方式儲存（帳列非流動資產，與非流動負債相符）。,True,"資產 3,116,000 = 負債 3,116,000",high
N10,大觀,110,虧損年度不得提列業務發展準備,附註二(五)：非營利幼兒園未發生虧損之年度…始得提列業務發展準備金。,True,"提列 116,000，本期餘絀 +167,343（未虧損）",high
N10,大觀,110,業務發展準備提列上限 20%,附註二(五)：至多提列收入總額（家長繳交之費用；其有政府差額補助費者，應合併計算）之百分之20為業務發展準備金。,True,"提列 116,000 = 收入合計 13,298,222 的 0.9%",high
N10,大觀,110,人事費不得流出,附註二(十)1.(3)：人事費不得流出。,,"人事費少支 186,698（決算 8,041,532 / 預算 8,228,230），同期支出合計超支 2,007,330。少支本身不等於流出（可能為缺額未補），但需確認是否將人事費挪用於其他科目",high
N10,大觀,110,附註五揭露 = 年末應付受託法人餘額,附註五 關係人交易：揭露予受託法人（關係人）之年末應付款餘額；全語料庫 96% 的報告中，此揭露數即為該年末應付受託法人餘額。,True,"附註五揭露 76,428 vs 年末應付受託法人款 76,428，差額 +0；本年度以現金支付約 8,308（表列行政管理費 84,736 − 揭露數）",medium
N10,大觀,110,收入不得以淨額入帳,附註二(八)：所有收入，均應列入各相關收入項目，並以收入總額入帳，不得以收支相抵後淨額入帳。,,"科目名稱含「淨額」：延後托育收入淨額；收入與支出金額完全相同：其他收入 = 其他支出 = 2,285,746——可能為代收代付，需確認是否總額入帳",medium
N10,大觀,111,資遣費準備金 資產=負債,附註二(四)：以專戶或定期存款方式儲存之資遣費準備金，帳列非流動資產項下，基金數額應與非流動負債數額相符。,True,"資產 242,493 vs 負債 242,493，差額 +0",medium
N10,大觀,111,業務發展準備金 資產=負債,附註二(五)：應於同意後一個月內，以專戶或定期存款方式儲存（帳列非流動資產，與非流動負債相符）。,True,"資產 3,686,000 = 負債 3,686,000",high
N10,大觀,111,虧損年度不得提列業務發展準備,附註二(五)：非營利幼兒園未發生虧損之年度…始得提列業務發展準備金。,True,"提列 570,000，本期餘絀 +193,966（未虧損）",high
N10,大觀,111,業務發展準備提列上限 20%,附註二(五)：至多提列收入總額（家長繳交之費用；其有政府差額補助費者，應合併計算）之百分之20為業務發展準備金。,True,"提列 570,000 = 收入合計 15,112,403 的 3.8%",high
N10,大觀,111,人事費不得流出,附註二(十)1.(3)：人事費不得流出。,,"人事費少支 683,201（決算 8,970,981 / 預算 9,654,182），同期支出合計超支 2,288,389。少支本身不等於流出（可能為缺額未補），但需確認是否將人事費挪用於其他科目",high
N10,大觀,111,附註五揭露 = 年末應付受託法人餘額,附註五 關係人交易：揭露予受託法人（關係人）之年末應付款餘額；全語料庫 96% 的報告中，此揭露數即為該年末應付受託法人餘額。,True,"附註五揭露 238,903 vs 年末應付受託法人款 238,903，差額 +0；本年度以現金支付約 779（表列行政管理費 239,682 − 揭露數）",medium
N10,大觀,111,收入不得以淨額入帳,附註二(八)：所有收入，均應列入各相關收入項目，並以收入總額入帳，不得以收支相抵後淨額入帳。,,"科目名稱含「淨額」：延後托育收入淨額；收入與支出金額完全相同：其他收入 = 其他支出 = 2,400,857——可能為代收代付，需確認是否總額入帳",medium
N10,大觀,112,資遣費準備金 資產=負債,附註二(四)：以專戶或定期存款方式儲存之資遣費準備金，帳列非流動資產項下，基金數額應與非流動負債數額相符。,False,"資產 242,493 vs 負債 298,187，差額 +55,694　⚠️ 但 113 學年度已補足（見 reserve_timeseries.csv），非持續性缺口",medium
N10,大觀,112,業務發展準備金 資產=負債,附註二(五)：應於同意後一個月內，以專戶或定期存款方式儲存（帳列非流動資產，與非流動負債相符）。,False,"資產 3,686,000 vs 負債 3,862,650，未提撥足額 +176,650。依附註二(一)，未提撥足額衍生之所得稅應由非營利法人自行繳納，不得以園營運成本支應（本期未列所得稅費用）——請確認負擔主體　⚠️ 但 113 學年度已補足（見 reserve_timeseries.csv），非持續性缺口",high
N10,大觀,112,虧損年度不得提列業務發展準備,附註二(五)：非營利幼兒園未發生虧損之年度…始得提列業務發展準備金。,True,"提列 176,650，本期餘絀 +760,656（未虧損）",high
N10,大觀,112,業務發展準備提列上限 20%,附註二(五)：至多提列收入總額之百分之20為業務發展準備金。,True,"提列 176,650 = 收入合計 16,776,062 的 1.1%",high
N10,大觀,112,人事費不得流出,附註二(十)1.(3)：人事費不得流出。,,"人事費少支 955,808（決算 8,924,216 / 預算 9,880,024），同期支出合計超支 3,159,516。少支本身不等於流出（可能為缺額未補），但需確認是否將人事費挪用於其他科目",high
N10,大觀,112,附註五揭露 = 年末應付受託法人餘額,附註五 關係人交易：揭露予受託法人（關係人）之年末應付款餘額；全語料庫 96% 的報告中，此揭露數即為該年末應付受託法人餘額。,True,"附註五揭露 219,862 vs 年末應付受託法人款 219,862，差額 +0；本年度以現金支付約 19,820（表列行政管理費 239,682 − 揭露數）",medium
N10,大觀,112,收入不得以淨額入帳,附註二(八)：所有收入，均應列入各相關收入項目，並以收入總額入帳，不得以收支相抵後淨額入帳。,,"科目名稱含「淨額」：延長照顧服務收入淨額；收入與支出金額完全相同：其他收入 = 其他支出 = 3,996,023；延長照顧服務收入淨額 = 延長照顧服務支出 = 334,160——可能為代收代付，需確認是否總額入帳",medium
N10,大觀,113,資遣費準備金 資產=負債,附註二(四)：以專戶或定期存款方式儲存之資遣費準備金，帳列非流動資產項下，基金數額應與非流動負債數額相符。,True,"資產 335,006 vs 負債 335,006，差額 +0",medium
N10,大觀,113,業務發展準備金 資產=負債,附註二(五)：應於同意後一個月內，以專戶或定期存款方式儲存（帳列非流動資產，與非流動負債相符）。,True,"資產 5,572,550 = 負債 5,572,550",high
N10,大觀,113,虧損年度不得提列業務發展準備,附註二(五)：非營利幼兒園未發生虧損之年度…始得提列業務發展準備金。,,"提列 1,709,900 後本期餘絀 -523,367（虧損），但提列前為 +1,186,533（未虧損）——虧損係提列本身造成，是否符合「未發生虧損之年度」需主管機關認定",high
N10,大觀,113,業務發展準備提列上限 20%,附註二(五)：至多提列收入總額之百分之20為業務發展準備金。,True,"提列 1,709,900 = 收入合計 17,552,976 的 9.7%",high
N10,大觀,113,人事費不得流出,附註二(十)1.(3)：人事費不得流出。,,"人事費少支 767,545（決算 9,314,356 / 預算 10,081,901），同期支出合計超支 4,862,438。少支本身不等於流出（可能為缺額未補），但需確認是否將人事費挪用於其他科目",high
N10,大觀,113,附註五揭露 = 年末應付受託法人餘額,附註五 關係人交易：揭露予受託法人（關係人）之年末應付款餘額；全語料庫 96% 的報告中，此揭露數即為該年末應付受託法人餘額。,True,"附註五揭露 254,640 vs 年末應付受託法人款 254,640，差額 +0；本年度以現金支付約 0（表列行政管理費 254,640 − 揭露數）",medium
N10,大觀,113,收入不得以淨額入帳,附註二(八)：所有收入，均應列入各相關收入項目，並以收入總額入帳，不得以收支相抵後淨額入帳。,,"科目名稱含「淨額」：延長照顧服務收入淨額；收入與支出金額完全相同：其他收入 = 其他支出 = 4,052,931；延長照顧服務收入淨額 = 延長照顧服務支出 = 180,695——可能為代收代付，需確認是否總額入帳",medium
N11,新林,110,資遣費準備金 資產=負債,附註二(四)：以專戶或定期存款方式儲存之資遣費準備金，帳列非流動資產項下，基金數額應與非流動負債數額相符。,True,"資產 200,419 vs 負債 200,419，差額 +0",medium
N11,新林,110,業務發展準備金 資產=負債,附註二(五)：應於同意後一個月內，以專戶或定期存款方式儲存（帳列非流動資產，與非流動負債相符）。,True,"資產 3,653,772 = 負債 3,653,772",high
N11,新林,110,虧損年度不得提列業務發展準備,附註二(五)：非營利幼兒園未發生虧損之年度…始得提列業務發展準備金。,,缺業務發展費或本期餘絀,high
N11,新林,110,業務發展準備提列上限 20%,附註二(五)：至多提列收入總額（家長繳交之費用；其有政府差額補助費者，應合併計算）之百分之20為業務發展準備金。,,缺業務發展費或收入合計,high
N11,新林,110,人事費不得流出,附註二(十)1.(3)：人事費不得流出。,,"人事費少支 737,469（決算 9,506,267 / 預算 10,243,736），同期支出合計超支 2,020,485。少支本身不等於流出（可能為缺額未補），但需確認是否將人事費挪用於其他科目",high
N11,新林,110,附註五揭露 = 年末應付受託法人餘額,附註五 關係人交易：揭露予受託法人（關係人）之年末應付款餘額；全語料庫 96% 的報告中，此揭露數即為該年末應付受託法人餘額。,True,"附註五揭露 82,023 vs 年末應付受託法人款 82,023，差額 +0；本年度以現金支付約 0（表列行政管理費 82,023 − 揭露數）",medium
N11,新林,110,收入不得以淨額入帳,附註二(八)：所有收入，均應列入各相關收入項目，並以收入總額入帳，不得以收支相抵後淨額入帳。,,"科目名稱含「淨額」：延後托育收入淨額；收入與支出金額完全相同：其他收入 = 其他支出 = 2,502,378——可能為代收代付，需確認是否總額入帳",medium
N11,新林,111,資遣費準備金 資產=負債,附註二(四)：以專戶或定期存款方式儲存之資遣費準備金，帳列非流動資產項下，基金數額應與非流動負債數額相符。,True,"資產 265,732 vs 負債 265,732，差額 +0",medium
N11,新林,111,業務發展準備金 資產=負債,附註二(五)：應於同意後一個月內，以專戶或定期存款方式儲存（帳列非流動資產，與非流動負債相符）。,True,"資產 4,383,772 = 負債 4,383,772",high
N11,新林,111,虧損年度不得提列業務發展準備,附註二(五)：非營利幼兒園未發生虧損之年度…始得提列業務發展準備金。,True,"提列 730,000，本期餘絀 +58,993（未虧損）",high
N11,新林,111,業務發展準備提列上限 20%,附註二(五)：至多提列收入總額（家長繳交之費用；其有政府差額補助費者，應合併計算）之百分之20為業務發展準備金。,True,"提列 730,000 = 收入合計 16,389,924 的 4.5%",high
N11,新林,111,人事費不得流出,附註二(十)1.(3)：人事費不得流出。,,"人事費少支 511,398（決算 11,076,596 / 預算 11,587,994），同期支出合計超支 1,134,961。少支本身不等於流出（可能為缺額未補），但需確認是否將人事費挪用於其他科目",high
N11,新林,111,附註五揭露 = 年末應付受託法人餘額,附註五 關係人交易：揭露予受託法人（關係人）之年末應付款餘額；全語料庫 96% 的報告中，此揭露數即為該年末應付受託法人餘額。,True,"附註五揭露 292,892 vs 年末應付受託法人款 292,892，差額 +0；本年度以現金支付約 0（表列行政管理費 292,892 − 揭露數）",medium
N11,新林,111,收入不得以淨額入帳,附註二(八)：所有收入，均應列入各相關收入項目，並以收入總額入帳，不得以收支相抵後淨額入帳。,,"科目名稱含「淨額」：延後托育收入淨額；收入與支出金額完全相同：其他收入 = 其他支出 = 1,211,798；延後托育收入淨額 = 延後托育支出 = 193,980——可能為代收代付，需確認是否總額入帳",medium
N11,新林,112,資遣費準備金 資產=負債,附註二(四)：以專戶或定期存款方式儲存之資遣費準備金，帳列非流動資產項下，基金數額應與非流動負債數額相符。,True,"資產 332,544 vs 負債 332,544，差額 +0",medium
N11,新林,112,業務發展準備金 資產=負債,附註二(五)：應於同意後一個月內，以專戶或定期存款方式儲存（帳列非流動資產，與非流動負債相符）。,True,"資產 4,903,772 = 負債 4,903,772",high
N11,新林,112,虧損年度不得提列業務發展準備,附註二(五)：非營利幼兒園未發生虧損之年度…始得提列業務發展準備金。,,"提列 520,000 後本期餘絀 -153,902（虧損），但提列前為 +366,098（未虧損）——虧損係提列本身造成，是否符合「未發生虧損之年度」需主管機關認定",high
N11,新林,112,業務發展準備提列上限 20%,附註二(五)：至多提列收入總額之百分之20為業務發展準備金。,True,"提列 520,000 = 收入合計 16,820,540 的 3.1%",high
N11,新林,112,人事費不得流出,附註二(十)1.(3)：人事費不得流出。,,"人事費少支 509,533（決算 11,352,830 / 預算 11,862,363），同期支出合計超支 1,504,103。少支本身不等於流出（可能為缺額未補），但需確認是否將人事費挪用於其他科目",high
N11,新林,112,附註五揭露 = 年末應付受託法人餘額,附註五 關係人交易：揭露予受託法人（關係人）之年末應付款餘額；全語料庫 96% 的報告中，此揭露數即為該年末應付受託法人餘額。,True,"附註五揭露 292,892 vs 年末應付受託法人款 292,892，差額 +0；本年度以現金支付約 0（表列行政管理費 292,892 − 揭露數）",medium
N11,新林,112,收入不得以淨額入帳,附註二(八)：所有收入，均應列入各相關收入項目，並以收入總額入帳，不得以收支相抵後淨額入帳。,,"科目名稱含「淨額」：延長照顧服務收入淨額；收入與支出金額完全相同：其他收入 = 其他支出 = 1,666,410；延長照顧服務收入淨額 = 延長照顧服務支出 = 124,745——可能為代收代付，需確認是否總額入帳",medium
N11,新林,113,資遣費準備金 資產=負債,附註二(四)：以專戶或定期存款方式儲存之資遣費準備金，帳列非流動資產項下，基金數額應與非流動負債數額相符。,True,"資產 400,856 vs 負債 400,856，差額 +0",medium
N11,新林,113,業務發展準備金 資產=負債,附註二(五)：應於同意後一個月內，以專戶或定期存款方式儲存（帳列非流動資產，與非流動負債相符）。,True,"資產 6,303,772 = 負債 6,303,772",high
N11,新林,113,虧損年度不得提列業務發展準備,附註二(五)：非營利幼兒園未發生虧損之年度…始得提列業務發展準備金。,True,"提列 1,400,000，本期餘絀 +554,845（未虧損）",high
N11,新林,113,業務發展準備提列上限 20%,附註二(五)：至多提列收入總額之百分之20為業務發展準備金。,True,"提列 1,400,000 = 收入合計 18,980,024 的 7.4%",high
N11,新林,113,人事費不得流出,附註二(十)1.(3)：人事費不得流出。,,"人事費少支 441,487（決算 11,667,233 / 預算 12,108,720），同期支出合計超支 2,514,379。少支本身不等於流出（可能為缺額未補），但需確認是否將人事費挪用於其他科目",high
N11,新林,113,附註五揭露 = 年末應付受託法人餘額,附註五 關係人交易：揭露予受託法人（關係人）之年末應付款餘額；全語料庫 96% 的報告中，此揭露數即為該年末應付受託法人餘額。,True,"附註五揭露 299,065 vs 年末應付受託法人款 299,065，差額 +0；本年度以現金支付約 12,491（表列行政管理費 311,556 − 揭露數）",medium
N11,新林,113,收入不得以淨額入帳,附註二(八)：所有收入，均應列入各相關收入項目，並以收入總額入帳，不得以收支相抵後淨額入帳。,,"科目名稱含「淨額」：延長照顧服務收入淨額；收入與支出金額完全相同：其他收入 = 其他支出 = 2,379,074；延長照顧服務收入淨額 = 延長照顧服務支出 = 26,900——可能為代收代付，需確認是否總額入帳",medium
N12,昌福,110,資遣費準備金 資產=負債,附註二(四)：以專戶或定期存款方式儲存之資遣費準備金，帳列非流動資產項下，基金數額應與非流動負債數額相符。,True,"資產 151,020 vs 負債 151,020，差額 +0",medium
N12,昌福,110,業務發展準備金 資產=負債,附註二(五)：應於同意後一個月內，以專戶或定期存款方式儲存（帳列非流動資產，與非流動負債相符）。,True,"資產 4,604,389 = 負債 4,604,389",high
N12,昌福,110,虧損年度不得提列業務發展準備,附註二(五)：非營利幼兒園未發生虧損之年度…始得提列業務發展準備金。,True,"提列 1,200,000，本期餘絀 +769,702（未虧損）",high
N12,昌福,110,業務發展準備提列上限 20%,附註二(五)：至多提列收入總額（家長繳交之費用；其有政府差額補助費者，應合併計算）之百分之20為業務發展準備金。,True,"提列 1,200,000 = 收入合計 9,871,098 的 12.2%",high
N12,昌福,110,人事費不得流出,附註二(十)1.(3)：人事費不得流出。,,"人事費少支 1,373,432（決算 5,558,696 / 預算 6,932,128），同期支出合計節餘 265,064。少支本身不等於流出（可能為缺額未補），但需確認是否將人事費挪用於其他科目",high
N12,昌福,110,附註五揭露 = 年末應付受託法人餘額,附註五 關係人交易：揭露予受託法人（關係人）之年末應付款餘額；全語料庫 96% 的報告中，此揭露數即為該年末應付受託法人餘額。,True,"附註五揭露 71,730 vs 年末應付受託法人款 71,730，差額 +0；本年度以現金支付約 0（表列行政管理費 71,730 − 揭露數）",medium
N12,昌福,110,收入不得以淨額入帳,附註二(八)：所有收入，均應列入各相關收入項目，並以收入總額入帳，不得以收支相抵後淨額入帳。,,"科目名稱含「淨額」：延後托育收入淨額；收入與支出金額完全相同：其他收入 = 其他支出 = 815,489——可能為代收代付，需確認是否總額入帳",medium
N12,昌福,111,資遣費準備金 資產=負債,附註二(四)：以專戶或定期存款方式儲存之資遣費準備金，帳列非流動資產項下，基金數額應與非流動負債數額相符。,True,"資產 198,858 vs 負債 198,858，差額 +0",medium
N12,昌福,111,業務發展準備金 資產=負債,附註二(五)：應於同意後一個月內，以專戶或定期存款方式儲存（帳列非流動資產，與非流動負債相符）。,True,"資產 6,504,389 = 負債 6,504,389",high
N12,昌福,111,虧損年度不得提列業務發展準備,附註二(五)：非營利幼兒園未發生虧損之年度…始得提列業務發展準備金。,True,"提列 1,900,000，本期餘絀 +319,958（未虧損）",high
N12,昌福,111,業務發展準備提列上限 20%,附註二(五)：至多提列收入總額（家長繳交之費用；其有政府差額補助費者，應合併計算）之百分之20為業務發展準備金。,True,"提列 1,900,000 = 收入合計 11,151,427 的 17.0%",high
N12,昌福,111,人事費不得流出,附註二(十)1.(3)：人事費不得流出。,,"人事費少支 1,486,791（決算 7,001,260 / 預算 8,488,051），同期支出合計節餘 177,484。少支本身不等於流出（可能為缺額未補），但需確認是否將人事費挪用於其他科目",high
N12,昌福,111,附註五揭露 = 年末應付受託法人餘額,附註五 關係人交易：揭露予受託法人（關係人）之年末應付款餘額；全語料庫 96% 的報告中，此揭露數即為該年末應付受託法人餘額。,True,"附註五揭露 147,650 vs 年末應付受託法人款 147,650，差額 +0；本年度以現金支付約 55,650（表列行政管理費 203,300 − 揭露數）",medium
N12,昌福,111,收入不得以淨額入帳,附註二(八)：所有收入，均應列入各相關收入項目，並以收入總額入帳，不得以收支相抵後淨額入帳。,True,未見淨額科目或收支等額配對,medium
N12,昌福,112,資遣費準備金 資產=負債,附註二(四)：以專戶或定期存款方式儲存之資遣費準備金，帳列非流動資產項下，基金數額應與非流動負債數額相符。,True,"資產 247,768 vs 負債 247,768，差額 +0",medium
N12,昌福,112,業務發展準備金 資產=負債,附註二(五)：應於同意後一個月內，以專戶或定期存款方式儲存（帳列非流動資產，與非流動負債相符）。,True,"資產 8,753,389 = 負債 8,753,389",high
N12,昌福,112,虧損年度不得提列業務發展準備,附註二(五)：非營利幼兒園未發生虧損之年度…始得提列業務發展準備金。,,"提列 2,249,000 後本期餘絀 -148,472（虧損），但提列前為 +2,100,528（未虧損）——虧損係提列本身造成，是否符合「未發生虧損之年度」需主管機關認定",high
N12,昌福,112,業務發展準備提列上限 20%,附註二(五)：至多提列收入總額之百分之20為業務發展準備金。,True,"提列 2,249,000 = 收入合計 11,408,193 的 19.7%",high
N12,昌福,112,人事費不得流出,附註二(十)1.(3)：人事費不得流出。,,"人事費少支 1,646,297（決算 7,038,621 / 預算 8,684,918），同期支出合計超支 350,845。少支本身不等於流出（可能為缺額未補），但需確認是否將人事費挪用於其他科目",high
N12,昌福,112,附註五揭露 = 年末應付受託法人餘額,附註五 關係人交易：揭露予受託法人（關係人）之年末應付款餘額；全語料庫 96% 的報告中，此揭露數即為該年末應付受託法人餘額。,True,"附註五揭露 154,928 vs 年末應付受託法人款 154,928，差額 +0；本年度以現金支付約 48,372（表列行政管理費 203,300 − 揭露數）",medium
N12,昌福,112,收入不得以淨額入帳,附註二(八)：所有收入，均應列入各相關收入項目，並以收入總額入帳，不得以收支相抵後淨額入帳。,,"科目名稱含「淨額」：延長照顧服務收入淨額；收入與支出金額完全相同：其他收入 = 其他支出 = 491,520——可能為代收代付，需確認是否總額入帳",medium
N12,昌福,113,資遣費準備金 資產=負債,附註二(四)：以專戶或定期存款方式儲存之資遣費準備金，帳列非流動資產項下，基金數額應與非流動負債數額相符。,True,"資產 297,748 vs 負債 297,748，差額 +0",medium
N12,昌福,113,業務發展準備金 資產=負債,附註二(五)：應於同意後一個月內，以專戶或定期存款方式儲存（帳列非流動資產，與非流動負債相符）。,True,"資產 11,000,389 = 負債 11,000,389",high
N12,昌福,113,虧損年度不得提列業務發展準備,附註二(五)：非營利幼兒園未發生虧損之年度…始得提列業務發展準備金。,,"提列 2,247,000 後本期餘絀 -692,433（虧損），但提列前為 +1,554,567（未虧損）——虧損係提列本身造成，是否符合「未發生虧損之年度」需主管機關認定",high
N12,昌福,113,業務發展準備提列上限 20%,附註二(五)：至多提列收入總額之百分之20為業務發展準備金。,,"提列 2,247,000 = 收入合計 10,663,712 的 21.1%（上限 2,132,742，超出 114,258）。**臨界超出**：本份附註未定義「收入總額」之認定基礎；若以預算數或該定義計算可能符合，須先確認基礎再判斷",high
N12,昌福,113,人事費不得流出,附註二(十)1.(3)：人事費不得流出。,,"人事費少支 2,119,231（決算 6,740,619 / 預算 8,859,850），同期支出合計節餘 14,803。少支本身不等於流出（可能為缺額未補），但需確認是否將人事費挪用於其他科目",high
N12,昌福,113,附註五揭露 = 年末應付受託法人餘額,附註五 關係人交易：揭露予受託法人（關係人）之年末應付款餘額；全語料庫 96% 的報告中，此揭露數即為該年末應付受託法人餘額。,False,"附註五揭露 154,714 vs 年末應付受託法人款 151,540，差額 -3,174；本年度以現金支付約 49,222（表列行政管理費 203,936 − 揭露數）",medium
N12,昌福,113,收入不得以淨額入帳,附註二(八)：所有收入，均應列入各相關收入項目，並以收入總額入帳，不得以收支相抵後淨額入帳。,,"科目名稱含「淨額」：延長照顧服務收入淨額；收入與支出金額完全相同：其他收入 = 其他支出 = 760,551——可能為代收代付，需確認是否總額入帳",medium
N13,三多,110,資遣費準備金 資產=負債,附註二(四)：以專戶或定期存款方式儲存之資遣費準備金，帳列非流動資產項下，基金數額應與非流動負債數額相符。,True,"資產 161,672 vs 負債 161,672，差額 +0",medium
N13,三多,110,業務發展準備金 資產=負債,附註二(五)：應於同意後一個月內，以專戶或定期存款方式儲存（帳列非流動資產，與非流動負債相符）。,False,"資產 2,300,000 vs 負債 3,200,000，未提撥足額 +900,000。依附註二(一)，未提撥足額衍生之所得稅應由非營利法人自行繳納，不得以園營運成本支應（本期未列所得稅費用）——請確認負擔主體",high
N13,三多,110,虧損年度不得提列業務發展準備,附註二(五)：非營利幼兒園未發生虧損之年度…始得提列業務發展準備金。,True,"提列 900,000，本期餘絀 +279,363（未虧損）",high
N13,三多,110,業務發展準備提列上限 20%,附註二(五)：至多提列收入總額（家長繳交之費用；其有政府差額補助費者，應合併計算）之百分之20為業務發展準備金。,True,"提列 900,000 = 收入合計 10,568,653 的 8.5%",high
N13,三多,110,人事費不得流出,附註二(十)1.(3)：人事費不得流出。,,"人事費少支 666,380（決算 6,256,592 / 預算 6,922,972），同期支出合計超支 934,901。少支本身不等於流出（可能為缺額未補），但需確認是否將人事費挪用於其他科目",high
N13,三多,110,附註五揭露 = 年末應付受託法人餘額,附註五 關係人交易：揭露予受託法人（關係人）之年末應付款餘額；全語料庫 96% 的報告中，此揭露數即為該年末應付受託法人餘額。,True,"附註五揭露 71,465 vs 年末應付受託法人款 71,465，差額 +0；本年度以現金支付約 0（表列行政管理費 71,465 − 揭露數）",medium
N13,三多,110,收入不得以淨額入帳,附註二(八)：所有收入，均應列入各相關收入項目，並以收入總額入帳，不得以收支相抵後淨額入帳。,,"科目名稱含「淨額」：延後托育收入淨額；收入與支出金額完全相同：其他收入 = 其他支出 = 1,507,691——可能為代收代付，需確認是否總額入帳",medium
N13,三多,111,資遣費準備金 資產=負債,附註二(四)：以專戶或定期存款方式儲存之資遣費準備金，帳列非流動資產項下，基金數額應與非流動負債數額相符。,True,"資產 211,181 vs 負債 211,181，差額 +0",medium
N13,三多,111,業務發展準備金 資產=負債,附註二(五)：應於同意後一個月內，以專戶或定期存款方式儲存（帳列非流動資產，與非流動負債相符）。,False,"資產 3,200,000 vs 負債 4,300,000，未提撥足額 +1,100,000。依附註二(一)，未提撥足額衍生之所得稅應由非營利法人自行繳納，不得以園營運成本支應（本期未列所得稅費用）——請確認負擔主體",high
N13,三多,111,虧損年度不得提列業務發展準備,附註二(五)：非營利幼兒園未發生虧損之年度…始得提列業務發展準備金。,True,"提列 1,100,000，本期餘絀 +212,196（未虧損）",high
N13,三多,111,業務發展準備提列上限 20%,附註二(五)：至多提列收入總額（家長繳交之費用；其有政府差額補助費者，應合併計算）之百分之20為業務發展準備金。,True,"提列 1,100,000 = 收入合計 11,763,890 的 9.4%",high
N13,三多,111,人事費不得流出,附註二(十)1.(3)：人事費不得流出。,,"人事費少支 1,045,500（決算 7,732,482 / 預算 8,777,982），同期支出合計超支 252,810。少支本身不等於流出（可能為缺額未補），但需確認是否將人事費挪用於其他科目",high
N13,三多,111,附註五揭露 = 年末應付受託法人餘額,附註五 關係人交易：揭露予受託法人（關係人）之年末應付款餘額；全語料庫 96% 的報告中，此揭露數即為該年末應付受託法人餘額。,True,"附註五揭露 203,300 vs 年末應付受託法人款 203,300，差額 +0；本年度以現金支付約 0（表列行政管理費 203,300 − 揭露數）",medium
N13,三多,111,收入不得以淨額入帳,附註二(八)：所有收入，均應列入各相關收入項目，並以收入總額入帳，不得以收支相抵後淨額入帳。,,"科目名稱含「淨額」：延後托育收入淨額；收入與支出金額完全相同：其他收入 = 其他支出 = 544,964——可能為代收代付，需確認是否總額入帳",medium
N13,三多,112,資遣費準備金 資產=負債,附註二(四)：以專戶或定期存款方式儲存之資遣費準備金，帳列非流動資產項下，基金數額應與非流動負債數額相符。,True,"資產 261,815 vs 負債 261,815，差額 +0",medium
N13,三多,112,業務發展準備金 資產=負債,附註二(五)：應於同意後一個月內，以專戶或定期存款方式儲存（帳列非流動資產，與非流動負債相符）。,False,"資產 4,300,000 vs 負債 5,500,000，未提撥足額 +1,200,000。依附註二(一)，未提撥足額衍生之所得稅應由非營利法人自行繳納，不得以園營運成本支應（本期未列所得稅費用）——請確認負擔主體",high
N13,三多,112,虧損年度不得提列業務發展準備,附註二(五)：非營利幼兒園未發生虧損之年度…始得提列業務發展準備金。,True,"提列 1,200,000，本期餘絀 +87,208（未虧損）",high
N13,三多,112,業務發展準備提列上限 20%,附註二(五)：至多提列收入總額之百分之20為業務發展準備金。,True,"提列 1,200,000 = 收入合計 12,556,080 的 9.6%",high
N13,三多,112,人事費不得流出,附註二(十)1.(3)：人事費不得流出。,,"人事費少支 1,149,441（決算 7,834,805 / 預算 8,984,246），同期支出合計超支 963,724。少支本身不等於流出（可能為缺額未補），但需確認是否將人事費挪用於其他科目",high
N13,三多,112,附註五揭露 = 年末應付受託法人餘額,附註五 關係人交易：揭露予受託法人（關係人）之年末應付款餘額；全語料庫 96% 的報告中，此揭露數即為該年末應付受託法人餘額。,True,"附註五揭露 149,975 vs 年末應付受託法人款 149,975，差額 +0；本年度以現金支付約 53,325（表列行政管理費 203,300 − 揭露數）",medium
N13,三多,112,收入不得以淨額入帳,附註二(八)：所有收入，均應列入各相關收入項目，並以收入總額入帳，不得以收支相抵後淨額入帳。,,"科目名稱含「淨額」：延長照顧服務收入淨額；收入與支出金額完全相同：其他收入 = 其他支出 = 1,229,356——可能為代收代付，需確認是否總額入帳",medium
N13,三多,113,資遣費準備金 資產=負債,附註二(四)：以專戶或定期存款方式儲存之資遣費準備金，帳列非流動資產項下，基金數額應與非流動負債數額相符。,True,"資產 313,573 vs 負債 313,573，差額 +0",medium
N13,三多,113,業務發展準備金 資產=負債,附註二(五)：應於同意後一個月內，以專戶或定期存款方式儲存（帳列非流動資產，與非流動負債相符）。,False,"資產 5,500,000 vs 負債 7,500,000，未提撥足額 +2,000,000。依附註二(一)，未提撥足額衍生之所得稅應由非營利法人自行繳納，不得以園營運成本支應（本期未列所得稅費用）——請確認負擔主體",high
N13,三多,113,虧損年度不得提列業務發展準備,附註二(五)：非營利幼兒園未發生虧損之年度…始得提列業務發展準備金。,True,"提列 2,000,000，本期餘絀 +99,516（未虧損）",high
N13,三多,113,業務發展準備提列上限 20%,附註二(五)：至多提列收入總額之百分之20為業務發展準備金。,True,"提列 2,000,000 = 收入合計 14,106,044 的 14.2%",high
N13,三多,113,人事費不得流出,附註二(十)1.(3)：人事費不得流出。,,"人事費少支 982,570（決算 8,185,812 / 預算 9,168,382），同期支出合計超支 2,203,346。少支本身不等於流出（可能為缺額未補），但需確認是否將人事費挪用於其他科目",high
N13,三多,113,附註五揭露 = 年末應付受託法人餘額,附註五 關係人交易：揭露予受託法人（關係人）之年末應付款餘額；全語料庫 96% 的報告中，此揭露數即為該年末應付受託法人餘額。,False,"附註五揭露 214,418 vs 年末應付受託法人款 364,393，差額 +149,975；本年度以現金支付約 0（表列行政管理費 214,418 − 揭露數）",medium
N13,三多,113,收入不得以淨額入帳,附註二(八)：所有收入，均應列入各相關收入項目，並以收入總額入帳，不得以收支相抵後淨額入帳。,,"科目名稱含「淨額」：延長照顧服務收入淨額；收入與支出金額完全相同：其他收入 = 其他支出 = 1,496,858——可能為代收代付，需確認是否總額入帳",medium
N14,積穗,110,資遣費準備金 資產=負債,附註二(四)：以專戶或定期存款方式儲存之資遣費準備金，帳列非流動資產項下，基金數額應與非流動負債數額相符。,True,"資產 167,453 vs 負債 167,453，差額 +0",medium
N14,積穗,110,業務發展準備金 資產=負債,附註二(五)：應於同意後一個月內，以專戶或定期存款方式儲存（帳列非流動資產，與非流動負債相符）。,True,"資產 3,822,766 = 負債 3,822,766",high
N14,積穗,110,虧損年度不得提列業務發展準備,附註二(五)：非營利幼兒園未發生虧損之年度…始得提列業務發展準備金。,True,"提列 582,900，本期餘絀 +764,780（未虧損）",high
N14,積穗,110,業務發展準備提列上限 20%,附註二(五)：至多提列收入總額（家長繳交之費用；其有政府差額補助費者，應合併計算）之百分之20為業務發展準備金。,True,"提列 582,900 = 收入合計 13,998,676 的 4.2%",high
N14,積穗,110,人事費不得流出,附註二(十)1.(3)：人事費不得流出。,,"人事費少支 701,692（決算 7,367,122 / 預算 8,068,814），同期支出合計超支 2,093,380。少支本身不等於流出（可能為缺額未補），但需確認是否將人事費挪用於其他科目",high
N14,積穗,110,附註五揭露 = 年末應付受託法人餘額,附註五 關係人交易：揭露予受託法人（關係人）之年末應付款餘額；全語料庫 96% 的報告中，此揭露數即為該年末應付受託法人餘額。,True,"附註五揭露 146,989 vs 年末應付受託法人款 146,989，差額 +0；本年度以現金支付約 0（表列行政管理費 146,989 − 揭露數）",medium
N14,積穗,110,收入不得以淨額入帳,附註二(八)：所有收入，均應列入各相關收入項目，並以收入總額入帳，不得以收支相抵後淨額入帳。,,"科目名稱含「淨額」：延後托育收入淨額；收入與支出金額完全相同：其他收入 = 其他支出 = 2,778,820——可能為代收代付，需確認是否總額入帳",medium
N14,積穗,111,資遣費準備金 資產=負債,附註二(四)：以專戶或定期存款方式儲存之資遣費準備金，帳列非流動資產項下，基金數額應與非流動負債數額相符。,True,"資產 222,903 vs 負債 222,903，差額 +0",medium
N14,積穗,111,業務發展準備金 資產=負債,附註二(五)：應於同意後一個月內，以專戶或定期存款方式儲存（帳列非流動資產，與非流動負債相符）。,True,"資產 5,030,766 = 負債 5,030,766",high
N14,積穗,111,虧損年度不得提列業務發展準備,附註二(五)：非營利幼兒園未發生虧損之年度…始得提列業務發展準備金。,True,"提列 1,208,000，本期餘絀 +177,139（未虧損）",high
N14,積穗,111,業務發展準備提列上限 20%,附註二(五)：至多提列收入總額（家長繳交之費用；其有政府差額補助費者，應合併計算）之百分之20為業務發展準備金。,True,"提列 1,208,000 = 收入合計 15,301,795 的 7.9%",high
N14,積穗,111,人事費不得流出,附註二(十)1.(3)：人事費不得流出。,,"人事費少支 599,357（決算 9,226,443 / 預算 9,825,800），同期支出合計超支 2,322,990。少支本身不等於流出（可能為缺額未補），但需確認是否將人事費挪用於其他科目",high
N14,積穗,111,附註五揭露 = 年末應付受託法人餘額,附註五 關係人交易：揭露予受託法人（關係人）之年末應付款餘額；全語料庫 96% 的報告中，此揭露數即為該年末應付受託法人餘額。,True,"附註五揭露 239,682 vs 年末應付受託法人款 239,682，差額 +0；本年度以現金支付約 0（表列行政管理費 239,682 − 揭露數）",medium
N14,積穗,111,收入不得以淨額入帳,附註二(八)：所有收入，均應列入各相關收入項目，並以收入總額入帳，不得以收支相抵後淨額入帳。,True,未見淨額科目或收支等額配對,medium
N14,積穗,112,資遣費準備金 資產=負債,附註二(四)：以專戶或定期存款方式儲存之資遣費準備金，帳列非流動資產項下，基金數額應與非流動負債數額相符。,True,"資產 279,585 vs 負債 279,585，差額 +0",medium
N14,積穗,112,業務發展準備金 資產=負債,附註二(五)：應於同意後一個月內，以專戶或定期存款方式儲存（帳列非流動資產，與非流動負債相符）。,True,"資產 6,316,140 = 負債 6,316,140",high
N14,積穗,112,虧損年度不得提列業務發展準備,附註二(五)：非營利幼兒園未發生虧損之年度…始得提列業務發展準備金。,,"提列 1,285,374 後本期餘絀 -524,374（虧損），但提列前為 +761,000（未虧損）——虧損係提列本身造成，是否符合「未發生虧損之年度」需主管機關認定",high
N14,積穗,112,業務發展準備提列上限 20%,附註二(五)：至多提列收入總額之百分之20為業務發展準備金。,True,"提列 1,285,374 = 收入合計 14,883,486 的 8.6%",high
N14,積穗,112,人事費不得流出,附註二(十)1.(3)：人事費不得流出。,,"人事費少支 509,332（決算 9,542,297 / 預算 10,051,629），同期支出合計超支 2,380,365。少支本身不等於流出（可能為缺額未補），但需確認是否將人事費挪用於其他科目",high
N14,積穗,112,附註五揭露 = 年末應付受託法人餘額,附註五 關係人交易：揭露予受託法人（關係人）之年末應付款餘額；全語料庫 96% 的報告中，此揭露數即為該年末應付受託法人餘額。,True,"附註五揭露 238,746 vs 年末應付受託法人款 238,746，差額 +0；本年度以現金支付約 936（表列行政管理費 239,682 − 揭露數）",medium
N14,積穗,112,收入不得以淨額入帳,附註二(八)：所有收入，均應列入各相關收入項目，並以收入總額入帳，不得以收支相抵後淨額入帳。,,"科目名稱含「淨額」：延長照顧服務收入淨額；收入與支出金額完全相同：其他收入 = 其他支出 = 1,909,961；延長照顧服務收入淨額 = 延長照顧服務支出 = 248,484——可能為代收代付，需確認是否總額入帳",medium
N14,積穗,113,資遣費準備金 資產=負債,附註二(四)：以專戶或定期存款方式儲存之資遣費準備金，帳列非流動資產項下，基金數額應與非流動負債數額相符。,True,"資產 380,351 vs 負債 380,351，差額 +0",medium
N14,積穗,113,業務發展準備金 資產=負債,附註二(五)：應於同意後一個月內，以專戶或定期存款方式儲存（帳列非流動資產，與非流動負債相符）。,True,"資產 7,590,898 = 負債 7,590,898",high
N14,積穗,113,虧損年度不得提列業務發展準備,附註二(五)：非營利幼兒園未發生虧損之年度…始得提列業務發展準備金。,True,"提列 1,274,758，本期餘絀 +1,515,312（未虧損）",high
N14,積穗,113,業務發展準備提列上限 20%,附註二(五)：至多提列收入總額之百分之20為業務發展準備金。,True,"提列 1,274,758 = 收入合計 23,891,160 的 5.3%",high
N14,積穗,113,人事費不得流出,附註二(十)1.(3)：人事費不得流出。,,"人事費少支 2,136,782（決算 15,550,045 / 預算 17,686,827），同期支出合計超支 248,042。少支本身不等於流出（可能為缺額未補），但需確認是否將人事費挪用於其他科目",high
N14,積穗,113,附註五揭露 = 年末應付受託法人餘額,附註五 關係人交易：揭露予受託法人（關係人）之年末應付款餘額；全語料庫 96% 的報告中，此揭露數即為該年末應付受託法人餘額。,False,"附註五揭露 282,955 vs 年末應付受託法人款 278,623，差額 -4,332；本年度以現金支付約 0（表列行政管理費 282,955 − 揭露數）",medium
N14,積穗,113,收入不得以淨額入帳,附註二(八)：所有收入，均應列入各相關收入項目，並以收入總額入帳，不得以收支相抵後淨額入帳。,,"科目名稱含「淨額」：延長照顧服務收入淨額；收入與支出金額完全相同：其他收入 = 其他支出 = 2,314,803——可能為代收代付，需確認是否總額入帳",medium
N15,新月,110,資遣費準備金 資產=負債,附註二(四)：以專戶或定期存款方式儲存之資遣費準備金，帳列非流動資產項下，基金數額應與非流動負債數額相符。,True,"資產 276,596 vs 負債 276,596，差額 +0",medium
N15,新月,110,業務發展準備金 資產=負債,附註二(五)：應於同意後一個月內，以專戶或定期存款方式儲存（帳列非流動資產，與非流動負債相符）。,True,"資產 6,171,371 = 負債 6,171,371",high
N15,新月,110,虧損年度不得提列業務發展準備,附註二(五)：非營利幼兒園未發生虧損之年度…始得提列業務發展準備金。,True,"提列 205,788，本期餘絀 +2,475,317（未虧損）",high
N15,新月,110,業務發展準備提列上限 20%,附註二(五)：至多提列收入總額（家長繳交之費用；其有政府差額補助費者，應合併計算）之百分之20為業務發展準備金。,True,"提列 205,788 = 收入合計 20,666,822 的 1.0%",high
N15,新月,110,人事費不得流出,附註二(十)1.(3)：人事費不得流出。,,"人事費少支 1,696,457（決算 11,149,982 / 預算 12,846,439），同期支出合計超支 1,100,643。少支本身不等於流出（可能為缺額未補），但需確認是否將人事費挪用於其他科目",high
N15,新月,110,附註五揭露 = 年末應付受託法人餘額,附註五 關係人交易：揭露予受託法人（關係人）之年末應付款餘額；全語料庫 96% 的報告中，此揭露數即為該年末應付受託法人餘額。,True,"附註五揭露 199,664 vs 年末應付受託法人款 199,664，差額 +0；本年度以現金支付約 11,688（表列行政管理費 211,352 − 揭露數）",medium
N15,新月,110,收入不得以淨額入帳,附註二(八)：所有收入，均應列入各相關收入項目，並以收入總額入帳，不得以收支相抵後淨額入帳。,,"科目名稱含「淨額」：延後托育收入淨額；收入與支出金額完全相同：其他收入 = 其他支出 = 3,883,494——可能為代收代付，需確認是否總額入帳",medium
N15,新月,111,資遣費準備金 資產=負債,附註二(四)：以專戶或定期存款方式儲存之資遣費準備金，帳列非流動資產項下，基金數額應與非流動負債數額相符。,True,"資產 371,877 vs 負債 371,877，差額 +0",medium
N15,新月,111,業務發展準備金 資產=負債,附註二(五)：應於同意後一個月內，以專戶或定期存款方式儲存（帳列非流動資產，與非流動負債相符）。,True,"資產 9,824,521 = 負債 9,824,521",high
N15,新月,111,虧損年度不得提列業務發展準備,附註二(五)：非營利幼兒園未發生虧損之年度…始得提列業務發展準備金。,True,"提列 3,653,150，本期餘絀 +607,647（未虧損）",high
N15,新月,111,業務發展準備提列上限 20%,附註二(五)：至多提列收入總額（家長繳交之費用；其有政府差額補助費者，應合併計算）之百分之20為業務發展準備金。,True,"提列 3,653,150 = 收入合計 24,075,618 的 15.2%",high
N15,新月,111,人事費不得流出,附註二(十)1.(3)：人事費不得流出。,,"人事費少支 2,615,439（決算 14,262,637 / 預算 16,878,076），同期支出合計超支 2,184,422。少支本身不等於流出（可能為缺額未補），但需確認是否將人事費挪用於其他科目",high
N15,新月,111,附註五揭露 = 年末應付受託法人餘額,附註五 關係人交易：揭露予受託法人（關係人）之年末應付款餘額；全語料庫 96% 的報告中，此揭露數即為該年末應付受託法人餘額。,True,"附註五揭露 354,113 vs 年末應付受託法人款 354,113，差額 +0；本年度以現金支付約 0（表列行政管理費 354,113 − 揭露數）",medium
N15,新月,111,收入不得以淨額入帳,附註二(八)：所有收入，均應列入各相關收入項目，並以收入總額入帳，不得以收支相抵後淨額入帳。,,"科目名稱含「淨額」：延後托育收入淨額；收入與支出金額完全相同：其他收入 = 其他支出 = 2,560,244——可能為代收代付，需確認是否總額入帳",medium
N15,新月,112,資遣費準備金 資產=負債,附註二(四)：以專戶或定期存款方式儲存之資遣費準備金，帳列非流動資產項下，基金數額應與非流動負債數額相符。,True,"資產 477,689 vs 負債 477,689，差額 +0",medium
N15,新月,112,業務發展準備金 資產=負債,附註二(五)：應於同意後一個月內，以專戶或定期存款方式儲存（帳列非流動資產，與非流動負債相符）。,True,"資產 14,029,348 = 負債 14,029,348",high
N15,新月,112,虧損年度不得提列業務發展準備,附註二(五)：非營利幼兒園未發生虧損之年度…始得提列業務發展準備金。,True,"提列 4,204,827，本期餘絀 +381,302（未虧損）",high
N15,新月,112,業務發展準備提列上限 20%,附註二(五)：至多提列收入總額之百分之20為業務發展準備金。,True,"提列 4,204,827 = 收入合計 27,654,178 的 15.2%",high
N15,新月,112,人事費不得流出,附註二(十)1.(3)：人事費不得流出。,,"人事費少支 3,218,508（決算 15,815,742 / 預算 19,034,250），同期支出合計超支 3,633,258。少支本身不等於流出（可能為缺額未補），但需確認是否將人事費挪用於其他科目",high
N15,新月,112,附註五揭露 = 年末應付受託法人餘額,附註五 關係人交易：揭露予受託法人（關係人）之年末應付款餘額；全語料庫 96% 的報告中，此揭露數即為該年末應付受託法人餘額。,True,"附註五揭露 370,164 vs 年末應付受託法人款 370,164，差額 +0；本年度以現金支付約 6,000（表列行政管理費 376,164 − 揭露數）",medium
N15,新月,112,收入不得以淨額入帳,附註二(八)：所有收入，均應列入各相關收入項目，並以收入總額入帳，不得以收支相抵後淨額入帳。,,"科目名稱含「淨額」：延長照顧服務收入淨額；收入與支出金額完全相同：其他收入 = 其他支出 = 3,814,692——可能為代收代付，需確認是否總額入帳",medium
N15,新月,113,資遣費準備金 資產=負債,附註二(四)：以專戶或定期存款方式儲存之資遣費準備金，帳列非流動資產項下，基金數額應與非流動負債數額相符。,True,"資產 586,019 vs 負債 586,019，差額 +0",medium
N15,新月,113,業務發展準備金 資產=負債,附註二(五)：應於同意後一個月內，以專戶或定期存款方式儲存（帳列非流動資產，與非流動負債相符）。,True,"資產 18,514,963 = 負債 18,514,963",high
N15,新月,113,虧損年度不得提列業務發展準備,附註二(五)：非營利幼兒園未發生虧損之年度…始得提列業務發展準備金。,,"提列 4,485,615 後本期餘絀 -763,663（虧損），但提列前為 +3,721,952（未虧損）——虧損係提列本身造成，是否符合「未發生虧損之年度」需主管機關認定",high
N15,新月,113,業務發展準備提列上限 20%,附註二(五)：至多提列收入總額之百分之20為業務發展準備金。,True,"提列 4,485,615 = 收入合計 28,187,129 的 15.9%",high
N15,新月,113,人事費不得流出,附註二(十)1.(3)：人事費不得流出。,,"人事費少支 3,317,667（決算 16,137,029 / 預算 19,454,696），同期支出合計超支 4,745,612。少支本身不等於流出（可能為缺額未補），但需確認是否將人事費挪用於其他科目",high
N15,新月,113,附註五揭露 = 年末應付受託法人餘額,附註五 關係人交易：揭露予受託法人（關係人）之年末應付款餘額；全語料庫 96% 的報告中，此揭露數即為該年末應付受託法人餘額。,True,"附註五揭露 388,674 vs 年末應付受託法人款 388,674，差額 +0；本年度以現金支付約 0（表列行政管理費 388,674 − 揭露數）",medium
N15,新月,113,收入不得以淨額入帳,附註二(八)：所有收入，均應列入各相關收入項目，並以收入總額入帳，不得以收支相抵後淨額入帳。,,"科目名稱含「淨額」：延長照顧服務收入淨額；收入與支出金額完全相同：其他收入 = 其他支出 = 4,327,919——可能為代收代付，需確認是否總額入帳",medium
N16,中平,110,資遣費準備金 資產=負債,附註二(四)：以專戶或定期存款方式儲存之資遣費準備金，帳列非流動資產項下，基金數額應與非流動負債數額相符。,True,"資產 186,448 vs 負債 186,448，差額 +0",medium
N16,中平,110,業務發展準備金 資產=負債,附註二(五)：應於同意後一個月內，以專戶或定期存款方式儲存（帳列非流動資產，與非流動負債相符）。,True,"資產 4,347,000 = 負債 4,347,000",high
N16,中平,110,虧損年度不得提列業務發展準備,附註二(五)：非營利幼兒園未發生虧損之年度…始得提列業務發展準備金。,True,"提列 607,000，本期餘絀 +211,394（未虧損）",high
N16,中平,110,業務發展準備提列上限 20%,附註二(五)：至多提列收入總額（家長繳交之費用；其有政府差額補助費者，應合併計算）之百分之20為業務發展準備金。,True,"提列 607,000 = 收入合計 13,544,083 的 4.5%",high
N16,中平,110,人事費不得流出,附註二(十)1.(3)：人事費不得流出。,,"人事費少支 491,240（決算 7,715,140 / 預算 8,206,380），同期支出合計超支 1,904,387。少支本身不等於流出（可能為缺額未補），但需確認是否將人事費挪用於其他科目",high
N16,中平,110,附註五揭露 = 年末應付受託法人餘額,附註五 關係人交易：揭露予受託法人（關係人）之年末應付款餘額；全語料庫 96% 的報告中，此揭露數即為該年末應付受託法人餘額。,True,"附註五揭露 83,736 vs 年末應付受託法人款 83,736，差額 +0；本年度以現金支付約 1,000（表列行政管理費 84,736 − 揭露數）",medium
N16,中平,110,收入不得以淨額入帳,附註二(八)：所有收入，均應列入各相關收入項目，並以收入總額入帳，不得以收支相抵後淨額入帳。,,"科目名稱含「淨額」：延後托育收入淨額；收入與支出金額完全相同：其他收入 = 其他支出 = 2,335,467——可能為代收代付，需確認是否總額入帳",medium
N16,中平,111,資遣費準備金 資產=負債,附註二(四)：以專戶或定期存款方式儲存之資遣費準備金，帳列非流動資產項下，基金數額應與非流動負債數額相符。,True,"資產 241,124 vs 負債 241,124，差額 +0",medium
N16,中平,111,業務發展準備金 資產=負債,附註二(五)：應於同意後一個月內，以專戶或定期存款方式儲存（帳列非流動資產，與非流動負債相符）。,True,"資產 5,743,000 = 負債 5,743,000",high
N16,中平,111,虧損年度不得提列業務發展準備,附註二(五)：非營利幼兒園未發生虧損之年度…始得提列業務發展準備金。,True,"提列 1,396,000，本期餘絀 +11,793（未虧損）",high
N16,中平,111,業務發展準備提列上限 20%,附註二(五)：至多提列收入總額（家長繳交之費用；其有政府差額補助費者，應合併計算）之百分之20為業務發展準備金。,True,"提列 1,396,000 = 收入合計 15,544,378 的 9.0%",high
N16,中平,111,人事費不得流出,附註二(十)1.(3)：人事費不得流出。,,"人事費少支 1,044,835（決算 8,646,665 / 預算 9,691,500），同期支出合計超支 2,613,541。少支本身不等於流出（可能為缺額未補），但需確認是否將人事費挪用於其他科目",high
N16,中平,111,附註五揭露 = 年末應付受託法人餘額,附註五 關係人交易：揭露予受託法人（關係人）之年末應付款餘額；全語料庫 96% 的報告中，此揭露數即為該年末應付受託法人餘額。,True,"附註五揭露 260,780 vs 年末應付受託法人款 260,780，差額 +0；本年度以現金支付約 0（表列行政管理費 260,780 − 揭露數）",medium
N16,中平,111,收入不得以淨額入帳,附註二(八)：所有收入，均應列入各相關收入項目，並以收入總額入帳，不得以收支相抵後淨額入帳。,,"科目名稱含「淨額」：延後托育收入淨額；收入與支出金額完全相同：其他收入 = 其他支出 = 2,510,862；延後托育收入淨額 = 延後托育支出 = 412,320——可能為代收代付，需確認是否總額入帳",medium
N16,中平,112,資遣費準備金 資產=負債,附註二(四)：以專戶或定期存款方式儲存之資遣費準備金，帳列非流動資產項下，基金數額應與非流動負債數額相符。,True,"資產 297,032 vs 負債 297,032，差額 +0",medium
N16,中平,112,業務發展準備金 資產=負債,附註二(五)：應於同意後一個月內，以專戶或定期存款方式儲存（帳列非流動資產，與非流動負債相符）。,True,"資產 7,073,000 = 負債 7,073,000",high
N16,中平,112,虧損年度不得提列業務發展準備,附註二(五)：非營利幼兒園未發生虧損之年度…始得提列業務發展準備金。,,"提列 1,330,000 後本期餘絀 -373,126（虧損），但提列前為 +956,874（未虧損）——虧損係提列本身造成，是否符合「未發生虧損之年度」需主管機關認定",high
N16,中平,112,業務發展準備提列上限 20%,附註二(五)：至多提列收入總額之百分之20為業務發展準備金。,True,"提列 1,330,000 = 收入合計 15,116,666 的 8.8%",high
N16,中平,112,人事費不得流出,附註二(十)1.(3)：人事費不得流出。,,"人事費少支 1,000,871（決算 8,916,311 / 預算 9,917,182），同期支出合計超支 2,345,066。少支本身不等於流出（可能為缺額未補），但需確認是否將人事費挪用於其他科目",high
N16,中平,112,附註五揭露 = 年末應付受託法人餘額,附註五 關係人交易：揭露予受託法人（關係人）之年末應付款餘額；全語料庫 96% 的報告中，此揭露數即為該年末應付受託法人餘額。,True,"附註五揭露 259,495 vs 年末應付受託法人款 259,495，差額 +0；本年度以現金支付約 1,285（表列行政管理費 260,780 − 揭露數）",medium
N16,中平,112,收入不得以淨額入帳,附註二(八)：所有收入，均應列入各相關收入項目，並以收入總額入帳，不得以收支相抵後淨額入帳。,,"科目名稱含「淨額」：延長照顧服務收入淨額；收入與支出金額完全相同：其他收入 = 其他支出 = 2,091,333；延長照顧服務收入淨額 = 延長照顧服務支出 = 357,450——可能為代收代付，需確認是否總額入帳",medium
N16,中平,113,資遣費準備金 資產=負債,附註二(四)：以專戶或定期存款方式儲存之資遣費準備金，帳列非流動資產項下，基金數額應與非流動負債數額相符。,True,"資產 354,172 vs 負債 354,172，差額 +0",medium
N16,中平,113,業務發展準備金 資產=負債,附註二(五)：應於同意後一個月內，以專戶或定期存款方式儲存（帳列非流動資產，與非流動負債相符）。,True,"資產 8,538,000 = 負債 8,538,000",high
N16,中平,113,虧損年度不得提列業務發展準備,附註二(五)：非營利幼兒園未發生虧損之年度…始得提列業務發展準備金。,True,"提列 1,465,000，本期餘絀 +1,051,419（未虧損）",high
N16,中平,113,業務發展準備提列上限 20%,附註二(五)：至多提列收入總額之百分之20為業務發展準備金。,True,"提列 1,465,000 = 收入合計 18,029,885 的 8.1%",high
N16,中平,113,人事費不得流出,附註二(十)1.(3)：人事費不得流出。,,"人事費少支 1,222,347（決算 8,896,657 / 預算 10,119,004），同期支出合計超支 3,480,054。少支本身不等於流出（可能為缺額未補），但需確認是否將人事費挪用於其他科目",high
N16,中平,113,附註五揭露 = 年末應付受託法人餘額,附註五 關係人交易：揭露予受託法人（關係人）之年末應付款餘額；全語料庫 96% 的報告中，此揭露數即為該年末應付受託法人餘額。,True,"附註五揭露 272,388 vs 年末應付受託法人款 272,388，差額 +0；本年度以現金支付約 3,216（表列行政管理費 275,604 − 揭露數）",medium
N16,中平,113,收入不得以淨額入帳,附註二(八)：所有收入，均應列入各相關收入項目，並以收入總額入帳，不得以收支相抵後淨額入帳。,,"科目名稱含「淨額」：延長照顧服務收入淨額；收入與支出金額完全相同：其他收入 = 其他支出 = 3,540,258；延長照顧服務收入淨額 = 延長照顧服務支出 = 360,800——可能為代收代付，需確認是否總額入帳",medium
N17,中正,110,資遣費準備金 資產=負債,附註二(四)：以專戶或定期存款方式儲存之資遣費準備金，帳列非流動資產項下，基金數額應與非流動負債數額相符。,True,"資產 99,607 vs 負債 99,607，差額 +0",medium
N17,中正,110,業務發展準備金 資產=負債,附註二(五)：應於同意後一個月內，以專戶或定期存款方式儲存（帳列非流動資產，與非流動負債相符）。,True,"資產 2,618,600 = 負債 2,618,600",high
N17,中正,110,虧損年度不得提列業務發展準備,附註二(五)：非營利幼兒園未發生虧損之年度…始得提列業務發展準備金。,True,"提列 577,600，本期餘絀 +612,029（未虧損）",high
N17,中正,110,業務發展準備提列上限 20%,附註二(五)：至多提列收入總額（家長繳交之費用；其有政府差額補助費者，應合併計算）之百分之20為業務發展準備金。,True,"提列 577,600 = 收入合計 8,865,015 的 6.5%",high
N17,中正,110,人事費不得流出,附註二(十)1.(3)：人事費不得流出。,,"人事費少支 904,499（決算 4,094,563 / 預算 4,999,062），同期支出合計超支 1,441,780。少支本身不等於流出（可能為缺額未補），但需確認是否將人事費挪用於其他科目",high
N17,中正,110,附註五揭露 = 年末應付受託法人餘額,附註五 關係人交易：揭露予受託法人（關係人）之年末應付款餘額；全語料庫 96% 的報告中，此揭露數即為該年末應付受託法人餘額。,True,"附註五揭露 88,932 vs 年末應付受託法人款 88,932，差額 +0；本年度以現金支付約 0（表列行政管理費 88,932 − 揭露數）",medium
N17,中正,110,收入不得以淨額入帳,附註二(八)：所有收入，均應列入各相關收入項目，並以收入總額入帳，不得以收支相抵後淨額入帳。,,"科目名稱含「淨額」：延後托育收入淨額；收入與支出金額完全相同：其他收入 = 其他支出 = 1,966,333——可能為代收代付，需確認是否總額入帳",medium
N17,中正,111,資遣費準備金 資產=負債,附註二(四)：以專戶或定期存款方式儲存之資遣費準備金，帳列非流動資產項下，基金數額應與非流動負債數額相符。,True,"資產 170,445 vs 負債 170,445，差額 +0",medium
N17,中正,111,業務發展準備金 資產=負債,附註二(五)：應於同意後一個月內，以專戶或定期存款方式儲存（帳列非流動資產，與非流動負債相符）。,True,"資產 3,128,100 = 負債 3,128,100",high
N17,中正,111,虧損年度不得提列業務發展準備,附註二(五)：非營利幼兒園未發生虧損之年度…始得提列業務發展準備金。,True,"提列 509,500，本期餘絀 +1,180,084（未虧損）",high
N17,中正,111,業務發展準備提列上限 20%,附註二(五)：至多提列收入總額（家長繳交之費用；其有政府差額補助費者，應合併計算）之百分之20為業務發展準備金。,True,"提列 509,500 = 收入合計 16,955,554 的 3.0%",high
N17,中正,111,人事費不得流出,附註二(十)1.(3)：人事費不得流出。,,"人事費少支 1,942,370（決算 10,636,839 / 預算 12,579,209），同期支出合計節餘 416,355。少支本身不等於流出（可能為缺額未補），但需確認是否將人事費挪用於其他科目",high
N17,中正,111,附註五揭露 = 年末應付受託法人餘額,附註五 關係人交易：揭露予受託法人（關係人）之年末應付款餘額；全語料庫 96% 的報告中，此揭露數即為該年末應付受託法人餘額。,True,"附註五揭露 115,960 vs 年末應付受託法人款 115,960，差額 +0；本年度以現金支付約 177,332（表列行政管理費 293,292 − 揭露數）",medium
N17,中正,111,收入不得以淨額入帳,附註二(八)：所有收入，均應列入各相關收入項目，並以收入總額入帳，不得以收支相抵後淨額入帳。,,"科目名稱含「淨額」：延後托育收入淨額；收入與支出金額完全相同：其他收入 = 其他支出 = 1,601,725——可能為代收代付，需確認是否總額入帳",medium
N17,中正,112,資遣費準備金 資產=負債,附註二(四)：以專戶或定期存款方式儲存之資遣費準備金，帳列非流動資產項下，基金數額應與非流動負債數額相符。,True,"資產 216,868 vs 負債 216,868，差額 +0",medium
N17,中正,112,業務發展準備金 資產=負債,附註二(五)：應於同意後一個月內，以專戶或定期存款方式儲存（帳列非流動資產，與非流動負債相符）。,True,"資產 5,722,785 = 負債 5,722,785",high
N17,中正,112,虧損年度不得提列業務發展準備,附註二(五)：非營利幼兒園未發生虧損之年度…始得提列業務發展準備金。,,"提列 2,594,685 後本期餘絀 -393,666（虧損），但提列前為 +2,201,019（未虧損）——虧損係提列本身造成，是否符合「未發生虧損之年度」需主管機關認定",high
N17,中正,112,業務發展準備提列上限 20%,附註二(五)：至多提列收入總額之百分之20為業務發展準備金。,True,"提列 2,594,685 = 收入合計 18,218,002 的 14.2%",high
N17,中正,112,人事費不得流出,附註二(十)1.(3)：人事費不得流出。,,"人事費少支 2,213,407（決算 10,661,543 / 預算 12,874,950），同期支出合計超支 2,124,102。少支本身不等於流出（可能為缺額未補），但需確認是否將人事費挪用於其他科目",high
N17,中正,112,附註五揭露 = 年末應付受託法人餘額,附註五 關係人交易：揭露予受託法人（關係人）之年末應付款餘額；全語料庫 96% 的報告中，此揭露數即為該年末應付受託法人餘額。,True,"附註五揭露 293,292 vs 年末應付受託法人款 293,292，差額 +0；本年度以現金支付約 0（表列行政管理費 293,292 − 揭露數）",medium
N17,中正,112,收入不得以淨額入帳,附註二(八)：所有收入，均應列入各相關收入項目，並以收入總額入帳，不得以收支相抵後淨額入帳。,,"科目名稱含「淨額」：延長照顧服務收入淨額；收入與支出金額完全相同：其他收入 = 其他支出 = 2,178,139——可能為代收代付，需確認是否總額入帳",medium
N17,中正,113,資遣費準備金 資產=負債,附註二(四)：以專戶或定期存款方式儲存之資遣費準備金，帳列非流動資產項下，基金數額應與非流動負債數額相符。,True,"資產 290,919 vs 負債 290,919，差額 +0",medium
N17,中正,113,業務發展準備金 資產=負債,附註二(五)：應於同意後一個月內，以專戶或定期存款方式儲存（帳列非流動資產，與非流動負債相符）。,True,"資產 8,288,319 = 負債 8,288,319",high
N17,中正,113,虧損年度不得提列業務發展準備,附註二(五)：非營利幼兒園未發生虧損之年度…始得提列業務發展準備金。,True,"提列 2,565,534，本期餘絀 +317,532（未虧損）",high
N17,中正,113,業務發展準備提列上限 20%,附註二(五)：至多提列收入總額之百分之20為業務發展準備金。,True,"提列 2,565,534 = 收入合計 18,611,616 的 13.8%",high
N17,中正,113,人事費不得流出,附註二(十)1.(3)：人事費不得流出。,,"人事費少支 2,241,112（決算 10,895,768 / 預算 13,136,880），同期支出合計超支 1,601,260。少支本身不等於流出（可能為缺額未補），但需確認是否將人事費挪用於其他科目",high
N17,中正,113,附註五揭露 = 年末應付受託法人餘額,附註五 關係人交易：揭露予受託法人（關係人）之年末應付款餘額；全語料庫 96% 的報告中，此揭露數即為該年末應付受託法人餘額。,False,"附註五揭露 290,580 vs 年末應付受託法人款 285,622，差額 -4,958；本年度以現金支付約 0（表列行政管理費 290,580 − 揭露數）",medium
N17,中正,113,收入不得以淨額入帳,附註二(八)：所有收入，均應列入各相關收入項目，並以收入總額入帳，不得以收支相抵後淨額入帳。,,"科目名稱含「淨額」：延長照顧服務收入淨額；收入與支出金額完全相同：其他收入 = 其他支出 = 1,986,073——可能為代收代付，需確認是否總額入帳",medium
N18,福營,110,資遣費準備金 資產=負債,附註二(四)：以專戶或定期存款方式儲存之資遣費準備金，帳列非流動資產項下，基金數額應與非流動負債數額相符。,False,"資產 131,407 vs 負債 132,308，差額 +901",medium
N18,福營,110,業務發展準備金 資產=負債,附註二(五)：應於同意後一個月內，以專戶或定期存款方式儲存（帳列非流動資產，與非流動負債相符）。,True,"資產 1,380,773 = 負債 1,380,773",high
N18,福營,110,虧損年度不得提列業務發展準備,附註二(五)：非營利幼兒園未發生虧損之年度…始得提列業務發展準備金。,True,"提列 80,773，本期餘絀 +837,511（未虧損）",high
N18,福營,110,業務發展準備提列上限 20%,附註二(五)：至多提列收入總額（家長繳交之費用；其有政府差額補助費者，應合併計算）之百分之20為業務發展準備金。,True,"提列 80,773 = 收入合計 11,813,846 的 0.7%",high
N18,福營,110,人事費不得流出,附註二(十)1.(3)：人事費不得流出。,,"人事費少支 865,239（決算 6,042,382 / 預算 6,907,621），同期支出合計超支 1,583,672。少支本身不等於流出（可能為缺額未補），但需確認是否將人事費挪用於其他科目",high
N18,福營,110,附註五揭露 = 年末應付受託法人餘額,附註五 關係人交易：揭露予受託法人（關係人）之年末應付款餘額；全語料庫 96% 的報告中，此揭露數即為該年末應付受託法人餘額。,True,"附註五揭露 124,560 vs 年末應付受託法人款 124,560，差額 +0；本年度以現金支付約 0（表列行政管理費 124,560 − 揭露數）",medium
N18,福營,110,收入不得以淨額入帳,附註二(八)：所有收入，均應列入各相關收入項目，並以收入總額入帳，不得以收支相抵後淨額入帳。,,科目名稱含「淨額」：延後托育收入淨額——可能為代收代付，需確認是否總額入帳,medium
N18,福營,111,資遣費準備金 資產=負債,附註二(四)：以專戶或定期存款方式儲存之資遣費準備金，帳列非流動資產項下，基金數額應與非流動負債數額相符。,True,"資產 80,391 vs 負債 80,391，差額 +0",medium
N18,福營,111,業務發展準備金 資產=負債,附註二(五)：應於同意後一個月內，以專戶或定期存款方式儲存（帳列非流動資產，與非流動負債相符）。,True,"資產 2,270,773 = 負債 2,270,773",high
N18,福營,111,虧損年度不得提列業務發展準備,附註二(五)：非營利幼兒園未發生虧損之年度…始得提列業務發展準備金。,True,"提列 890,000，本期餘絀 +117,023（未虧損）",high
N18,福營,111,業務發展準備提列上限 20%,附註二(五)：至多提列收入總額（家長繳交之費用；其有政府差額補助費者，應合併計算）之百分之20為業務發展準備金。,True,"提列 890,000 = 收入合計 14,980,499 的 5.9%",high
N18,福營,111,人事費不得流出,附註二(十)1.(3)：人事費不得流出。,,"人事費少支 762,459（決算 8,845,271 / 預算 9,607,730），同期支出合計超支 2,024,257。少支本身不等於流出（可能為缺額未補），但需確認是否將人事費挪用於其他科目",high
N18,福營,111,附註五揭露 = 年末應付受託法人餘額,附註五 關係人交易：揭露予受託法人（關係人）之年末應付款餘額；全語料庫 96% 的報告中，此揭露數即為該年末應付受託法人餘額。,True,"附註五揭露 260,780 vs 年末應付受託法人款 260,780，差額 +0；本年度以現金支付約 0（表列行政管理費 260,780 − 揭露數）",medium
N18,福營,111,收入不得以淨額入帳,附註二(八)：所有收入，均應列入各相關收入項目，並以收入總額入帳，不得以收支相抵後淨額入帳。,,"科目名稱含「淨額」：延後托育收入淨額；收入與支出金額完全相同：其他收入 = 其他支出 = 1,927,610——可能為代收代付，需確認是否總額入帳",medium
N18,福營,112,資遣費準備金 資產=負債,附註二(四)：以專戶或定期存款方式儲存之資遣費準備金，帳列非流動資產項下，基金數額應與非流動負債數額相符。,True,"資產 135,817 vs 負債 135,817，差額 +0",medium
N18,福營,112,業務發展準備金 資產=負債,附註二(五)：應於同意後一個月內，以專戶或定期存款方式儲存（帳列非流動資產，與非流動負債相符）。,True,"資產 2,784,684 = 負債 2,784,684",high
N18,福營,112,虧損年度不得提列業務發展準備,附註二(五)：非營利幼兒園未發生虧損之年度…始得提列業務發展準備金。,,"提列 513,911 後本期餘絀 -326,243（虧損），但提列前為 +187,668（未虧損）——虧損係提列本身造成，是否符合「未發生虧損之年度」需主管機關認定",high
N18,福營,112,業務發展準備提列上限 20%,附註二(五)：至多提列收入總額之百分之20為業務發展準備金。,True,"提列 513,911 = 收入合計 15,415,862 的 3.3%",high
N18,福營,112,人事費不得流出,附註二(十)1.(3)：人事費不得流出。,,"人事費少支 417,114（決算 9,416,455 / 預算 9,833,569），同期支出合計超支 2,680,992。少支本身不等於流出（可能為缺額未補），但需確認是否將人事費挪用於其他科目",high
N18,福營,112,附註五揭露 = 年末應付受託法人餘額,附註五 關係人交易：揭露予受託法人（關係人）之年末應付款餘額；全語料庫 96% 的報告中，此揭露數即為該年末應付受託法人餘額。,True,"附註五揭露 259,750 vs 年末應付受託法人款 259,750，差額 +0；本年度以現金支付約 1,030（表列行政管理費 260,780 − 揭露數）",medium
N18,福營,112,收入不得以淨額入帳,附註二(八)：所有收入，均應列入各相關收入項目，並以收入總額入帳，不得以收支相抵後淨額入帳。,,"科目名稱含「淨額」：延長照顧服務收入淨額；收入與支出金額完全相同：其他收入 = 其他支出 = 2,541,712；延長照顧服務收入淨額 = 延長照顧服務支出 = 287,465——可能為代收代付，需確認是否總額入帳",medium
N18,福營,113,資遣費準備金 資產=負債,附註二(四)：以專戶或定期存款方式儲存之資遣費準備金，帳列非流動資產項下，基金數額應與非流動負債數額相符。,True,"資產 192,475 vs 負債 192,475，差額 +0",medium
N18,福營,113,業務發展準備金 資產=負債,附註二(五)：應於同意後一個月內，以專戶或定期存款方式儲存（帳列非流動資產，與非流動負債相符）。,True,"資產 3,419,549 = 負債 3,419,549",high
N18,福營,113,虧損年度不得提列業務發展準備,附註二(五)：非營利幼兒園未發生虧損之年度…始得提列業務發展準備金。,True,"提列 634,865，本期餘絀 +922,795（未虧損）",high
N18,福營,113,業務發展準備提列上限 20%,附註二(五)：至多提列收入總額之百分之20為業務發展準備金。,True,"提列 634,865 = 收入合計 17,776,711 的 3.6%",high
N18,福營,113,人事費不得流出,附註二(十)1.(3)：人事費不得流出。,,"人事費少支 628,648（決算 9,406,758 / 預算 10,035,406），同期支出合計超支 3,439,102。少支本身不等於流出（可能為缺額未補），但需確認是否將人事費挪用於其他科目",high
N18,福營,113,附註五揭露 = 年末應付受託法人餘額,附註五 關係人交易：揭露予受託法人（關係人）之年末應付款餘額；全語料庫 96% 的報告中，此揭露數即為該年末應付受託法人餘額。,True,"附註五揭露 215,773 vs 年末應付受託法人款 215,773，差額 +0；本年度以現金支付約 59,831（表列行政管理費 275,604 − 揭露數）",medium
N18,福營,113,收入不得以淨額入帳,附註二(八)：所有收入，均應列入各相關收入項目，並以收入總額入帳，不得以收支相抵後淨額入帳。,,"科目名稱含「淨額」：延長照顧服務收入淨額；收入與支出金額完全相同：其他收入 = 其他支出 = 3,698,664；延長照顧服務收入淨額 = 延長照顧服務支出 = 184,275——可能為代收代付，需確認是否總額入帳",medium
N19,中園,110,資遣費準備金 資產=負債,附註二(四)：以專戶或定期存款方式儲存之資遣費準備金，帳列非流動資產項下，基金數額應與非流動負債數額相符。,False,"資產 130,950 vs 負債 159,229，差額 +28,279　⚠️ 但 111 學年度已補足（見 reserve_timeseries.csv），非持續性缺口",medium
N19,中園,110,業務發展準備金 資產=負債,附註二(五)：應於同意後一個月內，以專戶或定期存款方式儲存（帳列非流動資產，與非流動負債相符）。,True,"資產 2,302,000 = 負債 2,302,000",high
N19,中園,110,虧損年度不得提列業務發展準備,附註二(五)：非營利幼兒園未發生虧損之年度…始得提列業務發展準備金。,True,"提列 432,000，本期餘絀 +816,893（未虧損）",high
N19,中園,110,業務發展準備提列上限 20%,附註二(五)：至多提列收入總額（家長繳交之費用；其有政府差額補助費者，應合併計算）之百分之20為業務發展準備金。,True,"提列 432,000 = 收入合計 15,815,279 的 2.7%",high
N19,中園,110,人事費不得流出,附註二(十)1.(3)：人事費不得流出。,,"人事費少支 842,995（決算 8,790,805 / 預算 9,633,800），同期支出合計超支 1,966,564。少支本身不等於流出（可能為缺額未補），但需確認是否將人事費挪用於其他科目",high
N19,中園,110,附註五揭露 = 年末應付受託法人餘額,附註五 關係人交易：揭露予受託法人（關係人）之年末應付款餘額；全語料庫 96% 的報告中，此揭露數即為該年末應付受託法人餘額。,True,"附註五揭露 71,551 vs 年末應付受託法人款 71,551，差額 +0；本年度以現金支付約 99,432（表列行政管理費 170,983 − 揭露數）",medium
N19,中園,110,收入不得以淨額入帳,附註二(八)：所有收入，均應列入各相關收入項目，並以收入總額入帳，不得以收支相抵後淨額入帳。,,"科目名稱含「淨額」：延後托育收入淨額；收入與支出金額完全相同：其他收入 = 其他支出 = 2,790,042——可能為代收代付，需確認是否總額入帳",medium
N19,中園,111,資遣費準備金 資產=負債,附註二(四)：以專戶或定期存款方式儲存之資遣費準備金，帳列非流動資產項下，基金數額應與非流動負債數額相符。,True,"資產 217,841 vs 負債 217,841，差額 +0",medium
N19,中園,111,業務發展準備金 資產=負債,附註二(五)：應於同意後一個月內，以專戶或定期存款方式儲存（帳列非流動資產，與非流動負債相符）。,True,"資產 3,282,000 = 負債 3,282,000",high
N19,中園,111,虧損年度不得提列業務發展準備,附註二(五)：非營利幼兒園未發生虧損之年度…始得提列業務發展準備金。,True,"提列 980,000，本期餘絀 +186,833（未虧損）",high
N19,中園,111,業務發展準備提列上限 20%,附註二(五)：至多提列收入總額（家長繳交之費用；其有政府差額補助費者，應合併計算）之百分之20為業務發展準備金。,True,"提列 980,000 = 收入合計 16,335,675 的 6.0%",high
N19,中園,111,人事費不得流出,附註二(十)1.(3)：人事費不得流出。,,"人事費少支 1,335,569（決算 8,582,980 / 預算 9,918,549），同期支出合計超支 2,832,271。少支本身不等於流出（可能為缺額未補），但需確認是否將人事費挪用於其他科目",high
N19,中園,111,附註五揭露 = 年末應付受託法人餘額,附註五 關係人交易：揭露予受託法人（關係人）之年末應付款餘額；全語料庫 96% 的報告中，此揭露數即為該年末應付受託法人餘額。,True,"附註五揭露 121,821 vs 年末應付受託法人款 121,821，差額 +0；本年度以現金支付約 49,162（表列行政管理費 170,983 − 揭露數）",medium
N19,中園,111,收入不得以淨額入帳,附註二(八)：所有收入，均應列入各相關收入項目，並以收入總額入帳，不得以收支相抵後淨額入帳。,,"科目名稱含「淨額」：延後托育收入淨額；收入與支出金額完全相同：其他收入 = 其他支出 = 3,632,518——可能為代收代付，需確認是否總額入帳",medium
N19,中園,112,資遣費準備金 資產=負債,附註二(四)：以專戶或定期存款方式儲存之資遣費準備金，帳列非流動資產項下，基金數額應與非流動負債數額相符。,True,"資產 289,981 vs 負債 289,981，差額 +0",medium
N19,中園,112,業務發展準備金 資產=負債,附註二(五)：應於同意後一個月內，以專戶或定期存款方式儲存（帳列非流動資產，與非流動負債相符）。,True,"資產 5,492,000 = 負債 5,492,000",high
N19,中園,112,虧損年度不得提列業務發展準備,附註二(五)：非營利幼兒園未發生虧損之年度…始得提列業務發展準備金。,True,"提列 2,210,000，本期餘絀 +292,370（未虧損）",high
N19,中園,112,業務發展準備提列上限 20%,附註二(五)：至多提列收入總額之百分之20為業務發展準備金。,True,"提列 2,210,000 = 收入合計 19,390,034 的 11.4%",high
N19,中園,112,人事費不得流出,附註二(十)1.(3)：人事費不得流出。,,"人事費少支 1,670,379（決算 11,256,942 / 預算 12,927,321），同期支出合計超支 2,198,687。少支本身不等於流出（可能為缺額未補），但需確認是否將人事費挪用於其他科目",high
N19,中園,112,附註五揭露 = 年末應付受託法人餘額,附註五 關係人交易：揭露予受託法人（關係人）之年末應付款餘額；全語料庫 96% 的報告中，此揭露數即為該年末應付受託法人餘額。,True,"附註五揭露 221,908 vs 年末應付受託法人款 221,908，差額 +0；本年度以現金支付約 104,024（表列行政管理費 325,932 − 揭露數）",medium
N19,中園,112,收入不得以淨額入帳,附註二(八)：所有收入，均應列入各相關收入項目，並以收入總額入帳，不得以收支相抵後淨額入帳。,,"科目名稱含「淨額」：延長照顧服務收入淨額；收入與支出金額完全相同：其他收入 = 其他支出 = 2,572,267——可能為代收代付，需確認是否總額入帳",medium
N19,中園,113,資遣費準備金 資產=負債,附註二(四)：以專戶或定期存款方式儲存之資遣費準備金，帳列非流動資產項下，基金數額應與非流動負債數額相符。,True,"資產 363,727 vs 負債 363,727，差額 +0",medium
N19,中園,113,業務發展準備金 資產=負債,附註二(五)：應於同意後一個月內，以專戶或定期存款方式儲存（帳列非流動資產，與非流動負債相符）。,True,"資產 9,072,000 = 負債 9,072,000",high
N19,中園,113,虧損年度不得提列業務發展準備,附註二(五)：非營利幼兒園未發生虧損之年度…始得提列業務發展準備金。,,"提列 3,580,000 後本期餘絀 -295,085（虧損），但提列前為 +3,284,915（未虧損）——虧損係提列本身造成，是否符合「未發生虧損之年度」需主管機關認定",high
N19,中園,113,業務發展準備提列上限 20%,附註二(五)：至多提列收入總額之百分之20為業務發展準備金。,True,"提列 3,580,000 = 收入合計 20,306,043 的 17.6%",high
N19,中園,113,人事費不得流出,附註二(十)1.(3)：人事費不得流出。,,"人事費少支 1,668,191（決算 11,556,371 / 預算 13,224,562），同期支出合計超支 3,569,846。少支本身不等於流出（可能為缺額未補），但需確認是否將人事費挪用於其他科目",high
N19,中園,113,附註五揭露 = 年末應付受託法人餘額,附註五 關係人交易：揭露予受託法人（關係人）之年末應付款餘額；全語料庫 96% 的報告中，此揭露數即為該年末應付受託法人餘額。,True,"附註五揭露 203,350 vs 年末應付受託法人款 203,350，差額 +0；本年度以現金支付約 108,606（表列行政管理費 311,956 − 揭露數）",medium
N19,中園,113,收入不得以淨額入帳,附註二(八)：所有收入，均應列入各相關收入項目，並以收入總額入帳，不得以收支相抵後淨額入帳。,,"科目名稱含「淨額」：延長照顧服務收入淨額；收入與支出金額完全相同：其他收入 = 其他支出 = 2,381,021；延長照顧服務收入淨額 = 延長照顧服務支出 = 171,745——可能為代收代付，需確認是否總額入帳",medium
N20,柏翠,110,資遣費準備金 資產=負債,附註二(四)：以專戶或定期存款方式儲存之資遣費準備金，帳列非流動資產項下，基金數額應與非流動負債數額相符。,True,"資產 162,082 vs 負債 162,082，差額 +0",medium
N20,柏翠,110,業務發展準備金 資產=負債,附註二(五)：應於同意後一個月內，以專戶或定期存款方式儲存（帳列非流動資產，與非流動負債相符）。,,兩側皆未列示,medium
N20,柏翠,110,虧損年度不得提列業務發展準備,附註二(五)：非營利幼兒園未發生虧損之年度…始得提列業務發展準備金。,,缺業務發展費或本期餘絀,high
N20,柏翠,110,業務發展準備提列上限 20%,附註二(五)：至多提列收入總額（家長繳交之費用；其有政府差額補助費者，應合併計算）之百分之20為業務發展準備金。,,缺業務發展費或收入合計,high
N20,柏翠,110,人事費不得流出,附註二(十)1.(3)：人事費不得流出。,,"人事費少支 1,823,405（決算 9,767,193 / 預算 11,590,598），同期支出合計超支 553,672。少支本身不等於流出（可能為缺額未補），但需確認是否將人事費挪用於其他科目",high
N20,柏翠,110,附註五揭露 = 年末應付受託法人餘額,附註五 關係人交易：揭露予受託法人（關係人）之年末應付款餘額；全語料庫 96% 的報告中，此揭露數即為該年末應付受託法人餘額。,True,"附註五揭露 192,420 vs 年末應付受託法人款 192,420，差額 +0；本年度以現金支付約 4,000（表列行政管理費 196,420 − 揭露數）",medium
N20,柏翠,110,收入不得以淨額入帳,附註二(八)：所有收入，均應列入各相關收入項目，並以收入總額入帳，不得以收支相抵後淨額入帳。,,"科目名稱含「淨額」：延後托育收入淨額；收入與支出金額完全相同：其他收入 = 其他支出 = 2,658,341——可能為代收代付，需確認是否總額入帳",medium
N20,柏翠,111,資遣費準備金 資產=負債,附註二(四)：以專戶或定期存款方式儲存之資遣費準備金，帳列非流動資產項下，基金數額應與非流動負債數額相符。,True,"資產 229,670 vs 負債 229,670，差額 +0",medium
N20,柏翠,111,業務發展準備金 資產=負債,附註二(五)：應於同意後一個月內，以專戶或定期存款方式儲存（帳列非流動資產，與非流動負債相符）。,,兩側皆未列示,medium
N20,柏翠,111,虧損年度不得提列業務發展準備,附註二(五)：非營利幼兒園未發生虧損之年度…始得提列業務發展準備金。,,缺業務發展費或本期餘絀,high
N20,柏翠,111,業務發展準備提列上限 20%,附註二(五)：至多提列收入總額（家長繳交之費用；其有政府差額補助費者，應合併計算）之百分之20為業務發展準備金。,,缺業務發展費或收入合計,high
N20,柏翠,111,人事費不得流出,附註二(十)1.(3)：人事費不得流出。,,"人事費少支 1,564,138（決算 10,307,328 / 預算 11,871,466），同期支出合計超支 1,925,704。少支本身不等於流出（可能為缺額未補），但需確認是否將人事費挪用於其他科目",high
N20,柏翠,111,附註五揭露 = 年末應付受託法人餘額,附註五 關係人交易：揭露予受託法人（關係人）之年末應付款餘額；全語料庫 96% 的報告中，此揭露數即為該年末應付受託法人餘額。,True,"附註五揭露 187,889 vs 年末應付受託法人款 187,889，差額 +0；本年度以現金支付約 8,531（表列行政管理費 196,420 − 揭露數）",medium
N20,柏翠,111,收入不得以淨額入帳,附註二(八)：所有收入，均應列入各相關收入項目，並以收入總額入帳，不得以收支相抵後淨額入帳。,,"科目名稱含「淨額」：延後托育收入淨額；收入與支出金額完全相同：其他收入 = 其他支出 = 3,471,196——可能為代收代付，需確認是否總額入帳",medium
N20,柏翠,112,資遣費準備金 資產=負債,附註二(四)：以專戶或定期存款方式儲存之資遣費準備金，帳列非流動資產項下，基金數額應與非流動負債數額相符。,False,"資產 230,882 vs 負債 312,600，差額 +81,718　⚠️ 但 113 學年度已補足（見 reserve_timeseries.csv），非持續性缺口",medium
N20,柏翠,112,業務發展準備金 資產=負債,附註二(五)：應於同意後一個月內，以專戶或定期存款方式儲存（帳列非流動資產，與非流動負債相符）。,,兩側皆未列示,medium
N20,柏翠,112,虧損年度不得提列業務發展準備,附註二(五)：非營利幼兒園未發生虧損之年度…始得提列業務發展準備金。,,缺業務發展費或本期餘絀,high
N20,柏翠,112,業務發展準備提列上限 20%,附註二(五)：至多提列收入總額之百分之20為業務發展準備金。,,缺業務發展費或收入合計,high
N20,柏翠,112,人事費不得流出,附註二(十)1.(3)：人事費不得流出。,,"人事費少支 1,987,285（決算 12,881,177 / 預算 14,868,462），同期支出合計節餘 215,441。少支本身不等於流出（可能為缺額未補），但需確認是否將人事費挪用於其他科目",high
N20,柏翠,112,附註五揭露 = 年末應付受託法人餘額,附註五 關係人交易：揭露予受託法人（關係人）之年末應付款餘額；全語料庫 96% 的報告中，此揭露數即為該年末應付受託法人餘額。,True,"附註五揭露 299,060 vs 年末應付受託法人款 299,060，差額 +0；本年度以現金支付約 64,939（表列行政管理費 363,999 − 揭露數）",medium
N20,柏翠,112,收入不得以淨額入帳,附註二(八)：所有收入，均應列入各相關收入項目，並以收入總額入帳，不得以收支相抵後淨額入帳。,,"科目名稱含「淨額」：延長照顧服務收入淨額；收入與支出金額完全相同：其他收入 = 其他支出 = 2,288,367——可能為代收代付，需確認是否總額入帳",medium
N20,柏翠,113,資遣費準備金 資產=負債,附註二(四)：以專戶或定期存款方式儲存之資遣費準備金，帳列非流動資產項下，基金數額應與非流動負債數額相符。,True,"資產 397,250 vs 負債 397,250，差額 +0",medium
N20,柏翠,113,業務發展準備金 資產=負債,附註二(五)：應於同意後一個月內，以專戶或定期存款方式儲存（帳列非流動資產，與非流動負債相符）。,,兩側皆未列示,medium
N20,柏翠,113,虧損年度不得提列業務發展準備,附註二(五)：非營利幼兒園未發生虧損之年度…始得提列業務發展準備金。,,缺業務發展費或本期餘絀,high
N20,柏翠,113,業務發展準備提列上限 20%,附註二(五)：至多提列收入總額之百分之20為業務發展準備金。,,缺業務發展費或收入合計,high
N20,柏翠,113,人事費不得流出,附註二(十)1.(3)：人事費不得流出。,,"人事費少支 1,880,220（決算 13,308,102 / 預算 15,188,322），同期支出合計超支 1,831,151。少支本身不等於流出（可能為缺額未補），但需確認是否將人事費挪用於其他科目",high
N20,柏翠,113,附註五揭露 = 年末應付受託法人餘額,附註五 關係人交易：揭露予受託法人（關係人）之年末應付款餘額；全語料庫 96% 的報告中，此揭露數即為該年末應付受託法人餘額。,True,"附註五揭露 326,485 vs 年末應付受託法人款 326,485，差額 +0；本年度以現金支付約 21,649（表列行政管理費 348,134 − 揭露數）",medium
N20,柏翠,113,收入不得以淨額入帳,附註二(八)：所有收入，均應列入各相關收入項目，並以收入總額入帳，不得以收支相抵後淨額入帳。,,"科目名稱含「淨額」：延長照顧服務收入淨額；收入與支出金額完全相同：其他收入 = 其他支出 = 3,881,661——可能為代收代付，需確認是否總額入帳",medium
N21,文創,110,資遣費準備金 資產=負債,附註二(四)：以專戶或定期存款方式儲存之資遣費準備金，帳列非流動資產項下，基金數額應與非流動負債數額相符。,False,"資產 47,190 vs 負債 49,824，差額 +2,634　⚠️ 但 111 學年度已補足（見 reserve_timeseries.csv），非持續性缺口",medium
N21,文創,110,業務發展準備金 資產=負債,附註二(五)：應於同意後一個月內，以專戶或定期存款方式儲存（帳列非流動資產，與非流動負債相符）。,True,"資產 3,487,660 = 負債 3,487,660",high
N21,文創,110,虧損年度不得提列業務發展準備,附註二(五)：非營利幼兒園未發生虧損之年度…始得提列業務發展準備金。,True,"提列 1,704,960，本期餘絀 +510,477（未虧損）",high
N21,文創,110,業務發展準備提列上限 20%,附註二(五)：至多提列收入總額（家長繳交之費用；其有政府差額補助費者，應合併計算）之百分之20為業務發展準備金。,True,"提列 1,704,960 = 收入合計 11,784,105 的 14.5%",high
N21,文創,110,人事費不得流出,附註二(十)1.(3)：人事費不得流出。,,"人事費少支 1,388,335（決算 5,557,050 / 預算 6,945,385），同期支出合計超支 875,126。少支本身不等於流出（可能為缺額未補），但需確認是否將人事費挪用於其他科目",high
N21,文創,110,附註五揭露 = 年末應付受託法人餘額,附註五 關係人交易：揭露予受託法人（關係人）之年末應付款餘額；全語料庫 96% 的報告中，此揭露數即為該年末應付受託法人餘額。,True,"附註五揭露 125,760 vs 年末應付受託法人款 125,760，差額 +0；本年度以現金支付約 0（表列行政管理費 125,760 − 揭露數）",medium
N21,文創,110,收入不得以淨額入帳,附註二(八)：所有收入，均應列入各相關收入項目，並以收入總額入帳，不得以收支相抵後淨額入帳。,,"科目名稱含「淨額」：延後托育收入淨額；收入與支出金額完全相同：其他收入 = 其他支出 = 1,582,056——可能為代收代付，需確認是否總額入帳",medium
N21,文創,111,資遣費準備金 資產=負債,附註二(四)：以專戶或定期存款方式儲存之資遣費準備金，帳列非流動資產項下，基金數額應與非流動負債數額相符。,True,"資產 90,127 vs 負債 90,127，差額 +0",medium
N21,文創,111,業務發展準備金 資產=負債,附註二(五)：應於同意後一個月內，以專戶或定期存款方式儲存（帳列非流動資產，與非流動負債相符）。,True,"資產 5,190,660 = 負債 5,190,660",high
N21,文創,111,虧損年度不得提列業務發展準備,附註二(五)：非營利幼兒園未發生虧損之年度…始得提列業務發展準備金。,True,"提列 1,703,000，本期餘絀 +716,777（未虧損）",high
N21,文創,111,業務發展準備提列上限 20%,附註二(五)：至多提列收入總額（家長繳交之費用；其有政府差額補助費者，應合併計算）之百分之20為業務發展準備金。,True,"提列 1,703,000 = 收入合計 12,527,496 的 13.6%",high
N21,文創,111,人事費不得流出,附註二(十)1.(3)：人事費不得流出。,,"人事費少支 1,736,785（決算 5,405,235 / 預算 7,142,020），同期支出合計超支 1,213,117。少支本身不等於流出（可能為缺額未補），但需確認是否將人事費挪用於其他科目",high
N21,文創,111,附註五揭露 = 年末應付受託法人餘額,附註五 關係人交易：揭露予受託法人（關係人）之年末應付款餘額；全語料庫 96% 的報告中，此揭露數即為該年末應付受託法人餘額。,True,"附註五揭露 125,760 vs 年末應付受託法人款 125,760，差額 +0；本年度以現金支付約 0（表列行政管理費 125,760 − 揭露數）",medium
N21,文創,111,收入不得以淨額入帳,附註二(八)：所有收入，均應列入各相關收入項目，並以收入總額入帳，不得以收支相抵後淨額入帳。,,"科目名稱含「淨額」：延後托育收入淨額；收入與支出金額完全相同：其他收入 = 其他支出 = 2,196,066——可能為代收代付，需確認是否總額入帳",medium
N21,文創,112,資遣費準備金 資產=負債,附註二(四)：以專戶或定期存款方式儲存之資遣費準備金，帳列非流動資產項下，基金數額應與非流動負債數額相符。,True,"資產 134,107 vs 負債 134,107，差額 +0",medium
N21,文創,112,業務發展準備金 資產=負債,附註二(五)：應於同意後一個月內，以專戶或定期存款方式儲存（帳列非流動資產，與非流動負債相符）。,True,"資產 7,682,438 = 負債 7,682,438",high
N21,文創,112,虧損年度不得提列業務發展準備,附註二(五)：非營利幼兒園未發生虧損之年度…始得提列業務發展準備金。,,"提列 2,491,778 後本期餘絀 -552,072（虧損），但提列前為 +1,939,706（未虧損）——虧損係提列本身造成，是否符合「未發生虧損之年度」需主管機關認定",high
N21,文創,112,業務發展準備提列上限 20%,附註二(五)：至多提列收入總額之百分之20為業務發展準備金。,True,"提列 2,491,778 = 收入合計 12,536,427 的 19.9%",high
N21,文創,112,人事費不得流出,附註二(十)1.(3)：人事費不得流出。,,"人事費少支 1,300,328（決算 6,575,048 / 預算 7,875,376），同期支出合計超支 1,467,601。少支本身不等於流出（可能為缺額未補），但需確認是否將人事費挪用於其他科目",high
N21,文創,112,附註五揭露 = 年末應付受託法人餘額,附註五 關係人交易：揭露予受託法人（關係人）之年末應付款餘額；全語料庫 96% 的報告中，此揭露數即為該年末應付受託法人餘額。,True,"附註五揭露 229,200 vs 年末應付受託法人款 229,200，差額 +0；本年度以現金支付約 0（表列行政管理費 229,200 − 揭露數）",medium
N21,文創,112,收入不得以淨額入帳,附註二(八)：所有收入，均應列入各相關收入項目，並以收入總額入帳，不得以收支相抵後淨額入帳。,,"科目名稱含「淨額」：延長照顧服務收入淨額；收入與支出金額完全相同：其他收入 = 其他支出 = 1,250,884——可能為代收代付，需確認是否總額入帳",medium
N21,文創,113,資遣費準備金 資產=負債,附註二(四)：以專戶或定期存款方式儲存之資遣費準備金，帳列非流動資產項下，基金數額應與非流動負債數額相符。,True,"資產 179,105 vs 負債 179,105，差額 +0",medium
N21,文創,113,業務發展準備金 資產=負債,附註二(五)：應於同意後一個月內，以專戶或定期存款方式儲存（帳列非流動資產，與非流動負債相符）。,True,"資產 10,065,571 = 負債 10,065,571",high
N21,文創,113,虧損年度不得提列業務發展準備,附註二(五)：非營利幼兒園未發生虧損之年度…始得提列業務發展準備金。,True,"提列 2,383,133，本期餘絀 +457,305（未虧損）",high
N21,文創,113,業務發展準備提列上限 20%,附註二(五)：至多提列收入總額之百分之20為業務發展準備金。,True,"提列 2,383,133 = 收入合計 14,142,103 的 16.9%",high
N21,文創,113,人事費不得流出,附註二(十)1.(3)：人事費不得流出。,,"人事費少支 1,403,482（決算 6,659,960 / 預算 8,063,442），同期支出合計超支 2,116,428。少支本身不等於流出（可能為缺額未補），但需確認是否將人事費挪用於其他科目",high
N21,文創,113,附註五揭露 = 年末應付受託法人餘額,附註五 關係人交易：揭露予受託法人（關係人）之年末應付款餘額；全語料庫 96% 的報告中，此揭露數即為該年末應付受託法人餘額。,False,"附註五揭露 208,236 vs 年末應付受託法人款 193,331，差額 -14,905；本年度以現金支付約 0（表列行政管理費 208,236 − 揭露數）",medium
N21,文創,113,收入不得以淨額入帳,附註二(八)：所有收入，均應列入各相關收入項目，並以收入總額入帳，不得以收支相抵後淨額入帳。,,"科目名稱含「淨額」：延長照顧服務收入淨額；收入與支出金額完全相同：其他收入 = 其他支出 = 1,920,891——可能為代收代付，需確認是否總額入帳",medium
N22,文仁,110,資遣費準備金 資產=負債,附註二(四)：以專戶或定期存款方式儲存之資遣費準備金，帳列非流動資產項下，基金數額應與非流動負債數額相符。,True,"資產 94,838 vs 負債 94,838，差額 +0",medium
N22,文仁,110,業務發展準備金 資產=負債,附註二(五)：應於同意後一個月內，以專戶或定期存款方式儲存（帳列非流動資產，與非流動負債相符）。,True,"資產 2,723,000 = 負債 2,723,000",high
N22,文仁,110,虧損年度不得提列業務發展準備,附註二(五)：非營利幼兒園未發生虧損之年度…始得提列業務發展準備金。,True,"提列 1,323,000，本期餘絀 +268,804（未虧損）",high
N22,文仁,110,業務發展準備提列上限 20%,附註二(五)：至多提列收入總額（家長繳交之費用；其有政府差額補助費者，應合併計算）之百分之20為業務發展準備金。,True,"提列 1,323,000 = 收入合計 12,475,991 的 10.6%",high
N22,文仁,110,人事費不得流出,附註二(十)1.(3)：人事費不得流出。,,"人事費少支 792,865（決算 6,320,807 / 預算 7,113,672），同期支出合計超支 1,831,957。少支本身不等於流出（可能為缺額未補），但需確認是否將人事費挪用於其他科目",high
N22,文仁,110,附註五揭露 = 年末應付受託法人餘額,附註五 關係人交易：揭露予受託法人（關係人）之年末應付款餘額；全語料庫 96% 的報告中，此揭露數即為該年末應付受託法人餘額。,True,"附註五揭露 124,440 vs 年末應付受託法人款 124,440，差額 +0；本年度以現金支付約 0（表列行政管理費 124,440 − 揭露數）",medium
N22,文仁,110,收入不得以淨額入帳,附註二(八)：所有收入，均應列入各相關收入項目，並以收入總額入帳，不得以收支相抵後淨額入帳。,,"科目名稱含「淨額」：延後托育收入淨額；收入與支出金額完全相同：其他收入 = 其他支出 = 1,788,653——可能為代收代付，需確認是否總額入帳",medium
N22,文仁,111,資遣費準備金 資產=負債,附註二(四)：以專戶或定期存款方式儲存之資遣費準備金，帳列非流動資產項下，基金數額應與非流動負債數額相符。,True,"資產 134,442 vs 負債 134,442，差額 +0",medium
N22,文仁,111,業務發展準備金 資產=負債,附註二(五)：應於同意後一個月內，以專戶或定期存款方式儲存（帳列非流動資產，與非流動負債相符）。,True,"資產 4,303,000 = 負債 4,303,000",high
N22,文仁,111,虧損年度不得提列業務發展準備,附註二(五)：非營利幼兒園未發生虧損之年度…始得提列業務發展準備金。,True,"提列 1,580,000，本期餘絀 +302,590（未虧損）",high
N22,文仁,111,業務發展準備提列上限 20%,附註二(五)：至多提列收入總額（家長繳交之費用；其有政府差額補助費者，應合併計算）之百分之20為業務發展準備金。,True,"提列 1,580,000 = 收入合計 13,353,244 的 11.8%",high
N22,文仁,111,人事費不得流出,附註二(十)1.(3)：人事費不得流出。,,"人事費少支 1,227,619（決算 6,071,285 / 預算 7,298,904），同期支出合計超支 2,507,668。少支本身不等於流出（可能為缺額未補），但需確認是否將人事費挪用於其他科目",high
N22,文仁,111,附註五揭露 = 年末應付受託法人餘額,附註五 關係人交易：揭露予受託法人（關係人）之年末應付款餘額；全語料庫 96% 的報告中，此揭露數即為該年末應付受託法人餘額。,True,"附註五揭露 124,440 vs 年末應付受託法人款 124,440，差額 +0；本年度以現金支付約 0（表列行政管理費 124,440 − 揭露數）",medium
N22,文仁,111,收入不得以淨額入帳,附註二(八)：所有收入，均應列入各相關收入項目，並以收入總額入帳，不得以收支相抵後淨額入帳。,,"科目名稱含「淨額」：延後托育收入淨額；收入與支出金額完全相同：其他收入 = 其他支出 = 2,636,325——可能為代收代付，需確認是否總額入帳",medium
N22,文仁,112,資遣費準備金 資產=負債,附註二(四)：以專戶或定期存款方式儲存之資遣費準備金，帳列非流動資產項下，基金數額應與非流動負債數額相符。,True,"資產 176,853 vs 負債 176,853，差額 +0",medium
N22,文仁,112,業務發展準備金 資產=負債,附註二(五)：應於同意後一個月內，以專戶或定期存款方式儲存（帳列非流動資產，與非流動負債相符）。,True,"資產 6,593,000 = 負債 6,593,000",high
N22,文仁,112,虧損年度不得提列業務發展準備,附註二(五)：非營利幼兒園未發生虧損之年度…始得提列業務發展準備金。,True,"提列 2,290,000，本期餘絀 +9,382（未虧損）",high
N22,文仁,112,業務發展準備提列上限 20%,附註二(五)：至多提列收入總額之百分之20為業務發展準備金。,True,"提列 2,290,000 = 收入合計 13,559,828 的 16.9%",high
N22,文仁,112,人事費不得流出,附註二(十)1.(3)：人事費不得流出。,,"人事費少支 1,460,470（決算 6,441,218 / 預算 7,901,688），同期支出合計超支 1,961,416。少支本身不等於流出（可能為缺額未補），但需確認是否將人事費挪用於其他科目",high
N22,文仁,112,附註五揭露 = 年末應付受託法人餘額,附註五 關係人交易：揭露予受託法人（關係人）之年末應付款餘額；全語料庫 96% 的報告中，此揭露數即為該年末應付受託法人餘額。,True,"附註五揭露 229,000 vs 年末應付受託法人款 229,000，差額 +0；本年度以現金支付約 0（表列行政管理費 229,000 − 揭露數）",medium
N22,文仁,112,收入不得以淨額入帳,附註二(八)：所有收入，均應列入各相關收入項目，並以收入總額入帳，不得以收支相抵後淨額入帳。,,"科目名稱含「淨額」：延長照顧服務收入淨額；收入與支出金額完全相同：其他收入 = 其他支出 = 1,864,808；延長照顧服務收入淨額 = 延長照顧服務支出 = 281,615——可能為代收代付，需確認是否總額入帳",medium
N22,文仁,113,資遣費準備金 資產=負債,附註二(四)：以專戶或定期存款方式儲存之資遣費準備金，帳列非流動資產項下，基金數額應與非流動負債數額相符。,True,"資產 220,228 vs 負債 220,228，差額 +0",medium
N22,文仁,113,業務發展準備金 資產=負債,附註二(五)：應於同意後一個月內，以專戶或定期存款方式儲存（帳列非流動資產，與非流動負債相符）。,True,"資產 9,520,000 = 負債 9,520,000",high
N22,文仁,113,虧損年度不得提列業務發展準備,附註二(五)：非營利幼兒園未發生虧損之年度…始得提列業務發展準備金。,True,"提列 2,927,000，本期餘絀 +436,310（未虧損）",high
N22,文仁,113,業務發展準備提列上限 20%,附註二(五)：至多提列收入總額之百分之20為業務發展準備金。,True,"提列 2,927,000 = 收入合計 14,701,958 的 19.9%",high
N22,文仁,113,人事費不得流出,附註二(十)1.(3)：人事費不得流出。,,"人事費少支 1,501,667（決算 6,584,499 / 預算 8,086,166），同期支出合計超支 2,609,498。少支本身不等於流出（可能為缺額未補），但需確認是否將人事費挪用於其他科目",high
N22,文仁,113,附註五揭露 = 年末應付受託法人餘額,附註五 關係人交易：揭露予受託法人（關係人）之年末應付款餘額；全語料庫 96% 的報告中，此揭露數即為該年末應付受託法人餘額。,True,"附註五揭露 218,518 vs 年末應付受託法人款 218,518，差額 +0；本年度以現金支付約 0（表列行政管理費 218,518 − 揭露數）",medium
N22,文仁,113,收入不得以淨額入帳,附註二(八)：所有收入，均應列入各相關收入項目，並以收入總額入帳，不得以收支相抵後淨額入帳。,,"科目名稱含「淨額」：延長照顧服務收入淨額；收入與支出金額完全相同：其他收入 = 其他支出 = 1,915,580；延長照顧服務收入淨額 = 延長照顧服務支出 = 147,170——可能為代收代付，需確認是否總額入帳",medium
N23,菁湖,110,資遣費準備金 資產=負債,附註二(四)：以專戶或定期存款方式儲存之資遣費準備金，帳列非流動資產項下，基金數額應與非流動負債數額相符。,True,"資產 65,152 vs 負債 65,152，差額 +0",medium
N23,菁湖,110,業務發展準備金 資產=負債,附註二(五)：應於同意後一個月內，以專戶或定期存款方式儲存（帳列非流動資產，與非流動負債相符）。,True,"資產 521,550 = 負債 521,550",high
N23,菁湖,110,虧損年度不得提列業務發展準備,附註二(五)：非營利幼兒園未發生虧損之年度…始得提列業務發展準備金。,True,"提列 521,550，本期餘絀 +1,215,702（未虧損）",high
N23,菁湖,110,業務發展準備提列上限 20%,附註二(五)：至多提列收入總額（家長繳交之費用；其有政府差額補助費者，應合併計算）之百分之20為業務發展準備金。,True,"提列 521,550 = 收入合計 12,725,890 的 4.1%",high
N23,菁湖,110,人事費不得流出,附註二(十)1.(3)：人事費不得流出。,,"人事費少支 980,238（決算 6,594,614 / 預算 7,574,852），同期支出合計超支 985,819。少支本身不等於流出（可能為缺額未補），但需確認是否將人事費挪用於其他科目",high
N23,菁湖,110,附註五揭露 = 年末應付受託法人餘額,附註五 關係人交易：揭露予受託法人（關係人）之年末應付款餘額；全語料庫 96% 的報告中，此揭露數即為該年末應付受託法人餘額。,True,"附註五揭露 147,589 vs 年末應付受託法人款 147,589，差額 +0；本年度以現金支付約 0（表列行政管理費 147,589 − 揭露數）",medium
N23,菁湖,110,收入不得以淨額入帳,附註二(八)：所有收入，均應列入各相關收入項目，並以收入總額入帳，不得以收支相抵後淨額入帳。,,"科目名稱含「淨額」：延後托育收入淨額；收入與支出金額完全相同：其他收入 = 其他支出 = 2,091,747——可能為代收代付，需確認是否總額入帳",medium
N23,菁湖,111,資遣費準備金 資產=負債,附註二(四)：以專戶或定期存款方式儲存之資遣費準備金，帳列非流動資產項下，基金數額應與非流動負債數額相符。,True,"資產 107,762 vs 負債 107,762，差額 +0",medium
N23,菁湖,111,業務發展準備金 資產=負債,附註二(五)：應於同意後一個月內，以專戶或定期存款方式儲存（帳列非流動資產，與非流動負債相符）。,True,"資產 1,573,650 = 負債 1,573,650",high
N23,菁湖,111,虧損年度不得提列業務發展準備,附註二(五)：非營利幼兒園未發生虧損之年度…始得提列業務發展準備金。,True,"提列 1,052,100，本期餘絀 +489,766（未虧損）",high
N23,菁湖,111,業務發展準備提列上限 20%,附註二(五)：至多提列收入總額（家長繳交之費用；其有政府差額補助費者，應合併計算）之百分之20為業務發展準備金。,True,"提列 1,052,100 = 收入合計 13,018,126 的 8.1%",high
N23,菁湖,111,人事費不得流出,附註二(十)1.(3)：人事費不得流出。,,"人事費少支 1,116,013（決算 6,714,037 / 預算 7,830,050），同期支出合計超支 1,750,937。少支本身不等於流出（可能為缺額未補），但需確認是否將人事費挪用於其他科目",high
N23,菁湖,111,附註五揭露 = 年末應付受託法人餘額,附註五 關係人交易：揭露予受託法人（關係人）之年末應付款餘額；全語料庫 96% 的報告中，此揭露數即為該年末應付受託法人餘額。,True,"附註五揭露 147,466 vs 年末應付受託法人款 147,466，差額 +0；本年度以現金支付約 123（表列行政管理費 147,589 − 揭露數）",medium
N23,菁湖,111,收入不得以淨額入帳,附註二(八)：所有收入，均應列入各相關收入項目，並以收入總額入帳，不得以收支相抵後淨額入帳。,,"科目名稱含「淨額」：延後托育收入淨額；收入與支出金額完全相同：其他收入 = 其他支出 = 2,493,958——可能為代收代付，需確認是否總額入帳",medium
N23,菁湖,112,資遣費準備金 資產=負債,附註二(四)：以專戶或定期存款方式儲存之資遣費準備金，帳列非流動資產項下，基金數額應與非流動負債數額相符。,True,"資產 153,960 vs 負債 153,960，差額 +0",medium
N23,菁湖,112,業務發展準備金 資產=負債,附註二(五)：應於同意後一個月內，以專戶或定期存款方式儲存（帳列非流動資產，與非流動負債相符）。,True,"資產 4,388,998 = 負債 4,388,998",high
N23,菁湖,112,虧損年度不得提列業務發展準備,附註二(五)：非營利幼兒園未發生虧損之年度…始得提列業務發展準備金。,True,"提列 2,815,348，本期餘絀 +498,586（未虧損）",high
N23,菁湖,112,業務發展準備提列上限 20%,附註二(五)：至多提列收入總額之百分之20為業務發展準備金。,True,"提列 2,815,348 = 收入合計 15,309,384 的 18.4%",high
N23,菁湖,112,人事費不得流出,附註二(十)1.(3)：人事費不得流出。,,"人事費少支 3,257,517（決算 4,776,110 / 預算 8,033,627），同期支出合計超支 3,829,798。少支本身不等於流出（可能為缺額未補），但需確認是否將人事費挪用於其他科目",high
N23,菁湖,112,附註五揭露 = 年末應付受託法人餘額,附註五 關係人交易：揭露予受託法人（關係人）之年末應付款餘額；全語料庫 96% 的報告中，此揭露數即為該年末應付受託法人餘額。,True,"附註五揭露 147,589 vs 年末應付受託法人款 147,589，差額 +0；本年度以現金支付約 0（表列行政管理費 147,589 − 揭露數）",medium
N23,菁湖,112,收入不得以淨額入帳,附註二(八)：所有收入，均應列入各相關收入項目，並以收入總額入帳，不得以收支相抵後淨額入帳。,,"科目名稱含「淨額」：延長照顧服務收入淨額；收入與支出金額完全相同：其他收入 = 其他支出 = 4,787,611；延長照顧服務收入淨額 = 延長照顧服務支出 = 183,330——可能為代收代付，需確認是否總額入帳",medium
N23,菁湖,113,資遣費準備金 資產=負債,附註二(四)：以專戶或定期存款方式儲存之資遣費準備金，帳列非流動資產項下，基金數額應與非流動負債數額相符。,True,"資產 209,277 vs 負債 209,277，差額 +0",medium
N23,菁湖,113,業務發展準備金 資產=負債,附註二(五)：應於同意後一個月內，以專戶或定期存款方式儲存（帳列非流動資產，與非流動負債相符）。,True,"資產 7,394,375 = 負債 7,394,375",high
N23,菁湖,113,虧損年度不得提列業務發展準備,附註二(五)：非營利幼兒園未發生虧損之年度…始得提列業務發展準備金。,,"提列 3,005,377 後本期餘絀 -626,701（虧損），但提列前為 +2,378,676（未虧損）——虧損係提列本身造成，是否符合「未發生虧損之年度」需主管機關認定",high
N23,菁湖,113,業務發展準備提列上限 20%,附註二(五)：至多提列收入總額之百分之20為業務發展準備金。,True,"提列 3,005,377 = 收入合計 15,712,945 的 19.1%",high
N23,菁湖,113,人事費不得流出,附註二(十)1.(3)：人事費不得流出。,,"人事費少支 1,209,785（決算 8,617,950 / 預算 9,827,735），同期支出合計超支 3,327,707。少支本身不等於流出（可能為缺額未補），但需確認是否將人事費挪用於其他科目",high
N23,菁湖,113,附註五揭露 = 年末應付受託法人餘額,附註五 關係人交易：揭露予受託法人（關係人）之年末應付款餘額；全語料庫 96% 的報告中，此揭露數即為該年末應付受託法人餘額。,False,"附註五揭露 258,357 vs 年末應付受託法人款 256,120，差額 -2,237；本年度以現金支付約 783（表列行政管理費 259,140 − 揭露數）",medium
N23,菁湖,113,收入不得以淨額入帳,附註二(八)：所有收入，均應列入各相關收入項目，並以收入總額入帳，不得以收支相抵後淨額入帳。,,"科目名稱含「淨額」：延長照顧服務收入淨額；收入與支出金額完全相同：其他收入 = 其他支出 = 2,197,052；延長照顧服務收入淨額 = 延長照顧服務支出 = 118,998——可能為代收代付，需確認是否總額入帳",medium
N24,佳林,110,資遣費準備金 資產=負債,附註二(四)：以專戶或定期存款方式儲存之資遣費準備金，帳列非流動資產項下，基金數額應與非流動負債數額相符。,True,"資產 39,965 vs 負債 39,965，差額 +0",medium
N24,佳林,110,業務發展準備金 資產=負債,附註二(五)：應於同意後一個月內，以專戶或定期存款方式儲存（帳列非流動資產，與非流動負債相符）。,True,"資產 628,000 = 負債 628,000",high
N24,佳林,110,虧損年度不得提列業務發展準備,附註二(五)：非營利幼兒園未發生虧損之年度…始得提列業務發展準備金。,True,"提列 628,000，本期餘絀 +1,658,980（未虧損）",high
N24,佳林,110,業務發展準備提列上限 20%,附註二(五)：至多提列收入總額（家長繳交之費用；其有政府差額補助費者，應合併計算）之百分之20為業務發展準備金。,True,"提列 628,000 = 收入合計 10,834,255 的 5.8%",high
N24,佳林,110,人事費不得流出,附註二(十)1.(3)：人事費不得流出。,,"人事費少支 875,955（決算 5,829,309 / 預算 6,705,264），同期支出合計超支 65,528。少支本身不等於流出（可能為缺額未補），但需確認是否將人事費挪用於其他科目",high
N24,佳林,110,附註五揭露 = 年末應付受託法人餘額,附註五 關係人交易：揭露予受託法人（關係人）之年末應付款餘額；全語料庫 96% 的報告中，此揭露數即為該年末應付受託法人餘額。,True,"附註五揭露 191,700 vs 年末應付受託法人款 191,700，差額 +0；本年度以現金支付約 0（表列行政管理費 191,700 − 揭露數）",medium
N24,佳林,110,收入不得以淨額入帳,附註二(八)：所有收入，均應列入各相關收入項目，並以收入總額入帳，不得以收支相抵後淨額入帳。,,"科目名稱含「淨額」：延後托育收入淨額；收入與支出金額完全相同：其他收入 = 其他支出 = 720,808——可能為代收代付，需確認是否總額入帳",medium
N24,佳林,111,資遣費準備金 資產=負債,附註二(四)：以專戶或定期存款方式儲存之資遣費準備金，帳列非流動資產項下，基金數額應與非流動負債數額相符。,True,"資產 80,908 vs 負債 80,908，差額 +0",medium
N24,佳林,111,業務發展準備金 資產=負債,附註二(五)：應於同意後一個月內，以專戶或定期存款方式儲存（帳列非流動資產，與非流動負債相符）。,True,"資產 2,553,000 = 負債 2,553,000",high
N24,佳林,111,虧損年度不得提列業務發展準備,附註二(五)：非營利幼兒園未發生虧損之年度…始得提列業務發展準備金。,True,"提列 1,925,000，本期餘絀 +170,976（未虧損）",high
N24,佳林,111,業務發展準備提列上限 20%,附註二(五)：至多提列收入總額（家長繳交之費用；其有政府差額補助費者，應合併計算）之百分之20為業務發展準備金。,True,"提列 1,925,000 = 收入合計 11,717,487 的 16.4%",high
N24,佳林,111,人事費不得流出,附註二(十)1.(3)：人事費不得流出。,,"人事費少支 1,303,554（決算 5,930,070 / 預算 7,233,624），同期支出合計超支 1,926,545。少支本身不等於流出（可能為缺額未補），但需確認是否將人事費挪用於其他科目",high
N24,佳林,111,附註五揭露 = 年末應付受託法人餘額,附註五 關係人交易：揭露予受託法人（關係人）之年末應付款餘額；全語料庫 96% 的報告中，此揭露數即為該年末應付受託法人餘額。,True,"附註五揭露 191,700 vs 年末應付受託法人款 191,700，差額 +0；本年度以現金支付約 0（表列行政管理費 191,700 − 揭露數）",medium
N24,佳林,111,收入不得以淨額入帳,附註二(八)：所有收入，均應列入各相關收入項目，並以收入總額入帳，不得以收支相抵後淨額入帳。,,"科目名稱含「淨額」：延後托育收入淨額；收入與支出金額完全相同：其他收入 = 其他支出 = 1,592,955——可能為代收代付，需確認是否總額入帳",medium
N24,佳林,112,資遣費準備金 資產=負債,附註二(四)：以專戶或定期存款方式儲存之資遣費準備金，帳列非流動資產項下，基金數額應與非流動負債數額相符。,True,"資產 122,830 vs 負債 122,830，差額 +0",medium
N24,佳林,112,業務發展準備金 資產=負債,附註二(五)：應於同意後一個月內，以專戶或定期存款方式儲存（帳列非流動資產，與非流動負債相符）。,True,"資產 4,273,000 = 負債 4,273,000",high
N24,佳林,112,虧損年度不得提列業務發展準備,附註二(五)：非營利幼兒園未發生虧損之年度…始得提列業務發展準備金。,True,"提列 1,720,000，本期餘絀 +725,030（未虧損）",high
N24,佳林,112,業務發展準備提列上限 20%,附註二(五)：至多提列收入總額之百分之20為業務發展準備金。,True,"提列 1,720,000 = 收入合計 12,661,369 的 13.6%",high
N24,佳林,112,人事費不得流出,附註二(十)1.(3)：人事費不得流出。,,"人事費少支 1,787,188（決算 5,605,418 / 預算 7,392,606），同期支出合計超支 2,157,391。少支本身不等於流出（可能為缺額未補），但需確認是否將人事費挪用於其他科目",high
N24,佳林,112,附註五揭露 = 年末應付受託法人餘額,附註五 關係人交易：揭露予受託法人（關係人）之年末應付款餘額；全語料庫 96% 的報告中，此揭露數即為該年末應付受託法人餘額。,True,"附註五揭露 191,700 vs 年末應付受託法人款 191,700，差額 +0；本年度以現金支付約 0（表列行政管理費 191,700 − 揭露數）",medium
N24,佳林,112,收入不得以淨額入帳,附註二(八)：所有收入，均應列入各相關收入項目，並以收入總額入帳，不得以收支相抵後淨額入帳。,,"科目名稱含「淨額」：延長照顧服務收入淨額；收入與支出金額完全相同：其他收入 = 其他支出 = 2,584,519——可能為代收代付，需確認是否總額入帳",medium
N24,佳林,113,資遣費準備金 資產=負債,附註二(四)：以專戶或定期存款方式儲存之資遣費準備金，帳列非流動資產項下，基金數額應與非流動負債數額相符。,True,"資產 165,730 vs 負債 165,730，差額 +0",medium
N24,佳林,113,業務發展準備金 資產=負債,附註二(五)：應於同意後一個月內，以專戶或定期存款方式儲存（帳列非流動資產，與非流動負債相符）。,True,"資產 6,861,078 = 負債 6,861,078",high
N24,佳林,113,虧損年度不得提列業務發展準備,附註二(五)：非營利幼兒園未發生虧損之年度…始得提列業務發展準備金。,,"提列 2,588,078 後本期餘絀 -458,733（虧損），但提列前為 +2,129,345（未虧損）——虧損係提列本身造成，是否符合「未發生虧損之年度」需主管機關認定",high
N24,佳林,113,業務發展準備提列上限 20%,附註二(五)：至多提列收入總額之百分之20為業務發展準備金。,,"提列 2,588,078 = 收入合計 12,446,887 的 20.8%（上限 2,489,377，超出 98,701）。**臨界超出**：本份附註未定義「收入總額」之認定基礎；若以預算數或該定義計算可能符合，須先確認基礎再判斷",high
N24,佳林,113,人事費不得流出,附註二(十)1.(3)：人事費不得流出。,,"人事費少支 1,632,402（決算 5,939,032 / 預算 7,571,434），同期支出合計超支 2,932,739。少支本身不等於流出（可能為缺額未補），但需確認是否將人事費挪用於其他科目",high
N24,佳林,113,附註五揭露 = 年末應付受託法人餘額,附註五 關係人交易：揭露予受託法人（關係人）之年末應付款餘額；全語料庫 96% 的報告中，此揭露數即為該年末應付受託法人餘額。,True,"附註五揭露 183,336 vs 年末應付受託法人款 183,336，差額 +0；本年度以現金支付約 9,000（表列行政管理費 192,336 − 揭露數）",medium
N24,佳林,113,收入不得以淨額入帳,附註二(八)：所有收入，均應列入各相關收入項目，並以收入總額入帳，不得以收支相抵後淨額入帳。,,"科目名稱含「淨額」：延長照顧服務收入淨額；收入與支出金額完全相同：其他收入 = 其他支出 = 2,537,028——可能為代收代付，需確認是否總額入帳",medium
N25,碧城,110,資遣費準備金 資產=負債,附註二(四)：以專戶或定期存款方式儲存之資遣費準備金，帳列非流動資產項下，基金數額應與非流動負債數額相符。,True,"資產 48,308 vs 負債 48,308，差額 +0",medium
N25,碧城,110,業務發展準備金 資產=負債,附註二(五)：應於同意後一個月內，以專戶或定期存款方式儲存（帳列非流動資產，與非流動負債相符）。,True,"資產 366,000 = 負債 366,000",high
N25,碧城,110,虧損年度不得提列業務發展準備,附註二(五)：非營利幼兒園未發生虧損之年度…始得提列業務發展準備金。,True,"提列 366,000，本期餘絀 +1,780,717（未虧損）",high
N25,碧城,110,業務發展準備提列上限 20%,附註二(五)：至多提列收入總額（家長繳交之費用；其有政府差額補助費者，應合併計算）之百分之20為業務發展準備金。,True,"提列 366,000 = 收入合計 13,013,151 的 2.8%",high
N25,碧城,110,人事費不得流出,附註二(十)1.(3)：人事費不得流出。,,"人事費少支 824,480（決算 7,280,058 / 預算 8,104,538），同期支出合計超支 95,232。少支本身不等於流出（可能為缺額未補），但需確認是否將人事費挪用於其他科目",high
N25,碧城,110,附註五揭露 = 年末應付受託法人餘額,附註五 關係人交易：揭露予受託法人（關係人）之年末應付款餘額；全語料庫 96% 的報告中，此揭露數即為該年末應付受託法人餘額。,True,"附註五揭露 242,872 vs 年末應付受託法人款 242,872，差額 +0；本年度以現金支付約 1,108（表列行政管理費 243,980 − 揭露數）",medium
N25,碧城,110,收入不得以淨額入帳,附註二(八)：所有收入，均應列入各相關收入項目，並以收入總額入帳，不得以收支相抵後淨額入帳。,,"科目名稱含「淨額」：延後托育收入淨額；收入與支出金額完全相同：其他收入 = 其他支出 = 1,117,999——可能為代收代付，需確認是否總額入帳",medium
N25,碧城,111,資遣費準備金 資產=負債,附註二(四)：以專戶或定期存款方式儲存之資遣費準備金，帳列非流動資產項下，基金數額應與非流動負債數額相符。,True,"資產 66,575 vs 負債 66,575，差額 +0",medium
N25,碧城,111,業務發展準備金 資產=負債,附註二(五)：應於同意後一個月內，以專戶或定期存款方式儲存（帳列非流動資產，與非流動負債相符）。,True,"資產 2,044,000 = 負債 2,044,000",high
N25,碧城,111,虧損年度不得提列業務發展準備,附註二(五)：非營利幼兒園未發生虧損之年度…始得提列業務發展準備金。,,"提列 1,678,000 後本期餘絀 -195,372（虧損），但提列前為 +1,482,628（未虧損）——虧損係提列本身造成，是否符合「未發生虧損之年度」需主管機關認定",high
N25,碧城,111,業務發展準備提列上限 20%,附註二(五)：至多提列收入總額（家長繳交之費用；其有政府差額補助費者，應合併計算）之百分之20為業務發展準備金。,True,"提列 1,678,000 = 收入合計 14,644,136 的 11.5%",high
N25,碧城,111,人事費不得流出,附註二(十)1.(3)：人事費不得流出。,,"人事費少支 866,008（決算 7,877,577 / 預算 8,743,585），同期支出合計超支 3,063,259。少支本身不等於流出（可能為缺額未補），但需確認是否將人事費挪用於其他科目",high
N25,碧城,111,附註五揭露 = 年末應付受託法人餘額,附註五 關係人交易：揭露予受託法人（關係人）之年末應付款餘額；全語料庫 96% 的報告中，此揭露數即為該年末應付受託法人餘額。,False,"附註五揭露 243,980 vs 年末應付受託法人款 242,872，差額 -1,108；本年度以現金支付約 0（表列行政管理費 243,980 − 揭露數）",medium
N25,碧城,111,收入不得以淨額入帳,附註二(八)：所有收入，均應列入各相關收入項目，並以收入總額入帳，不得以收支相抵後淨額入帳。,,"科目名稱含「淨額」：延後托育收入淨額；收入與支出金額完全相同：其他收入 = 其他支出 = 2,621,199——可能為代收代付，需確認是否總額入帳",medium
N25,碧城,112,資遣費準備金 資產=負債,附註二(四)：以專戶或定期存款方式儲存之資遣費準備金，帳列非流動資產項下，基金數額應與非流動負債數額相符。,True,"資產 117,235 vs 負債 117,235，差額 +0",medium
N25,碧城,112,業務發展準備金 資產=負債,附註二(五)：應於同意後一個月內，以專戶或定期存款方式儲存（帳列非流動資產，與非流動負債相符）。,True,"資產 4,064,000 = 負債 4,064,000",high
N25,碧城,112,虧損年度不得提列業務發展準備,附註二(五)：非營利幼兒園未發生虧損之年度…始得提列業務發展準備金。,True,"提列 2,020,000，本期餘絀 +120,628（未虧損）",high
N25,碧城,112,業務發展準備提列上限 20%,附註二(五)：至多提列收入總額之百分之20為業務發展準備金。,True,"提列 2,020,000 = 收入合計 16,266,732 的 12.4%",high
N25,碧城,112,人事費不得流出,附註二(十)1.(3)：人事費不得流出。,,"人事費少支 1,856,833（決算 7,079,229 / 預算 8,936,062），同期支出合計超支 4,177,378。少支本身不等於流出（可能為缺額未補），但需確認是否將人事費挪用於其他科目",high
N25,碧城,112,附註五揭露 = 年末應付受託法人餘額,附註五 關係人交易：揭露予受託法人（關係人）之年末應付款餘額；全語料庫 96% 的報告中，此揭露數即為該年末應付受託法人餘額。,True,"附註五揭露 243,980 vs 年末應付受託法人款 243,980，差額 +0；本年度以現金支付約 0（表列行政管理費 243,980 − 揭露數）",medium
N25,碧城,112,收入不得以淨額入帳,附註二(八)：所有收入，均應列入各相關收入項目，並以收入總額入帳，不得以收支相抵後淨額入帳。,,"科目名稱含「淨額」：延長照顧服務收入淨額；收入與支出金額完全相同：其他收入 = 其他支出 = 4,122,305——可能為代收代付，需確認是否總額入帳",medium
N25,碧城,113,資遣費準備金 資產=負債,附註二(四)：以專戶或定期存款方式儲存之資遣費準備金，帳列非流動資產項下，基金數額應與非流動負債數額相符。,,兩側皆未列示,medium
N25,碧城,113,業務發展準備金 資產=負債,附註二(五)：應於同意後一個月內，以專戶或定期存款方式儲存（帳列非流動資產，與非流動負債相符）。,,兩側皆未列示,medium
N25,碧城,113,虧損年度不得提列業務發展準備,附註二(五)：非營利幼兒園未發生虧損之年度…始得提列業務發展準備金。,True,"提列 2,259,000，本期餘絀 +3,842,941（未虧損）",high
N25,碧城,113,業務發展準備提列上限 20%,附註二(五)：至多提列收入總額之百分之20為業務發展準備金。,True,"提列 2,259,000 = 收入合計 21,808,378 的 10.4%",high
N25,碧城,113,人事費不得流出,附註二(十)1.(3)：人事費不得流出。,,"人事費少支 772,079（決算 8,380,317 / 預算 9,152,396），同期支出合計超支 4,270,487。少支本身不等於流出（可能為缺額未補），但需確認是否將人事費挪用於其他科目",high
N25,碧城,113,附註五揭露 = 年末應付受託法人餘額,附註五 關係人交易：揭露予受託法人（關係人）之年末應付款餘額；全語料庫 96% 的報告中，此揭露數即為該年末應付受託法人餘額。,True,"附註五揭露 258,804 vs 年末應付受託法人款 258,804，差額 +0；本年度以現金支付約 0（表列行政管理費 258,804 − 揭露數）",medium
N25,碧城,113,收入不得以淨額入帳,附註二(八)：所有收入，均應列入各相關收入項目，並以收入總額入帳，不得以收支相抵後淨額入帳。,,"科目名稱含「淨額」：延長照顧服務收入淨額；收入與支出金額完全相同：其他收入 = 其他支出 = 3,330,291——可能為代收代付，需確認是否總額入帳",medium
N26,新店及人,110,資遣費準備金 資產=負債,附註二(四)：以專戶或定期存款方式儲存之資遣費準備金，帳列非流動資產項下，基金數額應與非流動負債數額相符。,,"僅單側列示（負債 48,997）——本學年度為開辦首年，專戶可能尚未開立，非短撥；請追次學年度是否補列",medium
N26,新店及人,110,業務發展準備金 資產=負債,附註二(五)：應於同意後一個月內，以專戶或定期存款方式儲存（帳列非流動資產，與非流動負債相符）。,,"僅單側列示（負債 1,166,000）——本學年度為開辦首年，專戶可能尚未開立，非短撥；請追次學年度是否補列",medium
N26,新店及人,110,虧損年度不得提列業務發展準備,附註二(五)：非營利幼兒園未發生虧損之年度…始得提列業務發展準備金。,True,"提列 1,166,000，本期餘絀 +1,672,615（未虧損）",high
N26,新店及人,110,業務發展準備提列上限 20%,附註二(五)：至多提列收入總額（家長繳交之費用；其有政府差額補助費者，應合併計算）之百分之20為業務發展準備金。,True,"提列 1,166,000 = 收入合計 12,558,092 的 9.3%",high
N26,新店及人,110,人事費不得流出,附註二(十)1.(3)：人事費不得流出。,,"人事費少支 2,032,850（決算 6,187,424 / 預算 8,220,274），同期支出合計節餘 562,341。少支本身不等於流出（可能為缺額未補），但需確認是否將人事費挪用於其他科目",high
N26,新店及人,110,附註五揭露 = 年末應付受託法人餘額,附註五 關係人交易：揭露予受託法人（關係人）之年末應付款餘額；全語料庫 96% 的報告中，此揭露數即為該年末應付受託法人餘額。,True,"附註五揭露 255,663 vs 年末應付受託法人款 255,663，差額 +0；本年度以現金支付約 5,117（表列行政管理費 260,780 − 揭露數）",medium
N26,新店及人,110,收入不得以淨額入帳,附註二(八)：所有收入，均應列入各相關收入項目，並以收入總額入帳，不得以收支相抵後淨額入帳。,,"科目名稱含「淨額」：延後托育收入淨額；收入與支出金額完全相同：其他收入 = 其他支出 = 582,502——可能為代收代付，需確認是否總額入帳",medium
N26,新店及人,111,資遣費準備金 資產=負債,附註二(四)：以專戶或定期存款方式儲存之資遣費準備金，帳列非流動資產項下，基金數額應與非流動負債數額相符。,True,"資產 99,179 vs 負債 99,179，差額 +0",medium
N26,新店及人,111,業務發展準備金 資產=負債,附註二(五)：應於同意後一個月內，以專戶或定期存款方式儲存（帳列非流動資產，與非流動負債相符）。,True,"資產 1,166,000 = 負債 1,166,000",high
N26,新店及人,111,虧損年度不得提列業務發展準備,附註二(五)：非營利幼兒園未發生虧損之年度…始得提列業務發展準備金。,,缺業務發展費或本期餘絀,high
N26,新店及人,111,業務發展準備提列上限 20%,附註二(五)：至多提列收入總額（家長繳交之費用；其有政府差額補助費者，應合併計算）之百分之20為業務發展準備金。,,缺業務發展費或收入合計,high
N26,新店及人,111,人事費不得流出,附註二(十)1.(3)：人事費不得流出。,,"人事費少支 1,637,183（決算 7,228,314 / 預算 8,865,497），同期支出合計節餘 442,314。少支本身不等於流出（可能為缺額未補），但需確認是否將人事費挪用於其他科目",high
N26,新店及人,111,附註五揭露 = 年末應付受託法人餘額,附註五 關係人交易：揭露予受託法人（關係人）之年末應付款餘額；全語料庫 96% 的報告中，此揭露數即為該年末應付受託法人餘額。,False,"附註五揭露 244,855 vs 年末應付受託法人款 500,518，差額 +255,663；本年度以現金支付約 15,925（表列行政管理費 260,780 − 揭露數）",medium
N26,新店及人,111,收入不得以淨額入帳,附註二(八)：所有收入，均應列入各相關收入項目，並以收入總額入帳，不得以收支相抵後淨額入帳。,,"科目名稱含「淨額」：延後托育收入淨額；收入與支出金額完全相同：其他收入 = 其他支出 = 1,179,952——可能為代收代付，需確認是否總額入帳",medium
N26,新店及人,112,資遣費準備金 資產=負債,附註二(四)：以專戶或定期存款方式儲存之資遣費準備金，帳列非流動資產項下，基金數額應與非流動負債數額相符。,True,"資產 150,545 vs 負債 150,545，差額 +0",medium
N26,新店及人,112,業務發展準備金 資產=負債,附註二(五)：應於同意後一個月內，以專戶或定期存款方式儲存（帳列非流動資產，與非流動負債相符）。,True,"資產 1,166,000 = 負債 1,166,000",high
N26,新店及人,112,虧損年度不得提列業務發展準備,附註二(五)：非營利幼兒園未發生虧損之年度…始得提列業務發展準備金。,,缺業務發展費或本期餘絀,high
N26,新店及人,112,業務發展準備提列上限 20%,附註二(五)：至多提列收入總額之百分之20為業務發展準備金。,,缺業務發展費或收入合計,high
N26,新店及人,112,人事費不得流出,附註二(十)1.(3)：人事費不得流出。,,"人事費少支 2,848,789（決算 6,209,038 / 預算 9,057,827），同期支出合計超支 451,665。少支本身不等於流出（可能為缺額未補），但需確認是否將人事費挪用於其他科目",high
N26,新店及人,112,附註五揭露 = 年末應付受託法人餘額,附註五 關係人交易：揭露予受託法人（關係人）之年末應付款餘額；全語料庫 96% 的報告中，此揭露數即為該年末應付受託法人餘額。,False,"附註五揭露 226,890 vs 年末應付受託法人款 471,745，差額 +244,855；本年度以現金支付約 33,890（表列行政管理費 260,780 − 揭露數）",medium
N26,新店及人,112,收入不得以淨額入帳,附註二(八)：所有收入，均應列入各相關收入項目，並以收入總額入帳，不得以收支相抵後淨額入帳。,,"科目名稱含「淨額」：延長照顧服務收入淨額；收入與支出金額完全相同：其他收入 = 其他支出 = 3,147,084——可能為代收代付，需確認是否總額入帳",medium
N26,新店及人,113,資遣費準備金 資產=負債,附註二(四)：以專戶或定期存款方式儲存之資遣費準備金，帳列非流動資產項下，基金數額應與非流動負債數額相符。,,兩側皆未列示,medium
N26,新店及人,113,業務發展準備金 資產=負債,附註二(五)：應於同意後一個月內，以專戶或定期存款方式儲存（帳列非流動資產，與非流動負債相符）。,,兩側皆未列示,medium
N26,新店及人,113,虧損年度不得提列業務發展準備,附註二(五)：非營利幼兒園未發生虧損之年度…始得提列業務發展準備金。,,缺業務發展費或本期餘絀,high
N26,新店及人,113,業務發展準備提列上限 20%,附註二(五)：至多提列收入總額之百分之20為業務發展準備金。,,缺業務發展費或收入合計,high
N26,新店及人,113,人事費不得流出,附註二(十)1.(3)：人事費不得流出。,,"人事費少支 1,531,915（決算 7,742,381 / 預算 9,274,296），同期支出合計超支 925,432。少支本身不等於流出（可能為缺額未補），但需確認是否將人事費挪用於其他科目",high
N26,新店及人,113,附註五揭露 = 年末應付受託法人餘額,附註五 關係人交易：揭露予受託法人（關係人）之年末應付款餘額；全語料庫 96% 的報告中，此揭露數即為該年末應付受託法人餘額。,True,"附註五揭露 202,038 vs 年末應付受託法人款 202,038，差額 +0；本年度以現金支付約 59,590（表列行政管理費 261,628 − 揭露數）",medium
N26,新店及人,113,收入不得以淨額入帳,附註二(八)：所有收入，均應列入各相關收入項目，並以收入總額入帳，不得以收支相抵後淨額入帳。,,"科目名稱含「淨額」：延長照顧服務收入淨額；收入與支出金額完全相同：其他收入 = 其他支出 = 3,134,345；延長照顧服務收入淨額 = 延長照顧服務支出 = 221,940——可能為代收代付，需確認是否總額入帳",medium
N27,育平,110,資遣費準備金 資產=負債,附註二(四)：以專戶或定期存款方式儲存之資遣費準備金，帳列非流動資產項下，基金數額應與非流動負債數額相符。,True,"資產 48,291 vs 負債 48,291，差額 +0",medium
N27,育平,110,業務發展準備金 資產=負債,附註二(五)：應於同意後一個月內，以專戶或定期存款方式儲存（帳列非流動資產，與非流動負債相符）。,True,"資產 954,179 = 負債 954,179",high
N27,育平,110,虧損年度不得提列業務發展準備,附註二(五)：非營利幼兒園未發生虧損之年度…始得提列業務發展準備金。,True,"提列 954,179，本期餘絀 +2,248,607（未虧損）",high
N27,育平,110,業務發展準備提列上限 20%,附註二(五)：至多提列收入總額（家長繳交之費用；其有政府差額補助費者，應合併計算）之百分之20為業務發展準備金。,True,"提列 954,179 = 收入合計 12,660,423 的 7.5%",high
N27,育平,110,人事費不得流出,附註二(十)1.(3)：人事費不得流出。,,"人事費少支 1,313,429（決算 6,791,109 / 預算 8,104,538），同期支出合計節餘 687,533。少支本身不等於流出（可能為缺額未補），但需確認是否將人事費挪用於其他科目",high
N27,育平,110,附註五揭露 = 年末應付受託法人餘額,附註五 關係人交易：揭露予受託法人（關係人）之年末應付款餘額；全語料庫 96% 的報告中，此揭露數即為該年末應付受託法人餘額。,True,"附註五揭露 239,682 vs 年末應付受託法人款 239,682，差額 +0；本年度以現金支付約 0（表列行政管理費 239,682 − 揭露數）",medium
N27,育平,110,收入不得以淨額入帳,附註二(八)：所有收入，均應列入各相關收入項目，並以收入總額入帳，不得以收支相抵後淨額入帳。,,"科目名稱含「淨額」：延後托育收入淨額；收入與支出金額完全相同：其他收入 = 其他支出 = 776,698——可能為代收代付，需確認是否總額入帳",medium
N27,育平,111,資遣費準備金 資產=負債,附註二(四)：以專戶或定期存款方式儲存之資遣費準備金，帳列非流動資產項下，基金數額應與非流動負債數額相符。,True,"資產 97,767 vs 負債 97,767，差額 +0",medium
N27,育平,111,業務發展準備金 資產=負債,附註二(五)：應於同意後一個月內，以專戶或定期存款方式儲存（帳列非流動資產，與非流動負債相符）。,True,"資產 3,283,513 = 負債 3,283,513",high
N27,育平,111,虧損年度不得提列業務發展準備,附註二(五)：非營利幼兒園未發生虧損之年度…始得提列業務發展準備金。,True,"提列 2,329,334，本期餘絀 +249,182（未虧損）",high
N27,育平,111,業務發展準備提列上限 20%,附註二(五)：至多提列收入總額（家長繳交之費用；其有政府差額補助費者，應合併計算）之百分之20為業務發展準備金。,True,"提列 2,329,334 = 收入合計 13,622,173 的 17.1%",high
N27,育平,111,人事費不得流出,附註二(十)1.(3)：人事費不得流出。,,"人事費少支 1,508,427（決算 7,235,158 / 預算 8,743,585），同期支出合計超支 1,653,540。少支本身不等於流出（可能為缺額未補），但需確認是否將人事費挪用於其他科目",high
N27,育平,111,附註五揭露 = 年末應付受託法人餘額,附註五 關係人交易：揭露予受託法人（關係人）之年末應付款餘額；全語料庫 96% 的報告中，此揭露數即為該年末應付受託法人餘額。,True,"附註五揭露 239,682 vs 年末應付受託法人款 239,682，差額 +0；本年度以現金支付約 0（表列行政管理費 239,682 − 揭露數）",medium
N27,育平,111,收入不得以淨額入帳,附註二(八)：所有收入，均應列入各相關收入項目，並以收入總額入帳，不得以收支相抵後淨額入帳。,,"科目名稱含「淨額」：延後托育收入淨額；收入與支出金額完全相同：其他收入 = 其他支出 = 1,644,456——可能為代收代付，需確認是否總額入帳",medium
N27,育平,112,資遣費準備金 資產=負債,附註二(四)：以專戶或定期存款方式儲存之資遣費準備金，帳列非流動資產項下，基金數額應與非流動負債數額相符。,True,"資產 148,427 vs 負債 148,427，差額 +0",medium
N27,育平,112,業務發展準備金 資產=負債,附註二(五)：應於同意後一個月內，以專戶或定期存款方式儲存（帳列非流動資產，與非流動負債相符）。,True,"資產 6,241,315 = 負債 6,241,315",high
N27,育平,112,虧損年度不得提列業務發展準備,附註二(五)：非營利幼兒園未發生虧損之年度…始得提列業務發展準備金。,True,"提列 2,957,802，本期餘絀 +765,704（未虧損）",high
N27,育平,112,業務發展準備提列上限 20%,附註二(五)：至多提列收入總額之百分之20為業務發展準備金。,True,"提列 2,957,802 = 收入合計 15,346,203 的 19.3%",high
N27,育平,112,人事費不得流出,附註二(十)1.(3)：人事費不得流出。,,"人事費少支 2,797,661（決算 6,138,401 / 預算 8,936,062），同期支出合計超支 2,668,571。少支本身不等於流出（可能為缺額未補），但需確認是否將人事費挪用於其他科目",high
N27,育平,112,附註五揭露 = 年末應付受託法人餘額,附註五 關係人交易：揭露予受託法人（關係人）之年末應付款餘額；全語料庫 96% 的報告中，此揭露數即為該年末應付受託法人餘額。,True,"附註五揭露 239,682 vs 年末應付受託法人款 239,682，差額 +0；本年度以現金支付約 0（表列行政管理費 239,682 − 揭露數）",medium
N27,育平,112,收入不得以淨額入帳,附註二(八)：所有收入，均應列入各相關收入項目，並以收入總額入帳，不得以收支相抵後淨額入帳。,,"科目名稱含「淨額」：延長照顧服務收入淨額；收入與支出金額完全相同：其他收入 = 其他支出 = 3,262,809——可能為代收代付，需確認是否總額入帳",medium
N27,育平,113,資遣費準備金 資產=負債,附註二(四)：以專戶或定期存款方式儲存之資遣費準備金，帳列非流動資產項下，基金數額應與非流動負債數額相符。,True,"資產 200,272 vs 負債 200,272，差額 +0",medium
N27,育平,113,業務發展準備金 資產=負債,附註二(五)：應於同意後一個月內，以專戶或定期存款方式儲存（帳列非流動資產，與非流動負債相符）。,True,"資產 8,844,322 = 負債 8,844,322",high
N27,育平,113,虧損年度不得提列業務發展準備,附註二(五)：非營利幼兒園未發生虧損之年度…始得提列業務發展準備金。,,"提列 2,603,007 後本期餘絀 -1,012,658（虧損），但提列前為 +1,590,349（未虧損）——虧損係提列本身造成，是否符合「未發生虧損之年度」需主管機關認定",high
N27,育平,113,業務發展準備提列上限 20%,附註二(五)：至多提列收入總額之百分之20為業務發展準備金。,True,"提列 2,603,007 = 收入合計 15,237,003 的 17.1%",high
N27,育平,113,人事費不得流出,附註二(十)1.(3)：人事費不得流出。,,"人事費少支 1,123,600（決算 8,028,796 / 預算 9,152,396），同期支出合計超支 3,965,261。少支本身不等於流出（可能為缺額未補），但需確認是否將人事費挪用於其他科目",high
N27,育平,113,附註五揭露 = 年末應付受託法人餘額,附註五 關係人交易：揭露予受託法人（關係人）之年末應付款餘額；全語料庫 96% 的報告中，此揭露數即為該年末應付受託法人餘額。,True,"附註五揭露 254,640 vs 年末應付受託法人款 254,640，差額 +0；本年度以現金支付約 0（表列行政管理費 254,640 − 揭露數）",medium
N27,育平,113,收入不得以淨額入帳,附註二(八)：所有收入，均應列入各相關收入項目，並以收入總額入帳，不得以收支相抵後淨額入帳。,,"科目名稱含「淨額」：延長照顧服務收入淨額；收入與支出金額完全相同：其他收入 = 其他支出 = 3,335,622——可能為代收代付，需確認是否總額入帳",medium
N28,新樂,110,資遣費準備金 資產=負債,附註二(四)：以專戶或定期存款方式儲存之資遣費準備金，帳列非流動資產項下，基金數額應與非流動負債數額相符。,True,"資產 50,118 vs 負債 50,118，差額 +0",medium
N28,新樂,110,業務發展準備金 資產=負債,附註二(五)：應於同意後一個月內，以專戶或定期存款方式儲存（帳列非流動資產，與非流動負債相符）。,,兩側皆未列示,medium
N28,新樂,110,虧損年度不得提列業務發展準備,附註二(五)：非營利幼兒園未發生虧損之年度…始得提列業務發展準備金。,,缺業務發展費或本期餘絀,high
N28,新樂,110,業務發展準備提列上限 20%,附註二(五)：至多提列收入總額（家長繳交之費用；其有政府差額補助費者，應合併計算）之百分之20為業務發展準備金。,,缺業務發展費或收入合計,high
N28,新樂,110,人事費不得流出,附註二(十)1.(3)：人事費不得流出。,,"人事費少支 1,836,319（決算 6,385,242 / 預算 8,221,561），同期支出合計節餘 1,021,738。少支本身不等於流出（可能為缺額未補），但需確認是否將人事費挪用於其他科目",high
N28,新樂,110,附註五揭露 = 年末應付受託法人餘額,附註五 關係人交易：揭露予受託法人（關係人）之年末應付款餘額；全語料庫 96% 的報告中，此揭露數即為該年末應付受託法人餘額。,True,"附註五揭露 99,932 vs 年末應付受託法人款 99,932，差額 +0；本年度以現金支付約 103,622（表列行政管理費 203,554 − 揭露數）",medium
N28,新樂,110,收入不得以淨額入帳,附註二(八)：所有收入，均應列入各相關收入項目，並以收入總額入帳，不得以收支相抵後淨額入帳。,,"科目名稱含「淨額」：延後托育收入淨額；收入與支出金額完全相同：其他收入 = 其他支出 = 1,092,418；延後托育收入淨額 = 延後托育支出 = 170,520——可能為代收代付，需確認是否總額入帳",medium
N28,新樂,111,資遣費準備金 資產=負債,附註二(四)：以專戶或定期存款方式儲存之資遣費準備金，帳列非流動資產項下，基金數額應與非流動負債數額相符。,True,"資產 138,856 vs 負債 138,856，差額 +0",medium
N28,新樂,111,業務發展準備金 資產=負債,附註二(五)：應於同意後一個月內，以專戶或定期存款方式儲存（帳列非流動資產，與非流動負債相符）。,True,"資產 1,467,200 = 負債 1,467,200",high
N28,新樂,111,虧損年度不得提列業務發展準備,附註二(五)：非營利幼兒園未發生虧損之年度…始得提列業務發展準備金。,True,"提列 1,467,200，本期餘絀 +1,537,364（未虧損）",high
N28,新樂,111,業務發展準備提列上限 20%,附註二(五)：至多提列收入總額（家長繳交之費用；其有政府差額補助費者，應合併計算）之百分之20為業務發展準備金。,True,"提列 1,467,200 = 收入合計 24,930,909 的 5.9%",high
N28,新樂,111,人事費不得流出,附註二(十)1.(3)：人事費不得流出。,,"人事費少支 2,608,263（決算 15,206,445 / 預算 17,814,708），同期支出合計超支 547,967。少支本身不等於流出（可能為缺額未補），但需確認是否將人事費挪用於其他科目",high
N28,新樂,111,附註五揭露 = 年末應付受託法人餘額,附註五 關係人交易：揭露予受託法人（關係人）之年末應付款餘額；全語料庫 96% 的報告中，此揭露數即為該年末應付受託法人餘額。,True,"附註五揭露 400,000 vs 年末應付受託法人款 400,000，差額 +0；本年度以現金支付約 0（表列行政管理費 400,000 − 揭露數）",medium
N28,新樂,111,收入不得以淨額入帳,附註二(八)：所有收入，均應列入各相關收入項目，並以收入總額入帳，不得以收支相抵後淨額入帳。,,"科目名稱含「淨額」：延後托育收入淨額；收入與支出金額完全相同：其他收入 = 其他支出 = 2,017,934——可能為代收代付，需確認是否總額入帳",medium
N28,新樂,112,資遣費準備金 資產=負債,附註二(四)：以專戶或定期存款方式儲存之資遣費準備金，帳列非流動資產項下，基金數額應與非流動負債數額相符。,True,"資產 241,461 vs 負債 241,461，差額 +0",medium
N28,新樂,112,業務發展準備金 資產=負債,附註二(五)：應於同意後一個月內，以專戶或定期存款方式儲存（帳列非流動資產，與非流動負債相符）。,True,"資產 5,435,724 = 負債 5,435,724",high
N28,新樂,112,虧損年度不得提列業務發展準備,附註二(五)：非營利幼兒園未發生虧損之年度…始得提列業務發展準備金。,,"提列 3,968,524 後本期餘絀 -341,388（虧損），但提列前為 +3,627,136（未虧損）——虧損係提列本身造成，是否符合「未發生虧損之年度」需主管機關認定",high
N28,新樂,112,業務發展準備提列上限 20%,附註二(五)：至多提列收入總額之百分之20為業務發展準備金。,True,"提列 3,968,524 = 收入合計 27,277,563 的 14.5%",high
N28,新樂,112,人事費不得流出,附註二(十)1.(3)：人事費不得流出。,,"人事費少支 3,252,365（決算 14,997,656 / 預算 18,250,021），同期支出合計超支 4,338,060。少支本身不等於流出（可能為缺額未補），但需確認是否將人事費挪用於其他科目",high
N28,新樂,112,附註五揭露 = 年末應付受託法人餘額,附註五 關係人交易：揭露予受託法人（關係人）之年末應付款餘額；全語料庫 96% 的報告中，此揭露數即為該年末應付受託法人餘額。,True,"附註五揭露 400,000 vs 年末應付受託法人款 400,000，差額 +0；本年度以現金支付約 0（表列行政管理費 400,000 − 揭露數）",medium
N28,新樂,112,收入不得以淨額入帳,附註二(八)：所有收入，均應列入各相關收入項目，並以收入總額入帳，不得以收支相抵後淨額入帳。,,"科目名稱含「淨額」：延長照顧服務收入淨額；收入與支出金額完全相同：其他收入 = 其他支出 = 3,758,087——可能為代收代付，需確認是否總額入帳",medium
N28,新樂,113,資遣費準備金 資產=負債,附註二(四)：以專戶或定期存款方式儲存之資遣費準備金，帳列非流動資產項下，基金數額應與非流動負債數額相符。,True,"資產 318,451 vs 負債 318,451，差額 +0",medium
N28,新樂,113,業務發展準備金 資產=負債,附註二(五)：應於同意後一個月內，以專戶或定期存款方式儲存（帳列非流動資產，與非流動負債相符）。,True,"資產 9,655,985 = 負債 9,655,985",high
N28,新樂,113,虧損年度不得提列業務發展準備,附註二(五)：非營利幼兒園未發生虧損之年度…始得提列業務發展準備金。,True,"提列 4,220,261，本期餘絀 +985,606（未虧損）",high
N28,新樂,113,業務發展準備提列上限 20%,附註二(五)：至多提列收入總額之百分之20為業務發展準備金。,True,"提列 4,220,261 = 收入合計 30,175,635 的 14.0%",high
N28,新樂,113,人事費不得流出,附註二(十)1.(3)：人事費不得流出。,,"人事費少支 4,289,757（決算 14,347,554 / 預算 18,637,311），同期支出合計超支 5,296,548。少支本身不等於流出（可能為缺額未補），但需確認是否將人事費挪用於其他科目",high
N28,新樂,113,附註五揭露 = 年末應付受託法人餘額,附註五 關係人交易：揭露予受託法人（關係人）之年末應付款餘額；全語料庫 96% 的報告中，此揭露數即為該年末應付受託法人餘額。,False,"附註五揭露 400,000 vs 年末應付受託法人款 376,093，差額 -23,907；本年度以現金支付約 -14,716（表列行政管理費 385,284 − 揭露數）",medium
N28,新樂,113,收入不得以淨額入帳,附註二(八)：所有收入，均應列入各相關收入項目，並以收入總額入帳，不得以收支相抵後淨額入帳。,,"科目名稱含「淨額」：延長照顧服務收入淨額；收入與支出金額完全相同：其他收入 = 其他支出 = 5,485,082；延長照顧服務收入淨額 = 延長照顧服務支出 = 303,880——可能為代收代付，需確認是否總額入帳",medium
N29,東湖,111,資遣費準備金 資產=負債,附註二(四)：以專戶或定期存款方式儲存之資遣費準備金，帳列非流動資產項下，基金數額應與非流動負債數額相符。,,"僅單側列示（負債 105,517）——本學年度為開辦首年，專戶可能尚未開立，非短撥；請追次學年度是否補列",medium
N29,東湖,111,業務發展準備金 資產=負債,附註二(五)：應於同意後一個月內，以專戶或定期存款方式儲存（帳列非流動資產，與非流動負債相符）。,True,"資產 1,390,000 = 負債 1,390,000",high
N29,東湖,111,虧損年度不得提列業務發展準備,附註二(五)：非營利幼兒園未發生虧損之年度…始得提列業務發展準備金。,True,"提列 1,390,000，本期餘絀 +2,645,162（未虧損）",high
N29,東湖,111,業務發展準備提列上限 20%,附註二(五)：至多提列收入總額（家長繳交之費用；其有政府差額補助費者，應合併計算）之百分之20為業務發展準備金。,True,"提列 1,390,000 = 收入合計 24,164,251 的 5.8%",high
N29,東湖,111,人事費不得流出,附註二(十)1.(3)：人事費不得流出。,,"人事費少支 3,605,361（決算 14,214,119 / 預算 17,819,480），同期支出合計節餘 1,454,050。少支本身不等於流出（可能為缺額未補），但需確認是否將人事費挪用於其他科目",high
N29,東湖,111,附註五揭露 = 年末應付受託法人餘額,附註五 關係人交易：揭露予受託法人（關係人）之年末應付款餘額；全語料庫 96% 的報告中，此揭露數即為該年末應付受託法人餘額。,True,"附註五揭露 364,018 vs 年末應付受託法人款 364,018，差額 +0；本年度以現金支付約 2,649（表列行政管理費 366,667 − 揭露數）",medium
N29,東湖,111,收入不得以淨額入帳,附註二(八)：所有收入，均應列入各相關收入項目，並以收入總額入帳，不得以收支相抵後淨額入帳。,,"科目名稱含「淨額」：延後托育收入淨額；收入與支出金額完全相同：其他收入 = 其他支出 = 838,966——可能為代收代付，需確認是否總額入帳",medium
N29,東湖,112,資遣費準備金 資產=負債,附註二(四)：以專戶或定期存款方式儲存之資遣費準備金，帳列非流動資產項下，基金數額應與非流動負債數額相符。,True,"資產 223,357 vs 負債 223,357，差額 +0",medium
N29,東湖,112,業務發展準備金 資產=負債,附註二(五)：應於同意後一個月內，以專戶或定期存款方式儲存（帳列非流動資產，與非流動負債相符）。,True,"資產 4,590,000 = 負債 4,590,000",high
N29,東湖,112,虧損年度不得提列業務發展準備,附註二(五)：非營利幼兒園未發生虧損之年度…始得提列業務發展準備金。,,"提列 3,200,000 後本期餘絀 -269,644（虧損），但提列前為 +2,930,356（未虧損）——虧損係提列本身造成，是否符合「未發生虧損之年度」需主管機關認定",high
N29,東湖,112,業務發展準備提列上限 20%,附註二(五)：至多提列收入總額之百分之20為業務發展準備金。,True,"提列 3,200,000 = 收入合計 30,152,512 的 10.6%",high
N29,東湖,112,人事費不得流出,附註二(十)1.(3)：人事費不得流出。,,"人事費少支 2,842,095（決算 18,104,935 / 預算 20,947,030），同期支出合計超支 3,857,660。少支本身不等於流出（可能為缺額未補），但需確認是否將人事費挪用於其他科目",high
N29,東湖,112,附註五揭露 = 年末應付受託法人餘額,附註五 關係人交易：揭露予受託法人（關係人）之年末應付款餘額；全語料庫 96% 的報告中，此揭露數即為該年末應付受託法人餘額。,True,"附註五揭露 394,385 vs 年末應付受託法人款 394,385，差額 +0；本年度以現金支付約 5,615（表列行政管理費 400,000 − 揭露數）",medium
N29,東湖,112,收入不得以淨額入帳,附註二(八)：所有收入，均應列入各相關收入項目，並以收入總額入帳，不得以收支相抵後淨額入帳。,,"科目名稱含「淨額」：延長照顧服務收入淨額；收入與支出金額完全相同：其他收入 = 其他支出 = 3,130,171——可能為代收代付，需確認是否總額入帳",medium
N29,東湖,113,資遣費準備金 資產=負債,附註二(四)：以專戶或定期存款方式儲存之資遣費準備金，帳列非流動資產項下，基金數額應與非流動負債數額相符。,True,"資產 343,928 vs 負債 343,928，差額 +0",medium
N29,東湖,113,業務發展準備金 資產=負債,附註二(五)：應於同意後一個月內，以專戶或定期存款方式儲存（帳列非流動資產，與非流動負債相符）。,True,"資產 8,180,000 = 負債 8,180,000",high
N29,東湖,113,虧損年度不得提列業務發展準備,附註二(五)：非營利幼兒園未發生虧損之年度…始得提列業務發展準備金。,True,"提列 3,590,000，本期餘絀 +1,329,850（未虧損）",high
N29,東湖,113,業務發展準備提列上限 20%,附註二(五)：至多提列收入總額之百分之20為業務發展準備金。,True,"提列 3,590,000 = 收入合計 33,959,943 的 10.6%",high
N29,東湖,113,人事費不得流出,附註二(十)1.(3)：人事費不得流出。,,"人事費少支 2,544,272（決算 18,850,777 / 預算 21,395,049），同期支出合計超支 5,412,774。少支本身不等於流出（可能為缺額未補），但需確認是否將人事費挪用於其他科目",high
N29,東湖,113,附註五揭露 = 年末應付受託法人餘額,附註五 關係人交易：揭露予受託法人（關係人）之年末應付款餘額；全語料庫 96% 的報告中，此揭露數即為該年末應付受託法人餘額。,True,"附註五揭露 400,000 vs 年末應付受託法人款 400,000，差額 +0；本年度以現金支付約 0（表列行政管理費 400,000 − 揭露數）",medium
N29,東湖,113,收入不得以淨額入帳,附註二(八)：所有收入，均應列入各相關收入項目，並以收入總額入帳，不得以收支相抵後淨額入帳。,,科目名稱含「淨額」：延長照顧服務收入淨額——可能為代收代付，需確認是否總額入帳,medium
N30,文中,111,資遣費準備金 資產=負債,附註二(四)：以專戶或定期存款方式儲存之資遣費準備金，帳列非流動資產項下，基金數額應與非流動負債數額相符。,True,"資產 43,957 vs 負債 43,957，差額 +0",medium
N30,文中,111,業務發展準備金 資產=負債,附註二(五)：應於同意後一個月內，以專戶或定期存款方式儲存（帳列非流動資產，與非流動負債相符）。,,兩側皆未列示,medium
N30,文中,111,虧損年度不得提列業務發展準備,附註二(五)：非營利幼兒園未發生虧損之年度…始得提列業務發展準備金。,,缺業務發展費或本期餘絀,high
N30,文中,111,業務發展準備提列上限 20%,附註二(五)：至多提列收入總額（家長繳交之費用；其有政府差額補助費者，應合併計算）之百分之20為業務發展準備金。,,缺業務發展費或收入合計,high
N30,文中,111,人事費不得流出,附註二(十)1.(3)：人事費不得流出。,,"人事費少支 1,357,336（決算 6,055,356 / 預算 7,412,692），同期支出合計節餘 2,334,691。少支本身不等於流出（可能為缺額未補），但需確認是否將人事費挪用於其他科目",high
N30,文中,111,附註五揭露 = 年末應付受託法人餘額,附註五 關係人交易：揭露予受託法人（關係人）之年末應付款餘額；全語料庫 96% 的報告中，此揭露數即為該年末應付受託法人餘額。,,缺附註五揭露金額或年末應付受託法人款,medium
N30,文中,111,收入不得以淨額入帳,附註二(八)：所有收入，均應列入各相關收入項目，並以收入總額入帳，不得以收支相抵後淨額入帳。,,"科目名稱含「淨額」：延後托育收入淨額；收入與支出金額完全相同：其他收入 = 其他支出 = 28,885——可能為代收代付，需確認是否總額入帳",medium
N30,文中,112,資遣費準備金 資產=負債,附註二(四)：以專戶或定期存款方式儲存之資遣費準備金，帳列非流動資產項下，基金數額應與非流動負債數額相符。,True,"資產 97,937 vs 負債 97,937，差額 +0",medium
N30,文中,112,業務發展準備金 資產=負債,附註二(五)：應於同意後一個月內，以專戶或定期存款方式儲存（帳列非流動資產，與非流動負債相符）。,True,"資產 594,200 = 負債 594,200",high
N30,文中,112,虧損年度不得提列業務發展準備,附註二(五)：非營利幼兒園未發生虧損之年度…始得提列業務發展準備金。,True,"提列 594,200，本期餘絀 +1,528,068（未虧損）",high
N30,文中,112,業務發展準備提列上限 20%,附註二(五)：至多提列收入總額之百分之20為業務發展準備金。,True,"提列 594,200 = 收入合計 13,297,430 的 4.5%",high
N30,文中,112,人事費不得流出,附註二(十)1.(3)：人事費不得流出。,,"人事費少支 1,205,246（決算 8,377,365 / 預算 9,582,611），同期支出合計節餘 789,115。少支本身不等於流出（可能為缺額未補），但需確認是否將人事費挪用於其他科目",high
N30,文中,112,附註五揭露 = 年末應付受託法人餘額,附註五 關係人交易：揭露予受託法人（關係人）之年末應付款餘額；全語料庫 96% 的報告中，此揭露數即為該年末應付受託法人餘額。,True,"附註五揭露 227,891 vs 年末應付受託法人款 227,891，差額 +0；本年度以現金支付約 11,791（表列行政管理費 239,682 − 揭露數）",medium
N30,文中,112,收入不得以淨額入帳,附註二(八)：所有收入，均應列入各相關收入項目，並以收入總額入帳，不得以收支相抵後淨額入帳。,,"科目名稱含「淨額」：延長照顧服務收入淨額；收入與支出金額完全相同：其他收入 = 其他支出 = 417,090——可能為代收代付，需確認是否總額入帳",medium
N30,文中,113,資遣費準備金 資產=負債,附註二(四)：以專戶或定期存款方式儲存之資遣費準備金，帳列非流動資產項下，基金數額應與非流動負債數額相符。,True,"資產 153,149 vs 負債 153,149，差額 +0",medium
N30,文中,113,業務發展準備金 資產=負債,附註二(五)：應於同意後一個月內，以專戶或定期存款方式儲存（帳列非流動資產，與非流動負債相符）。,True,"資產 3,298,870 = 負債 3,298,870",high
N30,文中,113,虧損年度不得提列業務發展準備,附註二(五)：非營利幼兒園未發生虧損之年度…始得提列業務發展準備金。,True,"提列 2,704,670，本期餘絀 +412,740（未虧損）",high
N30,文中,113,業務發展準備提列上限 20%,附註二(五)：至多提列收入總額之百分之20為業務發展準備金。,True,"提列 2,704,670 = 收入合計 14,628,366 的 18.5%",high
N30,文中,113,人事費不得流出,附註二(十)1.(3)：人事費不得流出。,,"人事費少支 2,048,416（決算 7,736,019 / 預算 9,784,435），同期支出合計超支 1,299,187。少支本身不等於流出（可能為缺額未補），但需確認是否將人事費挪用於其他科目",high
N30,文中,113,附註五揭露 = 年末應付受託法人餘額,附註五 關係人交易：揭露予受託法人（關係人）之年末應付款餘額；全語料庫 96% 的報告中，此揭露數即為該年末應付受託法人餘額。,True,"附註五揭露 252,835 vs 年末應付受託法人款 252,835，差額 +0；本年度以現金支付約 1,805（表列行政管理費 254,640 − 揭露數）",medium
N30,文中,113,收入不得以淨額入帳,附註二(八)：所有收入，均應列入各相關收入項目，並以收入總額入帳，不得以收支相抵後淨額入帳。,,"科目名稱含「淨額」：延長照顧服務收入淨額；收入與支出金額完全相同：其他收入 = 其他支出 = 912,668——可能為代收代付，需確認是否總額入帳",medium
N31,翠中,111,資遣費準備金 資產=負債,附註二(四)：以專戶或定期存款方式儲存之資遣費準備金，帳列非流動資產項下，基金數額應與非流動負債數額相符。,True,"資產 22,358 vs 負債 22,358，差額 +0",medium
N31,翠中,111,業務發展準備金 資產=負債,附註二(五)：應於同意後一個月內，以專戶或定期存款方式儲存（帳列非流動資產，與非流動負債相符）。,,兩側皆未列示,medium
N31,翠中,111,虧損年度不得提列業務發展準備,附註二(五)：非營利幼兒園未發生虧損之年度…始得提列業務發展準備金。,,缺業務發展費或本期餘絀,high
N31,翠中,111,業務發展準備提列上限 20%,附註二(五)：至多提列收入總額（家長繳交之費用；其有政府差額補助費者，應合併計算）之百分之20為業務發展準備金。,,缺業務發展費或收入合計,high
N31,翠中,111,人事費不得流出,附註二(十)1.(3)：人事費不得流出。,,"人事費少支 1,514,626（決算 4,620,897 / 預算 6,135,523），同期支出合計節餘 2,092,344。少支本身不等於流出（可能為缺額未補），但需確認是否將人事費挪用於其他科目",high
N31,翠中,111,附註五揭露 = 年末應付受託法人餘額,附註五 關係人交易：揭露予受託法人（關係人）之年末應付款餘額；全語料庫 96% 的報告中，此揭露數即為該年末應付受託法人餘額。,,缺附註五揭露金額或年末應付受託法人款,medium
N31,翠中,111,收入不得以淨額入帳,附註二(八)：所有收入，均應列入各相關收入項目，並以收入總額入帳，不得以收支相抵後淨額入帳。,,"科目名稱含「淨額」：延後托育收入淨額；收入與支出金額完全相同：其他收入 = 其他支出 = 115,175；延後托育收入淨額 = 延後托育支出 = 84,250——可能為代收代付，需確認是否總額入帳",medium
N31,翠中,112,資遣費準備金 資產=負債,附註二(四)：以專戶或定期存款方式儲存之資遣費準備金，帳列非流動資產項下，基金數額應與非流動負債數額相符。,True,"資產 67,026 vs 負債 67,026，差額 +0",medium
N31,翠中,112,業務發展準備金 資產=負債,附註二(五)：應於同意後一個月內，以專戶或定期存款方式儲存（帳列非流動資產，與非流動負債相符）。,True,"資產 254,018 = 負債 254,018",high
N31,翠中,112,虧損年度不得提列業務發展準備,附註二(五)：非營利幼兒園未發生虧損之年度…始得提列業務發展準備金。,True,"提列 254,018，本期餘絀 +882,400（未虧損）",high
N31,翠中,112,業務發展準備提列上限 20%,附註二(五)：至多提列收入總額之百分之20為業務發展準備金。,True,"提列 254,018 = 收入合計 11,876,078 的 2.1%",high
N31,翠中,112,人事費不得流出,附註二(十)1.(3)：人事費不得流出。,,"人事費少支 1,118,740（決算 6,812,566 / 預算 7,931,306），同期支出合計超支 543,790。少支本身不等於流出（可能為缺額未補），但需確認是否將人事費挪用於其他科目",high
N31,翠中,112,附註五揭露 = 年末應付受託法人餘額,附註五 關係人交易：揭露予受託法人（關係人）之年末應付款餘額；全語料庫 96% 的報告中，此揭露數即為該年末應付受託法人餘額。,True,"附註五揭露 203,100 vs 年末應付受託法人款 203,100，差額 +0；本年度以現金支付約 0（表列行政管理費 203,100 − 揭露數）",medium
N31,翠中,112,收入不得以淨額入帳,附註二(八)：所有收入，均應列入各相關收入項目，並以收入總額入帳，不得以收支相抵後淨額入帳。,,"科目名稱含「淨額」：延長照顧服務收入淨額；收入與支出金額完全相同：其他收入 = 其他支出 = 1,319,484——可能為代收代付，需確認是否總額入帳",medium
N31,翠中,113,資遣費準備金 資產=負債,附註二(四)：以專戶或定期存款方式儲存之資遣費準備金，帳列非流動資產項下，基金數額應與非流動負債數額相符。,True,"資產 112,711 vs 負債 112,711，差額 +0",medium
N31,翠中,113,業務發展準備金 資產=負債,附註二(五)：應於同意後一個月內，以專戶或定期存款方式儲存（帳列非流動資產，與非流動負債相符）。,True,"資產 1,970,216 = 負債 1,970,216",high
N31,翠中,113,虧損年度不得提列業務發展準備,附註二(五)：非營利幼兒園未發生虧損之年度…始得提列業務發展準備金。,True,"提列 1,716,198，本期餘絀 +402,885（未虧損）",high
N31,翠中,113,業務發展準備提列上限 20%,附註二(五)：至多提列收入總額之百分之20為業務發展準備金。,True,"提列 1,716,198 = 收入合計 13,401,418 的 12.8%",high
N31,翠中,113,人事費不得流出,附註二(十)1.(3)：人事費不得流出。,,"人事費少支 1,086,883（決算 7,010,982 / 預算 8,097,865），同期支出合計超支 2,268,188。少支本身不等於流出（可能為缺額未補），但需確認是否將人事費挪用於其他科目",high
N31,翠中,113,附註五揭露 = 年末應付受託法人餘額,附註五 關係人交易：揭露予受託法人（關係人）之年末應付款餘額；全語料庫 96% 的報告中，此揭露數即為該年末應付受託法人餘額。,True,"附註五揭露 210,070 vs 年末應付受託法人款 210,070，差額 +0；本年度以現金支付約 4,148（表列行政管理費 214,218 − 揭露數）",medium
N31,翠中,113,收入不得以淨額入帳,附註二(八)：所有收入，均應列入各相關收入項目，並以收入總額入帳，不得以收支相抵後淨額入帳。,,"科目名稱含「淨額」：延長照顧服務收入淨額；收入與支出金額完全相同：其他收入 = 其他支出 = 1,886,564——可能為代收代付，需確認是否總額入帳",medium
N32,板橋員工子女,111,資遣費準備金 資產=負債,附註二(四)：以專戶或定期存款方式儲存之資遣費準備金，帳列非流動資產項下，基金數額應與非流動負債數額相符。,,"僅單側列示（負債 89,760）——本學年度為開辦首年，專戶可能尚未開立，非短撥；請追次學年度是否補列",medium
N32,板橋員工子女,111,業務發展準備金 資產=負債,附註二(五)：應於同意後一個月內，以專戶或定期存款方式儲存（帳列非流動資產，與非流動負債相符）。,True,"資產 1,364,404 = 負債 1,364,404",high
N32,板橋員工子女,111,虧損年度不得提列業務發展準備,附註二(五)：非營利幼兒園未發生虧損之年度…始得提列業務發展準備金。,True,"提列 1,364,404，本期餘絀 +2,163,528（未虧損）",high
N32,板橋員工子女,111,業務發展準備提列上限 20%,附註二(五)：至多提列收入總額（家長繳交之費用；其有政府差額補助費者，應合併計算）之百分之20為業務發展準備金。,True,"提列 1,364,404 = 收入合計 20,343,720 的 6.7%",high
N32,板橋員工子女,111,人事費不得流出,附註二(十)1.(3)：人事費不得流出。,,"人事費少支 3,059,973（決算 12,821,946 / 預算 15,881,919），同期支出合計節餘 1,177,780。少支本身不等於流出（可能為缺額未補），但需確認是否將人事費挪用於其他科目",high
N32,板橋員工子女,111,附註五揭露 = 年末應付受託法人餘額,附註五 關係人交易：揭露予受託法人（關係人）之年末應付款餘額；全語料庫 96% 的報告中，此揭露數即為該年末應付受託法人餘額。,True,"附註五揭露 278,859 vs 年末應付受託法人款 278,859，差額 +0；本年度以現金支付約 0（表列行政管理費 278,859 − 揭露數）",medium
N32,板橋員工子女,111,收入不得以淨額入帳,附註二(八)：所有收入，均應列入各相關收入項目，並以收入總額入帳，不得以收支相抵後淨額入帳。,,"科目名稱含「淨額」：延後托育收入淨額；收入與支出金額完全相同：其他收入 = 其他支出 = 965,167；延後托育收入淨額 = 延後托育支出 = 8,290——可能為代收代付，需確認是否總額入帳",medium
N32,板橋員工子女,112,資遣費準備金 資產=負債,附註二(四)：以專戶或定期存款方式儲存之資遣費準備金，帳列非流動資產項下，基金數額應與非流動負債數額相符。,True,"資產 181,502 vs 負債 181,502，差額 +0",medium
N32,板橋員工子女,112,業務發展準備金 資產=負債,附註二(五)：應於同意後一個月內，以專戶或定期存款方式儲存（帳列非流動資產，與非流動負債相符）。,True,"資產 3,997,374 = 負債 3,997,374",high
N32,板橋員工子女,112,虧損年度不得提列業務發展準備,附註二(五)：非營利幼兒園未發生虧損之年度…始得提列業務發展準備金。,True,"提列 2,632,970，本期餘絀 +42,642（未虧損）",high
N32,板橋員工子女,112,業務發展準備提列上限 20%,附註二(五)：至多提列收入總額之百分之20為業務發展準備金。,True,"提列 2,632,970 = 收入合計 21,233,286 的 12.4%",high
N32,板橋員工子女,112,人事費不得流出,附註二(十)1.(3)：人事費不得流出。,,"人事費少支 2,410,334（決算 13,743,920 / 預算 16,154,254），同期支出合計超支 1,560,337。少支本身不等於流出（可能為缺額未補），但需確認是否將人事費挪用於其他科目",high
N32,板橋員工子女,112,附註五揭露 = 年末應付受託法人餘額,附註五 關係人交易：揭露予受託法人（關係人）之年末應付款餘額；全語料庫 96% 的報告中，此揭露數即為該年末應付受託法人餘額。,True,"附註五揭露 278,859 vs 年末應付受託法人款 278,859，差額 +0；本年度以現金支付約 0（表列行政管理費 278,859 − 揭露數）",medium
N32,板橋員工子女,112,收入不得以淨額入帳,附註二(八)：所有收入，均應列入各相關收入項目，並以收入總額入帳，不得以收支相抵後淨額入帳。,,"科目名稱含「淨額」：延長照顧服務收入淨額；收入與支出金額完全相同：其他收入 = 其他支出 = 1,630,600；延長照顧服務收入淨額 = 延長照顧服務支出 = 16,540——可能為代收代付，需確認是否總額入帳",medium
N32,板橋員工子女,113,資遣費準備金 資產=負債,附註二(四)：以專戶或定期存款方式儲存之資遣費準備金，帳列非流動資產項下，基金數額應與非流動負債數額相符。,True,"資產 278,849 vs 負債 278,849，差額 +0",medium
N32,板橋員工子女,113,業務發展準備金 資產=負債,附註二(五)：應於同意後一個月內，以專戶或定期存款方式儲存（帳列非流動資產，與非流動負債相符）。,True,"資產 6,685,030 = 負債 6,685,030",high
N32,板橋員工子女,113,虧損年度不得提列業務發展準備,附註二(五)：非營利幼兒園未發生虧損之年度…始得提列業務發展準備金。,True,"提列 2,687,656，本期餘絀 +163,474（未虧損）",high
N32,板橋員工子女,113,業務發展準備提列上限 20%,附註二(五)：至多提列收入總額之百分之20為業務發展準備金。,True,"提列 2,687,656 = 收入合計 22,671,348 的 11.9%",high
N32,板橋員工子女,113,人事費不得流出,附註二(十)1.(3)：人事費不得流出。,,"人事費少支 2,492,518（決算 14,911,253 / 預算 17,403,771），同期支出合計超支 1,522,207。少支本身不等於流出（可能為缺額未補），但需確認是否將人事費挪用於其他科目",high
N32,板橋員工子女,113,附註五揭露 = 年末應付受託法人餘額,附註五 關係人交易：揭露予受託法人（關係人）之年末應付款餘額；全語料庫 96% 的報告中，此揭露數即為該年末應付受託法人餘額。,False,"附註五揭露 292,332 vs 年末應付受託法人款 289,564，差額 -2,768；本年度以現金支付約 0（表列行政管理費 292,332 − 揭露數）",medium
N32,板橋員工子女,113,收入不得以淨額入帳,附註二(八)：所有收入，均應列入各相關收入項目，並以收入總額入帳，不得以收支相抵後淨額入帳。,,"科目名稱含「淨額」：延長照顧服務收入淨額；收入與支出金額完全相同：其他收入 = 其他支出 = 1,752,738；延長照顧服務收入淨額 = 延長照顧服務支出 = 24,120——可能為代收代付，需確認是否總額入帳",medium
N33,淡海,112,資遣費準備金 資產=負債,附註二(四)：以專戶或定期存款方式儲存之資遣費準備金，帳列非流動資產項下，基金數額應與非流動負債數額相符。,True,"資產 76,431 vs 負債 76,431，差額 +0",medium
N33,淡海,112,業務發展準備金 資產=負債,附註二(五)：應於同意後一個月內，以專戶或定期存款方式儲存（帳列非流動資產，與非流動負債相符）。,True,"資產 1,422,994 = 負債 1,422,994",high
N33,淡海,112,虧損年度不得提列業務發展準備,附註二(五)：非營利幼兒園未發生虧損之年度…始得提列業務發展準備金。,True,"提列 1,422,994，本期餘絀 +3,807,872（未虧損）",high
N33,淡海,112,業務發展準備提列上限 20%,附註二(五)：至多提列收入總額之百分之20為業務發展準備金。,True,"提列 1,422,994 = 收入合計 21,518,970 的 6.6%",high
N33,淡海,112,人事費不得流出,附註二(十)1.(3)：人事費不得流出。,,"人事費少支 1,359,488（決算 11,672,852 / 預算 13,032,340），同期支出合計超支 577,352。少支本身不等於流出（可能為缺額未補），但需確認是否將人事費挪用於其他科目",high
N33,淡海,112,附註五揭露 = 年末應付受託法人餘額,附註五 關係人交易：揭露予受託法人（關係人）之年末應付款餘額；全語料庫 96% 的報告中，此揭露數即為該年末應付受託法人餘額。,True,"附註五揭露 331,161 vs 年末應付受託法人款 331,161，差額 +0；本年度以現金支付約 333（表列行政管理費 331,494 − 揭露數）",medium
N33,淡海,112,收入不得以淨額入帳,附註二(八)：所有收入，均應列入各相關收入項目，並以收入總額入帳，不得以收支相抵後淨額入帳。,,"科目名稱含「淨額」：延長照顧服務收入淨額；收入與支出金額完全相同：其他收入 = 其他支出 = 1,349,052——可能為代收代付，需確認是否總額入帳",medium
N33,淡海,113,資遣費準備金 資產=負債,附註二(四)：以專戶或定期存款方式儲存之資遣費準備金，帳列非流動資產項下，基金數額應與非流動負債數額相符。,True,"資產 170,290 vs 負債 170,290，差額 +0",medium
N33,淡海,113,業務發展準備金 資產=負債,附註二(五)：應於同意後一個月內，以專戶或定期存款方式儲存（帳列非流動資產，與非流動負債相符）。,True,"資產 5,512,642 = 負債 5,512,642",high
N33,淡海,113,虧損年度不得提列業務發展準備,附註二(五)：非營利幼兒園未發生虧損之年度…始得提列業務發展準備金。,,"提列 4,089,648 後本期餘絀 -2,162,047（虧損），但提列前為 +1,927,601（未虧損）——虧損係提列本身造成，是否符合「未發生虧損之年度」需主管機關認定",high
N33,淡海,113,業務發展準備提列上限 20%,附註二(五)：至多提列收入總額之百分之20為業務發展準備金。,True,"提列 4,089,648 = 收入合計 22,928,947 的 17.8%",high
N33,淡海,113,人事費不得流出,附註二(十)1.(3)：人事費不得流出。,,"人事費少支 2,842,178（決算 13,994,993 / 預算 16,837,171），同期支出合計超支 4,030,855。少支本身不等於流出（可能為缺額未補），但需確認是否將人事費挪用於其他科目",high
N33,淡海,113,附註五揭露 = 年末應付受託法人餘額,附註五 關係人交易：揭露予受託法人（關係人）之年末應付款餘額；全語料庫 96% 的報告中，此揭露數即為該年末應付受託法人餘額。,False,"附註五揭露 341,798 vs 年末應付受託法人款 335,455，差額 -6,343；本年度以現金支付約 0（表列行政管理費 341,798 − 揭露數）",medium
N33,淡海,113,收入不得以淨額入帳,附註二(八)：所有收入，均應列入各相關收入項目，並以收入總額入帳，不得以收支相抵後淨額入帳。,,"科目名稱含「淨額」：延長照顧服務收入淨額；收入與支出金額完全相同：其他收入 = 其他支出 = 3,475,636——可能為代收代付，需確認是否總額入帳",medium
N34,佳和,112,資遣費準備金 資產=負債,附註二(四)：以專戶或定期存款方式儲存之資遣費準備金，帳列非流動資產項下，基金數額應與非流動負債數額相符。,,"僅單側列示（負債 44,053）——本學年度為開辦首年，專戶可能尚未開立，非短撥；請追次學年度是否補列",medium
N34,佳和,112,業務發展準備金 資產=負債,附註二(五)：應於同意後一個月內，以專戶或定期存款方式儲存（帳列非流動資產，與非流動負債相符）。,,"僅單側列示（負債 2,373,000）——本學年度為開辦首年，專戶可能尚未開立，非短撥；請追次學年度是否補列",medium
N34,佳和,112,虧損年度不得提列業務發展準備,附註二(五)：非營利幼兒園未發生虧損之年度…始得提列業務發展準備金。,True,"提列 2,373,000，本期餘絀 +145,750（未虧損）",high
N34,佳和,112,業務發展準備提列上限 20%,附註二(五)：至多提列收入總額之百分之20為業務發展準備金。,,"提列 2,373,000 = 收入合計 11,722,395 的 20.2%（上限 2,344,479，超出 28,521）。**臨界超出**：本份附註未定義「收入總額」之認定基礎；若以預算數或該定義計算可能符合，須先確認基礎再判斷",high
N34,佳和,112,人事費不得流出,附註二(十)1.(3)：人事費不得流出。,,"人事費少支 1,030,188（決算 6,472,036 / 預算 7,502,224），同期支出合計超支 1,192,833。少支本身不等於流出（可能為缺額未補），但需確認是否將人事費挪用於其他科目",high
N34,佳和,112,附註五揭露 = 年末應付受託法人餘額,附註五 關係人交易：揭露予受託法人（關係人）之年末應付款餘額；全語料庫 96% 的報告中，此揭露數即為該年末應付受託法人餘額。,True,"附註五揭露 222,104 vs 年末應付受託法人款 222,104，差額 +0；本年度以現金支付約 2,581（表列行政管理費 224,685 − 揭露數）",medium
N34,佳和,112,收入不得以淨額入帳,附註二(八)：所有收入，均應列入各相關收入項目，並以收入總額入帳，不得以收支相抵後淨額入帳。,,"科目名稱含「淨額」：延長照顧服務收入淨額；收入與支出金額完全相同：其他收入 = 其他支出 = 659,194——可能為代收代付，需確認是否總額入帳",medium
N34,佳和,113,資遣費準備金 資產=負債,附註二(四)：以專戶或定期存款方式儲存之資遣費準備金，帳列非流動資產項下，基金數額應與非流動負債數額相符。,True,"資產 98,149 vs 負債 98,149，差額 +0",medium
N34,佳和,113,業務發展準備金 資產=負債,附註二(五)：應於同意後一個月內，以專戶或定期存款方式儲存（帳列非流動資產，與非流動負債相符）。,False,"資產 2,373,000 vs 負債 5,133,743，未提撥足額 +2,760,743。依附註二(一)，未提撥足額衍生之所得稅應由非營利法人自行繳納，不得以園營運成本支應（本期未列所得稅費用）——請確認負擔主體",high
N34,佳和,113,虧損年度不得提列業務發展準備,附註二(五)：非營利幼兒園未發生虧損之年度…始得提列業務發展準備金。,,缺業務發展費或本期餘絀,high
N34,佳和,113,業務發展準備提列上限 20%,附註二(五)：至多提列收入總額之百分之20為業務發展準備金。,True,"提列 2,760,743 = 收入合計 15,622,560 的 17.7%",high
N34,佳和,113,人事費不得流出,附註二(十)1.(3)：人事費不得流出。,,"人事費少支 1,310,215（決算 8,382,581 / 預算 9,692,796），同期支出合計超支 2,595,560。少支本身不等於流出（可能為缺額未補），但需確認是否將人事費挪用於其他科目",high
N34,佳和,113,附註五揭露 = 年末應付受託法人餘額,附註五 關係人交易：揭露予受託法人（關係人）之年末應付款餘額；全語料庫 96% 的報告中，此揭露數即為該年末應付受託法人餘額。,True,"附註五揭露 254,616 vs 年末應付受託法人款 254,616，差額 +0；本年度以現金支付約 4,524（表列行政管理費 259,140 − 揭露數）",medium
N34,佳和,113,收入不得以淨額入帳,附註二(八)：所有收入，均應列入各相關收入項目，並以收入總額入帳，不得以收支相抵後淨額入帳。,,"科目名稱含「淨額」：延長照顧服務收入淨額；收入與支出金額完全相同：其他收入 = 其他支出 = 1,852,161——可能為代收代付，需確認是否總額入帳",medium
N35,桃子腳,113,資遣費準備金 資產=負債,附註二(四)：以專戶或定期存款方式儲存之資遣費準備金，帳列非流動資產項下，基金數額應與非流動負債數額相符。,True,"資產 103,001 vs 負債 103,001，差額 +0",medium
N35,桃子腳,113,業務發展準備金 資產=負債,附註二(五)：應於同意後一個月內，以專戶或定期存款方式儲存（帳列非流動資產，與非流動負債相符）。,True,"資產 1,270,727 = 負債 1,270,727",high
N35,桃子腳,113,虧損年度不得提列業務發展準備,附註二(五)：非營利幼兒園未發生虧損之年度…始得提列業務發展準備金。,True,"提列 1,270,727，本期餘絀 +2,830,087（未虧損）",high
N35,桃子腳,113,業務發展準備提列上限 20%,附註二(五)：至多提列收入總額之百分之20為業務發展準備金。,True,"提列 1,270,727 = 收入合計 23,579,137 的 5.4%",high
N35,桃子腳,113,人事費不得流出,附註二(十)1.(3)：人事費不得流出。,,"人事費少支 3,177,077（決算 14,384,345 / 預算 17,561,422），同期支出合計節餘 1,585,832。少支本身不等於流出（可能為缺額未補），但需確認是否將人事費挪用於其他科目",high
N35,桃子腳,113,附註五揭露 = 年末應付受託法人餘額,附註五 關係人交易：揭露予受託法人（關係人）之年末應付款餘額；全語料庫 96% 的報告中，此揭露數即為該年末應付受託法人餘額。,,缺附註五揭露金額或年末應付受託法人款,medium
N35,桃子腳,113,收入不得以淨額入帳,附註二(八)：所有收入，均應列入各相關收入項目，並以收入總額入帳，不得以收支相抵後淨額入帳。,,"科目名稱含「淨額」：延長照顧服務收入淨額；收入與支出金額完全相同：其他收入 = 其他支出 = 1,191,677；延長照顧服務收入淨額 = 延長照顧服務支出 = 80,955——可能為代收代付，需確認是否總額入帳",medium
N36,明德,113,資遣費準備金 資產=負債,附註二(四)：以專戶或定期存款方式儲存之資遣費準備金，帳列非流動資產項下，基金數額應與非流動負債數額相符。,True,"資產 45,005 vs 負債 45,005，差額 +0",medium
N36,明德,113,業務發展準備金 資產=負債,附註二(五)：應於同意後一個月內，以專戶或定期存款方式儲存（帳列非流動資產，與非流動負債相符）。,,兩側皆未列示,medium
N36,明德,113,虧損年度不得提列業務發展準備,附註二(五)：非營利幼兒園未發生虧損之年度…始得提列業務發展準備金。,,缺業務發展費或本期餘絀,high
N36,明德,113,業務發展準備提列上限 20%,附註二(五)：至多提列收入總額之百分之20為業務發展準備金。,,缺業務發展費或收入合計,high
N36,明德,113,人事費不得流出,附註二(十)1.(3)：人事費不得流出。,,"人事費少支 393,365（決算 7,273,300 / 預算 7,666,665），同期支出合計超支 704,607。少支本身不等於流出（可能為缺額未補），但需確認是否將人事費挪用於其他科目",high
N36,明德,113,附註五揭露 = 年末應付受託法人餘額,附註五 關係人交易：揭露予受託法人（關係人）之年末應付款餘額；全語料庫 96% 的報告中，此揭露數即為該年末應付受託法人餘額。,,缺附註五揭露金額或年末應付受託法人款,medium
N36,明德,113,收入不得以淨額入帳,附註二(八)：所有收入，均應列入各相關收入項目，並以收入總額入帳，不得以收支相抵後淨額入帳。,,"科目名稱含「淨額」：延長照顧服務收入淨額；收入與支出金額完全相同：其他收入 = 其他支出 = 1,123,216；延長照顧服務收入淨額 = 延長照顧服務支出 = 216,549——可能為代收代付，需確認是否總額入帳",medium
N37,清水高中,113,資遣費準備金 資產=負債,附註二(四)：以專戶或定期存款方式儲存之資遣費準備金，帳列非流動資產項下，基金數額應與非流動負債數額相符。,True,"資產 37,932 vs 負債 37,932，差額 +0",medium
N37,清水高中,113,業務發展準備金 資產=負債,附註二(五)：應於同意後一個月內，以專戶或定期存款方式儲存（帳列非流動資產，與非流動負債相符）。,True,"資產 92,221 = 負債 92,221",high
N37,清水高中,113,虧損年度不得提列業務發展準備,附註二(五)：非營利幼兒園未發生虧損之年度…始得提列業務發展準備金。,True,"提列 92,221，本期餘絀 +1,432,861（未虧損）",high
N37,清水高中,113,業務發展準備提列上限 20%,附註二(五)：至多提列收入總額之百分之20為業務發展準備金。,True,"提列 92,221 = 收入合計 9,985,305 的 0.9%",high
N37,清水高中,113,人事費不得流出,附註二(十)1.(3)：人事費不得流出。,,"人事費少支 739,420（決算 5,720,932 / 預算 6,460,352），同期支出合計超支 104,528。少支本身不等於流出（可能為缺額未補），但需確認是否將人事費挪用於其他科目",high
N37,清水高中,113,附註五揭露 = 年末應付受託法人餘額,附註五 關係人交易：揭露予受託法人（關係人）之年末應付款餘額；全語料庫 96% 的報告中，此揭露數即為該年末應付受託法人餘額。,True,"附註五揭露 63,933 vs 年末應付受託法人款 63,933，差額 +0；本年度以現金支付約 97,112（表列行政管理費 161,045 − 揭露數）",medium
N37,清水高中,113,收入不得以淨額入帳,附註二(八)：所有收入，均應列入各相關收入項目，並以收入總額入帳，不得以收支相抵後淨額入帳。,,科目名稱含「淨額」：延長照顧服務收入淨額——可能為代收代付，需確認是否總額入帳,medium
N38,崁頂,113,資遣費準備金 資產=負債,附註二(四)：以專戶或定期存款方式儲存之資遣費準備金，帳列非流動資產項下，基金數額應與非流動負債數額相符。,True,"資產 101,146 vs 負債 101,146，差額 +0",medium
N38,崁頂,113,業務發展準備金 資產=負債,附註二(五)：應於同意後一個月內，以專戶或定期存款方式儲存（帳列非流動資產，與非流動負債相符）。,True,"資產 1,421,287 = 負債 1,421,287",high
N38,崁頂,113,虧損年度不得提列業務發展準備,附註二(五)：非營利幼兒園未發生虧損之年度…始得提列業務發展準備金。,True,"提列 1,421,287，本期餘絀 +2,213,221（未虧損）",high
N38,崁頂,113,業務發展準備提列上限 20%,附註二(五)：至多提列收入總額之百分之20為業務發展準備金。,True,"提列 1,421,287 = 收入合計 24,490,192 的 5.8%",high
N38,崁頂,113,人事費不得流出,附註二(十)1.(3)：人事費不得流出。,,"人事費少支 2,547,053（決算 15,226,479 / 預算 17,773,532），同期支出合計節餘 452,252。少支本身不等於流出（可能為缺額未補），但需確認是否將人事費挪用於其他科目",high
N38,崁頂,113,附註五揭露 = 年末應付受託法人餘額,附註五 關係人交易：揭露予受託法人（關係人）之年末應付款餘額；全語料庫 96% 的報告中，此揭露數即為該年末應付受託法人餘額。,True,"附註五揭露 333,333 vs 年末應付受託法人款 333,333，差額 +0；本年度以現金支付約 0（表列行政管理費 333,333 − 揭露數）",medium
N38,崁頂,113,收入不得以淨額入帳,附註二(八)：所有收入，均應列入各相關收入項目，並以收入總額入帳，不得以收支相抵後淨額入帳。,,"科目名稱含「淨額」：延長照顧服務收入淨額；收入與支出金額完全相同：其他收入 = 其他支出 = 1,836,841——可能為代收代付，需確認是否總額入帳",medium
