code,short_name,academic_year,rule,rule_text,passed,detail,severity,sources,year_kind,entity_type
COHORT,全市公共化園,111-114,非營利園收費明細在外部來源停止公開,偵測收費異常需要**逐項**家長收費（學費／雜費／材料費／活動費／餐點費），那只有向主管機關申報的收費明細有。財報附註三提供的是彙總（家長繳費與政府學費差額補助兩個數字），足以查分攤比率，不足以查個別費目是否超收或挪用（例如附註二(十)3.(2)「餐點費，不得移作他用」要對的就是餐點費那一項）。,False,"非營利園收費明細檔數：109 學年度 20/52 檔；110 學年度 28/52 檔；111 學年度 0/52 檔；112 學年度 0/52 檔；113 學年度 0/52 檔；114 學年度 0/52 檔。全市總檔數同期為 1,115／1,147／1,109／1,108／1,098／1,085，公立園覆蓋 284–291／294，均無下降，故非爬取失敗。結果是 132 份非營利財報中，只有 110 學年度的 28 份（21.2%）有逐項家長收費可交叉。✅ 但彙總層級並未斷炊：財報附註三「收支明細表 1. 教保費收入」在 115/132 份報告中列出家長繳費與政府學費差額補助，且與收支餘絀表教保費收入完全對帳，四個學年度都可用。⚠️ 逐項缺口是資料可得性問題：鏡像未收錄與該園未申報在公開資料上無法區分，不得據此認定違反幼照法第 38 條。建議之查核事項為主管機關端的申報收件紀錄是否完整。",medium,收費明細來源目錄清點（scrape.fees.list_slip_files）／財報附註三（教保費收入拆分）,學年度,非營利
COHORT,全市公共化園,110-113,非營利園每生營運成本上升，增幅由政府端承擔,教保費收入 ÷ 實際招收人數 即每名幼兒之年度營運成本。附註二(五)定義收入總額時明示家長繳費與政府差額補助合併計算，而附註三「收支明細表 1. 教保費收入」把兩者分開列出，故增幅來自哪一端是可以查的。,False,"每生教保費收入中位數：110 102,287；111 111,778；112 116,551；113 138,439（+35.3%）。拆開後：每生家長繳費 110 21,998；111 16,414；112 16,509；113 15,675（-28.7%）；每生政府學費差額補助 110 80,240；111 96,539；112 100,031；113 121,719（+51.7%）；家長分攤比率 110 0.209；111 0.153；112 0.146；113 0.113（-45.8%）。→ 每生營運成本上升，但家長每生負擔下降，增幅由政府端承擔，與 111 年 8 月起學前補助政策的方向一致，本身不是異常。值得查核的是**成本本身**：核定之營運成本分攤數逐年調升的依據、以及 111 學年度起逐項家長收費不在公開資料中（見「非營利園收費明細在外部來源停止公開」）使費目層級無法覆核。",medium,收支餘絀表（教保費收入）／財報附註三（家長繳費／政府學費差額補助）／財報附註一（實際招收人數）,學年度,非營利
COHORT,全市公共化園,112-114,公立園推估滿園率下降、每生政府投入上升,把決算書接上全市統一收費基準與登記核定人數之後，才能算出決算書本身不含的兩個量：推估在園人數與每生政府投入。少子化下滿園率下降是預期的；值得查核的是公庫撥款不隨之調整，使每生公務成本同期上升。,False,"推估滿園率中位數：112 年度 0.793；113 年度 0.759；114 年度 0.738（112→114 -6.9%）。每生政府投入中位數：112 年度 113,703 元；113 年度 124,699 元；114 年度 150,706 元（112→114 +32.5%）。建議查核事項：核定招收人數與班級數是否已依實際招生檢討，以及員額編制與園舍使用是否配合調整。",high,決算書基金來源表／收費明細／園所基本資料（核定招收人數）,年度,公立
N01,安溪,110,教保費收入 = 收費 × 人數,收費明細申報之每生全學年度收費 × 財報附註一所載實際招收人數，應等於收支餘絀表之教保費收入決算數。此對應經 110 學年度 28 份報告實測，中位比值 1.0004、27/28 落在 ±4% 內，故偏離可視為三個數字之一有誤。,True,"教保費收入 10,069,260 ÷ 實際招收 90 人 = 每生 111,881，申報收費年額 111,864，比值 1.000",medium,收支餘絀表（教保費收入）／財報附註一（實際招收人數）／收費明細（全學期總收費）,學年度,非營利
N01,安溪,110,核定人數 財報=登記,財報附註一所載核定招收總人數，應與全國教保資訊網登記之核定招收人數相符。核定人數同時是收費、補助、師生比與樓地板面積的分母，任一系統記載不同，所有以它為基礎的計算都會跟著錯。,False,財報 90 人，登記 136 人，差 +46 人（容差 20 人）。請確認哪一邊是現行核定數，以及以另一邊為基礎核算之收費與補助是否需更正。　旁證：登記室內面積 684.3 ㎡，除以登記核定為 5.0 ㎡/人、除以財報核定為 7.6 ㎡/人（室內活動室法定下限 2.5 ㎡/人；主檔面積為全園室內面積，範圍較寬）,medium,財報附註一（核定招收人數）／園所基本資料（count_approved）,學年度,非營利
N01,安溪,110,師生比貼齊法定上限,財報附註一之實際招收人數 ÷ 教保服務人員數。幼兒教育及照顧法就 3 歲以上幼兒之配置上限為每 15 名 1 人（2 歲專班更嚴）。全體 132 份報告最大值恰為 15，無一超過，故本檢核標示的是已貼齊上限、任一人請假即無緩衝的情形。,True,90 名幼兒 ÷ 9 位 = 10.00（上限 15）,medium,財報附註一（實際招收人數、教保服務人員數）,學年度,非營利
N01,安溪,110,隱含收費年額 同儕偏離,教保費收入決算數 ÷ 實際招收人數，即財報反推之每名幼兒年度營運成本（含政府差額補助）。111 學年度起收費明細不在公開資料中，這是唯一可用的收費代理量，故僅能與同年度同類型同儕比較，不設絕對門檻。,True,"每生教保費收入 111,880.667 元/生（同年度中位 102,287.449 元/生，穩健 z=+0.92）",medium,收支餘絀表（教保費收入）／財報附註一（實際招收人數）／同年度非營利園同儕,學年度,非營利
N01,安溪,110,家長月均實繳 ≤ 登記月費,附註三「收支明細表 1. 教保費收入」之「教保費收入（家長繳費）」÷ 實際招收人數 ÷ 12 個月，與園所基本資料登記之每月收費比較。第二胎以上、低收入戶與身心障礙幼兒依規定減免，所以**平均值本應低於登記月費**；高於登記月費比低於更難解釋。,True,"家長繳費 1,940,500 ÷ 90 人 ÷ 12 月 = 每月 1,797，登記月費 2,000",medium,財報附註三（教保費收入－家長繳費）／財報附註一（實際招收人數）／園所基本資料（每月收費）,學年度,非營利
N01,安溪,110,家長分攤比率 同儕偏離,家長繳費 ÷（家長繳費 + 政府學費差額補助）。非營利園是成本分攤制，分攤比率由核定之營運成本與家長收費數額共同決定，同一年度同一制度下應相近。全市中位數自 110 學年度 0.209 降至 113 學年度 0.113（政府端承擔上升），故僅與同年度同儕比較，不設絕對門檻。,True,家長分攤比率 0.193（同年度中位 0.209，穩健 z=-0.77）,medium,財報附註三（教保費收入－家長繳費／政府學費差額補助）／同年度非營利園同儕,學年度,非營利
N01,安溪,111,教保費收入 = 收費 × 人數,收費明細申報之每生全學年度收費 × 財報附註一所載實際招收人數，應等於收支餘絀表之教保費收入決算數。此對應經 110 學年度 28 份報告實測，中位比值 1.0004、27/28 落在 ±4% 內，故偏離可視為三個數字之一有誤。,,111 學年度查無非營利園收費明細（鏡像自 111 學年度起全市 0 檔，109／110 分別為 23／31 檔）——資料不足，非該園未申報,medium,收支餘絀表（教保費收入）／財報附註一（實際招收人數）／收費明細（全學期總收費）,學年度,非營利
N01,安溪,111,核定人數 財報=登記,財報附註一所載核定招收總人數，應與全國教保資訊網登記之核定招收人數相符。核定人數同時是收費、補助、師生比與樓地板面積的分母，任一系統記載不同，所有以它為基礎的計算都會跟著錯。,True,財報 136 人，登記 136 人，差 +0 人,medium,財報附註一（核定招收人數）／園所基本資料（count_approved）,學年度,非營利
N01,安溪,111,師生比貼齊法定上限,財報附註一之實際招收人數 ÷ 教保服務人員數。幼兒教育及照顧法就 3 歲以上幼兒之配置上限為每 15 名 1 人（2 歲專班更嚴）。全體 132 份報告最大值恰為 15，無一超過，故本檢核標示的是已貼齊上限、任一人請假即無緩衝的情形。,True,134 名幼兒 ÷ 12 位 = 11.17（上限 15）,medium,財報附註一（實際招收人數、教保服務人員數）,學年度,非營利
N01,安溪,111,隱含收費年額 同儕偏離,教保費收入決算數 ÷ 實際招收人數，即財報反推之每名幼兒年度營運成本（含政府差額補助）。111 學年度起收費明細不在公開資料中，這是唯一可用的收費代理量，故僅能與同年度同類型同儕比較，不設絕對門檻。,True,"每生教保費收入 121,924.284 元/生（同年度中位 111,778.059 元/生，穩健 z=+1.01）",medium,收支餘絀表（教保費收入）／財報附註一（實際招收人數）／同年度非營利園同儕,學年度,非營利
N01,安溪,111,家長月均實繳 ≤ 登記月費,附註三「收支明細表 1. 教保費收入」之「教保費收入（家長繳費）」÷ 實際招收人數 ÷ 12 個月，與園所基本資料登記之每月收費比較。第二胎以上、低收入戶與身心障礙幼兒依規定減免，所以**平均值本應低於登記月費**；高於登記月費比低於更難解釋。,True,"家長繳費 2,152,116 ÷ 134 人 ÷ 12 月 = 每月 1,338，登記月費 2,000",medium,財報附註三（教保費收入－家長繳費）／財報附註一（實際招收人數）／園所基本資料（每月收費）,學年度,非營利
N01,安溪,111,家長分攤比率 同儕偏離,家長繳費 ÷（家長繳費 + 政府學費差額補助）。非營利園是成本分攤制，分攤比率由核定之營運成本與家長收費數額共同決定，同一年度同一制度下應相近。全市中位數自 110 學年度 0.209 降至 113 學年度 0.113（政府端承擔上升），故僅與同年度同儕比較，不設絕對門檻。,True,家長分攤比率 0.132（同年度中位 0.153，穩健 z=-0.82）,medium,財報附註三（教保費收入－家長繳費／政府學費差額補助）／同年度非營利園同儕,學年度,非營利
N01,安溪,112,教保費收入 = 收費 × 人數,收費明細申報之每生全學年度收費 × 財報附註一所載實際招收人數，應等於收支餘絀表之教保費收入決算數。此對應經 110 學年度 28 份報告實測，中位比值 1.0004、27/28 落在 ±4% 內，故偏離可視為三個數字之一有誤。,,112 學年度查無非營利園收費明細（鏡像自 111 學年度起全市 0 檔，109／110 分別為 23／31 檔）——資料不足，非該園未申報,medium,收支餘絀表（教保費收入）／財報附註一（實際招收人數）／收費明細（全學期總收費）,學年度,非營利
N01,安溪,112,核定人數 財報=登記,財報附註一所載核定招收總人數，應與全國教保資訊網登記之核定招收人數相符。核定人數同時是收費、補助、師生比與樓地板面積的分母，任一系統記載不同，所有以它為基礎的計算都會跟著錯。,True,財報 136 人，登記 136 人，差 +0 人,medium,財報附註一（核定招收人數）／園所基本資料（count_approved）,學年度,非營利
N01,安溪,112,師生比貼齊法定上限,財報附註一之實際招收人數 ÷ 教保服務人員數。幼兒教育及照顧法就 3 歲以上幼兒之配置上限為每 15 名 1 人（2 歲專班更嚴）。全體 132 份報告最大值恰為 15，無一超過，故本檢核標示的是已貼齊上限、任一人請假即無緩衝的情形。,True,134 名幼兒 ÷ 12 位 = 11.17（上限 15）,medium,財報附註一（實際招收人數、教保服務人員數）,學年度,非營利
N01,安溪,112,隱含收費年額 同儕偏離,教保費收入決算數 ÷ 實際招收人數，即財報反推之每名幼兒年度營運成本（含政府差額補助）。111 學年度起收費明細不在公開資料中，這是唯一可用的收費代理量，故僅能與同年度同類型同儕比較，不設絕對門檻。,True,"每生教保費收入 129,289.993 元/生（同年度中位 116,550.739 元/生，穩健 z=+1.19）",medium,收支餘絀表（教保費收入）／財報附註一（實際招收人數）／同年度非營利園同儕,學年度,非營利
N01,安溪,112,家長月均實繳 ≤ 登記月費,附註三「收支明細表 1. 教保費收入」之「教保費收入（家長繳費）」÷ 實際招收人數 ÷ 12 個月，與園所基本資料登記之每月收費比較。第二胎以上、低收入戶與身心障礙幼兒依規定減免，所以**平均值本應低於登記月費**；高於登記月費比低於更難解釋。,True,"家長繳費 2,202,863 ÷ 134 人 ÷ 12 月 = 每月 1,370，登記月費 2,000",medium,財報附註三（教保費收入－家長繳費）／財報附註一（實際招收人數）／園所基本資料（每月收費）,學年度,非營利
N01,安溪,112,家長分攤比率 同儕偏離,家長繳費 ÷（家長繳費 + 政府學費差額補助）。非營利園是成本分攤制，分攤比率由核定之營運成本與家長收費數額共同決定，同一年度同一制度下應相近。全市中位數自 110 學年度 0.209 降至 113 學年度 0.113（政府端承擔上升），故僅與同年度同儕比較，不設絕對門檻。,True,家長分攤比率 0.127（同年度中位 0.146，穩健 z=-0.80）,medium,財報附註三（教保費收入－家長繳費／政府學費差額補助）／同年度非營利園同儕,學年度,非營利
N01,安溪,113,教保費收入 = 收費 × 人數,收費明細申報之每生全學年度收費 × 財報附註一所載實際招收人數，應等於收支餘絀表之教保費收入決算數。此對應經 110 學年度 28 份報告實測，中位比值 1.0004、27/28 落在 ±4% 內，故偏離可視為三個數字之一有誤。,,113 學年度查無非營利園收費明細（鏡像自 111 學年度起全市 0 檔，109／110 分別為 23／31 檔）——資料不足，非該園未申報,medium,收支餘絀表（教保費收入）／財報附註一（實際招收人數）／收費明細（全學期總收費）,學年度,非營利
N01,安溪,113,核定人數 財報=登記,財報附註一所載核定招收總人數，應與全國教保資訊網登記之核定招收人數相符。核定人數同時是收費、補助、師生比與樓地板面積的分母，任一系統記載不同，所有以它為基礎的計算都會跟著錯。,True,財報 120 人，登記 136 人，差 +16 人,medium,財報附註一（核定招收人數）／園所基本資料（count_approved）,學年度,非營利
N01,安溪,113,師生比貼齊法定上限,財報附註一之實際招收人數 ÷ 教保服務人員數。幼兒教育及照顧法就 3 歲以上幼兒之配置上限為每 15 名 1 人（2 歲專班更嚴）。全體 132 份報告最大值恰為 15，無一超過，故本檢核標示的是已貼齊上限、任一人請假即無緩衝的情形。,True,118 名幼兒 ÷ 12 位 = 9.83（上限 15）,medium,財報附註一（實際招收人數、教保服務人員數）,學年度,非營利
N01,安溪,113,隱含收費年額 同儕偏離,教保費收入決算數 ÷ 實際招收人數，即財報反推之每名幼兒年度營運成本（含政府差額補助）。111 學年度起收費明細不在公開資料中，這是唯一可用的收費代理量，故僅能與同年度同類型同儕比較，不設絕對門檻。,True,"每生教保費收入 152,457.627 元/生（同年度中位 138,439.024 元/生，穩健 z=+0.74）",medium,收支餘絀表（教保費收入）／財報附註一（實際招收人數）／同年度非營利園同儕,學年度,非營利
N01,安溪,113,家長月均實繳 ≤ 登記月費,附註三「收支明細表 1. 教保費收入」之「教保費收入（家長繳費）」÷ 實際招收人數 ÷ 12 個月，與園所基本資料登記之每月收費比較。第二胎以上、低收入戶與身心障礙幼兒依規定減免，所以**平均值本應低於登記月費**；高於登記月費比低於更難解釋。,True,"家長繳費 2,040,000 ÷ 118 人 ÷ 12 月 = 每月 1,441，登記月費 2,000",medium,財報附註三（教保費收入－家長繳費）／財報附註一（實際招收人數）／園所基本資料（每月收費）,學年度,非營利
N01,安溪,113,家長分攤比率 同儕偏離,家長繳費 ÷（家長繳費 + 政府學費差額補助）。非營利園是成本分攤制，分攤比率由核定之營運成本與家長收費數額共同決定，同一年度同一制度下應相近。全市中位數自 110 學年度 0.209 降至 113 學年度 0.113（政府端承擔上升），故僅與同年度同儕比較，不設絕對門檻。,True,家長分攤比率 0.113（同年度中位 0.113，穩健 z=-0.00）,medium,財報附註三（教保費收入－家長繳費／政府學費差額補助）／同年度非營利園同儕,學年度,非營利
N02,山北,110,教保費收入 = 收費 × 人數,收費明細申報之每生全學年度收費 × 財報附註一所載實際招收人數，應等於收支餘絀表之教保費收入決算數。此對應經 110 學年度 28 份報告實測，中位比值 1.0004、27/28 落在 ±4% 內，故偏離可視為三個數字之一有誤。,True,"教保費收入 10,232,397 ÷ 實際招收 90 人 = 每生 113,693，申報收費年額 114,297，比值 0.995",medium,收支餘絀表（教保費收入）／財報附註一（實際招收人數）／收費明細（全學期總收費）,學年度,非營利
N02,山北,110,核定人數 財報=登記,財報附註一所載核定招收總人數，應與全國教保資訊網登記之核定招收人數相符。核定人數同時是收費、補助、師生比與樓地板面積的分母，任一系統記載不同，所有以它為基礎的計算都會跟著錯。,True,財報 90 人，登記 90 人，差 +0 人,medium,財報附註一（核定招收人數）／園所基本資料（count_approved）,學年度,非營利
N02,山北,110,師生比貼齊法定上限,財報附註一之實際招收人數 ÷ 教保服務人員數。幼兒教育及照顧法就 3 歲以上幼兒之配置上限為每 15 名 1 人（2 歲專班更嚴）。全體 132 份報告最大值恰為 15，無一超過，故本檢核標示的是已貼齊上限、任一人請假即無緩衝的情形。,True,90 名幼兒 ÷ 10 位 = 9.00（上限 15）,medium,財報附註一（實際招收人數、教保服務人員數）,學年度,非營利
N02,山北,110,隱含收費年額 同儕偏離,教保費收入決算數 ÷ 實際招收人數，即財報反推之每名幼兒年度營運成本（含政府差額補助）。111 學年度起收費明細不在公開資料中，這是唯一可用的收費代理量，故僅能與同年度同類型同儕比較，不設絕對門檻。,True,"每生教保費收入 113,693.300 元/生（同年度中位 102,287.449 元/生，穩健 z=+1.10）",medium,收支餘絀表（教保費收入）／財報附註一（實際招收人數）／同年度非營利園同儕,學年度,非營利
N02,山北,110,家長月均實繳 ≤ 登記月費,附註三「收支明細表 1. 教保費收入」之「教保費收入（家長繳費）」÷ 實際招收人數 ÷ 12 個月，與園所基本資料登記之每月收費比較。第二胎以上、低收入戶與身心障礙幼兒依規定減免，所以**平均值本應低於登記月費**；高於登記月費比低於更難解釋。,True,"家長繳費 2,135,565 ÷ 90 人 ÷ 12 月 = 每月 1,977，登記月費 2,000",medium,財報附註三（教保費收入－家長繳費）／財報附註一（實際招收人數）／園所基本資料（每月收費）,學年度,非營利
N02,山北,110,家長分攤比率 同儕偏離,家長繳費 ÷（家長繳費 + 政府學費差額補助）。非營利園是成本分攤制，分攤比率由核定之營運成本與家長收費數額共同決定，同一年度同一制度下應相近。全市中位數自 110 學年度 0.209 降至 113 學年度 0.113（政府端承擔上升），故僅與同年度同儕比較，不設絕對門檻。,True,家長分攤比率 0.209（同年度中位 0.209，穩健 z=-0.04）,medium,財報附註三（教保費收入－家長繳費／政府學費差額補助）／同年度非營利園同儕,學年度,非營利
N02,山北,111,教保費收入 = 收費 × 人數,收費明細申報之每生全學年度收費 × 財報附註一所載實際招收人數，應等於收支餘絀表之教保費收入決算數。此對應經 110 學年度 28 份報告實測，中位比值 1.0004、27/28 落在 ±4% 內，故偏離可視為三個數字之一有誤。,,111 學年度查無非營利園收費明細（鏡像自 111 學年度起全市 0 檔，109／110 分別為 23／31 檔）——資料不足，非該園未申報,medium,收支餘絀表（教保費收入）／財報附註一（實際招收人數）／收費明細（全學期總收費）,學年度,非營利
N02,山北,111,核定人數 財報=登記,財報附註一所載核定招收總人數，應與全國教保資訊網登記之核定招收人數相符。核定人數同時是收費、補助、師生比與樓地板面積的分母，任一系統記載不同，所有以它為基礎的計算都會跟著錯。,True,財報 90 人，登記 90 人，差 +0 人,medium,財報附註一（核定招收人數）／園所基本資料（count_approved）,學年度,非營利
N02,山北,111,師生比貼齊法定上限,財報附註一之實際招收人數 ÷ 教保服務人員數。幼兒教育及照顧法就 3 歲以上幼兒之配置上限為每 15 名 1 人（2 歲專班更嚴）。全體 132 份報告最大值恰為 15，無一超過，故本檢核標示的是已貼齊上限、任一人請假即無緩衝的情形。,True,90 名幼兒 ÷ 10 位 = 9.00（上限 15）,medium,財報附註一（實際招收人數、教保服務人員數）,學年度,非營利
N02,山北,111,隱含收費年額 同儕偏離,教保費收入決算數 ÷ 實際招收人數，即財報反推之每名幼兒年度營運成本（含政府差額補助）。111 學年度起收費明細不在公開資料中，這是唯一可用的收費代理量，故僅能與同年度同類型同儕比較，不設絕對門檻。,True,"每生教保費收入 113,698.133 元/生（同年度中位 111,778.059 元/生，穩健 z=+0.19）",medium,收支餘絀表（教保費收入）／財報附註一（實際招收人數）／同年度非營利園同儕,學年度,非營利
N02,山北,111,家長月均實繳 ≤ 登記月費,附註三「收支明細表 1. 教保費收入」之「教保費收入（家長繳費）」÷ 實際招收人數 ÷ 12 個月，與園所基本資料登記之每月收費比較。第二胎以上、低收入戶與身心障礙幼兒依規定減免，所以**平均值本應低於登記月費**；高於登記月費比低於更難解釋。,,缺附註三家長繳費、實際招收人數或登記每月收費,medium,財報附註三（教保費收入－家長繳費）／財報附註一（實際招收人數）／園所基本資料（每月收費）,學年度,非營利
N02,山北,111,家長分攤比率 同儕偏離,家長繳費 ÷（家長繳費 + 政府學費差額補助）。非營利園是成本分攤制，分攤比率由核定之營運成本與家長收費數額共同決定，同一年度同一制度下應相近。全市中位數自 110 學年度 0.209 降至 113 學年度 0.113（政府端承擔上升），故僅與同年度同儕比較，不設絕對門檻。,,本份報告未抽到附註三之教保費收入拆分,medium,財報附註三（教保費收入－家長繳費／政府學費差額補助）／同年度非營利園同儕,學年度,非營利
N02,山北,112,教保費收入 = 收費 × 人數,收費明細申報之每生全學年度收費 × 財報附註一所載實際招收人數，應等於收支餘絀表之教保費收入決算數。此對應經 110 學年度 28 份報告實測，中位比值 1.0004、27/28 落在 ±4% 內，故偏離可視為三個數字之一有誤。,,112 學年度查無非營利園收費明細（鏡像自 111 學年度起全市 0 檔，109／110 分別為 23／31 檔）——資料不足，非該園未申報,medium,收支餘絀表（教保費收入）／財報附註一（實際招收人數）／收費明細（全學期總收費）,學年度,非營利
N02,山北,112,核定人數 財報=登記,財報附註一所載核定招收總人數，應與全國教保資訊網登記之核定招收人數相符。核定人數同時是收費、補助、師生比與樓地板面積的分母，任一系統記載不同，所有以它為基礎的計算都會跟著錯。,True,財報 90 人，登記 90 人，差 +0 人,medium,財報附註一（核定招收人數）／園所基本資料（count_approved）,學年度,非營利
N02,山北,112,師生比貼齊法定上限,財報附註一之實際招收人數 ÷ 教保服務人員數。幼兒教育及照顧法就 3 歲以上幼兒之配置上限為每 15 名 1 人（2 歲專班更嚴）。全體 132 份報告最大值恰為 15，無一超過，故本檢核標示的是已貼齊上限、任一人請假即無緩衝的情形。,True,90 名幼兒 ÷ 10 位 = 9.00（上限 15）,medium,財報附註一（實際招收人數、教保服務人員數）,學年度,非營利
N02,山北,112,隱含收費年額 同儕偏離,教保費收入決算數 ÷ 實際招收人數，即財報反推之每名幼兒年度營運成本（含政府差額補助）。111 學年度起收費明細不在公開資料中，這是唯一可用的收費代理量，故僅能與同年度同類型同儕比較，不設絕對門檻。,False,"每生教保費收入 141,832.533 元/生（同年度中位 116,550.739 元/生，穩健 z=+2.36），偏高。請確認核定之營運成本分攤數、班別結構與招收人數認列基礎；該年度無收費明細可供覆核",medium,收支餘絀表（教保費收入）／財報附註一（實際招收人數）／同年度非營利園同儕,學年度,非營利
N02,山北,112,家長月均實繳 ≤ 登記月費,附註三「收支明細表 1. 教保費收入」之「教保費收入（家長繳費）」÷ 實際招收人數 ÷ 12 個月，與園所基本資料登記之每月收費比較。第二胎以上、低收入戶與身心障礙幼兒依規定減免，所以**平均值本應低於登記月費**；高於登記月費比低於更難解釋。,True,"家長繳費 1,510,652 ÷ 90 人 ÷ 12 月 = 每月 1,399，登記月費 2,000",medium,財報附註三（教保費收入－家長繳費）／財報附註一（實際招收人數）／園所基本資料（每月收費）,學年度,非營利
N02,山北,112,家長分攤比率 同儕偏離,家長繳費 ÷（家長繳費 + 政府學費差額補助）。非營利園是成本分攤制，分攤比率由核定之營運成本與家長收費數額共同決定，同一年度同一制度下應相近。全市中位數自 110 學年度 0.209 降至 113 學年度 0.113（政府端承擔上升），故僅與同年度同儕比較，不設絕對門檻。,True,家長分攤比率 0.118（同年度中位 0.146，穩健 z=-1.17）,medium,財報附註三（教保費收入－家長繳費／政府學費差額補助）／同年度非營利園同儕,學年度,非營利
N02,山北,113,教保費收入 = 收費 × 人數,收費明細申報之每生全學年度收費 × 財報附註一所載實際招收人數，應等於收支餘絀表之教保費收入決算數。此對應經 110 學年度 28 份報告實測，中位比值 1.0004、27/28 落在 ±4% 內，故偏離可視為三個數字之一有誤。,,113 學年度查無非營利園收費明細（鏡像自 111 學年度起全市 0 檔，109／110 分別為 23／31 檔）——資料不足，非該園未申報,medium,收支餘絀表（教保費收入）／財報附註一（實際招收人數）／收費明細（全學期總收費）,學年度,非營利
N02,山北,113,核定人數 財報=登記,財報附註一所載核定招收總人數，應與全國教保資訊網登記之核定招收人數相符。核定人數同時是收費、補助、師生比與樓地板面積的分母，任一系統記載不同，所有以它為基礎的計算都會跟著錯。,True,財報 86 人，登記 90 人，差 +4 人,medium,財報附註一（核定招收人數）／園所基本資料（count_approved）,學年度,非營利
N02,山北,113,師生比貼齊法定上限,財報附註一之實際招收人數 ÷ 教保服務人員數。幼兒教育及照顧法就 3 歲以上幼兒之配置上限為每 15 名 1 人（2 歲專班更嚴）。全體 132 份報告最大值恰為 15，無一超過，故本檢核標示的是已貼齊上限、任一人請假即無緩衝的情形。,True,86 名幼兒 ÷ 10 位 = 8.60（上限 15）,medium,財報附註一（實際招收人數、教保服務人員數）,學年度,非營利
N02,山北,113,隱含收費年額 同儕偏離,教保費收入決算數 ÷ 實際招收人數，即財報反推之每名幼兒年度營運成本（含政府差額補助）。111 學年度起收費明細不在公開資料中，這是唯一可用的收費代理量，故僅能與同年度同類型同儕比較，不設絕對門檻。,True,"每生教保費收入 163,558.140 元/生（同年度中位 138,439.024 元/生，穩健 z=+1.32）",medium,收支餘絀表（教保費收入）／財報附註一（實際招收人數）／同年度非營利園同儕,學年度,非營利
N02,山北,113,家長月均實繳 ≤ 登記月費,附註三「收支明細表 1. 教保費收入」之「教保費收入（家長繳費）」÷ 實際招收人數 ÷ 12 個月，與園所基本資料登記之每月收費比較。第二胎以上、低收入戶與身心障礙幼兒依規定減免，所以**平均值本應低於登記月費**；高於登記月費比低於更難解釋。,True,"家長繳費 1,236,000 ÷ 86 人 ÷ 12 月 = 每月 1,198，登記月費 2,000",medium,財報附註三（教保費收入－家長繳費）／財報附註一（實際招收人數）／園所基本資料（每月收費）,學年度,非營利
N02,山北,113,家長分攤比率 同儕偏離,家長繳費 ÷（家長繳費 + 政府學費差額補助）。非營利園是成本分攤制，分攤比率由核定之營運成本與家長收費數額共同決定，同一年度同一制度下應相近。全市中位數自 110 學年度 0.209 降至 113 學年度 0.113（政府端承擔上升），故僅與同年度同儕比較，不設絕對門檻。,True,家長分攤比率 0.088（同年度中位 0.113，穩健 z=-1.16）,medium,財報附註三（教保費收入－家長繳費／政府學費差額補助）／同年度非營利園同儕,學年度,非營利
N03,龍埔成長,110,教保費收入 = 收費 × 人數,收費明細申報之每生全學年度收費 × 財報附註一所載實際招收人數，應等於收支餘絀表之教保費收入決算數。此對應經 110 學年度 28 份報告實測，中位比值 1.0004、27/28 落在 ±4% 內，故偏離可視為三個數字之一有誤。,True,"教保費收入 10,094,201 ÷ 實際招收 90 人 = 每生 112,158，申報收費年額 112,020，比值 1.001",medium,收支餘絀表（教保費收入）／財報附註一（實際招收人數）／收費明細（全學期總收費）,學年度,非營利
N03,龍埔成長,110,核定人數 財報=登記,財報附註一所載核定招收總人數，應與全國教保資訊網登記之核定招收人數相符。核定人數同時是收費、補助、師生比與樓地板面積的分母，任一系統記載不同，所有以它為基礎的計算都會跟著錯。,True,財報 90 人，登記 90 人，差 +0 人,medium,財報附註一（核定招收人數）／園所基本資料（count_approved）,學年度,非營利
N03,龍埔成長,110,師生比貼齊法定上限,財報附註一之實際招收人數 ÷ 教保服務人員數。幼兒教育及照顧法就 3 歲以上幼兒之配置上限為每 15 名 1 人（2 歲專班更嚴）。全體 132 份報告最大值恰為 15，無一超過，故本檢核標示的是已貼齊上限、任一人請假即無緩衝的情形。,True,90 名幼兒 ÷ 9 位 = 10.00（上限 15）,medium,財報附註一（實際招收人數、教保服務人員數）,學年度,非營利
N03,龍埔成長,110,隱含收費年額 同儕偏離,教保費收入決算數 ÷ 實際招收人數，即財報反推之每名幼兒年度營運成本（含政府差額補助）。111 學年度起收費明細不在公開資料中，這是唯一可用的收費代理量，故僅能與同年度同類型同儕比較，不設絕對門檻。,True,"每生教保費收入 112,157.789 元/生（同年度中位 102,287.449 元/生，穩健 z=+0.95）",medium,收支餘絀表（教保費收入）／財報附註一（實際招收人數）／同年度非營利園同儕,學年度,非營利
N03,龍埔成長,110,家長月均實繳 ≤ 登記月費,附註三「收支明細表 1. 教保費收入」之「教保費收入（家長繳費）」÷ 實際招收人數 ÷ 12 個月，與園所基本資料登記之每月收費比較。第二胎以上、低收入戶與身心障礙幼兒依規定減免，所以**平均值本應低於登記月費**；高於登記月費比低於更難解釋。,,缺附註三家長繳費、實際招收人數或登記每月收費,medium,財報附註三（教保費收入－家長繳費）／財報附註一（實際招收人數）／園所基本資料（每月收費）,學年度,非營利
N03,龍埔成長,110,家長分攤比率 同儕偏離,家長繳費 ÷（家長繳費 + 政府學費差額補助）。非營利園是成本分攤制，分攤比率由核定之營運成本與家長收費數額共同決定，同一年度同一制度下應相近。全市中位數自 110 學年度 0.209 降至 113 學年度 0.113（政府端承擔上升），故僅與同年度同儕比較，不設絕對門檻。,,本份報告未抽到附註三之教保費收入拆分,medium,財報附註三（教保費收入－家長繳費／政府學費差額補助）／同年度非營利園同儕,學年度,非營利
N03,龍埔成長,111,教保費收入 = 收費 × 人數,收費明細申報之每生全學年度收費 × 財報附註一所載實際招收人數，應等於收支餘絀表之教保費收入決算數。此對應經 110 學年度 28 份報告實測，中位比值 1.0004、27/28 落在 ±4% 內，故偏離可視為三個數字之一有誤。,,111 學年度查無非營利園收費明細（鏡像自 111 學年度起全市 0 檔，109／110 分別為 23／31 檔）——資料不足，非該園未申報,medium,收支餘絀表（教保費收入）／財報附註一（實際招收人數）／收費明細（全學期總收費）,學年度,非營利
N03,龍埔成長,111,核定人數 財報=登記,財報附註一所載核定招收總人數，應與全國教保資訊網登記之核定招收人數相符。核定人數同時是收費、補助、師生比與樓地板面積的分母，任一系統記載不同，所有以它為基礎的計算都會跟著錯。,True,財報 90 人，登記 90 人，差 +0 人,medium,財報附註一（核定招收人數）／園所基本資料（count_approved）,學年度,非營利
N03,龍埔成長,111,師生比貼齊法定上限,財報附註一之實際招收人數 ÷ 教保服務人員數。幼兒教育及照顧法就 3 歲以上幼兒之配置上限為每 15 名 1 人（2 歲專班更嚴）。全體 132 份報告最大值恰為 15，無一超過，故本檢核標示的是已貼齊上限、任一人請假即無緩衝的情形。,True,89 名幼兒 ÷ 9 位 = 9.89（上限 15）,medium,財報附註一（實際招收人數、教保服務人員數）,學年度,非營利
N03,龍埔成長,111,隱含收費年額 同儕偏離,教保費收入決算數 ÷ 實際招收人數，即財報反推之每名幼兒年度營運成本（含政府差額補助）。111 學年度起收費明細不在公開資料中，這是唯一可用的收費代理量，故僅能與同年度同類型同儕比較，不設絕對門檻。,True,"每生教保費收入 113,273.764 元/生（同年度中位 111,778.059 元/生，穩健 z=+0.15）",medium,收支餘絀表（教保費收入）／財報附註一（實際招收人數）／同年度非營利園同儕,學年度,非營利
N03,龍埔成長,111,家長月均實繳 ≤ 登記月費,附註三「收支明細表 1. 教保費收入」之「教保費收入（家長繳費）」÷ 實際招收人數 ÷ 12 個月，與園所基本資料登記之每月收費比較。第二胎以上、低收入戶與身心障礙幼兒依規定減免，所以**平均值本應低於登記月費**；高於登記月費比低於更難解釋。,True,"家長繳費 1,423,575 ÷ 89 人 ÷ 12 月 = 每月 1,333，登記月費 2,000",medium,財報附註三（教保費收入－家長繳費）／財報附註一（實際招收人數）／園所基本資料（每月收費）,學年度,非營利
N03,龍埔成長,111,家長分攤比率 同儕偏離,家長繳費 ÷（家長繳費 + 政府學費差額補助）。非營利園是成本分攤制，分攤比率由核定之營運成本與家長收費數額共同決定，同一年度同一制度下應相近。全市中位數自 110 學年度 0.209 降至 113 學年度 0.113（政府端承擔上升），故僅與同年度同儕比較，不設絕對門檻。,True,家長分攤比率 0.141（同年度中位 0.153，穩健 z=-0.45）,medium,財報附註三（教保費收入－家長繳費／政府學費差額補助）／同年度非營利園同儕,學年度,非營利
N03,龍埔成長,112,教保費收入 = 收費 × 人數,收費明細申報之每生全學年度收費 × 財報附註一所載實際招收人數，應等於收支餘絀表之教保費收入決算數。此對應經 110 學年度 28 份報告實測，中位比值 1.0004、27/28 落在 ±4% 內，故偏離可視為三個數字之一有誤。,,112 學年度查無非營利園收費明細（鏡像自 111 學年度起全市 0 檔，109／110 分別為 23／31 檔）——資料不足，非該園未申報,medium,收支餘絀表（教保費收入）／財報附註一（實際招收人數）／收費明細（全學期總收費）,學年度,非營利
N03,龍埔成長,112,核定人數 財報=登記,財報附註一所載核定招收總人數，應與全國教保資訊網登記之核定招收人數相符。核定人數同時是收費、補助、師生比與樓地板面積的分母，任一系統記載不同，所有以它為基礎的計算都會跟著錯。,True,財報 90 人，登記 90 人，差 +0 人,medium,財報附註一（核定招收人數）／園所基本資料（count_approved）,學年度,非營利
N03,龍埔成長,112,師生比貼齊法定上限,財報附註一之實際招收人數 ÷ 教保服務人員數。幼兒教育及照顧法就 3 歲以上幼兒之配置上限為每 15 名 1 人（2 歲專班更嚴）。全體 132 份報告最大值恰為 15，無一超過，故本檢核標示的是已貼齊上限、任一人請假即無緩衝的情形。,True,90 名幼兒 ÷ 9 位 = 10.00（上限 15）,medium,財報附註一（實際招收人數、教保服務人員數）,學年度,非營利
N03,龍埔成長,112,隱含收費年額 同儕偏離,教保費收入決算數 ÷ 實際招收人數，即財報反推之每名幼兒年度營運成本（含政府差額補助）。111 學年度起收費明細不在公開資料中，這是唯一可用的收費代理量，故僅能與同年度同類型同儕比較，不設絕對門檻。,True,"每生教保費收入 112,117.911 元/生（同年度中位 116,550.739 元/生，穩健 z=-0.41）",medium,收支餘絀表（教保費收入）／財報附註一（實際招收人數）／同年度非營利園同儕,學年度,非營利
N03,龍埔成長,112,家長月均實繳 ≤ 登記月費,附註三「收支明細表 1. 教保費收入」之「教保費收入（家長繳費）」÷ 實際招收人數 ÷ 12 個月，與園所基本資料登記之每月收費比較。第二胎以上、低收入戶與身心障礙幼兒依規定減免，所以**平均值本應低於登記月費**；高於登記月費比低於更難解釋。,True,"家長繳費 1,225,476 ÷ 90 人 ÷ 12 月 = 每月 1,135，登記月費 2,000",medium,財報附註三（教保費收入－家長繳費）／財報附註一（實際招收人數）／園所基本資料（每月收費）,學年度,非營利
N03,龍埔成長,112,家長分攤比率 同儕偏離,家長繳費 ÷（家長繳費 + 政府學費差額補助）。非營利園是成本分攤制，分攤比率由核定之營運成本與家長收費數額共同決定，同一年度同一制度下應相近。全市中位數自 110 學年度 0.209 降至 113 學年度 0.113（政府端承擔上升），故僅與同年度同儕比較，不設絕對門檻。,True,家長分攤比率 0.121（同年度中位 0.146，穩健 z=-1.04）,medium,財報附註三（教保費收入－家長繳費／政府學費差額補助）／同年度非營利園同儕,學年度,非營利
N03,龍埔成長,113,教保費收入 = 收費 × 人數,收費明細申報之每生全學年度收費 × 財報附註一所載實際招收人數，應等於收支餘絀表之教保費收入決算數。此對應經 110 學年度 28 份報告實測，中位比值 1.0004、27/28 落在 ±4% 內，故偏離可視為三個數字之一有誤。,,113 學年度查無非營利園收費明細（鏡像自 111 學年度起全市 0 檔，109／110 分別為 23／31 檔）——資料不足，非該園未申報,medium,收支餘絀表（教保費收入）／財報附註一（實際招收人數）／收費明細（全學期總收費）,學年度,非營利
N03,龍埔成長,113,核定人數 財報=登記,財報附註一所載核定招收總人數，應與全國教保資訊網登記之核定招收人數相符。核定人數同時是收費、補助、師生比與樓地板面積的分母，任一系統記載不同，所有以它為基礎的計算都會跟著錯。,True,財報 72 人，登記 90 人，差 +18 人,medium,財報附註一（核定招收人數）／園所基本資料（count_approved）,學年度,非營利
N03,龍埔成長,113,師生比貼齊法定上限,財報附註一之實際招收人數 ÷ 教保服務人員數。幼兒教育及照顧法就 3 歲以上幼兒之配置上限為每 15 名 1 人（2 歲專班更嚴）。全體 132 份報告最大值恰為 15，無一超過，故本檢核標示的是已貼齊上限、任一人請假即無緩衝的情形。,True,71 名幼兒 ÷ 9 位 = 7.89（上限 15）,medium,財報附註一（實際招收人數、教保服務人員數）,學年度,非營利
N03,龍埔成長,113,隱含收費年額 同儕偏離,教保費收入決算數 ÷ 實際招收人數，即財報反推之每名幼兒年度營運成本（含政府差額補助）。111 學年度起收費明細不在公開資料中，這是唯一可用的收費代理量，故僅能與同年度同類型同儕比較，不設絕對門檻。,True,"每生教保費收入 168,042.254 元/生（同年度中位 138,439.024 元/生，穩健 z=+1.56）",medium,收支餘絀表（教保費收入）／財報附註一（實際招收人數）／同年度非營利園同儕,學年度,非營利
N03,龍埔成長,113,家長月均實繳 ≤ 登記月費,附註三「收支明細表 1. 教保費收入」之「教保費收入（家長繳費）」÷ 實際招收人數 ÷ 12 個月，與園所基本資料登記之每月收費比較。第二胎以上、低收入戶與身心障礙幼兒依規定減免，所以**平均值本應低於登記月費**；高於登記月費比低於更難解釋。,True,"家長繳費 811,000 ÷ 71 人 ÷ 12 月 = 每月 952，登記月費 2,000",medium,財報附註三（教保費收入－家長繳費）／財報附註一（實際招收人數）／園所基本資料（每月收費）,學年度,非營利
N03,龍埔成長,113,家長分攤比率 同儕偏離,家長繳費 ÷（家長繳費 + 政府學費差額補助）。非營利園是成本分攤制，分攤比率由核定之營運成本與家長收費數額共同決定，同一年度同一制度下應相近。全市中位數自 110 學年度 0.209 降至 113 學年度 0.113（政府端承擔上升），故僅與同年度同儕比較，不設絕對門檻。,False,"家長分攤比率 0.068（同年度中位 0.113，穩健 z=-2.06），偏低（家長 811,000、政府 11,120,000）。請確認該學年度核定之營運成本分攤數與家長收費數額，以及減免人數結構是否足以解釋差異",medium,財報附註三（教保費收入－家長繳費／政府學費差額補助）／同年度非營利園同儕,學年度,非營利
N04,海工,110,教保費收入 = 收費 × 人數,收費明細申報之每生全學年度收費 × 財報附註一所載實際招收人數，應等於收支餘絀表之教保費收入決算數。此對應經 110 學年度 28 份報告實測，中位比值 1.0004、27/28 落在 ±4% 內，故偏離可視為三個數字之一有誤。,True,"教保費收入 6,210,921 ÷ 實際招收 60 人 = 每生 103,515，申報收費年額 103,572，比值 0.999",medium,收支餘絀表（教保費收入）／財報附註一（實際招收人數）／收費明細（全學期總收費）,學年度,非營利
N04,海工,110,核定人數 財報=登記,財報附註一所載核定招收總人數，應與全國教保資訊網登記之核定招收人數相符。核定人數同時是收費、補助、師生比與樓地板面積的分母，任一系統記載不同，所有以它為基礎的計算都會跟著錯。,True,財報 60 人，登記 60 人，差 +0 人,medium,財報附註一（核定招收人數）／園所基本資料（count_approved）,學年度,非營利
N04,海工,110,師生比貼齊法定上限,財報附註一之實際招收人數 ÷ 教保服務人員數。幼兒教育及照顧法就 3 歲以上幼兒之配置上限為每 15 名 1 人（2 歲專班更嚴）。全體 132 份報告最大值恰為 15，無一超過，故本檢核標示的是已貼齊上限、任一人請假即無緩衝的情形。,True,60 名幼兒 ÷ 5 位 = 12.00（上限 15）,medium,財報附註一（實際招收人數、教保服務人員數）,學年度,非營利
N04,海工,110,隱含收費年額 同儕偏離,教保費收入決算數 ÷ 實際招收人數，即財報反推之每名幼兒年度營運成本（含政府差額補助）。111 學年度起收費明細不在公開資料中，這是唯一可用的收費代理量，故僅能與同年度同類型同儕比較，不設絕對門檻。,True,"每生教保費收入 103,515.350 元/生（同年度中位 102,287.449 元/生，穩健 z=+0.12）",medium,收支餘絀表（教保費收入）／財報附註一（實際招收人數）／同年度非營利園同儕,學年度,非營利
N04,海工,110,家長月均實繳 ≤ 登記月費,附註三「收支明細表 1. 教保費收入」之「教保費收入（家長繳費）」÷ 實際招收人數 ÷ 12 個月，與園所基本資料登記之每月收費比較。第二胎以上、低收入戶與身心障礙幼兒依規定減免，所以**平均值本應低於登記月費**；高於登記月費比低於更難解釋。,True,"家長繳費 1,157,666 ÷ 60 人 ÷ 12 月 = 每月 1,608，登記月費 2,000",medium,財報附註三（教保費收入－家長繳費）／財報附註一（實際招收人數）／園所基本資料（每月收費）,學年度,非營利
N04,海工,110,家長分攤比率 同儕偏離,家長繳費 ÷（家長繳費 + 政府學費差額補助）。非營利園是成本分攤制，分攤比率由核定之營運成本與家長收費數額共同決定，同一年度同一制度下應相近。全市中位數自 110 學年度 0.209 降至 113 學年度 0.113（政府端承擔上升），故僅與同年度同儕比較，不設絕對門檻。,True,家長分攤比率 0.186（同年度中位 0.209，穩健 z=-1.06）,medium,財報附註三（教保費收入－家長繳費／政府學費差額補助）／同年度非營利園同儕,學年度,非營利
N04,海工,111,教保費收入 = 收費 × 人數,收費明細申報之每生全學年度收費 × 財報附註一所載實際招收人數，應等於收支餘絀表之教保費收入決算數。此對應經 110 學年度 28 份報告實測，中位比值 1.0004、27/28 落在 ±4% 內，故偏離可視為三個數字之一有誤。,,111 學年度查無非營利園收費明細（鏡像自 111 學年度起全市 0 檔，109／110 分別為 23／31 檔）——資料不足，非該園未申報,medium,收支餘絀表（教保費收入）／財報附註一（實際招收人數）／收費明細（全學期總收費）,學年度,非營利
N04,海工,111,核定人數 財報=登記,財報附註一所載核定招收總人數，應與全國教保資訊網登記之核定招收人數相符。核定人數同時是收費、補助、師生比與樓地板面積的分母，任一系統記載不同，所有以它為基礎的計算都會跟著錯。,True,財報 60 人，登記 60 人，差 +0 人,medium,財報附註一（核定招收人數）／園所基本資料（count_approved）,學年度,非營利
N04,海工,111,師生比貼齊法定上限,財報附註一之實際招收人數 ÷ 教保服務人員數。幼兒教育及照顧法就 3 歲以上幼兒之配置上限為每 15 名 1 人（2 歲專班更嚴）。全體 132 份報告最大值恰為 15，無一超過，故本檢核標示的是已貼齊上限、任一人請假即無緩衝的情形。,False,60 名幼兒 ÷ 4 位教保服務人員 = 15.00，已達法定上限 15 的 100%。若含 2 歲專班則配置標準更嚴，請確認各班實際配置與代理人力,medium,財報附註一（實際招收人數、教保服務人員數）,學年度,非營利
N04,海工,111,隱含收費年額 同儕偏離,教保費收入決算數 ÷ 實際招收人數，即財報反推之每名幼兒年度營運成本（含政府差額補助）。111 學年度起收費明細不在公開資料中，這是唯一可用的收費代理量，故僅能與同年度同類型同儕比較，不設絕對門檻。,True,"每生教保費收入 103,572.000 元/生（同年度中位 111,778.059 元/生，穩健 z=-0.81）",medium,收支餘絀表（教保費收入）／財報附註一（實際招收人數）／同年度非營利園同儕,學年度,非營利
N04,海工,111,家長月均實繳 ≤ 登記月費,附註三「收支明細表 1. 教保費收入」之「教保費收入（家長繳費）」÷ 實際招收人數 ÷ 12 個月，與園所基本資料登記之每月收費比較。第二胎以上、低收入戶與身心障礙幼兒依規定減免，所以**平均值本應低於登記月費**；高於登記月費比低於更難解釋。,True,"家長繳費 990,000 ÷ 60 人 ÷ 12 月 = 每月 1,375，登記月費 2,000",medium,財報附註三（教保費收入－家長繳費）／財報附註一（實際招收人數）／園所基本資料（每月收費）,學年度,非營利
N04,海工,111,家長分攤比率 同儕偏離,家長繳費 ÷（家長繳費 + 政府學費差額補助）。非營利園是成本分攤制，分攤比率由核定之營運成本與家長收費數額共同決定，同一年度同一制度下應相近。全市中位數自 110 學年度 0.209 降至 113 學年度 0.113（政府端承擔上升），故僅與同年度同儕比較，不設絕對門檻。,True,家長分攤比率 0.159（同年度中位 0.153，穩健 z=+0.27）,medium,財報附註三（教保費收入－家長繳費／政府學費差額補助）／同年度非營利園同儕,學年度,非營利
N04,海工,112,教保費收入 = 收費 × 人數,收費明細申報之每生全學年度收費 × 財報附註一所載實際招收人數，應等於收支餘絀表之教保費收入決算數。此對應經 110 學年度 28 份報告實測，中位比值 1.0004、27/28 落在 ±4% 內，故偏離可視為三個數字之一有誤。,,112 學年度查無非營利園收費明細（鏡像自 111 學年度起全市 0 檔，109／110 分別為 23／31 檔）——資料不足，非該園未申報,medium,收支餘絀表（教保費收入）／財報附註一（實際招收人數）／收費明細（全學期總收費）,學年度,非營利
N04,海工,112,核定人數 財報=登記,財報附註一所載核定招收總人數，應與全國教保資訊網登記之核定招收人數相符。核定人數同時是收費、補助、師生比與樓地板面積的分母，任一系統記載不同，所有以它為基礎的計算都會跟著錯。,True,財報 60 人，登記 60 人，差 +0 人,medium,財報附註一（核定招收人數）／園所基本資料（count_approved）,學年度,非營利
N04,海工,112,師生比貼齊法定上限,財報附註一之實際招收人數 ÷ 教保服務人員數。幼兒教育及照顧法就 3 歲以上幼兒之配置上限為每 15 名 1 人（2 歲專班更嚴）。全體 132 份報告最大值恰為 15，無一超過，故本檢核標示的是已貼齊上限、任一人請假即無緩衝的情形。,True,60 名幼兒 ÷ 5 位 = 12.00（上限 15）,medium,財報附註一（實際招收人數、教保服務人員數）,學年度,非營利
N04,海工,112,隱含收費年額 同儕偏離,教保費收入決算數 ÷ 實際招收人數，即財報反推之每名幼兒年度營運成本（含政府差額補助）。111 學年度起收費明細不在公開資料中，這是唯一可用的收費代理量，故僅能與同年度同類型同儕比較，不設絕對門檻。,True,"每生教保費收入 103,370.183 元/生（同年度中位 116,550.739 元/生，穩健 z=-1.23）",medium,收支餘絀表（教保費收入）／財報附註一（實際招收人數）／同年度非營利園同儕,學年度,非營利
N04,海工,112,家長月均實繳 ≤ 登記月費,附註三「收支明細表 1. 教保費收入」之「教保費收入（家長繳費）」÷ 實際招收人數 ÷ 12 個月，與園所基本資料登記之每月收費比較。第二胎以上、低收入戶與身心障礙幼兒依規定減免，所以**平均值本應低於登記月費**；高於登記月費比低於更難解釋。,True,"家長繳費 990,521 ÷ 60 人 ÷ 12 月 = 每月 1,376，登記月費 2,000",medium,財報附註三（教保費收入－家長繳費）／財報附註一（實際招收人數）／園所基本資料（每月收費）,學年度,非營利
N04,海工,112,家長分攤比率 同儕偏離,家長繳費 ÷（家長繳費 + 政府學費差額補助）。非營利園是成本分攤制，分攤比率由核定之營運成本與家長收費數額共同決定，同一年度同一制度下應相近。全市中位數自 110 學年度 0.209 降至 113 學年度 0.113（政府端承擔上升），故僅與同年度同儕比較，不設絕對門檻。,True,家長分攤比率 0.160（同年度中位 0.146，穩健 z=+0.57）,medium,財報附註三（教保費收入－家長繳費／政府學費差額補助）／同年度非營利園同儕,學年度,非營利
N04,海工,113,教保費收入 = 收費 × 人數,收費明細申報之每生全學年度收費 × 財報附註一所載實際招收人數，應等於收支餘絀表之教保費收入決算數。此對應經 110 學年度 28 份報告實測，中位比值 1.0004、27/28 落在 ±4% 內，故偏離可視為三個數字之一有誤。,,113 學年度查無非營利園收費明細（鏡像自 111 學年度起全市 0 檔，109／110 分別為 23／31 檔）——資料不足，非該園未申報,medium,收支餘絀表（教保費收入）／財報附註一（實際招收人數）／收費明細（全學期總收費）,學年度,非營利
N04,海工,113,核定人數 財報=登記,財報附註一所載核定招收總人數，應與全國教保資訊網登記之核定招收人數相符。核定人數同時是收費、補助、師生比與樓地板面積的分母，任一系統記載不同，所有以它為基礎的計算都會跟著錯。,True,財報 48 人，登記 60 人，差 +12 人,medium,財報附註一（核定招收人數）／園所基本資料（count_approved）,學年度,非營利
N04,海工,113,師生比貼齊法定上限,財報附註一之實際招收人數 ÷ 教保服務人員數。幼兒教育及照顧法就 3 歲以上幼兒之配置上限為每 15 名 1 人（2 歲專班更嚴）。全體 132 份報告最大值恰為 15，無一超過，故本檢核標示的是已貼齊上限、任一人請假即無緩衝的情形。,True,48 名幼兒 ÷ 5 位 = 9.60（上限 15）,medium,財報附註一（實際招收人數、教保服務人員數）,學年度,非營利
N04,海工,113,隱含收費年額 同儕偏離,教保費收入決算數 ÷ 實際招收人數，即財報反推之每名幼兒年度營運成本（含政府差額補助）。111 學年度起收費明細不在公開資料中，這是唯一可用的收費代理量，故僅能與同年度同類型同儕比較，不設絕對門檻。,True,"每生教保費收入 158,500.000 元/生（同年度中位 138,439.024 元/生，穩健 z=+1.05）",medium,收支餘絀表（教保費收入）／財報附註一（實際招收人數）／同年度非營利園同儕,學年度,非營利
N04,海工,113,家長月均實繳 ≤ 登記月費,附註三「收支明細表 1. 教保費收入」之「教保費收入（家長繳費）」÷ 實際招收人數 ÷ 12 個月，與園所基本資料登記之每月收費比較。第二胎以上、低收入戶與身心障礙幼兒依規定減免，所以**平均值本應低於登記月費**；高於登記月費比低於更難解釋。,,缺附註三家長繳費、實際招收人數或登記每月收費,medium,財報附註三（教保費收入－家長繳費）／財報附註一（實際招收人數）／園所基本資料（每月收費）,學年度,非營利
N04,海工,113,家長分攤比率 同儕偏離,家長繳費 ÷（家長繳費 + 政府學費差額補助）。非營利園是成本分攤制，分攤比率由核定之營運成本與家長收費數額共同決定，同一年度同一制度下應相近。全市中位數自 110 學年度 0.209 降至 113 學年度 0.113（政府端承擔上升），故僅與同年度同儕比較，不設絕對門檻。,,本份報告未抽到附註三之教保費收入拆分,medium,財報附註三（教保費收入－家長繳費／政府學費差額補助）／同年度非營利園同儕,學年度,非營利
N05,漢翔,110,教保費收入 = 收費 × 人數,收費明細申報之每生全學年度收費 × 財報附註一所載實際招收人數，應等於收支餘絀表之教保費收入決算數。此對應經 110 學年度 28 份報告實測，中位比值 1.0004、27/28 落在 ±4% 內，故偏離可視為三個數字之一有誤。,True,"教保費收入 9,030,884 ÷ 實際招收 76 人 = 每生 118,827，申報收費年額 119,136，比值 0.997",medium,收支餘絀表（教保費收入）／財報附註一（實際招收人數）／收費明細（全學期總收費）,學年度,非營利
N05,漢翔,110,核定人數 財報=登記,財報附註一所載核定招收總人數，應與全國教保資訊網登記之核定招收人數相符。核定人數同時是收費、補助、師生比與樓地板面積的分母，任一系統記載不同，所有以它為基礎的計算都會跟著錯。,True,財報 76 人，登記 76 人，差 +0 人,medium,財報附註一（核定招收人數）／園所基本資料（count_approved）,學年度,非營利
N05,漢翔,110,師生比貼齊法定上限,財報附註一之實際招收人數 ÷ 教保服務人員數。幼兒教育及照顧法就 3 歲以上幼兒之配置上限為每 15 名 1 人（2 歲專班更嚴）。全體 132 份報告最大值恰為 15，無一超過，故本檢核標示的是已貼齊上限、任一人請假即無緩衝的情形。,True,76 名幼兒 ÷ 8 位 = 9.50（上限 15）,medium,財報附註一（實際招收人數、教保服務人員數）,學年度,非營利
N05,漢翔,110,隱含收費年額 同儕偏離,教保費收入決算數 ÷ 實際招收人數，即財報反推之每名幼兒年度營運成本（含政府差額補助）。111 學年度起收費明細不在公開資料中，這是唯一可用的收費代理量，故僅能與同年度同類型同儕比較，不設絕對門檻。,True,"每生教保費收入 118,827.421 元/生（同年度中位 102,287.449 元/生，穩健 z=+1.59）",medium,收支餘絀表（教保費收入）／財報附註一（實際招收人數）／同年度非營利園同儕,學年度,非營利
N05,漢翔,110,家長月均實繳 ≤ 登記月費,附註三「收支明細表 1. 教保費收入」之「教保費收入（家長繳費）」÷ 實際招收人數 ÷ 12 個月，與園所基本資料登記之每月收費比較。第二胎以上、低收入戶與身心障礙幼兒依規定減免，所以**平均值本應低於登記月費**；高於登記月費比低於更難解釋。,True,"家長繳費 1,362,000 ÷ 76 人 ÷ 12 月 = 每月 1,493，登記月費 2,000",medium,財報附註三（教保費收入－家長繳費）／財報附註一（實際招收人數）／園所基本資料（每月收費）,學年度,非營利
N05,漢翔,110,家長分攤比率 同儕偏離,家長繳費 ÷（家長繳費 + 政府學費差額補助）。非營利園是成本分攤制，分攤比率由核定之營運成本與家長收費數額共同決定，同一年度同一制度下應相近。全市中位數自 110 學年度 0.209 降至 113 學年度 0.113（政府端承擔上升），故僅與同年度同儕比較，不設絕對門檻。,False,"家長分攤比率 0.151（同年度中位 0.209，穩健 z=-2.69），偏低（家長 1,362,000、政府 7,668,884）。請確認該學年度核定之營運成本分攤數與家長收費數額，以及減免人數結構是否足以解釋差異",medium,財報附註三（教保費收入－家長繳費／政府學費差額補助）／同年度非營利園同儕,學年度,非營利
N05,漢翔,111,教保費收入 = 收費 × 人數,收費明細申報之每生全學年度收費 × 財報附註一所載實際招收人數，應等於收支餘絀表之教保費收入決算數。此對應經 110 學年度 28 份報告實測，中位比值 1.0004、27/28 落在 ±4% 內，故偏離可視為三個數字之一有誤。,,111 學年度查無非營利園收費明細（鏡像自 111 學年度起全市 0 檔，109／110 分別為 23／31 檔）——資料不足，非該園未申報,medium,收支餘絀表（教保費收入）／財報附註一（實際招收人數）／收費明細（全學期總收費）,學年度,非營利
N05,漢翔,111,核定人數 財報=登記,財報附註一所載核定招收總人數，應與全國教保資訊網登記之核定招收人數相符。核定人數同時是收費、補助、師生比與樓地板面積的分母，任一系統記載不同，所有以它為基礎的計算都會跟著錯。,True,財報 76 人，登記 76 人，差 +0 人,medium,財報附註一（核定招收人數）／園所基本資料（count_approved）,學年度,非營利
N05,漢翔,111,師生比貼齊法定上限,財報附註一之實際招收人數 ÷ 教保服務人員數。幼兒教育及照顧法就 3 歲以上幼兒之配置上限為每 15 名 1 人（2 歲專班更嚴）。全體 132 份報告最大值恰為 15，無一超過，故本檢核標示的是已貼齊上限、任一人請假即無緩衝的情形。,True,76 名幼兒 ÷ 8 位 = 9.50（上限 15）,medium,財報附註一（實際招收人數、教保服務人員數）,學年度,非營利
N05,漢翔,111,隱含收費年額 同儕偏離,教保費收入決算數 ÷ 實際招收人數，即財報反推之每名幼兒年度營運成本（含政府差額補助）。111 學年度起收費明細不在公開資料中，這是唯一可用的收費代理量，故僅能與同年度同類型同儕比較，不設絕對門檻。,True,"每生教保費收入 118,738.434 元/生（同年度中位 111,778.059 元/生，穩健 z=+0.69）",medium,收支餘絀表（教保費收入）／財報附註一（實際招收人數）／同年度非營利園同儕,學年度,非營利
N05,漢翔,111,家長月均實繳 ≤ 登記月費,附註三「收支明細表 1. 教保費收入」之「教保費收入（家長繳費）」÷ 實際招收人數 ÷ 12 個月，與園所基本資料登記之每月收費比較。第二胎以上、低收入戶與身心障礙幼兒依規定減免，所以**平均值本應低於登記月費**；高於登記月費比低於更難解釋。,True,"家長繳費 918,000 ÷ 76 人 ÷ 12 月 = 每月 1,007，登記月費 2,000",medium,財報附註三（教保費收入－家長繳費）／財報附註一（實際招收人數）／園所基本資料（每月收費）,學年度,非營利
N05,漢翔,111,家長分攤比率 同儕偏離,家長繳費 ÷（家長繳費 + 政府學費差額補助）。非營利園是成本分攤制，分攤比率由核定之營運成本與家長收費數額共同決定，同一年度同一制度下應相近。全市中位數自 110 學年度 0.209 降至 113 學年度 0.113（政府端承擔上升），故僅與同年度同儕比較，不設絕對門檻。,False,"家長分攤比率 0.102（同年度中位 0.153，穩健 z=-2.01），偏低（家長 918,000、政府 8,106,121）。請確認該學年度核定之營運成本分攤數與家長收費數額，以及減免人數結構是否足以解釋差異",medium,財報附註三（教保費收入－家長繳費／政府學費差額補助）／同年度非營利園同儕,學年度,非營利
N05,漢翔,112,教保費收入 = 收費 × 人數,收費明細申報之每生全學年度收費 × 財報附註一所載實際招收人數，應等於收支餘絀表之教保費收入決算數。此對應經 110 學年度 28 份報告實測，中位比值 1.0004、27/28 落在 ±4% 內，故偏離可視為三個數字之一有誤。,,112 學年度查無非營利園收費明細（鏡像自 111 學年度起全市 0 檔，109／110 分別為 23／31 檔）——資料不足，非該園未申報,medium,收支餘絀表（教保費收入）／財報附註一（實際招收人數）／收費明細（全學期總收費）,學年度,非營利
N05,漢翔,112,核定人數 財報=登記,財報附註一所載核定招收總人數，應與全國教保資訊網登記之核定招收人數相符。核定人數同時是收費、補助、師生比與樓地板面積的分母，任一系統記載不同，所有以它為基礎的計算都會跟著錯。,True,財報 76 人，登記 76 人，差 +0 人,medium,財報附註一（核定招收人數）／園所基本資料（count_approved）,學年度,非營利
N05,漢翔,112,師生比貼齊法定上限,財報附註一之實際招收人數 ÷ 教保服務人員數。幼兒教育及照顧法就 3 歲以上幼兒之配置上限為每 15 名 1 人（2 歲專班更嚴）。全體 132 份報告最大值恰為 15，無一超過，故本檢核標示的是已貼齊上限、任一人請假即無緩衝的情形。,True,76 名幼兒 ÷ 8 位 = 9.50（上限 15）,medium,財報附註一（實際招收人數、教保服務人員數）,學年度,非營利
N05,漢翔,112,隱含收費年額 同儕偏離,教保費收入決算數 ÷ 實際招收人數，即財報反推之每名幼兒年度營運成本（含政府差額補助）。111 學年度起收費明細不在公開資料中，這是唯一可用的收費代理量，故僅能與同年度同類型同儕比較，不設絕對門檻。,True,"每生教保費收入 118,656.408 元/生（同年度中位 116,550.739 元/生，穩健 z=+0.20）",medium,收支餘絀表（教保費收入）／財報附註一（實際招收人數）／同年度非營利園同儕,學年度,非營利
N05,漢翔,112,家長月均實繳 ≤ 登記月費,附註三「收支明細表 1. 教保費收入」之「教保費收入（家長繳費）」÷ 實際招收人數 ÷ 12 個月，與園所基本資料登記之每月收費比較。第二胎以上、低收入戶與身心障礙幼兒依規定減免，所以**平均值本應低於登記月費**；高於登記月費比低於更難解釋。,True,"家長繳費 934,607 ÷ 76 人 ÷ 12 月 = 每月 1,025，登記月費 2,000",medium,財報附註三（教保費收入－家長繳費）／財報附註一（實際招收人數）／園所基本資料（每月收費）,學年度,非營利
N05,漢翔,112,家長分攤比率 同儕偏離,家長繳費 ÷（家長繳費 + 政府學費差額補助）。非營利園是成本分攤制，分攤比率由核定之營運成本與家長收費數額共同決定，同一年度同一制度下應相近。全市中位數自 110 學年度 0.209 降至 113 學年度 0.113（政府端承擔上升），故僅與同年度同儕比較，不設絕對門檻。,True,家長分攤比率 0.104（同年度中位 0.146，穩健 z=-1.79）,medium,財報附註三（教保費收入－家長繳費／政府學費差額補助）／同年度非營利園同儕,學年度,非營利
N05,漢翔,113,教保費收入 = 收費 × 人數,收費明細申報之每生全學年度收費 × 財報附註一所載實際招收人數，應等於收支餘絀表之教保費收入決算數。此對應經 110 學年度 28 份報告實測，中位比值 1.0004、27/28 落在 ±4% 內，故偏離可視為三個數字之一有誤。,,113 學年度查無非營利園收費明細（鏡像自 111 學年度起全市 0 檔，109／110 分別為 23／31 檔）——資料不足，非該園未申報,medium,收支餘絀表（教保費收入）／財報附註一（實際招收人數）／收費明細（全學期總收費）,學年度,非營利
N05,漢翔,113,核定人數 財報=登記,財報附註一所載核定招收總人數，應與全國教保資訊網登記之核定招收人數相符。核定人數同時是收費、補助、師生比與樓地板面積的分母，任一系統記載不同，所有以它為基礎的計算都會跟著錯。,True,財報 72 人，登記 76 人，差 +4 人,medium,財報附註一（核定招收人數）／園所基本資料（count_approved）,學年度,非營利
N05,漢翔,113,師生比貼齊法定上限,財報附註一之實際招收人數 ÷ 教保服務人員數。幼兒教育及照顧法就 3 歲以上幼兒之配置上限為每 15 名 1 人（2 歲專班更嚴）。全體 132 份報告最大值恰為 15，無一超過，故本檢核標示的是已貼齊上限、任一人請假即無緩衝的情形。,True,72 名幼兒 ÷ 7 位 = 10.29（上限 15）,medium,財報附註一（實際招收人數、教保服務人員數）,學年度,非營利
N05,漢翔,113,隱含收費年額 同儕偏離,教保費收入決算數 ÷ 實際招收人數，即財報反推之每名幼兒年度營運成本（含政府差額補助）。111 學年度起收費明細不在公開資料中，這是唯一可用的收費代理量，故僅能與同年度同類型同儕比較，不設絕對門檻。,True,"每生教保費收入 169,888.889 元/生（同年度中位 138,439.024 元/生，穩健 z=+1.65）",medium,收支餘絀表（教保費收入）／財報附註一（實際招收人數）／同年度非營利園同儕,學年度,非營利
N05,漢翔,113,家長月均實繳 ≤ 登記月費,附註三「收支明細表 1. 教保費收入」之「教保費收入（家長繳費）」÷ 實際招收人數 ÷ 12 個月，與園所基本資料登記之每月收費比較。第二胎以上、低收入戶與身心障礙幼兒依規定減免，所以**平均值本應低於登記月費**；高於登記月費比低於更難解釋。,True,"家長繳費 912,000 ÷ 72 人 ÷ 12 月 = 每月 1,056，登記月費 2,000",medium,財報附註三（教保費收入－家長繳費）／財報附註一（實際招收人數）／園所基本資料（每月收費）,學年度,非營利
N05,漢翔,113,家長分攤比率 同儕偏離,家長繳費 ÷（家長繳費 + 政府學費差額補助）。非營利園是成本分攤制，分攤比率由核定之營運成本與家長收費數額共同決定，同一年度同一制度下應相近。全市中位數自 110 學年度 0.209 降至 113 學年度 0.113（政府端承擔上升），故僅與同年度同儕比較，不設絕對門檻。,True,家長分攤比率 0.075（同年度中位 0.113，穩健 z=-1.76）,medium,財報附註三（教保費收入－家長繳費／政府學費差額補助）／同年度非營利園同儕,學年度,非營利
N06,昌平,110,教保費收入 = 收費 × 人數,收費明細申報之每生全學年度收費 × 財報附註一所載實際招收人數，應等於收支餘絀表之教保費收入決算數。此對應經 110 學年度 28 份報告實測，中位比值 1.0004、27/28 落在 ±4% 內，故偏離可視為三個數字之一有誤。,True,"教保費收入 11,741,812 ÷ 實際招收 120 人 = 每生 97,848，申報收費年額 97,872，比值 1.000",medium,收支餘絀表（教保費收入）／財報附註一（實際招收人數）／收費明細（全學期總收費）,學年度,非營利
N06,昌平,110,核定人數 財報=登記,財報附註一所載核定招收總人數，應與全國教保資訊網登記之核定招收人數相符。核定人數同時是收費、補助、師生比與樓地板面積的分母，任一系統記載不同，所有以它為基礎的計算都會跟著錯。,True,財報 120 人，登記 120 人，差 +0 人,medium,財報附註一（核定招收人數）／園所基本資料（count_approved）,學年度,非營利
N06,昌平,110,師生比貼齊法定上限,財報附註一之實際招收人數 ÷ 教保服務人員數。幼兒教育及照顧法就 3 歲以上幼兒之配置上限為每 15 名 1 人（2 歲專班更嚴）。全體 132 份報告最大值恰為 15，無一超過，故本檢核標示的是已貼齊上限、任一人請假即無緩衝的情形。,True,120 名幼兒 ÷ 10 位 = 12.00（上限 15）,medium,財報附註一（實際招收人數、教保服務人員數）,學年度,非營利
N06,昌平,110,隱含收費年額 同儕偏離,教保費收入決算數 ÷ 實際招收人數，即財報反推之每名幼兒年度營運成本（含政府差額補助）。111 學年度起收費明細不在公開資料中，這是唯一可用的收費代理量，故僅能與同年度同類型同儕比較，不設絕對門檻。,True,"每生教保費收入 97,848.433 元/生（同年度中位 102,287.449 元/生，穩健 z=-0.43）",medium,收支餘絀表（教保費收入）／財報附註一（實際招收人數）／同年度非營利園同儕,學年度,非營利
N06,昌平,110,家長月均實繳 ≤ 登記月費,附註三「收支明細表 1. 教保費收入」之「教保費收入（家長繳費）」÷ 實際招收人數 ÷ 12 個月，與園所基本資料登記之每月收費比較。第二胎以上、低收入戶與身心障礙幼兒依規定減免，所以**平均值本應低於登記月費**；高於登記月費比低於更難解釋。,True,"家長繳費 2,447,000 ÷ 120 人 ÷ 12 月 = 每月 1,699，登記月費 2,000",medium,財報附註三（教保費收入－家長繳費）／財報附註一（實際招收人數）／園所基本資料（每月收費）,學年度,非營利
N06,昌平,110,家長分攤比率 同儕偏離,家長繳費 ÷（家長繳費 + 政府學費差額補助）。非營利園是成本分攤制，分攤比率由核定之營運成本與家長收費數額共同決定，同一年度同一制度下應相近。全市中位數自 110 學年度 0.209 降至 113 學年度 0.113（政府端承擔上升），故僅與同年度同儕比較，不設絕對門檻。,True,家長分攤比率 0.208（同年度中位 0.209，穩健 z=-0.05）,medium,財報附註三（教保費收入－家長繳費／政府學費差額補助）／同年度非營利園同儕,學年度,非營利
N06,昌平,111,教保費收入 = 收費 × 人數,收費明細申報之每生全學年度收費 × 財報附註一所載實際招收人數，應等於收支餘絀表之教保費收入決算數。此對應經 110 學年度 28 份報告實測，中位比值 1.0004、27/28 落在 ±4% 內，故偏離可視為三個數字之一有誤。,,111 學年度查無非營利園收費明細（鏡像自 111 學年度起全市 0 檔，109／110 分別為 23／31 檔）——資料不足，非該園未申報,medium,收支餘絀表（教保費收入）／財報附註一（實際招收人數）／收費明細（全學期總收費）,學年度,非營利
N06,昌平,111,核定人數 財報=登記,財報附註一所載核定招收總人數，應與全國教保資訊網登記之核定招收人數相符。核定人數同時是收費、補助、師生比與樓地板面積的分母，任一系統記載不同，所有以它為基礎的計算都會跟著錯。,True,財報 120 人，登記 120 人，差 +0 人,medium,財報附註一（核定招收人數）／園所基本資料（count_approved）,學年度,非營利
N06,昌平,111,師生比貼齊法定上限,財報附註一之實際招收人數 ÷ 教保服務人員數。幼兒教育及照顧法就 3 歲以上幼兒之配置上限為每 15 名 1 人（2 歲專班更嚴）。全體 132 份報告最大值恰為 15，無一超過，故本檢核標示的是已貼齊上限、任一人請假即無緩衝的情形。,True,120 名幼兒 ÷ 10 位 = 12.00（上限 15）,medium,財報附註一（實際招收人數、教保服務人員數）,學年度,非營利
N06,昌平,111,隱含收費年額 同儕偏離,教保費收入決算數 ÷ 實際招收人數，即財報反推之每名幼兒年度營運成本（含政府差額補助）。111 學年度起收費明細不在公開資料中，這是唯一可用的收費代理量，故僅能與同年度同類型同儕比較，不設絕對門檻。,True,"每生教保費收入 97,872.000 元/生（同年度中位 111,778.059 元/生，穩健 z=-1.38）",medium,收支餘絀表（教保費收入）／財報附註一（實際招收人數）／同年度非營利園同儕,學年度,非營利
N06,昌平,111,家長月均實繳 ≤ 登記月費,附註三「收支明細表 1. 教保費收入」之「教保費收入（家長繳費）」÷ 實際招收人數 ÷ 12 個月，與園所基本資料登記之每月收費比較。第二胎以上、低收入戶與身心障礙幼兒依規定減免，所以**平均值本應低於登記月費**；高於登記月費比低於更難解釋。,True,"家長繳費 1,806,000 ÷ 120 人 ÷ 12 月 = 每月 1,254，登記月費 2,000",medium,財報附註三（教保費收入－家長繳費）／財報附註一（實際招收人數）／園所基本資料（每月收費）,學年度,非營利
N06,昌平,111,家長分攤比率 同儕偏離,家長繳費 ÷（家長繳費 + 政府學費差額補助）。非營利園是成本分攤制，分攤比率由核定之營運成本與家長收費數額共同決定，同一年度同一制度下應相近。全市中位數自 110 學年度 0.209 降至 113 學年度 0.113（政府端承擔上升），故僅與同年度同儕比較，不設絕對門檻。,True,家長分攤比率 0.154（同年度中位 0.153，穩健 z=+0.05）,medium,財報附註三（教保費收入－家長繳費／政府學費差額補助）／同年度非營利園同儕,學年度,非營利
N06,昌平,112,教保費收入 = 收費 × 人數,收費明細申報之每生全學年度收費 × 財報附註一所載實際招收人數，應等於收支餘絀表之教保費收入決算數。此對應經 110 學年度 28 份報告實測，中位比值 1.0004、27/28 落在 ±4% 內，故偏離可視為三個數字之一有誤。,,112 學年度查無非營利園收費明細（鏡像自 111 學年度起全市 0 檔，109／110 分別為 23／31 檔）——資料不足，非該園未申報,medium,收支餘絀表（教保費收入）／財報附註一（實際招收人數）／收費明細（全學期總收費）,學年度,非營利
N06,昌平,112,核定人數 財報=登記,財報附註一所載核定招收總人數，應與全國教保資訊網登記之核定招收人數相符。核定人數同時是收費、補助、師生比與樓地板面積的分母，任一系統記載不同，所有以它為基礎的計算都會跟著錯。,True,財報 120 人，登記 120 人，差 +0 人,medium,財報附註一（核定招收人數）／園所基本資料（count_approved）,學年度,非營利
N06,昌平,112,師生比貼齊法定上限,財報附註一之實際招收人數 ÷ 教保服務人員數。幼兒教育及照顧法就 3 歲以上幼兒之配置上限為每 15 名 1 人（2 歲專班更嚴）。全體 132 份報告最大值恰為 15，無一超過，故本檢核標示的是已貼齊上限、任一人請假即無緩衝的情形。,True,118 名幼兒 ÷ 10 位 = 11.80（上限 15）,medium,財報附註一（實際招收人數、教保服務人員數）,學年度,非營利
N06,昌平,112,隱含收費年額 同儕偏離,教保費收入決算數 ÷ 實際招收人數，即財報反推之每名幼兒年度營運成本（含政府差額補助）。111 學年度起收費明細不在公開資料中，這是唯一可用的收費代理量，故僅能與同年度同類型同儕比較，不設絕對門檻。,True,"每生教保費收入 99,607.119 元/生（同年度中位 116,550.739 元/生，穩健 z=-1.58）",medium,收支餘絀表（教保費收入）／財報附註一（實際招收人數）／同年度非營利園同儕,學年度,非營利
N06,昌平,112,家長月均實繳 ≤ 登記月費,附註三「收支明細表 1. 教保費收入」之「教保費收入（家長繳費）」÷ 實際招收人數 ÷ 12 個月，與園所基本資料登記之每月收費比較。第二胎以上、低收入戶與身心障礙幼兒依規定減免，所以**平均值本應低於登記月費**；高於登記月費比低於更難解釋。,True,"家長繳費 1,749,000 ÷ 118 人 ÷ 12 月 = 每月 1,235，登記月費 2,000",medium,財報附註三（教保費收入－家長繳費）／財報附註一（實際招收人數）／園所基本資料（每月收費）,學年度,非營利
N06,昌平,112,家長分攤比率 同儕偏離,家長繳費 ÷（家長繳費 + 政府學費差額補助）。非營利園是成本分攤制，分攤比率由核定之營運成本與家長收費數額共同決定，同一年度同一制度下應相近。全市中位數自 110 學年度 0.209 降至 113 學年度 0.113（政府端承擔上升），故僅與同年度同儕比較，不設絕對門檻。,True,家長分攤比率 0.149（同年度中位 0.146，穩健 z=+0.11）,medium,財報附註三（教保費收入－家長繳費／政府學費差額補助）／同年度非營利園同儕,學年度,非營利
N06,昌平,113,教保費收入 = 收費 × 人數,收費明細申報之每生全學年度收費 × 財報附註一所載實際招收人數，應等於收支餘絀表之教保費收入決算數。此對應經 110 學年度 28 份報告實測，中位比值 1.0004、27/28 落在 ±4% 內，故偏離可視為三個數字之一有誤。,,113 學年度查無非營利園收費明細（鏡像自 111 學年度起全市 0 檔，109／110 分別為 23／31 檔）——資料不足，非該園未申報,medium,收支餘絀表（教保費收入）／財報附註一（實際招收人數）／收費明細（全學期總收費）,學年度,非營利
N06,昌平,113,核定人數 財報=登記,財報附註一所載核定招收總人數，應與全國教保資訊網登記之核定招收人數相符。核定人數同時是收費、補助、師生比與樓地板面積的分母，任一系統記載不同，所有以它為基礎的計算都會跟著錯。,True,財報 112 人，登記 120 人，差 +8 人,medium,財報附註一（核定招收人數）／園所基本資料（count_approved）,學年度,非營利
N06,昌平,113,師生比貼齊法定上限,財報附註一之實際招收人數 ÷ 教保服務人員數。幼兒教育及照顧法就 3 歲以上幼兒之配置上限為每 15 名 1 人（2 歲專班更嚴）。全體 132 份報告最大值恰為 15，無一超過，故本檢核標示的是已貼齊上限、任一人請假即無緩衝的情形。,True,105 名幼兒 ÷ 10 位 = 10.50（上限 15）,medium,財報附註一（實際招收人數、教保服務人員數）,學年度,非營利
N06,昌平,113,隱含收費年額 同儕偏離,教保費收入決算數 ÷ 實際招收人數，即財報反推之每名幼兒年度營運成本（含政府差額補助）。111 學年度起收費明細不在公開資料中，這是唯一可用的收費代理量，故僅能與同年度同類型同儕比較，不設絕對門檻。,True,"每生教保費收入 112,051.705 元/生（同年度中位 138,439.024 元/生，穩健 z=-1.39）",medium,收支餘絀表（教保費收入）／財報附註一（實際招收人數）／同年度非營利園同儕,學年度,非營利
N06,昌平,113,家長月均實繳 ≤ 登記月費,附註三「收支明細表 1. 教保費收入」之「教保費收入（家長繳費）」÷ 實際招收人數 ÷ 12 個月，與園所基本資料登記之每月收費比較。第二胎以上、低收入戶與身心障礙幼兒依規定減免，所以**平均值本應低於登記月費**；高於登記月費比低於更難解釋。,True,"家長繳費 1,445,429 ÷ 105 人 ÷ 12 月 = 每月 1,147，登記月費 2,000",medium,財報附註三（教保費收入－家長繳費）／財報附註一（實際招收人數）／園所基本資料（每月收費）,學年度,非營利
N06,昌平,113,家長分攤比率 同儕偏離,家長繳費 ÷（家長繳費 + 政府學費差額補助）。非營利園是成本分攤制，分攤比率由核定之營運成本與家長收費數額共同決定，同一年度同一制度下應相近。全市中位數自 110 學年度 0.209 降至 113 學年度 0.113（政府端承擔上升），故僅與同年度同儕比較，不設絕對門檻。,True,家長分攤比率 0.123（同年度中位 0.113，穩健 z=+0.43）,medium,財報附註三（教保費收入－家長繳費／政府學費差額補助）／同年度非營利園同儕,學年度,非營利
N07,北大,110,教保費收入 = 收費 × 人數,收費明細申報之每生全學年度收費 × 財報附註一所載實際招收人數，應等於收支餘絀表之教保費收入決算數。此對應經 110 學年度 28 份報告實測，中位比值 1.0004、27/28 落在 ±4% 內，故偏離可視為三個數字之一有誤。,True,"教保費收入 14,247,593 ÷ 實際招收 149 人 = 每生 95,621，申報收費年額 95,052，比值 1.006",medium,收支餘絀表（教保費收入）／財報附註一（實際招收人數）／收費明細（全學期總收費）,學年度,非營利
N07,北大,110,核定人數 財報=登記,財報附註一所載核定招收總人數，應與全國教保資訊網登記之核定招收人數相符。核定人數同時是收費、補助、師生比與樓地板面積的分母，任一系統記載不同，所有以它為基礎的計算都會跟著錯。,False,"財報 150 人，登記 182 人，差 +32 人（容差 20 人）。請確認哪一邊是現行核定數，以及以另一邊為基礎核算之收費與補助是否需更正。　旁證：登記室內面積 1,757.7 ㎡，除以登記核定為 9.7 ㎡/人、除以財報核定為 11.7 ㎡/人（室內活動室法定下限 2.5 ㎡/人；主檔面積為全園室內面積，範圍較寬）",medium,財報附註一（核定招收人數）／園所基本資料（count_approved）,學年度,非營利
N07,北大,110,師生比貼齊法定上限,財報附註一之實際招收人數 ÷ 教保服務人員數。幼兒教育及照顧法就 3 歲以上幼兒之配置上限為每 15 名 1 人（2 歲專班更嚴）。全體 132 份報告最大值恰為 15，無一超過，故本檢核標示的是已貼齊上限、任一人請假即無緩衝的情形。,True,149 名幼兒 ÷ 12 位 = 12.42（上限 15）,medium,財報附註一（實際招收人數、教保服務人員數）,學年度,非營利
N07,北大,110,隱含收費年額 同儕偏離,教保費收入決算數 ÷ 實際招收人數，即財報反推之每名幼兒年度營運成本（含政府差額補助）。111 學年度起收費明細不在公開資料中，這是唯一可用的收費代理量，故僅能與同年度同類型同儕比較，不設絕對門檻。,True,"每生教保費收入 95,621.430 元/生（同年度中位 102,287.449 元/生，穩健 z=-0.64）",medium,收支餘絀表（教保費收入）／財報附註一（實際招收人數）／同年度非營利園同儕,學年度,非營利
N07,北大,110,家長月均實繳 ≤ 登記月費,附註三「收支明細表 1. 教保費收入」之「教保費收入（家長繳費）」÷ 實際招收人數 ÷ 12 個月，與園所基本資料登記之每月收費比較。第二胎以上、低收入戶與身心障礙幼兒依規定減免，所以**平均值本應低於登記月費**；高於登記月費比低於更難解釋。,True,"家長繳費 2,928,961 ÷ 149 人 ÷ 12 月 = 每月 1,638，登記月費 2,000",medium,財報附註三（教保費收入－家長繳費）／財報附註一（實際招收人數）／園所基本資料（每月收費）,學年度,非營利
N07,北大,110,家長分攤比率 同儕偏離,家長繳費 ÷（家長繳費 + 政府學費差額補助）。非營利園是成本分攤制，分攤比率由核定之營運成本與家長收費數額共同決定，同一年度同一制度下應相近。全市中位數自 110 學年度 0.209 降至 113 學年度 0.113（政府端承擔上升），故僅與同年度同儕比較，不設絕對門檻。,True,家長分攤比率 0.206（同年度中位 0.209，穩健 z=-0.18）,medium,財報附註三（教保費收入－家長繳費／政府學費差額補助）／同年度非營利園同儕,學年度,非營利
N07,北大,111,教保費收入 = 收費 × 人數,收費明細申報之每生全學年度收費 × 財報附註一所載實際招收人數，應等於收支餘絀表之教保費收入決算數。此對應經 110 學年度 28 份報告實測，中位比值 1.0004、27/28 落在 ±4% 內，故偏離可視為三個數字之一有誤。,,111 學年度查無非營利園收費明細（鏡像自 111 學年度起全市 0 檔，109／110 分別為 23／31 檔）——資料不足，非該園未申報,medium,收支餘絀表（教保費收入）／財報附註一（實際招收人數）／收費明細（全學期總收費）,學年度,非營利
N07,北大,111,核定人數 財報=登記,財報附註一所載核定招收總人數，應與全國教保資訊網登記之核定招收人數相符。核定人數同時是收費、補助、師生比與樓地板面積的分母，任一系統記載不同，所有以它為基礎的計算都會跟著錯。,True,財報 182 人，登記 182 人，差 +0 人,medium,財報附註一（核定招收人數）／園所基本資料（count_approved）,學年度,非營利
N07,北大,111,師生比貼齊法定上限,財報附註一之實際招收人數 ÷ 教保服務人員數。幼兒教育及照顧法就 3 歲以上幼兒之配置上限為每 15 名 1 人（2 歲專班更嚴）。全體 132 份報告最大值恰為 15，無一超過，故本檢核標示的是已貼齊上限、任一人請假即無緩衝的情形。,True,180 名幼兒 ÷ 17 位 = 10.59（上限 15）,medium,財報附註一（實際招收人數、教保服務人員數）,學年度,非營利
N07,北大,111,隱含收費年額 同儕偏離,教保費收入決算數 ÷ 實際招收人數，即財報反推之每名幼兒年度營運成本（含政府差額補助）。111 學年度起收費明細不在公開資料中，這是唯一可用的收費代理量，故僅能與同年度同類型同儕比較，不設絕對門檻。,True,"每生教保費收入 112,739.061 元/生（同年度中位 111,778.059 元/生，穩健 z=+0.10）",medium,收支餘絀表（教保費收入）／財報附註一（實際招收人數）／同年度非營利園同儕,學年度,非營利
N07,北大,111,家長月均實繳 ≤ 登記月費,附註三「收支明細表 1. 教保費收入」之「教保費收入（家長繳費）」÷ 實際招收人數 ÷ 12 個月，與園所基本資料登記之每月收費比較。第二胎以上、低收入戶與身心障礙幼兒依規定減免，所以**平均值本應低於登記月費**；高於登記月費比低於更難解釋。,,缺附註三家長繳費、實際招收人數或登記每月收費,medium,財報附註三（教保費收入－家長繳費）／財報附註一（實際招收人數）／園所基本資料（每月收費）,學年度,非營利
N07,北大,111,家長分攤比率 同儕偏離,家長繳費 ÷（家長繳費 + 政府學費差額補助）。非營利園是成本分攤制，分攤比率由核定之營運成本與家長收費數額共同決定，同一年度同一制度下應相近。全市中位數自 110 學年度 0.209 降至 113 學年度 0.113（政府端承擔上升），故僅與同年度同儕比較，不設絕對門檻。,,本份報告未抽到附註三之教保費收入拆分,medium,財報附註三（教保費收入－家長繳費／政府學費差額補助）／同年度非營利園同儕,學年度,非營利
N07,北大,112,教保費收入 = 收費 × 人數,收費明細申報之每生全學年度收費 × 財報附註一所載實際招收人數，應等於收支餘絀表之教保費收入決算數。此對應經 110 學年度 28 份報告實測，中位比值 1.0004、27/28 落在 ±4% 內，故偏離可視為三個數字之一有誤。,,112 學年度查無非營利園收費明細（鏡像自 111 學年度起全市 0 檔，109／110 分別為 23／31 檔）——資料不足，非該園未申報,medium,收支餘絀表（教保費收入）／財報附註一（實際招收人數）／收費明細（全學期總收費）,學年度,非營利
N07,北大,112,核定人數 財報=登記,財報附註一所載核定招收總人數，應與全國教保資訊網登記之核定招收人數相符。核定人數同時是收費、補助、師生比與樓地板面積的分母，任一系統記載不同，所有以它為基礎的計算都會跟著錯。,True,財報 182 人，登記 182 人，差 +0 人,medium,財報附註一（核定招收人數）／園所基本資料（count_approved）,學年度,非營利
N07,北大,112,師生比貼齊法定上限,財報附註一之實際招收人數 ÷ 教保服務人員數。幼兒教育及照顧法就 3 歲以上幼兒之配置上限為每 15 名 1 人（2 歲專班更嚴）。全體 132 份報告最大值恰為 15，無一超過，故本檢核標示的是已貼齊上限、任一人請假即無緩衝的情形。,True,180 名幼兒 ÷ 17 位 = 10.59（上限 15）,medium,財報附註一（實際招收人數、教保服務人員數）,學年度,非營利
N07,北大,112,隱含收費年額 同儕偏離,教保費收入決算數 ÷ 實際招收人數，即財報反推之每名幼兒年度營運成本（含政府差額補助）。111 學年度起收費明細不在公開資料中，這是唯一可用的收費代理量，故僅能與同年度同類型同儕比較，不設絕對門檻。,True,"每生教保費收入 115,400.694 元/生（同年度中位 116,550.739 元/生，穩健 z=-0.11）",medium,收支餘絀表（教保費收入）／財報附註一（實際招收人數）／同年度非營利園同儕,學年度,非營利
N07,北大,112,家長月均實繳 ≤ 登記月費,附註三「收支明細表 1. 教保費收入」之「教保費收入（家長繳費）」÷ 實際招收人數 ÷ 12 個月，與園所基本資料登記之每月收費比較。第二胎以上、低收入戶與身心障礙幼兒依規定減免，所以**平均值本應低於登記月費**；高於登記月費比低於更難解釋。,True,"家長繳費 2,715,395 ÷ 180 人 ÷ 12 月 = 每月 1,257，登記月費 2,000",medium,財報附註三（教保費收入－家長繳費）／財報附註一（實際招收人數）／園所基本資料（每月收費）,學年度,非營利
N07,北大,112,家長分攤比率 同儕偏離,家長繳費 ÷（家長繳費 + 政府學費差額補助）。非營利園是成本分攤制，分攤比率由核定之營運成本與家長收費數額共同決定，同一年度同一制度下應相近。全市中位數自 110 學年度 0.209 降至 113 學年度 0.113（政府端承擔上升），故僅與同年度同儕比較，不設絕對門檻。,True,家長分攤比率 0.131（同年度中位 0.146，穩健 z=-0.65）,medium,財報附註三（教保費收入－家長繳費／政府學費差額補助）／同年度非營利園同儕,學年度,非營利
N07,北大,113,教保費收入 = 收費 × 人數,收費明細申報之每生全學年度收費 × 財報附註一所載實際招收人數，應等於收支餘絀表之教保費收入決算數。此對應經 110 學年度 28 份報告實測，中位比值 1.0004、27/28 落在 ±4% 內，故偏離可視為三個數字之一有誤。,,113 學年度查無非營利園收費明細（鏡像自 111 學年度起全市 0 檔，109／110 分別為 23／31 檔）——資料不足，非該園未申報,medium,收支餘絀表（教保費收入）／財報附註一（實際招收人數）／收費明細（全學期總收費）,學年度,非營利
N07,北大,113,核定人數 財報=登記,財報附註一所載核定招收總人數，應與全國教保資訊網登記之核定招收人數相符。核定人數同時是收費、補助、師生比與樓地板面積的分母，任一系統記載不同，所有以它為基礎的計算都會跟著錯。,True,財報 162 人，登記 182 人，差 +20 人,medium,財報附註一（核定招收人數）／園所基本資料（count_approved）,學年度,非營利
N07,北大,113,師生比貼齊法定上限,財報附註一之實際招收人數 ÷ 教保服務人員數。幼兒教育及照顧法就 3 歲以上幼兒之配置上限為每 15 名 1 人（2 歲專班更嚴）。全體 132 份報告最大值恰為 15，無一超過，故本檢核標示的是已貼齊上限、任一人請假即無緩衝的情形。,True,137 名幼兒 ÷ 17 位 = 8.06（上限 15）,medium,財報附註一（實際招收人數、教保服務人員數）,學年度,非營利
N07,北大,113,隱含收費年額 同儕偏離,教保費收入決算數 ÷ 實際招收人數，即財報反推之每名幼兒年度營運成本（含政府差額補助）。111 學年度起收費明細不在公開資料中，這是唯一可用的收費代理量，故僅能與同年度同類型同儕比較，不設絕對門檻。,True,"每生教保費收入 139,151.788 元/生（同年度中位 138,439.024 元/生，穩健 z=+0.04）",medium,收支餘絀表（教保費收入）／財報附註一（實際招收人數）／同年度非營利園同儕,學年度,非營利
N07,北大,113,家長月均實繳 ≤ 登記月費,附註三「收支明細表 1. 教保費收入」之「教保費收入（家長繳費）」÷ 實際招收人數 ÷ 12 個月，與園所基本資料登記之每月收費比較。第二胎以上、低收入戶與身心障礙幼兒依規定減免，所以**平均值本應低於登記月費**；高於登記月費比低於更難解釋。,,缺附註三家長繳費、實際招收人數或登記每月收費,medium,財報附註三（教保費收入－家長繳費）／財報附註一（實際招收人數）／園所基本資料（每月收費）,學年度,非營利
N07,北大,113,家長分攤比率 同儕偏離,家長繳費 ÷（家長繳費 + 政府學費差額補助）。非營利園是成本分攤制，分攤比率由核定之營運成本與家長收費數額共同決定，同一年度同一制度下應相近。全市中位數自 110 學年度 0.209 降至 113 學年度 0.113（政府端承擔上升），故僅與同年度同儕比較，不設絕對門檻。,,本份報告未抽到附註三之教保費收入拆分,medium,財報附註三（教保費收入－家長繳費／政府學費差額補助）／同年度非營利園同儕,學年度,非營利
N08,鷺江,110,教保費收入 = 收費 × 人數,收費明細申報之每生全學年度收費 × 財報附註一所載實際招收人數，應等於收支餘絀表之教保費收入決算數。此對應經 110 學年度 28 份報告實測，中位比值 1.0004、27/28 落在 ±4% 內，故偏離可視為三個數字之一有誤。,True,"教保費收入 11,370,572 ÷ 實際招收 102 人 = 每生 111,476，申報收費年額 108,000，比值 1.032",medium,收支餘絀表（教保費收入）／財報附註一（實際招收人數）／收費明細（全學期總收費）,學年度,非營利
N08,鷺江,110,核定人數 財報=登記,財報附註一所載核定招收總人數，應與全國教保資訊網登記之核定招收人數相符。核定人數同時是收費、補助、師生比與樓地板面積的分母，任一系統記載不同，所有以它為基礎的計算都會跟著錯。,True,財報 106 人，登記 106 人，差 +0 人,medium,財報附註一（核定招收人數）／園所基本資料（count_approved）,學年度,非營利
N08,鷺江,110,師生比貼齊法定上限,財報附註一之實際招收人數 ÷ 教保服務人員數。幼兒教育及照顧法就 3 歲以上幼兒之配置上限為每 15 名 1 人（2 歲專班更嚴）。全體 132 份報告最大值恰為 15，無一超過，故本檢核標示的是已貼齊上限、任一人請假即無緩衝的情形。,True,102 名幼兒 ÷ 10 位 = 10.20（上限 15）,medium,財報附註一（實際招收人數、教保服務人員數）,學年度,非營利
N08,鷺江,110,隱含收費年額 同儕偏離,教保費收入決算數 ÷ 實際招收人數，即財報反推之每名幼兒年度營運成本（含政府差額補助）。111 學年度起收費明細不在公開資料中，這是唯一可用的收費代理量，故僅能與同年度同類型同儕比較，不設絕對門檻。,True,"每生教保費收入 111,476.196 元/生（同年度中位 102,287.449 元/生，穩健 z=+0.88）",medium,收支餘絀表（教保費收入）／財報附註一（實際招收人數）／同年度非營利園同儕,學年度,非營利
N08,鷺江,110,家長月均實繳 ≤ 登記月費,附註三「收支明細表 1. 教保費收入」之「教保費收入（家長繳費）」÷ 實際招收人數 ÷ 12 個月，與園所基本資料登記之每月收費比較。第二胎以上、低收入戶與身心障礙幼兒依規定減免，所以**平均值本應低於登記月費**；高於登記月費比低於更難解釋。,True,"家長繳費 1,752,980 ÷ 102 人 ÷ 12 月 = 每月 1,432，登記月費 2,000",medium,財報附註三（教保費收入－家長繳費）／財報附註一（實際招收人數）／園所基本資料（每月收費）,學年度,非營利
N08,鷺江,110,家長分攤比率 同儕偏離,家長繳費 ÷（家長繳費 + 政府學費差額補助）。非營利園是成本分攤制，分攤比率由核定之營運成本與家長收費數額共同決定，同一年度同一制度下應相近。全市中位數自 110 學年度 0.209 降至 113 學年度 0.113（政府端承擔上升），故僅與同年度同儕比較，不設絕對門檻。,False,"家長分攤比率 0.154（同年度中位 0.209，穩健 z=-2.54），偏低（家長 1,752,980、政府 9,617,592）。請確認該學年度核定之營運成本分攤數與家長收費數額，以及減免人數結構是否足以解釋差異",medium,財報附註三（教保費收入－家長繳費／政府學費差額補助）／同年度非營利園同儕,學年度,非營利
N08,鷺江,111,教保費收入 = 收費 × 人數,收費明細申報之每生全學年度收費 × 財報附註一所載實際招收人數，應等於收支餘絀表之教保費收入決算數。此對應經 110 學年度 28 份報告實測，中位比值 1.0004、27/28 落在 ±4% 內，故偏離可視為三個數字之一有誤。,,111 學年度查無非營利園收費明細（鏡像自 111 學年度起全市 0 檔，109／110 分別為 23／31 檔）——資料不足，非該園未申報,medium,收支餘絀表（教保費收入）／財報附註一（實際招收人數）／收費明細（全學期總收費）,學年度,非營利
N08,鷺江,111,核定人數 財報=登記,財報附註一所載核定招收總人數，應與全國教保資訊網登記之核定招收人數相符。核定人數同時是收費、補助、師生比與樓地板面積的分母，任一系統記載不同，所有以它為基礎的計算都會跟著錯。,True,財報 106 人，登記 106 人，差 +0 人,medium,財報附註一（核定招收人數）／園所基本資料（count_approved）,學年度,非營利
N08,鷺江,111,師生比貼齊法定上限,財報附註一之實際招收人數 ÷ 教保服務人員數。幼兒教育及照顧法就 3 歲以上幼兒之配置上限為每 15 名 1 人（2 歲專班更嚴）。全體 132 份報告最大值恰為 15，無一超過，故本檢核標示的是已貼齊上限、任一人請假即無緩衝的情形。,True,105 名幼兒 ÷ 10 位 = 10.50（上限 15）,medium,財報附註一（實際招收人數、教保服務人員數）,學年度,非營利
N08,鷺江,111,隱含收費年額 同儕偏離,教保費收入決算數 ÷ 實際招收人數，即財報反推之每名幼兒年度營運成本（含政府差額補助）。111 學年度起收費明細不在公開資料中，這是唯一可用的收費代理量，故僅能與同年度同類型同儕比較，不設絕對門檻。,,缺教保費收入或實際招收人數，或同年度可比園數不足,medium,收支餘絀表（教保費收入）／財報附註一（實際招收人數）／同年度非營利園同儕,學年度,非營利
N08,鷺江,111,家長月均實繳 ≤ 登記月費,附註三「收支明細表 1. 教保費收入」之「教保費收入（家長繳費）」÷ 實際招收人數 ÷ 12 個月，與園所基本資料登記之每月收費比較。第二胎以上、低收入戶與身心障礙幼兒依規定減免，所以**平均值本應低於登記月費**；高於登記月費比低於更難解釋。,True,"家長繳費 1,208,731 ÷ 105 人 ÷ 12 月 = 每月 959，登記月費 2,000",medium,財報附註三（教保費收入－家長繳費）／財報附註一（實際招收人數）／園所基本資料（每月收費）,學年度,非營利
N08,鷺江,111,家長分攤比率 同儕偏離,家長繳費 ÷（家長繳費 + 政府學費差額補助）。非營利園是成本分攤制，分攤比率由核定之營運成本與家長收費數額共同決定，同一年度同一制度下應相近。全市中位數自 110 學年度 0.209 降至 113 學年度 0.113（政府端承擔上升），故僅與同年度同儕比較，不設絕對門檻。,True,家長分攤比率 0.106（同年度中位 0.153，穩健 z=-1.82）,medium,財報附註三（教保費收入－家長繳費／政府學費差額補助）／同年度非營利園同儕,學年度,非營利
N08,鷺江,112,教保費收入 = 收費 × 人數,收費明細申報之每生全學年度收費 × 財報附註一所載實際招收人數，應等於收支餘絀表之教保費收入決算數。此對應經 110 學年度 28 份報告實測，中位比值 1.0004、27/28 落在 ±4% 內，故偏離可視為三個數字之一有誤。,,112 學年度查無非營利園收費明細（鏡像自 111 學年度起全市 0 檔，109／110 分別為 23／31 檔）——資料不足，非該園未申報,medium,收支餘絀表（教保費收入）／財報附註一（實際招收人數）／收費明細（全學期總收費）,學年度,非營利
N08,鷺江,112,核定人數 財報=登記,財報附註一所載核定招收總人數，應與全國教保資訊網登記之核定招收人數相符。核定人數同時是收費、補助、師生比與樓地板面積的分母，任一系統記載不同，所有以它為基礎的計算都會跟著錯。,True,財報 106 人，登記 106 人，差 +0 人,medium,財報附註一（核定招收人數）／園所基本資料（count_approved）,學年度,非營利
N08,鷺江,112,師生比貼齊法定上限,財報附註一之實際招收人數 ÷ 教保服務人員數。幼兒教育及照顧法就 3 歲以上幼兒之配置上限為每 15 名 1 人（2 歲專班更嚴）。全體 132 份報告最大值恰為 15，無一超過，故本檢核標示的是已貼齊上限、任一人請假即無緩衝的情形。,True,106 名幼兒 ÷ 10 位 = 10.60（上限 15）,medium,財報附註一（實際招收人數、教保服務人員數）,學年度,非營利
N08,鷺江,112,隱含收費年額 同儕偏離,教保費收入決算數 ÷ 實際招收人數，即財報反推之每名幼兒年度營運成本（含政府差額補助）。111 學年度起收費明細不在公開資料中，這是唯一可用的收費代理量，故僅能與同年度同類型同儕比較，不設絕對門檻。,True,"每生教保費收入 107,519.208 元/生（同年度中位 116,550.739 元/生，穩健 z=-0.84）",medium,收支餘絀表（教保費收入）／財報附註一（實際招收人數）／同年度非營利園同儕,學年度,非營利
N08,鷺江,112,家長月均實繳 ≤ 登記月費,附註三「收支明細表 1. 教保費收入」之「教保費收入（家長繳費）」÷ 實際招收人數 ÷ 12 個月，與園所基本資料登記之每月收費比較。第二胎以上、低收入戶與身心障礙幼兒依規定減免，所以**平均值本應低於登記月費**；高於登記月費比低於更難解釋。,True,"家長繳費 1,353,826 ÷ 106 人 ÷ 12 月 = 每月 1,064，登記月費 2,000",medium,財報附註三（教保費收入－家長繳費）／財報附註一（實際招收人數）／園所基本資料（每月收費）,學年度,非營利
N08,鷺江,112,家長分攤比率 同儕偏離,家長繳費 ÷（家長繳費 + 政府學費差額補助）。非營利園是成本分攤制，分攤比率由核定之營運成本與家長收費數額共同決定，同一年度同一制度下應相近。全市中位數自 110 學年度 0.209 降至 113 學年度 0.113（政府端承擔上升），故僅與同年度同儕比較，不設絕對門檻。,True,家長分攤比率 0.119（同年度中位 0.146，穩健 z=-1.15）,medium,財報附註三（教保費收入－家長繳費／政府學費差額補助）／同年度非營利園同儕,學年度,非營利
N08,鷺江,113,教保費收入 = 收費 × 人數,收費明細申報之每生全學年度收費 × 財報附註一所載實際招收人數，應等於收支餘絀表之教保費收入決算數。此對應經 110 學年度 28 份報告實測，中位比值 1.0004、27/28 落在 ±4% 內，故偏離可視為三個數字之一有誤。,,113 學年度查無非營利園收費明細（鏡像自 111 學年度起全市 0 檔，109／110 分別為 23／31 檔）——資料不足，非該園未申報,medium,收支餘絀表（教保費收入）／財報附註一（實際招收人數）／收費明細（全學期總收費）,學年度,非營利
N08,鷺江,113,核定人數 財報=登記,財報附註一所載核定招收總人數，應與全國教保資訊網登記之核定招收人數相符。核定人數同時是收費、補助、師生比與樓地板面積的分母，任一系統記載不同，所有以它為基礎的計算都會跟著錯。,True,財報 100 人，登記 106 人，差 +6 人,medium,財報附註一（核定招收人數）／園所基本資料（count_approved）,學年度,非營利
N08,鷺江,113,師生比貼齊法定上限,財報附註一之實際招收人數 ÷ 教保服務人員數。幼兒教育及照顧法就 3 歲以上幼兒之配置上限為每 15 名 1 人（2 歲專班更嚴）。全體 132 份報告最大值恰為 15，無一超過，故本檢核標示的是已貼齊上限、任一人請假即無緩衝的情形。,True,96 名幼兒 ÷ 10 位 = 9.60（上限 15）,medium,財報附註一（實際招收人數、教保服務人員數）,學年度,非營利
N08,鷺江,113,隱含收費年額 同儕偏離,教保費收入決算數 ÷ 實際招收人數，即財報反推之每名幼兒年度營運成本（含政府差額補助）。111 學年度起收費明細不在公開資料中，這是唯一可用的收費代理量，故僅能與同年度同類型同儕比較，不設絕對門檻。,True,"每生教保費收入 120,095.365 元/生（同年度中位 138,439.024 元/生，穩健 z=-0.96）",medium,收支餘絀表（教保費收入）／財報附註一（實際招收人數）／同年度非營利園同儕,學年度,非營利
N08,鷺江,113,家長月均實繳 ≤ 登記月費,附註三「收支明細表 1. 教保費收入」之「教保費收入（家長繳費）」÷ 實際招收人數 ÷ 12 個月，與園所基本資料登記之每月收費比較。第二胎以上、低收入戶與身心障礙幼兒依規定減免，所以**平均值本應低於登記月費**；高於登記月費比低於更難解釋。,True,"家長繳費 1,199,155 ÷ 96 人 ÷ 12 月 = 每月 1,041，登記月費 2,000",medium,財報附註三（教保費收入－家長繳費）／財報附註一（實際招收人數）／園所基本資料（每月收費）,學年度,非營利
N08,鷺江,113,家長分攤比率 同儕偏離,家長繳費 ÷（家長繳費 + 政府學費差額補助）。非營利園是成本分攤制，分攤比率由核定之營運成本與家長收費數額共同決定，同一年度同一制度下應相近。全市中位數自 110 學年度 0.209 降至 113 學年度 0.113（政府端承擔上升），故僅與同年度同儕比較，不設絕對門檻。,True,家長分攤比率 0.104（同年度中位 0.113，穩健 z=-0.43）,medium,財報附註三（教保費收入－家長繳費／政府學費差額補助）／同年度非營利園同儕,學年度,非營利
N09,安興,110,教保費收入 = 收費 × 人數,收費明細申報之每生全學年度收費 × 財報附註一所載實際招收人數，應等於收支餘絀表之教保費收入決算數。此對應經 110 學年度 28 份報告實測，中位比值 1.0004、27/28 落在 ±4% 內，故偏離可視為三個數字之一有誤。,True,"教保費收入 6,990,138 ÷ 實際招收 60 人 = 每生 116,502，申報收費年額 116,232，比值 1.002",medium,收支餘絀表（教保費收入）／財報附註一（實際招收人數）／收費明細（全學期總收費）,學年度,非營利
N09,安興,110,核定人數 財報=登記,財報附註一所載核定招收總人數，應與全國教保資訊網登記之核定招收人數相符。核定人數同時是收費、補助、師生比與樓地板面積的分母，任一系統記載不同，所有以它為基礎的計算都會跟著錯。,True,財報 60 人，登記 60 人，差 +0 人,medium,財報附註一（核定招收人數）／園所基本資料（count_approved）,學年度,非營利
N09,安興,110,師生比貼齊法定上限,財報附註一之實際招收人數 ÷ 教保服務人員數。幼兒教育及照顧法就 3 歲以上幼兒之配置上限為每 15 名 1 人（2 歲專班更嚴）。全體 132 份報告最大值恰為 15，無一超過，故本檢核標示的是已貼齊上限、任一人請假即無緩衝的情形。,True,60 名幼兒 ÷ 5 位 = 12.00（上限 15）,medium,財報附註一（實際招收人數、教保服務人員數）,學年度,非營利
N09,安興,110,隱含收費年額 同儕偏離,教保費收入決算數 ÷ 實際招收人數，即財報反推之每名幼兒年度營運成本（含政府差額補助）。111 學年度起收費明細不在公開資料中，這是唯一可用的收費代理量，故僅能與同年度同類型同儕比較，不設絕對門檻。,True,"每生教保費收入 116,502.300 元/生（同年度中位 102,287.449 元/生，穩健 z=+1.37）",medium,收支餘絀表（教保費收入）／財報附註一（實際招收人數）／同年度非營利園同儕,學年度,非營利
N09,安興,110,家長月均實繳 ≤ 登記月費,附註三「收支明細表 1. 教保費收入」之「教保費收入（家長繳費）」÷ 實際招收人數 ÷ 12 個月，與園所基本資料登記之每月收費比較。第二胎以上、低收入戶與身心障礙幼兒依規定減免，所以**平均值本應低於登記月費**；高於登記月費比低於更難解釋。,True,"家長繳費 1,376,439 ÷ 60 人 ÷ 12 月 = 每月 1,912，登記月費 2,000",medium,財報附註三（教保費收入－家長繳費）／財報附註一（實際招收人數）／園所基本資料（每月收費）,學年度,非營利
N09,安興,110,家長分攤比率 同儕偏離,家長繳費 ÷（家長繳費 + 政府學費差額補助）。非營利園是成本分攤制，分攤比率由核定之營運成本與家長收費數額共同決定，同一年度同一制度下應相近。全市中位數自 110 學年度 0.209 降至 113 學年度 0.113（政府端承擔上升），故僅與同年度同儕比較，不設絕對門檻。,True,家長分攤比率 0.197（同年度中位 0.209，穩健 z=-0.58）,medium,財報附註三（教保費收入－家長繳費／政府學費差額補助）／同年度非營利園同儕,學年度,非營利
N09,安興,111,教保費收入 = 收費 × 人數,收費明細申報之每生全學年度收費 × 財報附註一所載實際招收人數，應等於收支餘絀表之教保費收入決算數。此對應經 110 學年度 28 份報告實測，中位比值 1.0004、27/28 落在 ±4% 內，故偏離可視為三個數字之一有誤。,,111 學年度查無非營利園收費明細（鏡像自 111 學年度起全市 0 檔，109／110 分別為 23／31 檔）——資料不足，非該園未申報,medium,收支餘絀表（教保費收入）／財報附註一（實際招收人數）／收費明細（全學期總收費）,學年度,非營利
N09,安興,111,核定人數 財報=登記,財報附註一所載核定招收總人數，應與全國教保資訊網登記之核定招收人數相符。核定人數同時是收費、補助、師生比與樓地板面積的分母，任一系統記載不同，所有以它為基礎的計算都會跟著錯。,True,財報 60 人，登記 60 人，差 +0 人,medium,財報附註一（核定招收人數）／園所基本資料（count_approved）,學年度,非營利
N09,安興,111,師生比貼齊法定上限,財報附註一之實際招收人數 ÷ 教保服務人員數。幼兒教育及照顧法就 3 歲以上幼兒之配置上限為每 15 名 1 人（2 歲專班更嚴）。全體 132 份報告最大值恰為 15，無一超過，故本檢核標示的是已貼齊上限、任一人請假即無緩衝的情形。,False,60 名幼兒 ÷ 4 位教保服務人員 = 15.00，已達法定上限 15 的 100%。若含 2 歲專班則配置標準更嚴，請確認各班實際配置與代理人力,medium,財報附註一（實際招收人數、教保服務人員數）,學年度,非營利
N09,安興,111,隱含收費年額 同儕偏離,教保費收入決算數 ÷ 實際招收人數，即財報反推之每名幼兒年度營運成本（含政府差額補助）。111 學年度起收費明細不在公開資料中，這是唯一可用的收費代理量，故僅能與同年度同類型同儕比較，不設絕對門檻。,True,"每生教保費收入 116,363.433 元/生（同年度中位 111,778.059 元/生，穩健 z=+0.46）",medium,收支餘絀表（教保費收入）／財報附註一（實際招收人數）／同年度非營利園同儕,學年度,非營利
N09,安興,111,家長月均實繳 ≤ 登記月費,附註三「收支明細表 1. 教保費收入」之「教保費收入（家長繳費）」÷ 實際招收人數 ÷ 12 個月，與園所基本資料登記之每月收費比較。第二胎以上、低收入戶與身心障礙幼兒依規定減免，所以**平均值本應低於登記月費**；高於登記月費比低於更難解釋。,True,"家長繳費 1,105,700 ÷ 60 人 ÷ 12 月 = 每月 1,536，登記月費 2,000",medium,財報附註三（教保費收入－家長繳費）／財報附註一（實際招收人數）／園所基本資料（每月收費）,學年度,非營利
N09,安興,111,家長分攤比率 同儕偏離,家長繳費 ÷（家長繳費 + 政府學費差額補助）。非營利園是成本分攤制，分攤比率由核定之營運成本與家長收費數額共同決定，同一年度同一制度下應相近。全市中位數自 110 學年度 0.209 降至 113 學年度 0.113（政府端承擔上升），故僅與同年度同儕比較，不設絕對門檻。,True,家長分攤比率 0.158（同年度中位 0.153，穩健 z=+0.23）,medium,財報附註三（教保費收入－家長繳費／政府學費差額補助）／同年度非營利園同儕,學年度,非營利
N09,安興,112,教保費收入 = 收費 × 人數,收費明細申報之每生全學年度收費 × 財報附註一所載實際招收人數，應等於收支餘絀表之教保費收入決算數。此對應經 110 學年度 28 份報告實測，中位比值 1.0004、27/28 落在 ±4% 內，故偏離可視為三個數字之一有誤。,,112 學年度查無非營利園收費明細（鏡像自 111 學年度起全市 0 檔，109／110 分別為 23／31 檔）——資料不足，非該園未申報,medium,收支餘絀表（教保費收入）／財報附註一（實際招收人數）／收費明細（全學期總收費）,學年度,非營利
N09,安興,112,核定人數 財報=登記,財報附註一所載核定招收總人數，應與全國教保資訊網登記之核定招收人數相符。核定人數同時是收費、補助、師生比與樓地板面積的分母，任一系統記載不同，所有以它為基礎的計算都會跟著錯。,True,財報 60 人，登記 60 人，差 +0 人,medium,財報附註一（核定招收人數）／園所基本資料（count_approved）,學年度,非營利
N09,安興,112,師生比貼齊法定上限,財報附註一之實際招收人數 ÷ 教保服務人員數。幼兒教育及照顧法就 3 歲以上幼兒之配置上限為每 15 名 1 人（2 歲專班更嚴）。全體 132 份報告最大值恰為 15，無一超過，故本檢核標示的是已貼齊上限、任一人請假即無緩衝的情形。,True,57 名幼兒 ÷ 5 位 = 11.40（上限 15）,medium,財報附註一（實際招收人數、教保服務人員數）,學年度,非營利
N09,安興,112,隱含收費年額 同儕偏離,教保費收入決算數 ÷ 實際招收人數，即財報反推之每名幼兒年度營運成本（含政府差額補助）。111 學年度起收費明細不在公開資料中，這是唯一可用的收費代理量，故僅能與同年度同類型同儕比較，不設絕對門檻。,True,"每生教保費收入 120,590.140 元/生（同年度中位 116,550.739 元/生，穩健 z=+0.38）",medium,收支餘絀表（教保費收入）／財報附註一（實際招收人數）／同年度非營利園同儕,學年度,非營利
N09,安興,112,家長月均實繳 ≤ 登記月費,附註三「收支明細表 1. 教保費收入」之「教保費收入（家長繳費）」÷ 實際招收人數 ÷ 12 個月，與園所基本資料登記之每月收費比較。第二胎以上、低收入戶與身心障礙幼兒依規定減免，所以**平均值本應低於登記月費**；高於登記月費比低於更難解釋。,True,"家長繳費 1,055,520 ÷ 57 人 ÷ 12 月 = 每月 1,543，登記月費 2,000",medium,財報附註三（教保費收入－家長繳費）／財報附註一（實際招收人數）／園所基本資料（每月收費）,學年度,非營利
N09,安興,112,家長分攤比率 同儕偏離,家長繳費 ÷（家長繳費 + 政府學費差額補助）。非營利園是成本分攤制，分攤比率由核定之營運成本與家長收費數額共同決定，同一年度同一制度下應相近。全市中位數自 110 學年度 0.209 降至 113 學年度 0.113（政府端承擔上升），故僅與同年度同儕比較，不設絕對門檻。,True,家長分攤比率 0.154（同年度中位 0.146，穩健 z=+0.31）,medium,財報附註三（教保費收入－家長繳費／政府學費差額補助）／同年度非營利園同儕,學年度,非營利
N09,安興,113,教保費收入 = 收費 × 人數,收費明細申報之每生全學年度收費 × 財報附註一所載實際招收人數，應等於收支餘絀表之教保費收入決算數。此對應經 110 學年度 28 份報告實測，中位比值 1.0004、27/28 落在 ±4% 內，故偏離可視為三個數字之一有誤。,,113 學年度查無非營利園收費明細（鏡像自 111 學年度起全市 0 檔，109／110 分別為 23／31 檔）——資料不足，非該園未申報,medium,收支餘絀表（教保費收入）／財報附註一（實際招收人數）／收費明細（全學期總收費）,學年度,非營利
N09,安興,113,核定人數 財報=登記,財報附註一所載核定招收總人數，應與全國教保資訊網登記之核定招收人數相符。核定人數同時是收費、補助、師生比與樓地板面積的分母，任一系統記載不同，所有以它為基礎的計算都會跟著錯。,True,財報 52 人，登記 60 人，差 +8 人,medium,財報附註一（核定招收人數）／園所基本資料（count_approved）,學年度,非營利
N09,安興,113,師生比貼齊法定上限,財報附註一之實際招收人數 ÷ 教保服務人員數。幼兒教育及照顧法就 3 歲以上幼兒之配置上限為每 15 名 1 人（2 歲專班更嚴）。全體 132 份報告最大值恰為 15，無一超過，故本檢核標示的是已貼齊上限、任一人請假即無緩衝的情形。,True,45 名幼兒 ÷ 5 位 = 9.00（上限 15）,medium,財報附註一（實際招收人數、教保服務人員數）,學年度,非營利
N09,安興,113,隱含收費年額 同儕偏離,教保費收入決算數 ÷ 實際招收人數，即財報反推之每名幼兒年度營運成本（含政府差額補助）。111 學年度起收費明細不在公開資料中，這是唯一可用的收費代理量，故僅能與同年度同類型同儕比較，不設絕對門檻。,True,"每生教保費收入 140,946.667 元/生（同年度中位 138,439.024 元/生，穩健 z=+0.13）",medium,收支餘絀表（教保費收入）／財報附註一（實際招收人數）／同年度非營利園同儕,學年度,非營利
N09,安興,113,家長月均實繳 ≤ 登記月費,附註三「收支明細表 1. 教保費收入」之「教保費收入（家長繳費）」÷ 實際招收人數 ÷ 12 個月，與園所基本資料登記之每月收費比較。第二胎以上、低收入戶與身心障礙幼兒依規定減免，所以**平均值本應低於登記月費**；高於登記月費比低於更難解釋。,True,"家長繳費 762,600 ÷ 45 人 ÷ 12 月 = 每月 1,412，登記月費 2,000",medium,財報附註三（教保費收入－家長繳費）／財報附註一（實際招收人數）／園所基本資料（每月收費）,學年度,非營利
N09,安興,113,家長分攤比率 同儕偏離,家長繳費 ÷（家長繳費 + 政府學費差額補助）。非營利園是成本分攤制，分攤比率由核定之營運成本與家長收費數額共同決定，同一年度同一制度下應相近。全市中位數自 110 學年度 0.209 降至 113 學年度 0.113（政府端承擔上升），故僅與同年度同儕比較，不設絕對門檻。,True,家長分攤比率 0.120（同年度中位 0.113，穩健 z=+0.31）,medium,財報附註三（教保費收入－家長繳費／政府學費差額補助）／同年度非營利園同儕,學年度,非營利
N10,大觀,110,教保費收入 = 收費 × 人數,收費明細申報之每生全學年度收費 × 財報附註一所載實際招收人數，應等於收支餘絀表之教保費收入決算數。此對應經 110 學年度 28 份報告實測，中位比值 1.0004、27/28 落在 ±4% 內，故偏離可視為三個數字之一有誤。,True,"教保費收入 10,711,120 ÷ 實際招收 103 人 = 每生 103,991，申報收費年額 101,523，比值 1.024",medium,收支餘絀表（教保費收入）／財報附註一（實際招收人數）／收費明細（全學期總收費）,學年度,非營利
N10,大觀,110,核定人數 財報=登記,財報附註一所載核定招收總人數，應與全國教保資訊網登記之核定招收人數相符。核定人數同時是收費、補助、師生比與樓地板面積的分母，任一系統記載不同，所有以它為基礎的計算都會跟著錯。,True,財報 106 人，登記 106 人，差 +0 人,medium,財報附註一（核定招收人數）／園所基本資料（count_approved）,學年度,非營利
N10,大觀,110,師生比貼齊法定上限,財報附註一之實際招收人數 ÷ 教保服務人員數。幼兒教育及照顧法就 3 歲以上幼兒之配置上限為每 15 名 1 人（2 歲專班更嚴）。全體 132 份報告最大值恰為 15，無一超過，故本檢核標示的是已貼齊上限、任一人請假即無緩衝的情形。,True,103 名幼兒 ÷ 10 位 = 10.30（上限 15）,medium,財報附註一（實際招收人數、教保服務人員數）,學年度,非營利
N10,大觀,110,隱含收費年額 同儕偏離,教保費收入決算數 ÷ 實際招收人數，即財報反推之每名幼兒年度營運成本（含政府差額補助）。111 學年度起收費明細不在公開資料中，這是唯一可用的收費代理量，故僅能與同年度同類型同儕比較，不設絕對門檻。,True,"每生教保費收入 103,991.456 元/生（同年度中位 102,287.449 元/生，穩健 z=+0.16）",medium,收支餘絀表（教保費收入）／財報附註一（實際招收人數）／同年度非營利園同儕,學年度,非營利
N10,大觀,110,家長月均實繳 ≤ 登記月費,附註三「收支明細表 1. 教保費收入」之「教保費收入（家長繳費）」÷ 實際招收人數 ÷ 12 個月，與園所基本資料登記之每月收費比較。第二胎以上、低收入戶與身心障礙幼兒依規定減免，所以**平均值本應低於登記月費**；高於登記月費比低於更難解釋。,True,"家長繳費 2,346,116 ÷ 103 人 ÷ 12 月 = 每月 1,898，登記月費 2,000",medium,財報附註三（教保費收入－家長繳費）／財報附註一（實際招收人數）／園所基本資料（每月收費）,學年度,非營利
N10,大觀,110,家長分攤比率 同儕偏離,家長繳費 ÷（家長繳費 + 政府學費差額補助）。非營利園是成本分攤制，分攤比率由核定之營運成本與家長收費數額共同決定，同一年度同一制度下應相近。全市中位數自 110 學年度 0.209 降至 113 學年度 0.113（政府端承擔上升），故僅與同年度同儕比較，不設絕對門檻。,True,家長分攤比率 0.219（同年度中位 0.209，穩健 z=+0.44）,medium,財報附註三（教保費收入－家長繳費／政府學費差額補助）／同年度非營利園同儕,學年度,非營利
N10,大觀,111,教保費收入 = 收費 × 人數,收費明細申報之每生全學年度收費 × 財報附註一所載實際招收人數，應等於收支餘絀表之教保費收入決算數。此對應經 110 學年度 28 份報告實測，中位比值 1.0004、27/28 落在 ±4% 內，故偏離可視為三個數字之一有誤。,,111 學年度查無非營利園收費明細（鏡像自 111 學年度起全市 0 檔，109／110 分別為 23／31 檔）——資料不足，非該園未申報,medium,收支餘絀表（教保費收入）／財報附註一（實際招收人數）／收費明細（全學期總收費）,學年度,非營利
N10,大觀,111,核定人數 財報=登記,財報附註一所載核定招收總人數，應與全國教保資訊網登記之核定招收人數相符。核定人數同時是收費、補助、師生比與樓地板面積的分母，任一系統記載不同，所有以它為基礎的計算都會跟著錯。,True,財報 106 人，登記 106 人，差 +0 人,medium,財報附註一（核定招收人數）／園所基本資料（count_approved）,學年度,非營利
N10,大觀,111,師生比貼齊法定上限,財報附註一之實際招收人數 ÷ 教保服務人員數。幼兒教育及照顧法就 3 歲以上幼兒之配置上限為每 15 名 1 人（2 歲專班更嚴）。全體 132 份報告最大值恰為 15，無一超過，故本檢核標示的是已貼齊上限、任一人請假即無緩衝的情形。,True,105 名幼兒 ÷ 10 位 = 10.50（上限 15）,medium,財報附註一（實際招收人數、教保服務人員數）,學年度,非營利
N10,大觀,111,隱含收費年額 同儕偏離,教保費收入決算數 ÷ 實際招收人數，即財報反推之每名幼兒年度營運成本（含政府差額補助）。111 學年度起收費明細不在公開資料中，這是唯一可用的收費代理量，故僅能與同年度同類型同儕比較，不設絕對門檻。,True,"每生教保費收入 118,573.210 元/生（同年度中位 111,778.059 元/生，穩健 z=+0.67）",medium,收支餘絀表（教保費收入）／財報附註一（實際招收人數）／同年度非營利園同儕,學年度,非營利
N10,大觀,111,家長月均實繳 ≤ 登記月費,附註三「收支明細表 1. 教保費收入」之「教保費收入（家長繳費）」÷ 實際招收人數 ÷ 12 個月，與園所基本資料登記之每月收費比較。第二胎以上、低收入戶與身心障礙幼兒依規定減免，所以**平均值本應低於登記月費**；高於登記月費比低於更難解釋。,True,"家長繳費 1,608,547 ÷ 105 人 ÷ 12 月 = 每月 1,277，登記月費 2,000",medium,財報附註三（教保費收入－家長繳費）／財報附註一（實際招收人數）／園所基本資料（每月收費）,學年度,非營利
N10,大觀,111,家長分攤比率 同儕偏離,家長繳費 ÷（家長繳費 + 政府學費差額補助）。非營利園是成本分攤制，分攤比率由核定之營運成本與家長收費數額共同決定，同一年度同一制度下應相近。全市中位數自 110 學年度 0.209 降至 113 學年度 0.113（政府端承擔上升），故僅與同年度同儕比較，不設絕對門檻。,True,家長分攤比率 0.129（同年度中位 0.153，穩健 z=-0.92）,medium,財報附註三（教保費收入－家長繳費／政府學費差額補助）／同年度非營利園同儕,學年度,非營利
N10,大觀,112,教保費收入 = 收費 × 人數,收費明細申報之每生全學年度收費 × 財報附註一所載實際招收人數，應等於收支餘絀表之教保費收入決算數。此對應經 110 學年度 28 份報告實測，中位比值 1.0004、27/28 落在 ±4% 內，故偏離可視為三個數字之一有誤。,,112 學年度查無非營利園收費明細（鏡像自 111 學年度起全市 0 檔，109／110 分別為 23／31 檔）——資料不足，非該園未申報,medium,收支餘絀表（教保費收入）／財報附註一（實際招收人數）／收費明細（全學期總收費）,學年度,非營利
N10,大觀,112,核定人數 財報=登記,財報附註一所載核定招收總人數，應與全國教保資訊網登記之核定招收人數相符。核定人數同時是收費、補助、師生比與樓地板面積的分母，任一系統記載不同，所有以它為基礎的計算都會跟著錯。,True,財報 106 人，登記 106 人，差 +0 人,medium,財報附註一（核定招收人數）／園所基本資料（count_approved）,學年度,非營利
N10,大觀,112,師生比貼齊法定上限,財報附註一之實際招收人數 ÷ 教保服務人員數。幼兒教育及照顧法就 3 歲以上幼兒之配置上限為每 15 名 1 人（2 歲專班更嚴）。全體 132 份報告最大值恰為 15，無一超過，故本檢核標示的是已貼齊上限、任一人請假即無緩衝的情形。,True,106 名幼兒 ÷ 10 位 = 10.60（上限 15）,medium,財報附註一（實際招收人數、教保服務人員數）,學年度,非營利
N10,大觀,112,隱含收費年額 同儕偏離,教保費收入決算數 ÷ 實際招收人數，即財報反推之每名幼兒年度營運成本（含政府差額補助）。111 學年度起收費明細不在公開資料中，這是唯一可用的收費代理量，故僅能與同年度同類型同儕比較，不設絕對門檻。,True,"每生教保費收入 117,700.783 元/生（同年度中位 116,550.739 元/生，穩健 z=+0.11）",medium,收支餘絀表（教保費收入）／財報附註一（實際招收人數）／同年度非營利園同儕,學年度,非營利
N10,大觀,112,家長月均實繳 ≤ 登記月費,附註三「收支明細表 1. 教保費收入」之「教保費收入（家長繳費）」÷ 實際招收人數 ÷ 12 個月，與園所基本資料登記之每月收費比較。第二胎以上、低收入戶與身心障礙幼兒依規定減免，所以**平均值本應低於登記月費**；高於登記月費比低於更難解釋。,True,"家長繳費 1,537,467 ÷ 106 人 ÷ 12 月 = 每月 1,209，登記月費 2,000",medium,財報附註三（教保費收入－家長繳費）／財報附註一（實際招收人數）／園所基本資料（每月收費）,學年度,非營利
N10,大觀,112,家長分攤比率 同儕偏離,家長繳費 ÷（家長繳費 + 政府學費差額補助）。非營利園是成本分攤制，分攤比率由核定之營運成本與家長收費數額共同決定，同一年度同一制度下應相近。全市中位數自 110 學年度 0.209 降至 113 學年度 0.113（政府端承擔上升），故僅與同年度同儕比較，不設絕對門檻。,True,家長分攤比率 0.123（同年度中位 0.146，穩健 z=-0.96）,medium,財報附註三（教保費收入－家長繳費／政府學費差額補助）／同年度非營利園同儕,學年度,非營利
N10,大觀,113,教保費收入 = 收費 × 人數,收費明細申報之每生全學年度收費 × 財報附註一所載實際招收人數，應等於收支餘絀表之教保費收入決算數。此對應經 110 學年度 28 份報告實測，中位比值 1.0004、27/28 落在 ±4% 內，故偏離可視為三個數字之一有誤。,,113 學年度查無非營利園收費明細（鏡像自 111 學年度起全市 0 檔，109／110 分別為 23／31 檔）——資料不足，非該園未申報,medium,收支餘絀表（教保費收入）／財報附註一（實際招收人數）／收費明細（全學期總收費）,學年度,非營利
N10,大觀,113,核定人數 財報=登記,財報附註一所載核定招收總人數，應與全國教保資訊網登記之核定招收人數相符。核定人數同時是收費、補助、師生比與樓地板面積的分母，任一系統記載不同，所有以它為基礎的計算都會跟著錯。,True,財報 100 人，登記 106 人，差 +6 人,medium,財報附註一（核定招收人數）／園所基本資料（count_approved）,學年度,非營利
N10,大觀,113,師生比貼齊法定上限,財報附註一之實際招收人數 ÷ 教保服務人員數。幼兒教育及照顧法就 3 歲以上幼兒之配置上限為每 15 名 1 人（2 歲專班更嚴）。全體 132 份報告最大值恰為 15，無一超過，故本檢核標示的是已貼齊上限、任一人請假即無緩衝的情形。,True,99 名幼兒 ÷ 10 位 = 9.90（上限 15）,medium,財報附註一（實際招收人數、教保服務人員數）,學年度,非營利
N10,大觀,113,隱含收費年額 同儕偏離,教保費收入決算數 ÷ 實際招收人數，即財報反推之每名幼兒年度營運成本（含政府差額補助）。111 學年度起收費明細不在公開資料中，這是唯一可用的收費代理量，故僅能與同年度同類型同儕比較，不設絕對門檻。,True,"每生教保費收入 133,881.010 元/生（同年度中位 138,439.024 元/生，穩健 z=-0.24）",medium,收支餘絀表（教保費收入）／財報附註一（實際招收人數）／同年度非營利園同儕,學年度,非營利
N10,大觀,113,家長月均實繳 ≤ 登記月費,附註三「收支明細表 1. 教保費收入」之「教保費收入（家長繳費）」÷ 實際招收人數 ÷ 12 個月，與園所基本資料登記之每月收費比較。第二胎以上、低收入戶與身心障礙幼兒依規定減免，所以**平均值本應低於登記月費**；高於登記月費比低於更難解釋。,True,"家長繳費 1,200,000 ÷ 99 人 ÷ 12 月 = 每月 1,010，登記月費 2,000",medium,財報附註三（教保費收入－家長繳費）／財報附註一（實際招收人數）／園所基本資料（每月收費）,學年度,非營利
N10,大觀,113,家長分攤比率 同儕偏離,家長繳費 ÷（家長繳費 + 政府學費差額補助）。非營利園是成本分攤制，分攤比率由核定之營運成本與家長收費數額共同決定，同一年度同一制度下應相近。全市中位數自 110 學年度 0.209 降至 113 學年度 0.113（政府端承擔上升），故僅與同年度同儕比較，不設絕對門檻。,True,家長分攤比率 0.091（同年度中位 0.113，穩健 z=-1.04）,medium,財報附註三（教保費收入－家長繳費／政府學費差額補助）／同年度非營利園同儕,學年度,非營利
N11,新林,110,教保費收入 = 收費 × 人數,收費明細申報之每生全學年度收費 × 財報附註一所載實際招收人數，應等於收支餘絀表之教保費收入決算數。此對應經 110 學年度 28 份報告實測，中位比值 1.0004、27/28 落在 ±4% 內，故偏離可視為三個數字之一有誤。,True,"教保費收入 13,019,354 ÷ 實際招收 136 人 = 每生 95,731，申報收費年額 96,534，比值 0.992",medium,收支餘絀表（教保費收入）／財報附註一（實際招收人數）／收費明細（全學期總收費）,學年度,非營利
N11,新林,110,核定人數 財報=登記,財報附註一所載核定招收總人數，應與全國教保資訊網登記之核定招收人數相符。核定人數同時是收費、補助、師生比與樓地板面積的分母，任一系統記載不同，所有以它為基礎的計算都會跟著錯。,True,財報 136 人，登記 136 人，差 +0 人,medium,財報附註一（核定招收人數）／園所基本資料（count_approved）,學年度,非營利
N11,新林,110,師生比貼齊法定上限,財報附註一之實際招收人數 ÷ 教保服務人員數。幼兒教育及照顧法就 3 歲以上幼兒之配置上限為每 15 名 1 人（2 歲專班更嚴）。全體 132 份報告最大值恰為 15，無一超過，故本檢核標示的是已貼齊上限、任一人請假即無緩衝的情形。,True,136 名幼兒 ÷ 11 位 = 12.36（上限 15）,medium,財報附註一（實際招收人數、教保服務人員數）,學年度,非營利
N11,新林,110,隱含收費年額 同儕偏離,教保費收入決算數 ÷ 實際招收人數，即財報反推之每名幼兒年度營運成本（含政府差額補助）。111 學年度起收費明細不在公開資料中，這是唯一可用的收費代理量，故僅能與同年度同類型同儕比較，不設絕對門檻。,True,"每生教保費收入 95,730.544 元/生（同年度中位 102,287.449 元/生，穩健 z=-0.63）",medium,收支餘絀表（教保費收入）／財報附註一（實際招收人數）／同年度非營利園同儕,學年度,非營利
N11,新林,110,家長月均實繳 ≤ 登記月費,附註三「收支明細表 1. 教保費收入」之「教保費收入（家長繳費）」÷ 實際招收人數 ÷ 12 個月，與園所基本資料登記之每月收費比較。第二胎以上、低收入戶與身心障礙幼兒依規定減免，所以**平均值本應低於登記月費**；高於登記月費比低於更難解釋。,True,"家長繳費 3,038,415 ÷ 136 人 ÷ 12 月 = 每月 1,862，登記月費 2,000",medium,財報附註三（教保費收入－家長繳費）／財報附註一（實際招收人數）／園所基本資料（每月收費）,學年度,非營利
N11,新林,110,家長分攤比率 同儕偏離,家長繳費 ÷（家長繳費 + 政府學費差額補助）。非營利園是成本分攤制，分攤比率由核定之營運成本與家長收費數額共同決定，同一年度同一制度下應相近。全市中位數自 110 學年度 0.209 降至 113 學年度 0.113（政府端承擔上升），故僅與同年度同儕比較，不設絕對門檻。,True,家長分攤比率 0.233（同年度中位 0.209，穩健 z=+1.10）,medium,財報附註三（教保費收入－家長繳費／政府學費差額補助）／同年度非營利園同儕,學年度,非營利
N11,新林,111,教保費收入 = 收費 × 人數,收費明細申報之每生全學年度收費 × 財報附註一所載實際招收人數，應等於收支餘絀表之教保費收入決算數。此對應經 110 學年度 28 份報告實測，中位比值 1.0004、27/28 落在 ±4% 內，故偏離可視為三個數字之一有誤。,,111 學年度查無非營利園收費明細（鏡像自 111 學年度起全市 0 檔，109／110 分別為 23／31 檔）——資料不足，非該園未申報,medium,收支餘絀表（教保費收入）／財報附註一（實際招收人數）／收費明細（全學期總收費）,學年度,非營利
N11,新林,111,核定人數 財報=登記,財報附註一所載核定招收總人數，應與全國教保資訊網登記之核定招收人數相符。核定人數同時是收費、補助、師生比與樓地板面積的分母，任一系統記載不同，所有以它為基礎的計算都會跟著錯。,True,財報 136 人，登記 136 人，差 +0 人,medium,財報附註一（核定招收人數）／園所基本資料（count_approved）,學年度,非營利
N11,新林,111,師生比貼齊法定上限,財報附註一之實際招收人數 ÷ 教保服務人員數。幼兒教育及照顧法就 3 歲以上幼兒之配置上限為每 15 名 1 人（2 歲專班更嚴）。全體 132 份報告最大值恰為 15，無一超過，故本檢核標示的是已貼齊上限、任一人請假即無緩衝的情形。,True,135 名幼兒 ÷ 11 位 = 12.27（上限 15）,medium,財報附註一（實際招收人數、教保服務人員數）,學年度,非營利
N11,新林,111,隱含收費年額 同儕偏離,教保費收入決算數 ÷ 實際招收人數，即財報反推之每名幼兒年度營運成本（含政府差額補助）。111 學年度起收費明細不在公開資料中，這是唯一可用的收費代理量，故僅能與同年度同類型同儕比較，不設絕對門檻。,True,"每生教保費收入 111,508.089 元/生（同年度中位 111,778.059 元/生，穩健 z=-0.03）",medium,收支餘絀表（教保費收入）／財報附註一（實際招收人數）／同年度非營利園同儕,學年度,非營利
N11,新林,111,家長月均實繳 ≤ 登記月費,附註三「收支明細表 1. 教保費收入」之「教保費收入（家長繳費）」÷ 實際招收人數 ÷ 12 個月，與園所基本資料登記之每月收費比較。第二胎以上、低收入戶與身心障礙幼兒依規定減免，所以**平均值本應低於登記月費**；高於登記月費比低於更難解釋。,True,"家長繳費 2,057,896 ÷ 135 人 ÷ 12 月 = 每月 1,270，登記月費 2,000",medium,財報附註三（教保費收入－家長繳費）／財報附註一（實際招收人數）／園所基本資料（每月收費）,學年度,非營利
N11,新林,111,家長分攤比率 同儕偏離,家長繳費 ÷（家長繳費 + 政府學費差額補助）。非營利園是成本分攤制，分攤比率由核定之營運成本與家長收費數額共同決定，同一年度同一制度下應相近。全市中位數自 110 學年度 0.209 降至 113 學年度 0.113（政府端承擔上升），故僅與同年度同儕比較，不設絕對門檻。,True,家長分攤比率 0.137（同年度中位 0.153，穩健 z=-0.62）,medium,財報附註三（教保費收入－家長繳費／政府學費差額補助）／同年度非營利園同儕,學年度,非營利
N11,新林,112,教保費收入 = 收費 × 人數,收費明細申報之每生全學年度收費 × 財報附註一所載實際招收人數，應等於收支餘絀表之教保費收入決算數。此對應經 110 學年度 28 份報告實測，中位比值 1.0004、27/28 落在 ±4% 內，故偏離可視為三個數字之一有誤。,,112 學年度查無非營利園收費明細（鏡像自 111 學年度起全市 0 檔，109／110 分別為 23／31 檔）——資料不足，非該園未申報,medium,收支餘絀表（教保費收入）／財報附註一（實際招收人數）／收費明細（全學期總收費）,學年度,非營利
N11,新林,112,核定人數 財報=登記,財報附註一所載核定招收總人數，應與全國教保資訊網登記之核定招收人數相符。核定人數同時是收費、補助、師生比與樓地板面積的分母，任一系統記載不同，所有以它為基礎的計算都會跟著錯。,True,財報 136 人，登記 136 人，差 +0 人,medium,財報附註一（核定招收人數）／園所基本資料（count_approved）,學年度,非營利
N11,新林,112,師生比貼齊法定上限,財報附註一之實際招收人數 ÷ 教保服務人員數。幼兒教育及照顧法就 3 歲以上幼兒之配置上限為每 15 名 1 人（2 歲專班更嚴）。全體 132 份報告最大值恰為 15，無一超過，故本檢核標示的是已貼齊上限、任一人請假即無緩衝的情形。,True,136 名幼兒 ÷ 11 位 = 12.36（上限 15）,medium,財報附註一（實際招收人數、教保服務人員數）,學年度,非營利
N11,新林,112,隱含收費年額 同儕偏離,教保費收入決算數 ÷ 實際招收人數，即財報反推之每名幼兒年度營運成本（含政府差額補助）。111 學年度起收費明細不在公開資料中，這是唯一可用的收費代理量，故僅能與同年度同類型同儕比較，不設絕對門檻。,True,"每生教保費收入 110,785.088 元/生（同年度中位 116,550.739 元/生，穩健 z=-0.54）",medium,收支餘絀表（教保費收入）／財報附註一（實際招收人數）／同年度非營利園同儕,學年度,非營利
N11,新林,112,家長月均實繳 ≤ 登記月費,附註三「收支明細表 1. 教保費收入」之「教保費收入（家長繳費）」÷ 實際招收人數 ÷ 12 個月，與園所基本資料登記之每月收費比較。第二胎以上、低收入戶與身心障礙幼兒依規定減免，所以**平均值本應低於登記月費**；高於登記月費比低於更難解釋。,,缺附註三家長繳費、實際招收人數或登記每月收費,medium,財報附註三（教保費收入－家長繳費）／財報附註一（實際招收人數）／園所基本資料（每月收費）,學年度,非營利
N11,新林,112,家長分攤比率 同儕偏離,家長繳費 ÷（家長繳費 + 政府學費差額補助）。非營利園是成本分攤制，分攤比率由核定之營運成本與家長收費數額共同決定，同一年度同一制度下應相近。全市中位數自 110 學年度 0.209 降至 113 學年度 0.113（政府端承擔上升），故僅與同年度同儕比較，不設絕對門檻。,,本份報告未抽到附註三之教保費收入拆分,medium,財報附註三（教保費收入－家長繳費／政府學費差額補助）／同年度非營利園同儕,學年度,非營利
N11,新林,113,教保費收入 = 收費 × 人數,收費明細申報之每生全學年度收費 × 財報附註一所載實際招收人數，應等於收支餘絀表之教保費收入決算數。此對應經 110 學年度 28 份報告實測，中位比值 1.0004、27/28 落在 ±4% 內，故偏離可視為三個數字之一有誤。,,113 學年度查無非營利園收費明細（鏡像自 111 學年度起全市 0 檔，109／110 分別為 23／31 檔）——資料不足，非該園未申報,medium,收支餘絀表（教保費收入）／財報附註一（實際招收人數）／收費明細（全學期總收費）,學年度,非營利
N11,新林,113,核定人數 財報=登記,財報附註一所載核定招收總人數，應與全國教保資訊網登記之核定招收人數相符。核定人數同時是收費、補助、師生比與樓地板面積的分母，任一系統記載不同，所有以它為基礎的計算都會跟著錯。,True,財報 128 人，登記 136 人，差 +8 人,medium,財報附註一（核定招收人數）／園所基本資料（count_approved）,學年度,非營利
N11,新林,113,師生比貼齊法定上限,財報附註一之實際招收人數 ÷ 教保服務人員數。幼兒教育及照顧法就 3 歲以上幼兒之配置上限為每 15 名 1 人（2 歲專班更嚴）。全體 132 份報告最大值恰為 15，無一超過，故本檢核標示的是已貼齊上限、任一人請假即無緩衝的情形。,True,128 名幼兒 ÷ 11 位 = 11.64（上限 15）,medium,財報附註一（實際招收人數、教保服務人員數）,學年度,非營利
N11,新林,113,隱含收費年額 同儕偏離,教保費收入決算數 ÷ 實際招收人數，即財報反推之每名幼兒年度營運成本（含政府差額補助）。111 學年度起收費明細不在公開資料中，這是唯一可用的收費代理量，故僅能與同年度同類型同儕比較，不設絕對門檻。,True,"每生教保費收入 129,265.625 元/生（同年度中位 138,439.024 元/生，穩健 z=-0.48）",medium,收支餘絀表（教保費收入）／財報附註一（實際招收人數）／同年度非營利園同儕,學年度,非營利
N11,新林,113,家長月均實繳 ≤ 登記月費,附註三「收支明細表 1. 教保費收入」之「教保費收入（家長繳費）」÷ 實際招收人數 ÷ 12 個月，與園所基本資料登記之每月收費比較。第二胎以上、低收入戶與身心障礙幼兒依規定減免，所以**平均值本應低於登記月費**；高於登記月費比低於更難解釋。,True,"家長繳費 1,566,000 ÷ 128 人 ÷ 12 月 = 每月 1,020，登記月費 2,000",medium,財報附註三（教保費收入－家長繳費）／財報附註一（實際招收人數）／園所基本資料（每月收費）,學年度,非營利
N11,新林,113,家長分攤比率 同儕偏離,家長繳費 ÷（家長繳費 + 政府學費差額補助）。非營利園是成本分攤制，分攤比率由核定之營運成本與家長收費數額共同決定，同一年度同一制度下應相近。全市中位數自 110 學年度 0.209 降至 113 學年度 0.113（政府端承擔上升），故僅與同年度同儕比較，不設絕對門檻。,True,家長分攤比率 0.095（同年度中位 0.113，穩健 z=-0.85）,medium,財報附註三（教保費收入－家長繳費／政府學費差額補助）／同年度非營利園同儕,學年度,非營利
N12,昌福,110,教保費收入 = 收費 × 人數,收費明細申報之每生全學年度收費 × 財報附註一所載實際招收人數，應等於收支餘絀表之教保費收入決算數。此對應經 110 學年度 28 份報告實測，中位比值 1.0004、27/28 落在 ±4% 內，故偏離可視為三個數字之一有誤。,True,"教保費收入 8,993,315 ÷ 實際招收 90 人 = 每生 99,926，申報收費年額 99,972，比值 1.000",medium,收支餘絀表（教保費收入）／財報附註一（實際招收人數）／收費明細（全學期總收費）,學年度,非營利
N12,昌福,110,核定人數 財報=登記,財報附註一所載核定招收總人數，應與全國教保資訊網登記之核定招收人數相符。核定人數同時是收費、補助、師生比與樓地板面積的分母，任一系統記載不同，所有以它為基礎的計算都會跟著錯。,True,財報 90 人，登記 90 人，差 +0 人,medium,財報附註一（核定招收人數）／園所基本資料（count_approved）,學年度,非營利
N12,昌福,110,師生比貼齊法定上限,財報附註一之實際招收人數 ÷ 教保服務人員數。幼兒教育及照顧法就 3 歲以上幼兒之配置上限為每 15 名 1 人（2 歲專班更嚴）。全體 132 份報告最大值恰為 15，無一超過，故本檢核標示的是已貼齊上限、任一人請假即無緩衝的情形。,True,90 名幼兒 ÷ 8 位 = 11.25（上限 15）,medium,財報附註一（實際招收人數、教保服務人員數）,學年度,非營利
N12,昌福,110,隱含收費年額 同儕偏離,教保費收入決算數 ÷ 實際招收人數，即財報反推之每名幼兒年度營運成本（含政府差額補助）。111 學年度起收費明細不在公開資料中，這是唯一可用的收費代理量，故僅能與同年度同類型同儕比較，不設絕對門檻。,True,"每生教保費收入 99,925.722 元/生（同年度中位 102,287.449 元/生，穩健 z=-0.23）",medium,收支餘絀表（教保費收入）／財報附註一（實際招收人數）／同年度非營利園同儕,學年度,非營利
N12,昌福,110,家長月均實繳 ≤ 登記月費,附註三「收支明細表 1. 教保費收入」之「教保費收入（家長繳費）」÷ 實際招收人數 ÷ 12 個月，與園所基本資料登記之每月收費比較。第二胎以上、低收入戶與身心障礙幼兒依規定減免，所以**平均值本應低於登記月費**；高於登記月費比低於更難解釋。,True,"家長繳費 1,909,750 ÷ 90 人 ÷ 12 月 = 每月 1,768，登記月費 2,000",medium,財報附註三（教保費收入－家長繳費）／財報附註一（實際招收人數）／園所基本資料（每月收費）,學年度,非營利
N12,昌福,110,家長分攤比率 同儕偏離,家長繳費 ÷（家長繳費 + 政府學費差額補助）。非營利園是成本分攤制，分攤比率由核定之營運成本與家長收費數額共同決定，同一年度同一制度下應相近。全市中位數自 110 學年度 0.209 降至 113 學年度 0.113（政府端承擔上升），故僅與同年度同儕比較，不設絕對門檻。,True,家長分攤比率 0.212（同年度中位 0.209，穩健 z=+0.13）,medium,財報附註三（教保費收入－家長繳費／政府學費差額補助）／同年度非營利園同儕,學年度,非營利
N12,昌福,111,教保費收入 = 收費 × 人數,收費明細申報之每生全學年度收費 × 財報附註一所載實際招收人數，應等於收支餘絀表之教保費收入決算數。此對應經 110 學年度 28 份報告實測，中位比值 1.0004、27/28 落在 ±4% 內，故偏離可視為三個數字之一有誤。,,111 學年度查無非營利園收費明細（鏡像自 111 學年度起全市 0 檔，109／110 分別為 23／31 檔）——資料不足，非該園未申報,medium,收支餘絀表（教保費收入）／財報附註一（實際招收人數）／收費明細（全學期總收費）,學年度,非營利
N12,昌福,111,核定人數 財報=登記,財報附註一所載核定招收總人數，應與全國教保資訊網登記之核定招收人數相符。核定人數同時是收費、補助、師生比與樓地板面積的分母，任一系統記載不同，所有以它為基礎的計算都會跟著錯。,True,財報 90 人，登記 90 人，差 +0 人,medium,財報附註一（核定招收人數）／園所基本資料（count_approved）,學年度,非營利
N12,昌福,111,師生比貼齊法定上限,財報附註一之實際招收人數 ÷ 教保服務人員數。幼兒教育及照顧法就 3 歲以上幼兒之配置上限為每 15 名 1 人（2 歲專班更嚴）。全體 132 份報告最大值恰為 15，無一超過，故本檢核標示的是已貼齊上限、任一人請假即無緩衝的情形。,True,89 名幼兒 ÷ 8 位 = 11.12（上限 15）,medium,財報附註一（實際招收人數、教保服務人員數）,學年度,非營利
N12,昌福,111,隱含收費年額 同儕偏離,教保費收入決算數 ÷ 實際招收人數，即財報反推之每名幼兒年度營運成本（含政府差額補助）。111 學年度起收費明細不在公開資料中，這是唯一可用的收費代理量，故僅能與同年度同類型同儕比較，不設絕對門檻。,,缺教保費收入或實際招收人數，或同年度可比園數不足,medium,收支餘絀表（教保費收入）／財報附註一（實際招收人數）／同年度非營利園同儕,學年度,非營利
N12,昌福,111,家長月均實繳 ≤ 登記月費,附註三「收支明細表 1. 教保費收入」之「教保費收入（家長繳費）」÷ 實際招收人數 ÷ 12 個月，與園所基本資料登記之每月收費比較。第二胎以上、低收入戶與身心障礙幼兒依規定減免，所以**平均值本應低於登記月費**；高於登記月費比低於更難解釋。,True,"家長繳費 1,436,185 ÷ 89 人 ÷ 12 月 = 每月 1,345，登記月費 2,000",medium,財報附註三（教保費收入－家長繳費）／財報附註一（實際招收人數）／園所基本資料（每月收費）,學年度,非營利
N12,昌福,111,家長分攤比率 同儕偏離,家長繳費 ÷（家長繳費 + 政府學費差額補助）。非營利園是成本分攤制，分攤比率由核定之營運成本與家長收費數額共同決定，同一年度同一制度下應相近。全市中位數自 110 學年度 0.209 降至 113 學年度 0.113（政府端承擔上升），故僅與同年度同儕比較，不設絕對門檻。,True,家長分攤比率 0.130（同年度中位 0.153，穩健 z=-0.88）,medium,財報附註三（教保費收入－家長繳費／政府學費差額補助）／同年度非營利園同儕,學年度,非營利
N12,昌福,112,教保費收入 = 收費 × 人數,收費明細申報之每生全學年度收費 × 財報附註一所載實際招收人數，應等於收支餘絀表之教保費收入決算數。此對應經 110 學年度 28 份報告實測，中位比值 1.0004、27/28 落在 ±4% 內，故偏離可視為三個數字之一有誤。,,112 學年度查無非營利園收費明細（鏡像自 111 學年度起全市 0 檔，109／110 分別為 23／31 檔）——資料不足，非該園未申報,medium,收支餘絀表（教保費收入）／財報附註一（實際招收人數）／收費明細（全學期總收費）,學年度,非營利
N12,昌福,112,核定人數 財報=登記,財報附註一所載核定招收總人數，應與全國教保資訊網登記之核定招收人數相符。核定人數同時是收費、補助、師生比與樓地板面積的分母，任一系統記載不同，所有以它為基礎的計算都會跟著錯。,True,財報 90 人，登記 90 人，差 +0 人,medium,財報附註一（核定招收人數）／園所基本資料（count_approved）,學年度,非營利
N12,昌福,112,師生比貼齊法定上限,財報附註一之實際招收人數 ÷ 教保服務人員數。幼兒教育及照顧法就 3 歲以上幼兒之配置上限為每 15 名 1 人（2 歲專班更嚴）。全體 132 份報告最大值恰為 15，無一超過，故本檢核標示的是已貼齊上限、任一人請假即無緩衝的情形。,True,89 名幼兒 ÷ 7 位 = 12.71（上限 15）,medium,財報附註一（實際招收人數、教保服務人員數）,學年度,非營利
N12,昌福,112,隱含收費年額 同儕偏離,教保費收入決算數 ÷ 實際招收人數，即財報反推之每名幼兒年度營運成本（含政府差額補助）。111 學年度起收費明細不在公開資料中，這是唯一可用的收費代理量，故僅能與同年度同類型同儕比較，不設絕對門檻。,True,"每生教保費收入 122,109.270 元/生（同年度中位 116,550.739 元/生，穩健 z=+0.52）",medium,收支餘絀表（教保費收入）／財報附註一（實際招收人數）／同年度非營利園同儕,學年度,非營利
N12,昌福,112,家長月均實繳 ≤ 登記月費,附註三「收支明細表 1. 教保費收入」之「教保費收入（家長繳費）」÷ 實際招收人數 ÷ 12 個月，與園所基本資料登記之每月收費比較。第二胎以上、低收入戶與身心障礙幼兒依規定減免，所以**平均值本應低於登記月費**；高於登記月費比低於更難解釋。,True,"家長繳費 1,446,637 ÷ 89 人 ÷ 12 月 = 每月 1,355，登記月費 2,000",medium,財報附註三（教保費收入－家長繳費）／財報附註一（實際招收人數）／園所基本資料（每月收費）,學年度,非營利
N12,昌福,112,家長分攤比率 同儕偏離,家長繳費 ÷（家長繳費 + 政府學費差額補助）。非營利園是成本分攤制，分攤比率由核定之營運成本與家長收費數額共同決定，同一年度同一制度下應相近。全市中位數自 110 學年度 0.209 降至 113 學年度 0.113（政府端承擔上升），故僅與同年度同儕比較，不設絕對門檻。,True,家長分攤比率 0.133（同年度中位 0.146，穩健 z=-0.55）,medium,財報附註三（教保費收入－家長繳費／政府學費差額補助）／同年度非營利園同儕,學年度,非營利
N12,昌福,113,教保費收入 = 收費 × 人數,收費明細申報之每生全學年度收費 × 財報附註一所載實際招收人數，應等於收支餘絀表之教保費收入決算數。此對應經 110 學年度 28 份報告實測，中位比值 1.0004、27/28 落在 ±4% 內，故偏離可視為三個數字之一有誤。,,113 學年度查無非營利園收費明細（鏡像自 111 學年度起全市 0 檔，109／110 分別為 23／31 檔）——資料不足，非該園未申報,medium,收支餘絀表（教保費收入）／財報附註一（實際招收人數）／收費明細（全學期總收費）,學年度,非營利
N12,昌福,113,核定人數 財報=登記,財報附註一所載核定招收總人數，應與全國教保資訊網登記之核定招收人數相符。核定人數同時是收費、補助、師生比與樓地板面積的分母，任一系統記載不同，所有以它為基礎的計算都會跟著錯。,True,財報 78 人，登記 90 人，差 +12 人,medium,財報附註一（核定招收人數）／園所基本資料（count_approved）,學年度,非營利
N12,昌福,113,師生比貼齊法定上限,財報附註一之實際招收人數 ÷ 教保服務人員數。幼兒教育及照顧法就 3 歲以上幼兒之配置上限為每 15 名 1 人（2 歲專班更嚴）。全體 132 份報告最大值恰為 15，無一超過，故本檢核標示的是已貼齊上限、任一人請假即無緩衝的情形。,True,73 名幼兒 ÷ 8 位 = 9.12（上限 15）,medium,財報附註一（實際招收人數、教保服務人員數）,學年度,非營利
N12,昌福,113,隱含收費年額 同儕偏離,教保費收入決算數 ÷ 實際招收人數，即財報反推之每名幼兒年度營運成本（含政府差額補助）。111 學年度起收費明細不在公開資料中，這是唯一可用的收費代理量，故僅能與同年度同類型同儕比較，不設絕對門檻。,True,"每生教保費收入 134,730.274 元/生（同年度中位 138,439.024 元/生，穩健 z=-0.19）",medium,收支餘絀表（教保費收入）／財報附註一（實際招收人數）／同年度非營利園同儕,學年度,非營利
N12,昌福,113,家長月均實繳 ≤ 登記月費,附註三「收支明細表 1. 教保費收入」之「教保費收入（家長繳費）」÷ 實際招收人數 ÷ 12 個月，與園所基本資料登記之每月收費比較。第二胎以上、低收入戶與身心障礙幼兒依規定減免，所以**平均值本應低於登記月費**；高於登記月費比低於更難解釋。,True,"家長繳費 1,146,000 ÷ 73 人 ÷ 12 月 = 每月 1,308，登記月費 2,000",medium,財報附註三（教保費收入－家長繳費）／財報附註一（實際招收人數）／園所基本資料（每月收費）,學年度,非營利
N12,昌福,113,家長分攤比率 同儕偏離,家長繳費 ÷（家長繳費 + 政府學費差額補助）。非營利園是成本分攤制，分攤比率由核定之營運成本與家長收費數額共同決定，同一年度同一制度下應相近。全市中位數自 110 學年度 0.209 降至 113 學年度 0.113（政府端承擔上升），故僅與同年度同儕比較，不設絕對門檻。,True,家長分攤比率 0.117（同年度中位 0.113，穩健 z=+0.14）,medium,財報附註三（教保費收入－家長繳費／政府學費差額補助）／同年度非營利園同儕,學年度,非營利
N13,三多,110,教保費收入 = 收費 × 人數,收費明細申報之每生全學年度收費 × 財報附註一所載實際招收人數，應等於收支餘絀表之教保費收入決算數。此對應經 110 學年度 28 份報告實測，中位比值 1.0004、27/28 落在 ±4% 內，故偏離可視為三個數字之一有誤。,True,"教保費收入 8,997,480 ÷ 實際招收 89 人 = 每生 101,095，申報收費年額 99,972，比值 1.011",medium,收支餘絀表（教保費收入）／財報附註一（實際招收人數）／收費明細（全學期總收費）,學年度,非營利
N13,三多,110,核定人數 財報=登記,財報附註一所載核定招收總人數，應與全國教保資訊網登記之核定招收人數相符。核定人數同時是收費、補助、師生比與樓地板面積的分母，任一系統記載不同，所有以它為基礎的計算都會跟著錯。,True,財報 90 人，登記 90 人，差 +0 人,medium,財報附註一（核定招收人數）／園所基本資料（count_approved）,學年度,非營利
N13,三多,110,師生比貼齊法定上限,財報附註一之實際招收人數 ÷ 教保服務人員數。幼兒教育及照顧法就 3 歲以上幼兒之配置上限為每 15 名 1 人（2 歲專班更嚴）。全體 132 份報告最大值恰為 15，無一超過，故本檢核標示的是已貼齊上限、任一人請假即無緩衝的情形。,True,89 名幼兒 ÷ 8 位 = 11.12（上限 15）,medium,財報附註一（實際招收人數、教保服務人員數）,學年度,非營利
N13,三多,110,隱含收費年額 同儕偏離,教保費收入決算數 ÷ 實際招收人數，即財報反推之每名幼兒年度營運成本（含政府差額補助）。111 學年度起收費明細不在公開資料中，這是唯一可用的收費代理量，故僅能與同年度同類型同儕比較，不設絕對門檻。,True,"每生教保費收入 101,095.281 元/生（同年度中位 102,287.449 元/生，穩健 z=-0.11）",medium,收支餘絀表（教保費收入）／財報附註一（實際招收人數）／同年度非營利園同儕,學年度,非營利
N13,三多,110,家長月均實繳 ≤ 登記月費,附註三「收支明細表 1. 教保費收入」之「教保費收入（家長繳費）」÷ 實際招收人數 ÷ 12 個月，與園所基本資料登記之每月收費比較。第二胎以上、低收入戶與身心障礙幼兒依規定減免，所以**平均值本應低於登記月費**；高於登記月費比低於更難解釋。,True,"家長繳費 1,919,500 ÷ 89 人 ÷ 12 月 = 每月 1,797，登記月費 2,000",medium,財報附註三（教保費收入－家長繳費）／財報附註一（實際招收人數）／園所基本資料（每月收費）,學年度,非營利
N13,三多,110,家長分攤比率 同儕偏離,家長繳費 ÷（家長繳費 + 政府學費差額補助）。非營利園是成本分攤制，分攤比率由核定之營運成本與家長收費數額共同決定，同一年度同一制度下應相近。全市中位數自 110 學年度 0.209 降至 113 學年度 0.113（政府端承擔上升），故僅與同年度同儕比較，不設絕對門檻。,True,家長分攤比率 0.213（同年度中位 0.209，穩健 z=+0.18）,medium,財報附註三（教保費收入－家長繳費／政府學費差額補助）／同年度非營利園同儕,學年度,非營利
N13,三多,111,教保費收入 = 收費 × 人數,收費明細申報之每生全學年度收費 × 財報附註一所載實際招收人數，應等於收支餘絀表之教保費收入決算數。此對應經 110 學年度 28 份報告實測，中位比值 1.0004、27/28 落在 ±4% 內，故偏離可視為三個數字之一有誤。,,111 學年度查無非營利園收費明細（鏡像自 111 學年度起全市 0 檔，109／110 分別為 23／31 檔）——資料不足，非該園未申報,medium,收支餘絀表（教保費收入）／財報附註一（實際招收人數）／收費明細（全學期總收費）,學年度,非營利
N13,三多,111,核定人數 財報=登記,財報附註一所載核定招收總人數，應與全國教保資訊網登記之核定招收人數相符。核定人數同時是收費、補助、師生比與樓地板面積的分母，任一系統記載不同，所有以它為基礎的計算都會跟著錯。,True,財報 90 人，登記 90 人，差 +0 人,medium,財報附註一（核定招收人數）／園所基本資料（count_approved）,學年度,非營利
N13,三多,111,師生比貼齊法定上限,財報附註一之實際招收人數 ÷ 教保服務人員數。幼兒教育及照顧法就 3 歲以上幼兒之配置上限為每 15 名 1 人（2 歲專班更嚴）。全體 132 份報告最大值恰為 15，無一超過，故本檢核標示的是已貼齊上限、任一人請假即無緩衝的情形。,True,89 名幼兒 ÷ 8 位 = 11.12（上限 15）,medium,財報附註一（實際招收人數、教保服務人員數）,學年度,非營利
N13,三多,111,隱含收費年額 同儕偏離,教保費收入決算數 ÷ 實際招收人數，即財報反推之每名幼兒年度營運成本（含政府差額補助）。111 學年度起收費明細不在公開資料中，這是唯一可用的收費代理量，故僅能與同年度同類型同儕比較，不設絕對門檻。,True,"每生教保費收入 124,999.551 元/生（同年度中位 111,778.059 元/生，穩健 z=+1.31）",medium,收支餘絀表（教保費收入）／財報附註一（實際招收人數）／同年度非營利園同儕,學年度,非營利
N13,三多,111,家長月均實繳 ≤ 登記月費,附註三「收支明細表 1. 教保費收入」之「教保費收入（家長繳費）」÷ 實際招收人數 ÷ 12 個月，與園所基本資料登記之每月收費比較。第二胎以上、低收入戶與身心障礙幼兒依規定減免，所以**平均值本應低於登記月費**；高於登記月費比低於更難解釋。,True,"家長繳費 1,386,000 ÷ 89 人 ÷ 12 月 = 每月 1,298，登記月費 2,000",medium,財報附註三（教保費收入－家長繳費）／財報附註一（實際招收人數）／園所基本資料（每月收費）,學年度,非營利
N13,三多,111,家長分攤比率 同儕偏離,家長繳費 ÷（家長繳費 + 政府學費差額補助）。非營利園是成本分攤制，分攤比率由核定之營運成本與家長收費數額共同決定，同一年度同一制度下應相近。全市中位數自 110 學年度 0.209 降至 113 學年度 0.113（政府端承擔上升），故僅與同年度同儕比較，不設絕對門檻。,True,家長分攤比率 0.125（同年度中位 0.153，穩健 z=-1.10）,medium,財報附註三（教保費收入－家長繳費／政府學費差額補助）／同年度非營利園同儕,學年度,非營利
N13,三多,112,教保費收入 = 收費 × 人數,收費明細申報之每生全學年度收費 × 財報附註一所載實際招收人數，應等於收支餘絀表之教保費收入決算數。此對應經 110 學年度 28 份報告實測，中位比值 1.0004、27/28 落在 ±4% 內，故偏離可視為三個數字之一有誤。,,112 學年度查無非營利園收費明細（鏡像自 111 學年度起全市 0 檔，109／110 分別為 23／31 檔）——資料不足，非該園未申報,medium,收支餘絀表（教保費收入）／財報附註一（實際招收人數）／收費明細（全學期總收費）,學年度,非營利
N13,三多,112,核定人數 財報=登記,財報附註一所載核定招收總人數，應與全國教保資訊網登記之核定招收人數相符。核定人數同時是收費、補助、師生比與樓地板面積的分母，任一系統記載不同，所有以它為基礎的計算都會跟著錯。,True,財報 90 人，登記 90 人，差 +0 人,medium,財報附註一（核定招收人數）／園所基本資料（count_approved）,學年度,非營利
N13,三多,112,師生比貼齊法定上限,財報附註一之實際招收人數 ÷ 教保服務人員數。幼兒教育及照顧法就 3 歲以上幼兒之配置上限為每 15 名 1 人（2 歲專班更嚴）。全體 132 份報告最大值恰為 15，無一超過，故本檢核標示的是已貼齊上限、任一人請假即無緩衝的情形。,True,90 名幼兒 ÷ 8 位 = 11.25（上限 15）,medium,財報附註一（實際招收人數、教保服務人員數）,學年度,非營利
N13,三多,112,隱含收費年額 同儕偏離,教保費收入決算數 ÷ 實際招收人數，即財報反推之每名幼兒年度營運成本（含政府差額補助）。111 學年度起收費明細不在公開資料中，這是唯一可用的收費代理量，故僅能與同年度同類型同儕比較，不設絕對門檻。,True,"每生教保費收入 123,981.000 元/生（同年度中位 116,550.739 元/生，穩健 z=+0.69）",medium,收支餘絀表（教保費收入）／財報附註一（實際招收人數）／同年度非營利園同儕,學年度,非營利
N13,三多,112,家長月均實繳 ≤ 登記月費,附註三「收支明細表 1. 教保費收入」之「教保費收入（家長繳費）」÷ 實際招收人數 ÷ 12 個月，與園所基本資料登記之每月收費比較。第二胎以上、低收入戶與身心障礙幼兒依規定減免，所以**平均值本應低於登記月費**；高於登記月費比低於更難解釋。,True,"家長繳費 1,467,370 ÷ 90 人 ÷ 12 月 = 每月 1,359，登記月費 2,000",medium,財報附註三（教保費收入－家長繳費）／財報附註一（實際招收人數）／園所基本資料（每月收費）,學年度,非營利
N13,三多,112,家長分攤比率 同儕偏離,家長繳費 ÷（家長繳費 + 政府學費差額補助）。非營利園是成本分攤制，分攤比率由核定之營運成本與家長收費數額共同決定，同一年度同一制度下應相近。全市中位數自 110 學年度 0.209 降至 113 學年度 0.113（政府端承擔上升），故僅與同年度同儕比較，不設絕對門檻。,True,家長分攤比率 0.132（同年度中位 0.146，穩健 z=-0.61）,medium,財報附註三（教保費收入－家長繳費／政府學費差額補助）／同年度非營利園同儕,學年度,非營利
N13,三多,113,教保費收入 = 收費 × 人數,收費明細申報之每生全學年度收費 × 財報附註一所載實際招收人數，應等於收支餘絀表之教保費收入決算數。此對應經 110 學年度 28 份報告實測，中位比值 1.0004、27/28 落在 ±4% 內，故偏離可視為三個數字之一有誤。,,113 學年度查無非營利園收費明細（鏡像自 111 學年度起全市 0 檔，109／110 分別為 23／31 檔）——資料不足，非該園未申報,medium,收支餘絀表（教保費收入）／財報附註一（實際招收人數）／收費明細（全學期總收費）,學年度,非營利
N13,三多,113,核定人數 財報=登記,財報附註一所載核定招收總人數，應與全國教保資訊網登記之核定招收人數相符。核定人數同時是收費、補助、師生比與樓地板面積的分母，任一系統記載不同，所有以它為基礎的計算都會跟著錯。,True,財報 84 人，登記 90 人，差 +6 人,medium,財報附註一（核定招收人數）／園所基本資料（count_approved）,學年度,非營利
N13,三多,113,師生比貼齊法定上限,財報附註一之實際招收人數 ÷ 教保服務人員數。幼兒教育及照顧法就 3 歲以上幼兒之配置上限為每 15 名 1 人（2 歲專班更嚴）。全體 132 份報告最大值恰為 15，無一超過，故本檢核標示的是已貼齊上限、任一人請假即無緩衝的情形。,True,84 名幼兒 ÷ 8 位 = 10.50（上限 15）,medium,財報附註一（實際招收人數、教保服務人員數）,學年度,非營利
N13,三多,113,隱含收費年額 同儕偏離,教保費收入決算數 ÷ 實際招收人數，即財報反推之每名幼兒年度營運成本（含政府差額補助）。111 學年度起收費明細不在公開資料中，這是唯一可用的收費代理量，故僅能與同年度同類型同儕比較，不設絕對門檻。,True,"每生教保費收入 147,190.476 元/生（同年度中位 138,439.024 元/生，穩健 z=+0.46）",medium,收支餘絀表（教保費收入）／財報附註一（實際招收人數）／同年度非營利園同儕,學年度,非營利
N13,三多,113,家長月均實繳 ≤ 登記月費,附註三「收支明細表 1. 教保費收入」之「教保費收入（家長繳費）」÷ 實際招收人數 ÷ 12 個月，與園所基本資料登記之每月收費比較。第二胎以上、低收入戶與身心障礙幼兒依規定減免，所以**平均值本應低於登記月費**；高於登記月費比低於更難解釋。,True,"家長繳費 1,404,000 ÷ 84 人 ÷ 12 月 = 每月 1,393，登記月費 2,000",medium,財報附註三（教保費收入－家長繳費）／財報附註一（實際招收人數）／園所基本資料（每月收費）,學年度,非營利
N13,三多,113,家長分攤比率 同儕偏離,家長繳費 ÷（家長繳費 + 政府學費差額補助）。非營利園是成本分攤制，分攤比率由核定之營運成本與家長收費數額共同決定，同一年度同一制度下應相近。全市中位數自 110 學年度 0.209 降至 113 學年度 0.113（政府端承擔上升），故僅與同年度同儕比較，不設絕對門檻。,True,家長分攤比率 0.114（同年度中位 0.113，穩健 z=+0.00）,medium,財報附註三（教保費收入－家長繳費／政府學費差額補助）／同年度非營利園同儕,學年度,非營利
N14,積穗,110,教保費收入 = 收費 × 人數,收費明細申報之每生全學年度收費 × 財報附註一所載實際招收人數，應等於收支餘絀表之教保費收入決算數。此對應經 110 學年度 28 份報告實測，中位比值 1.0004、27/28 落在 ±4% 內，故偏離可視為三個數字之一有誤。,True,"教保費收入 10,687,800 ÷ 實際招收 105 人 = 每生 101,789，申報收費年額 101,625，比值 1.002",medium,收支餘絀表（教保費收入）／財報附註一（實際招收人數）／收費明細（全學期總收費）,學年度,非營利
N14,積穗,110,核定人數 財報=登記,財報附註一所載核定招收總人數，應與全國教保資訊網登記之核定招收人數相符。核定人數同時是收費、補助、師生比與樓地板面積的分母，任一系統記載不同，所有以它為基礎的計算都會跟著錯。,False,財報 106 人，登記 196 人，差 +90 人（容差 20 人）。請確認哪一邊是現行核定數，以及以另一邊為基礎核算之收費與補助是否需更正。　旁證：登記室內面積 973.2 ㎡，除以登記核定為 5.0 ㎡/人、除以財報核定為 9.2 ㎡/人（室內活動室法定下限 2.5 ㎡/人；主檔面積為全園室內面積，範圍較寬）,medium,財報附註一（核定招收人數）／園所基本資料（count_approved）,學年度,非營利
N14,積穗,110,師生比貼齊法定上限,財報附註一之實際招收人數 ÷ 教保服務人員數。幼兒教育及照顧法就 3 歲以上幼兒之配置上限為每 15 名 1 人（2 歲專班更嚴）。全體 132 份報告最大值恰為 15，無一超過，故本檢核標示的是已貼齊上限、任一人請假即無緩衝的情形。,True,105 名幼兒 ÷ 10 位 = 10.50（上限 15）,medium,財報附註一（實際招收人數、教保服務人員數）,學年度,非營利
N14,積穗,110,隱含收費年額 同儕偏離,教保費收入決算數 ÷ 實際招收人數，即財報反推之每名幼兒年度營運成本（含政府差額補助）。111 學年度起收費明細不在公開資料中，這是唯一可用的收費代理量，故僅能與同年度同類型同儕比較，不設絕對門檻。,True,"每生教保費收入 101,788.571 元/生（同年度中位 102,287.449 元/生，穩健 z=-0.05）",medium,收支餘絀表（教保費收入）／財報附註一（實際招收人數）／同年度非營利園同儕,學年度,非營利
N14,積穗,110,家長月均實繳 ≤ 登記月費,附註三「收支明細表 1. 教保費收入」之「教保費收入（家長繳費）」÷ 實際招收人數 ÷ 12 個月，與園所基本資料登記之每月收費比較。第二胎以上、低收入戶與身心障礙幼兒依規定減免，所以**平均值本應低於登記月費**；高於登記月費比低於更難解釋。,True,"家長繳費 2,319,570 ÷ 105 人 ÷ 12 月 = 每月 1,841，登記月費 2,000",medium,財報附註三（教保費收入－家長繳費）／財報附註一（實際招收人數）／園所基本資料（每月收費）,學年度,非營利
N14,積穗,110,家長分攤比率 同儕偏離,家長繳費 ÷（家長繳費 + 政府學費差額補助）。非營利園是成本分攤制，分攤比率由核定之營運成本與家長收費數額共同決定，同一年度同一制度下應相近。全市中位數自 110 學年度 0.209 降至 113 學年度 0.113（政府端承擔上升），故僅與同年度同儕比較，不設絕對門檻。,True,家長分攤比率 0.217（同年度中位 0.209，穩健 z=+0.35）,medium,財報附註三（教保費收入－家長繳費／政府學費差額補助）／同年度非營利園同儕,學年度,非營利
N14,積穗,111,教保費收入 = 收費 × 人數,收費明細申報之每生全學年度收費 × 財報附註一所載實際招收人數，應等於收支餘絀表之教保費收入決算數。此對應經 110 學年度 28 份報告實測，中位比值 1.0004、27/28 落在 ±4% 內，故偏離可視為三個數字之一有誤。,,111 學年度查無非營利園收費明細（鏡像自 111 學年度起全市 0 檔，109／110 分別為 23／31 檔）——資料不足，非該園未申報,medium,收支餘絀表（教保費收入）／財報附註一（實際招收人數）／收費明細（全學期總收費）,學年度,非營利
N14,積穗,111,核定人數 財報=登記,財報附註一所載核定招收總人數，應與全國教保資訊網登記之核定招收人數相符。核定人數同時是收費、補助、師生比與樓地板面積的分母，任一系統記載不同，所有以它為基礎的計算都會跟著錯。,False,財報 106 人，登記 196 人，差 +90 人（容差 20 人）。請確認哪一邊是現行核定數，以及以另一邊為基礎核算之收費與補助是否需更正。　旁證：登記室內面積 973.2 ㎡，除以登記核定為 5.0 ㎡/人、除以財報核定為 9.2 ㎡/人（室內活動室法定下限 2.5 ㎡/人；主檔面積為全園室內面積，範圍較寬）,medium,財報附註一（核定招收人數）／園所基本資料（count_approved）,學年度,非營利
N14,積穗,111,師生比貼齊法定上限,財報附註一之實際招收人數 ÷ 教保服務人員數。幼兒教育及照顧法就 3 歲以上幼兒之配置上限為每 15 名 1 人（2 歲專班更嚴）。全體 132 份報告最大值恰為 15，無一超過，故本檢核標示的是已貼齊上限、任一人請假即無緩衝的情形。,True,106 名幼兒 ÷ 10 位 = 10.60（上限 15）,medium,財報附註一（實際招收人數、教保服務人員數）,學年度,非營利
N14,積穗,111,隱含收費年額 同儕偏離,教保費收入決算數 ÷ 實際招收人數，即財報反推之每名幼兒年度營運成本（含政府差額補助）。111 學年度起收費明細不在公開資料中，這是唯一可用的收費代理量，故僅能與同年度同類型同儕比較，不設絕對門檻。,,缺教保費收入或實際招收人數，或同年度可比園數不足,medium,收支餘絀表（教保費收入）／財報附註一（實際招收人數）／同年度非營利園同儕,學年度,非營利
N14,積穗,111,家長月均實繳 ≤ 登記月費,附註三「收支明細表 1. 教保費收入」之「教保費收入（家長繳費）」÷ 實際招收人數 ÷ 12 個月，與園所基本資料登記之每月收費比較。第二胎以上、低收入戶與身心障礙幼兒依規定減免，所以**平均值本應低於登記月費**；高於登記月費比低於更難解釋。,True,"家長繳費 1,439,000 ÷ 106 人 ÷ 12 月 = 每月 1,131，登記月費 2,000",medium,財報附註三（教保費收入－家長繳費）／財報附註一（實際招收人數）／園所基本資料（每月收費）,學年度,非營利
N14,積穗,111,家長分攤比率 同儕偏離,家長繳費 ÷（家長繳費 + 政府學費差額補助）。非營利園是成本分攤制，分攤比率由核定之營運成本與家長收費數額共同決定，同一年度同一制度下應相近。全市中位數自 110 學年度 0.209 降至 113 學年度 0.113（政府端承擔上升），故僅與同年度同儕比較，不設絕對門檻。,True,家長分攤比率 0.113（同年度中位 0.153，穩健 z=-1.57）,medium,財報附註三（教保費收入－家長繳費／政府學費差額補助）／同年度非營利園同儕,學年度,非營利
N14,積穗,112,教保費收入 = 收費 × 人數,收費明細申報之每生全學年度收費 × 財報附註一所載實際招收人數，應等於收支餘絀表之教保費收入決算數。此對應經 110 學年度 28 份報告實測，中位比值 1.0004、27/28 落在 ±4% 內，故偏離可視為三個數字之一有誤。,,112 學年度查無非營利園收費明細（鏡像自 111 學年度起全市 0 檔，109／110 分別為 23／31 檔）——資料不足，非該園未申報,medium,收支餘絀表（教保費收入）／財報附註一（實際招收人數）／收費明細（全學期總收費）,學年度,非營利
N14,積穗,112,核定人數 財報=登記,財報附註一所載核定招收總人數，應與全國教保資訊網登記之核定招收人數相符。核定人數同時是收費、補助、師生比與樓地板面積的分母，任一系統記載不同，所有以它為基礎的計算都會跟著錯。,False,財報 106 人，登記 196 人，差 +90 人（容差 20 人）。請確認哪一邊是現行核定數，以及以另一邊為基礎核算之收費與補助是否需更正。　旁證：登記室內面積 973.2 ㎡，除以登記核定為 5.0 ㎡/人、除以財報核定為 9.2 ㎡/人（室內活動室法定下限 2.5 ㎡/人；主檔面積為全園室內面積，範圍較寬）,medium,財報附註一（核定招收人數）／園所基本資料（count_approved）,學年度,非營利
N14,積穗,112,師生比貼齊法定上限,財報附註一之實際招收人數 ÷ 教保服務人員數。幼兒教育及照顧法就 3 歲以上幼兒之配置上限為每 15 名 1 人（2 歲專班更嚴）。全體 132 份報告最大值恰為 15，無一超過，故本檢核標示的是已貼齊上限、任一人請假即無緩衝的情形。,True,106 名幼兒 ÷ 10 位 = 10.60（上限 15）,medium,財報附註一（實際招收人數、教保服務人員數）,學年度,非營利
N14,積穗,112,隱含收費年額 同儕偏離,教保費收入決算數 ÷ 實際招收人數，即財報反推之每名幼兒年度營運成本（含政府差額補助）。111 學年度起收費明細不在公開資料中，這是唯一可用的收費代理量，故僅能與同年度同類型同儕比較，不設絕對門檻。,True,"每生教保費收入 120,274.415 元/生（同年度中位 116,550.739 元/生，穩健 z=+0.35）",medium,收支餘絀表（教保費收入）／財報附註一（實際招收人數）／同年度非營利園同儕,學年度,非營利
N14,積穗,112,家長月均實繳 ≤ 登記月費,附註三「收支明細表 1. 教保費收入」之「教保費收入（家長繳費）」÷ 實際招收人數 ÷ 12 個月，與園所基本資料登記之每月收費比較。第二胎以上、低收入戶與身心障礙幼兒依規定減免，所以**平均值本應低於登記月費**；高於登記月費比低於更難解釋。,True,"家長繳費 1,356,000 ÷ 106 人 ÷ 12 月 = 每月 1,066，登記月費 2,000",medium,財報附註三（教保費收入－家長繳費）／財報附註一（實際招收人數）／園所基本資料（每月收費）,學年度,非營利
N14,積穗,112,家長分攤比率 同儕偏離,家長繳費 ÷（家長繳費 + 政府學費差額補助）。非營利園是成本分攤制，分攤比率由核定之營運成本與家長收費數額共同決定，同一年度同一制度下應相近。全市中位數自 110 學年度 0.209 降至 113 學年度 0.113（政府端承擔上升），故僅與同年度同儕比較，不設絕對門檻。,True,家長分攤比率 0.106（同年度中位 0.146，穩健 z=-1.67）,medium,財報附註三（教保費收入－家長繳費／政府學費差額補助）／同年度非營利園同儕,學年度,非營利
N14,積穗,113,教保費收入 = 收費 × 人數,收費明細申報之每生全學年度收費 × 財報附註一所載實際招收人數，應等於收支餘絀表之教保費收入決算數。此對應經 110 學年度 28 份報告實測，中位比值 1.0004、27/28 落在 ±4% 內，故偏離可視為三個數字之一有誤。,,113 學年度查無非營利園收費明細（鏡像自 111 學年度起全市 0 檔，109／110 分別為 23／31 檔）——資料不足，非該園未申報,medium,收支餘絀表（教保費收入）／財報附註一（實際招收人數）／收費明細（全學期總收費）,學年度,非營利
N14,積穗,113,核定人數 財報=登記,財報附註一所載核定招收總人數，應與全國教保資訊網登記之核定招收人數相符。核定人數同時是收費、補助、師生比與樓地板面積的分母，任一系統記載不同，所有以它為基礎的計算都會跟著錯。,False,財報 172 人，登記 196 人，差 +24 人（容差 20 人）。請確認哪一邊是現行核定數，以及以另一邊為基礎核算之收費與補助是否需更正。　旁證：登記室內面積 973.2 ㎡，除以登記核定為 5.0 ㎡/人、除以財報核定為 5.7 ㎡/人（室內活動室法定下限 2.5 ㎡/人；主檔面積為全園室內面積，範圍較寬）,medium,財報附註一（核定招收人數）／園所基本資料（count_approved）,學年度,非營利
N14,積穗,113,師生比貼齊法定上限,財報附註一之實際招收人數 ÷ 教保服務人員數。幼兒教育及照顧法就 3 歲以上幼兒之配置上限為每 15 名 1 人（2 歲專班更嚴）。全體 132 份報告最大值恰為 15，無一超過，故本檢核標示的是已貼齊上限、任一人請假即無緩衝的情形。,True,164 名幼兒 ÷ 17 位 = 9.65（上限 15）,medium,財報附註一（實際招收人數、教保服務人員數）,學年度,非營利
N14,積穗,113,隱含收費年額 同儕偏離,教保費收入決算數 ÷ 實際招收人數，即財報反推之每名幼兒年度營運成本（含政府差額補助）。111 學年度起收費明細不在公開資料中，這是唯一可用的收費代理量，故僅能與同年度同類型同儕比較，不設絕對門檻。,True,"每生教保費收入 130,265.482 元/生（同年度中位 138,439.024 元/生，穩健 z=-0.43）",medium,收支餘絀表（教保費收入）／財報附註一（實際招收人數）／同年度非營利園同儕,學年度,非營利
N14,積穗,113,家長月均實繳 ≤ 登記月費,附註三「收支明細表 1. 教保費收入」之「教保費收入（家長繳費）」÷ 實際招收人數 ÷ 12 個月，與園所基本資料登記之每月收費比較。第二胎以上、低收入戶與身心障礙幼兒依規定減免，所以**平均值本應低於登記月費**；高於登記月費比低於更難解釋。,True,"家長繳費 2,393,539 ÷ 164 人 ÷ 12 月 = 每月 1,216，登記月費 2,000",medium,財報附註三（教保費收入－家長繳費）／財報附註一（實際招收人數）／園所基本資料（每月收費）,學年度,非營利
N14,積穗,113,家長分攤比率 同儕偏離,家長繳費 ÷（家長繳費 + 政府學費差額補助）。非營利園是成本分攤制，分攤比率由核定之營運成本與家長收費數額共同決定，同一年度同一制度下應相近。全市中位數自 110 學年度 0.209 降至 113 學年度 0.113（政府端承擔上升），故僅與同年度同儕比較，不設絕對門檻。,True,家長分攤比率 0.112（同年度中位 0.113，穩健 z=-0.07）,medium,財報附註三（教保費收入－家長繳費／政府學費差額補助）／同年度非營利園同儕,學年度,非營利
N15,新月,110,教保費收入 = 收費 × 人數,收費明細申報之每生全學年度收費 × 財報附註一所載實際招收人數，應等於收支餘絀表之教保費收入決算數。此對應經 110 學年度 28 份報告實測，中位比值 1.0004、27/28 落在 ±4% 內，故偏離可視為三個數字之一有誤。,True,"教保費收入 16,615,323 ÷ 實際招收 181 人 = 每生 91,797，申報收費年額 91,821，比值 1.000",medium,收支餘絀表（教保費收入）／財報附註一（實際招收人數）／收費明細（全學期總收費）,學年度,非營利
N15,新月,110,核定人數 財報=登記,財報附註一所載核定招收總人數，應與全國教保資訊網登記之核定招收人數相符。核定人數同時是收費、補助、師生比與樓地板面積的分母，任一系統記載不同，所有以它為基礎的計算都會跟著錯。,False,"財報 182 人，登記 484 人，差 +302 人（容差 20 人）。請確認哪一邊是現行核定數，以及以另一邊為基礎核算之收費與補助是否需更正。　旁證：登記室內面積 4,170.5 ㎡，除以登記核定為 8.6 ㎡/人、除以財報核定為 22.9 ㎡/人（室內活動室法定下限 2.5 ㎡/人；主檔面積為全園室內面積，範圍較寬）",high,財報附註一（核定招收人數）／園所基本資料（count_approved）,學年度,非營利
N15,新月,110,師生比貼齊法定上限,財報附註一之實際招收人數 ÷ 教保服務人員數。幼兒教育及照顧法就 3 歲以上幼兒之配置上限為每 15 名 1 人（2 歲專班更嚴）。全體 132 份報告最大值恰為 15，無一超過，故本檢核標示的是已貼齊上限、任一人請假即無緩衝的情形。,True,181 名幼兒 ÷ 17 位 = 10.65（上限 15）,medium,財報附註一（實際招收人數、教保服務人員數）,學年度,非營利
N15,新月,110,隱含收費年額 同儕偏離,教保費收入決算數 ÷ 實際招收人數，即財報反推之每名幼兒年度營運成本（含政府差額補助）。111 學年度起收費明細不在公開資料中，這是唯一可用的收費代理量，故僅能與同年度同類型同儕比較，不設絕對門檻。,True,"每生教保費收入 91,797.365 元/生（同年度中位 102,287.449 元/生，穩健 z=-1.01）",medium,收支餘絀表（教保費收入）／財報附註一（實際招收人數）／同年度非營利園同儕,學年度,非營利
N15,新月,110,家長月均實繳 ≤ 登記月費,附註三「收支明細表 1. 教保費收入」之「教保費收入（家長繳費）」÷ 實際招收人數 ÷ 12 個月，與園所基本資料登記之每月收費比較。第二胎以上、低收入戶與身心障礙幼兒依規定減免，所以**平均值本應低於登記月費**；高於登記月費比低於更難解釋。,False,"家長繳費 4,384,807 ÷ 181 人 ÷ 12 月 = 每月 2,019，超過登記月費 2,000 （1.01 倍）。請確認家長繳費是否含代收代辦或延長照顧等另計項目、名冊人數在學年度中是否大幅減少（分母偏小會推高平均），以及登記月費是否已依核定調整",medium,財報附註三（教保費收入－家長繳費）／財報附註一（實際招收人數）／園所基本資料（每月收費）,學年度,非營利
N15,新月,110,家長分攤比率 同儕偏離,家長繳費 ÷（家長繳費 + 政府學費差額補助）。非營利園是成本分攤制，分攤比率由核定之營運成本與家長收費數額共同決定，同一年度同一制度下應相近。全市中位數自 110 學年度 0.209 降至 113 學年度 0.113（政府端承擔上升），故僅與同年度同儕比較，不設絕對門檻。,False,"家長分攤比率 0.264（同年度中位 0.209，穩健 z=+2.50），偏高（家長 4,384,807、政府 12,230,516）。請確認該學年度核定之營運成本分攤數與家長收費數額，以及減免人數結構是否足以解釋差異",medium,財報附註三（教保費收入－家長繳費／政府學費差額補助）／同年度非營利園同儕,學年度,非營利
N15,新月,111,教保費收入 = 收費 × 人數,收費明細申報之每生全學年度收費 × 財報附註一所載實際招收人數，應等於收支餘絀表之教保費收入決算數。此對應經 110 學年度 28 份報告實測，中位比值 1.0004、27/28 落在 ±4% 內，故偏離可視為三個數字之一有誤。,,111 學年度查無非營利園收費明細（鏡像自 111 學年度起全市 0 檔，109／110 分別為 23／31 檔）——資料不足，非該園未申報,medium,收支餘絀表（教保費收入）／財報附註一（實際招收人數）／收費明細（全學期總收費）,學年度,非營利
N15,新月,111,核定人數 財報=登記,財報附註一所載核定招收總人數，應與全國教保資訊網登記之核定招收人數相符。核定人數同時是收費、補助、師生比與樓地板面積的分母，任一系統記載不同，所有以它為基礎的計算都會跟著錯。,False,"財報 182 人，登記 484 人，差 +302 人（容差 20 人）。請確認哪一邊是現行核定數，以及以另一邊為基礎核算之收費與補助是否需更正。　旁證：登記室內面積 4,170.5 ㎡，除以登記核定為 8.6 ㎡/人、除以財報核定為 22.9 ㎡/人（室內活動室法定下限 2.5 ㎡/人；主檔面積為全園室內面積，範圍較寬）",high,財報附註一（核定招收人數）／園所基本資料（count_approved）,學年度,非營利
N15,新月,111,師生比貼齊法定上限,財報附註一之實際招收人數 ÷ 教保服務人員數。幼兒教育及照顧法就 3 歲以上幼兒之配置上限為每 15 名 1 人（2 歲專班更嚴）。全體 132 份報告最大值恰為 15，無一超過，故本檢核標示的是已貼齊上限、任一人請假即無緩衝的情形。,True,182 名幼兒 ÷ 17 位 = 10.71（上限 15）,medium,財報附註一（實際招收人數、教保服務人員數）,學年度,非營利
N15,新月,111,隱含收費年額 同儕偏離,教保費收入決算數 ÷ 實際招收人數，即財報反推之每名幼兒年度營運成本（含政府差額補助）。111 學年度起收費明細不在公開資料中，這是唯一可用的收費代理量，故僅能與同年度同類型同儕比較，不設絕對門檻。,True,"每生教保費收入 115,985.681 元/生（同年度中位 111,778.059 元/生，穩健 z=+0.42）",medium,收支餘絀表（教保費收入）／財報附註一（實際招收人數）／同年度非營利園同儕,學年度,非營利
N15,新月,111,家長月均實繳 ≤ 登記月費,附註三「收支明細表 1. 教保費收入」之「教保費收入（家長繳費）」÷ 實際招收人數 ÷ 12 個月，與園所基本資料登記之每月收費比較。第二胎以上、低收入戶與身心障礙幼兒依規定減免，所以**平均值本應低於登記月費**；高於登記月費比低於更難解釋。,True,"家長繳費 3,192,714 ÷ 182 人 ÷ 12 月 = 每月 1,462，登記月費 2,000",medium,財報附註三（教保費收入－家長繳費）／財報附註一（實際招收人數）／園所基本資料（每月收費）,學年度,非營利
N15,新月,111,家長分攤比率 同儕偏離,家長繳費 ÷（家長繳費 + 政府學費差額補助）。非營利園是成本分攤制，分攤比率由核定之營運成本與家長收費數額共同決定，同一年度同一制度下應相近。全市中位數自 110 學年度 0.209 降至 113 學年度 0.113（政府端承擔上升），故僅與同年度同儕比較，不設絕對門檻。,True,家長分攤比率 0.151（同年度中位 0.153，穩健 z=-0.05）,medium,財報附註三（教保費收入－家長繳費／政府學費差額補助）／同年度非營利園同儕,學年度,非營利
N15,新月,112,教保費收入 = 收費 × 人數,收費明細申報之每生全學年度收費 × 財報附註一所載實際招收人數，應等於收支餘絀表之教保費收入決算數。此對應經 110 學年度 28 份報告實測，中位比值 1.0004、27/28 落在 ±4% 內，故偏離可視為三個數字之一有誤。,,112 學年度查無非營利園收費明細（鏡像自 111 學年度起全市 0 檔，109／110 分別為 23／31 檔）——資料不足，非該園未申報,medium,收支餘絀表（教保費收入）／財報附註一（實際招收人數）／收費明細（全學期總收費）,學年度,非營利
N15,新月,112,核定人數 財報=登記,財報附註一所載核定招收總人數，應與全國教保資訊網登記之核定招收人數相符。核定人數同時是收費、補助、師生比與樓地板面積的分母，任一系統記載不同，所有以它為基礎的計算都會跟著錯。,False,"財報 176 人，登記 484 人，差 +308 人（容差 20 人）。請確認哪一邊是現行核定數，以及以另一邊為基礎核算之收費與補助是否需更正。　旁證：登記室內面積 4,170.5 ㎡，除以登記核定為 8.6 ㎡/人、除以財報核定為 23.7 ㎡/人（室內活動室法定下限 2.5 ㎡/人；主檔面積為全園室內面積，範圍較寬）",high,財報附註一（核定招收人數）／園所基本資料（count_approved）,學年度,非營利
N15,新月,112,師生比貼齊法定上限,財報附註一之實際招收人數 ÷ 教保服務人員數。幼兒教育及照顧法就 3 歲以上幼兒之配置上限為每 15 名 1 人（2 歲專班更嚴）。全體 132 份報告最大值恰為 15，無一超過，故本檢核標示的是已貼齊上限、任一人請假即無緩衝的情形。,True,176 名幼兒 ÷ 19 位 = 9.26（上限 15）,medium,財報附註一（實際招收人數、教保服務人員數）,學年度,非營利
N15,新月,112,隱含收費年額 同儕偏離,教保費收入決算數 ÷ 實際招收人數，即財報反推之每名幼兒年度營運成本（含政府差額補助）。111 學年度起收費明細不在公開資料中，這是唯一可用的收費代理量，故僅能與同年度同類型同儕比較，不設絕對門檻。,True,"每生教保費收入 131,963.591 元/生（同年度中位 116,550.739 元/生，穩健 z=+1.44）",medium,收支餘絀表（教保費收入）／財報附註一（實際招收人數）／同年度非營利園同儕,學年度,非營利
N15,新月,112,家長月均實繳 ≤ 登記月費,附註三「收支明細表 1. 教保費收入」之「教保費收入（家長繳費）」÷ 實際招收人數 ÷ 12 個月，與園所基本資料登記之每月收費比較。第二胎以上、低收入戶與身心障礙幼兒依規定減免，所以**平均值本應低於登記月費**；高於登記月費比低於更難解釋。,True,"家長繳費 2,823,000 ÷ 176 人 ÷ 12 月 = 每月 1,337，登記月費 2,000",medium,財報附註三（教保費收入－家長繳費）／財報附註一（實際招收人數）／園所基本資料（每月收費）,學年度,非營利
N15,新月,112,家長分攤比率 同儕偏離,家長繳費 ÷（家長繳費 + 政府學費差額補助）。非營利園是成本分攤制，分攤比率由核定之營運成本與家長收費數額共同決定，同一年度同一制度下應相近。全市中位數自 110 學年度 0.209 降至 113 學年度 0.113（政府端承擔上升），故僅與同年度同儕比較，不設絕對門檻。,True,家長分攤比率 0.122（同年度中位 0.146，穩健 z=-1.03）,medium,財報附註三（教保費收入－家長繳費／政府學費差額補助）／同年度非營利園同儕,學年度,非營利
N15,新月,113,教保費收入 = 收費 × 人數,收費明細申報之每生全學年度收費 × 財報附註一所載實際招收人數，應等於收支餘絀表之教保費收入決算數。此對應經 110 學年度 28 份報告實測，中位比值 1.0004、27/28 落在 ±4% 內，故偏離可視為三個數字之一有誤。,,113 學年度查無非營利園收費明細（鏡像自 111 學年度起全市 0 檔，109／110 分別為 23／31 檔）——資料不足，非該園未申報,medium,收支餘絀表（教保費收入）／財報附註一（實際招收人數）／收費明細（全學期總收費）,學年度,非營利
N15,新月,113,核定人數 財報=登記,財報附註一所載核定招收總人數，應與全國教保資訊網登記之核定招收人數相符。核定人數同時是收費、補助、師生比與樓地板面積的分母，任一系統記載不同，所有以它為基礎的計算都會跟著錯。,False,"財報 176 人，登記 484 人，差 +308 人（容差 20 人）。請確認哪一邊是現行核定數，以及以另一邊為基礎核算之收費與補助是否需更正。　旁證：登記室內面積 4,170.5 ㎡，除以登記核定為 8.6 ㎡/人、除以財報核定為 23.7 ㎡/人（室內活動室法定下限 2.5 ㎡/人；主檔面積為全園室內面積，範圍較寬）",high,財報附註一（核定招收人數）／園所基本資料（count_approved）,學年度,非營利
N15,新月,113,師生比貼齊法定上限,財報附註一之實際招收人數 ÷ 教保服務人員數。幼兒教育及照顧法就 3 歲以上幼兒之配置上限為每 15 名 1 人（2 歲專班更嚴）。全體 132 份報告最大值恰為 15，無一超過，故本檢核標示的是已貼齊上限、任一人請假即無緩衝的情形。,True,174 名幼兒 ÷ 19 位 = 9.16（上限 15）,medium,財報附註一（實際招收人數、教保服務人員數）,學年度,非營利
N15,新月,113,隱含收費年額 同儕偏離,教保費收入決算數 ÷ 實際招收人數，即財報反推之每名幼兒年度營運成本（含政府差額補助）。111 學年度起收費明細不在公開資料中，這是唯一可用的收費代理量，故僅能與同年度同類型同儕比較，不設絕對門檻。,True,"每生教保費收入 133,455.523 元/生（同年度中位 138,439.024 元/生，穩健 z=-0.26）",medium,收支餘絀表（教保費收入）／財報附註一（實際招收人數）／同年度非營利園同儕,學年度,非營利
N15,新月,113,家長月均實繳 ≤ 登記月費,附註三「收支明細表 1. 教保費收入」之「教保費收入（家長繳費）」÷ 實際招收人數 ÷ 12 個月，與園所基本資料登記之每月收費比較。第二胎以上、低收入戶與身心障礙幼兒依規定減免，所以**平均值本應低於登記月費**；高於登記月費比低於更難解釋。,True,"家長繳費 2,561,261 ÷ 174 人 ÷ 12 月 = 每月 1,227，登記月費 2,000",medium,財報附註三（教保費收入－家長繳費）／財報附註一（實際招收人數）／園所基本資料（每月收費）,學年度,非營利
N15,新月,113,家長分攤比率 同儕偏離,家長繳費 ÷（家長繳費 + 政府學費差額補助）。非營利園是成本分攤制，分攤比率由核定之營運成本與家長收費數額共同決定，同一年度同一制度下應相近。全市中位數自 110 學年度 0.209 降至 113 學年度 0.113（政府端承擔上升），故僅與同年度同儕比較，不設絕對門檻。,True,家長分攤比率 0.110（同年度中位 0.113，穩健 z=-0.14）,medium,財報附註三（教保費收入－家長繳費／政府學費差額補助）／同年度非營利園同儕,學年度,非營利
N16,中平,110,教保費收入 = 收費 × 人數,收費明細申報之每生全學年度收費 × 財報附註一所載實際招收人數，應等於收支餘絀表之教保費收入決算數。此對應經 110 學年度 28 份報告實測，中位比值 1.0004、27/28 落在 ±4% 內，故偏離可視為三個數字之一有誤。,True,"教保費收入 11,021,571 ÷ 實際招收 120 人 = 每生 91,846，申報收費年額 91,836，比值 1.000",medium,收支餘絀表（教保費收入）／財報附註一（實際招收人數）／收費明細（全學期總收費）,學年度,非營利
N16,中平,110,核定人數 財報=登記,財報附註一所載核定招收總人數，應與全國教保資訊網登記之核定招收人數相符。核定人數同時是收費、補助、師生比與樓地板面積的分母，任一系統記載不同，所有以它為基礎的計算都會跟著錯。,True,財報 120 人，登記 120 人，差 +0 人,medium,財報附註一（核定招收人數）／園所基本資料（count_approved）,學年度,非營利
N16,中平,110,師生比貼齊法定上限,財報附註一之實際招收人數 ÷ 教保服務人員數。幼兒教育及照顧法就 3 歲以上幼兒之配置上限為每 15 名 1 人（2 歲專班更嚴）。全體 132 份報告最大值恰為 15，無一超過，故本檢核標示的是已貼齊上限、任一人請假即無緩衝的情形。,True,120 名幼兒 ÷ 10 位 = 12.00（上限 15）,medium,財報附註一（實際招收人數、教保服務人員數）,學年度,非營利
N16,中平,110,隱含收費年額 同儕偏離,教保費收入決算數 ÷ 實際招收人數，即財報反推之每名幼兒年度營運成本（含政府差額補助）。111 學年度起收費明細不在公開資料中，這是唯一可用的收費代理量，故僅能與同年度同類型同儕比較，不設絕對門檻。,True,"每生教保費收入 91,846.425 元/生（同年度中位 102,287.449 元/生，穩健 z=-1.00）",medium,收支餘絀表（教保費收入）／財報附註一（實際招收人數）／同年度非營利園同儕,學年度,非營利
N16,中平,110,家長月均實繳 ≤ 登記月費,附註三「收支明細表 1. 教保費收入」之「教保費收入（家長繳費）」÷ 實際招收人數 ÷ 12 個月，與園所基本資料登記之每月收費比較。第二胎以上、低收入戶與身心障礙幼兒依規定減免，所以**平均值本應低於登記月費**；高於登記月費比低於更難解釋。,True,"家長繳費 2,866,750 ÷ 120 人 ÷ 12 月 = 每月 1,991，登記月費 2,000",medium,財報附註三（教保費收入－家長繳費）／財報附註一（實際招收人數）／園所基本資料（每月收費）,學年度,非營利
N16,中平,110,家長分攤比率 同儕偏離,家長繳費 ÷（家長繳費 + 政府學費差額補助）。非營利園是成本分攤制，分攤比率由核定之營運成本與家長收費數額共同決定，同一年度同一制度下應相近。全市中位數自 110 學年度 0.209 降至 113 學年度 0.113（政府端承擔上升），故僅與同年度同儕比較，不設絕對門檻。,False,"家長分攤比率 0.260（同年度中位 0.209，穩健 z=+2.32），偏高（家長 2,866,750、政府 8,154,821）。請確認該學年度核定之營運成本分攤數與家長收費數額，以及減免人數結構是否足以解釋差異",medium,財報附註三（教保費收入－家長繳費／政府學費差額補助）／同年度非營利園同儕,學年度,非營利
N16,中平,111,教保費收入 = 收費 × 人數,收費明細申報之每生全學年度收費 × 財報附註一所載實際招收人數，應等於收支餘絀表之教保費收入決算數。此對應經 110 學年度 28 份報告實測，中位比值 1.0004、27/28 落在 ±4% 內，故偏離可視為三個數字之一有誤。,,111 學年度查無非營利園收費明細（鏡像自 111 學年度起全市 0 檔，109／110 分別為 23／31 檔）——資料不足，非該園未申報,medium,收支餘絀表（教保費收入）／財報附註一（實際招收人數）／收費明細（全學期總收費）,學年度,非營利
N16,中平,111,核定人數 財報=登記,財報附註一所載核定招收總人數，應與全國教保資訊網登記之核定招收人數相符。核定人數同時是收費、補助、師生比與樓地板面積的分母，任一系統記載不同，所有以它為基礎的計算都會跟著錯。,True,財報 120 人，登記 120 人，差 +0 人,medium,財報附註一（核定招收人數）／園所基本資料（count_approved）,學年度,非營利
N16,中平,111,師生比貼齊法定上限,財報附註一之實際招收人數 ÷ 教保服務人員數。幼兒教育及照顧法就 3 歲以上幼兒之配置上限為每 15 名 1 人（2 歲專班更嚴）。全體 132 份報告最大值恰為 15，無一超過，故本檢核標示的是已貼齊上限、任一人請假即無緩衝的情形。,True,120 名幼兒 ÷ 10 位 = 12.00（上限 15）,medium,財報附註一（實際招收人數、教保服務人員數）,學年度,非營利
N16,中平,111,隱含收費年額 同儕偏離,教保費收入決算數 ÷ 實際招收人數，即財報反推之每名幼兒年度營運成本（含政府差額補助）。111 學年度起收費明細不在公開資料中，這是唯一可用的收費代理量，故僅能與同年度同類型同儕比較，不設絕對門檻。,True,"每生教保費收入 105,400.258 元/生（同年度中位 111,778.059 元/生，穩健 z=-0.63）",medium,收支餘絀表（教保費收入）／財報附註一（實際招收人數）／同年度非營利園同儕,學年度,非營利
N16,中平,111,家長月均實繳 ≤ 登記月費,附註三「收支明細表 1. 教保費收入」之「教保費收入（家長繳費）」÷ 實際招收人數 ÷ 12 個月，與園所基本資料登記之每月收費比較。第二胎以上、低收入戶與身心障礙幼兒依規定減免，所以**平均值本應低於登記月費**；高於登記月費比低於更難解釋。,True,"家長繳費 2,172,000 ÷ 120 人 ÷ 12 月 = 每月 1,508，登記月費 2,000",medium,財報附註三（教保費收入－家長繳費）／財報附註一（實際招收人數）／園所基本資料（每月收費）,學年度,非營利
N16,中平,111,家長分攤比率 同儕偏離,家長繳費 ÷（家長繳費 + 政府學費差額補助）。非營利園是成本分攤制，分攤比率由核定之營運成本與家長收費數額共同決定，同一年度同一制度下應相近。全市中位數自 110 學年度 0.209 降至 113 學年度 0.113（政府端承擔上升），故僅與同年度同儕比較，不設絕對門檻。,True,家長分攤比率 0.172（同年度中位 0.153，穩健 z=+0.76）,medium,財報附註三（教保費收入－家長繳費／政府學費差額補助）／同年度非營利園同儕,學年度,非營利
N16,中平,112,教保費收入 = 收費 × 人數,收費明細申報之每生全學年度收費 × 財報附註一所載實際招收人數，應等於收支餘絀表之教保費收入決算數。此對應經 110 學年度 28 份報告實測，中位比值 1.0004、27/28 落在 ±4% 內，故偏離可視為三個數字之一有誤。,,112 學年度查無非營利園收費明細（鏡像自 111 學年度起全市 0 檔，109／110 分別為 23／31 檔）——資料不足，非該園未申報,medium,收支餘絀表（教保費收入）／財報附註一（實際招收人數）／收費明細（全學期總收費）,學年度,非營利
N16,中平,112,核定人數 財報=登記,財報附註一所載核定招收總人數，應與全國教保資訊網登記之核定招收人數相符。核定人數同時是收費、補助、師生比與樓地板面積的分母，任一系統記載不同，所有以它為基礎的計算都會跟著錯。,True,財報 120 人，登記 120 人，差 +0 人,medium,財報附註一（核定招收人數）／園所基本資料（count_approved）,學年度,非營利
N16,中平,112,師生比貼齊法定上限,財報附註一之實際招收人數 ÷ 教保服務人員數。幼兒教育及照顧法就 3 歲以上幼兒之配置上限為每 15 名 1 人（2 歲專班更嚴）。全體 132 份報告最大值恰為 15，無一超過，故本檢核標示的是已貼齊上限、任一人請假即無緩衝的情形。,True,120 名幼兒 ÷ 10 位 = 12.00（上限 15）,medium,財報附註一（實際招收人數、教保服務人員數）,學年度,非營利
N16,中平,112,隱含收費年額 同儕偏離,教保費收入決算數 ÷ 實際招收人數，即財報反推之每名幼兒年度營運成本（含政府差額補助）。111 學年度起收費明細不在公開資料中，這是唯一可用的收費代理量，故僅能與同年度同類型同儕比較，不設絕對門檻。,True,"每生教保費收入 105,436.883 元/生（同年度中位 116,550.739 元/生，穩健 z=-1.04）",medium,收支餘絀表（教保費收入）／財報附註一（實際招收人數）／同年度非營利園同儕,學年度,非營利
N16,中平,112,家長月均實繳 ≤ 登記月費,附註三「收支明細表 1. 教保費收入」之「教保費收入（家長繳費）」÷ 實際招收人數 ÷ 12 個月，與園所基本資料登記之每月收費比較。第二胎以上、低收入戶與身心障礙幼兒依規定減免，所以**平均值本應低於登記月費**；高於登記月費比低於更難解釋。,True,"家長繳費 2,160,000 ÷ 120 人 ÷ 12 月 = 每月 1,500，登記月費 2,000",medium,財報附註三（教保費收入－家長繳費）／財報附註一（實際招收人數）／園所基本資料（每月收費）,學年度,非營利
N16,中平,112,家長分攤比率 同儕偏離,家長繳費 ÷（家長繳費 + 政府學費差額補助）。非營利園是成本分攤制，分攤比率由核定之營運成本與家長收費數額共同決定，同一年度同一制度下應相近。全市中位數自 110 學年度 0.209 降至 113 學年度 0.113（政府端承擔上升），故僅與同年度同儕比較，不設絕對門檻。,True,家長分攤比率 0.171（同年度中位 0.146，穩健 z=+1.04）,medium,財報附註三（教保費收入－家長繳費／政府學費差額補助）／同年度非營利園同儕,學年度,非營利
N16,中平,113,教保費收入 = 收費 × 人數,收費明細申報之每生全學年度收費 × 財報附註一所載實際招收人數，應等於收支餘絀表之教保費收入決算數。此對應經 110 學年度 28 份報告實測，中位比值 1.0004、27/28 落在 ±4% 內，故偏離可視為三個數字之一有誤。,,113 學年度查無非營利園收費明細（鏡像自 111 學年度起全市 0 檔，109／110 分別為 23／31 檔）——資料不足，非該園未申報,medium,收支餘絀表（教保費收入）／財報附註一（實際招收人數）／收費明細（全學期總收費）,學年度,非營利
N16,中平,113,核定人數 財報=登記,財報附註一所載核定招收總人數，應與全國教保資訊網登記之核定招收人數相符。核定人數同時是收費、補助、師生比與樓地板面積的分母，任一系統記載不同，所有以它為基礎的計算都會跟著錯。,True,財報 112 人，登記 120 人，差 +8 人,medium,財報附註一（核定招收人數）／園所基本資料（count_approved）,學年度,非營利
N16,中平,113,師生比貼齊法定上限,財報附註一之實際招收人數 ÷ 教保服務人員數。幼兒教育及照顧法就 3 歲以上幼兒之配置上限為每 15 名 1 人（2 歲專班更嚴）。全體 132 份報告最大值恰為 15，無一超過，故本檢核標示的是已貼齊上限、任一人請假即無緩衝的情形。,True,112 名幼兒 ÷ 10 位 = 11.20（上限 15）,medium,財報附註一（實際招收人數、教保服務人員數）,學年度,非營利
N16,中平,113,隱含收費年額 同儕偏離,教保費收入決算數 ÷ 實際招收人數，即財報反推之每名幼兒年度營運成本（含政府差額補助）。111 學年度起收費明細不在公開資料中，這是唯一可用的收費代理量，故僅能與同年度同類型同儕比較，不設絕對門檻。,True,"每生教保費收入 125,289.589 元/生（同年度中位 138,439.024 元/生，穩健 z=-0.69）",medium,收支餘絀表（教保費收入）／財報附註一（實際招收人數）／同年度非營利園同儕,學年度,非營利
N16,中平,113,家長月均實繳 ≤ 登記月費,附註三「收支明細表 1. 教保費收入」之「教保費收入（家長繳費）」÷ 實際招收人數 ÷ 12 個月，與園所基本資料登記之每月收費比較。第二胎以上、低收入戶與身心障礙幼兒依規定減免，所以**平均值本應低於登記月費**；高於登記月費比低於更難解釋。,True,"家長繳費 1,932,000 ÷ 112 人 ÷ 12 月 = 每月 1,438，登記月費 2,000",medium,財報附註三（教保費收入－家長繳費）／財報附註一（實際招收人數）／園所基本資料（每月收費）,學年度,非營利
N16,中平,113,家長分攤比率 同儕偏離,家長繳費 ÷（家長繳費 + 政府學費差額補助）。非營利園是成本分攤制，分攤比率由核定之營運成本與家長收費數額共同決定，同一年度同一制度下應相近。全市中位數自 110 學年度 0.209 降至 113 學年度 0.113（政府端承擔上升），故僅與同年度同儕比較，不設絕對門檻。,True,家長分攤比率 0.138（同年度中位 0.113，穩健 z=+1.10）,medium,財報附註三（教保費收入－家長繳費／政府學費差額補助）／同年度非營利園同儕,學年度,非營利
N17,中正,110,教保費收入 = 收費 × 人數,收費明細申報之每生全學年度收費 × 財報附註一所載實際招收人數，應等於收支餘絀表之教保費收入決算數。此對應經 110 學年度 28 份報告實測，中位比值 1.0004、27/28 落在 ±4% 內，故偏離可視為三個數字之一有誤。,True,"教保費收入 6,531,154 ÷ 實際招收 60 人 = 每生 108,853，申報收費年額 109,308，比值 0.996",medium,收支餘絀表（教保費收入）／財報附註一（實際招收人數）／收費明細（全學期總收費）,學年度,非營利
N17,中正,110,核定人數 財報=登記,財報附註一所載核定招收總人數，應與全國教保資訊網登記之核定招收人數相符。核定人數同時是收費、補助、師生比與樓地板面積的分母，任一系統記載不同，所有以它為基礎的計算都會跟著錯。,False,財報 60 人，登記 136 人，差 +76 人（容差 20 人）。請確認哪一邊是現行核定數，以及以另一邊為基礎核算之收費與補助是否需更正。　旁證：登記室內面積 587.4 ㎡，除以登記核定為 4.3 ㎡/人、除以財報核定為 9.8 ㎡/人（室內活動室法定下限 2.5 ㎡/人；主檔面積為全園室內面積，範圍較寬）,medium,財報附註一（核定招收人數）／園所基本資料（count_approved）,學年度,非營利
N17,中正,110,師生比貼齊法定上限,財報附註一之實際招收人數 ÷ 教保服務人員數。幼兒教育及照顧法就 3 歲以上幼兒之配置上限為每 15 名 1 人（2 歲專班更嚴）。全體 132 份報告最大值恰為 15，無一超過，故本檢核標示的是已貼齊上限、任一人請假即無緩衝的情形。,True,60 名幼兒 ÷ 6 位 = 10.00（上限 15）,medium,財報附註一（實際招收人數、教保服務人員數）,學年度,非營利
N17,中正,110,隱含收費年額 同儕偏離,教保費收入決算數 ÷ 實際招收人數，即財報反推之每名幼兒年度營運成本（含政府差額補助）。111 學年度起收費明細不在公開資料中，這是唯一可用的收費代理量，故僅能與同年度同類型同儕比較，不設絕對門檻。,True,"每生教保費收入 108,852.567 元/生（同年度中位 102,287.449 元/生，穩健 z=+0.63）",medium,收支餘絀表（教保費收入）／財報附註一（實際招收人數）／同年度非營利園同儕,學年度,非營利
N17,中正,110,家長月均實繳 ≤ 登記月費,附註三「收支明細表 1. 教保費收入」之「教保費收入（家長繳費）」÷ 實際招收人數 ÷ 12 個月，與園所基本資料登記之每月收費比較。第二胎以上、低收入戶與身心障礙幼兒依規定減免，所以**平均值本應低於登記月費**；高於登記月費比低於更難解釋。,True,"家長繳費 1,320,500 ÷ 60 人 ÷ 12 月 = 每月 1,834，登記月費 2,000",medium,財報附註三（教保費收入－家長繳費）／財報附註一（實際招收人數）／園所基本資料（每月收費）,學年度,非營利
N17,中正,110,家長分攤比率 同儕偏離,家長繳費 ÷（家長繳費 + 政府學費差額補助）。非營利園是成本分攤制，分攤比率由核定之營運成本與家長收費數額共同決定，同一年度同一制度下應相近。全市中位數自 110 學年度 0.209 降至 113 學年度 0.113（政府端承擔上升），故僅與同年度同儕比較，不設絕對門檻。,True,家長分攤比率 0.202（同年度中位 0.209，穩健 z=-0.33）,medium,財報附註三（教保費收入－家長繳費／政府學費差額補助）／同年度非營利園同儕,學年度,非營利
N17,中正,111,教保費收入 = 收費 × 人數,收費明細申報之每生全學年度收費 × 財報附註一所載實際招收人數，應等於收支餘絀表之教保費收入決算數。此對應經 110 學年度 28 份報告實測，中位比值 1.0004、27/28 落在 ±4% 內，故偏離可視為三個數字之一有誤。,,111 學年度查無非營利園收費明細（鏡像自 111 學年度起全市 0 檔，109／110 分別為 23／31 檔）——資料不足，非該園未申報,medium,收支餘絀表（教保費收入）／財報附註一（實際招收人數）／收費明細（全學期總收費）,學年度,非營利
N17,中正,111,核定人數 財報=登記,財報附註一所載核定招收總人數，應與全國教保資訊網登記之核定招收人數相符。核定人數同時是收費、補助、師生比與樓地板面積的分母，任一系統記載不同，所有以它為基礎的計算都會跟著錯。,True,財報 136 人，登記 136 人，差 +0 人,medium,財報附註一（核定招收人數）／園所基本資料（count_approved）,學年度,非營利
N17,中正,111,師生比貼齊法定上限,財報附註一之實際招收人數 ÷ 教保服務人員數。幼兒教育及照顧法就 3 歲以上幼兒之配置上限為每 15 名 1 人（2 歲專班更嚴）。全體 132 份報告最大值恰為 15，無一超過，故本檢核標示的是已貼齊上限、任一人請假即無緩衝的情形。,True,136 名幼兒 ÷ 11 位 = 12.36（上限 15）,medium,財報附註一（實際招收人數、教保服務人員數）,學年度,非營利
N17,中正,111,隱含收費年額 同儕偏離,教保費收入決算數 ÷ 實際招收人數，即財報反推之每名幼兒年度營運成本（含政府差額補助）。111 學年度起收費明細不在公開資料中，這是唯一可用的收費代理量，故僅能與同年度同類型同儕比較，不設絕對門檻。,True,"每生教保費收入 111,778.059 元/生（同年度中位 111,778.059 元/生，穩健 z=+0.00）",medium,收支餘絀表（教保費收入）／財報附註一（實際招收人數）／同年度非營利園同儕,學年度,非營利
N17,中正,111,家長月均實繳 ≤ 登記月費,附註三「收支明細表 1. 教保費收入」之「教保費收入（家長繳費）」÷ 實際招收人數 ÷ 12 個月，與園所基本資料登記之每月收費比較。第二胎以上、低收入戶與身心障礙幼兒依規定減免，所以**平均值本應低於登記月費**；高於登記月費比低於更難解釋。,,缺附註三家長繳費、實際招收人數或登記每月收費,medium,財報附註三（教保費收入－家長繳費）／財報附註一（實際招收人數）／園所基本資料（每月收費）,學年度,非營利
N17,中正,111,家長分攤比率 同儕偏離,家長繳費 ÷（家長繳費 + 政府學費差額補助）。非營利園是成本分攤制，分攤比率由核定之營運成本與家長收費數額共同決定，同一年度同一制度下應相近。全市中位數自 110 學年度 0.209 降至 113 學年度 0.113（政府端承擔上升），故僅與同年度同儕比較，不設絕對門檻。,,本份報告未抽到附註三之教保費收入拆分,medium,財報附註三（教保費收入－家長繳費／政府學費差額補助）／同年度非營利園同儕,學年度,非營利
N17,中正,112,教保費收入 = 收費 × 人數,收費明細申報之每生全學年度收費 × 財報附註一所載實際招收人數，應等於收支餘絀表之教保費收入決算數。此對應經 110 學年度 28 份報告實測，中位比值 1.0004、27/28 落在 ±4% 內，故偏離可視為三個數字之一有誤。,,112 學年度查無非營利園收費明細（鏡像自 111 學年度起全市 0 檔，109／110 分別為 23／31 檔）——資料不足，非該園未申報,medium,收支餘絀表（教保費收入）／財報附註一（實際招收人數）／收費明細（全學期總收費）,學年度,非營利
N17,中正,112,核定人數 財報=登記,財報附註一所載核定招收總人數，應與全國教保資訊網登記之核定招收人數相符。核定人數同時是收費、補助、師生比與樓地板面積的分母，任一系統記載不同，所有以它為基礎的計算都會跟著錯。,True,財報 136 人，登記 136 人，差 +0 人,medium,財報附註一（核定招收人數）／園所基本資料（count_approved）,學年度,非營利
N17,中正,112,師生比貼齊法定上限,財報附註一之實際招收人數 ÷ 教保服務人員數。幼兒教育及照顧法就 3 歲以上幼兒之配置上限為每 15 名 1 人（2 歲專班更嚴）。全體 132 份報告最大值恰為 15，無一超過，故本檢核標示的是已貼齊上限、任一人請假即無緩衝的情形。,True,131 名幼兒 ÷ 12 位 = 10.92（上限 15）,medium,財報附註一（實際招收人數、教保服務人員數）,學年度,非營利
N17,中正,112,隱含收費年額 同儕偏離,教保費收入決算數 ÷ 實際招收人數，即財報反推之每名幼兒年度營運成本（含政府差額補助）。111 學年度起收費明細不在公開資料中，這是唯一可用的收費代理量，故僅能與同年度同類型同儕比較，不設絕對門檻。,True,"每生教保費收入 120,600.977 元/生（同年度中位 116,550.739 元/生，穩健 z=+0.38）",medium,收支餘絀表（教保費收入）／財報附註一（實際招收人數）／同年度非營利園同儕,學年度,非營利
N17,中正,112,家長月均實繳 ≤ 登記月費,附註三「收支明細表 1. 教保費收入」之「教保費收入（家長繳費）」÷ 實際招收人數 ÷ 12 個月，與園所基本資料登記之每月收費比較。第二胎以上、低收入戶與身心障礙幼兒依規定減免，所以**平均值本應低於登記月費**；高於登記月費比低於更難解釋。,True,"家長繳費 2,365,008 ÷ 131 人 ÷ 12 月 = 每月 1,504，登記月費 2,000",medium,財報附註三（教保費收入－家長繳費）／財報附註一（實際招收人數）／園所基本資料（每月收費）,學年度,非營利
N17,中正,112,家長分攤比率 同儕偏離,家長繳費 ÷（家長繳費 + 政府學費差額補助）。非營利園是成本分攤制，分攤比率由核定之營運成本與家長收費數額共同決定，同一年度同一制度下應相近。全市中位數自 110 學年度 0.209 降至 113 學年度 0.113（政府端承擔上升），故僅與同年度同儕比較，不設絕對門檻。,True,家長分攤比率 0.150（同年度中位 0.146，穩健 z=+0.15）,medium,財報附註三（教保費收入－家長繳費／政府學費差額補助）／同年度非營利園同儕,學年度,非營利
N17,中正,113,教保費收入 = 收費 × 人數,收費明細申報之每生全學年度收費 × 財報附註一所載實際招收人數，應等於收支餘絀表之教保費收入決算數。此對應經 110 學年度 28 份報告實測，中位比值 1.0004、27/28 落在 ±4% 內，故偏離可視為三個數字之一有誤。,,113 學年度查無非營利園收費明細（鏡像自 111 學年度起全市 0 檔，109／110 分別為 23／31 檔）——資料不足，非該園未申報,medium,收支餘絀表（教保費收入）／財報附註一（實際招收人數）／收費明細（全學期總收費）,學年度,非營利
N17,中正,113,核定人數 財報=登記,財報附註一所載核定招收總人數，應與全國教保資訊網登記之核定招收人數相符。核定人數同時是收費、補助、師生比與樓地板面積的分母，任一系統記載不同，所有以它為基礎的計算都會跟著錯。,True,財報 120 人，登記 136 人，差 +16 人,medium,財報附註一（核定招收人數）／園所基本資料（count_approved）,學年度,非營利
N17,中正,113,師生比貼齊法定上限,財報附註一之實際招收人數 ÷ 教保服務人員數。幼兒教育及照顧法就 3 歲以上幼兒之配置上限為每 15 名 1 人（2 歲專班更嚴）。全體 132 份報告最大值恰為 15，無一超過，故本檢核標示的是已貼齊上限、任一人請假即無緩衝的情形。,True,112 名幼兒 ÷ 12 位 = 9.33（上限 15）,medium,財報附註一（實際招收人數、教保服務人員數）,學年度,非營利
N17,中正,113,隱含收費年額 同儕偏離,教保費收入決算數 ÷ 實際招收人數，即財報反推之每名幼兒年度營運成本（含政府差額補助）。111 學年度起收費明細不在公開資料中，這是唯一可用的收費代理量，故僅能與同年度同類型同儕比較，不設絕對門檻。,True,"每生教保費收入 145,321.429 元/生（同年度中位 138,439.024 元/生，穩健 z=+0.36）",medium,收支餘絀表（教保費收入）／財報附註一（實際招收人數）／同年度非營利園同儕,學年度,非營利
N17,中正,113,家長月均實繳 ≤ 登記月費,附註三「收支明細表 1. 教保費收入」之「教保費收入（家長繳費）」÷ 實際招收人數 ÷ 12 個月，與園所基本資料登記之每月收費比較。第二胎以上、低收入戶與身心障礙幼兒依規定減免，所以**平均值本應低於登記月費**；高於登記月費比低於更難解釋。,True,"家長繳費 2,026,000 ÷ 112 人 ÷ 12 月 = 每月 1,507，登記月費 2,000",medium,財報附註三（教保費收入－家長繳費）／財報附註一（實際招收人數）／園所基本資料（每月收費）,學年度,非營利
N17,中正,113,家長分攤比率 同儕偏離,家長繳費 ÷（家長繳費 + 政府學費差額補助）。非營利園是成本分攤制，分攤比率由核定之營運成本與家長收費數額共同決定，同一年度同一制度下應相近。全市中位數自 110 學年度 0.209 降至 113 學年度 0.113（政府端承擔上升），故僅與同年度同儕比較，不設絕對門檻。,True,家長分攤比率 0.124（同年度中位 0.113，穩健 z=+0.50）,medium,財報附註三（教保費收入－家長繳費／政府學費差額補助）／同年度非營利園同儕,學年度,非營利
N18,福營,110,教保費收入 = 收費 × 人數,收費明細申報之每生全學年度收費 × 財報附註一所載實際招收人數，應等於收支餘絀表之教保費收入決算數。此對應經 110 學年度 28 份報告實測，中位比值 1.0004、27/28 落在 ±4% 內，故偏離可視為三個數字之一有誤。,True,"教保費收入 9,103,583 ÷ 實際招收 89 人 = 每生 102,287，申報收費年額 101,316，比值 1.010",medium,收支餘絀表（教保費收入）／財報附註一（實際招收人數）／收費明細（全學期總收費）,學年度,非營利
N18,福營,110,核定人數 財報=登記,財報附註一所載核定招收總人數，應與全國教保資訊網登記之核定招收人數相符。核定人數同時是收費、補助、師生比與樓地板面積的分母，任一系統記載不同，所有以它為基礎的計算都會跟著錯。,False,財報 90 人，登記 120 人，差 +30 人（容差 20 人）。請確認哪一邊是現行核定數，以及以另一邊為基礎核算之收費與補助是否需更正。　旁證：登記室內面積 470.8 ㎡，除以登記核定為 3.9 ㎡/人、除以財報核定為 5.2 ㎡/人（室內活動室法定下限 2.5 ㎡/人；主檔面積為全園室內面積，範圍較寬）,medium,財報附註一（核定招收人數）／園所基本資料（count_approved）,學年度,非營利
N18,福營,110,師生比貼齊法定上限,財報附註一之實際招收人數 ÷ 教保服務人員數。幼兒教育及照顧法就 3 歲以上幼兒之配置上限為每 15 名 1 人（2 歲專班更嚴）。全體 132 份報告最大值恰為 15，無一超過，故本檢核標示的是已貼齊上限、任一人請假即無緩衝的情形。,True,89 名幼兒 ÷ 7 位 = 12.71（上限 15）,medium,財報附註一（實際招收人數、教保服務人員數）,學年度,非營利
N18,福營,110,隱含收費年額 同儕偏離,教保費收入決算數 ÷ 實際招收人數，即財報反推之每名幼兒年度營運成本（含政府差額補助）。111 學年度起收費明細不在公開資料中，這是唯一可用的收費代理量，故僅能與同年度同類型同儕比較，不設絕對門檻。,True,"每生教保費收入 102,287.449 元/生（同年度中位 102,287.449 元/生，穩健 z=+0.00）",medium,收支餘絀表（教保費收入）／財報附註一（實際招收人數）／同年度非營利園同儕,學年度,非營利
N18,福營,110,家長月均實繳 ≤ 登記月費,附註三「收支明細表 1. 教保費收入」之「教保費收入（家長繳費）」÷ 實際招收人數 ÷ 12 個月，與園所基本資料登記之每月收費比較。第二胎以上、低收入戶與身心障礙幼兒依規定減免，所以**平均值本應低於登記月費**；高於登記月費比低於更難解釋。,True,"家長繳費 1,914,000 ÷ 89 人 ÷ 12 月 = 每月 1,792，登記月費 2,000",medium,財報附註三（教保費收入－家長繳費）／財報附註一（實際招收人數）／園所基本資料（每月收費）,學年度,非營利
N18,福營,110,家長分攤比率 同儕偏離,家長繳費 ÷（家長繳費 + 政府學費差額補助）。非營利園是成本分攤制，分攤比率由核定之營運成本與家長收費數額共同決定，同一年度同一制度下應相近。全市中位數自 110 學年度 0.209 降至 113 學年度 0.113（政府端承擔上升），故僅與同年度同儕比較，不設絕對門檻。,True,家長分攤比率 0.210（同年度中位 0.209，穩健 z=+0.04）,medium,財報附註三（教保費收入－家長繳費／政府學費差額補助）／同年度非營利園同儕,學年度,非營利
N18,福營,111,教保費收入 = 收費 × 人數,收費明細申報之每生全學年度收費 × 財報附註一所載實際招收人數，應等於收支餘絀表之教保費收入決算數。此對應經 110 學年度 28 份報告實測，中位比值 1.0004、27/28 落在 ±4% 內，故偏離可視為三個數字之一有誤。,,111 學年度查無非營利園收費明細（鏡像自 111 學年度起全市 0 檔，109／110 分別為 23／31 檔）——資料不足，非該園未申報,medium,收支餘絀表（教保費收入）／財報附註一（實際招收人數）／收費明細（全學期總收費）,學年度,非營利
N18,福營,111,核定人數 財報=登記,財報附註一所載核定招收總人數，應與全國教保資訊網登記之核定招收人數相符。核定人數同時是收費、補助、師生比與樓地板面積的分母，任一系統記載不同，所有以它為基礎的計算都會跟著錯。,True,財報 120 人，登記 120 人，差 +0 人,medium,財報附註一（核定招收人數）／園所基本資料（count_approved）,學年度,非營利
N18,福營,111,師生比貼齊法定上限,財報附註一之實際招收人數 ÷ 教保服務人員數。幼兒教育及照顧法就 3 歲以上幼兒之配置上限為每 15 名 1 人（2 歲專班更嚴）。全體 132 份報告最大值恰為 15，無一超過，故本檢核標示的是已貼齊上限、任一人請假即無緩衝的情形。,True,120 名幼兒 ÷ 10 位 = 12.00（上限 15）,medium,財報附註一（實際招收人數、教保服務人員數）,學年度,非營利
N18,福營,111,隱含收費年額 同儕偏離,教保費收入決算數 ÷ 實際招收人數，即財報反推之每名幼兒年度營運成本（含政府差額補助）。111 學年度起收費明細不在公開資料中，這是唯一可用的收費代理量，故僅能與同年度同類型同儕比較，不設絕對門檻。,True,"每生教保費收入 105,178.758 元/生（同年度中位 111,778.059 元/生，穩健 z=-0.66）",medium,收支餘絀表（教保費收入）／財報附註一（實際招收人數）／同年度非營利園同儕,學年度,非營利
N18,福營,111,家長月均實繳 ≤ 登記月費,附註三「收支明細表 1. 教保費收入」之「教保費收入（家長繳費）」÷ 實際招收人數 ÷ 12 個月，與園所基本資料登記之每月收費比較。第二胎以上、低收入戶與身心障礙幼兒依規定減免，所以**平均值本應低於登記月費**；高於登記月費比低於更難解釋。,True,"家長繳費 2,080,000 ÷ 120 人 ÷ 12 月 = 每月 1,444，登記月費 2,000",medium,財報附註三（教保費收入－家長繳費）／財報附註一（實際招收人數）／園所基本資料（每月收費）,學年度,非營利
N18,福營,111,家長分攤比率 同儕偏離,家長繳費 ÷（家長繳費 + 政府學費差額補助）。非營利園是成本分攤制，分攤比率由核定之營運成本與家長收費數額共同決定，同一年度同一制度下應相近。全市中位數自 110 學年度 0.209 降至 113 學年度 0.113（政府端承擔上升），故僅與同年度同儕比較，不設絕對門檻。,True,家長分攤比率 0.165（同年度中位 0.153，穩健 z=+0.49）,medium,財報附註三（教保費收入－家長繳費／政府學費差額補助）／同年度非營利園同儕,學年度,非營利
N18,福營,112,教保費收入 = 收費 × 人數,收費明細申報之每生全學年度收費 × 財報附註一所載實際招收人數，應等於收支餘絀表之教保費收入決算數。此對應經 110 學年度 28 份報告實測，中位比值 1.0004、27/28 落在 ±4% 內，故偏離可視為三個數字之一有誤。,,112 學年度查無非營利園收費明細（鏡像自 111 學年度起全市 0 檔，109／110 分別為 23／31 檔）——資料不足，非該園未申報,medium,收支餘絀表（教保費收入）／財報附註一（實際招收人數）／收費明細（全學期總收費）,學年度,非營利
N18,福營,112,核定人數 財報=登記,財報附註一所載核定招收總人數，應與全國教保資訊網登記之核定招收人數相符。核定人數同時是收費、補助、師生比與樓地板面積的分母，任一系統記載不同，所有以它為基礎的計算都會跟著錯。,True,財報 120 人，登記 120 人，差 +0 人,medium,財報附註一（核定招收人數）／園所基本資料（count_approved）,學年度,非營利
N18,福營,112,師生比貼齊法定上限,財報附註一之實際招收人數 ÷ 教保服務人員數。幼兒教育及照顧法就 3 歲以上幼兒之配置上限為每 15 名 1 人（2 歲專班更嚴）。全體 132 份報告最大值恰為 15，無一超過，故本檢核標示的是已貼齊上限、任一人請假即無緩衝的情形。,True,118 名幼兒 ÷ 10 位 = 11.80（上限 15）,medium,財報附註一（實際招收人數、教保服務人員數）,學年度,非營利
N18,福營,112,隱含收費年額 同儕偏離,教保費收入決算數 ÷ 實際招收人數，即財報反推之每名幼兒年度營運成本（含政府差額補助）。111 學年度起收費明細不在公開資料中，這是唯一可用的收費代理量，故僅能與同年度同類型同儕比較，不設絕對門檻。,True,"每生教保費收入 107,116.966 元/生（同年度中位 116,550.739 元/生，穩健 z=-0.88）",medium,收支餘絀表（教保費收入）／財報附註一（實際招收人數）／同年度非營利園同儕,學年度,非營利
N18,福營,112,家長月均實繳 ≤ 登記月費,附註三「收支明細表 1. 教保費收入」之「教保費收入（家長繳費）」÷ 實際招收人數 ÷ 12 個月，與園所基本資料登記之每月收費比較。第二胎以上、低收入戶與身心障礙幼兒依規定減免，所以**平均值本應低於登記月費**；高於登記月費比低於更難解釋。,True,"家長繳費 1,994,250 ÷ 118 人 ÷ 12 月 = 每月 1,408，登記月費 2,000",medium,財報附註三（教保費收入－家長繳費）／財報附註一（實際招收人數）／園所基本資料（每月收費）,學年度,非營利
N18,福營,112,家長分攤比率 同儕偏離,家長繳費 ÷（家長繳費 + 政府學費差額補助）。非營利園是成本分攤制，分攤比率由核定之營運成本與家長收費數額共同決定，同一年度同一制度下應相近。全市中位數自 110 學年度 0.209 降至 113 學年度 0.113（政府端承擔上升），故僅與同年度同儕比較，不設絕對門檻。,True,家長分攤比率 0.158（同年度中位 0.146，穩健 z=+0.49）,medium,財報附註三（教保費收入－家長繳費／政府學費差額補助）／同年度非營利園同儕,學年度,非營利
N18,福營,113,教保費收入 = 收費 × 人數,收費明細申報之每生全學年度收費 × 財報附註一所載實際招收人數，應等於收支餘絀表之教保費收入決算數。此對應經 110 學年度 28 份報告實測，中位比值 1.0004、27/28 落在 ±4% 內，故偏離可視為三個數字之一有誤。,,113 學年度查無非營利園收費明細（鏡像自 111 學年度起全市 0 檔，109／110 分別為 23／31 檔）——資料不足，非該園未申報,medium,收支餘絀表（教保費收入）／財報附註一（實際招收人數）／收費明細（全學期總收費）,學年度,非營利
N18,福營,113,核定人數 財報=登記,財報附註一所載核定招收總人數，應與全國教保資訊網登記之核定招收人數相符。核定人數同時是收費、補助、師生比與樓地板面積的分母，任一系統記載不同，所有以它為基礎的計算都會跟著錯。,True,財報 112 人，登記 120 人，差 +8 人,medium,財報附註一（核定招收人數）／園所基本資料（count_approved）,學年度,非營利
N18,福營,113,師生比貼齊法定上限,財報附註一之實際招收人數 ÷ 教保服務人員數。幼兒教育及照顧法就 3 歲以上幼兒之配置上限為每 15 名 1 人（2 歲專班更嚴）。全體 132 份報告最大值恰為 15，無一超過，故本檢核標示的是已貼齊上限、任一人請假即無緩衝的情形。,True,110 名幼兒 ÷ 10 位 = 11.00（上限 15）,medium,財報附註一（實際招收人數、教保服務人員數）,學年度,非營利
N18,福營,113,隱含收費年額 同儕偏離,教保費收入決算數 ÷ 實際招收人數，即財報反推之每名幼兒年度營運成本（含政府差額補助）。111 學年度起收費明細不在公開資料中，這是唯一可用的收費代理量，故僅能與同年度同類型同儕比較，不設絕對門檻。,True,"每生教保費收入 126,781.818 元/生（同年度中位 138,439.024 元/生，穩健 z=-0.61）",medium,收支餘絀表（教保費收入）／財報附註一（實際招收人數）／同年度非營利園同儕,學年度,非營利
N18,福營,113,家長月均實繳 ≤ 登記月費,附註三「收支明細表 1. 教保費收入」之「教保費收入（家長繳費）」÷ 實際招收人數 ÷ 12 個月，與園所基本資料登記之每月收費比較。第二胎以上、低收入戶與身心障礙幼兒依規定減免，所以**平均值本應低於登記月費**；高於登記月費比低於更難解釋。,True,"家長繳費 1,776,000 ÷ 110 人 ÷ 12 月 = 每月 1,345，登記月費 2,000",medium,財報附註三（教保費收入－家長繳費）／財報附註一（實際招收人數）／園所基本資料（每月收費）,學年度,非營利
N18,福營,113,家長分攤比率 同儕偏離,家長繳費 ÷（家長繳費 + 政府學費差額補助）。非營利園是成本分攤制，分攤比率由核定之營運成本與家長收費數額共同決定，同一年度同一制度下應相近。全市中位數自 110 學年度 0.209 降至 113 學年度 0.113（政府端承擔上升），故僅與同年度同儕比較，不設絕對門檻。,True,家長分攤比率 0.127（同年度中位 0.113，穩健 z=+0.63）,medium,財報附註三（教保費收入－家長繳費／政府學費差額補助）／同年度非營利園同儕,學年度,非營利
N19,中園,110,教保費收入 = 收費 × 人數,收費明細申報之每生全學年度收費 × 財報附註一所載實際招收人數，應等於收支餘絀表之教保費收入決算數。此對應經 110 學年度 28 份報告實測，中位比值 1.0004、27/28 落在 ±4% 內，故偏離可視為三個數字之一有誤。,True,"教保費收入 12,830,963 ÷ 實際招收 134 人 = 每生 95,753，申報收費年額 95,325，比值 1.004",medium,收支餘絀表（教保費收入）／財報附註一（實際招收人數）／收費明細（全學期總收費）,學年度,非營利
N19,中園,110,核定人數 財報=登記,財報附註一所載核定招收總人數，應與全國教保資訊網登記之核定招收人數相符。核定人數同時是收費、補助、師生比與樓地板面積的分母，任一系統記載不同，所有以它為基礎的計算都會跟著錯。,True,財報 136 人，登記 136 人，差 +0 人,medium,財報附註一（核定招收人數）／園所基本資料（count_approved）,學年度,非營利
N19,中園,110,師生比貼齊法定上限,財報附註一之實際招收人數 ÷ 教保服務人員數。幼兒教育及照顧法就 3 歲以上幼兒之配置上限為每 15 名 1 人（2 歲專班更嚴）。全體 132 份報告最大值恰為 15，無一超過，故本檢核標示的是已貼齊上限、任一人請假即無緩衝的情形。,True,134 名幼兒 ÷ 13 位 = 10.31（上限 15）,medium,財報附註一（實際招收人數、教保服務人員數）,學年度,非營利
N19,中園,110,隱含收費年額 同儕偏離,教保費收入決算數 ÷ 實際招收人數，即財報反推之每名幼兒年度營運成本（含政府差額補助）。111 學年度起收費明細不在公開資料中，這是唯一可用的收費代理量，故僅能與同年度同類型同儕比較，不設絕對門檻。,True,"每生教保費收入 95,753.455 元/生（同年度中位 102,287.449 元/生，穩健 z=-0.63）",medium,收支餘絀表（教保費收入）／財報附註一（實際招收人數）／同年度非營利園同儕,學年度,非營利
N19,中園,110,家長月均實繳 ≤ 登記月費,附註三「收支明細表 1. 教保費收入」之「教保費收入（家長繳費）」÷ 實際招收人數 ÷ 12 個月，與園所基本資料登記之每月收費比較。第二胎以上、低收入戶與身心障礙幼兒依規定減免，所以**平均值本應低於登記月費**；高於登記月費比低於更難解釋。,True,"家長繳費 2,795,975 ÷ 134 人 ÷ 12 月 = 每月 1,739，登記月費 2,000",medium,財報附註三（教保費收入－家長繳費）／財報附註一（實際招收人數）／園所基本資料（每月收費）,學年度,非營利
N19,中園,110,家長分攤比率 同儕偏離,家長繳費 ÷（家長繳費 + 政府學費差額補助）。非營利園是成本分攤制，分攤比率由核定之營運成本與家長收費數額共同決定，同一年度同一制度下應相近。全市中位數自 110 學年度 0.209 降至 113 學年度 0.113（政府端承擔上升），故僅與同年度同儕比較，不設絕對門檻。,True,家長分攤比率 0.218（同年度中位 0.209，穩健 z=+0.39）,medium,財報附註三（教保費收入－家長繳費／政府學費差額補助）／同年度非營利園同儕,學年度,非營利
N19,中園,111,教保費收入 = 收費 × 人數,收費明細申報之每生全學年度收費 × 財報附註一所載實際招收人數，應等於收支餘絀表之教保費收入決算數。此對應經 110 學年度 28 份報告實測，中位比值 1.0004、27/28 落在 ±4% 內，故偏離可視為三個數字之一有誤。,,111 學年度查無非營利園收費明細（鏡像自 111 學年度起全市 0 檔，109／110 分別為 23／31 檔）——資料不足，非該園未申報,medium,收支餘絀表（教保費收入）／財報附註一（實際招收人數）／收費明細（全學期總收費）,學年度,非營利
N19,中園,111,核定人數 財報=登記,財報附註一所載核定招收總人數，應與全國教保資訊網登記之核定招收人數相符。核定人數同時是收費、補助、師生比與樓地板面積的分母，任一系統記載不同，所有以它為基礎的計算都會跟著錯。,True,財報 136 人，登記 136 人，差 +0 人,medium,財報附註一（核定招收人數）／園所基本資料（count_approved）,學年度,非營利
N19,中園,111,師生比貼齊法定上限,財報附註一之實際招收人數 ÷ 教保服務人員數。幼兒教育及照顧法就 3 歲以上幼兒之配置上限為每 15 名 1 人（2 歲專班更嚴）。全體 132 份報告最大值恰為 15，無一超過，故本檢核標示的是已貼齊上限、任一人請假即無緩衝的情形。,True,129 名幼兒 ÷ 13 位 = 9.92（上限 15）,medium,財報附註一（實際招收人數、教保服務人員數）,學年度,非營利
N19,中園,111,隱含收費年額 同儕偏離,教保費收入決算數 ÷ 實際招收人數，即財報反推之每名幼兒年度營運成本（含政府差額補助）。111 學年度起收費明細不在公開資料中，這是唯一可用的收費代理量，故僅能與同年度同類型同儕比較，不設絕對門檻。,True,"每生教保費收入 95,221.132 元/生（同年度中位 111,778.059 元/生，穩健 z=-1.64）",medium,收支餘絀表（教保費收入）／財報附註一（實際招收人數）／同年度非營利園同儕,學年度,非營利
N19,中園,111,家長月均實繳 ≤ 登記月費,附註三「收支明細表 1. 教保費收入」之「教保費收入（家長繳費）」÷ 實際招收人數 ÷ 12 個月，與園所基本資料登記之每月收費比較。第二胎以上、低收入戶與身心障礙幼兒依規定減免，所以**平均值本應低於登記月費**；高於登記月費比低於更難解釋。,True,"家長繳費 1,955,852 ÷ 129 人 ÷ 12 月 = 每月 1,263，登記月費 2,000",medium,財報附註三（教保費收入－家長繳費）／財報附註一（實際招收人數）／園所基本資料（每月收費）,學年度,非營利
N19,中園,111,家長分攤比率 同儕偏離,家長繳費 ÷（家長繳費 + 政府學費差額補助）。非營利園是成本分攤制，分攤比率由核定之營運成本與家長收費數額共同決定，同一年度同一制度下應相近。全市中位數自 110 學年度 0.209 降至 113 學年度 0.113（政府端承擔上升），故僅與同年度同儕比較，不設絕對門檻。,True,家長分攤比率 0.159（同年度中位 0.153，穩健 z=+0.27）,medium,財報附註三（教保費收入－家長繳費／政府學費差額補助）／同年度非營利園同儕,學年度,非營利
N19,中園,112,教保費收入 = 收費 × 人數,收費明細申報之每生全學年度收費 × 財報附註一所載實際招收人數，應等於收支餘絀表之教保費收入決算數。此對應經 110 學年度 28 份報告實測，中位比值 1.0004、27/28 落在 ±4% 內，故偏離可視為三個數字之一有誤。,,112 學年度查無非營利園收費明細（鏡像自 111 學年度起全市 0 檔，109／110 分別為 23／31 檔）——資料不足，非該園未申報,medium,收支餘絀表（教保費收入）／財報附註一（實際招收人數）／收費明細（全學期總收費）,學年度,非營利
N19,中園,112,核定人數 財報=登記,財報附註一所載核定招收總人數，應與全國教保資訊網登記之核定招收人數相符。核定人數同時是收費、補助、師生比與樓地板面積的分母，任一系統記載不同，所有以它為基礎的計算都會跟著錯。,True,財報 136 人，登記 136 人，差 +0 人,medium,財報附註一（核定招收人數）／園所基本資料（count_approved）,學年度,非營利
N19,中園,112,師生比貼齊法定上限,財報附註一之實際招收人數 ÷ 教保服務人員數。幼兒教育及照顧法就 3 歲以上幼兒之配置上限為每 15 名 1 人（2 歲專班更嚴）。全體 132 份報告最大值恰為 15，無一超過，故本檢核標示的是已貼齊上限、任一人請假即無緩衝的情形。,True,132 名幼兒 ÷ 13 位 = 10.15（上限 15）,medium,財報附註一（實際招收人數、教保服務人員數）,學年度,非營利
N19,中園,112,隱含收費年額 同儕偏離,教保費收入決算數 ÷ 實際招收人數，即財報反推之每名幼兒年度營運成本（含政府差額補助）。111 學年度起收費明細不在公開資料中，這是唯一可用的收費代理量，故僅能與同年度同類型同儕比較，不設絕對門檻。,True,"每生教保費收入 126,572.235 元/生（同年度中位 116,550.739 元/生，穩健 z=+0.94）",medium,收支餘絀表（教保費收入）／財報附註一（實際招收人數）／同年度非營利園同儕,學年度,非營利
N19,中園,112,家長月均實繳 ≤ 登記月費,附註三「收支明細表 1. 教保費收入」之「教保費收入（家長繳費）」÷ 實際招收人數 ÷ 12 個月，與園所基本資料登記之每月收費比較。第二胎以上、低收入戶與身心障礙幼兒依規定減免，所以**平均值本應低於登記月費**；高於登記月費比低於更難解釋。,True,"家長繳費 2,100,217 ÷ 132 人 ÷ 12 月 = 每月 1,326，登記月費 2,000",medium,財報附註三（教保費收入－家長繳費）／財報附註一（實際招收人數）／園所基本資料（每月收費）,學年度,非營利
N19,中園,112,家長分攤比率 同儕偏離,家長繳費 ÷（家長繳費 + 政府學費差額補助）。非營利園是成本分攤制，分攤比率由核定之營運成本與家長收費數額共同決定，同一年度同一制度下應相近。全市中位數自 110 學年度 0.209 降至 113 學年度 0.113（政府端承擔上升），故僅與同年度同儕比較，不設絕對門檻。,True,家長分攤比率 0.126（同年度中位 0.146，穩健 z=-0.86）,medium,財報附註三（教保費收入－家長繳費／政府學費差額補助）／同年度非營利園同儕,學年度,非營利
N19,中園,113,教保費收入 = 收費 × 人數,收費明細申報之每生全學年度收費 × 財報附註一所載實際招收人數，應等於收支餘絀表之教保費收入決算數。此對應經 110 學年度 28 份報告實測，中位比值 1.0004、27/28 落在 ±4% 內，故偏離可視為三個數字之一有誤。,,113 學年度查無非營利園收費明細（鏡像自 111 學年度起全市 0 檔，109／110 分別為 23／31 檔）——資料不足，非該園未申報,medium,收支餘絀表（教保費收入）／財報附註一（實際招收人數）／收費明細（全學期總收費）,學年度,非營利
N19,中園,113,核定人數 財報=登記,財報附註一所載核定招收總人數，應與全國教保資訊網登記之核定招收人數相符。核定人數同時是收費、補助、師生比與樓地板面積的分母，任一系統記載不同，所有以它為基礎的計算都會跟著錯。,True,財報 128 人，登記 136 人，差 +8 人,medium,財報附註一（核定招收人數）／園所基本資料（count_approved）,學年度,非營利
N19,中園,113,師生比貼齊法定上限,財報附註一之實際招收人數 ÷ 教保服務人員數。幼兒教育及照顧法就 3 歲以上幼兒之配置上限為每 15 名 1 人（2 歲專班更嚴）。全體 132 份報告最大值恰為 15，無一超過，故本檢核標示的是已貼齊上限、任一人請假即無緩衝的情形。,True,121 名幼兒 ÷ 13 位 = 9.31（上限 15）,medium,財報附註一（實際招收人數、教保服務人員數）,學年度,非營利
N19,中園,113,隱含收費年額 同儕偏離,教保費收入決算數 ÷ 實際招收人數，即財報反推之每名幼兒年度營運成本（含政府差額補助）。111 學年度起收費明細不在公開資料中，這是唯一可用的收費代理量，故僅能與同年度同類型同儕比較，不設絕對門檻。,True,"每生教保費收入 146,611.570 元/生（同年度中位 138,439.024 元/生，穩健 z=+0.43）",medium,收支餘絀表（教保費收入）／財報附註一（實際招收人數）／同年度非營利園同儕,學年度,非營利
N19,中園,113,家長月均實繳 ≤ 登記月費,附註三「收支明細表 1. 教保費收入」之「教保費收入（家長繳費）」÷ 實際招收人數 ÷ 12 個月，與園所基本資料登記之每月收費比較。第二胎以上、低收入戶與身心障礙幼兒依規定減免，所以**平均值本應低於登記月費**；高於登記月費比低於更難解釋。,True,"家長繳費 1,620,000 ÷ 121 人 ÷ 12 月 = 每月 1,116，登記月費 2,000",medium,財報附註三（教保費收入－家長繳費）／財報附註一（實際招收人數）／園所基本資料（每月收費）,學年度,非營利
N19,中園,113,家長分攤比率 同儕偏離,家長繳費 ÷（家長繳費 + 政府學費差額補助）。非營利園是成本分攤制，分攤比率由核定之營運成本與家長收費數額共同決定，同一年度同一制度下應相近。全市中位數自 110 學年度 0.209 降至 113 學年度 0.113（政府端承擔上升），故僅與同年度同儕比較，不設絕對門檻。,True,家長分攤比率 0.091（同年度中位 0.113，穩健 z=-1.00）,medium,財報附註三（教保費收入－家長繳費／政府學費差額補助）／同年度非營利園同儕,學年度,非營利
N20,柏翠,110,教保費收入 = 收費 × 人數,收費明細申報之每生全學年度收費 × 財報附註一所載實際招收人數，應等於收支餘絀表之教保費收入決算數。此對應經 110 學年度 28 份報告實測，中位比值 1.0004、27/28 落在 ±4% 內，故偏離可視為三個數字之一有誤。,True,"教保費收入 15,231,985 ÷ 實際招收 166 人 = 每生 91,759，申報收費年額 92,541，比值 0.992",medium,收支餘絀表（教保費收入）／財報附註一（實際招收人數）／收費明細（全學期總收費）,學年度,非營利
N20,柏翠,110,核定人數 財報=登記,財報附註一所載核定招收總人數，應與全國教保資訊網登記之核定招收人數相符。核定人數同時是收費、補助、師生比與樓地板面積的分母，任一系統記載不同，所有以它為基礎的計算都會跟著錯。,True,財報 166 人，登記 166 人，差 +0 人,medium,財報附註一（核定招收人數）／園所基本資料（count_approved）,學年度,非營利
N20,柏翠,110,師生比貼齊法定上限,財報附註一之實際招收人數 ÷ 教保服務人員數。幼兒教育及照顧法就 3 歲以上幼兒之配置上限為每 15 名 1 人（2 歲專班更嚴）。全體 132 份報告最大值恰為 15，無一超過，故本檢核標示的是已貼齊上限、任一人請假即無緩衝的情形。,True,166 名幼兒 ÷ 14 位 = 11.86（上限 15）,medium,財報附註一（實際招收人數、教保服務人員數）,學年度,非營利
N20,柏翠,110,隱含收費年額 同儕偏離,教保費收入決算數 ÷ 實際招收人數，即財報反推之每名幼兒年度營運成本（含政府差額補助）。111 學年度起收費明細不在公開資料中，這是唯一可用的收費代理量，故僅能與同年度同類型同儕比較，不設絕對門檻。,True,"每生教保費收入 91,758.946 元/生（同年度中位 102,287.449 元/生，穩健 z=-1.01）",medium,收支餘絀表（教保費收入）／財報附註一（實際招收人數）／同年度非營利園同儕,學年度,非營利
N20,柏翠,110,家長月均實繳 ≤ 登記月費,附註三「收支明細表 1. 教保費收入」之「教保費收入（家長繳費）」÷ 實際招收人數 ÷ 12 個月，與園所基本資料登記之每月收費比較。第二胎以上、低收入戶與身心障礙幼兒依規定減免，所以**平均值本應低於登記月費**；高於登記月費比低於更難解釋。,False,"家長繳費 4,194,321 ÷ 166 人 ÷ 12 月 = 每月 2,106，超過登記月費 2,000 （1.05 倍）。請確認家長繳費是否含代收代辦或延長照顧等另計項目、名冊人數在學年度中是否大幅減少（分母偏小會推高平均），以及登記月費是否已依核定調整",medium,財報附註三（教保費收入－家長繳費）／財報附註一（實際招收人數）／園所基本資料（每月收費）,學年度,非營利
N20,柏翠,110,家長分攤比率 同儕偏離,家長繳費 ÷（家長繳費 + 政府學費差額補助）。非營利園是成本分攤制，分攤比率由核定之營運成本與家長收費數額共同決定，同一年度同一制度下應相近。全市中位數自 110 學年度 0.209 降至 113 學年度 0.113（政府端承擔上升），故僅與同年度同儕比較，不設絕對門檻。,False,"家長分攤比率 0.275（同年度中位 0.209，穩健 z=+3.02），偏高（家長 4,194,321、政府 11,037,664）。請確認該學年度核定之營運成本分攤數與家長收費數額，以及減免人數結構是否足以解釋差異",medium,財報附註三（教保費收入－家長繳費／政府學費差額補助）／同年度非營利園同儕,學年度,非營利
N20,柏翠,111,教保費收入 = 收費 × 人數,收費明細申報之每生全學年度收費 × 財報附註一所載實際招收人數，應等於收支餘絀表之教保費收入決算數。此對應經 110 學年度 28 份報告實測，中位比值 1.0004、27/28 落在 ±4% 內，故偏離可視為三個數字之一有誤。,,111 學年度查無非營利園收費明細（鏡像自 111 學年度起全市 0 檔，109／110 分別為 23／31 檔）——資料不足，非該園未申報,medium,收支餘絀表（教保費收入）／財報附註一（實際招收人數）／收費明細（全學期總收費）,學年度,非營利
N20,柏翠,111,核定人數 財報=登記,財報附註一所載核定招收總人數，應與全國教保資訊網登記之核定招收人數相符。核定人數同時是收費、補助、師生比與樓地板面積的分母，任一系統記載不同，所有以它為基礎的計算都會跟著錯。,True,財報 166 人，登記 166 人，差 +0 人,medium,財報附註一（核定招收人數）／園所基本資料（count_approved）,學年度,非營利
N20,柏翠,111,師生比貼齊法定上限,財報附註一之實際招收人數 ÷ 教保服務人員數。幼兒教育及照顧法就 3 歲以上幼兒之配置上限為每 15 名 1 人（2 歲專班更嚴）。全體 132 份報告最大值恰為 15，無一超過，故本檢核標示的是已貼齊上限、任一人請假即無緩衝的情形。,True,166 名幼兒 ÷ 13 位 = 12.77（上限 15）,medium,財報附註一（實際招收人數、教保服務人員數）,學年度,非營利
N20,柏翠,111,隱含收費年額 同儕偏離,教保費收入決算數 ÷ 實際招收人數，即財報反推之每名幼兒年度營運成本（含政府差額補助）。111 學年度起收費明細不在公開資料中，這是唯一可用的收費代理量，故僅能與同年度同類型同儕比較，不設絕對門檻。,True,"每生教保費收入 91,816.590 元/生（同年度中位 111,778.059 元/生，穩健 z=-1.98）",medium,收支餘絀表（教保費收入）／財報附註一（實際招收人數）／同年度非營利園同儕,學年度,非營利
N20,柏翠,111,家長月均實繳 ≤ 登記月費,附註三「收支明細表 1. 教保費收入」之「教保費收入（家長繳費）」÷ 實際招收人數 ÷ 12 個月，與園所基本資料登記之每月收費比較。第二胎以上、低收入戶與身心障礙幼兒依規定減免，所以**平均值本應低於登記月費**；高於登記月費比低於更難解釋。,,缺附註三家長繳費、實際招收人數或登記每月收費,medium,財報附註三（教保費收入－家長繳費）／財報附註一（實際招收人數）／園所基本資料（每月收費）,學年度,非營利
N20,柏翠,111,家長分攤比率 同儕偏離,家長繳費 ÷（家長繳費 + 政府學費差額補助）。非營利園是成本分攤制，分攤比率由核定之營運成本與家長收費數額共同決定，同一年度同一制度下應相近。全市中位數自 110 學年度 0.209 降至 113 學年度 0.113（政府端承擔上升），故僅與同年度同儕比較，不設絕對門檻。,,本份報告未抽到附註三之教保費收入拆分,medium,財報附註三（教保費收入－家長繳費／政府學費差額補助）／同年度非營利園同儕,學年度,非營利
N20,柏翠,112,教保費收入 = 收費 × 人數,收費明細申報之每生全學年度收費 × 財報附註一所載實際招收人數，應等於收支餘絀表之教保費收入決算數。此對應經 110 學年度 28 份報告實測，中位比值 1.0004、27/28 落在 ±4% 內，故偏離可視為三個數字之一有誤。,,112 學年度查無非營利園收費明細（鏡像自 111 學年度起全市 0 檔，109／110 分別為 23／31 檔）——資料不足，非該園未申報,medium,收支餘絀表（教保費收入）／財報附註一（實際招收人數）／收費明細（全學期總收費）,學年度,非營利
N20,柏翠,112,核定人數 財報=登記,財報附註一所載核定招收總人數，應與全國教保資訊網登記之核定招收人數相符。核定人數同時是收費、補助、師生比與樓地板面積的分母，任一系統記載不同，所有以它為基礎的計算都會跟著錯。,True,財報 166 人，登記 166 人，差 +0 人,medium,財報附註一（核定招收人數）／園所基本資料（count_approved）,學年度,非營利
N20,柏翠,112,師生比貼齊法定上限,財報附註一之實際招收人數 ÷ 教保服務人員數。幼兒教育及照顧法就 3 歲以上幼兒之配置上限為每 15 名 1 人（2 歲專班更嚴）。全體 132 份報告最大值恰為 15，無一超過，故本檢核標示的是已貼齊上限、任一人請假即無緩衝的情形。,True,166 名幼兒 ÷ 14 位 = 11.86（上限 15）,medium,財報附註一（實際招收人數、教保服務人員數）,學年度,非營利
N20,柏翠,112,隱含收費年額 同儕偏離,教保費收入決算數 ÷ 實際招收人數，即財報反推之每名幼兒年度營運成本（含政府差額補助）。111 學年度起收費明細不在公開資料中，這是唯一可用的收費代理量，故僅能與同年度同類型同儕比較，不設絕對門檻。,True,"每生教保費收入 114,908.958 元/生（同年度中位 116,550.739 元/生，穩健 z=-0.15）",medium,收支餘絀表（教保費收入）／財報附註一（實際招收人數）／同年度非營利園同儕,學年度,非營利
N20,柏翠,112,家長月均實繳 ≤ 登記月費,附註三「收支明細表 1. 教保費收入」之「教保費收入（家長繳費）」÷ 實際招收人數 ÷ 12 個月，與園所基本資料登記之每月收費比較。第二胎以上、低收入戶與身心障礙幼兒依規定減免，所以**平均值本應低於登記月費**；高於登記月費比低於更難解釋。,True,"家長繳費 2,501,055 ÷ 166 人 ÷ 12 月 = 每月 1,256，登記月費 2,000",medium,財報附註三（教保費收入－家長繳費）／財報附註一（實際招收人數）／園所基本資料（每月收費）,學年度,非營利
N20,柏翠,112,家長分攤比率 同儕偏離,家長繳費 ÷（家長繳費 + 政府學費差額補助）。非營利園是成本分攤制，分攤比率由核定之營運成本與家長收費數額共同決定，同一年度同一制度下應相近。全市中位數自 110 學年度 0.209 降至 113 學年度 0.113（政府端承擔上升），故僅與同年度同儕比較，不設絕對門檻。,True,家長分攤比率 0.131（同年度中位 0.146，穩健 z=-0.63）,medium,財報附註三（教保費收入－家長繳費／政府學費差額補助）／同年度非營利園同儕,學年度,非營利
N20,柏翠,113,教保費收入 = 收費 × 人數,收費明細申報之每生全學年度收費 × 財報附註一所載實際招收人數，應等於收支餘絀表之教保費收入決算數。此對應經 110 學年度 28 份報告實測，中位比值 1.0004、27/28 落在 ±4% 內，故偏離可視為三個數字之一有誤。,,113 學年度查無非營利園收費明細（鏡像自 111 學年度起全市 0 檔，109／110 分別為 23／31 檔）——資料不足，非該園未申報,medium,收支餘絀表（教保費收入）／財報附註一（實際招收人數）／收費明細（全學期總收費）,學年度,非營利
N20,柏翠,113,核定人數 財報=登記,財報附註一所載核定招收總人數，應與全國教保資訊網登記之核定招收人數相符。核定人數同時是收費、補助、師生比與樓地板面積的分母，任一系統記載不同，所有以它為基礎的計算都會跟著錯。,True,財報 156 人，登記 166 人，差 +10 人,medium,財報附註一（核定招收人數）／園所基本資料（count_approved）,學年度,非營利
N20,柏翠,113,師生比貼齊法定上限,財報附註一之實際招收人數 ÷ 教保服務人員數。幼兒教育及照顧法就 3 歲以上幼兒之配置上限為每 15 名 1 人（2 歲專班更嚴）。全體 132 份報告最大值恰為 15，無一超過，故本檢核標示的是已貼齊上限、任一人請假即無緩衝的情形。,True,155 名幼兒 ÷ 14 位 = 11.07（上限 15）,medium,財報附註一（實際招收人數、教保服務人員數）,學年度,非營利
N20,柏翠,113,隱含收費年額 同儕偏離,教保費收入決算數 ÷ 實際招收人數，即財報反推之每名幼兒年度營運成本（含政府差額補助）。111 學年度起收費明細不在公開資料中，這是唯一可用的收費代理量，故僅能與同年度同類型同儕比較，不設絕對門檻。,True,"每生教保費收入 136,490.323 元/生（同年度中位 138,439.024 元/生，穩健 z=-0.10）",medium,收支餘絀表（教保費收入）／財報附註一（實際招收人數）／同年度非營利園同儕,學年度,非營利
N20,柏翠,113,家長月均實繳 ≤ 登記月費,附註三「收支明細表 1. 教保費收入」之「教保費收入（家長繳費）」÷ 實際招收人數 ÷ 12 個月，與園所基本資料登記之每月收費比較。第二胎以上、低收入戶與身心障礙幼兒依規定減免，所以**平均值本應低於登記月費**；高於登記月費比低於更難解釋。,True,"家長繳費 2,296,000 ÷ 155 人 ÷ 12 月 = 每月 1,234，登記月費 2,000",medium,財報附註三（教保費收入－家長繳費）／財報附註一（實際招收人數）／園所基本資料（每月收費）,學年度,非營利
N20,柏翠,113,家長分攤比率 同儕偏離,家長繳費 ÷（家長繳費 + 政府學費差額補助）。非營利園是成本分攤制，分攤比率由核定之營運成本與家長收費數額共同決定，同一年度同一制度下應相近。全市中位數自 110 學年度 0.209 降至 113 學年度 0.113（政府端承擔上升），故僅與同年度同儕比較，不設絕對門檻。,True,家長分攤比率 0.109（同年度中位 0.113，穩健 z=-0.22）,medium,財報附註三（教保費收入－家長繳費／政府學費差額補助）／同年度非營利園同儕,學年度,非營利
N21,文創,110,教保費收入 = 收費 × 人數,收費明細申報之每生全學年度收費 × 財報附註一所載實際招收人數，應等於收支餘絀表之教保費收入決算數。此對應經 110 學年度 28 份報告實測，中位比值 1.0004、27/28 落在 ±4% 內，故偏離可視為三個數字之一有誤。,True,"教保費收入 10,023,694 ÷ 實際招收 85 人 = 每生 117,926，申報收費年額 113,688，比值 1.037",medium,收支餘絀表（教保費收入）／財報附註一（實際招收人數）／收費明細（全學期總收費）,學年度,非營利
N21,文創,110,核定人數 財報=登記,財報附註一所載核定招收總人數，應與全國教保資訊網登記之核定招收人數相符。核定人數同時是收費、補助、師生比與樓地板面積的分母，任一系統記載不同，所有以它為基礎的計算都會跟著錯。,True,財報 90 人，登記 90 人，差 +0 人,medium,財報附註一（核定招收人數）／園所基本資料（count_approved）,學年度,非營利
N21,文創,110,師生比貼齊法定上限,財報附註一之實際招收人數 ÷ 教保服務人員數。幼兒教育及照顧法就 3 歲以上幼兒之配置上限為每 15 名 1 人（2 歲專班更嚴）。全體 132 份報告最大值恰為 15，無一超過，故本檢核標示的是已貼齊上限、任一人請假即無緩衝的情形。,True,85 名幼兒 ÷ 8 位 = 10.62（上限 15）,medium,財報附註一（實際招收人數、教保服務人員數）,學年度,非營利
N21,文創,110,隱含收費年額 同儕偏離,教保費收入決算數 ÷ 實際招收人數，即財報反推之每名幼兒年度營運成本（含政府差額補助）。111 學年度起收費明細不在公開資料中，這是唯一可用的收費代理量，故僅能與同年度同類型同儕比較，不設絕對門檻。,True,"每生教保費收入 117,925.812 元/生（同年度中位 102,287.449 元/生，穩健 z=+1.50）",medium,收支餘絀表（教保費收入）／財報附註一（實際招收人數）／同年度非營利園同儕,學年度,非營利
N21,文創,110,家長月均實繳 ≤ 登記月費,附註三「收支明細表 1. 教保費收入」之「教保費收入（家長繳費）」÷ 實際招收人數 ÷ 12 個月，與園所基本資料登記之每月收費比較。第二胎以上、低收入戶與身心障礙幼兒依規定減免，所以**平均值本應低於登記月費**；高於登記月費比低於更難解釋。,True,"家長繳費 1,661,887 ÷ 85 人 ÷ 12 月 = 每月 1,629，登記月費 2,000",medium,財報附註三（教保費收入－家長繳費）／財報附註一（實際招收人數）／園所基本資料（每月收費）,學年度,非營利
N21,文創,110,家長分攤比率 同儕偏離,家長繳費 ÷（家長繳費 + 政府學費差額補助）。非營利園是成本分攤制，分攤比率由核定之營運成本與家長收費數額共同決定，同一年度同一制度下應相近。全市中位數自 110 學年度 0.209 降至 113 學年度 0.113（政府端承擔上升），故僅與同年度同儕比較，不設絕對門檻。,False,"家長分攤比率 0.166（同年度中位 0.209，穩健 z=-2.01），偏低（家長 1,661,887、政府 8,361,807）。請確認該學年度核定之營運成本分攤數與家長收費數額，以及減免人數結構是否足以解釋差異",medium,財報附註三（教保費收入－家長繳費／政府學費差額補助）／同年度非營利園同儕,學年度,非營利
N21,文創,111,教保費收入 = 收費 × 人數,收費明細申報之每生全學年度收費 × 財報附註一所載實際招收人數，應等於收支餘絀表之教保費收入決算數。此對應經 110 學年度 28 份報告實測，中位比值 1.0004、27/28 落在 ±4% 內，故偏離可視為三個數字之一有誤。,,111 學年度查無非營利園收費明細（鏡像自 111 學年度起全市 0 檔，109／110 分別為 23／31 檔）——資料不足，非該園未申報,medium,收支餘絀表（教保費收入）／財報附註一（實際招收人數）／收費明細（全學期總收費）,學年度,非營利
N21,文創,111,核定人數 財報=登記,財報附註一所載核定招收總人數，應與全國教保資訊網登記之核定招收人數相符。核定人數同時是收費、補助、師生比與樓地板面積的分母，任一系統記載不同，所有以它為基礎的計算都會跟著錯。,True,財報 90 人，登記 90 人，差 +0 人,medium,財報附註一（核定招收人數）／園所基本資料（count_approved）,學年度,非營利
N21,文創,111,師生比貼齊法定上限,財報附註一之實際招收人數 ÷ 教保服務人員數。幼兒教育及照顧法就 3 歲以上幼兒之配置上限為每 15 名 1 人（2 歲專班更嚴）。全體 132 份報告最大值恰為 15，無一超過，故本檢核標示的是已貼齊上限、任一人請假即無緩衝的情形。,True,88 名幼兒 ÷ 8 位 = 11.00（上限 15）,medium,財報附註一（實際招收人數、教保服務人員數）,學年度,非營利
N21,文創,111,隱含收費年額 同儕偏離,教保費收入決算數 ÷ 實際招收人數，即財報反推之每名幼兒年度營運成本（含政府差額補助）。111 學年度起收費明細不在公開資料中，這是唯一可用的收費代理量，故僅能與同年度同類型同儕比較，不設絕對門檻。,True,"每生教保費收入 116,271.818 元/生（同年度中位 111,778.059 元/生，穩健 z=+0.45）",medium,收支餘絀表（教保費收入）／財報附註一（實際招收人數）／同年度非營利園同儕,學年度,非營利
N21,文創,111,家長月均實繳 ≤ 登記月費,附註三「收支明細表 1. 教保費收入」之「教保費收入（家長繳費）」÷ 實際招收人數 ÷ 12 個月，與園所基本資料登記之每月收費比較。第二胎以上、低收入戶與身心障礙幼兒依規定減免，所以**平均值本應低於登記月費**；高於登記月費比低於更難解釋。,True,"家長繳費 1,464,000 ÷ 88 人 ÷ 12 月 = 每月 1,386，登記月費 2,000",medium,財報附註三（教保費收入－家長繳費）／財報附註一（實際招收人數）／園所基本資料（每月收費）,學年度,非營利
N21,文創,111,家長分攤比率 同儕偏離,家長繳費 ÷（家長繳費 + 政府學費差額補助）。非營利園是成本分攤制，分攤比率由核定之營運成本與家長收費數額共同決定，同一年度同一制度下應相近。全市中位數自 110 學年度 0.209 降至 113 學年度 0.113（政府端承擔上升），故僅與同年度同儕比較，不設絕對門檻。,True,家長分攤比率 0.143（同年度中位 0.153，穩健 z=-0.37）,medium,財報附註三（教保費收入－家長繳費／政府學費差額補助）／同年度非營利園同儕,學年度,非營利
N21,文創,112,教保費收入 = 收費 × 人數,收費明細申報之每生全學年度收費 × 財報附註一所載實際招收人數，應等於收支餘絀表之教保費收入決算數。此對應經 110 學年度 28 份報告實測，中位比值 1.0004、27/28 落在 ±4% 內，故偏離可視為三個數字之一有誤。,,112 學年度查無非營利園收費明細（鏡像自 111 學年度起全市 0 檔，109／110 分別為 23／31 檔）——資料不足，非該園未申報,medium,收支餘絀表（教保費收入）／財報附註一（實際招收人數）／收費明細（全學期總收費）,學年度,非營利
N21,文創,112,核定人數 財報=登記,財報附註一所載核定招收總人數，應與全國教保資訊網登記之核定招收人數相符。核定人數同時是收費、補助、師生比與樓地板面積的分母，任一系統記載不同，所有以它為基礎的計算都會跟著錯。,True,財報 90 人，登記 90 人，差 +0 人,medium,財報附註一（核定招收人數）／園所基本資料（count_approved）,學年度,非營利
N21,文創,112,師生比貼齊法定上限,財報附註一之實際招收人數 ÷ 教保服務人員數。幼兒教育及照顧法就 3 歲以上幼兒之配置上限為每 15 名 1 人（2 歲專班更嚴）。全體 132 份報告最大值恰為 15，無一超過，故本檢核標示的是已貼齊上限、任一人請假即無緩衝的情形。,True,84 名幼兒 ÷ 8 位 = 10.50（上限 15）,medium,財報附註一（實際招收人數、教保服務人員數）,學年度,非營利
N21,文創,112,隱含收費年額 同儕偏離,教保費收入決算數 ÷ 實際招收人數，即財報反推之每名幼兒年度營運成本（含政府差額補助）。111 學年度起收費明細不在公開資料中，這是唯一可用的收費代理量，故僅能與同年度同類型同儕比較，不設絕對門檻。,True,"每生教保費收入 134,045.786 元/生（同年度中位 116,550.739 元/生，穩健 z=+1.63）",medium,收支餘絀表（教保費收入）／財報附註一（實際招收人數）／同年度非營利園同儕,學年度,非營利
N21,文創,112,家長月均實繳 ≤ 登記月費,附註三「收支明細表 1. 教保費收入」之「教保費收入（家長繳費）」÷ 實際招收人數 ÷ 12 個月，與園所基本資料登記之每月收費比較。第二胎以上、低收入戶與身心障礙幼兒依規定減免，所以**平均值本應低於登記月費**；高於登記月費比低於更難解釋。,True,"家長繳費 1,462,348 ÷ 84 人 ÷ 12 月 = 每月 1,451，登記月費 2,000",medium,財報附註三（教保費收入－家長繳費）／財報附註一（實際招收人數）／園所基本資料（每月收費）,學年度,非營利
N21,文創,112,家長分攤比率 同儕偏離,家長繳費 ÷（家長繳費 + 政府學費差額補助）。非營利園是成本分攤制，分攤比率由核定之營運成本與家長收費數額共同決定，同一年度同一制度下應相近。全市中位數自 110 學年度 0.209 降至 113 學年度 0.113（政府端承擔上升），故僅與同年度同儕比較，不設絕對門檻。,True,家長分攤比率 0.130（同年度中位 0.146，穩健 z=-0.68）,medium,財報附註三（教保費收入－家長繳費／政府學費差額補助）／同年度非營利園同儕,學年度,非營利
N21,文創,113,教保費收入 = 收費 × 人數,收費明細申報之每生全學年度收費 × 財報附註一所載實際招收人數，應等於收支餘絀表之教保費收入決算數。此對應經 110 學年度 28 份報告實測，中位比值 1.0004、27/28 落在 ±4% 內，故偏離可視為三個數字之一有誤。,,113 學年度查無非營利園收費明細（鏡像自 111 學年度起全市 0 檔，109／110 分別為 23／31 檔）——資料不足，非該園未申報,medium,收支餘絀表（教保費收入）／財報附註一（實際招收人數）／收費明細（全學期總收費）,學年度,非營利
N21,文創,113,核定人數 財報=登記,財報附註一所載核定招收總人數，應與全國教保資訊網登記之核定招收人數相符。核定人數同時是收費、補助、師生比與樓地板面積的分母，任一系統記載不同，所有以它為基礎的計算都會跟著錯。,True,財報 78 人，登記 90 人，差 +12 人,medium,財報附註一（核定招收人數）／園所基本資料（count_approved）,學年度,非營利
N21,文創,113,師生比貼齊法定上限,財報附註一之實際招收人數 ÷ 教保服務人員數。幼兒教育及照顧法就 3 歲以上幼兒之配置上限為每 15 名 1 人（2 歲專班更嚴）。全體 132 份報告最大值恰為 15，無一超過，故本檢核標示的是已貼齊上限、任一人請假即無緩衝的情形。,True,71 名幼兒 ÷ 8 位 = 8.88（上限 15）,medium,財報附註一（實際招收人數、教保服務人員數）,學年度,非營利
N21,文創,113,隱含收費年額 同儕偏離,教保費收入決算數 ÷ 實際招收人數，即財報反推之每名幼兒年度營運成本（含政府差額補助）。111 學年度起收費明細不在公開資料中，這是唯一可用的收費代理量，故僅能與同年度同類型同儕比較，不設絕對門檻。,True,"每生教保費收入 169,203.577 元/生（同年度中位 138,439.024 元/生，穩健 z=+1.62）",medium,收支餘絀表（教保費收入）／財報附註一（實際招收人數）／同年度非營利園同儕,學年度,非營利
N21,文創,113,家長月均實繳 ≤ 登記月費,附註三「收支明細表 1. 教保費收入」之「教保費收入（家長繳費）」÷ 實際招收人數 ÷ 12 個月，與園所基本資料登記之每月收費比較。第二胎以上、低收入戶與身心障礙幼兒依規定減免，所以**平均值本應低於登記月費**；高於登記月費比低於更難解釋。,True,"家長繳費 1,253,454 ÷ 71 人 ÷ 12 月 = 每月 1,471，登記月費 2,000",medium,財報附註三（教保費收入－家長繳費）／財報附註一（實際招收人數）／園所基本資料（每月收費）,學年度,非營利
N21,文創,113,家長分攤比率 同儕偏離,家長繳費 ÷（家長繳費 + 政府學費差額補助）。非營利園是成本分攤制，分攤比率由核定之營運成本與家長收費數額共同決定，同一年度同一制度下應相近。全市中位數自 110 學年度 0.209 降至 113 學年度 0.113（政府端承擔上升），故僅與同年度同儕比較，不設絕對門檻。,True,家長分攤比率 0.104（同年度中位 0.113，穩健 z=-0.41）,medium,財報附註三（教保費收入－家長繳費／政府學費差額補助）／同年度非營利園同儕,學年度,非營利
N22,文仁,110,教保費收入 = 收費 × 人數,收費明細申報之每生全學年度收費 × 財報附註一所載實際招收人數，應等於收支餘絀表之教保費收入決算數。此對應經 110 學年度 28 份報告實測，中位比值 1.0004、27/28 落在 ±4% 內，故偏離可視為三個數字之一有誤。,True,"教保費收入 10,185,963 ÷ 實際招收 90 人 = 每生 113,177，申報收費年額 113,100，比值 1.001",medium,收支餘絀表（教保費收入）／財報附註一（實際招收人數）／收費明細（全學期總收費）,學年度,非營利
N22,文仁,110,核定人數 財報=登記,財報附註一所載核定招收總人數，應與全國教保資訊網登記之核定招收人數相符。核定人數同時是收費、補助、師生比與樓地板面積的分母，任一系統記載不同，所有以它為基礎的計算都會跟著錯。,True,財報 90 人，登記 90 人，差 +0 人,medium,財報附註一（核定招收人數）／園所基本資料（count_approved）,學年度,非營利
N22,文仁,110,師生比貼齊法定上限,財報附註一之實際招收人數 ÷ 教保服務人員數。幼兒教育及照顧法就 3 歲以上幼兒之配置上限為每 15 名 1 人（2 歲專班更嚴）。全體 132 份報告最大值恰為 15，無一超過，故本檢核標示的是已貼齊上限、任一人請假即無緩衝的情形。,True,90 名幼兒 ÷ 8 位 = 11.25（上限 15）,medium,財報附註一（實際招收人數、教保服務人員數）,學年度,非營利
N22,文仁,110,隱含收費年額 同儕偏離,教保費收入決算數 ÷ 實際招收人數，即財報反推之每名幼兒年度營運成本（含政府差額補助）。111 學年度起收費明細不在公開資料中，這是唯一可用的收費代理量，故僅能與同年度同類型同儕比較，不設絕對門檻。,True,"每生教保費收入 113,177.367 元/生（同年度中位 102,287.449 元/生，穩健 z=+1.05）",medium,收支餘絀表（教保費收入）／財報附註一（實際招收人數）／同年度非營利園同儕,學年度,非營利
N22,文仁,110,家長月均實繳 ≤ 登記月費,附註三「收支明細表 1. 教保費收入」之「教保費收入（家長繳費）」÷ 實際招收人數 ÷ 12 個月，與園所基本資料登記之每月收費比較。第二胎以上、低收入戶與身心障礙幼兒依規定減免，所以**平均值本應低於登記月費**；高於登記月費比低於更難解釋。,True,"家長繳費 1,923,000 ÷ 90 人 ÷ 12 月 = 每月 1,781，登記月費 2,000",medium,財報附註三（教保費收入－家長繳費）／財報附註一（實際招收人數）／園所基本資料（每月收費）,學年度,非營利
N22,文仁,110,家長分攤比率 同儕偏離,家長繳費 ÷（家長繳費 + 政府學費差額補助）。非營利園是成本分攤制，分攤比率由核定之營運成本與家長收費數額共同決定，同一年度同一制度下應相近。全市中位數自 110 學年度 0.209 降至 113 學年度 0.113（政府端承擔上升），故僅與同年度同儕比較，不設絕對門檻。,True,家長分攤比率 0.189（同年度中位 0.209，穩健 z=-0.95）,medium,財報附註三（教保費收入－家長繳費／政府學費差額補助）／同年度非營利園同儕,學年度,非營利
N22,文仁,111,教保費收入 = 收費 × 人數,收費明細申報之每生全學年度收費 × 財報附註一所載實際招收人數，應等於收支餘絀表之教保費收入決算數。此對應經 110 學年度 28 份報告實測，中位比值 1.0004、27/28 落在 ±4% 內，故偏離可視為三個數字之一有誤。,,111 學年度查無非營利園收費明細（鏡像自 111 學年度起全市 0 檔，109／110 分別為 23／31 檔）——資料不足，非該園未申報,medium,收支餘絀表（教保費收入）／財報附註一（實際招收人數）／收費明細（全學期總收費）,學年度,非營利
N22,文仁,111,核定人數 財報=登記,財報附註一所載核定招收總人數，應與全國教保資訊網登記之核定招收人數相符。核定人數同時是收費、補助、師生比與樓地板面積的分母，任一系統記載不同，所有以它為基礎的計算都會跟著錯。,True,財報 90 人，登記 90 人，差 +0 人,medium,財報附註一（核定招收人數）／園所基本資料（count_approved）,學年度,非營利
N22,文仁,111,師生比貼齊法定上限,財報附註一之實際招收人數 ÷ 教保服務人員數。幼兒教育及照顧法就 3 歲以上幼兒之配置上限為每 15 名 1 人（2 歲專班更嚴）。全體 132 份報告最大值恰為 15，無一超過，故本檢核標示的是已貼齊上限、任一人請假即無緩衝的情形。,True,90 名幼兒 ÷ 8 位 = 11.25（上限 15）,medium,財報附註一（實際招收人數、教保服務人員數）,學年度,非營利
N22,文仁,111,隱含收費年額 同儕偏離,教保費收入決算數 ÷ 實際招收人數，即財報反推之每名幼兒年度營運成本（含政府差額補助）。111 學年度起收費明細不在公開資料中，這是唯一可用的收費代理量，故僅能與同年度同類型同儕比較，不設絕對門檻。,True,"每生教保費收入 112,679.333 元/生（同年度中位 111,778.059 元/生，穩健 z=+0.09）",medium,收支餘絀表（教保費收入）／財報附註一（實際招收人數）／同年度非營利園同儕,學年度,非營利
N22,文仁,111,家長月均實繳 ≤ 登記月費,附註三「收支明細表 1. 教保費收入」之「教保費收入（家長繳費）」÷ 實際招收人數 ÷ 12 個月，與園所基本資料登記之每月收費比較。第二胎以上、低收入戶與身心障礙幼兒依規定減免，所以**平均值本應低於登記月費**；高於登記月費比低於更難解釋。,True,"家長繳費 1,469,549 ÷ 90 人 ÷ 12 月 = 每月 1,361，登記月費 2,000",medium,財報附註三（教保費收入－家長繳費）／財報附註一（實際招收人數）／園所基本資料（每月收費）,學年度,非營利
N22,文仁,111,家長分攤比率 同儕偏離,家長繳費 ÷（家長繳費 + 政府學費差額補助）。非營利園是成本分攤制，分攤比率由核定之營運成本與家長收費數額共同決定，同一年度同一制度下應相近。全市中位數自 110 學年度 0.209 降至 113 學年度 0.113（政府端承擔上升），故僅與同年度同儕比較，不設絕對門檻。,True,家長分攤比率 0.145（同年度中位 0.153，穩健 z=-0.30）,medium,財報附註三（教保費收入－家長繳費／政府學費差額補助）／同年度非營利園同儕,學年度,非營利
N22,文仁,112,教保費收入 = 收費 × 人數,收費明細申報之每生全學年度收費 × 財報附註一所載實際招收人數，應等於收支餘絀表之教保費收入決算數。此對應經 110 學年度 28 份報告實測，中位比值 1.0004、27/28 落在 ±4% 內，故偏離可視為三個數字之一有誤。,,112 學年度查無非營利園收費明細（鏡像自 111 學年度起全市 0 檔，109／110 分別為 23／31 檔）——資料不足，非該園未申報,medium,收支餘絀表（教保費收入）／財報附註一（實際招收人數）／收費明細（全學期總收費）,學年度,非營利
N22,文仁,112,核定人數 財報=登記,財報附註一所載核定招收總人數，應與全國教保資訊網登記之核定招收人數相符。核定人數同時是收費、補助、師生比與樓地板面積的分母，任一系統記載不同，所有以它為基礎的計算都會跟著錯。,True,財報 90 人，登記 90 人，差 +0 人,medium,財報附註一（核定招收人數）／園所基本資料（count_approved）,學年度,非營利
N22,文仁,112,師生比貼齊法定上限,財報附註一之實際招收人數 ÷ 教保服務人員數。幼兒教育及照顧法就 3 歲以上幼兒之配置上限為每 15 名 1 人（2 歲專班更嚴）。全體 132 份報告最大值恰為 15，無一超過，故本檢核標示的是已貼齊上限、任一人請假即無緩衝的情形。,True,89 名幼兒 ÷ 8 位 = 11.12（上限 15）,medium,財報附註一（實際招收人數、教保服務人員數）,學年度,非營利
N22,文仁,112,隱含收費年額 同儕偏離,教保費收入決算數 ÷ 實際招收人數，即財報反推之每名幼兒年度營運成本（含政府差額補助）。111 學年度起收費明細不在公開資料中，這是唯一可用的收費代理量，故僅能與同年度同類型同儕比較，不設絕對門檻。,True,"每生教保費收入 129,184.618 元/生（同年度中位 116,550.739 元/生，穩健 z=+1.18）",medium,收支餘絀表（教保費收入）／財報附註一（實際招收人數）／同年度非營利園同儕,學年度,非營利
N22,文仁,112,家長月均實繳 ≤ 登記月費,附註三「收支明細表 1. 教保費收入」之「教保費收入（家長繳費）」÷ 實際招收人數 ÷ 12 個月，與園所基本資料登記之每月收費比較。第二胎以上、低收入戶與身心障礙幼兒依規定減免，所以**平均值本應低於登記月費**；高於登記月費比低於更難解釋。,True,"家長繳費 1,499,075 ÷ 89 人 ÷ 12 月 = 每月 1,404，登記月費 2,000",medium,財報附註三（教保費收入－家長繳費）／財報附註一（實際招收人數）／園所基本資料（每月收費）,學年度,非營利
N22,文仁,112,家長分攤比率 同儕偏離,家長繳費 ÷（家長繳費 + 政府學費差額補助）。非營利園是成本分攤制，分攤比率由核定之營運成本與家長收費數額共同決定，同一年度同一制度下應相近。全市中位數自 110 學年度 0.209 降至 113 學年度 0.113（政府端承擔上升），故僅與同年度同儕比較，不設絕對門檻。,True,家長分攤比率 0.130（同年度中位 0.146，穩健 z=-0.66）,medium,財報附註三（教保費收入－家長繳費／政府學費差額補助）／同年度非營利園同儕,學年度,非營利
N22,文仁,113,教保費收入 = 收費 × 人數,收費明細申報之每生全學年度收費 × 財報附註一所載實際招收人數，應等於收支餘絀表之教保費收入決算數。此對應經 110 學年度 28 份報告實測，中位比值 1.0004、27/28 落在 ±4% 內，故偏離可視為三個數字之一有誤。,,113 學年度查無非營利園收費明細（鏡像自 111 學年度起全市 0 檔，109／110 分別為 23／31 檔）——資料不足，非該園未申報,medium,收支餘絀表（教保費收入）／財報附註一（實際招收人數）／收費明細（全學期總收費）,學年度,非營利
N22,文仁,113,核定人數 財報=登記,財報附註一所載核定招收總人數，應與全國教保資訊網登記之核定招收人數相符。核定人數同時是收費、補助、師生比與樓地板面積的分母，任一系統記載不同，所有以它為基礎的計算都會跟著錯。,True,財報 84 人，登記 90 人，差 +6 人,medium,財報附註一（核定招收人數）／園所基本資料（count_approved）,學年度,非營利
N22,文仁,113,師生比貼齊法定上限,財報附註一之實際招收人數 ÷ 教保服務人員數。幼兒教育及照顧法就 3 歲以上幼兒之配置上限為每 15 名 1 人（2 歲專班更嚴）。全體 132 份報告最大值恰為 15，無一超過，故本檢核標示的是已貼齊上限、任一人請假即無緩衝的情形。,True,80 名幼兒 ÷ 7 位 = 11.43（上限 15）,medium,財報附註一（實際招收人數、教保服務人員數）,學年度,非營利
N22,文仁,113,隱含收費年額 同儕偏離,教保費收入決算數 ÷ 實際招收人數，即財報反推之每名幼兒年度營運成本（含政府差額補助）。111 學年度起收費明細不在公開資料中，這是唯一可用的收費代理量，故僅能與同年度同類型同儕比較，不設絕對門檻。,True,"每生教保費收入 157,126.188 元/生（同年度中位 138,439.024 元/生，穩健 z=+0.98）",medium,收支餘絀表（教保費收入）／財報附註一（實際招收人數）／同年度非營利園同儕,學年度,非營利
N22,文仁,113,家長月均實繳 ≤ 登記月費,附註三「收支明細表 1. 教保費收入」之「教保費收入（家長繳費）」÷ 實際招收人數 ÷ 12 個月，與園所基本資料登記之每月收費比較。第二胎以上、低收入戶與身心障礙幼兒依規定減免，所以**平均值本應低於登記月費**；高於登記月費比低於更難解釋。,True,"家長繳費 1,230,095 ÷ 80 人 ÷ 12 月 = 每月 1,281，登記月費 2,000",medium,財報附註三（教保費收入－家長繳費）／財報附註一（實際招收人數）／園所基本資料（每月收費）,學年度,非營利
N22,文仁,113,家長分攤比率 同儕偏離,家長繳費 ÷（家長繳費 + 政府學費差額補助）。非營利園是成本分攤制，分攤比率由核定之營運成本與家長收費數額共同決定，同一年度同一制度下應相近。全市中位數自 110 學年度 0.209 降至 113 學年度 0.113（政府端承擔上升），故僅與同年度同儕比較，不設絕對門檻。,True,家長分攤比率 0.098（同年度中位 0.113，穩健 z=-0.71）,medium,財報附註三（教保費收入－家長繳費／政府學費差額補助）／同年度非營利園同儕,學年度,非營利
N23,菁湖,110,教保費收入 = 收費 × 人數,收費明細申報之每生全學年度收費 × 財報附註一所載實際招收人數，應等於收支餘絀表之教保費收入決算數。此對應經 110 學年度 28 份報告實測，中位比值 1.0004、27/28 落在 ±4% 內，故偏離可視為三個數字之一有誤。,True,"教保費收入 10,500,532 ÷ 實際招收 105 人 = 每生 100,005，申報收費年額 101,040，比值 0.990",medium,收支餘絀表（教保費收入）／財報附註一（實際招收人數）／收費明細（全學期總收費）,學年度,非營利
N23,菁湖,110,核定人數 財報=登記,財報附註一所載核定招收總人數，應與全國教保資訊網登記之核定招收人數相符。核定人數同時是收費、補助、師生比與樓地板面積的分母，任一系統記載不同，所有以它為基礎的計算都會跟著錯。,True,財報 106 人，登記 106 人，差 +0 人,medium,財報附註一（核定招收人數）／園所基本資料（count_approved）,學年度,非營利
N23,菁湖,110,師生比貼齊法定上限,財報附註一之實際招收人數 ÷ 教保服務人員數。幼兒教育及照顧法就 3 歲以上幼兒之配置上限為每 15 名 1 人（2 歲專班更嚴）。全體 132 份報告最大值恰為 15，無一超過，故本檢核標示的是已貼齊上限、任一人請假即無緩衝的情形。,True,105 名幼兒 ÷ 10 位 = 10.50（上限 15）,medium,財報附註一（實際招收人數、教保服務人員數）,學年度,非營利
N23,菁湖,110,隱含收費年額 同儕偏離,教保費收入決算數 ÷ 實際招收人數，即財報反推之每名幼兒年度營運成本（含政府差額補助）。111 學年度起收費明細不在公開資料中，這是唯一可用的收費代理量，故僅能與同年度同類型同儕比較，不設絕對門檻。,True,"每生教保費收入 100,005.067 元/生（同年度中位 102,287.449 元/生，穩健 z=-0.22）",medium,收支餘絀表（教保費收入）／財報附註一（實際招收人數）／同年度非營利園同儕,學年度,非營利
N23,菁湖,110,家長月均實繳 ≤ 登記月費,附註三「收支明細表 1. 教保費收入」之「教保費收入（家長繳費）」÷ 實際招收人數 ÷ 12 個月，與園所基本資料登記之每月收費比較。第二胎以上、低收入戶與身心障礙幼兒依規定減免，所以**平均值本應低於登記月費**；高於登記月費比低於更難解釋。,False,"家長繳費 2,552,500 ÷ 105 人 ÷ 12 月 = 每月 2,026，超過登記月費 2,000 （1.01 倍）。請確認家長繳費是否含代收代辦或延長照顧等另計項目、名冊人數在學年度中是否大幅減少（分母偏小會推高平均），以及登記月費是否已依核定調整",medium,財報附註三（教保費收入－家長繳費）／財報附註一（實際招收人數）／園所基本資料（每月收費）,學年度,非營利
N23,菁湖,110,家長分攤比率 同儕偏離,家長繳費 ÷（家長繳費 + 政府學費差額補助）。非營利園是成本分攤制，分攤比率由核定之營運成本與家長收費數額共同決定，同一年度同一制度下應相近。全市中位數自 110 學年度 0.209 降至 113 學年度 0.113（政府端承擔上升），故僅與同年度同儕比較，不設絕對門檻。,True,家長分攤比率 0.243（同年度中位 0.209，穩健 z=+1.54）,medium,財報附註三（教保費收入－家長繳費／政府學費差額補助）／同年度非營利園同儕,學年度,非營利
N23,菁湖,111,教保費收入 = 收費 × 人數,收費明細申報之每生全學年度收費 × 財報附註一所載實際招收人數，應等於收支餘絀表之教保費收入決算數。此對應經 110 學年度 28 份報告實測，中位比值 1.0004、27/28 落在 ±4% 內，故偏離可視為三個數字之一有誤。,,111 學年度查無非營利園收費明細（鏡像自 111 學年度起全市 0 檔，109／110 分別為 23／31 檔）——資料不足，非該園未申報,medium,收支餘絀表（教保費收入）／財報附註一（實際招收人數）／收費明細（全學期總收費）,學年度,非營利
N23,菁湖,111,核定人數 財報=登記,財報附註一所載核定招收總人數，應與全國教保資訊網登記之核定招收人數相符。核定人數同時是收費、補助、師生比與樓地板面積的分母，任一系統記載不同，所有以它為基礎的計算都會跟著錯。,True,財報 106 人，登記 106 人，差 +0 人,medium,財報附註一（核定招收人數）／園所基本資料（count_approved）,學年度,非營利
N23,菁湖,111,師生比貼齊法定上限,財報附註一之實際招收人數 ÷ 教保服務人員數。幼兒教育及照顧法就 3 歲以上幼兒之配置上限為每 15 名 1 人（2 歲專班更嚴）。全體 132 份報告最大值恰為 15，無一超過，故本檢核標示的是已貼齊上限、任一人請假即無緩衝的情形。,True,102 名幼兒 ÷ 10 位 = 10.20（上限 15）,medium,財報附註一（實際招收人數、教保服務人員數）,學年度,非營利
N23,菁湖,111,隱含收費年額 同儕偏離,教保費收入決算數 ÷ 實際招收人數，即財報反推之每名幼兒年度營運成本（含政府差額補助）。111 學年度起收費明細不在公開資料中，這是唯一可用的收費代理量，故僅能與同年度同類型同儕比較，不設絕對門檻。,True,"每生教保費收入 103,226.775 元/生（同年度中位 111,778.059 元/生，穩健 z=-0.85）",medium,收支餘絀表（教保費收入）／財報附註一（實際招收人數）／同年度非營利園同儕,學年度,非營利
N23,菁湖,111,家長月均實繳 ≤ 登記月費,附註三「收支明細表 1. 教保費收入」之「教保費收入（家長繳費）」÷ 實際招收人數 ÷ 12 個月，與園所基本資料登記之每月收費比較。第二胎以上、低收入戶與身心障礙幼兒依規定減免，所以**平均值本應低於登記月費**；高於登記月費比低於更難解釋。,True,"家長繳費 1,789,767 ÷ 102 人 ÷ 12 月 = 每月 1,462，登記月費 2,000",medium,財報附註三（教保費收入－家長繳費）／財報附註一（實際招收人數）／園所基本資料（每月收費）,學年度,非營利
N23,菁湖,111,家長分攤比率 同儕偏離,家長繳費 ÷（家長繳費 + 政府學費差額補助）。非營利園是成本分攤制，分攤比率由核定之營運成本與家長收費數額共同決定，同一年度同一制度下應相近。全市中位數自 110 學年度 0.209 降至 113 學年度 0.113（政府端承擔上升），故僅與同年度同儕比較，不設絕對門檻。,True,家長分攤比率 0.170（同年度中位 0.153，穩健 z=+0.69）,medium,財報附註三（教保費收入－家長繳費／政府學費差額補助）／同年度非營利園同儕,學年度,非營利
N23,菁湖,112,教保費收入 = 收費 × 人數,收費明細申報之每生全學年度收費 × 財報附註一所載實際招收人數，應等於收支餘絀表之教保費收入決算數。此對應經 110 學年度 28 份報告實測，中位比值 1.0004、27/28 落在 ±4% 內，故偏離可視為三個數字之一有誤。,,112 學年度查無非營利園收費明細（鏡像自 111 學年度起全市 0 檔，109／110 分別為 23／31 檔）——資料不足，非該園未申報,medium,收支餘絀表（教保費收入）／財報附註一（實際招收人數）／收費明細（全學期總收費）,學年度,非營利
N23,菁湖,112,核定人數 財報=登記,財報附註一所載核定招收總人數，應與全國教保資訊網登記之核定招收人數相符。核定人數同時是收費、補助、師生比與樓地板面積的分母，任一系統記載不同，所有以它為基礎的計算都會跟著錯。,True,財報 106 人，登記 106 人，差 +0 人,medium,財報附註一（核定招收人數）／園所基本資料（count_approved）,學年度,非營利
N23,菁湖,112,師生比貼齊法定上限,財報附註一之實際招收人數 ÷ 教保服務人員數。幼兒教育及照顧法就 3 歲以上幼兒之配置上限為每 15 名 1 人（2 歲專班更嚴）。全體 132 份報告最大值恰為 15，無一超過，故本檢核標示的是已貼齊上限、任一人請假即無緩衝的情形。,True,102 名幼兒 ÷ 10 位 = 10.20（上限 15）,medium,財報附註一（實際招收人數、教保服務人員數）,學年度,非營利
N23,菁湖,112,隱含收費年額 同儕偏離,教保費收入決算數 ÷ 實際招收人數，即財報反推之每名幼兒年度營運成本（含政府差額補助）。111 學年度起收費明細不在公開資料中，這是唯一可用的收費代理量，故僅能與同年度同類型同儕比較，不設絕對門檻。,True,"每生教保費收入 102,369.255 元/生（同年度中位 116,550.739 元/生，穩健 z=-1.32）",medium,收支餘絀表（教保費收入）／財報附註一（實際招收人數）／同年度非營利園同儕,學年度,非營利
N23,菁湖,112,家長月均實繳 ≤ 登記月費,附註三「收支明細表 1. 教保費收入」之「教保費收入（家長繳費）」÷ 實際招收人數 ÷ 12 個月，與園所基本資料登記之每月收費比較。第二胎以上、低收入戶與身心障礙幼兒依規定減免，所以**平均值本應低於登記月費**；高於登記月費比低於更難解釋。,True,"家長繳費 1,684,000 ÷ 102 人 ÷ 12 月 = 每月 1,376，登記月費 2,000",medium,財報附註三（教保費收入－家長繳費）／財報附註一（實際招收人數）／園所基本資料（每月收費）,學年度,非營利
N23,菁湖,112,家長分攤比率 同儕偏離,家長繳費 ÷（家長繳費 + 政府學費差額補助）。非營利園是成本分攤制，分攤比率由核定之營運成本與家長收費數額共同決定，同一年度同一制度下應相近。全市中位數自 110 學年度 0.209 降至 113 學年度 0.113（政府端承擔上升），故僅與同年度同儕比較，不設絕對門檻。,True,家長分攤比率 0.161（同年度中位 0.146，穩健 z=+0.64）,medium,財報附註三（教保費收入－家長繳費／政府學費差額補助）／同年度非營利園同儕,學年度,非營利
N23,菁湖,113,教保費收入 = 收費 × 人數,收費明細申報之每生全學年度收費 × 財報附註一所載實際招收人數，應等於收支餘絀表之教保費收入決算數。此對應經 110 學年度 28 份報告實測，中位比值 1.0004、27/28 落在 ±4% 內，故偏離可視為三個數字之一有誤。,,113 學年度查無非營利園收費明細（鏡像自 111 學年度起全市 0 檔，109／110 分別為 23／31 檔）——資料不足，非該園未申報,medium,收支餘絀表（教保費收入）／財報附註一（實際招收人數）／收費明細（全學期總收費）,學年度,非營利
N23,菁湖,113,核定人數 財報=登記,財報附註一所載核定招收總人數，應與全國教保資訊網登記之核定招收人數相符。核定人數同時是收費、補助、師生比與樓地板面積的分母，任一系統記載不同，所有以它為基礎的計算都會跟著錯。,True,財報 100 人，登記 106 人，差 +6 人,medium,財報附註一（核定招收人數）／園所基本資料（count_approved）,學年度,非營利
N23,菁湖,113,師生比貼齊法定上限,財報附註一之實際招收人數 ÷ 教保服務人員數。幼兒教育及照顧法就 3 歲以上幼兒之配置上限為每 15 名 1 人（2 歲專班更嚴）。全體 132 份報告最大值恰為 15，無一超過，故本檢核標示的是已貼齊上限、任一人請假即無緩衝的情形。,True,95 名幼兒 ÷ 10 位 = 9.50（上限 15）,medium,財報附註一（實際招收人數、教保服務人員數）,學年度,非營利
N23,菁湖,113,隱含收費年額 同儕偏離,教保費收入決算數 ÷ 實際招收人數，即財報反推之每名幼兒年度營運成本（含政府差額補助）。111 學年度起收費明細不在公開資料中，這是唯一可用的收費代理量，故僅能與同年度同類型同儕比較，不設絕對門檻。,True,"每生教保費收入 143,968.421 元/生（同年度中位 138,439.024 元/生，穩健 z=+0.29）",medium,收支餘絀表（教保費收入）／財報附註一（實際招收人數）／同年度非營利園同儕,學年度,非營利
N23,菁湖,113,家長月均實繳 ≤ 登記月費,附註三「收支明細表 1. 教保費收入」之「教保費收入（家長繳費）」÷ 實際招收人數 ÷ 12 個月，與園所基本資料登記之每月收費比較。第二胎以上、低收入戶與身心障礙幼兒依規定減免，所以**平均值本應低於登記月費**；高於登記月費比低於更難解釋。,True,"家長繳費 1,357,000 ÷ 95 人 ÷ 12 月 = 每月 1,190，登記月費 2,000",medium,財報附註三（教保費收入－家長繳費）／財報附註一（實際招收人數）／園所基本資料（每月收費）,學年度,非營利
N23,菁湖,113,家長分攤比率 同儕偏離,家長繳費 ÷（家長繳費 + 政府學費差額補助）。非營利園是成本分攤制，分攤比率由核定之營運成本與家長收費數額共同決定，同一年度同一制度下應相近。全市中位數自 110 學年度 0.209 降至 113 學年度 0.113（政府端承擔上升），故僅與同年度同儕比較，不設絕對門檻。,True,家長分攤比率 0.099（同年度中位 0.113，穩健 z=-0.65）,medium,財報附註三（教保費收入－家長繳費／政府學費差額補助）／同年度非營利園同儕,學年度,非營利
N24,佳林,110,教保費收入 = 收費 × 人數,收費明細申報之每生全學年度收費 × 財報附註一所載實際招收人數，應等於收支餘絀表之教保費收入決算數。此對應經 110 學年度 28 份報告實測，中位比值 1.0004、27/28 落在 ±4% 內，故偏離可視為三個數字之一有誤。,True,"教保費收入 9,641,447 ÷ 實際招收 89 人 = 每生 108,331，申報收費年額 106,800，比值 1.014",medium,收支餘絀表（教保費收入）／財報附註一（實際招收人數）／收費明細（全學期總收費）,學年度,非營利
N24,佳林,110,核定人數 財報=登記,財報附註一所載核定招收總人數，應與全國教保資訊網登記之核定招收人數相符。核定人數同時是收費、補助、師生比與樓地板面積的分母，任一系統記載不同，所有以它為基礎的計算都會跟著錯。,True,財報 90 人，登記 90 人，差 +0 人,medium,財報附註一（核定招收人數）／園所基本資料（count_approved）,學年度,非營利
N24,佳林,110,師生比貼齊法定上限,財報附註一之實際招收人數 ÷ 教保服務人員數。幼兒教育及照顧法就 3 歲以上幼兒之配置上限為每 15 名 1 人（2 歲專班更嚴）。全體 132 份報告最大值恰為 15，無一超過，故本檢核標示的是已貼齊上限、任一人請假即無緩衝的情形。,True,89 名幼兒 ÷ 8 位 = 11.12（上限 15）,medium,財報附註一（實際招收人數、教保服務人員數）,學年度,非營利
N24,佳林,110,隱含收費年額 同儕偏離,教保費收入決算數 ÷ 實際招收人數，即財報反推之每名幼兒年度營運成本（含政府差額補助）。111 學年度起收費明細不在公開資料中，這是唯一可用的收費代理量，故僅能與同年度同類型同儕比較，不設絕對門檻。,True,"每生教保費收入 108,330.865 元/生（同年度中位 102,287.449 元/生，穩健 z=+0.58）",medium,收支餘絀表（教保費收入）／財報附註一（實際招收人數）／同年度非營利園同儕,學年度,非營利
N24,佳林,110,家長月均實繳 ≤ 登記月費,附註三「收支明細表 1. 教保費收入」之「教保費收入（家長繳費）」÷ 實際招收人數 ÷ 12 個月，與園所基本資料登記之每月收費比較。第二胎以上、低收入戶與身心障礙幼兒依規定減免，所以**平均值本應低於登記月費**；高於登記月費比低於更難解釋。,True,"家長繳費 1,956,917 ÷ 89 人 ÷ 12 月 = 每月 1,832，登記月費 2,000",medium,財報附註三（教保費收入－家長繳費）／財報附註一（實際招收人數）／園所基本資料（每月收費）,學年度,非營利
N24,佳林,110,家長分攤比率 同儕偏離,家長繳費 ÷（家長繳費 + 政府學費差額補助）。非營利園是成本分攤制，分攤比率由核定之營運成本與家長收費數額共同決定，同一年度同一制度下應相近。全市中位數自 110 學年度 0.209 降至 113 學年度 0.113（政府端承擔上升），故僅與同年度同儕比較，不設絕對門檻。,True,家長分攤比率 0.203（同年度中位 0.209，穩健 z=-0.30）,medium,財報附註三（教保費收入－家長繳費／政府學費差額補助）／同年度非營利園同儕,學年度,非營利
N24,佳林,111,教保費收入 = 收費 × 人數,收費明細申報之每生全學年度收費 × 財報附註一所載實際招收人數，應等於收支餘絀表之教保費收入決算數。此對應經 110 學年度 28 份報告實測，中位比值 1.0004、27/28 落在 ±4% 內，故偏離可視為三個數字之一有誤。,,111 學年度查無非營利園收費明細（鏡像自 111 學年度起全市 0 檔，109／110 分別為 23／31 檔）——資料不足，非該園未申報,medium,收支餘絀表（教保費收入）／財報附註一（實際招收人數）／收費明細（全學期總收費）,學年度,非營利
N24,佳林,111,核定人數 財報=登記,財報附註一所載核定招收總人數，應與全國教保資訊網登記之核定招收人數相符。核定人數同時是收費、補助、師生比與樓地板面積的分母，任一系統記載不同，所有以它為基礎的計算都會跟著錯。,True,財報 90 人，登記 90 人，差 +0 人,medium,財報附註一（核定招收人數）／園所基本資料（count_approved）,學年度,非營利
N24,佳林,111,師生比貼齊法定上限,財報附註一之實際招收人數 ÷ 教保服務人員數。幼兒教育及照顧法就 3 歲以上幼兒之配置上限為每 15 名 1 人（2 歲專班更嚴）。全體 132 份報告最大值恰為 15，無一超過，故本檢核標示的是已貼齊上限、任一人請假即無緩衝的情形。,True,90 名幼兒 ÷ 8 位 = 11.25（上限 15）,medium,財報附註一（實際招收人數、教保服務人員數）,學年度,非營利
N24,佳林,111,隱含收費年額 同儕偏離,教保費收入決算數 ÷ 實際招收人數，即財報反推之每名幼兒年度營運成本（含政府差額補助）。111 學年度起收費明細不在公開資料中，這是唯一可用的收費代理量，故僅能與同年度同類型同儕比較，不設絕對門檻。,True,"每生教保費收入 106,955.556 元/生（同年度中位 111,778.059 元/生，穩健 z=-0.48）",medium,收支餘絀表（教保費收入）／財報附註一（實際招收人數）／同年度非營利園同儕,學年度,非營利
N24,佳林,111,家長月均實繳 ≤ 登記月費,附註三「收支明細表 1. 教保費收入」之「教保費收入（家長繳費）」÷ 實際招收人數 ÷ 12 個月，與園所基本資料登記之每月收費比較。第二胎以上、低收入戶與身心障礙幼兒依規定減免，所以**平均值本應低於登記月費**；高於登記月費比低於更難解釋。,True,"家長繳費 1,598,000 ÷ 90 人 ÷ 12 月 = 每月 1,480，登記月費 2,000",medium,財報附註三（教保費收入－家長繳費）／財報附註一（實際招收人數）／園所基本資料（每月收費）,學年度,非營利
N24,佳林,111,家長分攤比率 同儕偏離,家長繳費 ÷（家長繳費 + 政府學費差額補助）。非營利園是成本分攤制，分攤比率由核定之營運成本與家長收費數額共同決定，同一年度同一制度下應相近。全市中位數自 110 學年度 0.209 降至 113 學年度 0.113（政府端承擔上升），故僅與同年度同儕比較，不設絕對門檻。,True,家長分攤比率 0.166（同年度中位 0.153，穩健 z=+0.53）,medium,財報附註三（教保費收入－家長繳費／政府學費差額補助）／同年度非營利園同儕,學年度,非營利
N24,佳林,112,教保費收入 = 收費 × 人數,收費明細申報之每生全學年度收費 × 財報附註一所載實際招收人數，應等於收支餘絀表之教保費收入決算數。此對應經 110 學年度 28 份報告實測，中位比值 1.0004、27/28 落在 ±4% 內，故偏離可視為三個數字之一有誤。,,112 學年度查無非營利園收費明細（鏡像自 111 學年度起全市 0 檔，109／110 分別為 23／31 檔）——資料不足，非該園未申報,medium,收支餘絀表（教保費收入）／財報附註一（實際招收人數）／收費明細（全學期總收費）,學年度,非營利
N24,佳林,112,核定人數 財報=登記,財報附註一所載核定招收總人數，應與全國教保資訊網登記之核定招收人數相符。核定人數同時是收費、補助、師生比與樓地板面積的分母，任一系統記載不同，所有以它為基礎的計算都會跟著錯。,True,財報 90 人，登記 90 人，差 +0 人,medium,財報附註一（核定招收人數）／園所基本資料（count_approved）,學年度,非營利
N24,佳林,112,師生比貼齊法定上限,財報附註一之實際招收人數 ÷ 教保服務人員數。幼兒教育及照顧法就 3 歲以上幼兒之配置上限為每 15 名 1 人（2 歲專班更嚴）。全體 132 份報告最大值恰為 15，無一超過，故本檢核標示的是已貼齊上限、任一人請假即無緩衝的情形。,True,90 名幼兒 ÷ 8 位 = 11.25（上限 15）,medium,財報附註一（實際招收人數、教保服務人員數）,學年度,非營利
N24,佳林,112,隱含收費年額 同儕偏離,教保費收入決算數 ÷ 實際招收人數，即財報反推之每名幼兒年度營運成本（含政府差額補助）。111 學年度起收費明細不在公開資料中，這是唯一可用的收費代理量，故僅能與同年度同類型同儕比較，不設絕對門檻。,True,"每生教保費收入 106,896.867 元/生（同年度中位 116,550.739 元/生，穩健 z=-0.90）",medium,收支餘絀表（教保費收入）／財報附註一（實際招收人數）／同年度非營利園同儕,學年度,非營利
N24,佳林,112,家長月均實繳 ≤ 登記月費,附註三「收支明細表 1. 教保費收入」之「教保費收入（家長繳費）」÷ 實際招收人數 ÷ 12 個月，與園所基本資料登記之每月收費比較。第二胎以上、低收入戶與身心障礙幼兒依規定減免，所以**平均值本應低於登記月費**；高於登記月費比低於更難解釋。,True,"家長繳費 1,605,818 ÷ 90 人 ÷ 12 月 = 每月 1,487，登記月費 2,000",medium,財報附註三（教保費收入－家長繳費）／財報附註一（實際招收人數）／園所基本資料（每月收費）,學年度,非營利
N24,佳林,112,家長分攤比率 同儕偏離,家長繳費 ÷（家長繳費 + 政府學費差額補助）。非營利園是成本分攤制，分攤比率由核定之營運成本與家長收費數額共同決定，同一年度同一制度下應相近。全市中位數自 110 學年度 0.209 降至 113 學年度 0.113（政府端承擔上升），故僅與同年度同儕比較，不設絕對門檻。,True,家長分攤比率 0.167（同年度中位 0.146，穩健 z=+0.88）,medium,財報附註三（教保費收入－家長繳費／政府學費差額補助）／同年度非營利園同儕,學年度,非營利
N24,佳林,113,教保費收入 = 收費 × 人數,收費明細申報之每生全學年度收費 × 財報附註一所載實際招收人數，應等於收支餘絀表之教保費收入決算數。此對應經 110 學年度 28 份報告實測，中位比值 1.0004、27/28 落在 ±4% 內，故偏離可視為三個數字之一有誤。,,113 學年度查無非營利園收費明細（鏡像自 111 學年度起全市 0 檔，109／110 分別為 23／31 檔）——資料不足，非該園未申報,medium,收支餘絀表（教保費收入）／財報附註一（實際招收人數）／收費明細（全學期總收費）,學年度,非營利
N24,佳林,113,核定人數 財報=登記,財報附註一所載核定招收總人數，應與全國教保資訊網登記之核定招收人數相符。核定人數同時是收費、補助、師生比與樓地板面積的分母，任一系統記載不同，所有以它為基礎的計算都會跟著錯。,True,財報 78 人，登記 90 人，差 +12 人,medium,財報附註一（核定招收人數）／園所基本資料（count_approved）,學年度,非營利
N24,佳林,113,師生比貼齊法定上限,財報附註一之實際招收人數 ÷ 教保服務人員數。幼兒教育及照顧法就 3 歲以上幼兒之配置上限為每 15 名 1 人（2 歲專班更嚴）。全體 132 份報告最大值恰為 15，無一超過，故本檢核標示的是已貼齊上限、任一人請假即無緩衝的情形。,True,76 名幼兒 ÷ 8 位 = 9.50（上限 15）,medium,財報附註一（實際招收人數、教保服務人員數）,學年度,非營利
N24,佳林,113,隱含收費年額 同儕偏離,教保費收入決算數 ÷ 實際招收人數，即財報反推之每名幼兒年度營運成本（含政府差額補助）。111 學年度起收費明細不在公開資料中，這是唯一可用的收費代理量，故僅能與同年度同類型同儕比較，不設絕對門檻。,True,"每生教保費收入 125,775.684 元/生（同年度中位 138,439.024 元/生，穩健 z=-0.67）",medium,收支餘絀表（教保費收入）／財報附註一（實際招收人數）／同年度非營利園同儕,學年度,非營利
N24,佳林,113,家長月均實繳 ≤ 登記月費,附註三「收支明細表 1. 教保費收入」之「教保費收入（家長繳費）」÷ 實際招收人數 ÷ 12 個月，與園所基本資料登記之每月收費比較。第二胎以上、低收入戶與身心障礙幼兒依規定減免，所以**平均值本應低於登記月費**；高於登記月費比低於更難解釋。,True,"家長繳費 1,358,952 ÷ 76 人 ÷ 12 月 = 每月 1,490，登記月費 2,000",medium,財報附註三（教保費收入－家長繳費）／財報附註一（實際招收人數）／園所基本資料（每月收費）,學年度,非營利
N24,佳林,113,家長分攤比率 同儕偏離,家長繳費 ÷（家長繳費 + 政府學費差額補助）。非營利園是成本分攤制，分攤比率由核定之營運成本與家長收費數額共同決定，同一年度同一制度下應相近。全市中位數自 110 學年度 0.209 降至 113 學年度 0.113（政府端承擔上升），故僅與同年度同儕比較，不設絕對門檻。,True,家長分攤比率 0.142（同年度中位 0.113，穩健 z=+1.30）,medium,財報附註三（教保費收入－家長繳費／政府學費差額補助）／同年度非營利園同儕,學年度,非營利
N25,碧城,110,教保費收入 = 收費 × 人數,收費明細申報之每生全學年度收費 × 財報附註一所載實際招收人數，應等於收支餘絀表之教保費收入決算數。此對應經 110 學年度 28 份報告實測，中位比值 1.0004、27/28 落在 ±4% 內，故偏離可視為三個數字之一有誤。,True,"教保費收入 11,757,709 ÷ 實際招收 119 人 = 每生 98,804，申報收費年額 98,052，比值 1.008",medium,收支餘絀表（教保費收入）／財報附註一（實際招收人數）／收費明細（全學期總收費）,學年度,非營利
N25,碧城,110,核定人數 財報=登記,財報附註一所載核定招收總人數，應與全國教保資訊網登記之核定招收人數相符。核定人數同時是收費、補助、師生比與樓地板面積的分母，任一系統記載不同，所有以它為基礎的計算都會跟著錯。,True,財報 120 人，登記 120 人，差 +0 人,medium,財報附註一（核定招收人數）／園所基本資料（count_approved）,學年度,非營利
N25,碧城,110,師生比貼齊法定上限,財報附註一之實際招收人數 ÷ 教保服務人員數。幼兒教育及照顧法就 3 歲以上幼兒之配置上限為每 15 名 1 人（2 歲專班更嚴）。全體 132 份報告最大值恰為 15，無一超過，故本檢核標示的是已貼齊上限、任一人請假即無緩衝的情形。,False,119 名幼兒 ÷ 9 位教保服務人員 = 13.22，已達法定上限 15 的 88%。若含 2 歲專班則配置標準更嚴，請確認各班實際配置與代理人力,medium,財報附註一（實際招收人數、教保服務人員數）,學年度,非營利
N25,碧城,110,隱含收費年額 同儕偏離,教保費收入決算數 ÷ 實際招收人數，即財報反推之每名幼兒年度營運成本（含政府差額補助）。111 學年度起收費明細不在公開資料中，這是唯一可用的收費代理量，故僅能與同年度同類型同儕比較，不設絕對門檻。,True,"每生教保費收入 98,804.277 元/生（同年度中位 102,287.449 元/生，穩健 z=-0.33）",medium,收支餘絀表（教保費收入）／財報附註一（實際招收人數）／同年度非營利園同儕,學年度,非營利
N25,碧城,110,家長月均實繳 ≤ 登記月費,附註三「收支明細表 1. 教保費收入」之「教保費收入（家長繳費）」÷ 實際招收人數 ÷ 12 個月，與園所基本資料登記之每月收費比較。第二胎以上、低收入戶與身心障礙幼兒依規定減免，所以**平均值本應低於登記月費**；高於登記月費比低於更難解釋。,True,"家長繳費 2,794,384 ÷ 119 人 ÷ 12 月 = 每月 1,957，登記月費 2,000",medium,財報附註三（教保費收入－家長繳費）／財報附註一（實際招收人數）／園所基本資料（每月收費）,學年度,非營利
N25,碧城,110,家長分攤比率 同儕偏離,家長繳費 ÷（家長繳費 + 政府學費差額補助）。非營利園是成本分攤制，分攤比率由核定之營運成本與家長收費數額共同決定，同一年度同一制度下應相近。全市中位數自 110 學年度 0.209 降至 113 學年度 0.113（政府端承擔上升），故僅與同年度同儕比較，不設絕對門檻。,True,家長分攤比率 0.238（同年度中位 0.209，穩健 z=+1.29）,medium,財報附註三（教保費收入－家長繳費／政府學費差額補助）／同年度非營利園同儕,學年度,非營利
N25,碧城,111,教保費收入 = 收費 × 人數,收費明細申報之每生全學年度收費 × 財報附註一所載實際招收人數，應等於收支餘絀表之教保費收入決算數。此對應經 110 學年度 28 份報告實測，中位比值 1.0004、27/28 落在 ±4% 內，故偏離可視為三個數字之一有誤。,,111 學年度查無非營利園收費明細（鏡像自 111 學年度起全市 0 檔，109／110 分別為 23／31 檔）——資料不足，非該園未申報,medium,收支餘絀表（教保費收入）／財報附註一（實際招收人數）／收費明細（全學期總收費）,學年度,非營利
N25,碧城,111,核定人數 財報=登記,財報附註一所載核定招收總人數，應與全國教保資訊網登記之核定招收人數相符。核定人數同時是收費、補助、師生比與樓地板面積的分母，任一系統記載不同，所有以它為基礎的計算都會跟著錯。,True,財報 120 人，登記 120 人，差 +0 人,medium,財報附註一（核定招收人數）／園所基本資料（count_approved）,學年度,非營利
N25,碧城,111,師生比貼齊法定上限,財報附註一之實際招收人數 ÷ 教保服務人員數。幼兒教育及照顧法就 3 歲以上幼兒之配置上限為每 15 名 1 人（2 歲專班更嚴）。全體 132 份報告最大值恰為 15，無一超過，故本檢核標示的是已貼齊上限、任一人請假即無緩衝的情形。,False,120 名幼兒 ÷ 9 位教保服務人員 = 13.33，已達法定上限 15 的 89%。若含 2 歲專班則配置標準更嚴，請確認各班實際配置與代理人力,medium,財報附註一（實際招收人數、教保服務人員數）,學年度,非營利
N25,碧城,111,隱含收費年額 同儕偏離,教保費收入決算數 ÷ 實際招收人數，即財報反推之每名幼兒年度營運成本（含政府差額補助）。111 學年度起收費明細不在公開資料中，這是唯一可用的收費代理量，故僅能與同年度同類型同儕比較，不設絕對門檻。,True,"每生教保費收入 98,135.817 元/生（同年度中位 111,778.059 元/生，穩健 z=-1.35）",medium,收支餘絀表（教保費收入）／財報附註一（實際招收人數）／同年度非營利園同儕,學年度,非營利
N25,碧城,111,家長月均實繳 ≤ 登記月費,附註三「收支明細表 1. 教保費收入」之「教保費收入（家長繳費）」÷ 實際招收人數 ÷ 12 個月，與園所基本資料登記之每月收費比較。第二胎以上、低收入戶與身心障礙幼兒依規定減免，所以**平均值本應低於登記月費**；高於登記月費比低於更難解釋。,True,"家長繳費 2,212,228 ÷ 120 人 ÷ 12 月 = 每月 1,536，登記月費 2,000",medium,財報附註三（教保費收入－家長繳費）／財報附註一（實際招收人數）／園所基本資料（每月收費）,學年度,非營利
N25,碧城,111,家長分攤比率 同儕偏離,家長繳費 ÷（家長繳費 + 政府學費差額補助）。非營利園是成本分攤制，分攤比率由核定之營運成本與家長收費數額共同決定，同一年度同一制度下應相近。全市中位數自 110 學年度 0.209 降至 113 學年度 0.113（政府端承擔上升），故僅與同年度同儕比較，不設絕對門檻。,True,家長分攤比率 0.188（同年度中位 0.153，穩健 z=+1.40）,medium,財報附註三（教保費收入－家長繳費／政府學費差額補助）／同年度非營利園同儕,學年度,非營利
N25,碧城,112,教保費收入 = 收費 × 人數,收費明細申報之每生全學年度收費 × 財報附註一所載實際招收人數，應等於收支餘絀表之教保費收入決算數。此對應經 110 學年度 28 份報告實測，中位比值 1.0004、27/28 落在 ±4% 內，故偏離可視為三個數字之一有誤。,,112 學年度查無非營利園收費明細（鏡像自 111 學年度起全市 0 檔，109／110 分別為 23／31 檔）——資料不足，非該園未申報,medium,收支餘絀表（教保費收入）／財報附註一（實際招收人數）／收費明細（全學期總收費）,學年度,非營利
N25,碧城,112,核定人數 財報=登記,財報附註一所載核定招收總人數，應與全國教保資訊網登記之核定招收人數相符。核定人數同時是收費、補助、師生比與樓地板面積的分母，任一系統記載不同，所有以它為基礎的計算都會跟著錯。,True,財報 120 人，登記 120 人，差 +0 人,medium,財報附註一（核定招收人數）／園所基本資料（count_approved）,學年度,非營利
N25,碧城,112,師生比貼齊法定上限,財報附註一之實際招收人數 ÷ 教保服務人員數。幼兒教育及照顧法就 3 歲以上幼兒之配置上限為每 15 名 1 人（2 歲專班更嚴）。全體 132 份報告最大值恰為 15，無一超過，故本檢核標示的是已貼齊上限、任一人請假即無緩衝的情形。,False,119 名幼兒 ÷ 9 位教保服務人員 = 13.22，已達法定上限 15 的 88%。若含 2 歲專班則配置標準更嚴，請確認各班實際配置與代理人力,medium,財報附註一（實際招收人數、教保服務人員數）,學年度,非營利
N25,碧城,112,隱含收費年額 同儕偏離,教保費收入決算數 ÷ 實際招收人數，即財報反推之每名幼兒年度營運成本（含政府差額補助）。111 學年度起收費明細不在公開資料中，這是唯一可用的收費代理量，故僅能與同年度同類型同儕比較，不設絕對門檻。,True,"每生教保費收入 98,887.664 元/生（同年度中位 116,550.739 元/生，穩健 z=-1.65）",medium,收支餘絀表（教保費收入）／財報附註一（實際招收人數）／同年度非營利園同儕,學年度,非營利
N25,碧城,112,家長月均實繳 ≤ 登記月費,附註三「收支明細表 1. 教保費收入」之「教保費收入（家長繳費）」÷ 實際招收人數 ÷ 12 個月，與園所基本資料登記之每月收費比較。第二胎以上、低收入戶與身心障礙幼兒依規定減免，所以**平均值本應低於登記月費**；高於登記月費比低於更難解釋。,True,"家長繳費 1,949,392 ÷ 119 人 ÷ 12 月 = 每月 1,365，登記月費 2,000",medium,財報附註三（教保費收入－家長繳費）／財報附註一（實際招收人數）／園所基本資料（每月收費）,學年度,非營利
N25,碧城,112,家長分攤比率 同儕偏離,家長繳費 ÷（家長繳費 + 政府學費差額補助）。非營利園是成本分攤制，分攤比率由核定之營運成本與家長收費數額共同決定，同一年度同一制度下應相近。全市中位數自 110 學年度 0.209 降至 113 學年度 0.113（政府端承擔上升），故僅與同年度同儕比較，不設絕對門檻。,True,家長分攤比率 0.166（同年度中位 0.146，穩健 z=+0.82）,medium,財報附註三（教保費收入－家長繳費／政府學費差額補助）／同年度非營利園同儕,學年度,非營利
N25,碧城,113,教保費收入 = 收費 × 人數,收費明細申報之每生全學年度收費 × 財報附註一所載實際招收人數，應等於收支餘絀表之教保費收入決算數。此對應經 110 學年度 28 份報告實測，中位比值 1.0004、27/28 落在 ±4% 內，故偏離可視為三個數字之一有誤。,,113 學年度查無非營利園收費明細（鏡像自 111 學年度起全市 0 檔，109／110 分別為 23／31 檔）——資料不足，非該園未申報,medium,收支餘絀表（教保費收入）／財報附註一（實際招收人數）／收費明細（全學期總收費）,學年度,非營利
N25,碧城,113,核定人數 財報=登記,財報附註一所載核定招收總人數，應與全國教保資訊網登記之核定招收人數相符。核定人數同時是收費、補助、師生比與樓地板面積的分母，任一系統記載不同，所有以它為基礎的計算都會跟著錯。,True,財報 112 人，登記 120 人，差 +8 人,medium,財報附註一（核定招收人數）／園所基本資料（count_approved）,學年度,非營利
N25,碧城,113,師生比貼齊法定上限,財報附註一之實際招收人數 ÷ 教保服務人員數。幼兒教育及照顧法就 3 歲以上幼兒之配置上限為每 15 名 1 人（2 歲專班更嚴）。全體 132 份報告最大值恰為 15，無一超過，故本檢核標示的是已貼齊上限、任一人請假即無緩衝的情形。,True,109 名幼兒 ÷ 9 位 = 12.11（上限 15）,medium,財報附註一（實際招收人數、教保服務人員數）,學年度,非營利
N25,碧城,113,隱含收費年額 同儕偏離,教保費收入決算數 ÷ 實際招收人數，即財報反推之每名幼兒年度營運成本（含政府差額補助）。111 學年度起收費明細不在公開資料中，這是唯一可用的收費代理量，故僅能與同年度同類型同儕比較，不設絕對門檻。,True,"每生教保費收入 108,880.798 元/生（同年度中位 138,439.024 元/生，穩健 z=-1.55）",medium,收支餘絀表（教保費收入）／財報附註一（實際招收人數）／同年度非營利園同儕,學年度,非營利
N25,碧城,113,家長月均實繳 ≤ 登記月費,附註三「收支明細表 1. 教保費收入」之「教保費收入（家長繳費）」÷ 實際招收人數 ÷ 12 個月，與園所基本資料登記之每月收費比較。第二胎以上、低收入戶與身心障礙幼兒依規定減免，所以**平均值本應低於登記月費**；高於登記月費比低於更難解釋。,True,"家長繳費 1,791,205 ÷ 109 人 ÷ 12 月 = 每月 1,369，登記月費 2,000",medium,財報附註三（教保費收入－家長繳費）／財報附註一（實際招收人數）／園所基本資料（每月收費）,學年度,非營利
N25,碧城,113,家長分攤比率 同儕偏離,家長繳費 ÷（家長繳費 + 政府學費差額補助）。非營利園是成本分攤制，分攤比率由核定之營運成本與家長收費數額共同決定，同一年度同一制度下應相近。全市中位數自 110 學年度 0.209 降至 113 學年度 0.113（政府端承擔上升），故僅與同年度同儕比較，不設絕對門檻。,True,家長分攤比率 0.151（同年度中位 0.113，穩健 z=+1.70）,medium,財報附註三（教保費收入－家長繳費／政府學費差額補助）／同年度非營利園同儕,學年度,非營利
N26,新店及人,110,教保費收入 = 收費 × 人數,收費明細申報之每生全學年度收費 × 財報附註一所載實際招收人數，應等於收支餘絀表之教保費收入決算數。此對應經 110 學年度 28 份報告實測，中位比值 1.0004、27/28 落在 ±4% 內，故偏離可視為三個數字之一有誤。,True,"教保費收入 11,846,341 ÷ 實際招收 120 人 = 每生 98,720，申報收費年額 100,680，比值 0.981",medium,收支餘絀表（教保費收入）／財報附註一（實際招收人數）／收費明細（全學期總收費）,學年度,非營利
N26,新店及人,110,核定人數 財報=登記,財報附註一所載核定招收總人數，應與全國教保資訊網登記之核定招收人數相符。核定人數同時是收費、補助、師生比與樓地板面積的分母，任一系統記載不同，所有以它為基礎的計算都會跟著錯。,True,財報 120 人，登記 120 人，差 +0 人,medium,財報附註一（核定招收人數）／園所基本資料（count_approved）,學年度,非營利
N26,新店及人,110,師生比貼齊法定上限,財報附註一之實際招收人數 ÷ 教保服務人員數。幼兒教育及照顧法就 3 歲以上幼兒之配置上限為每 15 名 1 人（2 歲專班更嚴）。全體 132 份報告最大值恰為 15，無一超過，故本檢核標示的是已貼齊上限、任一人請假即無緩衝的情形。,False,120 名幼兒 ÷ 9 位教保服務人員 = 13.33，已達法定上限 15 的 89%。若含 2 歲專班則配置標準更嚴，請確認各班實際配置與代理人力,medium,財報附註一（實際招收人數、教保服務人員數）,學年度,非營利
N26,新店及人,110,隱含收費年額 同儕偏離,教保費收入決算數 ÷ 實際招收人數，即財報反推之每名幼兒年度營運成本（含政府差額補助）。111 學年度起收費明細不在公開資料中，這是唯一可用的收費代理量，故僅能與同年度同類型同儕比較，不設絕對門檻。,True,"每生教保費收入 98,719.508 元/生（同年度中位 102,287.449 元/生，穩健 z=-0.34）",medium,收支餘絀表（教保費收入）／財報附註一（實際招收人數）／同年度非營利園同儕,學年度,非營利
N26,新店及人,110,家長月均實繳 ≤ 登記月費,附註三「收支明細表 1. 教保費收入」之「教保費收入（家長繳費）」÷ 實際招收人數 ÷ 12 個月，與園所基本資料登記之每月收費比較。第二胎以上、低收入戶與身心障礙幼兒依規定減免，所以**平均值本應低於登記月費**；高於登記月費比低於更難解釋。,True,"家長繳費 2,680,761 ÷ 120 人 ÷ 12 月 = 每月 1,862，登記月費 2,000",medium,財報附註三（教保費收入－家長繳費）／財報附註一（實際招收人數）／園所基本資料（每月收費）,學年度,非營利
N26,新店及人,110,家長分攤比率 同儕偏離,家長繳費 ÷（家長繳費 + 政府學費差額補助）。非營利園是成本分攤制，分攤比率由核定之營運成本與家長收費數額共同決定，同一年度同一制度下應相近。全市中位數自 110 學年度 0.209 降至 113 學年度 0.113（政府端承擔上升），故僅與同年度同儕比較，不設絕對門檻。,True,家長分攤比率 0.226（同年度中位 0.209，穩健 z=+0.77）,medium,財報附註三（教保費收入－家長繳費／政府學費差額補助）／同年度非營利園同儕,學年度,非營利
N26,新店及人,111,教保費收入 = 收費 × 人數,收費明細申報之每生全學年度收費 × 財報附註一所載實際招收人數，應等於收支餘絀表之教保費收入決算數。此對應經 110 學年度 28 份報告實測，中位比值 1.0004、27/28 落在 ±4% 內，故偏離可視為三個數字之一有誤。,,111 學年度查無非營利園收費明細（鏡像自 111 學年度起全市 0 檔，109／110 分別為 23／31 檔）——資料不足，非該園未申報,medium,收支餘絀表（教保費收入）／財報附註一（實際招收人數）／收費明細（全學期總收費）,學年度,非營利
N26,新店及人,111,核定人數 財報=登記,財報附註一所載核定招收總人數，應與全國教保資訊網登記之核定招收人數相符。核定人數同時是收費、補助、師生比與樓地板面積的分母，任一系統記載不同，所有以它為基礎的計算都會跟著錯。,True,財報 120 人，登記 120 人，差 +0 人,medium,財報附註一（核定招收人數）／園所基本資料（count_approved）,學年度,非營利
N26,新店及人,111,師生比貼齊法定上限,財報附註一之實際招收人數 ÷ 教保服務人員數。幼兒教育及照顧法就 3 歲以上幼兒之配置上限為每 15 名 1 人（2 歲專班更嚴）。全體 132 份報告最大值恰為 15，無一超過，故本檢核標示的是已貼齊上限、任一人請假即無緩衝的情形。,False,119 名幼兒 ÷ 9 位教保服務人員 = 13.22，已達法定上限 15 的 88%。若含 2 歲專班則配置標準更嚴，請確認各班實際配置與代理人力,medium,財報附註一（實際招收人數、教保服務人員數）,學年度,非營利
N26,新店及人,111,隱含收費年額 同儕偏離,教保費收入決算數 ÷ 實際招收人數，即財報反推之每名幼兒年度營運成本（含政府差額補助）。111 學年度起收費明細不在公開資料中，這是唯一可用的收費代理量，故僅能與同年度同類型同儕比較，不設絕對門檻。,True,"每生教保費收入 102,039.126 元/生（同年度中位 111,778.059 元/生，穩健 z=-0.97）",medium,收支餘絀表（教保費收入）／財報附註一（實際招收人數）／同年度非營利園同儕,學年度,非營利
N26,新店及人,111,家長月均實繳 ≤ 登記月費,附註三「收支明細表 1. 教保費收入」之「教保費收入（家長繳費）」÷ 實際招收人數 ÷ 12 個月，與園所基本資料登記之每月收費比較。第二胎以上、低收入戶與身心障礙幼兒依規定減免，所以**平均值本應低於登記月費**；高於登記月費比低於更難解釋。,True,"家長繳費 2,214,826 ÷ 119 人 ÷ 12 月 = 每月 1,551，登記月費 2,000",medium,財報附註三（教保費收入－家長繳費）／財報附註一（實際招收人數）／園所基本資料（每月收費）,學年度,非營利
N26,新店及人,111,家長分攤比率 同儕偏離,家長繳費 ÷（家長繳費 + 政府學費差額補助）。非營利園是成本分攤制，分攤比率由核定之營運成本與家長收費數額共同決定，同一年度同一制度下應相近。全市中位數自 110 學年度 0.209 降至 113 學年度 0.113（政府端承擔上升），故僅與同年度同儕比較，不設絕對門檻。,True,家長分攤比率 0.182（同年度中位 0.153，穩健 z=+1.18）,medium,財報附註三（教保費收入－家長繳費／政府學費差額補助）／同年度非營利園同儕,學年度,非營利
N26,新店及人,112,教保費收入 = 收費 × 人數,收費明細申報之每生全學年度收費 × 財報附註一所載實際招收人數，應等於收支餘絀表之教保費收入決算數。此對應經 110 學年度 28 份報告實測，中位比值 1.0004、27/28 落在 ±4% 內，故偏離可視為三個數字之一有誤。,,112 學年度查無非營利園收費明細（鏡像自 111 學年度起全市 0 檔，109／110 分別為 23／31 檔）——資料不足，非該園未申報,medium,收支餘絀表（教保費收入）／財報附註一（實際招收人數）／收費明細（全學期總收費）,學年度,非營利
N26,新店及人,112,核定人數 財報=登記,財報附註一所載核定招收總人數，應與全國教保資訊網登記之核定招收人數相符。核定人數同時是收費、補助、師生比與樓地板面積的分母，任一系統記載不同，所有以它為基礎的計算都會跟著錯。,True,財報 120 人，登記 120 人，差 +0 人,medium,財報附註一（核定招收人數）／園所基本資料（count_approved）,學年度,非營利
N26,新店及人,112,師生比貼齊法定上限,財報附註一之實際招收人數 ÷ 教保服務人員數。幼兒教育及照顧法就 3 歲以上幼兒之配置上限為每 15 名 1 人（2 歲專班更嚴）。全體 132 份報告最大值恰為 15，無一超過，故本檢核標示的是已貼齊上限、任一人請假即無緩衝的情形。,True,120 名幼兒 ÷ 10 位 = 12.00（上限 15）,medium,財報附註一（實際招收人數、教保服務人員數）,學年度,非營利
N26,新店及人,112,隱含收費年額 同儕偏離,教保費收入決算數 ÷ 實際招收人數，即財報反推之每名幼兒年度營運成本（含政府差額補助）。111 學年度起收費明細不在公開資料中，這是唯一可用的收費代理量，故僅能與同年度同類型同儕比較，不設絕對門檻。,True,"每生教保費收入 100,819.283 元/生（同年度中位 116,550.739 元/生，穩健 z=-1.47）",medium,收支餘絀表（教保費收入）／財報附註一（實際招收人數）／同年度非營利園同儕,學年度,非營利
N26,新店及人,112,家長月均實繳 ≤ 登記月費,附註三「收支明細表 1. 教保費收入」之「教保費收入（家長繳費）」÷ 實際招收人數 ÷ 12 個月，與園所基本資料登記之每月收費比較。第二胎以上、低收入戶與身心障礙幼兒依規定減免，所以**平均值本應低於登記月費**；高於登記月費比低於更難解釋。,True,"家長繳費 2,166,714 ÷ 120 人 ÷ 12 月 = 每月 1,505，登記月費 2,000",medium,財報附註三（教保費收入－家長繳費）／財報附註一（實際招收人數）／園所基本資料（每月收費）,學年度,非營利
N26,新店及人,112,家長分攤比率 同儕偏離,家長繳費 ÷（家長繳費 + 政府學費差額補助）。非營利園是成本分攤制，分攤比率由核定之營運成本與家長收費數額共同決定，同一年度同一制度下應相近。全市中位數自 110 學年度 0.209 降至 113 學年度 0.113（政府端承擔上升），故僅與同年度同儕比較，不設絕對門檻。,True,家長分攤比率 0.179（同年度中位 0.146，穩健 z=+1.39）,medium,財報附註三（教保費收入－家長繳費／政府學費差額補助）／同年度非營利園同儕,學年度,非營利
N26,新店及人,113,教保費收入 = 收費 × 人數,收費明細申報之每生全學年度收費 × 財報附註一所載實際招收人數，應等於收支餘絀表之教保費收入決算數。此對應經 110 學年度 28 份報告實測，中位比值 1.0004、27/28 落在 ±4% 內，故偏離可視為三個數字之一有誤。,,113 學年度查無非營利園收費明細（鏡像自 111 學年度起全市 0 檔，109／110 分別為 23／31 檔）——資料不足，非該園未申報,medium,收支餘絀表（教保費收入）／財報附註一（實際招收人數）／收費明細（全學期總收費）,學年度,非營利
N26,新店及人,113,核定人數 財報=登記,財報附註一所載核定招收總人數，應與全國教保資訊網登記之核定招收人數相符。核定人數同時是收費、補助、師生比與樓地板面積的分母，任一系統記載不同，所有以它為基礎的計算都會跟著錯。,True,財報 104 人，登記 120 人，差 +16 人,medium,財報附註一（核定招收人數）／園所基本資料（count_approved）,學年度,非營利
N26,新店及人,113,師生比貼齊法定上限,財報附註一之實際招收人數 ÷ 教保服務人員數。幼兒教育及照顧法就 3 歲以上幼兒之配置上限為每 15 名 1 人（2 歲專班更嚴）。全體 132 份報告最大值恰為 15，無一超過，故本檢核標示的是已貼齊上限、任一人請假即無緩衝的情形。,True,60 名幼兒 ÷ 8 位 = 7.50（上限 15）,medium,財報附註一（實際招收人數、教保服務人員數）,學年度,非營利
N26,新店及人,113,隱含收費年額 同儕偏離,教保費收入決算數 ÷ 實際招收人數，即財報反推之每名幼兒年度營運成本（含政府差額補助）。111 學年度起收費明細不在公開資料中，這是唯一可用的收費代理量，故僅能與同年度同類型同儕比較，不設絕對門檻。,True,"每生教保費收入 167,358.333 元/生（同年度中位 138,439.024 元/生，穩健 z=+1.52）",medium,收支餘絀表（教保費收入）／財報附註一（實際招收人數）／同年度非營利園同儕,學年度,非營利
N26,新店及人,113,家長月均實繳 ≤ 登記月費,附註三「收支明細表 1. 教保費收入」之「教保費收入（家長繳費）」÷ 實際招收人數 ÷ 12 個月，與園所基本資料登記之每月收費比較。第二胎以上、低收入戶與身心障礙幼兒依規定減免，所以**平均值本應低於登記月費**；高於登記月費比低於更難解釋。,False,"家長繳費 1,631,500 ÷ 60 人 ÷ 12 月 = 每月 2,266，超過登記月費 2,000 （1.13 倍）。請確認家長繳費是否含代收代辦或延長照顧等另計項目、名冊人數在學年度中是否大幅減少（分母偏小會推高平均），以及登記月費是否已依核定調整",medium,財報附註三（教保費收入－家長繳費）／財報附註一（實際招收人數）／園所基本資料（每月收費）,學年度,非營利
N26,新店及人,113,家長分攤比率 同儕偏離,家長繳費 ÷（家長繳費 + 政府學費差額補助）。非營利園是成本分攤制，分攤比率由核定之營運成本與家長收費數額共同決定，同一年度同一制度下應相近。全市中位數自 110 學年度 0.209 降至 113 學年度 0.113（政府端承擔上升），故僅與同年度同儕比較，不設絕對門檻。,False,"家長分攤比率 0.162（同年度中位 0.113，穩健 z=+2.22），偏高（家長 1,631,500、政府 8,410,000）。請確認該學年度核定之營運成本分攤數與家長收費數額，以及減免人數結構是否足以解釋差異",medium,財報附註三（教保費收入－家長繳費／政府學費差額補助）／同年度非營利園同儕,學年度,非營利
N27,育平,110,教保費收入 = 收費 × 人數,收費明細申報之每生全學年度收費 × 財報附註一所載實際招收人數，應等於收支餘絀表之教保費收入決算數。此對應經 110 學年度 28 份報告實測，中位比值 1.0004、27/28 落在 ±4% 內，故偏離可視為三個數字之一有誤。,True,"教保費收入 11,737,237 ÷ 實際招收 105 人 = 每生 111,783，申報收費年額 111,246，比值 1.005",medium,收支餘絀表（教保費收入）／財報附註一（實際招收人數）／收費明細（全學期總收費）,學年度,非營利
N27,育平,110,核定人數 財報=登記,財報附註一所載核定招收總人數，應與全國教保資訊網登記之核定招收人數相符。核定人數同時是收費、補助、師生比與樓地板面積的分母，任一系統記載不同，所有以它為基礎的計算都會跟著錯。,True,財報 106 人，登記 106 人，差 +0 人,medium,財報附註一（核定招收人數）／園所基本資料（count_approved）,學年度,非營利
N27,育平,110,師生比貼齊法定上限,財報附註一之實際招收人數 ÷ 教保服務人員數。幼兒教育及照顧法就 3 歲以上幼兒之配置上限為每 15 名 1 人（2 歲專班更嚴）。全體 132 份報告最大值恰為 15，無一超過，故本檢核標示的是已貼齊上限、任一人請假即無緩衝的情形。,True,105 名幼兒 ÷ 10 位 = 10.50（上限 15）,medium,財報附註一（實際招收人數、教保服務人員數）,學年度,非營利
N27,育平,110,隱含收費年額 同儕偏離,教保費收入決算數 ÷ 實際招收人數，即財報反推之每名幼兒年度營運成本（含政府差額補助）。111 學年度起收費明細不在公開資料中，這是唯一可用的收費代理量，故僅能與同年度同類型同儕比較，不設絕對門檻。,True,"每生教保費收入 111,783.210 元/生（同年度中位 102,287.449 元/生，穩健 z=+0.91）",medium,收支餘絀表（教保費收入）／財報附註一（實際招收人數）／同年度非營利園同儕,學年度,非營利
N27,育平,110,家長月均實繳 ≤ 登記月費,附註三「收支明細表 1. 教保費收入」之「教保費收入（家長繳費）」÷ 實際招收人數 ÷ 12 個月，與園所基本資料登記之每月收費比較。第二胎以上、低收入戶與身心障礙幼兒依規定減免，所以**平均值本應低於登記月費**；高於登記月費比低於更難解釋。,True,"家長繳費 2,412,113 ÷ 105 人 ÷ 12 月 = 每月 1,914，登記月費 2,000",medium,財報附註三（教保費收入－家長繳費）／財報附註一（實際招收人數）／園所基本資料（每月收費）,學年度,非營利
N27,育平,110,家長分攤比率 同儕偏離,家長繳費 ÷（家長繳費 + 政府學費差額補助）。非營利園是成本分攤制，分攤比率由核定之營運成本與家長收費數額共同決定，同一年度同一制度下應相近。全市中位數自 110 學年度 0.209 降至 113 學年度 0.113（政府端承擔上升），故僅與同年度同儕比較，不設絕對門檻。,True,家長分攤比率 0.206（同年度中位 0.209，穩健 z=-0.18）,medium,財報附註三（教保費收入－家長繳費／政府學費差額補助）／同年度非營利園同儕,學年度,非營利
N27,育平,111,教保費收入 = 收費 × 人數,收費明細申報之每生全學年度收費 × 財報附註一所載實際招收人數，應等於收支餘絀表之教保費收入決算數。此對應經 110 學年度 28 份報告實測，中位比值 1.0004、27/28 落在 ±4% 內，故偏離可視為三個數字之一有誤。,,111 學年度查無非營利園收費明細（鏡像自 111 學年度起全市 0 檔，109／110 分別為 23／31 檔）——資料不足，非該園未申報,medium,收支餘絀表（教保費收入）／財報附註一（實際招收人數）／收費明細（全學期總收費）,學年度,非營利
N27,育平,111,核定人數 財報=登記,財報附註一所載核定招收總人數，應與全國教保資訊網登記之核定招收人數相符。核定人數同時是收費、補助、師生比與樓地板面積的分母，任一系統記載不同，所有以它為基礎的計算都會跟著錯。,True,財報 106 人，登記 106 人，差 +0 人,medium,財報附註一（核定招收人數）／園所基本資料（count_approved）,學年度,非營利
N27,育平,111,師生比貼齊法定上限,財報附註一之實際招收人數 ÷ 教保服務人員數。幼兒教育及照顧法就 3 歲以上幼兒之配置上限為每 15 名 1 人（2 歲專班更嚴）。全體 132 份報告最大值恰為 15，無一超過，故本檢核標示的是已貼齊上限、任一人請假即無緩衝的情形。,True,96 名幼兒 ÷ 10 位 = 9.60（上限 15）,medium,財報附註一（實際招收人數、教保服務人員數）,學年度,非營利
N27,育平,111,隱含收費年額 同儕偏離,教保費收入決算數 ÷ 實際招收人數，即財報反推之每名幼兒年度營運成本（含政府差額補助）。111 學年度起收費明細不在公開資料中，這是唯一可用的收費代理量，故僅能與同年度同類型同儕比較，不設絕對門檻。,True,"每生教保費收入 121,724.260 元/生（同年度中位 111,778.059 元/生，穩健 z=+0.99）",medium,收支餘絀表（教保費收入）／財報附註一（實際招收人數）／同年度非營利園同儕,學年度,非營利
N27,育平,111,家長月均實繳 ≤ 登記月費,附註三「收支明細表 1. 教保費收入」之「教保費收入（家長繳費）」÷ 實際招收人數 ÷ 12 個月，與園所基本資料登記之每月收費比較。第二胎以上、低收入戶與身心障礙幼兒依規定減免，所以**平均值本應低於登記月費**；高於登記月費比低於更難解釋。,True,"家長繳費 1,938,177 ÷ 96 人 ÷ 12 月 = 每月 1,682，登記月費 2,000",medium,財報附註三（教保費收入－家長繳費）／財報附註一（實際招收人數）／園所基本資料（每月收費）,學年度,非營利
N27,育平,111,家長分攤比率 同儕偏離,家長繳費 ÷（家長繳費 + 政府學費差額補助）。非營利園是成本分攤制，分攤比率由核定之營運成本與家長收費數額共同決定，同一年度同一制度下應相近。全市中位數自 110 學年度 0.209 降至 113 學年度 0.113（政府端承擔上升），故僅與同年度同儕比較，不設絕對門檻。,True,家長分攤比率 0.166（同年度中位 0.153，穩健 z=+0.53）,medium,財報附註三（教保費收入－家長繳費／政府學費差額補助）／同年度非營利園同儕,學年度,非營利
N27,育平,112,教保費收入 = 收費 × 人數,收費明細申報之每生全學年度收費 × 財報附註一所載實際招收人數，應等於收支餘絀表之教保費收入決算數。此對應經 110 學年度 28 份報告實測，中位比值 1.0004、27/28 落在 ±4% 內，故偏離可視為三個數字之一有誤。,,112 學年度查無非營利園收費明細（鏡像自 111 學年度起全市 0 檔，109／110 分別為 23／31 檔）——資料不足，非該園未申報,medium,收支餘絀表（教保費收入）／財報附註一（實際招收人數）／收費明細（全學期總收費）,學年度,非營利
N27,育平,112,核定人數 財報=登記,財報附註一所載核定招收總人數，應與全國教保資訊網登記之核定招收人數相符。核定人數同時是收費、補助、師生比與樓地板面積的分母，任一系統記載不同，所有以它為基礎的計算都會跟著錯。,True,財報 106 人，登記 106 人，差 +0 人,medium,財報附註一（核定招收人數）／園所基本資料（count_approved）,學年度,非營利
N27,育平,112,師生比貼齊法定上限,財報附註一之實際招收人數 ÷ 教保服務人員數。幼兒教育及照顧法就 3 歲以上幼兒之配置上限為每 15 名 1 人（2 歲專班更嚴）。全體 132 份報告最大值恰為 15，無一超過，故本檢核標示的是已貼齊上限、任一人請假即無緩衝的情形。,True,106 名幼兒 ÷ 10 位 = 10.60（上限 15）,medium,財報附註一（實際招收人數、教保服務人員數）,學年度,非營利
N27,育平,112,隱含收費年額 同儕偏離,教保費收入決算數 ÷ 實際招收人數，即財報反推之每名幼兒年度營運成本（含政府差額補助）。111 學年度起收費明細不在公開資料中，這是唯一可用的收費代理量，故僅能與同年度同類型同儕比較，不設絕對門檻。,True,"每生教保費收入 110,341.453 元/生（同年度中位 116,550.739 元/生，穩健 z=-0.58）",medium,收支餘絀表（教保費收入）／財報附註一（實際招收人數）／同年度非營利園同儕,學年度,非營利
N27,育平,112,家長月均實繳 ≤ 登記月費,附註三「收支明細表 1. 教保費收入」之「教保費收入（家長繳費）」÷ 實際招收人數 ÷ 12 個月，與園所基本資料登記之每月收費比較。第二胎以上、低收入戶與身心障礙幼兒依規定減免，所以**平均值本應低於登記月費**；高於登記月費比低於更難解釋。,True,"家長繳費 1,782,100 ÷ 106 人 ÷ 12 月 = 每月 1,401，登記月費 2,000",medium,財報附註三（教保費收入－家長繳費）／財報附註一（實際招收人數）／園所基本資料（每月收費）,學年度,非營利
N27,育平,112,家長分攤比率 同儕偏離,家長繳費 ÷（家長繳費 + 政府學費差額補助）。非營利園是成本分攤制，分攤比率由核定之營運成本與家長收費數額共同決定，同一年度同一制度下應相近。全市中位數自 110 學年度 0.209 降至 113 學年度 0.113（政府端承擔上升），故僅與同年度同儕比較，不設絕對門檻。,True,家長分攤比率 0.152（同年度中位 0.146，穩健 z=+0.26）,medium,財報附註三（教保費收入－家長繳費／政府學費差額補助）／同年度非營利園同儕,學年度,非營利
N27,育平,113,教保費收入 = 收費 × 人數,收費明細申報之每生全學年度收費 × 財報附註一所載實際招收人數，應等於收支餘絀表之教保費收入決算數。此對應經 110 學年度 28 份報告實測，中位比值 1.0004、27/28 落在 ±4% 內，故偏離可視為三個數字之一有誤。,,113 學年度查無非營利園收費明細（鏡像自 111 學年度起全市 0 檔，109／110 分別為 23／31 檔）——資料不足，非該園未申報,medium,收支餘絀表（教保費收入）／財報附註一（實際招收人數）／收費明細（全學期總收費）,學年度,非營利
N27,育平,113,核定人數 財報=登記,財報附註一所載核定招收總人數，應與全國教保資訊網登記之核定招收人數相符。核定人數同時是收費、補助、師生比與樓地板面積的分母，任一系統記載不同，所有以它為基礎的計算都會跟著錯。,True,財報 100 人，登記 106 人，差 +6 人,medium,財報附註一（核定招收人數）／園所基本資料（count_approved）,學年度,非營利
N27,育平,113,師生比貼齊法定上限,財報附註一之實際招收人數 ÷ 教保服務人員數。幼兒教育及照顧法就 3 歲以上幼兒之配置上限為每 15 名 1 人（2 歲專班更嚴）。全體 132 份報告最大值恰為 15，無一超過，故本檢核標示的是已貼齊上限、任一人請假即無緩衝的情形。,True,94 名幼兒 ÷ 10 位 = 9.40（上限 15）,medium,財報附註一（實際招收人數、教保服務人員數）,學年度,非營利
N27,育平,113,隱含收費年額 同儕偏離,教保費收入決算數 ÷ 實際招收人數，即財報反推之每名幼兒年度營運成本（含政府差額補助）。111 學年度起收費明細不在公開資料中，這是唯一可用的收費代理量，故僅能與同年度同類型同儕比較，不設絕對門檻。,True,"每生教保費收入 121,618.957 元/生（同年度中位 138,439.024 元/生，穩健 z=-0.88）",medium,收支餘絀表（教保費收入）／財報附註一（實際招收人數）／同年度非營利園同儕,學年度,非營利
N27,育平,113,家長月均實繳 ≤ 登記月費,附註三「收支明細表 1. 教保費收入」之「教保費收入（家長繳費）」÷ 實際招收人數 ÷ 12 個月，與園所基本資料登記之每月收費比較。第二胎以上、低收入戶與身心障礙幼兒依規定減免，所以**平均值本應低於登記月費**；高於登記月費比低於更難解釋。,True,"家長繳費 1,572,182 ÷ 94 人 ÷ 12 月 = 每月 1,394，登記月費 2,000",medium,財報附註三（教保費收入－家長繳費）／財報附註一（實際招收人數）／園所基本資料（每月收費）,學年度,非營利
N27,育平,113,家長分攤比率 同儕偏離,家長繳費 ÷（家長繳費 + 政府學費差額補助）。非營利園是成本分攤制，分攤比率由核定之營運成本與家長收費數額共同決定，同一年度同一制度下應相近。全市中位數自 110 學年度 0.209 降至 113 學年度 0.113（政府端承擔上升），故僅與同年度同儕比較，不設絕對門檻。,True,家長分攤比率 0.138（同年度中位 0.113，穩健 z=+1.09）,medium,財報附註三（教保費收入－家長繳費／政府學費差額補助）／同年度非營利園同儕,學年度,非營利
N28,新樂,110,教保費收入 = 收費 × 人數,收費明細申報之每生全學年度收費 × 財報附註一所載實際招收人數，應等於收支餘絀表之教保費收入決算數。此對應經 110 學年度 28 份報告實測，中位比值 1.0004、27/28 落在 ±4% 內，故偏離可視為三個數字之一有誤。,,比值 0.455，但本份收支餘絀表期間為「民國111年2月1日至111年7月31日」，僅涵蓋 6 個月而非 12 個月。按月數還原後為 0.909；開辦期招收人數逐月墊高，仍不宜與全年收費表直接相比，請以次學年度報告覆核,medium,收支餘絀表（教保費收入）／財報附註一（實際招收人數）／收費明細（全學期總收費）,學年度,非營利
N28,新樂,110,核定人數 財報=登記,財報附註一所載核定招收總人數，應與全國教保資訊網登記之核定招收人數相符。核定人數同時是收費、補助、師生比與樓地板面積的分母，任一系統記載不同，所有以它為基礎的計算都會跟著錯。,True,財報 212 人，登記 212 人，差 +0 人,medium,財報附註一（核定招收人數）／園所基本資料（count_approved）,學年度,非營利
N28,新樂,110,師生比貼齊法定上限,財報附註一之實際招收人數 ÷ 教保服務人員數。幼兒教育及照顧法就 3 歲以上幼兒之配置上限為每 15 名 1 人（2 歲專班更嚴）。全體 132 份報告最大值恰為 15，無一超過，故本檢核標示的是已貼齊上限、任一人請假即無緩衝的情形。,True,205 名幼兒 ÷ 19 位 = 10.79（上限 15）,medium,財報附註一（實際招收人數、教保服務人員數）,學年度,非營利
N28,新樂,110,隱含收費年額 同儕偏離,教保費收入決算數 ÷ 實際招收人數，即財報反推之每名幼兒年度營運成本（含政府差額補助）。111 學年度起收費明細不在公開資料中，這是唯一可用的收費代理量，故僅能與同年度同類型同儕比較，不設絕對門檻。,,收支餘絀表期間「民國111年2月1日至111年7月31日」僅涵蓋 6 個月，每生收入與全年度同儕不可直接比較,medium,收支餘絀表（教保費收入）／財報附註一（實際招收人數）／同年度非營利園同儕,學年度,非營利
N28,新樂,110,家長月均實繳 ≤ 登記月費,附註三「收支明細表 1. 教保費收入」之「教保費收入（家長繳費）」÷ 實際招收人數 ÷ 12 個月，與園所基本資料登記之每月收費比較。第二胎以上、低收入戶與身心障礙幼兒依規定減免，所以**平均值本應低於登記月費**；高於登記月費比低於更難解釋。,,缺附註三家長繳費、實際招收人數或登記每月收費,medium,財報附註三（教保費收入－家長繳費）／財報附註一（實際招收人數）／園所基本資料（每月收費）,學年度,非營利
N28,新樂,110,家長分攤比率 同儕偏離,家長繳費 ÷（家長繳費 + 政府學費差額補助）。非營利園是成本分攤制，分攤比率由核定之營運成本與家長收費數額共同決定，同一年度同一制度下應相近。全市中位數自 110 學年度 0.209 降至 113 學年度 0.113（政府端承擔上升），故僅與同年度同儕比較，不設絕對門檻。,,本份報告未抽到附註三之教保費收入拆分,medium,財報附註三（教保費收入－家長繳費／政府學費差額補助）／同年度非營利園同儕,學年度,非營利
N28,新樂,111,教保費收入 = 收費 × 人數,收費明細申報之每生全學年度收費 × 財報附註一所載實際招收人數，應等於收支餘絀表之教保費收入決算數。此對應經 110 學年度 28 份報告實測，中位比值 1.0004、27/28 落在 ±4% 內，故偏離可視為三個數字之一有誤。,,111 學年度查無非營利園收費明細（鏡像自 111 學年度起全市 0 檔，109／110 分別為 23／31 檔）——資料不足，非該園未申報,medium,收支餘絀表（教保費收入）／財報附註一（實際招收人數）／收費明細（全學期總收費）,學年度,非營利
N28,新樂,111,核定人數 財報=登記,財報附註一所載核定招收總人數，應與全國教保資訊網登記之核定招收人數相符。核定人數同時是收費、補助、師生比與樓地板面積的分母，任一系統記載不同，所有以它為基礎的計算都會跟著錯。,True,財報 212 人，登記 212 人，差 +0 人,medium,財報附註一（核定招收人數）／園所基本資料（count_approved）,學年度,非營利
N28,新樂,111,師生比貼齊法定上限,財報附註一之實際招收人數 ÷ 教保服務人員數。幼兒教育及照顧法就 3 歲以上幼兒之配置上限為每 15 名 1 人（2 歲專班更嚴）。全體 132 份報告最大值恰為 15，無一超過，故本檢核標示的是已貼齊上限、任一人請假即無緩衝的情形。,True,204 名幼兒 ÷ 18 位 = 11.33（上限 15）,medium,財報附註一（實際招收人數、教保服務人員數）,學年度,非營利
N28,新樂,111,隱含收費年額 同儕偏離,教保費收入決算數 ÷ 實際招收人數，即財報反推之每名幼兒年度營運成本（含政府差額補助）。111 學年度起收費明細不在公開資料中，這是唯一可用的收費代理量，故僅能與同年度同類型同儕比較，不設絕對門檻。,True,"每生教保費收入 111,301.235 元/生（同年度中位 111,778.059 元/生，穩健 z=-0.05）",medium,收支餘絀表（教保費收入）／財報附註一（實際招收人數）／同年度非營利園同儕,學年度,非營利
N28,新樂,111,家長月均實繳 ≤ 登記月費,附註三「收支明細表 1. 教保費收入」之「教保費收入（家長繳費）」÷ 實際招收人數 ÷ 12 個月，與園所基本資料登記之每月收費比較。第二胎以上、低收入戶與身心障礙幼兒依規定減免，所以**平均值本應低於登記月費**；高於登記月費比低於更難解釋。,True,"家長繳費 4,137,000 ÷ 204 人 ÷ 12 月 = 每月 1,690，登記月費 2,000",medium,財報附註三（教保費收入－家長繳費）／財報附註一（實際招收人數）／園所基本資料（每月收費）,學年度,非營利
N28,新樂,111,家長分攤比率 同儕偏離,家長繳費 ÷（家長繳費 + 政府學費差額補助）。非營利園是成本分攤制，分攤比率由核定之營運成本與家長收費數額共同決定，同一年度同一制度下應相近。全市中位數自 110 學年度 0.209 降至 113 學年度 0.113（政府端承擔上升），故僅與同年度同儕比較，不設絕對門檻。,True,家長分攤比率 0.182（同年度中位 0.153，穩健 z=+1.17）,medium,財報附註三（教保費收入－家長繳費／政府學費差額補助）／同年度非營利園同儕,學年度,非營利
N28,新樂,112,教保費收入 = 收費 × 人數,收費明細申報之每生全學年度收費 × 財報附註一所載實際招收人數，應等於收支餘絀表之教保費收入決算數。此對應經 110 學年度 28 份報告實測，中位比值 1.0004、27/28 落在 ±4% 內，故偏離可視為三個數字之一有誤。,,112 學年度查無非營利園收費明細（鏡像自 111 學年度起全市 0 檔，109／110 分別為 23／31 檔）——資料不足，非該園未申報,medium,收支餘絀表（教保費收入）／財報附註一（實際招收人數）／收費明細（全學期總收費）,學年度,非營利
N28,新樂,112,核定人數 財報=登記,財報附註一所載核定招收總人數，應與全國教保資訊網登記之核定招收人數相符。核定人數同時是收費、補助、師生比與樓地板面積的分母，任一系統記載不同，所有以它為基礎的計算都會跟著錯。,True,財報 212 人，登記 212 人，差 +0 人,medium,財報附註一（核定招收人數）／園所基本資料（count_approved）,學年度,非營利
N28,新樂,112,師生比貼齊法定上限,財報附註一之實際招收人數 ÷ 教保服務人員數。幼兒教育及照顧法就 3 歲以上幼兒之配置上限為每 15 名 1 人（2 歲專班更嚴）。全體 132 份報告最大值恰為 15，無一超過，故本檢核標示的是已貼齊上限、任一人請假即無緩衝的情形。,True,211 名幼兒 ÷ 18 位 = 11.72（上限 15）,medium,財報附註一（實際招收人數、教保服務人員數）,學年度,非營利
N28,新樂,112,隱含收費年額 同儕偏離,教保費收入決算數 ÷ 實際招收人數，即財報反推之每名幼兒年度營運成本（含政府差額補助）。111 學年度起收費明細不在公開資料中，這是唯一可用的收費代理量，故僅能與同年度同類型同儕比較，不設絕對門檻。,True,"每生教保費收入 110,259.858 元/生（同年度中位 116,550.739 元/生，穩健 z=-0.59）",medium,收支餘絀表（教保費收入）／財報附註一（實際招收人數）／同年度非營利園同儕,學年度,非營利
N28,新樂,112,家長月均實繳 ≤ 登記月費,附註三「收支明細表 1. 教保費收入」之「教保費收入（家長繳費）」÷ 實際招收人數 ÷ 12 個月，與園所基本資料登記之每月收費比較。第二胎以上、低收入戶與身心障礙幼兒依規定減免，所以**平均值本應低於登記月費**；高於登記月費比低於更難解釋。,True,"家長繳費 3,664,714 ÷ 211 人 ÷ 12 月 = 每月 1,447，登記月費 2,000",medium,財報附註三（教保費收入－家長繳費）／財報附註一（實際招收人數）／園所基本資料（每月收費）,學年度,非營利
N28,新樂,112,家長分攤比率 同儕偏離,家長繳費 ÷（家長繳費 + 政府學費差額補助）。非營利園是成本分攤制，分攤比率由核定之營運成本與家長收費數額共同決定，同一年度同一制度下應相近。全市中位數自 110 學年度 0.209 降至 113 學年度 0.113（政府端承擔上升），故僅與同年度同儕比較，不設絕對門檻。,True,家長分攤比率 0.158（同年度中位 0.146，穩健 z=+0.48）,medium,財報附註三（教保費收入－家長繳費／政府學費差額補助）／同年度非營利園同儕,學年度,非營利
N28,新樂,113,教保費收入 = 收費 × 人數,收費明細申報之每生全學年度收費 × 財報附註一所載實際招收人數，應等於收支餘絀表之教保費收入決算數。此對應經 110 學年度 28 份報告實測，中位比值 1.0004、27/28 落在 ±4% 內，故偏離可視為三個數字之一有誤。,,113 學年度查無非營利園收費明細（鏡像自 111 學年度起全市 0 檔，109／110 分別為 23／31 檔）——資料不足，非該園未申報,medium,收支餘絀表（教保費收入）／財報附註一（實際招收人數）／收費明細（全學期總收費）,學年度,非營利
N28,新樂,113,核定人數 財報=登記,財報附註一所載核定招收總人數，應與全國教保資訊網登記之核定招收人數相符。核定人數同時是收費、補助、師生比與樓地板面積的分母，任一系統記載不同，所有以它為基礎的計算都會跟著錯。,True,財報 200 人，登記 212 人，差 +12 人,medium,財報附註一（核定招收人數）／園所基本資料（count_approved）,學年度,非營利
N28,新樂,113,師生比貼齊法定上限,財報附註一之實際招收人數 ÷ 教保服務人員數。幼兒教育及照顧法就 3 歲以上幼兒之配置上限為每 15 名 1 人（2 歲專班更嚴）。全體 132 份報告最大值恰為 15，無一超過，故本檢核標示的是已貼齊上限、任一人請假即無緩衝的情形。,True,197 名幼兒 ÷ 18 位 = 10.94（上限 15）,medium,財報附註一（實際招收人數、教保服務人員數）,學年度,非營利
N28,新樂,113,隱含收費年額 同儕偏離,教保費收入決算數 ÷ 實際招收人數，即財報反推之每名幼兒年度營運成本（含政府差額補助）。111 學年度起收費明細不在公開資料中，這是唯一可用的收費代理量，故僅能與同年度同類型同儕比較，不設絕對門檻。,True,"每生教保費收入 123,741.117 元/生（同年度中位 138,439.024 元/生，穩健 z=-0.77）",medium,收支餘絀表（教保費收入）／財報附註一（實際招收人數）／同年度非營利園同儕,學年度,非營利
N28,新樂,113,家長月均實繳 ≤ 登記月費,附註三「收支明細表 1. 教保費收入」之「教保費收入（家長繳費）」÷ 實際招收人數 ÷ 12 個月，與園所基本資料登記之每月收費比較。第二胎以上、低收入戶與身心障礙幼兒依規定減免，所以**平均值本應低於登記月費**；高於登記月費比低於更難解釋。,,缺附註三家長繳費、實際招收人數或登記每月收費,medium,財報附註三（教保費收入－家長繳費）／財報附註一（實際招收人數）／園所基本資料（每月收費）,學年度,非營利
N28,新樂,113,家長分攤比率 同儕偏離,家長繳費 ÷（家長繳費 + 政府學費差額補助）。非營利園是成本分攤制，分攤比率由核定之營運成本與家長收費數額共同決定，同一年度同一制度下應相近。全市中位數自 110 學年度 0.209 降至 113 學年度 0.113（政府端承擔上升），故僅與同年度同儕比較，不設絕對門檻。,,本份報告未抽到附註三之教保費收入拆分,medium,財報附註三（教保費收入－家長繳費／政府學費差額補助）／同年度非營利園同儕,學年度,非營利
N29,東湖,111,教保費收入 = 收費 × 人數,收費明細申報之每生全學年度收費 × 財報附註一所載實際招收人數，應等於收支餘絀表之教保費收入決算數。此對應經 110 學年度 28 份報告實測，中位比值 1.0004、27/28 落在 ±4% 內，故偏離可視為三個數字之一有誤。,,111 學年度查無非營利園收費明細（鏡像自 111 學年度起全市 0 檔，109／110 分別為 23／31 檔）——資料不足，非該園未申報,medium,收支餘絀表（教保費收入）／財報附註一（實際招收人數）／收費明細（全學期總收費）,學年度,非營利
N29,東湖,111,核定人數 財報=登記,財報附註一所載核定招收總人數，應與全國教保資訊網登記之核定招收人數相符。核定人數同時是收費、補助、師生比與樓地板面積的分母，任一系統記載不同，所有以它為基礎的計算都會跟著錯。,True,財報 242 人，登記 242 人，差 +0 人,medium,財報附註一（核定招收人數）／園所基本資料（count_approved）,學年度,非營利
N29,東湖,111,師生比貼齊法定上限,財報附註一之實際招收人數 ÷ 教保服務人員數。幼兒教育及照顧法就 3 歲以上幼兒之配置上限為每 15 名 1 人（2 歲專班更嚴）。全體 132 份報告最大值恰為 15，無一超過，故本檢核標示的是已貼齊上限、任一人請假即無緩衝的情形。,True,229 名幼兒 ÷ 21 位 = 10.90（上限 15）,medium,財報附註一（實際招收人數、教保服務人員數）,學年度,非營利
N29,東湖,111,隱含收費年額 同儕偏離,教保費收入決算數 ÷ 實際招收人數，即財報反推之每名幼兒年度營運成本（含政府差額補助）。111 學年度起收費明細不在公開資料中，這是唯一可用的收費代理量，故僅能與同年度同類型同儕比較，不設絕對門檻。,True,"每生教保費收入 101,877.105 元/生（同年度中位 111,778.059 元/生，穩健 z=-0.98）",medium,收支餘絀表（教保費收入）／財報附註一（實際招收人數）／同年度非營利園同儕,學年度,非營利
N29,東湖,111,家長月均實繳 ≤ 登記月費,附註三「收支明細表 1. 教保費收入」之「教保費收入（家長繳費）」÷ 實際招收人數 ÷ 12 個月，與園所基本資料登記之每月收費比較。第二胎以上、低收入戶與身心障礙幼兒依規定減免，所以**平均值本應低於登記月費**；高於登記月費比低於更難解釋。,True,"家長繳費 3,476,294 ÷ 229 人 ÷ 12 月 = 每月 1,265，登記月費 2,000",medium,財報附註三（教保費收入－家長繳費）／財報附註一（實際招收人數）／園所基本資料（每月收費）,學年度,非營利
N29,東湖,111,家長分攤比率 同儕偏離,家長繳費 ÷（家長繳費 + 政府學費差額補助）。非營利園是成本分攤制，分攤比率由核定之營運成本與家長收費數額共同決定，同一年度同一制度下應相近。全市中位數自 110 學年度 0.209 降至 113 學年度 0.113（政府端承擔上升），故僅與同年度同儕比較，不設絕對門檻。,True,家長分攤比率 0.149（同年度中位 0.153，穩健 z=-0.14）,medium,財報附註三（教保費收入－家長繳費／政府學費差額補助）／同年度非營利園同儕,學年度,非營利
N29,東湖,112,教保費收入 = 收費 × 人數,收費明細申報之每生全學年度收費 × 財報附註一所載實際招收人數，應等於收支餘絀表之教保費收入決算數。此對應經 110 學年度 28 份報告實測，中位比值 1.0004、27/28 落在 ±4% 內，故偏離可視為三個數字之一有誤。,,112 學年度查無非營利園收費明細（鏡像自 111 學年度起全市 0 檔，109／110 分別為 23／31 檔）——資料不足，非該園未申報,medium,收支餘絀表（教保費收入）／財報附註一（實際招收人數）／收費明細（全學期總收費）,學年度,非營利
N29,東湖,112,核定人數 財報=登記,財報附註一所載核定招收總人數，應與全國教保資訊網登記之核定招收人數相符。核定人數同時是收費、補助、師生比與樓地板面積的分母，任一系統記載不同，所有以它為基礎的計算都會跟著錯。,True,財報 242 人，登記 242 人，差 +0 人,medium,財報附註一（核定招收人數）／園所基本資料（count_approved）,學年度,非營利
N29,東湖,112,師生比貼齊法定上限,財報附註一之實際招收人數 ÷ 教保服務人員數。幼兒教育及照顧法就 3 歲以上幼兒之配置上限為每 15 名 1 人（2 歲專班更嚴）。全體 132 份報告最大值恰為 15，無一超過，故本檢核標示的是已貼齊上限、任一人請假即無緩衝的情形。,True,242 名幼兒 ÷ 21 位 = 11.52（上限 15）,medium,財報附註一（實際招收人數、教保服務人員數）,學年度,非營利
N29,東湖,112,隱含收費年額 同儕偏離,教保費收入決算數 ÷ 實際招收人數，即財報反推之每名幼兒年度營運成本（含政府差額補助）。111 學年度起收費明細不在公開資料中，這是唯一可用的收費代理量，故僅能與同年度同類型同儕比較，不設絕對門檻。,True,"每生教保費收入 109,665.909 元/生（同年度中位 116,550.739 元/生，穩健 z=-0.64）",medium,收支餘絀表（教保費收入）／財報附註一（實際招收人數）／同年度非營利園同儕,學年度,非營利
N29,東湖,112,家長月均實繳 ≤ 登記月費,附註三「收支明細表 1. 教保費收入」之「教保費收入（家長繳費）」÷ 實際招收人數 ÷ 12 個月，與園所基本資料登記之每月收費比較。第二胎以上、低收入戶與身心障礙幼兒依規定減免，所以**平均值本應低於登記月費**；高於登記月費比低於更難解釋。,True,"家長繳費 3,876,906 ÷ 242 人 ÷ 12 月 = 每月 1,335，登記月費 2,000",medium,財報附註三（教保費收入－家長繳費）／財報附註一（實際招收人數）／園所基本資料（每月收費）,學年度,非營利
N29,東湖,112,家長分攤比率 同儕偏離,家長繳費 ÷（家長繳費 + 政府學費差額補助）。非營利園是成本分攤制，分攤比率由核定之營運成本與家長收費數額共同決定，同一年度同一制度下應相近。全市中位數自 110 學年度 0.209 降至 113 學年度 0.113（政府端承擔上升），故僅與同年度同儕比較，不設絕對門檻。,True,家長分攤比率 0.146（同年度中位 0.146，穩健 z=+0.00）,medium,財報附註三（教保費收入－家長繳費／政府學費差額補助）／同年度非營利園同儕,學年度,非營利
N29,東湖,113,教保費收入 = 收費 × 人數,收費明細申報之每生全學年度收費 × 財報附註一所載實際招收人數，應等於收支餘絀表之教保費收入決算數。此對應經 110 學年度 28 份報告實測，中位比值 1.0004、27/28 落在 ±4% 內，故偏離可視為三個數字之一有誤。,,113 學年度查無非營利園收費明細（鏡像自 111 學年度起全市 0 檔，109／110 分別為 23／31 檔）——資料不足，非該園未申報,medium,收支餘絀表（教保費收入）／財報附註一（實際招收人數）／收費明細（全學期總收費）,學年度,非營利
N29,東湖,113,核定人數 財報=登記,財報附註一所載核定招收總人數，應與全國教保資訊網登記之核定招收人數相符。核定人數同時是收費、補助、師生比與樓地板面積的分母，任一系統記載不同，所有以它為基礎的計算都會跟著錯。,True,財報 228 人，登記 242 人，差 +14 人,medium,財報附註一（核定招收人數）／園所基本資料（count_approved）,學年度,非營利
N29,東湖,113,師生比貼齊法定上限,財報附註一之實際招收人數 ÷ 教保服務人員數。幼兒教育及照顧法就 3 歲以上幼兒之配置上限為每 15 名 1 人（2 歲專班更嚴）。全體 132 份報告最大值恰為 15，無一超過，故本檢核標示的是已貼齊上限、任一人請假即無緩衝的情形。,True,228 名幼兒 ÷ 21 位 = 10.86（上限 15）,medium,財報附註一（實際招收人數、教保服務人員數）,學年度,非營利
N29,東湖,113,隱含收費年額 同儕偏離,教保費收入決算數 ÷ 實際招收人數，即財報反推之每名幼兒年度營運成本（含政府差額補助）。111 學年度起收費明細不在公開資料中，這是唯一可用的收費代理量，故僅能與同年度同類型同儕比較，不設絕對門檻。,True,"每生教保費收入 127,053.930 元/生（同年度中位 138,439.024 元/生，穩健 z=-0.60）",medium,收支餘絀表（教保費收入）／財報附註一（實際招收人數）／同年度非營利園同儕,學年度,非營利
N29,東湖,113,家長月均實繳 ≤ 登記月費,附註三「收支明細表 1. 教保費收入」之「教保費收入（家長繳費）」÷ 實際招收人數 ÷ 12 個月，與園所基本資料登記之每月收費比較。第二胎以上、低收入戶與身心障礙幼兒依規定減免，所以**平均值本應低於登記月費**；高於登記月費比低於更難解釋。,True,"家長繳費 3,568,296 ÷ 228 人 ÷ 12 月 = 每月 1,304，登記月費 2,000",medium,財報附註三（教保費收入－家長繳費）／財報附註一（實際招收人數）／園所基本資料（每月收費）,學年度,非營利
N29,東湖,113,家長分攤比率 同儕偏離,家長繳費 ÷（家長繳費 + 政府學費差額補助）。非營利園是成本分攤制，分攤比率由核定之營運成本與家長收費數額共同決定，同一年度同一制度下應相近。全市中位數自 110 學年度 0.209 降至 113 學年度 0.113（政府端承擔上升），故僅與同年度同儕比較，不設絕對門檻。,True,家長分攤比率 0.123（同年度中位 0.113，穩健 z=+0.44）,medium,財報附註三（教保費收入－家長繳費／政府學費差額補助）／同年度非營利園同儕,學年度,非營利
N30,文中,111,教保費收入 = 收費 × 人數,收費明細申報之每生全學年度收費 × 財報附註一所載實際招收人數，應等於收支餘絀表之教保費收入決算數。此對應經 110 學年度 28 份報告實測，中位比值 1.0004、27/28 落在 ±4% 內，故偏離可視為三個數字之一有誤。,,111 學年度查無非營利園收費明細（鏡像自 111 學年度起全市 0 檔，109／110 分別為 23／31 檔）——資料不足，非該園未申報,medium,收支餘絀表（教保費收入）／財報附註一（實際招收人數）／收費明細（全學期總收費）,學年度,非營利
N30,文中,111,核定人數 財報=登記,財報附註一所載核定招收總人數，應與全國教保資訊網登記之核定招收人數相符。核定人數同時是收費、補助、師生比與樓地板面積的分母，任一系統記載不同，所有以它為基礎的計算都會跟著錯。,True,財報 106 人，登記 106 人，差 +0 人,medium,財報附註一（核定招收人數）／園所基本資料（count_approved）,學年度,非營利
N30,文中,111,師生比貼齊法定上限,財報附註一之實際招收人數 ÷ 教保服務人員數。幼兒教育及照顧法就 3 歲以上幼兒之配置上限為每 15 名 1 人（2 歲專班更嚴）。全體 132 份報告最大值恰為 15，無一超過，故本檢核標示的是已貼齊上限、任一人請假即無緩衝的情形。,True,74 名幼兒 ÷ 10 位 = 7.40（上限 15）,medium,財報附註一（實際招收人數、教保服務人員數）,學年度,非營利
N30,文中,111,隱含收費年額 同儕偏離,教保費收入決算數 ÷ 實際招收人數，即財報反推之每名幼兒年度營運成本（含政府差額補助）。111 學年度起收費明細不在公開資料中，這是唯一可用的收費代理量，故僅能與同年度同類型同儕比較，不設絕對門檻。,,收支餘絀表期間「111.9.30~112.7.31」僅涵蓋 11 個月，每生收入與全年度同儕不可直接比較,medium,收支餘絀表（教保費收入）／財報附註一（實際招收人數）／同年度非營利園同儕,學年度,非營利
N30,文中,111,家長月均實繳 ≤ 登記月費,附註三「收支明細表 1. 教保費收入」之「教保費收入（家長繳費）」÷ 實際招收人數 ÷ 12 個月，與園所基本資料登記之每月收費比較。第二胎以上、低收入戶與身心障礙幼兒依規定減免，所以**平均值本應低於登記月費**；高於登記月費比低於更難解釋。,,缺附註三家長繳費、實際招收人數或登記每月收費,medium,財報附註三（教保費收入－家長繳費）／財報附註一（實際招收人數）／園所基本資料（每月收費）,學年度,非營利
N30,文中,111,家長分攤比率 同儕偏離,家長繳費 ÷（家長繳費 + 政府學費差額補助）。非營利園是成本分攤制，分攤比率由核定之營運成本與家長收費數額共同決定，同一年度同一制度下應相近。全市中位數自 110 學年度 0.209 降至 113 學年度 0.113（政府端承擔上升），故僅與同年度同儕比較，不設絕對門檻。,,本份報告未抽到附註三之教保費收入拆分,medium,財報附註三（教保費收入－家長繳費／政府學費差額補助）／同年度非營利園同儕,學年度,非營利
N30,文中,112,教保費收入 = 收費 × 人數,收費明細申報之每生全學年度收費 × 財報附註一所載實際招收人數，應等於收支餘絀表之教保費收入決算數。此對應經 110 學年度 28 份報告實測，中位比值 1.0004、27/28 落在 ±4% 內，故偏離可視為三個數字之一有誤。,,112 學年度查無非營利園收費明細（鏡像自 111 學年度起全市 0 檔，109／110 分別為 23／31 檔）——資料不足，非該園未申報,medium,收支餘絀表（教保費收入）／財報附註一（實際招收人數）／收費明細（全學期總收費）,學年度,非營利
N30,文中,112,核定人數 財報=登記,財報附註一所載核定招收總人數，應與全國教保資訊網登記之核定招收人數相符。核定人數同時是收費、補助、師生比與樓地板面積的分母，任一系統記載不同，所有以它為基礎的計算都會跟著錯。,True,財報 106 人，登記 106 人，差 +0 人,medium,財報附註一（核定招收人數）／園所基本資料（count_approved）,學年度,非營利
N30,文中,112,師生比貼齊法定上限,財報附註一之實際招收人數 ÷ 教保服務人員數。幼兒教育及照顧法就 3 歲以上幼兒之配置上限為每 15 名 1 人（2 歲專班更嚴）。全體 132 份報告最大值恰為 15，無一超過，故本檢核標示的是已貼齊上限、任一人請假即無緩衝的情形。,True,106 名幼兒 ÷ 10 位 = 10.60（上限 15）,medium,財報附註一（實際招收人數、教保服務人員數）,學年度,非營利
N30,文中,112,隱含收費年額 同儕偏離,教保費收入決算數 ÷ 實際招收人數，即財報反推之每名幼兒年度營運成本（含政府差額補助）。111 學年度起收費明細不在公開資料中，這是唯一可用的收費代理量，故僅能與同年度同類型同儕比較，不設絕對門檻。,True,"每生教保費收入 118,495.019 元/生（同年度中位 116,550.739 元/生，穩健 z=+0.18）",medium,收支餘絀表（教保費收入）／財報附註一（實際招收人數）／同年度非營利園同儕,學年度,非營利
N30,文中,112,家長月均實繳 ≤ 登記月費,附註三「收支明細表 1. 教保費收入」之「教保費收入（家長繳費）」÷ 實際招收人數 ÷ 12 個月，與園所基本資料登記之每月收費比較。第二胎以上、低收入戶與身心障礙幼兒依規定減免，所以**平均值本應低於登記月費**；高於登記月費比低於更難解釋。,True,"家長繳費 1,957,160 ÷ 106 人 ÷ 12 月 = 每月 1,539，登記月費 2,000",medium,財報附註三（教保費收入－家長繳費）／財報附註一（實際招收人數）／園所基本資料（每月收費）,學年度,非營利
N30,文中,112,家長分攤比率 同儕偏離,家長繳費 ÷（家長繳費 + 政府學費差額補助）。非營利園是成本分攤制，分攤比率由核定之營運成本與家長收費數額共同決定，同一年度同一制度下應相近。全市中位數自 110 學年度 0.209 降至 113 學年度 0.113（政府端承擔上升），故僅與同年度同儕比較，不設絕對門檻。,True,家長分攤比率 0.156（同年度中位 0.146，穩健 z=+0.41）,medium,財報附註三（教保費收入－家長繳費／政府學費差額補助）／同年度非營利園同儕,學年度,非營利
N30,文中,113,教保費收入 = 收費 × 人數,收費明細申報之每生全學年度收費 × 財報附註一所載實際招收人數，應等於收支餘絀表之教保費收入決算數。此對應經 110 學年度 28 份報告實測，中位比值 1.0004、27/28 落在 ±4% 內，故偏離可視為三個數字之一有誤。,,113 學年度查無非營利園收費明細（鏡像自 111 學年度起全市 0 檔，109／110 分別為 23／31 檔）——資料不足，非該園未申報,medium,收支餘絀表（教保費收入）／財報附註一（實際招收人數）／收費明細（全學期總收費）,學年度,非營利
N30,文中,113,核定人數 財報=登記,財報附註一所載核定招收總人數，應與全國教保資訊網登記之核定招收人數相符。核定人數同時是收費、補助、師生比與樓地板面積的分母，任一系統記載不同，所有以它為基礎的計算都會跟著錯。,True,財報 100 人，登記 106 人，差 +6 人,medium,財報附註一（核定招收人數）／園所基本資料（count_approved）,學年度,非營利
N30,文中,113,師生比貼齊法定上限,財報附註一之實際招收人數 ÷ 教保服務人員數。幼兒教育及照顧法就 3 歲以上幼兒之配置上限為每 15 名 1 人（2 歲專班更嚴）。全體 132 份報告最大值恰為 15，無一超過，故本檢核標示的是已貼齊上限、任一人請假即無緩衝的情形。,True,97 名幼兒 ÷ 10 位 = 9.70（上限 15）,medium,財報附註一（實際招收人數、教保服務人員數）,學年度,非營利
N30,文中,113,隱含收費年額 同儕偏離,教保費收入決算數 ÷ 實際招收人數，即財報反推之每名幼兒年度營運成本（含政府差額補助）。111 學年度起收費明細不在公開資料中，這是唯一可用的收費代理量，故僅能與同年度同類型同儕比較，不設絕對門檻。,True,"每生教保費收入 137,866.918 元/生（同年度中位 138,439.024 元/生，穩健 z=-0.03）",medium,收支餘絀表（教保費收入）／財報附註一（實際招收人數）／同年度非營利園同儕,學年度,非營利
N30,文中,113,家長月均實繳 ≤ 登記月費,附註三「收支明細表 1. 教保費收入」之「教保費收入（家長繳費）」÷ 實際招收人數 ÷ 12 個月，與園所基本資料登記之每月收費比較。第二胎以上、低收入戶與身心障礙幼兒依規定減免，所以**平均值本應低於登記月費**；高於登記月費比低於更難解釋。,True,"家長繳費 1,833,091 ÷ 97 人 ÷ 12 月 = 每月 1,575，登記月費 2,000",medium,財報附註三（教保費收入－家長繳費）／財報附註一（實際招收人數）／園所基本資料（每月收費）,學年度,非營利
N30,文中,113,家長分攤比率 同儕偏離,家長繳費 ÷（家長繳費 + 政府學費差額補助）。非營利園是成本分攤制，分攤比率由核定之營運成本與家長收費數額共同決定，同一年度同一制度下應相近。全市中位數自 110 學年度 0.209 降至 113 學年度 0.113（政府端承擔上升），故僅與同年度同儕比較，不設絕對門檻。,True,家長分攤比率 0.137（同年度中位 0.113，穩健 z=+1.07）,medium,財報附註三（教保費收入－家長繳費／政府學費差額補助）／同年度非營利園同儕,學年度,非營利
N31,翠中,111,教保費收入 = 收費 × 人數,收費明細申報之每生全學年度收費 × 財報附註一所載實際招收人數，應等於收支餘絀表之教保費收入決算數。此對應經 110 學年度 28 份報告實測，中位比值 1.0004、27/28 落在 ±4% 內，故偏離可視為三個數字之一有誤。,,111 學年度查無非營利園收費明細（鏡像自 111 學年度起全市 0 檔，109／110 分別為 23／31 檔）——資料不足，非該園未申報,medium,收支餘絀表（教保費收入）／財報附註一（實際招收人數）／收費明細（全學期總收費）,學年度,非營利
N31,翠中,111,核定人數 財報=登記,財報附註一所載核定招收總人數，應與全國教保資訊網登記之核定招收人數相符。核定人數同時是收費、補助、師生比與樓地板面積的分母，任一系統記載不同，所有以它為基礎的計算都會跟著錯。,True,財報 90 人，登記 90 人，差 +0 人,medium,財報附註一（核定招收人數）／園所基本資料（count_approved）,學年度,非營利
N31,翠中,111,師生比貼齊法定上限,財報附註一之實際招收人數 ÷ 教保服務人員數。幼兒教育及照顧法就 3 歲以上幼兒之配置上限為每 15 名 1 人（2 歲專班更嚴）。全體 132 份報告最大值恰為 15，無一超過，故本檢核標示的是已貼齊上限、任一人請假即無緩衝的情形。,True,63 名幼兒 ÷ 7 位 = 9.00（上限 15）,medium,財報附註一（實際招收人數、教保服務人員數）,學年度,非營利
N31,翠中,111,隱含收費年額 同儕偏離,教保費收入決算數 ÷ 實際招收人數，即財報反推之每名幼兒年度營運成本（含政府差額補助）。111 學年度起收費明細不在公開資料中，這是唯一可用的收費代理量，故僅能與同年度同類型同儕比較，不設絕對門檻。,,收支餘絀表期間「民國111年9月30日至112年7月31日」僅涵蓋 11 個月，每生收入與全年度同儕不可直接比較,medium,收支餘絀表（教保費收入）／財報附註一（實際招收人數）／同年度非營利園同儕,學年度,非營利
N31,翠中,111,家長月均實繳 ≤ 登記月費,附註三「收支明細表 1. 教保費收入」之「教保費收入（家長繳費）」÷ 實際招收人數 ÷ 12 個月，與園所基本資料登記之每月收費比較。第二胎以上、低收入戶與身心障礙幼兒依規定減免，所以**平均值本應低於登記月費**；高於登記月費比低於更難解釋。,,缺附註三家長繳費、實際招收人數或登記每月收費,medium,財報附註三（教保費收入－家長繳費）／財報附註一（實際招收人數）／園所基本資料（每月收費）,學年度,非營利
N31,翠中,111,家長分攤比率 同儕偏離,家長繳費 ÷（家長繳費 + 政府學費差額補助）。非營利園是成本分攤制，分攤比率由核定之營運成本與家長收費數額共同決定，同一年度同一制度下應相近。全市中位數自 110 學年度 0.209 降至 113 學年度 0.113（政府端承擔上升），故僅與同年度同儕比較，不設絕對門檻。,,本份報告未抽到附註三之教保費收入拆分,medium,財報附註三（教保費收入－家長繳費／政府學費差額補助）／同年度非營利園同儕,學年度,非營利
N31,翠中,112,教保費收入 = 收費 × 人數,收費明細申報之每生全學年度收費 × 財報附註一所載實際招收人數，應等於收支餘絀表之教保費收入決算數。此對應經 110 學年度 28 份報告實測，中位比值 1.0004、27/28 落在 ±4% 內，故偏離可視為三個數字之一有誤。,,112 學年度查無非營利園收費明細（鏡像自 111 學年度起全市 0 檔，109／110 分別為 23／31 檔）——資料不足，非該園未申報,medium,收支餘絀表（教保費收入）／財報附註一（實際招收人數）／收費明細（全學期總收費）,學年度,非營利
N31,翠中,112,核定人數 財報=登記,財報附註一所載核定招收總人數，應與全國教保資訊網登記之核定招收人數相符。核定人數同時是收費、補助、師生比與樓地板面積的分母，任一系統記載不同，所有以它為基礎的計算都會跟著錯。,True,財報 90 人，登記 90 人，差 +0 人,medium,財報附註一（核定招收人數）／園所基本資料（count_approved）,學年度,非營利
N31,翠中,112,師生比貼齊法定上限,財報附註一之實際招收人數 ÷ 教保服務人員數。幼兒教育及照顧法就 3 歲以上幼兒之配置上限為每 15 名 1 人（2 歲專班更嚴）。全體 132 份報告最大值恰為 15，無一超過，故本檢核標示的是已貼齊上限、任一人請假即無緩衝的情形。,True,88 名幼兒 ÷ 8 位 = 11.00（上限 15）,medium,財報附註一（實際招收人數、教保服務人員數）,學年度,非營利
N31,翠中,112,隱含收費年額 同儕偏離,教保費收入決算數 ÷ 實際招收人數，即財報反推之每名幼兒年度營運成本（含政府差額補助）。111 學年度起收費明細不在公開資料中，這是唯一可用的收費代理量，故僅能與同年度同類型同儕比較，不設絕對門檻。,True,"每生教保費收入 118,537.705 元/生（同年度中位 116,550.739 元/生，穩健 z=+0.19）",medium,收支餘絀表（教保費收入）／財報附註一（實際招收人數）／同年度非營利園同儕,學年度,非營利
N31,翠中,112,家長月均實繳 ≤ 登記月費,附註三「收支明細表 1. 教保費收入」之「教保費收入（家長繳費）」÷ 實際招收人數 ÷ 12 個月，與園所基本資料登記之每月收費比較。第二胎以上、低收入戶與身心障礙幼兒依規定減免，所以**平均值本應低於登記月費**；高於登記月費比低於更難解釋。,True,"家長繳費 1,684,870 ÷ 88 人 ÷ 12 月 = 每月 1,596，登記月費 2,000",medium,財報附註三（教保費收入－家長繳費）／財報附註一（實際招收人數）／園所基本資料（每月收費）,學年度,非營利
N31,翠中,112,家長分攤比率 同儕偏離,家長繳費 ÷（家長繳費 + 政府學費差額補助）。非營利園是成本分攤制，分攤比率由核定之營運成本與家長收費數額共同決定，同一年度同一制度下應相近。全市中位數自 110 學年度 0.209 降至 113 學年度 0.113（政府端承擔上升），故僅與同年度同儕比較，不設絕對門檻。,True,家長分攤比率 0.162（同年度中位 0.146，穩健 z=+0.65）,medium,財報附註三（教保費收入－家長繳費／政府學費差額補助）／同年度非營利園同儕,學年度,非營利
N31,翠中,113,教保費收入 = 收費 × 人數,收費明細申報之每生全學年度收費 × 財報附註一所載實際招收人數，應等於收支餘絀表之教保費收入決算數。此對應經 110 學年度 28 份報告實測，中位比值 1.0004、27/28 落在 ±4% 內，故偏離可視為三個數字之一有誤。,,113 學年度查無非營利園收費明細（鏡像自 111 學年度起全市 0 檔，109／110 分別為 23／31 檔）——資料不足，非該園未申報,medium,收支餘絀表（教保費收入）／財報附註一（實際招收人數）／收費明細（全學期總收費）,學年度,非營利
N31,翠中,113,核定人數 財報=登記,財報附註一所載核定招收總人數，應與全國教保資訊網登記之核定招收人數相符。核定人數同時是收費、補助、師生比與樓地板面積的分母，任一系統記載不同，所有以它為基礎的計算都會跟著錯。,True,財報 84 人，登記 90 人，差 +6 人,medium,財報附註一（核定招收人數）／園所基本資料（count_approved）,學年度,非營利
N31,翠中,113,師生比貼齊法定上限,財報附註一之實際招收人數 ÷ 教保服務人員數。幼兒教育及照顧法就 3 歲以上幼兒之配置上限為每 15 名 1 人（2 歲專班更嚴）。全體 132 份報告最大值恰為 15，無一超過，故本檢核標示的是已貼齊上限、任一人請假即無緩衝的情形。,True,82 名幼兒 ÷ 8 位 = 10.25（上限 15）,medium,財報附註一（實際招收人數、教保服務人員數）,學年度,非營利
N31,翠中,113,隱含收費年額 同儕偏離,教保費收入決算數 ÷ 實際招收人數，即財報反推之每名幼兒年度營運成本（含政府差額補助）。111 學年度起收費明細不在公開資料中，這是唯一可用的收費代理量，故僅能與同年度同類型同儕比較，不設絕對門檻。,True,"每生教保費收入 138,439.024 元/生（同年度中位 138,439.024 元/生，穩健 z=+0.00）",medium,收支餘絀表（教保費收入）／財報附註一（實際招收人數）／同年度非營利園同儕,學年度,非營利
N31,翠中,113,家長月均實繳 ≤ 登記月費,附註三「收支明細表 1. 教保費收入」之「教保費收入（家長繳費）」÷ 實際招收人數 ÷ 12 個月，與園所基本資料登記之每月收費比較。第二胎以上、低收入戶與身心障礙幼兒依規定減免，所以**平均值本應低於登記月費**；高於登記月費比低於更難解釋。,True,"家長繳費 1,602,000 ÷ 82 人 ÷ 12 月 = 每月 1,628，登記月費 2,000",medium,財報附註三（教保費收入－家長繳費）／財報附註一（實際招收人數）／園所基本資料（每月收費）,學年度,非營利
N31,翠中,113,家長分攤比率 同儕偏離,家長繳費 ÷（家長繳費 + 政府學費差額補助）。非營利園是成本分攤制，分攤比率由核定之營運成本與家長收費數額共同決定，同一年度同一制度下應相近。全市中位數自 110 學年度 0.209 降至 113 學年度 0.113（政府端承擔上升），故僅與同年度同儕比較，不設絕對門檻。,True,家長分攤比率 0.141（同年度中位 0.113，穩健 z=+1.25）,medium,財報附註三（教保費收入－家長繳費／政府學費差額補助）／同年度非營利園同儕,學年度,非營利
N32,板橋員工子女,111,教保費收入 = 收費 × 人數,收費明細申報之每生全學年度收費 × 財報附註一所載實際招收人數，應等於收支餘絀表之教保費收入決算數。此對應經 110 學年度 28 份報告實測，中位比值 1.0004、27/28 落在 ±4% 內，故偏離可視為三個數字之一有誤。,,111 學年度查無非營利園收費明細（鏡像自 111 學年度起全市 0 檔，109／110 分別為 23／31 檔）——資料不足，非該園未申報,medium,收支餘絀表（教保費收入）／財報附註一（實際招收人數）／收費明細（全學期總收費）,學年度,非營利
N32,板橋員工子女,111,核定人數 財報=登記,財報附註一所載核定招收總人數，應與全國教保資訊網登記之核定招收人數相符。核定人數同時是收費、補助、師生比與樓地板面積的分母，任一系統記載不同，所有以它為基礎的計算都會跟著錯。,True,財報 166 人，登記 166 人，差 +0 人,medium,財報附註一（核定招收人數）／園所基本資料（count_approved）,學年度,非營利
N32,板橋員工子女,111,師生比貼齊法定上限,財報附註一之實際招收人數 ÷ 教保服務人員數。幼兒教育及照顧法就 3 歲以上幼兒之配置上限為每 15 名 1 人（2 歲專班更嚴）。全體 132 份報告最大值恰為 15，無一超過，故本檢核標示的是已貼齊上限、任一人請假即無緩衝的情形。,True,164 名幼兒 ÷ 14 位 = 11.71（上限 15）,medium,財報附註一（實際招收人數、教保服務人員數）,學年度,非營利
N32,板橋員工子女,111,隱含收費年額 同儕偏離,教保費收入決算數 ÷ 實際招收人數，即財報反推之每名幼兒年度營運成本（含政府差額補助）。111 學年度起收費明細不在公開資料中，這是唯一可用的收費代理量，故僅能與同年度同類型同儕比較，不設絕對門檻。,True,"每生教保費收入 118,606.732 元/生（同年度中位 111,778.059 元/生，穩健 z=+0.68）",medium,收支餘絀表（教保費收入）／財報附註一（實際招收人數）／同年度非營利園同儕,學年度,非營利
N32,板橋員工子女,111,家長月均實繳 ≤ 登記月費,附註三「收支明細表 1. 教保費收入」之「教保費收入（家長繳費）」÷ 實際招收人數 ÷ 12 個月，與園所基本資料登記之每月收費比較。第二胎以上、低收入戶與身心障礙幼兒依規定減免，所以**平均值本應低於登記月費**；高於登記月費比低於更難解釋。,True,"家長繳費 3,074,826 ÷ 164 人 ÷ 12 月 = 每月 1,562，登記月費 2,000",medium,財報附註三（教保費收入－家長繳費）／財報附註一（實際招收人數）／園所基本資料（每月收費）,學年度,非營利
N32,板橋員工子女,111,家長分攤比率 同儕偏離,家長繳費 ÷（家長繳費 + 政府學費差額補助）。非營利園是成本分攤制，分攤比率由核定之營運成本與家長收費數額共同決定，同一年度同一制度下應相近。全市中位數自 110 學年度 0.209 降至 113 學年度 0.113（政府端承擔上升），故僅與同年度同儕比較，不設絕對門檻。,True,家長分攤比率 0.158（同年度中位 0.153，穩健 z=+0.22）,medium,財報附註三（教保費收入－家長繳費／政府學費差額補助）／同年度非營利園同儕,學年度,非營利
N32,板橋員工子女,112,教保費收入 = 收費 × 人數,收費明細申報之每生全學年度收費 × 財報附註一所載實際招收人數，應等於收支餘絀表之教保費收入決算數。此對應經 110 學年度 28 份報告實測，中位比值 1.0004、27/28 落在 ±4% 內，故偏離可視為三個數字之一有誤。,,112 學年度查無非營利園收費明細（鏡像自 111 學年度起全市 0 檔，109／110 分別為 23／31 檔）——資料不足，非該園未申報,medium,收支餘絀表（教保費收入）／財報附註一（實際招收人數）／收費明細（全學期總收費）,學年度,非營利
N32,板橋員工子女,112,核定人數 財報=登記,財報附註一所載核定招收總人數，應與全國教保資訊網登記之核定招收人數相符。核定人數同時是收費、補助、師生比與樓地板面積的分母，任一系統記載不同，所有以它為基礎的計算都會跟著錯。,True,財報 166 人，登記 166 人，差 +0 人,medium,財報附註一（核定招收人數）／園所基本資料（count_approved）,學年度,非營利
N32,板橋員工子女,112,師生比貼齊法定上限,財報附註一之實際招收人數 ÷ 教保服務人員數。幼兒教育及照顧法就 3 歲以上幼兒之配置上限為每 15 名 1 人（2 歲專班更嚴）。全體 132 份報告最大值恰為 15，無一超過，故本檢核標示的是已貼齊上限、任一人請假即無緩衝的情形。,True,163 名幼兒 ÷ 14 位 = 11.64（上限 15）,medium,財報附註一（實際招收人數、教保服務人員數）,學年度,非營利
N32,板橋員工子女,112,隱含收費年額 同儕偏離,教保費收入決算數 ÷ 實際招收人數，即財報反推之每名幼兒年度營運成本（含政府差額補助）。111 學年度起收費明細不在公開資料中，這是唯一可用的收費代理量，故僅能與同年度同類型同儕比較，不設絕對門檻。,True,"每生教保費收入 121,429.847 元/生（同年度中位 116,550.739 元/生，穩健 z=+0.46）",medium,收支餘絀表（教保費收入）／財報附註一（實際招收人數）／同年度非營利園同儕,學年度,非營利
N32,板橋員工子女,112,家長月均實繳 ≤ 登記月費,附註三「收支明細表 1. 教保費收入」之「教保費收入（家長繳費）」÷ 實際招收人數 ÷ 12 個月，與園所基本資料登記之每月收費比較。第二胎以上、低收入戶與身心障礙幼兒依規定減免，所以**平均值本應低於登記月費**；高於登記月費比低於更難解釋。,True,"家長繳費 2,963,217 ÷ 163 人 ÷ 12 月 = 每月 1,515，登記月費 2,000",medium,財報附註三（教保費收入－家長繳費）／財報附註一（實際招收人數）／園所基本資料（每月收費）,學年度,非營利
N32,板橋員工子女,112,家長分攤比率 同儕偏離,家長繳費 ÷（家長繳費 + 政府學費差額補助）。非營利園是成本分攤制，分攤比率由核定之營運成本與家長收費數額共同決定，同一年度同一制度下應相近。全市中位數自 110 學年度 0.209 降至 113 學年度 0.113（政府端承擔上升），故僅與同年度同儕比較，不設絕對門檻。,True,家長分攤比率 0.150（同年度中位 0.146，穩健 z=+0.15）,medium,財報附註三（教保費收入－家長繳費／政府學費差額補助）／同年度非營利園同儕,學年度,非營利
N32,板橋員工子女,113,教保費收入 = 收費 × 人數,收費明細申報之每生全學年度收費 × 財報附註一所載實際招收人數，應等於收支餘絀表之教保費收入決算數。此對應經 110 學年度 28 份報告實測，中位比值 1.0004、27/28 落在 ±4% 內，故偏離可視為三個數字之一有誤。,,113 學年度查無非營利園收費明細（鏡像自 111 學年度起全市 0 檔，109／110 分別為 23／31 檔）——資料不足，非該園未申報,medium,收支餘絀表（教保費收入）／財報附註一（實際招收人數）／收費明細（全學期總收費）,學年度,非營利
N32,板橋員工子女,113,核定人數 財報=登記,財報附註一所載核定招收總人數，應與全國教保資訊網登記之核定招收人數相符。核定人數同時是收費、補助、師生比與樓地板面積的分母，任一系統記載不同，所有以它為基礎的計算都會跟著錯。,False,財報 136 人，登記 166 人，差 +30 人（容差 20 人）。請確認哪一邊是現行核定數，以及以另一邊為基礎核算之收費與補助是否需更正。　旁證：登記室內面積 975.3 ㎡，除以登記核定為 5.9 ㎡/人、除以財報核定為 7.2 ㎡/人（室內活動室法定下限 2.5 ㎡/人；主檔面積為全園室內面積，範圍較寬）,medium,財報附註一（核定招收人數）／園所基本資料（count_approved）,學年度,非營利
N32,板橋員工子女,113,師生比貼齊法定上限,財報附註一之實際招收人數 ÷ 教保服務人員數。幼兒教育及照顧法就 3 歲以上幼兒之配置上限為每 15 名 1 人（2 歲專班更嚴）。全體 132 份報告最大值恰為 15，無一超過，故本檢核標示的是已貼齊上限、任一人請假即無緩衝的情形。,True,136 名幼兒 ÷ 15 位 = 9.07（上限 15）,medium,財報附註一（實際招收人數、教保服務人員數）,學年度,非營利
N32,板橋員工子女,113,隱含收費年額 同儕偏離,教保費收入決算數 ÷ 實際招收人數，即財報反推之每名幼兒年度營運成本（含政府差額補助）。111 學年度起收費明細不在公開資料中，這是唯一可用的收費代理量，故僅能與同年度同類型同儕比較，不設絕對門檻。,True,"每生教保費收入 155,007.353 元/生（同年度中位 138,439.024 元/生，穩健 z=+0.87）",medium,收支餘絀表（教保費收入）／財報附註一（實際招收人數）／同年度非營利園同儕,學年度,非營利
N32,板橋員工子女,113,家長月均實繳 ≤ 登記月費,附註三「收支明細表 1. 教保費收入」之「教保費收入（家長繳費）」÷ 實際招收人數 ÷ 12 個月，與園所基本資料登記之每月收費比較。第二胎以上、低收入戶與身心障礙幼兒依規定減免，所以**平均值本應低於登記月費**；高於登記月費比低於更難解釋。,True,"家長繳費 2,401,000 ÷ 136 人 ÷ 12 月 = 每月 1,471，登記月費 2,000",medium,財報附註三（教保費收入－家長繳費）／財報附註一（實際招收人數）／園所基本資料（每月收費）,學年度,非營利
N32,板橋員工子女,113,家長分攤比率 同儕偏離,家長繳費 ÷（家長繳費 + 政府學費差額補助）。非營利園是成本分攤制，分攤比率由核定之營運成本與家長收費數額共同決定，同一年度同一制度下應相近。全市中位數自 110 學年度 0.209 降至 113 學年度 0.113（政府端承擔上升），故僅與同年度同儕比較，不設絕對門檻。,True,家長分攤比率 0.114（同年度中位 0.113，穩健 z=+0.02）,medium,財報附註三（教保費收入－家長繳費／政府學費差額補助）／同年度非營利園同儕,學年度,非營利
N33,淡海,112,教保費收入 = 收費 × 人數,收費明細申報之每生全學年度收費 × 財報附註一所載實際招收人數，應等於收支餘絀表之教保費收入決算數。此對應經 110 學年度 28 份報告實測，中位比值 1.0004、27/28 落在 ±4% 內，故偏離可視為三個數字之一有誤。,,112 學年度查無非營利園收費明細（鏡像自 111 學年度起全市 0 檔，109／110 分別為 23／31 檔）——資料不足，非該園未申報,medium,收支餘絀表（教保費收入）／財報附註一（實際招收人數）／收費明細（全學期總收費）,學年度,非營利
N33,淡海,112,核定人數 財報=登記,財報附註一所載核定招收總人數，應與全國教保資訊網登記之核定招收人數相符。核定人數同時是收費、補助、師生比與樓地板面積的分母，任一系統記載不同，所有以它為基礎的計算都會跟著錯。,True,財報 182 人，登記 182 人，差 +0 人,medium,財報附註一（核定招收人數）／園所基本資料（count_approved）,學年度,非營利
N33,淡海,112,師生比貼齊法定上限,財報附註一之實際招收人數 ÷ 教保服務人員數。幼兒教育及照顧法就 3 歲以上幼兒之配置上限為每 15 名 1 人（2 歲專班更嚴）。全體 132 份報告最大值恰為 15，無一超過，故本檢核標示的是已貼齊上限、任一人請假即無緩衝的情形。,True,170 名幼兒 ÷ 19 位 = 8.95（上限 15）,medium,財報附註一（實際招收人數、教保服務人員數）,學年度,非營利
N33,淡海,112,隱含收費年額 同儕偏離,教保費收入決算數 ÷ 實際招收人數，即財報反推之每名幼兒年度營運成本（含政府差額補助）。111 學年度起收費明細不在公開資料中，這是唯一可用的收費代理量，故僅能與同年度同類型同儕比較，不設絕對門檻。,,收支餘絀表期間「民國112年9月28日至113年7月31日」僅涵蓋 11 個月，每生收入與全年度同儕不可直接比較,medium,收支餘絀表（教保費收入）／財報附註一（實際招收人數）／同年度非營利園同儕,學年度,非營利
N33,淡海,112,家長月均實繳 ≤ 登記月費,附註三「收支明細表 1. 教保費收入」之「教保費收入（家長繳費）」÷ 實際招收人數 ÷ 12 個月，與園所基本資料登記之每月收費比較。第二胎以上、低收入戶與身心障礙幼兒依規定減免，所以**平均值本應低於登記月費**；高於登記月費比低於更難解釋。,,缺附註三家長繳費、實際招收人數或登記每月收費,medium,財報附註三（教保費收入－家長繳費）／財報附註一（實際招收人數）／園所基本資料（每月收費）,學年度,非營利
N33,淡海,112,家長分攤比率 同儕偏離,家長繳費 ÷（家長繳費 + 政府學費差額補助）。非營利園是成本分攤制，分攤比率由核定之營運成本與家長收費數額共同決定，同一年度同一制度下應相近。全市中位數自 110 學年度 0.209 降至 113 學年度 0.113（政府端承擔上升），故僅與同年度同儕比較，不設絕對門檻。,,本份報告未抽到附註三之教保費收入拆分,medium,財報附註三（教保費收入－家長繳費／政府學費差額補助）／同年度非營利園同儕,學年度,非營利
N33,淡海,113,教保費收入 = 收費 × 人數,收費明細申報之每生全學年度收費 × 財報附註一所載實際招收人數，應等於收支餘絀表之教保費收入決算數。此對應經 110 學年度 28 份報告實測，中位比值 1.0004、27/28 落在 ±4% 內，故偏離可視為三個數字之一有誤。,,113 學年度查無非營利園收費明細（鏡像自 111 學年度起全市 0 檔，109／110 分別為 23／31 檔）——資料不足，非該園未申報,medium,收支餘絀表（教保費收入）／財報附註一（實際招收人數）／收費明細（全學期總收費）,學年度,非營利
N33,淡海,113,核定人數 財報=登記,財報附註一所載核定招收總人數，應與全國教保資訊網登記之核定招收人數相符。核定人數同時是收費、補助、師生比與樓地板面積的分母，任一系統記載不同，所有以它為基礎的計算都會跟著錯。,False,"財報 152 人，登記 182 人，差 +30 人（容差 20 人）。請確認哪一邊是現行核定數，以及以另一邊為基礎核算之收費與補助是否需更正。　旁證：登記室內面積 1,170.9 ㎡，除以登記核定為 6.4 ㎡/人、除以財報核定為 7.7 ㎡/人（室內活動室法定下限 2.5 ㎡/人；主檔面積為全園室內面積，範圍較寬）",medium,財報附註一（核定招收人數）／園所基本資料（count_approved）,學年度,非營利
N33,淡海,113,師生比貼齊法定上限,財報附註一之實際招收人數 ÷ 教保服務人員數。幼兒教育及照顧法就 3 歲以上幼兒之配置上限為每 15 名 1 人（2 歲專班更嚴）。全體 132 份報告最大值恰為 15，無一超過，故本檢核標示的是已貼齊上限、任一人請假即無緩衝的情形。,True,143 名幼兒 ÷ 17 位 = 8.41（上限 15）,medium,財報附註一（實際招收人數、教保服務人員數）,學年度,非營利
N33,淡海,113,隱含收費年額 同儕偏離,教保費收入決算數 ÷ 實際招收人數，即財報反推之每名幼兒年度營運成本（含政府差額補助）。111 學年度起收費明細不在公開資料中，這是唯一可用的收費代理量，故僅能與同年度同類型同儕比較，不設絕對門檻。,True,"每生教保費收入 138,657.343 元/生（同年度中位 138,439.024 元/生，穩健 z=+0.01）",medium,收支餘絀表（教保費收入）／財報附註一（實際招收人數）／同年度非營利園同儕,學年度,非營利
N33,淡海,113,家長月均實繳 ≤ 登記月費,附註三「收支明細表 1. 教保費收入」之「教保費收入（家長繳費）」÷ 實際招收人數 ÷ 12 個月，與園所基本資料登記之每月收費比較。第二胎以上、低收入戶與身心障礙幼兒依規定減免，所以**平均值本應低於登記月費**；高於登記月費比低於更難解釋。,True,"家長繳費 2,208,000 ÷ 143 人 ÷ 12 月 = 每月 1,287，登記月費 2,000",medium,財報附註三（教保費收入－家長繳費）／財報附註一（實際招收人數）／園所基本資料（每月收費）,學年度,非營利
N33,淡海,113,家長分攤比率 同儕偏離,家長繳費 ÷（家長繳費 + 政府學費差額補助）。非營利園是成本分攤制，分攤比率由核定之營運成本與家長收費數額共同決定，同一年度同一制度下應相近。全市中位數自 110 學年度 0.209 降至 113 學年度 0.113（政府端承擔上升），故僅與同年度同儕比較，不設絕對門檻。,True,家長分攤比率 0.111（同年度中位 0.113，穩健 z=-0.10）,medium,財報附註三（教保費收入－家長繳費／政府學費差額補助）／同年度非營利園同儕,學年度,非營利
N34,佳和,112,教保費收入 = 收費 × 人數,收費明細申報之每生全學年度收費 × 財報附註一所載實際招收人數，應等於收支餘絀表之教保費收入決算數。此對應經 110 學年度 28 份報告實測，中位比值 1.0004、27/28 落在 ±4% 內，故偏離可視為三個數字之一有誤。,,112 學年度查無非營利園收費明細（鏡像自 111 學年度起全市 0 檔，109／110 分別為 23／31 檔）——資料不足，非該園未申報,medium,收支餘絀表（教保費收入）／財報附註一（實際招收人數）／收費明細（全學期總收費）,學年度,非營利
N34,佳和,112,核定人數 財報=登記,財報附註一所載核定招收總人數，應與全國教保資訊網登記之核定招收人數相符。核定人數同時是收費、補助、師生比與樓地板面積的分母，任一系統記載不同，所有以它為基礎的計算都會跟著錯。,True,財報 106 人，登記 106 人，差 +0 人,medium,財報附註一（核定招收人數）／園所基本資料（count_approved）,學年度,非營利
N34,佳和,112,師生比貼齊法定上限,財報附註一之實際招收人數 ÷ 教保服務人員數。幼兒教育及照顧法就 3 歲以上幼兒之配置上限為每 15 名 1 人（2 歲專班更嚴）。全體 132 份報告最大值恰為 15，無一超過，故本檢核標示的是已貼齊上限、任一人請假即無緩衝的情形。,True,101 名幼兒 ÷ 10 位 = 10.10（上限 15）,medium,財報附註一（實際招收人數、教保服務人員數）,學年度,非營利
N34,佳和,112,隱含收費年額 同儕偏離,教保費收入決算數 ÷ 實際招收人數，即財報反推之每名幼兒年度營運成本（含政府差額補助）。111 學年度起收費明細不在公開資料中，這是唯一可用的收費代理量，故僅能與同年度同類型同儕比較，不設絕對門檻。,,收支餘絀表期間「民國112年9月28日至113年7月31日」僅涵蓋 11 個月，每生收入與全年度同儕不可直接比較,medium,收支餘絀表（教保費收入）／財報附註一（實際招收人數）／同年度非營利園同儕,學年度,非營利
N34,佳和,112,家長月均實繳 ≤ 登記月費,附註三「收支明細表 1. 教保費收入」之「教保費收入（家長繳費）」÷ 實際招收人數 ÷ 12 個月，與園所基本資料登記之每月收費比較。第二胎以上、低收入戶與身心障礙幼兒依規定減免，所以**平均值本應低於登記月費**；高於登記月費比低於更難解釋。,,缺附註三家長繳費、實際招收人數或登記每月收費,medium,財報附註三（教保費收入－家長繳費）／財報附註一（實際招收人數）／園所基本資料（每月收費）,學年度,非營利
N34,佳和,112,家長分攤比率 同儕偏離,家長繳費 ÷（家長繳費 + 政府學費差額補助）。非營利園是成本分攤制，分攤比率由核定之營運成本與家長收費數額共同決定，同一年度同一制度下應相近。全市中位數自 110 學年度 0.209 降至 113 學年度 0.113（政府端承擔上升），故僅與同年度同儕比較，不設絕對門檻。,,本份報告未抽到附註三之教保費收入拆分,medium,財報附註三（教保費收入－家長繳費／政府學費差額補助）／同年度非營利園同儕,學年度,非營利
N34,佳和,113,教保費收入 = 收費 × 人數,收費明細申報之每生全學年度收費 × 財報附註一所載實際招收人數，應等於收支餘絀表之教保費收入決算數。此對應經 110 學年度 28 份報告實測，中位比值 1.0004、27/28 落在 ±4% 內，故偏離可視為三個數字之一有誤。,,113 學年度查無非營利園收費明細（鏡像自 111 學年度起全市 0 檔，109／110 分別為 23／31 檔）——資料不足，非該園未申報,medium,收支餘絀表（教保費收入）／財報附註一（實際招收人數）／收費明細（全學期總收費）,學年度,非營利
N34,佳和,113,核定人數 財報=登記,財報附註一所載核定招收總人數，應與全國教保資訊網登記之核定招收人數相符。核定人數同時是收費、補助、師生比與樓地板面積的分母，任一系統記載不同，所有以它為基礎的計算都會跟著錯。,True,財報 100 人，登記 106 人，差 +6 人,medium,財報附註一（核定招收人數）／園所基本資料（count_approved）,學年度,非營利
N34,佳和,113,師生比貼齊法定上限,財報附註一之實際招收人數 ÷ 教保服務人員數。幼兒教育及照顧法就 3 歲以上幼兒之配置上限為每 15 名 1 人（2 歲專班更嚴）。全體 132 份報告最大值恰為 15，無一超過，故本檢核標示的是已貼齊上限、任一人請假即無緩衝的情形。,True,98 名幼兒 ÷ 10 位 = 9.80（上限 15）,medium,財報附註一（實際招收人數、教保服務人員數）,學年度,非營利
N34,佳和,113,隱含收費年額 同儕偏離,教保費收入決算數 ÷ 實際招收人數，即財報反推之每名幼兒年度營運成本（含政府差額補助）。111 學年度起收費明細不在公開資料中，這是唯一可用的收費代理量，故僅能與同年度同類型同儕比較，不設絕對門檻。,True,"每生教保費收入 141,269.194 元/生（同年度中位 138,439.024 元/生，穩健 z=+0.15）",medium,收支餘絀表（教保費收入）／財報附註一（實際招收人數）／同年度非營利園同儕,學年度,非營利
N34,佳和,113,家長月均實繳 ≤ 登記月費,附註三「收支明細表 1. 教保費收入」之「教保費收入（家長繳費）」÷ 實際招收人數 ÷ 12 個月，與園所基本資料登記之每月收費比較。第二胎以上、低收入戶與身心障礙幼兒依規定減免，所以**平均值本應低於登記月費**；高於登記月費比低於更難解釋。,True,"家長繳費 1,874,381 ÷ 98 人 ÷ 12 月 = 每月 1,594，登記月費 2,000",medium,財報附註三（教保費收入－家長繳費）／財報附註一（實際招收人數）／園所基本資料（每月收費）,學年度,非營利
N34,佳和,113,家長分攤比率 同儕偏離,家長繳費 ÷（家長繳費 + 政府學費差額補助）。非營利園是成本分攤制，分攤比率由核定之營運成本與家長收費數額共同決定，同一年度同一制度下應相近。全市中位數自 110 學年度 0.209 降至 113 學年度 0.113（政府端承擔上升），故僅與同年度同儕比較，不設絕對門檻。,True,家長分攤比率 0.135（同年度中位 0.113，穩健 z=+0.99）,medium,財報附註三（教保費收入－家長繳費／政府學費差額補助）／同年度非營利園同儕,學年度,非營利
N35,桃子腳,113,教保費收入 = 收費 × 人數,收費明細申報之每生全學年度收費 × 財報附註一所載實際招收人數，應等於收支餘絀表之教保費收入決算數。此對應經 110 學年度 28 份報告實測，中位比值 1.0004、27/28 落在 ±4% 內，故偏離可視為三個數字之一有誤。,,113 學年度查無非營利園收費明細（鏡像自 111 學年度起全市 0 檔，109／110 分別為 23／31 檔）——資料不足，非該園未申報,medium,收支餘絀表（教保費收入）／財報附註一（實際招收人數）／收費明細（全學期總收費）,學年度,非營利
N35,桃子腳,113,核定人數 財報=登記,財報附註一所載核定招收總人數，應與全國教保資訊網登記之核定招收人數相符。核定人數同時是收費、補助、師生比與樓地板面積的分母，任一系統記載不同，所有以它為基礎的計算都會跟著錯。,False,"財報 200 人，登記 242 人，差 +42 人（容差 20 人）。請確認哪一邊是現行核定數，以及以另一邊為基礎核算之收費與補助是否需更正。　旁證：登記室內面積 1,279.8 ㎡，除以登記核定為 5.3 ㎡/人、除以財報核定為 6.4 ㎡/人（室內活動室法定下限 2.5 ㎡/人；主檔面積為全園室內面積，範圍較寬）",medium,財報附註一（核定招收人數）／園所基本資料（count_approved）,學年度,非營利
N35,桃子腳,113,師生比貼齊法定上限,財報附註一之實際招收人數 ÷ 教保服務人員數。幼兒教育及照顧法就 3 歲以上幼兒之配置上限為每 15 名 1 人（2 歲專班更嚴）。全體 132 份報告最大值恰為 15，無一超過，故本檢核標示的是已貼齊上限、任一人請假即無緩衝的情形。,True,182 名幼兒 ÷ 19 位 = 9.58（上限 15）,medium,財報附註一（實際招收人數、教保服務人員數）,學年度,非營利
N35,桃子腳,113,隱含收費年額 同儕偏離,教保費收入決算數 ÷ 實際招收人數，即財報反推之每名幼兒年度營運成本（含政府差額補助）。111 學年度起收費明細不在公開資料中，這是唯一可用的收費代理量，故僅能與同年度同類型同儕比較，不設絕對門檻。,True,"每生教保費收入 123,388.527 元/生（同年度中位 138,439.024 元/生，穩健 z=-0.79）",medium,收支餘絀表（教保費收入）／財報附註一（實際招收人數）／同年度非營利園同儕,學年度,非營利
N35,桃子腳,113,家長月均實繳 ≤ 登記月費,附註三「收支明細表 1. 教保費收入」之「教保費收入（家長繳費）」÷ 實際招收人數 ÷ 12 個月，與園所基本資料登記之每月收費比較。第二胎以上、低收入戶與身心障礙幼兒依規定減免，所以**平均值本應低於登記月費**；高於登記月費比低於更難解釋。,True,"家長繳費 2,488,712 ÷ 182 人 ÷ 12 月 = 每月 1,140，登記月費 2,000",medium,財報附註三（教保費收入－家長繳費）／財報附註一（實際招收人數）／園所基本資料（每月收費）,學年度,非營利
N35,桃子腳,113,家長分攤比率 同儕偏離,家長繳費 ÷（家長繳費 + 政府學費差額補助）。非營利園是成本分攤制，分攤比率由核定之營運成本與家長收費數額共同決定，同一年度同一制度下應相近。全市中位數自 110 學年度 0.209 降至 113 學年度 0.113（政府端承擔上升），故僅與同年度同儕比較，不設絕對門檻。,True,家長分攤比率 0.111（同年度中位 0.113，穩健 z=-0.12）,medium,財報附註三（教保費收入－家長繳費／政府學費差額補助）／同年度非營利園同儕,學年度,非營利
N36,明德,113,教保費收入 = 收費 × 人數,收費明細申報之每生全學年度收費 × 財報附註一所載實際招收人數，應等於收支餘絀表之教保費收入決算數。此對應經 110 學年度 28 份報告實測，中位比值 1.0004、27/28 落在 ±4% 內，故偏離可視為三個數字之一有誤。,,113 學年度查無非營利園收費明細（鏡像自 111 學年度起全市 0 檔，109／110 分別為 23／31 檔）——資料不足，非該園未申報,medium,收支餘絀表（教保費收入）／財報附註一（實際招收人數）／收費明細（全學期總收費）,學年度,非營利
N36,明德,113,核定人數 財報=登記,財報附註一所載核定招收總人數，應與全國教保資訊網登記之核定招收人數相符。核定人數同時是收費、補助、師生比與樓地板面積的分母，任一系統記載不同，所有以它為基礎的計算都會跟著錯。,True,財報 88 人，登記 106 人，差 +18 人,medium,財報附註一（核定招收人數）／園所基本資料（count_approved）,學年度,非營利
N36,明德,113,師生比貼齊法定上限,財報附註一之實際招收人數 ÷ 教保服務人員數。幼兒教育及照顧法就 3 歲以上幼兒之配置上限為每 15 名 1 人（2 歲專班更嚴）。全體 132 份報告最大值恰為 15，無一超過，故本檢核標示的是已貼齊上限、任一人請假即無緩衝的情形。,True,88 名幼兒 ÷ 10 位 = 8.80（上限 15）,medium,財報附註一（實際招收人數、教保服務人員數）,學年度,非營利
N36,明德,113,隱含收費年額 同儕偏離,教保費收入決算數 ÷ 實際招收人數，即財報反推之每名幼兒年度營運成本（含政府差額補助）。111 學年度起收費明細不在公開資料中，這是唯一可用的收費代理量，故僅能與同年度同類型同儕比較，不設絕對門檻。,,收支餘絀表期間「民國113年9月27日至114年7月31日」僅涵蓋 11 個月，每生收入與全年度同儕不可直接比較,medium,收支餘絀表（教保費收入）／財報附註一（實際招收人數）／同年度非營利園同儕,學年度,非營利
N36,明德,113,家長月均實繳 ≤ 登記月費,附註三「收支明細表 1. 教保費收入」之「教保費收入（家長繳費）」÷ 實際招收人數 ÷ 12 個月，與園所基本資料登記之每月收費比較。第二胎以上、低收入戶與身心障礙幼兒依規定減免，所以**平均值本應低於登記月費**；高於登記月費比低於更難解釋。,,缺附註三家長繳費、實際招收人數或登記每月收費,medium,財報附註三（教保費收入－家長繳費）／財報附註一（實際招收人數）／園所基本資料（每月收費）,學年度,非營利
N36,明德,113,家長分攤比率 同儕偏離,家長繳費 ÷（家長繳費 + 政府學費差額補助）。非營利園是成本分攤制，分攤比率由核定之營運成本與家長收費數額共同決定，同一年度同一制度下應相近。全市中位數自 110 學年度 0.209 降至 113 學年度 0.113（政府端承擔上升），故僅與同年度同儕比較，不設絕對門檻。,,本份報告未抽到附註三之教保費收入拆分,medium,財報附註三（教保費收入－家長繳費／政府學費差額補助）／同年度非營利園同儕,學年度,非營利
N37,清水高中,113,教保費收入 = 收費 × 人數,收費明細申報之每生全學年度收費 × 財報附註一所載實際招收人數，應等於收支餘絀表之教保費收入決算數。此對應經 110 學年度 28 份報告實測，中位比值 1.0004、27/28 落在 ±4% 內，故偏離可視為三個數字之一有誤。,,113 學年度查無非營利園收費明細（鏡像自 111 學年度起全市 0 檔，109／110 分別為 23／31 檔）——資料不足，非該園未申報,medium,收支餘絀表（教保費收入）／財報附註一（實際招收人數）／收費明細（全學期總收費）,學年度,非營利
N37,清水高中,113,核定人數 財報=登記,財報附註一所載核定招收總人數，應與全國教保資訊網登記之核定招收人數相符。核定人數同時是收費、補助、師生比與樓地板面積的分母，任一系統記載不同，所有以它為基礎的計算都會跟著錯。,True,財報 72 人，登記 90 人，差 +18 人,medium,財報附註一（核定招收人數）／園所基本資料（count_approved）,學年度,非營利
N37,清水高中,113,師生比貼齊法定上限,財報附註一之實際招收人數 ÷ 教保服務人員數。幼兒教育及照顧法就 3 歲以上幼兒之配置上限為每 15 名 1 人（2 歲專班更嚴）。全體 132 份報告最大值恰為 15，無一超過，故本檢核標示的是已貼齊上限、任一人請假即無緩衝的情形。,True,64 名幼兒 ÷ 8 位 = 8.00（上限 15）,medium,財報附註一（實際招收人數、教保服務人員數）,學年度,非營利
N37,清水高中,113,隱含收費年額 同儕偏離,教保費收入決算數 ÷ 實際招收人數，即財報反推之每名幼兒年度營運成本（含政府差額補助）。111 學年度起收費明細不在公開資料中，這是唯一可用的收費代理量，故僅能與同年度同類型同儕比較，不設絕對門檻。,,收支餘絀表期間「民國113年9月27日至114年7月31日」僅涵蓋 11 個月，每生收入與全年度同儕不可直接比較,medium,收支餘絀表（教保費收入）／財報附註一（實際招收人數）／同年度非營利園同儕,學年度,非營利
N37,清水高中,113,家長月均實繳 ≤ 登記月費,附註三「收支明細表 1. 教保費收入」之「教保費收入（家長繳費）」÷ 實際招收人數 ÷ 12 個月，與園所基本資料登記之每月收費比較。第二胎以上、低收入戶與身心障礙幼兒依規定減免，所以**平均值本應低於登記月費**；高於登記月費比低於更難解釋。,,缺附註三家長繳費、實際招收人數或登記每月收費,medium,財報附註三（教保費收入－家長繳費）／財報附註一（實際招收人數）／園所基本資料（每月收費）,學年度,非營利
N37,清水高中,113,家長分攤比率 同儕偏離,家長繳費 ÷（家長繳費 + 政府學費差額補助）。非營利園是成本分攤制，分攤比率由核定之營運成本與家長收費數額共同決定，同一年度同一制度下應相近。全市中位數自 110 學年度 0.209 降至 113 學年度 0.113（政府端承擔上升），故僅與同年度同儕比較，不設絕對門檻。,,本份報告未抽到附註三之教保費收入拆分,medium,財報附註三（教保費收入－家長繳費／政府學費差額補助）／同年度非營利園同儕,學年度,非營利
N38,崁頂,113,教保費收入 = 收費 × 人數,收費明細申報之每生全學年度收費 × 財報附註一所載實際招收人數，應等於收支餘絀表之教保費收入決算數。此對應經 110 學年度 28 份報告實測，中位比值 1.0004、27/28 落在 ±4% 內，故偏離可視為三個數字之一有誤。,,113 學年度查無非營利園收費明細（鏡像自 111 學年度起全市 0 檔，109／110 分別為 23／31 檔）——資料不足，非該園未申報,medium,收支餘絀表（教保費收入）／財報附註一（實際招收人數）／收費明細（全學期總收費）,學年度,非營利
N38,崁頂,113,核定人數 財報=登記,財報附註一所載核定招收總人數，應與全國教保資訊網登記之核定招收人數相符。核定人數同時是收費、補助、師生比與樓地板面積的分母，任一系統記載不同，所有以它為基礎的計算都會跟著錯。,False,"財報 224 人，登記 272 人，差 +48 人（容差 20 人）。請確認哪一邊是現行核定數，以及以另一邊為基礎核算之收費與補助是否需更正。　旁證：登記室內面積 1,915.3 ㎡，除以登記核定為 7.0 ㎡/人、除以財報核定為 8.6 ㎡/人（室內活動室法定下限 2.5 ㎡/人；主檔面積為全園室內面積，範圍較寬）",medium,財報附註一（核定招收人數）／園所基本資料（count_approved）,學年度,非營利
N38,崁頂,113,師生比貼齊法定上限,財報附註一之實際招收人數 ÷ 教保服務人員數。幼兒教育及照顧法就 3 歲以上幼兒之配置上限為每 15 名 1 人（2 歲專班更嚴）。全體 132 份報告最大值恰為 15，無一超過，故本檢核標示的是已貼齊上限、任一人請假即無緩衝的情形。,True,200 名幼兒 ÷ 23 位 = 8.70（上限 15）,medium,財報附註一（實際招收人數、教保服務人員數）,學年度,非營利
N38,崁頂,113,隱含收費年額 同儕偏離,教保費收入決算數 ÷ 實際招收人數，即財報反推之每名幼兒年度營運成本（含政府差額補助）。111 學年度起收費明細不在公開資料中，這是唯一可用的收費代理量，故僅能與同年度同類型同儕比較，不設絕對門檻。,,收支餘絀表期間「民國113年9月27日至114年7月31日」僅涵蓋 11 個月，每生收入與全年度同儕不可直接比較,medium,收支餘絀表（教保費收入）／財報附註一（實際招收人數）／同年度非營利園同儕,學年度,非營利
N38,崁頂,113,家長月均實繳 ≤ 登記月費,附註三「收支明細表 1. 教保費收入」之「教保費收入（家長繳費）」÷ 實際招收人數 ÷ 12 個月，與園所基本資料登記之每月收費比較。第二胎以上、低收入戶與身心障礙幼兒依規定減免，所以**平均值本應低於登記月費**；高於登記月費比低於更難解釋。,,缺附註三家長繳費、實際招收人數或登記每月收費,medium,財報附註三（教保費收入－家長繳費）／財報附註一（實際招收人數）／園所基本資料（每月收費）,學年度,非營利
N38,崁頂,113,家長分攤比率 同儕偏離,家長繳費 ÷（家長繳費 + 政府學費差額補助）。非營利園是成本分攤制，分攤比率由核定之營運成本與家長收費數額共同決定，同一年度同一制度下應相近。全市中位數自 110 學年度 0.209 降至 113 學年度 0.113（政府端承擔上升），故僅與同年度同儕比較，不設絕對門檻。,,本份報告未抽到附註三之教保費收入拆分,medium,財報附註三（教保費收入－家長繳費／政府學費差額補助）／同年度非營利園同儕,學年度,非營利
13601,新北市立板橋幼兒園,112,推估滿園率 同儕偏低,"市立幼兒園決算書不刊載幼兒人數。新北市公立幼兒園學費＋雜費為全市統一基準（110–114 學年度每學期 7,675 元，284–291 所園全部相同），故學雜費收入 ÷ 該基準 = 推估在園人數，再 ÷ 登記核定人數 = 推估滿園率。招生不足不是違規，但公庫撥款不隨人數下降，所以它直接決定每生公務成本。與同一年度其他市立幼兒園比較，不設絕對門檻——全市滿園率中位數112→114 由 0.793 降至 0.738，絕對門檻會在後段年度大量誤標。",True,"學雜費決算 3,982,100 ÷ 年基準 15,350（學年度 111 下學期 7,675 + 學年度 112 上學期 7,675）= 推估在園 259.4 人；核定 312 人（3 筆分班聚合），滿園率 0.831（同年度中位 0.793，穩健 z=+0.23）",medium,決算書基金來源表（學雜費收入）／收費明細（學費＋雜費）／園所基本資料（核定招收人數，分班聚合）,年度,公立
13601,新北市立板橋幼兒園,112,每生政府投入 同儕偏高,政府撥入決算數 ÷ 推估在園人數。決算書單獨看不出這個數字，因為它不含人數；接上收費明細與核定人數才算得出來。偏遠與小型園每生固定成本天生偏高，屬政策性配置而非不當支出，故僅回報同年度相對位置與量級，供決定是否檢討核定人數與班級配置。,True,"每生政府投入 97,810.515 元/生（同年度中位 113,703.098 元/生，穩健 z=-0.44）",medium,決算書基金來源表（政府撥入）／收費明細（學費＋雜費）／園所基本資料（核定招收人數）,年度,公立
13602,新北市立三重幼兒園,112,推估滿園率 同儕偏低,"市立幼兒園決算書不刊載幼兒人數。新北市公立幼兒園學費＋雜費為全市統一基準（110–114 學年度每學期 7,675 元，284–291 所園全部相同），故學雜費收入 ÷ 該基準 = 推估在園人數，再 ÷ 登記核定人數 = 推估滿園率。招生不足不是違規，但公庫撥款不隨人數下降，所以它直接決定每生公務成本。與同一年度其他市立幼兒園比較，不設絕對門檻——全市滿園率中位數112→114 由 0.793 降至 0.738，絕對門檻會在後段年度大量誤標。",True,"學雜費決算 2,936,850 ÷ 年基準 15,350（學年度 111 下學期 7,675 + 學年度 112 上學期 7,675）= 推估在園 191.3 人；核定 207 人（3 筆分班聚合），滿園率 0.924（同年度中位 0.793，穩健 z=+0.77）",medium,決算書基金來源表（學雜費收入）／收費明細（學費＋雜費）／園所基本資料（核定招收人數，分班聚合）,年度,公立
13602,新北市立三重幼兒園,112,每生政府投入 同儕偏高,政府撥入決算數 ÷ 推估在園人數。決算書單獨看不出這個數字，因為它不含人數；接上收費明細與核定人數才算得出來。偏遠與小型園每生固定成本天生偏高，屬政策性配置而非不當支出，故僅回報同年度相對位置與量級，供決定是否檢討核定人數與班級配置。,True,"每生政府投入 111,205.465 元/生（同年度中位 113,703.098 元/生，穩健 z=-0.07）",medium,決算書基金來源表（政府撥入）／收費明細（學費＋雜費）／園所基本資料（核定招收人數）,年度,公立
13603,新北市立中和幼兒園,112,推估滿園率 同儕偏低,"市立幼兒園決算書不刊載幼兒人數。新北市公立幼兒園學費＋雜費為全市統一基準（110–114 學年度每學期 7,675 元，284–291 所園全部相同），故學雜費收入 ÷ 該基準 = 推估在園人數，再 ÷ 登記核定人數 = 推估滿園率。招生不足不是違規，但公庫撥款不隨人數下降，所以它直接決定每生公務成本。與同一年度其他市立幼兒園比較，不設絕對門檻——全市滿園率中位數112→114 由 0.793 降至 0.738，絕對門檻會在後段年度大量誤標。",True,"學雜費決算 4,255,200 ÷ 年基準 15,350（學年度 111 下學期 7,675 + 學年度 112 上學期 7,675）= 推估在園 277.2 人；核定 389 人（5 筆分班聚合），滿園率 0.713（同年度中位 0.793，穩健 z=-0.47）",medium,決算書基金來源表（學雜費收入）／收費明細（學費＋雜費）／園所基本資料（核定招收人數，分班聚合）,年度,公立
13603,新北市立中和幼兒園,112,每生政府投入 同儕偏高,政府撥入決算數 ÷ 推估在園人數。決算書單獨看不出這個數字，因為它不含人數；接上收費明細與核定人數才算得出來。偏遠與小型園每生固定成本天生偏高，屬政策性配置而非不當支出，故僅回報同年度相對位置與量級，供決定是否檢討核定人數與班級配置。,True,"每生政府投入 113,401.700 元/生（同年度中位 113,703.098 元/生，穩健 z=-0.01）",medium,決算書基金來源表（政府撥入）／收費明細（學費＋雜費）／園所基本資料（核定招收人數）,年度,公立
13604,新北市立永和幼兒園,112,推估滿園率 同儕偏低,"市立幼兒園決算書不刊載幼兒人數。新北市公立幼兒園學費＋雜費為全市統一基準（110–114 學年度每學期 7,675 元，284–291 所園全部相同），故學雜費收入 ÷ 該基準 = 推估在園人數，再 ÷ 登記核定人數 = 推估滿園率。招生不足不是違規，但公庫撥款不隨人數下降，所以它直接決定每生公務成本。與同一年度其他市立幼兒園比較，不設絕對門檻——全市滿園率中位數112→114 由 0.793 降至 0.738，絕對門檻會在後段年度大量誤標。",True,"學雜費決算 8,897,217 ÷ 年基準 15,350（學年度 111 下學期 7,675 + 學年度 112 上學期 7,675）= 推估在園 579.6 人；核定 736 人（7 筆分班聚合），滿園率 0.788（同年度中位 0.793，穩健 z=-0.03）",medium,決算書基金來源表（學雜費收入）／收費明細（學費＋雜費）／園所基本資料（核定招收人數，分班聚合）,年度,公立
13604,新北市立永和幼兒園,112,每生政府投入 同儕偏高,政府撥入決算數 ÷ 推估在園人數。決算書單獨看不出這個數字，因為它不含人數；接上收費明細與核定人數才算得出來。偏遠與小型園每生固定成本天生偏高，屬政策性配置而非不當支出，故僅回報同年度相對位置與量級，供決定是否檢討核定人數與班級配置。,True,"每生政府投入 89,471.267 元/生（同年度中位 113,703.098 元/生，穩健 z=-0.68）",medium,決算書基金來源表（政府撥入）／收費明細（學費＋雜費）／園所基本資料（核定招收人數）,年度,公立
13605,新北市立新莊幼兒園,112,推估滿園率 同儕偏低,"市立幼兒園決算書不刊載幼兒人數。新北市公立幼兒園學費＋雜費為全市統一基準（110–114 學年度每學期 7,675 元，284–291 所園全部相同），故學雜費收入 ÷ 該基準 = 推估在園人數，再 ÷ 登記核定人數 = 推估滿園率。招生不足不是違規，但公庫撥款不隨人數下降，所以它直接決定每生公務成本。與同一年度其他市立幼兒園比較，不設絕對門檻——全市滿園率中位數112→114 由 0.793 降至 0.738，絕對門檻會在後段年度大量誤標。",True,"學雜費決算 4,541,600 ÷ 年基準 15,350（學年度 111 下學期 7,675 + 學年度 112 上學期 7,675）= 推估在園 295.9 人；核定 317 人（3 筆分班聚合），滿園率 0.933（同年度中位 0.793，穩健 z=+0.82）",medium,決算書基金來源表（學雜費收入）／收費明細（學費＋雜費）／園所基本資料（核定招收人數，分班聚合）,年度,公立
13605,新北市立新莊幼兒園,112,每生政府投入 同儕偏高,政府撥入決算數 ÷ 推估在園人數。決算書單獨看不出這個數字，因為它不含人數；接上收費明細與核定人數才算得出來。偏遠與小型園每生固定成本天生偏高，屬政策性配置而非不當支出，故僅回報同年度相對位置與量級，供決定是否檢討核定人數與班級配置。,True,"每生政府投入 84,871.227 元/生（同年度中位 113,703.098 元/生，穩健 z=-0.80）",medium,決算書基金來源表（政府撥入）／收費明細（學費＋雜費）／園所基本資料（核定招收人數）,年度,公立
13606,新北市立新店幼兒園,112,推估滿園率 同儕偏低,"市立幼兒園決算書不刊載幼兒人數。新北市公立幼兒園學費＋雜費為全市統一基準（110–114 學年度每學期 7,675 元，284–291 所園全部相同），故學雜費收入 ÷ 該基準 = 推估在園人數，再 ÷ 登記核定人數 = 推估滿園率。招生不足不是違規，但公庫撥款不隨人數下降，所以它直接決定每生公務成本。與同一年度其他市立幼兒園比較，不設絕對門檻——全市滿園率中位數112→114 由 0.793 降至 0.738，絕對門檻會在後段年度大量誤標。",True,"學雜費決算 4,444,303 ÷ 年基準 15,350（學年度 111 下學期 7,675 + 學年度 112 上學期 7,675）= 推估在園 289.5 人；核定 390 人（5 筆分班聚合），滿園率 0.742（同年度中位 0.793，穩健 z=-0.29）",medium,決算書基金來源表（學雜費收入）／收費明細（學費＋雜費）／園所基本資料（核定招收人數，分班聚合）,年度,公立
13606,新北市立新店幼兒園,112,每生政府投入 同儕偏高,政府撥入決算數 ÷ 推估在園人數。決算書單獨看不出這個數字，因為它不含人數；接上收費明細與核定人數才算得出來。偏遠與小型園每生固定成本天生偏高，屬政策性配置而非不當支出，故僅回報同年度相對位置與量級，供決定是否檢討核定人數與班級配置。,True,"每生政府投入 91,620.397 元/生（同年度中位 113,703.098 元/生，穩健 z=-0.62）",medium,決算書基金來源表（政府撥入）／收費明細（學費＋雜費）／園所基本資料（核定招收人數）,年度,公立
13607,新北市立樹林幼兒園,112,推估滿園率 同儕偏低,"市立幼兒園決算書不刊載幼兒人數。新北市公立幼兒園學費＋雜費為全市統一基準（110–114 學年度每學期 7,675 元，284–291 所園全部相同），故學雜費收入 ÷ 該基準 = 推估在園人數，再 ÷ 登記核定人數 = 推估滿園率。招生不足不是違規，但公庫撥款不隨人數下降，所以它直接決定每生公務成本。與同一年度其他市立幼兒園比較，不設絕對門檻——全市滿園率中位數112→114 由 0.793 降至 0.738，絕對門檻會在後段年度大量誤標。",True,"學雜費決算 2,657,800 ÷ 年基準 15,350（學年度 111 下學期 7,675 + 學年度 112 上學期 7,675）= 推估在園 173.1 人；核定 217 人（4 筆分班聚合），滿園率 0.798（同年度中位 0.793，穩健 z=+0.03）",medium,決算書基金來源表（學雜費收入）／收費明細（學費＋雜費）／園所基本資料（核定招收人數，分班聚合）,年度,公立
13607,新北市立樹林幼兒園,112,每生政府投入 同儕偏高,政府撥入決算數 ÷ 推估在園人數。決算書單獨看不出這個數字，因為它不含人數；接上收費明細與核定人數才算得出來。偏遠與小型園每生固定成本天生偏高，屬政策性配置而非不當支出，故僅回報同年度相對位置與量級，供決定是否檢討核定人數與班級配置。,True,"每生政府投入 127,515.432 元/生（同年度中位 113,703.098 元/生，穩健 z=+0.38）",medium,決算書基金來源表（政府撥入）／收費明細（學費＋雜費）／園所基本資料（核定招收人數）,年度,公立
13608,新北市立鶯歌幼兒園,112,推估滿園率 同儕偏低,"市立幼兒園決算書不刊載幼兒人數。新北市公立幼兒園學費＋雜費為全市統一基準（110–114 學年度每學期 7,675 元，284–291 所園全部相同），故學雜費收入 ÷ 該基準 = 推估在園人數，再 ÷ 登記核定人數 = 推估滿園率。招生不足不是違規，但公庫撥款不隨人數下降，所以它直接決定每生公務成本。與同一年度其他市立幼兒園比較，不設絕對門檻——全市滿園率中位數112→114 由 0.793 降至 0.738，絕對門檻會在後段年度大量誤標。",True,"學雜費決算 2,787,000 ÷ 年基準 15,350（學年度 111 下學期 7,675 + 學年度 112 上學期 7,675）= 推估在園 181.6 人；核定 271 人（1 筆分班聚合），滿園率 0.670（同年度中位 0.793，穩健 z=-0.71）",medium,決算書基金來源表（學雜費收入）／收費明細（學費＋雜費）／園所基本資料（核定招收人數，分班聚合）,年度,公立
13608,新北市立鶯歌幼兒園,112,每生政府投入 同儕偏高,政府撥入決算數 ÷ 推估在園人數。決算書單獨看不出這個數字，因為它不含人數；接上收費明細與核定人數才算得出來。偏遠與小型園每生固定成本天生偏高，屬政策性配置而非不當支出，故僅回報同年度相對位置與量級，供決定是否檢討核定人數與班級配置。,True,"每生政府投入 123,206.486 元/生（同年度中位 113,703.098 元/生，穩健 z=+0.26）",medium,決算書基金來源表（政府撥入）／收費明細（學費＋雜費）／園所基本資料（核定招收人數）,年度,公立
13609,新北市立三峽幼兒園,112,推估滿園率 同儕偏低,"市立幼兒園決算書不刊載幼兒人數。新北市公立幼兒園學費＋雜費為全市統一基準（110–114 學年度每學期 7,675 元，284–291 所園全部相同），故學雜費收入 ÷ 該基準 = 推估在園人數，再 ÷ 登記核定人數 = 推估滿園率。招生不足不是違規，但公庫撥款不隨人數下降，所以它直接決定每生公務成本。與同一年度其他市立幼兒園比較，不設絕對門檻——全市滿園率中位數112→114 由 0.793 降至 0.738，絕對門檻會在後段年度大量誤標。",True,"學雜費決算 2,050,669 ÷ 年基準 15,350（學年度 111 下學期 7,675 + 學年度 112 上學期 7,675）= 推估在園 133.6 人；核定 195 人（3 筆分班聚合），滿園率 0.685（同年度中位 0.793，穩健 z=-0.63）",medium,決算書基金來源表（學雜費收入）／收費明細（學費＋雜費）／園所基本資料（核定招收人數，分班聚合）,年度,公立
13609,新北市立三峽幼兒園,112,每生政府投入 同儕偏高,政府撥入決算數 ÷ 推估在園人數。決算書單獨看不出這個數字，因為它不含人數；接上收費明細與核定人數才算得出來。偏遠與小型園每生固定成本天生偏高，屬政策性配置而非不當支出，故僅回報同年度相對位置與量級，供決定是否檢討核定人數與班級配置。,True,"每生政府投入 140,047.562 元/生（同年度中位 113,703.098 元/生，穩健 z=+0.73）",medium,決算書基金來源表（政府撥入）／收費明細（學費＋雜費）／園所基本資料（核定招收人數）,年度,公立
13610,新北市立淡水幼兒園,112,推估滿園率 同儕偏低,"市立幼兒園決算書不刊載幼兒人數。新北市公立幼兒園學費＋雜費為全市統一基準（110–114 學年度每學期 7,675 元，284–291 所園全部相同），故學雜費收入 ÷ 該基準 = 推估在園人數，再 ÷ 登記核定人數 = 推估滿園率。招生不足不是違規，但公庫撥款不隨人數下降，所以它直接決定每生公務成本。與同一年度其他市立幼兒園比較，不設絕對門檻——全市滿園率中位數112→114 由 0.793 降至 0.738，絕對門檻會在後段年度大量誤標。",True,"學雜費決算 2,806,020 ÷ 年基準 15,350（學年度 111 下學期 7,675 + 學年度 112 上學期 7,675）= 推估在園 182.8 人；核定 264 人（3 筆分班聚合），滿園率 0.692（同年度中位 0.793，穩健 z=-0.58）",medium,決算書基金來源表（學雜費收入）／收費明細（學費＋雜費）／園所基本資料（核定招收人數，分班聚合）,年度,公立
13610,新北市立淡水幼兒園,112,每生政府投入 同儕偏高,政府撥入決算數 ÷ 推估在園人數。決算書單獨看不出這個數字，因為它不含人數；接上收費明細與核定人數才算得出來。偏遠與小型園每生固定成本天生偏高，屬政策性配置而非不當支出，故僅回報同年度相對位置與量級，供決定是否檢討核定人數與班級配置。,True,"每生政府投入 99,600.588 元/生（同年度中位 113,703.098 元/生，穩健 z=-0.39）",medium,決算書基金來源表（政府撥入）／收費明細（學費＋雜費）／園所基本資料（核定招收人數）,年度,公立
13611,新北市立瑞芳幼兒園,112,推估滿園率 同儕偏低,"市立幼兒園決算書不刊載幼兒人數。新北市公立幼兒園學費＋雜費為全市統一基準（110–114 學年度每學期 7,675 元，284–291 所園全部相同），故學雜費收入 ÷ 該基準 = 推估在園人數，再 ÷ 登記核定人數 = 推估滿園率。招生不足不是違規，但公庫撥款不隨人數下降，所以它直接決定每生公務成本。與同一年度其他市立幼兒園比較，不設絕對門檻——全市滿園率中位數112→114 由 0.793 降至 0.738，絕對門檻會在後段年度大量誤標。",False,"學雜費決算 481,900 ÷ 年基準 15,350（學年度 111 下學期 7,675 + 學年度 112 上學期 7,675）= 推估在園 31.4 人；核定 76 人（2 筆分班聚合），滿園率 0.413（同年度中位 0.793，穩健 z=-2.21）。請確認招生情形、是否應檢討核定人數與班級數，以及員額與空間是否已配合調整。⚠️ 登記核定人數為釘住之鏡像快照（retrieved_on=2026-08-10），非該年度當時核定數；以本園名聚合 2 筆分班",medium,決算書基金來源表（學雜費收入）／收費明細（學費＋雜費）／園所基本資料（核定招收人數，分班聚合）,年度,公立
13611,新北市立瑞芳幼兒園,112,每生政府投入 同儕偏高,政府撥入決算數 ÷ 推估在園人數。決算書單獨看不出這個數字，因為它不含人數；接上收費明細與核定人數才算得出來。偏遠與小型園每生固定成本天生偏高，屬政策性配置而非不當支出，故僅回報同年度相對位置與量級，供決定是否檢討核定人數與班級配置。,True,"每生政府投入 123,065.304 元/生（同年度中位 113,703.098 元/生，穩健 z=+0.26）",medium,決算書基金來源表（政府撥入）／收費明細（學費＋雜費）／園所基本資料（核定招收人數）,年度,公立
13612,新北市立土城幼兒園,112,推估滿園率 同儕偏低,"市立幼兒園決算書不刊載幼兒人數。新北市公立幼兒園學費＋雜費為全市統一基準（110–114 學年度每學期 7,675 元，284–291 所園全部相同），故學雜費收入 ÷ 該基準 = 推估在園人數，再 ÷ 登記核定人數 = 推估滿園率。招生不足不是違規，但公庫撥款不隨人數下降，所以它直接決定每生公務成本。與同一年度其他市立幼兒園比較，不設絕對門檻——全市滿園率中位數112→114 由 0.793 降至 0.738，絕對門檻會在後段年度大量誤標。",True,"學雜費決算 4,645,950 ÷ 年基準 15,350（學年度 111 下學期 7,675 + 學年度 112 上學期 7,675）= 推估在園 302.7 人；核定 315 人（3 筆分班聚合），滿園率 0.961（同年度中位 0.793，穩健 z=+0.98）",medium,決算書基金來源表（學雜費收入）／收費明細（學費＋雜費）／園所基本資料（核定招收人數，分班聚合）,年度,公立
13612,新北市立土城幼兒園,112,每生政府投入 同儕偏高,政府撥入決算數 ÷ 推估在園人數。決算書單獨看不出這個數字，因為它不含人數；接上收費明細與核定人數才算得出來。偏遠與小型園每生固定成本天生偏高，屬政策性配置而非不當支出，故僅回報同年度相對位置與量級，供決定是否檢討核定人數與班級配置。,True,"每生政府投入 82,405.594 元/生（同年度中位 113,703.098 元/生，穩健 z=-0.87）",medium,決算書基金來源表（政府撥入）／收費明細（學費＋雜費）／園所基本資料（核定招收人數）,年度,公立
13613,新北市立蘆洲幼兒園,112,推估滿園率 同儕偏低,"市立幼兒園決算書不刊載幼兒人數。新北市公立幼兒園學費＋雜費為全市統一基準（110–114 學年度每學期 7,675 元，284–291 所園全部相同），故學雜費收入 ÷ 該基準 = 推估在園人數，再 ÷ 登記核定人數 = 推估滿園率。招生不足不是違規，但公庫撥款不隨人數下降，所以它直接決定每生公務成本。與同一年度其他市立幼兒園比較，不設絕對門檻——全市滿園率中位數112→114 由 0.793 降至 0.738，絕對門檻會在後段年度大量誤標。",True,"學雜費決算 2,172,500 ÷ 年基準 15,350（學年度 111 下學期 7,675 + 學年度 112 上學期 7,675）= 推估在園 141.5 人；核定 150 人（1 筆分班聚合），滿園率 0.944（同年度中位 0.793，穩健 z=+0.88）",medium,決算書基金來源表（學雜費收入）／收費明細（學費＋雜費）／園所基本資料（核定招收人數，分班聚合）,年度,公立
13613,新北市立蘆洲幼兒園,112,每生政府投入 同儕偏高,政府撥入決算數 ÷ 推估在園人數。決算書單獨看不出這個數字，因為它不含人數；接上收費明細與核定人數才算得出來。偏遠與小型園每生固定成本天生偏高，屬政策性配置而非不當支出，故僅回報同年度相對位置與量級，供決定是否檢討核定人數與班級配置。,True,"每生政府投入 80,037.196 元/生（同年度中位 113,703.098 元/生，穩健 z=-0.94）",medium,決算書基金來源表（政府撥入）／收費明細（學費＋雜費）／園所基本資料（核定招收人數）,年度,公立
13614,新北市立五股幼兒園,112,推估滿園率 同儕偏低,"市立幼兒園決算書不刊載幼兒人數。新北市公立幼兒園學費＋雜費為全市統一基準（110–114 學年度每學期 7,675 元，284–291 所園全部相同），故學雜費收入 ÷ 該基準 = 推估在園人數，再 ÷ 登記核定人數 = 推估滿園率。招生不足不是違規，但公庫撥款不隨人數下降，所以它直接決定每生公務成本。與同一年度其他市立幼兒園比較，不設絕對門檻——全市滿園率中位數112→114 由 0.793 降至 0.738，絕對門檻會在後段年度大量誤標。",True,"學雜費決算 7,045,100 ÷ 年基準 15,350（學年度 111 下學期 7,675 + 學年度 112 上學期 7,675）= 推估在園 459.0 人；核定 502 人（6 筆分班聚合），滿園率 0.914（同年度中位 0.793，穩健 z=+0.71）",medium,決算書基金來源表（學雜費收入）／收費明細（學費＋雜費）／園所基本資料（核定招收人數，分班聚合）,年度,公立
13614,新北市立五股幼兒園,112,每生政府投入 同儕偏高,政府撥入決算數 ÷ 推估在園人數。決算書單獨看不出這個數字，因為它不含人數；接上收費明細與核定人數才算得出來。偏遠與小型園每生固定成本天生偏高，屬政策性配置而非不當支出，故僅回報同年度相對位置與量級，供決定是否檢討核定人數與班級配置。,True,"每生政府投入 79,124.259 元/生（同年度中位 113,703.098 元/生，穩健 z=-0.96）",medium,決算書基金來源表（政府撥入）／收費明細（學費＋雜費）／園所基本資料（核定招收人數）,年度,公立
13615,新北市立泰山幼兒園,112,推估滿園率 同儕偏低,"市立幼兒園決算書不刊載幼兒人數。新北市公立幼兒園學費＋雜費為全市統一基準（110–114 學年度每學期 7,675 元，284–291 所園全部相同），故學雜費收入 ÷ 該基準 = 推估在園人數，再 ÷ 登記核定人數 = 推估滿園率。招生不足不是違規，但公庫撥款不隨人數下降，所以它直接決定每生公務成本。與同一年度其他市立幼兒園比較，不設絕對門檻——全市滿園率中位數112→114 由 0.793 降至 0.738，絕對門檻會在後段年度大量誤標。",True,"學雜費決算 2,885,900 ÷ 年基準 15,350（學年度 111 下學期 7,675 + 學年度 112 上學期 7,675）= 推估在園 188.0 人；核定 226 人（3 筆分班聚合），滿園率 0.832（同年度中位 0.793，穩健 z=+0.23）",medium,決算書基金來源表（學雜費收入）／收費明細（學費＋雜費）／園所基本資料（核定招收人數，分班聚合）,年度,公立
13615,新北市立泰山幼兒園,112,每生政府投入 同儕偏高,政府撥入決算數 ÷ 推估在園人數。決算書單獨看不出這個數字，因為它不含人數；接上收費明細與核定人數才算得出來。偏遠與小型園每生固定成本天生偏高，屬政策性配置而非不當支出，故僅回報同年度相對位置與量級，供決定是否檢討核定人數與班級配置。,True,"每生政府投入 114,004.496 元/生（同年度中位 113,703.098 元/生，穩健 z=+0.01）",medium,決算書基金來源表（政府撥入）／收費明細（學費＋雜費）／園所基本資料（核定招收人數）,年度,公立
13616,新北市立林口幼兒園,112,推估滿園率 同儕偏低,"市立幼兒園決算書不刊載幼兒人數。新北市公立幼兒園學費＋雜費為全市統一基準（110–114 學年度每學期 7,675 元，284–291 所園全部相同），故學雜費收入 ÷ 該基準 = 推估在園人數，再 ÷ 登記核定人數 = 推估滿園率。招生不足不是違規，但公庫撥款不隨人數下降，所以它直接決定每生公務成本。與同一年度其他市立幼兒園比較，不設絕對門檻——全市滿園率中位數112→114 由 0.793 降至 0.738，絕對門檻會在後段年度大量誤標。",True,"學雜費決算 2,978,300 ÷ 年基準 15,350（學年度 111 下學期 7,675 + 學年度 112 上學期 7,675）= 推估在園 194.0 人；核定 226 人（4 筆分班聚合），滿園率 0.859（同年度中位 0.793，穩健 z=+0.38）",medium,決算書基金來源表（學雜費收入）／收費明細（學費＋雜費）／園所基本資料（核定招收人數，分班聚合）,年度,公立
13616,新北市立林口幼兒園,112,每生政府投入 同儕偏高,政府撥入決算數 ÷ 推估在園人數。決算書單獨看不出這個數字，因為它不含人數；接上收費明細與核定人數才算得出來。偏遠與小型園每生固定成本天生偏高，屬政策性配置而非不當支出，故僅回報同年度相對位置與量級，供決定是否檢討核定人數與班級配置。,True,"每生政府投入 93,266.653 元/生（同年度中位 113,703.098 元/生，穩健 z=-0.57）",medium,決算書基金來源表（政府撥入）／收費明細（學費＋雜費）／園所基本資料（核定招收人數）,年度,公立
13617,新北市立深坑幼兒園,112,推估滿園率 同儕偏低,"市立幼兒園決算書不刊載幼兒人數。新北市公立幼兒園學費＋雜費為全市統一基準（110–114 學年度每學期 7,675 元，284–291 所園全部相同），故學雜費收入 ÷ 該基準 = 推估在園人數，再 ÷ 登記核定人數 = 推估滿園率。招生不足不是違規，但公庫撥款不隨人數下降，所以它直接決定每生公務成本。與同一年度其他市立幼兒園比較，不設絕對門檻——全市滿園率中位數112→114 由 0.793 降至 0.738，絕對門檻會在後段年度大量誤標。",True,"學雜費決算 1,180,611 ÷ 年基準 15,350（學年度 111 下學期 7,675 + 學年度 112 上學期 7,675）= 推估在園 76.9 人；核定 99 人（2 筆分班聚合），滿園率 0.777（同年度中位 0.793，穩健 z=-0.09）",medium,決算書基金來源表（學雜費收入）／收費明細（學費＋雜費）／園所基本資料（核定招收人數，分班聚合）,年度,公立
13617,新北市立深坑幼兒園,112,每生政府投入 同儕偏高,政府撥入決算數 ÷ 推估在園人數。決算書單獨看不出這個數字，因為它不含人數；接上收費明細與核定人數才算得出來。偏遠與小型園每生固定成本天生偏高，屬政策性配置而非不當支出，故僅回報同年度相對位置與量級，供決定是否檢討核定人數與班級配置。,True,"每生政府投入 162,477.638 元/生（同年度中位 113,703.098 元/生，穩健 z=+1.36）",medium,決算書基金來源表（政府撥入）／收費明細（學費＋雜費）／園所基本資料（核定招收人數）,年度,公立
13620,新北市立三芝幼兒園,112,推估滿園率 同儕偏低,"市立幼兒園決算書不刊載幼兒人數。新北市公立幼兒園學費＋雜費為全市統一基準（110–114 學年度每學期 7,675 元，284–291 所園全部相同），故學雜費收入 ÷ 該基準 = 推估在園人數，再 ÷ 登記核定人數 = 推估滿園率。招生不足不是違規，但公庫撥款不隨人數下降，所以它直接決定每生公務成本。與同一年度其他市立幼兒園比較，不設絕對門檻——全市滿園率中位數112→114 由 0.793 降至 0.738，絕對門檻會在後段年度大量誤標。",True,"學雜費決算 1,346,400 ÷ 年基準 15,350（學年度 111 下學期 7,675 + 學年度 112 上學期 7,675）= 推估在園 87.7 人；核定 115 人（2 筆分班聚合），滿園率 0.763（同年度中位 0.793，穩健 z=-0.17）",medium,決算書基金來源表（學雜費收入）／收費明細（學費＋雜費）／園所基本資料（核定招收人數，分班聚合）,年度,公立
13620,新北市立三芝幼兒園,112,每生政府投入 同儕偏高,政府撥入決算數 ÷ 推估在園人數。決算書單獨看不出這個數字，因為它不含人數；接上收費明細與核定人數才算得出來。偏遠與小型園每生固定成本天生偏高，屬政策性配置而非不當支出，故僅回報同年度相對位置與量級，供決定是否檢討核定人數與班級配置。,True,"每生政府投入 166,229.031 元/生（同年度中位 113,703.098 元/生，穩健 z=+1.46）",medium,決算書基金來源表（政府撥入）／收費明細（學費＋雜費）／園所基本資料（核定招收人數）,年度,公立
13622,新北市立八里幼兒園,112,推估滿園率 同儕偏低,"市立幼兒園決算書不刊載幼兒人數。新北市公立幼兒園學費＋雜費為全市統一基準（110–114 學年度每學期 7,675 元，284–291 所園全部相同），故學雜費收入 ÷ 該基準 = 推估在園人數，再 ÷ 登記核定人數 = 推估滿園率。招生不足不是違規，但公庫撥款不隨人數下降，所以它直接決定每生公務成本。與同一年度其他市立幼兒園比較，不設絕對門檻——全市滿園率中位數112→114 由 0.793 降至 0.738，絕對門檻會在後段年度大量誤標。",True,"學雜費決算 1,879,776 ÷ 年基準 15,350（學年度 111 下學期 7,675 + 學年度 112 上學期 7,675）= 推估在園 122.5 人；核定 128 人（3 筆分班聚合），滿園率 0.957（同年度中位 0.793，穩健 z=+0.95）",medium,決算書基金來源表（學雜費收入）／收費明細（學費＋雜費）／園所基本資料（核定招收人數，分班聚合）,年度,公立
13622,新北市立八里幼兒園,112,每生政府投入 同儕偏高,政府撥入決算數 ÷ 推估在園人數。決算書單獨看不出這個數字，因為它不含人數；接上收費明細與核定人數才算得出來。偏遠與小型園每生固定成本天生偏高，屬政策性配置而非不當支出，故僅回報同年度相對位置與量級，供決定是否檢討核定人數與班級配置。,True,"每生政府投入 121,974.014 元/生（同年度中位 113,703.098 元/生，穩健 z=+0.23）",medium,決算書基金來源表（政府撥入）／收費明細（學費＋雜費）／園所基本資料（核定招收人數）,年度,公立
13626,新北市立金山幼兒園,112,推估滿園率 同儕偏低,"市立幼兒園決算書不刊載幼兒人數。新北市公立幼兒園學費＋雜費為全市統一基準（110–114 學年度每學期 7,675 元，284–291 所園全部相同），故學雜費收入 ÷ 該基準 = 推估在園人數，再 ÷ 登記核定人數 = 推估滿園率。招生不足不是違規，但公庫撥款不隨人數下降，所以它直接決定每生公務成本。與同一年度其他市立幼兒園比較，不設絕對門檻——全市滿園率中位數112→114 由 0.793 降至 0.738，絕對門檻會在後段年度大量誤標。",True,"學雜費決算 995,400 ÷ 年基準 15,350（學年度 111 下學期 7,675 + 學年度 112 上學期 7,675）= 推估在園 64.8 人；核定 101 人（2 筆分班聚合），滿園率 0.642（同年度中位 0.793，穩健 z=-0.88）",medium,決算書基金來源表（學雜費收入）／收費明細（學費＋雜費）／園所基本資料（核定招收人數，分班聚合）,年度,公立
13626,新北市立金山幼兒園,112,每生政府投入 同儕偏高,政府撥入決算數 ÷ 推估在園人數。決算書單獨看不出這個數字，因為它不含人數；接上收費明細與核定人數才算得出來。偏遠與小型園每生固定成本天生偏高，屬政策性配置而非不當支出，故僅回報同年度相對位置與量級，供決定是否檢討核定人數與班級配置。,True,"每生政府投入 183,089.307 元/生（同年度中位 113,703.098 元/生，穩健 z=+1.93）",medium,決算書基金來源表（政府撥入）／收費明細（學費＋雜費）／園所基本資料（核定招收人數）,年度,公立
13627,新北市立萬里幼兒園,112,推估滿園率 同儕偏低,"市立幼兒園決算書不刊載幼兒人數。新北市公立幼兒園學費＋雜費為全市統一基準（110–114 學年度每學期 7,675 元，284–291 所園全部相同），故學雜費收入 ÷ 該基準 = 推估在園人數，再 ÷ 登記核定人數 = 推估滿園率。招生不足不是違規，但公庫撥款不隨人數下降，所以它直接決定每生公務成本。與同一年度其他市立幼兒園比較，不設絕對門檻——全市滿園率中位數112→114 由 0.793 降至 0.738，絕對門檻會在後段年度大量誤標。",False,"學雜費決算 522,625 ÷ 年基準 15,350（學年度 111 下學期 7,675 + 學年度 112 上學期 7,675）= 推估在園 34.0 人；核定 105 人（1 筆分班聚合），滿園率 0.324（同年度中位 0.793，穩健 z=-2.73）。請確認招生情形、是否應檢討核定人數與班級數，以及員額與空間是否已配合調整。⚠️ 登記核定人數為釘住之鏡像快照（retrieved_on=2026-08-10），非該年度當時核定數；以本園名聚合 1 筆分班",medium,決算書基金來源表（學雜費收入）／收費明細（學費＋雜費）／園所基本資料（核定招收人數，分班聚合）,年度,公立
13627,新北市立萬里幼兒園,112,每生政府投入 同儕偏高,政府撥入決算數 ÷ 推估在園人數。決算書單獨看不出這個數字，因為它不含人數；接上收費明細與核定人數才算得出來。偏遠與小型園每生固定成本天生偏高，屬政策性配置而非不當支出，故僅回報同年度相對位置與量級，供決定是否檢討核定人數與班級配置。,False,"政府撥入 11,295,455 ÷ 推估在園 34.0 人 = 331,758.401 元/生（同年度中位 113,703.098 元/生，穩健 z=+6.07），為同年度中位數的 2.9 倍。請確認是否為偏遠或小型園之政策性配置，以及核定人數與實際招生落差是否已反映在班級與員額編制",medium,決算書基金來源表（政府撥入）／收費明細（學費＋雜費）／園所基本資料（核定招收人數）,年度,公立
13628,新北市立烏來幼兒園,112,推估滿園率 同儕偏低,"市立幼兒園決算書不刊載幼兒人數。新北市公立幼兒園學費＋雜費為全市統一基準（110–114 學年度每學期 7,675 元，284–291 所園全部相同），故學雜費收入 ÷ 該基準 = 推估在園人數，再 ÷ 登記核定人數 = 推估滿園率。招生不足不是違規，但公庫撥款不隨人數下降，所以它直接決定每生公務成本。與同一年度其他市立幼兒園比較，不設絕對門檻——全市滿園率中位數112→114 由 0.793 降至 0.738，絕對門檻會在後段年度大量誤標。",True,"學雜費決算 648,400 ÷ 年基準 15,350（學年度 111 下學期 7,675 + 學年度 112 上學期 7,675）= 推估在園 42.2 人；核定 45 人（1 筆分班聚合），滿園率 0.939（同年度中位 0.793，穩健 z=+0.85）",medium,決算書基金來源表（學雜費收入）／收費明細（學費＋雜費）／園所基本資料（核定招收人數，分班聚合）,年度,公立
13628,新北市立烏來幼兒園,112,每生政府投入 同儕偏高,政府撥入決算數 ÷ 推估在園人數。決算書單獨看不出這個數字，因為它不含人數；接上收費明細與核定人數才算得出來。偏遠與小型園每生固定成本天生偏高，屬政策性配置而非不當支出，故僅回報同年度相對位置與量級，供決定是否檢討核定人數與班級配置。,False,"政府撥入 7,846,468 ÷ 推估在園 42.2 人 = 185,754.602 元/生（同年度中位 113,703.098 元/生，穩健 z=+2.01），為同年度中位數的 1.6 倍。請確認是否為偏遠或小型園之政策性配置，以及核定人數與實際招生落差是否已反映在班級與員額編制",medium,決算書基金來源表（政府撥入）／收費明細（學費＋雜費）／園所基本資料（核定招收人數）,年度,公立
13601,新北市立板橋幼兒園,113,推估滿園率 同儕偏低,"市立幼兒園決算書不刊載幼兒人數。新北市公立幼兒園學費＋雜費為全市統一基準（110–114 學年度每學期 7,675 元，284–291 所園全部相同），故學雜費收入 ÷ 該基準 = 推估在園人數，再 ÷ 登記核定人數 = 推估滿園率。招生不足不是違規，但公庫撥款不隨人數下降，所以它直接決定每生公務成本。與同一年度其他市立幼兒園比較，不設絕對門檻——全市滿園率中位數112→114 由 0.793 降至 0.738，絕對門檻會在後段年度大量誤標。",True,"學雜費決算 4,161,500 ÷ 年基準 15,350（學年度 112 下學期 7,675 + 學年度 113 上學期 7,675）= 推估在園 271.1 人；核定 312 人（3 筆分班聚合），滿園率 0.869（同年度中位 0.759，穩健 z=+0.60）",medium,決算書基金來源表（學雜費收入）／收費明細（學費＋雜費）／園所基本資料（核定招收人數，分班聚合）,年度,公立
13601,新北市立板橋幼兒園,113,每生政府投入 同儕偏高,政府撥入決算數 ÷ 推估在園人數。決算書單獨看不出這個數字，因為它不含人數；接上收費明細與核定人數才算得出來。偏遠與小型園每生固定成本天生偏高，屬政策性配置而非不當支出，故僅回報同年度相對位置與量級，供決定是否檢討核定人數與班級配置。,True,"每生政府投入 107,896.306 元/生（同年度中位 124,698.839 元/生，穩健 z=-0.35）",medium,決算書基金來源表（政府撥入）／收費明細（學費＋雜費）／園所基本資料（核定招收人數）,年度,公立
13602,新北市立三重幼兒園,113,推估滿園率 同儕偏低,"市立幼兒園決算書不刊載幼兒人數。新北市公立幼兒園學費＋雜費為全市統一基準（110–114 學年度每學期 7,675 元，284–291 所園全部相同），故學雜費收入 ÷ 該基準 = 推估在園人數，再 ÷ 登記核定人數 = 推估滿園率。招生不足不是違規，但公庫撥款不隨人數下降，所以它直接決定每生公務成本。與同一年度其他市立幼兒園比較，不設絕對門檻——全市滿園率中位數112→114 由 0.793 降至 0.738，絕對門檻會在後段年度大量誤標。",True,"學雜費決算 2,795,575 ÷ 年基準 15,350（學年度 112 下學期 7,675 + 學年度 113 上學期 7,675）= 推估在園 182.1 人；核定 207 人（3 筆分班聚合），滿園率 0.880（同年度中位 0.759，穩健 z=+0.66）",medium,決算書基金來源表（學雜費收入）／收費明細（學費＋雜費）／園所基本資料（核定招收人數，分班聚合）,年度,公立
13602,新北市立三重幼兒園,113,每生政府投入 同儕偏高,政府撥入決算數 ÷ 推估在園人數。決算書單獨看不出這個數字，因為它不含人數；接上收費明細與核定人數才算得出來。偏遠與小型園每生固定成本天生偏高，屬政策性配置而非不當支出，故僅回報同年度相對位置與量級，供決定是否檢討核定人數與班級配置。,True,"每生政府投入 125,692.103 元/生（同年度中位 124,698.839 元/生，穩健 z=+0.02）",medium,決算書基金來源表（政府撥入）／收費明細（學費＋雜費）／園所基本資料（核定招收人數）,年度,公立
13603,新北市立中和幼兒園,113,推估滿園率 同儕偏低,"市立幼兒園決算書不刊載幼兒人數。新北市公立幼兒園學費＋雜費為全市統一基準（110–114 學年度每學期 7,675 元，284–291 所園全部相同），故學雜費收入 ÷ 該基準 = 推估在園人數，再 ÷ 登記核定人數 = 推估滿園率。招生不足不是違規，但公庫撥款不隨人數下降，所以它直接決定每生公務成本。與同一年度其他市立幼兒園比較，不設絕對門檻——全市滿園率中位數112→114 由 0.793 降至 0.738，絕對門檻會在後段年度大量誤標。",True,"學雜費決算 3,720,350 ÷ 年基準 15,350（學年度 112 下學期 7,675 + 學年度 113 上學期 7,675）= 推估在園 242.4 人；核定 389 人（5 筆分班聚合），滿園率 0.623（同年度中位 0.759，穩健 z=-0.75）",medium,決算書基金來源表（學雜費收入）／收費明細（學費＋雜費）／園所基本資料（核定招收人數，分班聚合）,年度,公立
13603,新北市立中和幼兒園,113,每生政府投入 同儕偏高,政府撥入決算數 ÷ 推估在園人數。決算書單獨看不出這個數字，因為它不含人數；接上收費明細與核定人數才算得出來。偏遠與小型園每生固定成本天生偏高，屬政策性配置而非不當支出，故僅回報同年度相對位置與量級，供決定是否檢討核定人數與班級配置。,True,"每生政府投入 127,879.584 元/生（同年度中位 124,698.839 元/生，穩健 z=+0.07）",medium,決算書基金來源表（政府撥入）／收費明細（學費＋雜費）／園所基本資料（核定招收人數）,年度,公立
13604,新北市立永和幼兒園,113,推估滿園率 同儕偏低,"市立幼兒園決算書不刊載幼兒人數。新北市公立幼兒園學費＋雜費為全市統一基準（110–114 學年度每學期 7,675 元，284–291 所園全部相同），故學雜費收入 ÷ 該基準 = 推估在園人數，再 ÷ 登記核定人數 = 推估滿園率。招生不足不是違規，但公庫撥款不隨人數下降，所以它直接決定每生公務成本。與同一年度其他市立幼兒園比較，不設絕對門檻——全市滿園率中位數112→114 由 0.793 降至 0.738，絕對門檻會在後段年度大量誤標。",True,"學雜費決算 7,045,729 ÷ 年基準 15,350（學年度 112 下學期 7,675 + 學年度 113 上學期 7,675）= 推估在園 459.0 人；核定 736 人（7 筆分班聚合），滿園率 0.624（同年度中位 0.759，穩健 z=-0.74）",medium,決算書基金來源表（學雜費收入）／收費明細（學費＋雜費）／園所基本資料（核定招收人數，分班聚合）,年度,公立
13604,新北市立永和幼兒園,113,每生政府投入 同儕偏高,政府撥入決算數 ÷ 推估在園人數。決算書單獨看不出這個數字，因為它不含人數；接上收費明細與核定人數才算得出來。偏遠與小型園每生固定成本天生偏高，屬政策性配置而非不當支出，故僅回報同年度相對位置與量級，供決定是否檢討核定人數與班級配置。,True,"每生政府投入 105,419.450 元/生（同年度中位 124,698.839 元/生，穩健 z=-0.41）",medium,決算書基金來源表（政府撥入）／收費明細（學費＋雜費）／園所基本資料（核定招收人數）,年度,公立
13605,新北市立新莊幼兒園,113,推估滿園率 同儕偏低,"市立幼兒園決算書不刊載幼兒人數。新北市公立幼兒園學費＋雜費為全市統一基準（110–114 學年度每學期 7,675 元，284–291 所園全部相同），故學雜費收入 ÷ 該基準 = 推估在園人數，再 ÷ 登記核定人數 = 推估滿園率。招生不足不是違規，但公庫撥款不隨人數下降，所以它直接決定每生公務成本。與同一年度其他市立幼兒園比較，不設絕對門檻——全市滿園率中位數112→114 由 0.793 降至 0.738，絕對門檻會在後段年度大量誤標。",True,"學雜費決算 3,933,500 ÷ 年基準 15,350（學年度 112 下學期 7,675 + 學年度 113 上學期 7,675）= 推估在園 256.3 人；核定 317 人（3 筆分班聚合），滿園率 0.808（同年度中位 0.759，穩健 z=+0.27）",medium,決算書基金來源表（學雜費收入）／收費明細（學費＋雜費）／園所基本資料（核定招收人數，分班聚合）,年度,公立
13605,新北市立新莊幼兒園,113,每生政府投入 同儕偏高,政府撥入決算數 ÷ 推估在園人數。決算書單獨看不出這個數字，因為它不含人數；接上收費明細與核定人數才算得出來。偏遠與小型園每生固定成本天生偏高，屬政策性配置而非不當支出，故僅回報同年度相對位置與量級，供決定是否檢討核定人數與班級配置。,True,"每生政府投入 100,188.273 元/生（同年度中位 124,698.839 元/生，穩健 z=-0.52）",medium,決算書基金來源表（政府撥入）／收費明細（學費＋雜費）／園所基本資料（核定招收人數）,年度,公立
13606,新北市立新店幼兒園,113,推估滿園率 同儕偏低,"市立幼兒園決算書不刊載幼兒人數。新北市公立幼兒園學費＋雜費為全市統一基準（110–114 學年度每學期 7,675 元，284–291 所園全部相同），故學雜費收入 ÷ 該基準 = 推估在園人數，再 ÷ 登記核定人數 = 推估滿園率。招生不足不是違規，但公庫撥款不隨人數下降，所以它直接決定每生公務成本。與同一年度其他市立幼兒園比較，不設絕對門檻——全市滿園率中位數112→114 由 0.793 降至 0.738，絕對門檻會在後段年度大量誤標。",True,"學雜費決算 4,368,700 ÷ 年基準 15,350（學年度 112 下學期 7,675 + 學年度 113 上學期 7,675）= 推估在園 284.6 人；核定 390 人（5 筆分班聚合），滿園率 0.730（同年度中位 0.759，穩健 z=-0.16）",medium,決算書基金來源表（學雜費收入）／收費明細（學費＋雜費）／園所基本資料（核定招收人數，分班聚合）,年度,公立
13606,新北市立新店幼兒園,113,每生政府投入 同儕偏高,政府撥入決算數 ÷ 推估在園人數。決算書單獨看不出這個數字，因為它不含人數；接上收費明細與核定人數才算得出來。偏遠與小型園每生固定成本天生偏高，屬政策性配置而非不當支出，故僅回報同年度相對位置與量級，供決定是否檢討核定人數與班級配置。,True,"每生政府投入 96,875.081 元/生（同年度中位 124,698.839 元/生，穩健 z=-0.59）",medium,決算書基金來源表（政府撥入）／收費明細（學費＋雜費）／園所基本資料（核定招收人數）,年度,公立
13607,新北市立樹林幼兒園,113,推估滿園率 同儕偏低,"市立幼兒園決算書不刊載幼兒人數。新北市公立幼兒園學費＋雜費為全市統一基準（110–114 學年度每學期 7,675 元，284–291 所園全部相同），故學雜費收入 ÷ 該基準 = 推估在園人數，再 ÷ 登記核定人數 = 推估滿園率。招生不足不是違規，但公庫撥款不隨人數下降，所以它直接決定每生公務成本。與同一年度其他市立幼兒園比較，不設絕對門檻——全市滿園率中位數112→114 由 0.793 降至 0.738，絕對門檻會在後段年度大量誤標。",True,"學雜費決算 2,359,700 ÷ 年基準 15,350（學年度 112 下學期 7,675 + 學年度 113 上學期 7,675）= 推估在園 153.7 人；核定 217 人（4 筆分班聚合），滿園率 0.708（同年度中位 0.759，穩健 z=-0.28）",medium,決算書基金來源表（學雜費收入）／收費明細（學費＋雜費）／園所基本資料（核定招收人數，分班聚合）,年度,公立
13607,新北市立樹林幼兒園,113,每生政府投入 同儕偏高,政府撥入決算數 ÷ 推估在園人數。決算書單獨看不出這個數字，因為它不含人數；接上收費明細與核定人數才算得出來。偏遠與小型園每生固定成本天生偏高，屬政策性配置而非不當支出，故僅回報同年度相對位置與量級，供決定是否檢討核定人數與班級配置。,True,"每生政府投入 153,157.307 元/生（同年度中位 124,698.839 元/生，穩健 z=+0.60）",medium,決算書基金來源表（政府撥入）／收費明細（學費＋雜費）／園所基本資料（核定招收人數）,年度,公立
13608,新北市立鶯歌幼兒園,113,推估滿園率 同儕偏低,"市立幼兒園決算書不刊載幼兒人數。新北市公立幼兒園學費＋雜費為全市統一基準（110–114 學年度每學期 7,675 元，284–291 所園全部相同），故學雜費收入 ÷ 該基準 = 推估在園人數，再 ÷ 登記核定人數 = 推估滿園率。招生不足不是違規，但公庫撥款不隨人數下降，所以它直接決定每生公務成本。與同一年度其他市立幼兒園比較，不設絕對門檻——全市滿園率中位數112→114 由 0.793 降至 0.738，絕對門檻會在後段年度大量誤標。",True,"學雜費決算 2,257,100 ÷ 年基準 15,350（學年度 112 下學期 7,675 + 學年度 113 上學期 7,675）= 推估在園 147.0 人；核定 271 人（1 筆分班聚合），滿園率 0.543（同年度中位 0.759，穩健 z=-1.19）",medium,決算書基金來源表（學雜費收入）／收費明細（學費＋雜費）／園所基本資料（核定招收人數，分班聚合）,年度,公立
13608,新北市立鶯歌幼兒園,113,每生政府投入 同儕偏高,政府撥入決算數 ÷ 推估在園人數。決算書單獨看不出這個數字，因為它不含人數；接上收費明細與核定人數才算得出來。偏遠與小型園每生固定成本天生偏高，屬政策性配置而非不當支出，故僅回報同年度相對位置與量級，供決定是否檢討核定人數與班級配置。,True,"每生政府投入 157,286.732 元/生（同年度中位 124,698.839 元/生，穩健 z=+0.69）",medium,決算書基金來源表（政府撥入）／收費明細（學費＋雜費）／園所基本資料（核定招收人數）,年度,公立
13610,新北市立淡水幼兒園,113,推估滿園率 同儕偏低,"市立幼兒園決算書不刊載幼兒人數。新北市公立幼兒園學費＋雜費為全市統一基準（110–114 學年度每學期 7,675 元，284–291 所園全部相同），故學雜費收入 ÷ 該基準 = 推估在園人數，再 ÷ 登記核定人數 = 推估滿園率。招生不足不是違規，但公庫撥款不隨人數下降，所以它直接決定每生公務成本。與同一年度其他市立幼兒園比較，不設絕對門檻——全市滿園率中位數112→114 由 0.793 降至 0.738，絕對門檻會在後段年度大量誤標。",True,"學雜費決算 3,481,160 ÷ 年基準 15,350（學年度 112 下學期 7,675 + 學年度 113 上學期 7,675）= 推估在園 226.8 人；核定 264 人（3 筆分班聚合），滿園率 0.859（同年度中位 0.759，穩健 z=+0.55）",medium,決算書基金來源表（學雜費收入）／收費明細（學費＋雜費）／園所基本資料（核定招收人數，分班聚合）,年度,公立
13610,新北市立淡水幼兒園,113,每生政府投入 同儕偏高,政府撥入決算數 ÷ 推估在園人數。決算書單獨看不出這個數字，因為它不含人數；接上收費明細與核定人數才算得出來。偏遠與小型園每生固定成本天生偏高，屬政策性配置而非不當支出，故僅回報同年度相對位置與量級，供決定是否檢討核定人數與班級配置。,True,"每生政府投入 105,658.061 元/生（同年度中位 124,698.839 元/生，穩健 z=-0.40）",medium,決算書基金來源表（政府撥入）／收費明細（學費＋雜費）／園所基本資料（核定招收人數）,年度,公立
13612,新北市立土城幼兒園,113,推估滿園率 同儕偏低,"市立幼兒園決算書不刊載幼兒人數。新北市公立幼兒園學費＋雜費為全市統一基準（110–114 學年度每學期 7,675 元，284–291 所園全部相同），故學雜費收入 ÷ 該基準 = 推估在園人數，再 ÷ 登記核定人數 = 推估滿園率。招生不足不是違規，但公庫撥款不隨人數下降，所以它直接決定每生公務成本。與同一年度其他市立幼兒園比較，不設絕對門檻——全市滿園率中位數112→114 由 0.793 降至 0.738，絕對門檻會在後段年度大量誤標。",True,"學雜費決算 4,200,275 ÷ 年基準 15,350（學年度 112 下學期 7,675 + 學年度 113 上學期 7,675）= 推估在園 273.6 人；核定 315 人（3 筆分班聚合），滿園率 0.869（同年度中位 0.759，穩健 z=+0.60）",medium,決算書基金來源表（學雜費收入）／收費明細（學費＋雜費）／園所基本資料（核定招收人數，分班聚合）,年度,公立
13612,新北市立土城幼兒園,113,每生政府投入 同儕偏高,政府撥入決算數 ÷ 推估在園人數。決算書單獨看不出這個數字，因為它不含人數；接上收費明細與核定人數才算得出來。偏遠與小型園每生固定成本天生偏高，屬政策性配置而非不當支出，故僅回報同年度相對位置與量級，供決定是否檢討核定人數與班級配置。,True,"每生政府投入 99,231.669 元/生（同年度中位 124,698.839 元/生，穩健 z=-0.54）",medium,決算書基金來源表（政府撥入）／收費明細（學費＋雜費）／園所基本資料（核定招收人數）,年度,公立
13613,新北市立蘆洲幼兒園,113,推估滿園率 同儕偏低,"市立幼兒園決算書不刊載幼兒人數。新北市公立幼兒園學費＋雜費為全市統一基準（110–114 學年度每學期 7,675 元，284–291 所園全部相同），故學雜費收入 ÷ 該基準 = 推估在園人數，再 ÷ 登記核定人數 = 推估滿園率。招生不足不是違規，但公庫撥款不隨人數下降，所以它直接決定每生公務成本。與同一年度其他市立幼兒園比較，不設絕對門檻——全市滿園率中位數112→114 由 0.793 降至 0.738，絕對門檻會在後段年度大量誤標。",True,"學雜費決算 2,051,300 ÷ 年基準 15,350（學年度 112 下學期 7,675 + 學年度 113 上學期 7,675）= 推估在園 133.6 人；核定 150 人（1 筆分班聚合），滿園率 0.891（同年度中位 0.759，穩健 z=+0.73）",medium,決算書基金來源表（學雜費收入）／收費明細（學費＋雜費）／園所基本資料（核定招收人數，分班聚合）,年度,公立
13613,新北市立蘆洲幼兒園,113,每生政府投入 同儕偏高,政府撥入決算數 ÷ 推估在園人數。決算書單獨看不出這個數字，因為它不含人數；接上收費明細與核定人數才算得出來。偏遠與小型園每生固定成本天生偏高，屬政策性配置而非不當支出，故僅回報同年度相對位置與量級，供決定是否檢討核定人數與班級配置。,True,"每生政府投入 96,296.575 元/生（同年度中位 124,698.839 元/生，穩健 z=-0.60）",medium,決算書基金來源表（政府撥入）／收費明細（學費＋雜費）／園所基本資料（核定招收人數）,年度,公立
13615,新北市立泰山幼兒園,113,推估滿園率 同儕偏低,"市立幼兒園決算書不刊載幼兒人數。新北市公立幼兒園學費＋雜費為全市統一基準（110–114 學年度每學期 7,675 元，284–291 所園全部相同），故學雜費收入 ÷ 該基準 = 推估在園人數，再 ÷ 登記核定人數 = 推估滿園率。招生不足不是違規，但公庫撥款不隨人數下降，所以它直接決定每生公務成本。與同一年度其他市立幼兒園比較，不設絕對門檻——全市滿園率中位數112→114 由 0.793 降至 0.738，絕對門檻會在後段年度大量誤標。",True,"學雜費決算 2,489,500 ÷ 年基準 15,350（學年度 112 下學期 7,675 + 學年度 113 上學期 7,675）= 推估在園 162.2 人；核定 226 人（3 筆分班聚合），滿園率 0.718（同年度中位 0.759，穩健 z=-0.23）",medium,決算書基金來源表（學雜費收入）／收費明細（學費＋雜費）／園所基本資料（核定招收人數，分班聚合）,年度,公立
13615,新北市立泰山幼兒園,113,每生政府投入 同儕偏高,政府撥入決算數 ÷ 推估在園人數。決算書單獨看不出這個數字，因為它不含人數；接上收費明細與核定人數才算得出來。偏遠與小型園每生固定成本天生偏高，屬政策性配置而非不當支出，故僅回報同年度相對位置與量級，供決定是否檢討核定人數與班級配置。,True,"每生政府投入 124,687.042 元/生（同年度中位 124,698.839 元/生，穩健 z=-0.00）",medium,決算書基金來源表（政府撥入）／收費明細（學費＋雜費）／園所基本資料（核定招收人數）,年度,公立
13616,新北市立林口幼兒園,113,推估滿園率 同儕偏低,"市立幼兒園決算書不刊載幼兒人數。新北市公立幼兒園學費＋雜費為全市統一基準（110–114 學年度每學期 7,675 元，284–291 所園全部相同），故學雜費收入 ÷ 該基準 = 推估在園人數，再 ÷ 登記核定人數 = 推估滿園率。招生不足不是違規，但公庫撥款不隨人數下降，所以它直接決定每生公務成本。與同一年度其他市立幼兒園比較，不設絕對門檻——全市滿園率中位數112→114 由 0.793 降至 0.738，絕對門檻會在後段年度大量誤標。",True,"學雜費決算 2,686,400 ÷ 年基準 15,350（學年度 112 下學期 7,675 + 學年度 113 上學期 7,675）= 推估在園 175.0 人；核定 226 人（4 筆分班聚合），滿園率 0.774（同年度中位 0.759，穩健 z=+0.08）",medium,決算書基金來源表（學雜費收入）／收費明細（學費＋雜費）／園所基本資料（核定招收人數，分班聚合）,年度,公立
13616,新北市立林口幼兒園,113,每生政府投入 同儕偏高,政府撥入決算數 ÷ 推估在園人數。決算書單獨看不出這個數字，因為它不含人數；接上收費明細與核定人數才算得出來。偏遠與小型園每生固定成本天生偏高，屬政策性配置而非不當支出，故僅回報同年度相對位置與量級，供決定是否檢討核定人數與班級配置。,True,"每生政府投入 123,287.230 元/生（同年度中位 124,698.839 元/生，穩健 z=-0.03）",medium,決算書基金來源表（政府撥入）／收費明細（學費＋雜費）／園所基本資料（核定招收人數）,年度,公立
13617,新北市立深坑幼兒園,113,推估滿園率 同儕偏低,"市立幼兒園決算書不刊載幼兒人數。新北市公立幼兒園學費＋雜費為全市統一基準（110–114 學年度每學期 7,675 元，284–291 所園全部相同），故學雜費收入 ÷ 該基準 = 推估在園人數，再 ÷ 登記核定人數 = 推估滿園率。招生不足不是違規，但公庫撥款不隨人數下降，所以它直接決定每生公務成本。與同一年度其他市立幼兒園比較，不設絕對門檻——全市滿園率中位數112→114 由 0.793 降至 0.738，絕對門檻會在後段年度大量誤標。",True,"學雜費決算 1,153,400 ÷ 年基準 15,350（學年度 112 下學期 7,675 + 學年度 113 上學期 7,675）= 推估在園 75.1 人；核定 99 人（2 筆分班聚合），滿園率 0.759（同年度中位 0.759，穩健 z=+0.00）",medium,決算書基金來源表（學雜費收入）／收費明細（學費＋雜費）／園所基本資料（核定招收人數，分班聚合）,年度,公立
13617,新北市立深坑幼兒園,113,每生政府投入 同儕偏高,政府撥入決算數 ÷ 推估在園人數。決算書單獨看不出這個數字，因為它不含人數；接上收費明細與核定人數才算得出來。偏遠與小型園每生固定成本天生偏高，屬政策性配置而非不當支出，故僅回報同年度相對位置與量級，供決定是否檢討核定人數與班級配置。,True,"每生政府投入 169,417.048 元/生（同年度中位 124,698.839 元/生，穩健 z=+0.94）",medium,決算書基金來源表（政府撥入）／收費明細（學費＋雜費）／園所基本資料（核定招收人數）,年度,公立
13620,新北市立三芝幼兒園,113,推估滿園率 同儕偏低,"市立幼兒園決算書不刊載幼兒人數。新北市公立幼兒園學費＋雜費為全市統一基準（110–114 學年度每學期 7,675 元，284–291 所園全部相同），故學雜費收入 ÷ 該基準 = 推估在園人數，再 ÷ 登記核定人數 = 推估滿園率。招生不足不是違規，但公庫撥款不隨人數下降，所以它直接決定每生公務成本。與同一年度其他市立幼兒園比較，不設絕對門檻——全市滿園率中位數112→114 由 0.793 降至 0.738，絕對門檻會在後段年度大量誤標。",True,"學雜費決算 1,295,600 ÷ 年基準 15,350（學年度 112 下學期 7,675 + 學年度 113 上學期 7,675）= 推估在園 84.4 人；核定 115 人（2 筆分班聚合），滿園率 0.734（同年度中位 0.759，穩健 z=-0.14）",medium,決算書基金來源表（學雜費收入）／收費明細（學費＋雜費）／園所基本資料（核定招收人數，分班聚合）,年度,公立
13620,新北市立三芝幼兒園,113,每生政府投入 同儕偏高,政府撥入決算數 ÷ 推估在園人數。決算書單獨看不出這個數字，因為它不含人數；接上收費明細與核定人數才算得出來。偏遠與小型園每生固定成本天生偏高，屬政策性配置而非不當支出，故僅回報同年度相對位置與量級，供決定是否檢討核定人數與班級配置。,True,"每生政府投入 178,762.669 元/生（同年度中位 124,698.839 元/生，穩健 z=+1.14）",medium,決算書基金來源表（政府撥入）／收費明細（學費＋雜費）／園所基本資料（核定招收人數）,年度,公立
13622,新北市立八里幼兒園,113,推估滿園率 同儕偏低,"市立幼兒園決算書不刊載幼兒人數。新北市公立幼兒園學費＋雜費為全市統一基準（110–114 學年度每學期 7,675 元，284–291 所園全部相同），故學雜費收入 ÷ 該基準 = 推估在園人數，再 ÷ 登記核定人數 = 推估滿園率。招生不足不是違規，但公庫撥款不隨人數下降，所以它直接決定每生公務成本。與同一年度其他市立幼兒園比較，不設絕對門檻——全市滿園率中位數112→114 由 0.793 降至 0.738，絕對門檻會在後段年度大量誤標。",True,"學雜費決算 1,872,075 ÷ 年基準 15,350（學年度 112 下學期 7,675 + 學年度 113 上學期 7,675）= 推估在園 122.0 人；核定 128 人（3 筆分班聚合），滿園率 0.953（同年度中位 0.759，穩健 z=+1.07）",medium,決算書基金來源表（學雜費收入）／收費明細（學費＋雜費）／園所基本資料（核定招收人數，分班聚合）,年度,公立
13622,新北市立八里幼兒園,113,每生政府投入 同儕偏高,政府撥入決算數 ÷ 推估在園人數。決算書單獨看不出這個數字，因為它不含人數；接上收費明細與核定人數才算得出來。偏遠與小型園每生固定成本天生偏高，屬政策性配置而非不當支出，故僅回報同年度相對位置與量級，供決定是否檢討核定人數與班級配置。,True,"每生政府投入 124,698.839 元/生（同年度中位 124,698.839 元/生，穩健 z=+0.00）",medium,決算書基金來源表（政府撥入）／收費明細（學費＋雜費）／園所基本資料（核定招收人數）,年度,公立
13626,新北市立金山幼兒園,113,推估滿園率 同儕偏低,"市立幼兒園決算書不刊載幼兒人數。新北市公立幼兒園學費＋雜費為全市統一基準（110–114 學年度每學期 7,675 元，284–291 所園全部相同），故學雜費收入 ÷ 該基準 = 推估在園人數，再 ÷ 登記核定人數 = 推估滿園率。招生不足不是違規，但公庫撥款不隨人數下降，所以它直接決定每生公務成本。與同一年度其他市立幼兒園比較，不設絕對門檻——全市滿園率中位數112→114 由 0.793 降至 0.738，絕對門檻會在後段年度大量誤標。",False,"學雜費決算 473,100 ÷ 年基準 15,350（學年度 112 下學期 7,675 + 學年度 113 上學期 7,675）= 推估在園 30.8 人；核定 101 人（2 筆分班聚合），滿園率 0.305（同年度中位 0.759，穩健 z=-2.50）。請確認招生情形、是否應檢討核定人數與班級數，以及員額與空間是否已配合調整。⚠️ 登記核定人數為釘住之鏡像快照（retrieved_on=2026-08-10），非該年度當時核定數；以本園名聚合 2 筆分班",medium,決算書基金來源表（學雜費收入）／收費明細（學費＋雜費）／園所基本資料（核定招收人數，分班聚合）,年度,公立
13626,新北市立金山幼兒園,113,每生政府投入 同儕偏高,政府撥入決算數 ÷ 推估在園人數。決算書單獨看不出這個數字，因為它不含人數；接上收費明細與核定人數才算得出來。偏遠與小型園每生固定成本天生偏高，屬政策性配置而非不當支出，故僅回報同年度相對位置與量級，供決定是否檢討核定人數與班級配置。,False,"政府撥入 7,689,907 ÷ 推估在園 30.8 人 = 249,503.429 元/生（同年度中位 124,698.839 元/生，穩健 z=+2.63），為同年度中位數的 2.0 倍。請確認是否為偏遠或小型園之政策性配置，以及核定人數與實際招生落差是否已反映在班級與員額編制",medium,決算書基金來源表（政府撥入）／收費明細（學費＋雜費）／園所基本資料（核定招收人數）,年度,公立
13627,新北市立萬里幼兒園,113,推估滿園率 同儕偏低,"市立幼兒園決算書不刊載幼兒人數。新北市公立幼兒園學費＋雜費為全市統一基準（110–114 學年度每學期 7,675 元，284–291 所園全部相同），故學雜費收入 ÷ 該基準 = 推估在園人數，再 ÷ 登記核定人數 = 推估滿園率。招生不足不是違規，但公庫撥款不隨人數下降，所以它直接決定每生公務成本。與同一年度其他市立幼兒園比較，不設絕對門檻——全市滿園率中位數112→114 由 0.793 降至 0.738，絕對門檻會在後段年度大量誤標。",False,"學雜費決算 453,400 ÷ 年基準 15,350（學年度 112 下學期 7,675 + 學年度 113 上學期 7,675）= 推估在園 29.5 人；核定 105 人（1 筆分班聚合），滿園率 0.281（同年度中位 0.759，穩健 z=-2.63）。請確認招生情形、是否應檢討核定人數與班級數，以及員額與空間是否已配合調整。⚠️ 登記核定人數為釘住之鏡像快照（retrieved_on=2026-08-10），非該年度當時核定數；以本園名聚合 1 筆分班",medium,決算書基金來源表（學雜費收入）／收費明細（學費＋雜費）／園所基本資料（核定招收人數，分班聚合）,年度,公立
13627,新北市立萬里幼兒園,113,每生政府投入 同儕偏高,政府撥入決算數 ÷ 推估在園人數。決算書單獨看不出這個數字，因為它不含人數；接上收費明細與核定人數才算得出來。偏遠與小型園每生固定成本天生偏高，屬政策性配置而非不當支出，故僅回報同年度相對位置與量級，供決定是否檢討核定人數與班級配置。,False,"政府撥入 12,342,453 ÷ 推估在園 29.5 人 = 417,857.639 元/生（同年度中位 124,698.839 元/生，穩健 z=+6.18），為同年度中位數的 3.4 倍。請確認是否為偏遠或小型園之政策性配置，以及核定人數與實際招生落差是否已反映在班級與員額編制",medium,決算書基金來源表（政府撥入）／收費明細（學費＋雜費）／園所基本資料（核定招收人數）,年度,公立
13628,新北市立烏來幼兒園,113,推估滿園率 同儕偏低,"市立幼兒園決算書不刊載幼兒人數。新北市公立幼兒園學費＋雜費為全市統一基準（110–114 學年度每學期 7,675 元，284–291 所園全部相同），故學雜費收入 ÷ 該基準 = 推估在園人數，再 ÷ 登記核定人數 = 推估滿園率。招生不足不是違規，但公庫撥款不隨人數下降，所以它直接決定每生公務成本。與同一年度其他市立幼兒園比較，不設絕對門檻——全市滿園率中位數112→114 由 0.793 降至 0.738，絕對門檻會在後段年度大量誤標。",True,"學雜費決算 631,100 ÷ 年基準 15,350（學年度 112 下學期 7,675 + 學年度 113 上學期 7,675）= 推估在園 41.1 人；核定 45 人（1 筆分班聚合），滿園率 0.914（同年度中位 0.759，穩健 z=+0.85）",medium,決算書基金來源表（學雜費收入）／收費明細（學費＋雜費）／園所基本資料（核定招收人數，分班聚合）,年度,公立
13628,新北市立烏來幼兒園,113,每生政府投入 同儕偏高,政府撥入決算數 ÷ 推估在園人數。決算書單獨看不出這個數字，因為它不含人數；接上收費明細與核定人數才算得出來。偏遠與小型園每生固定成本天生偏高，屬政策性配置而非不當支出，故僅回報同年度相對位置與量級，供決定是否檢討核定人數與班級配置。,True,"每生政府投入 199,501.720 元/生（同年度中位 124,698.839 元/生，穩健 z=+1.58）",medium,決算書基金來源表（政府撥入）／收費明細（學費＋雜費）／園所基本資料（核定招收人數）,年度,公立
13601,新北市立板橋幼兒園,114,推估滿園率 同儕偏低,"市立幼兒園決算書不刊載幼兒人數。新北市公立幼兒園學費＋雜費為全市統一基準（110–114 學年度每學期 7,675 元，284–291 所園全部相同），故學雜費收入 ÷ 該基準 = 推估在園人數，再 ÷ 登記核定人數 = 推估滿園率。招生不足不是違規，但公庫撥款不隨人數下降，所以它直接決定每生公務成本。與同一年度其他市立幼兒園比較，不設絕對門檻——全市滿園率中位數112→114 由 0.793 降至 0.738，絕對門檻會在後段年度大量誤標。",True,"學雜費決算 3,863,100 ÷ 年基準 15,350（學年度 113 下學期 7,675 + 學年度 114 上學期 7,675）= 推估在園 251.7 人；核定 312 人（3 筆分班聚合），滿園率 0.807（同年度中位 0.738，穩健 z=+0.47）",medium,決算書基金來源表（學雜費收入）／收費明細（學費＋雜費）／園所基本資料（核定招收人數，分班聚合）,年度,公立
13601,新北市立板橋幼兒園,114,每生政府投入 同儕偏高,政府撥入決算數 ÷ 推估在園人數。決算書單獨看不出這個數字，因為它不含人數；接上收費明細與核定人數才算得出來。偏遠與小型園每生固定成本天生偏高，屬政策性配置而非不當支出，故僅回報同年度相對位置與量級，供決定是否檢討核定人數與班級配置。,True,"每生政府投入 124,400.114 元/生（同年度中位 150,705.924 元/生，穩健 z=-0.55）",medium,決算書基金來源表（政府撥入）／收費明細（學費＋雜費）／園所基本資料（核定招收人數）,年度,公立
13602,新北市立三重幼兒園,114,推估滿園率 同儕偏低,"市立幼兒園決算書不刊載幼兒人數。新北市公立幼兒園學費＋雜費為全市統一基準（110–114 學年度每學期 7,675 元，284–291 所園全部相同），故學雜費收入 ÷ 該基準 = 推估在園人數，再 ÷ 登記核定人數 = 推估滿園率。招生不足不是違規，但公庫撥款不隨人數下降，所以它直接決定每生公務成本。與同一年度其他市立幼兒園比較，不設絕對門檻——全市滿園率中位數112→114 由 0.793 降至 0.738，絕對門檻會在後段年度大量誤標。",True,"學雜費決算 2,362,100 ÷ 年基準 15,350（學年度 113 下學期 7,675 + 學年度 114 上學期 7,675）= 推估在園 153.9 人；核定 207 人（3 筆分班聚合），滿園率 0.743（同年度中位 0.738，穩健 z=+0.04）",medium,決算書基金來源表（學雜費收入）／收費明細（學費＋雜費）／園所基本資料（核定招收人數，分班聚合）,年度,公立
13602,新北市立三重幼兒園,114,每生政府投入 同儕偏高,政府撥入決算數 ÷ 推估在園人數。決算書單獨看不出這個數字，因為它不含人數；接上收費明細與核定人數才算得出來。偏遠與小型園每生固定成本天生偏高，屬政策性配置而非不當支出，故僅回報同年度相對位置與量級，供決定是否檢討核定人數與班級配置。,True,"每生政府投入 150,705.924 元/生（同年度中位 150,705.924 元/生，穩健 z=+0.00）",medium,決算書基金來源表（政府撥入）／收費明細（學費＋雜費）／園所基本資料（核定招收人數）,年度,公立
13603,新北市立中和幼兒園,114,推估滿園率 同儕偏低,"市立幼兒園決算書不刊載幼兒人數。新北市公立幼兒園學費＋雜費為全市統一基準（110–114 學年度每學期 7,675 元，284–291 所園全部相同），故學雜費收入 ÷ 該基準 = 推估在園人數，再 ÷ 登記核定人數 = 推估滿園率。招生不足不是違規，但公庫撥款不隨人數下降，所以它直接決定每生公務成本。與同一年度其他市立幼兒園比較，不設絕對門檻——全市滿園率中位數112→114 由 0.793 降至 0.738，絕對門檻會在後段年度大量誤標。",True,"學雜費決算 3,412,275 ÷ 年基準 15,350（學年度 113 下學期 7,675 + 學年度 114 上學期 7,675）= 推估在園 222.3 人；核定 389 人（5 筆分班聚合），滿園率 0.571（同年度中位 0.738，穩健 z=-1.14）",medium,決算書基金來源表（學雜費收入）／收費明細（學費＋雜費）／園所基本資料（核定招收人數，分班聚合）,年度,公立
13603,新北市立中和幼兒園,114,每生政府投入 同儕偏高,政府撥入決算數 ÷ 推估在園人數。決算書單獨看不出這個數字，因為它不含人數；接上收費明細與核定人數才算得出來。偏遠與小型園每生固定成本天生偏高，屬政策性配置而非不當支出，故僅回報同年度相對位置與量級，供決定是否檢討核定人數與班級配置。,True,"每生政府投入 157,885.225 元/生（同年度中位 150,705.924 元/生，穩健 z=+0.15）",medium,決算書基金來源表（政府撥入）／收費明細（學費＋雜費）／園所基本資料（核定招收人數）,年度,公立
13604,新北市立永和幼兒園,114,推估滿園率 同儕偏低,"市立幼兒園決算書不刊載幼兒人數。新北市公立幼兒園學費＋雜費為全市統一基準（110–114 學年度每學期 7,675 元，284–291 所園全部相同），故學雜費收入 ÷ 該基準 = 推估在園人數，再 ÷ 登記核定人數 = 推估滿園率。招生不足不是違規，但公庫撥款不隨人數下降，所以它直接決定每生公務成本。與同一年度其他市立幼兒園比較，不設絕對門檻——全市滿園率中位數112→114 由 0.793 降至 0.738，絕對門檻會在後段年度大量誤標。",True,"學雜費決算 5,977,403 ÷ 年基準 15,350（學年度 113 下學期 7,675 + 學年度 114 上學期 7,675）= 推估在園 389.4 人；核定 736 人（7 筆分班聚合），滿園率 0.529（同年度中位 0.738，穩健 z=-1.43）",medium,決算書基金來源表（學雜費收入）／收費明細（學費＋雜費）／園所基本資料（核定招收人數，分班聚合）,年度,公立
13604,新北市立永和幼兒園,114,每生政府投入 同儕偏高,政府撥入決算數 ÷ 推估在園人數。決算書單獨看不出這個數字，因為它不含人數；接上收費明細與核定人數才算得出來。偏遠與小型園每生固定成本天生偏高，屬政策性配置而非不當支出，故僅回報同年度相對位置與量級，供決定是否檢討核定人數與班級配置。,True,"每生政府投入 127,639.254 元/生（同年度中位 150,705.924 元/生，穩健 z=-0.48）",medium,決算書基金來源表（政府撥入）／收費明細（學費＋雜費）／園所基本資料（核定招收人數）,年度,公立
13606,新北市立新店幼兒園,114,推估滿園率 同儕偏低,"市立幼兒園決算書不刊載幼兒人數。新北市公立幼兒園學費＋雜費為全市統一基準（110–114 學年度每學期 7,675 元，284–291 所園全部相同），故學雜費收入 ÷ 該基準 = 推估在園人數，再 ÷ 登記核定人數 = 推估滿園率。招生不足不是違規，但公庫撥款不隨人數下降，所以它直接決定每生公務成本。與同一年度其他市立幼兒園比較，不設絕對門檻——全市滿園率中位數112→114 由 0.793 降至 0.738，絕對門檻會在後段年度大量誤標。",True,"學雜費決算 3,507,600 ÷ 年基準 15,350（學年度 113 下學期 7,675 + 學年度 114 上學期 7,675）= 推估在園 228.5 人；核定 390 人（5 筆分班聚合），滿園率 0.586（同年度中位 0.738，穩健 z=-1.05）",medium,決算書基金來源表（學雜費收入）／收費明細（學費＋雜費）／園所基本資料（核定招收人數，分班聚合）,年度,公立
13606,新北市立新店幼兒園,114,每生政府投入 同儕偏高,政府撥入決算數 ÷ 推估在園人數。決算書單獨看不出這個數字，因為它不含人數；接上收費明細與核定人數才算得出來。偏遠與小型園每生固定成本天生偏高，屬政策性配置而非不當支出，故僅回報同年度相對位置與量級，供決定是否檢討核定人數與班級配置。,True,"每生政府投入 127,008.275 元/生（同年度中位 150,705.924 元/生，穩健 z=-0.49）",medium,決算書基金來源表（政府撥入）／收費明細（學費＋雜費）／園所基本資料（核定招收人數）,年度,公立
13607,新北市立樹林幼兒園,114,推估滿園率 同儕偏低,"市立幼兒園決算書不刊載幼兒人數。新北市公立幼兒園學費＋雜費為全市統一基準（110–114 學年度每學期 7,675 元，284–291 所園全部相同），故學雜費收入 ÷ 該基準 = 推估在園人數，再 ÷ 登記核定人數 = 推估滿園率。招生不足不是違規，但公庫撥款不隨人數下降，所以它直接決定每生公務成本。與同一年度其他市立幼兒園比較，不設絕對門檻——全市滿園率中位數112→114 由 0.793 降至 0.738，絕對門檻會在後段年度大量誤標。",True,"學雜費決算 2,251,500 ÷ 年基準 15,350（學年度 113 下學期 7,675 + 學年度 114 上學期 7,675）= 推估在園 146.7 人；核定 217 人（4 筆分班聚合），滿園率 0.676（同年度中位 0.738，穩健 z=-0.43）",medium,決算書基金來源表（學雜費收入）／收費明細（學費＋雜費）／園所基本資料（核定招收人數，分班聚合）,年度,公立
13607,新北市立樹林幼兒園,114,每生政府投入 同儕偏高,政府撥入決算數 ÷ 推估在園人數。決算書單獨看不出這個數字，因為它不含人數；接上收費明細與核定人數才算得出來。偏遠與小型園每生固定成本天生偏高，屬政策性配置而非不當支出，故僅回報同年度相對位置與量級，供決定是否檢討核定人數與班級配置。,True,"每生政府投入 161,077.446 元/生（同年度中位 150,705.924 元/生，穩健 z=+0.22）",medium,決算書基金來源表（政府撥入）／收費明細（學費＋雜費）／園所基本資料（核定招收人數）,年度,公立
13608,新北市立鶯歌幼兒園,114,推估滿園率 同儕偏低,"市立幼兒園決算書不刊載幼兒人數。新北市公立幼兒園學費＋雜費為全市統一基準（110–114 學年度每學期 7,675 元，284–291 所園全部相同），故學雜費收入 ÷ 該基準 = 推估在園人數，再 ÷ 登記核定人數 = 推估滿園率。招生不足不是違規，但公庫撥款不隨人數下降，所以它直接決定每生公務成本。與同一年度其他市立幼兒園比較，不設絕對門檻——全市滿園率中位數112→114 由 0.793 降至 0.738，絕對門檻會在後段年度大量誤標。",False,"學雜費決算 1,808,700 ÷ 年基準 15,350（學年度 113 下學期 7,675 + 學年度 114 上學期 7,675）= 推估在園 117.8 人；核定 271 人（1 筆分班聚合），滿園率 0.435（同年度中位 0.738，穩健 z=-2.08）。請確認招生情形、是否應檢討核定人數與班級數，以及員額與空間是否已配合調整。⚠️ 登記核定人數為釘住之鏡像快照（retrieved_on=2026-08-10），非該年度當時核定數；以本園名聚合 1 筆分班",medium,決算書基金來源表（學雜費收入）／收費明細（學費＋雜費）／園所基本資料（核定招收人數，分班聚合）,年度,公立
13608,新北市立鶯歌幼兒園,114,每生政府投入 同儕偏高,政府撥入決算數 ÷ 推估在園人數。決算書單獨看不出這個數字，因為它不含人數；接上收費明細與核定人數才算得出來。偏遠與小型園每生固定成本天生偏高，屬政策性配置而非不當支出，故僅回報同年度相對位置與量級，供決定是否檢討核定人數與班級配置。,True,"每生政府投入 192,168.905 元/生（同年度中位 150,705.924 元/生，穩健 z=+0.87）",medium,決算書基金來源表（政府撥入）／收費明細（學費＋雜費）／園所基本資料（核定招收人數）,年度,公立
13609,新北市立三峽幼兒園,114,推估滿園率 同儕偏低,"市立幼兒園決算書不刊載幼兒人數。新北市公立幼兒園學費＋雜費為全市統一基準（110–114 學年度每學期 7,675 元，284–291 所園全部相同），故學雜費收入 ÷ 該基準 = 推估在園人數，再 ÷ 登記核定人數 = 推估滿園率。招生不足不是違規，但公庫撥款不隨人數下降，所以它直接決定每生公務成本。與同一年度其他市立幼兒園比較，不設絕對門檻——全市滿園率中位數112→114 由 0.793 降至 0.738，絕對門檻會在後段年度大量誤標。",True,"學雜費決算 1,469,400 ÷ 年基準 15,350（學年度 113 下學期 7,675 + 學年度 114 上學期 7,675）= 推估在園 95.7 人；核定 195 人（3 筆分班聚合），滿園率 0.491（同年度中位 0.738，穩健 z=-1.70）",medium,決算書基金來源表（學雜費收入）／收費明細（學費＋雜費）／園所基本資料（核定招收人數，分班聚合）,年度,公立
13609,新北市立三峽幼兒園,114,每生政府投入 同儕偏高,政府撥入決算數 ÷ 推估在園人數。決算書單獨看不出這個數字，因為它不含人數；接上收費明細與核定人數才算得出來。偏遠與小型園每生固定成本天生偏高，屬政策性配置而非不當支出，故僅回報同年度相對位置與量級，供決定是否檢討核定人數與班級配置。,True,"每生政府投入 221,087.385 元/生（同年度中位 150,705.924 元/生，穩健 z=+1.47）",medium,決算書基金來源表（政府撥入）／收費明細（學費＋雜費）／園所基本資料（核定招收人數）,年度,公立
13610,新北市立淡水幼兒園,114,推估滿園率 同儕偏低,"市立幼兒園決算書不刊載幼兒人數。新北市公立幼兒園學費＋雜費為全市統一基準（110–114 學年度每學期 7,675 元，284–291 所園全部相同），故學雜費收入 ÷ 該基準 = 推估在園人數，再 ÷ 登記核定人數 = 推估滿園率。招生不足不是違規，但公庫撥款不隨人數下降，所以它直接決定每生公務成本。與同一年度其他市立幼兒園比較，不設絕對門檻——全市滿園率中位數112→114 由 0.793 降至 0.738，絕對門檻會在後段年度大量誤標。",True,"學雜費決算 2,991,840 ÷ 年基準 15,350（學年度 113 下學期 7,675 + 學年度 114 上學期 7,675）= 推估在園 194.9 人；核定 264 人（3 筆分班聚合），滿園率 0.738（同年度中位 0.738，穩健 z=+0.00）",medium,決算書基金來源表（學雜費收入）／收費明細（學費＋雜費）／園所基本資料（核定招收人數，分班聚合）,年度,公立
13610,新北市立淡水幼兒園,114,每生政府投入 同儕偏高,政府撥入決算數 ÷ 推估在園人數。決算書單獨看不出這個數字，因為它不含人數；接上收費明細與核定人數才算得出來。偏遠與小型園每生固定成本天生偏高，屬政策性配置而非不當支出，故僅回報同年度相對位置與量級，供決定是否檢討核定人數與班級配置。,True,"每生政府投入 126,332.941 元/生（同年度中位 150,705.924 元/生，穩健 z=-0.51）",medium,決算書基金來源表（政府撥入）／收費明細（學費＋雜費）／園所基本資料（核定招收人數）,年度,公立
13614,新北市立五股幼兒園,114,推估滿園率 同儕偏低,"市立幼兒園決算書不刊載幼兒人數。新北市公立幼兒園學費＋雜費為全市統一基準（110–114 學年度每學期 7,675 元，284–291 所園全部相同），故學雜費收入 ÷ 該基準 = 推估在園人數，再 ÷ 登記核定人數 = 推估滿園率。招生不足不是違規，但公庫撥款不隨人數下降，所以它直接決定每生公務成本。與同一年度其他市立幼兒園比較，不設絕對門檻——全市滿園率中位數112→114 由 0.793 降至 0.738，絕對門檻會在後段年度大量誤標。",True,"學雜費決算 5,782,800 ÷ 年基準 15,350（學年度 113 下學期 7,675 + 學年度 114 上學期 7,675）= 推估在園 376.7 人；核定 502 人（6 筆分班聚合），滿園率 0.750（同年度中位 0.738，穩健 z=+0.08）",medium,決算書基金來源表（學雜費收入）／收費明細（學費＋雜費）／園所基本資料（核定招收人數，分班聚合）,年度,公立
13614,新北市立五股幼兒園,114,每生政府投入 同儕偏高,政府撥入決算數 ÷ 推估在園人數。決算書單獨看不出這個數字，因為它不含人數；接上收費明細與核定人數才算得出來。偏遠與小型園每生固定成本天生偏高，屬政策性配置而非不當支出，故僅回報同年度相對位置與量級，供決定是否檢討核定人數與班級配置。,True,"每生政府投入 113,180.043 元/生（同年度中位 150,705.924 元/生，穩健 z=-0.78）",medium,決算書基金來源表（政府撥入）／收費明細（學費＋雜費）／園所基本資料（核定招收人數）,年度,公立
13615,新北市立泰山幼兒園,114,推估滿園率 同儕偏低,"市立幼兒園決算書不刊載幼兒人數。新北市公立幼兒園學費＋雜費為全市統一基準（110–114 學年度每學期 7,675 元，284–291 所園全部相同），故學雜費收入 ÷ 該基準 = 推估在園人數，再 ÷ 登記核定人數 = 推估滿園率。招生不足不是違規，但公庫撥款不隨人數下降，所以它直接決定每生公務成本。與同一年度其他市立幼兒園比較，不設絕對門檻——全市滿園率中位數112→114 由 0.793 降至 0.738，絕對門檻會在後段年度大量誤標。",True,"學雜費決算 2,579,200 ÷ 年基準 15,350（學年度 113 下學期 7,675 + 學年度 114 上學期 7,675）= 推估在園 168.0 人；核定 226 人（3 筆分班聚合），滿園率 0.743（同年度中位 0.738，穩健 z=+0.04）",medium,決算書基金來源表（學雜費收入）／收費明細（學費＋雜費）／園所基本資料（核定招收人數，分班聚合）,年度,公立
13615,新北市立泰山幼兒園,114,每生政府投入 同儕偏高,政府撥入決算數 ÷ 推估在園人數。決算書單獨看不出這個數字，因為它不含人數；接上收費明細與核定人數才算得出來。偏遠與小型園每生固定成本天生偏高，屬政策性配置而非不當支出，故僅回報同年度相對位置與量級，供決定是否檢討核定人數與班級配置。,True,"每生政府投入 147,521.606 元/生（同年度中位 150,705.924 元/生，穩健 z=-0.07）",medium,決算書基金來源表（政府撥入）／收費明細（學費＋雜費）／園所基本資料（核定招收人數）,年度,公立
13616,新北市立林口幼兒園,114,推估滿園率 同儕偏低,"市立幼兒園決算書不刊載幼兒人數。新北市公立幼兒園學費＋雜費為全市統一基準（110–114 學年度每學期 7,675 元，284–291 所園全部相同），故學雜費收入 ÷ 該基準 = 推估在園人數，再 ÷ 登記核定人數 = 推估滿園率。招生不足不是違規，但公庫撥款不隨人數下降，所以它直接決定每生公務成本。與同一年度其他市立幼兒園比較，不設絕對門檻——全市滿園率中位數112→114 由 0.793 降至 0.738，絕對門檻會在後段年度大量誤標。",True,"學雜費決算 2,509,662 ÷ 年基準 15,350（學年度 113 下學期 7,675 + 學年度 114 上學期 7,675）= 推估在園 163.5 人；核定 226 人（4 筆分班聚合），滿園率 0.723（同年度中位 0.738，穩健 z=-0.10）",medium,決算書基金來源表（學雜費收入）／收費明細（學費＋雜費）／園所基本資料（核定招收人數，分班聚合）,年度,公立
13616,新北市立林口幼兒園,114,每生政府投入 同儕偏高,政府撥入決算數 ÷ 推估在園人數。決算書單獨看不出這個數字，因為它不含人數；接上收費明細與核定人數才算得出來。偏遠與小型園每生固定成本天生偏高，屬政策性配置而非不當支出，故僅回報同年度相對位置與量級，供決定是否檢討核定人數與班級配置。,True,"每生政府投入 118,879.119 元/生（同年度中位 150,705.924 元/生，穩健 z=-0.66）",medium,決算書基金來源表（政府撥入）／收費明細（學費＋雜費）／園所基本資料（核定招收人數）,年度,公立
13617,新北市立深坑幼兒園,114,推估滿園率 同儕偏低,"市立幼兒園決算書不刊載幼兒人數。新北市公立幼兒園學費＋雜費為全市統一基準（110–114 學年度每學期 7,675 元，284–291 所園全部相同），故學雜費收入 ÷ 該基準 = 推估在園人數，再 ÷ 登記核定人數 = 推估滿園率。招生不足不是違規，但公庫撥款不隨人數下降，所以它直接決定每生公務成本。與同一年度其他市立幼兒園比較，不設絕對門檻——全市滿園率中位數112→114 由 0.793 降至 0.738，絕對門檻會在後段年度大量誤標。",True,"學雜費決算 1,129,700 ÷ 年基準 15,350（學年度 113 下學期 7,675 + 學年度 114 上學期 7,675）= 推估在園 73.6 人；核定 99 人（2 筆分班聚合），滿園率 0.743（同年度中位 0.738，穩健 z=+0.04）",medium,決算書基金來源表（學雜費收入）／收費明細（學費＋雜費）／園所基本資料（核定招收人數，分班聚合）,年度,公立
13617,新北市立深坑幼兒園,114,每生政府投入 同儕偏高,政府撥入決算數 ÷ 推估在園人數。決算書單獨看不出這個數字，因為它不含人數；接上收費明細與核定人數才算得出來。偏遠與小型園每生固定成本天生偏高，屬政策性配置而非不當支出，故僅回報同年度相對位置與量級，供決定是否檢討核定人數與班級配置。,True,"每生政府投入 190,479.994 元/生（同年度中位 150,705.924 元/生，穩健 z=+0.83）",medium,決算書基金來源表（政府撥入）／收費明細（學費＋雜費）／園所基本資料（核定招收人數）,年度,公立
13620,新北市立三芝幼兒園,114,推估滿園率 同儕偏低,"市立幼兒園決算書不刊載幼兒人數。新北市公立幼兒園學費＋雜費為全市統一基準（110–114 學年度每學期 7,675 元，284–291 所園全部相同），故學雜費收入 ÷ 該基準 = 推估在園人數，再 ÷ 登記核定人數 = 推估滿園率。招生不足不是違規，但公庫撥款不隨人數下降，所以它直接決定每生公務成本。與同一年度其他市立幼兒園比較，不設絕對門檻——全市滿園率中位數112→114 由 0.793 降至 0.738，絕對門檻會在後段年度大量誤標。",True,"學雜費決算 1,311,400 ÷ 年基準 15,350（學年度 113 下學期 7,675 + 學年度 114 上學期 7,675）= 推估在園 85.4 人；核定 115 人（2 筆分班聚合），滿園率 0.743（同年度中位 0.738，穩健 z=+0.03）",medium,決算書基金來源表（學雜費收入）／收費明細（學費＋雜費）／園所基本資料（核定招收人數，分班聚合）,年度,公立
13620,新北市立三芝幼兒園,114,每生政府投入 同儕偏高,政府撥入決算數 ÷ 推估在園人數。決算書單獨看不出這個數字，因為它不含人數；接上收費明細與核定人數才算得出來。偏遠與小型園每生固定成本天生偏高，屬政策性配置而非不當支出，故僅回報同年度相對位置與量級，供決定是否檢討核定人數與班級配置。,True,"每生政府投入 181,592.303 元/生（同年度中位 150,705.924 元/生，穩健 z=+0.64）",medium,決算書基金來源表（政府撥入）／收費明細（學費＋雜費）／園所基本資料（核定招收人數）,年度,公立
13622,新北市立八里幼兒園,114,推估滿園率 同儕偏低,"市立幼兒園決算書不刊載幼兒人數。新北市公立幼兒園學費＋雜費為全市統一基準（110–114 學年度每學期 7,675 元，284–291 所園全部相同），故學雜費收入 ÷ 該基準 = 推估在園人數，再 ÷ 登記核定人數 = 推估滿園率。招生不足不是違規，但公庫撥款不隨人數下降，所以它直接決定每生公務成本。與同一年度其他市立幼兒園比較，不設絕對門檻——全市滿園率中位數112→114 由 0.793 降至 0.738，絕對門檻會在後段年度大量誤標。",True,"學雜費決算 1,784,730 ÷ 年基準 15,350（學年度 113 下學期 7,675 + 學年度 114 上學期 7,675）= 推估在園 116.3 人；核定 128 人（3 筆分班聚合），滿園率 0.908（同年度中位 0.738，穩健 z=+1.17）",medium,決算書基金來源表（學雜費收入）／收費明細（學費＋雜費）／園所基本資料（核定招收人數，分班聚合）,年度,公立
13622,新北市立八里幼兒園,114,每生政府投入 同儕偏高,政府撥入決算數 ÷ 推估在園人數。決算書單獨看不出這個數字，因為它不含人數；接上收費明細與核定人數才算得出來。偏遠與小型園每生固定成本天生偏高，屬政策性配置而非不當支出，故僅回報同年度相對位置與量級，供決定是否檢討核定人數與班級配置。,True,"每生政府投入 144,670.781 元/生（同年度中位 150,705.924 元/生，穩健 z=-0.13）",medium,決算書基金來源表（政府撥入）／收費明細（學費＋雜費）／園所基本資料（核定招收人數）,年度,公立
13627,新北市立萬里幼兒園,114,推估滿園率 同儕偏低,"市立幼兒園決算書不刊載幼兒人數。新北市公立幼兒園學費＋雜費為全市統一基準（110–114 學年度每學期 7,675 元，284–291 所園全部相同），故學雜費收入 ÷ 該基準 = 推估在園人數，再 ÷ 登記核定人數 = 推估滿園率。招生不足不是違規，但公庫撥款不隨人數下降，所以它直接決定每生公務成本。與同一年度其他市立幼兒園比較，不設絕對門檻——全市滿園率中位數112→114 由 0.793 降至 0.738，絕對門檻會在後段年度大量誤標。",False,"學雜費決算 299,700 ÷ 年基準 15,350（學年度 113 下學期 7,675 + 學年度 114 上學期 7,675）= 推估在園 19.5 人；核定 105 人（1 筆分班聚合），滿園率 0.186（同年度中位 0.738，穩健 z=-3.79）。請確認招生情形、是否應檢討核定人數與班級數，以及員額與空間是否已配合調整。⚠️ 登記核定人數為釘住之鏡像快照（retrieved_on=2026-08-10），非該年度當時核定數；以本園名聚合 1 筆分班",medium,決算書基金來源表（學雜費收入）／收費明細（學費＋雜費）／園所基本資料（核定招收人數，分班聚合）,年度,公立
13627,新北市立萬里幼兒園,114,每生政府投入 同儕偏高,政府撥入決算數 ÷ 推估在園人數。決算書單獨看不出這個數字，因為它不含人數；接上收費明細與核定人數才算得出來。偏遠與小型園每生固定成本天生偏高，屬政策性配置而非不當支出，故僅回報同年度相對位置與量級，供決定是否檢討核定人數與班級配置。,False,"政府撥入 13,758,722 ÷ 推估在園 19.5 人 = 704,692.635 元/生（同年度中位 150,705.924 元/生，穩健 z=+11.56），為同年度中位數的 4.7 倍。請確認是否為偏遠或小型園之政策性配置，以及核定人數與實際招生落差是否已反映在班級與員額編制",medium,決算書基金來源表（政府撥入）／收費明細（學費＋雜費）／園所基本資料（核定招收人數）,年度,公立
13628,新北市立烏來幼兒園,114,推估滿園率 同儕偏低,"市立幼兒園決算書不刊載幼兒人數。新北市公立幼兒園學費＋雜費為全市統一基準（110–114 學年度每學期 7,675 元，284–291 所園全部相同），故學雜費收入 ÷ 該基準 = 推估在園人數，再 ÷ 登記核定人數 = 推估滿園率。招生不足不是違規，但公庫撥款不隨人數下降，所以它直接決定每生公務成本。與同一年度其他市立幼兒園比較，不設絕對門檻——全市滿園率中位數112→114 由 0.793 降至 0.738，絕對門檻會在後段年度大量誤標。",True,"學雜費決算 560,900 ÷ 年基準 15,350（學年度 113 下學期 7,675 + 學年度 114 上學期 7,675）= 推估在園 36.5 人；核定 45 人（1 筆分班聚合），滿園率 0.812（同年度中位 0.738，穩健 z=+0.51）",medium,決算書基金來源表（學雜費收入）／收費明細（學費＋雜費）／園所基本資料（核定招收人數，分班聚合）,年度,公立
13628,新北市立烏來幼兒園,114,每生政府投入 同儕偏高,政府撥入決算數 ÷ 推估在園人數。決算書單獨看不出這個數字，因為它不含人數；接上收費明細與核定人數才算得出來。偏遠與小型園每生固定成本天生偏高，屬政策性配置而非不當支出，故僅回報同年度相對位置與量級，供決定是否檢討核定人數與班級配置。,False,"政府撥入 9,137,509 ÷ 推估在園 36.5 人 = 250,063.760 元/生（同年度中位 150,705.924 元/生，穩健 z=+2.07），為同年度中位數的 1.7 倍。請確認是否為偏遠或小型園之政策性配置，以及核定人數與實際招生落差是否已反映在班級與員額編制",medium,決算書基金來源表（政府撥入）／收費明細（學費＋雜費）／園所基本資料（核定招收人數）,年度,公立
