snapshot_id,page,row_index,response_sha256,title,city,town,establishment_type,address,phone,website,approved_capacity,after_school,evaluation_academic_year,evaluation_completed_date,evaluation_result,evaluation_report_label
2026-09-03-ntpc-full-v1,1,1,7a15896aa64afb6f03f2d659df82355b388e5af651a62a2983fd790591bafd26,新北市立萬里幼兒園,新北市,萬里區,公立,[207]瑪鋉路221號2樓,(02)24921670,https://wanlipreschool.blogspot.com/,105,無,112,2023/10/04,基礎評鑑－全數指標通過,檢視
2026-09-03-ntpc-full-v1,1,1,7a15896aa64afb6f03f2d659df82355b388e5af651a62a2983fd790591bafd26,新北市萬里區萬里國民小學附設幼兒園,新北市,萬里區,公立,[207]瑪鋉路18號,(02)24922034#60,https://www.wlps.ntpc.edu.tw/index.php,106,無,112,2023/10/04,基礎評鑑－全數指標通過,檢視
2026-09-03-ntpc-full-v1,1,1,7a15896aa64afb6f03f2d659df82355b388e5af651a62a2983fd790591bafd26,新北市萬里區大鵬國民小學附設幼兒園,新北市,萬里區,公立,[207]萬里加投14號,(02)24988131#37,,30,無,112,2023/10/12,基礎評鑑－全數指標通過,檢視
2026-09-03-ntpc-full-v1,1,1,7a15896aa64afb6f03f2d659df82355b388e5af651a62a2983fd790591bafd26,新北市萬里區野柳國民小學附設幼兒園,新北市,萬里區,公立,[207]港東路167號,(02)24922512#18,https://sites.google.com/a/ylps.ntpc.edu.tw/yelu18/,30,無,112,2023/10/12,基礎評鑑－全數指標通過,檢視
2026-09-03-ntpc-full-v1,1,1,7a15896aa64afb6f03f2d659df82355b388e5af651a62a2983fd790591bafd26,新北市萬里區大坪國民小學附設幼兒園,新北市,萬里區,公立,[207]大坪路1號,(02)24929461#71,http://dpkg.weebly.com/,30,無,112,2023/10/12,基礎評鑑－全數指標通過,檢視
2026-09-03-ntpc-full-v1,1,1,7a15896aa64afb6f03f2d659df82355b388e5af651a62a2983fd790591bafd26,新北市私立大鵬幼兒園,新北市,萬里區,私立,[207]萬里加投70之3號1、2樓,(02)24980811,,216,無,112,2023/10/12,基礎評鑑－全數指標通過,檢視
2026-09-03-ntpc-full-v1,1,1,7a15896aa64afb6f03f2d659df82355b388e5af651a62a2983fd790591bafd26,新北市私立天心幼兒園,新北市,萬里區,私立,[207]瑪鋉下街17號1、2樓,(02)24922742,tian.shin2742@gmail.com,50,無,112,2023/10/12,基礎評鑑－部分指標通過,檢視
2026-09-03-ntpc-full-v1,1,2,7a15896aa64afb6f03f2d659df82355b388e5af651a62a2983fd790591bafd26,新北市私立天心幼兒園,新北市,萬里區,私立,[207]瑪鋉下街17號1、2樓,(02)24922742,tian.shin2742@gmail.com,50,無,112,2024/05/14,追蹤評鑑－全數指標通過,檢視
2026-09-03-ntpc-full-v1,1,1,7a15896aa64afb6f03f2d659df82355b388e5af651a62a2983fd790591bafd26,新北市金山區三和國民小學附設幼兒園,新北市,金山區,公立,[208]六股林口38號,(02)24080417#15,新北市金山區三和國民小學,30,無,112,2023/10/03,基礎評鑑－全數指標通過,檢視
2026-09-03-ntpc-full-v1,1,1,7a15896aa64afb6f03f2d659df82355b388e5af651a62a2983fd790591bafd26,新北市金山區中角國民小學附設幼兒園,新北市,金山區,公立,[208]海興路49號,(02)24986498,https://www.jjps.ntpc.edu.tw/p/412-1000-761.php,30,無,112,2023/10/03,基礎評鑑－全數指標通過,檢視
2026-09-03-ntpc-full-v1,2,1,eccaea7657a3dd5dbbd971b8e8b3241a91d1ca410328baba884afa75ee229b41,新北市金山區金美國民小學附設幼兒園,新北市,金山區,公立,[208]忠孝一路111號,(02)24986503#704,http://tw.class.uschoolnet.com/class/?csid=css000000157328,76,無,112,2023/10/18,基礎評鑑－全數指標通過,檢視
2026-09-03-ntpc-full-v1,2,1,eccaea7657a3dd5dbbd971b8e8b3241a91d1ca410328baba884afa75ee229b41,新北市金山區金山國民小學附設幼兒園,新北市,金山區,公立,[208]中山路234號,(02)24981125#301,http://163.20.84.65/,106,無,112,2023/10/18,基礎評鑑－全數指標通過,檢視
2026-09-03-ntpc-full-v1,2,1,eccaea7657a3dd5dbbd971b8e8b3241a91d1ca410328baba884afa75ee229b41,財團法人天主教聖母聖心會附設新北市私立天仁幼兒園,新北市,金山區,私立,[208]中正路25號1樓,(02)24982423,http:www.kjftw.org.tw/school19/,60,無,112,2023/10/12,基礎評鑑－全數指標通過,檢視
2026-09-03-ntpc-full-v1,2,1,eccaea7657a3dd5dbbd971b8e8b3241a91d1ca410328baba884afa75ee229b41,新北市板橋區莒光國民小學附設幼兒園,新北市,板橋區,公立,[220]莒光路163號,(02)82597020,http://www.jges.ntpc.edu.tw/,120,無,111,2022/11/04,基礎評鑑－全數指標通過,檢視
2026-09-03-ntpc-full-v1,2,1,eccaea7657a3dd5dbbd971b8e8b3241a91d1ca410328baba884afa75ee229b41,新北市板橋區後埔國民小學附設幼兒園,新北市,板橋區,公立,[220]重慶路157號,(02)29614142#862,https://sites.google.com/hpes.ntpc.edu.tw/hpes,120,無,111,2022/09/29,基礎評鑑－全數指標通過,檢視
2026-09-03-ntpc-full-v1,2,1,eccaea7657a3dd5dbbd971b8e8b3241a91d1ca410328baba884afa75ee229b41,新北市立忠孝國民中學附設幼兒園,新北市,板橋區,公立,[220]重慶路168號,(02)29631350#601,https://reurl.cc/aE448l,120,無,111,2022/10/05,基礎評鑑－全數指標通過,檢視
2026-09-03-ntpc-full-v1,2,1,eccaea7657a3dd5dbbd971b8e8b3241a91d1ca410328baba884afa75ee229b41,新北市板橋區溪洲國民小學附設幼兒園,新北市,板橋區,公立,[220]金門街289號,(02)26867705#83,http://sips015.blogspot.com/,120,無,111,2022/10/14,基礎評鑑－全數指標通過,檢視
2026-09-03-ntpc-full-v1,2,1,eccaea7657a3dd5dbbd971b8e8b3241a91d1ca410328baba884afa75ee229b41,新北市立江翠國民中學附設幼兒園,新北市,板橋區,公立,[220]松江街63-2號,(02)22518007#280,http://www.ctjh.ntpc.edu.tw,210,無,111,2022/11/10,基礎評鑑－全數指標通過,檢視
2026-09-03-ntpc-full-v1,2,1,eccaea7657a3dd5dbbd971b8e8b3241a91d1ca410328baba884afa75ee229b41,新北市板橋區板橋國民小學附設幼兒園,新北市,板橋區,公立,[220]文化路一段23號,(02)29686834#860,http://tw.class.uschoolnet.com/class/?csid=css000000153402,180,無,111,2022/10/26,基礎評鑑－全數指標通過,檢視
2026-09-03-ntpc-full-v1,2,1,eccaea7657a3dd5dbbd971b8e8b3241a91d1ca410328baba884afa75ee229b41,新北市板橋區江翠國民小學附設幼兒園,新北市,板橋區,公立,[220]文化路二段413號,(02)22506374,https://www.ctes.ntpc.edu.tw/p/426-1000-22.php,152,無,111,2022/09/29,基礎評鑑－全數指標通過,檢視
2026-09-03-ntpc-full-v1,3,1,b773367ce9b9403bc555f1f6cea8be2589a39c756ed5a6bf44ff246c28b60371,新北市板橋區大觀國民小學附設幼兒園,新北市,板橋區,公立,[220]大觀路一段30號,(02)29603373#880,http://163.20.6.1/default.asp,210,無,111,2022/10/21,基礎評鑑－全數指標通過,檢視
2026-09-03-ntpc-full-v1,3,1,b773367ce9b9403bc555f1f6cea8be2589a39c756ed5a6bf44ff246c28b60371,新北市板橋區中山國民小學附設幼兒園,新北市,板橋區,公立,[220]大觀路二段59巷31號,(02)22755313#181,http://tw.myblog.yahoo.com/jw!9F6pukqIAx.LUF4yzBHQufo-,180,無,111,2022/10/07,基礎評鑑－部分指標通過,檢視
2026-09-03-ntpc-full-v1,3,2,b773367ce9b9403bc555f1f6cea8be2589a39c756ed5a6bf44ff246c28b60371,新北市板橋區中山國民小學附設幼兒園,新北市,板橋區,公立,[220]大觀路二段59巷31號,(02)22755313#181,http://tw.myblog.yahoo.com/jw!9F6pukqIAx.LUF4yzBHQufo-,180,無,111,2023/11/20,追蹤評鑑－全數指標通過,檢視
2026-09-03-ntpc-full-v1,3,1,b773367ce9b9403bc555f1f6cea8be2589a39c756ed5a6bf44ff246c28b60371,新北市板橋區重慶國民小學附設幼兒園,新北市,板橋區,公立,[220]廣和街31號,(02)29565592#501,http://www.cges.ntpc.edu.tw/,76,無,111,2022/10/21,基礎評鑑－全數指標通過,檢視
2026-09-03-ntpc-full-v1,3,1,b773367ce9b9403bc555f1f6cea8be2589a39c756ed5a6bf44ff246c28b60371,新北市板橋區文德國民小學附設幼兒園,新北市,板橋區,公立,[220]英士路179號,(02)22577193#36,http://teacher.wdps.tpc.edu.tw/child/,120,無,111,2022/09/30,基礎評鑑－全數指標通過,檢視
2026-09-03-ntpc-full-v1,3,1,b773367ce9b9403bc555f1f6cea8be2589a39c756ed5a6bf44ff246c28b60371,新北市板橋區海山國民小學附設幼兒園,新北市,板橋區,公立,[220]漢生東路280號,(02)29545725#545,http://www.hsps.ntpc.edu.tw/kindergarten.htm,90,無,111,2022/10/26,基礎評鑑－部分指標通過,檢視
2026-09-03-ntpc-full-v1,3,2,b773367ce9b9403bc555f1f6cea8be2589a39c756ed5a6bf44ff246c28b60371,新北市板橋區海山國民小學附設幼兒園,新北市,板橋區,公立,[220]漢生東路280號,(02)29545725#545,http://www.hsps.ntpc.edu.tw/kindergarten.htm,90,無,111,2023/11/21,追蹤評鑑－全數指標通過,檢視
2026-09-03-ntpc-full-v1,3,1,b773367ce9b9403bc555f1f6cea8be2589a39c756ed5a6bf44ff246c28b60371,新北市板橋區信義國民小學附設幼兒園,新北市,板橋區,公立,[220]四川路二段245巷60號,(02)89667817#171,https://sites.google.com/thyes.ntpc.edu.tw/xinyikindy,212,無,111,2022/10/18,基礎評鑑－部分指標通過,檢視
2026-09-03-ntpc-full-v1,3,2,b773367ce9b9403bc555f1f6cea8be2589a39c756ed5a6bf44ff246c28b60371,新北市板橋區信義國民小學附設幼兒園,新北市,板橋區,公立,[220]四川路二段245巷60號,(02)89667817#171,https://sites.google.com/thyes.ntpc.edu.tw/xinyikindy,212,無,111,2023/11/23,追蹤評鑑－全數指標通過,檢視
2026-09-03-ntpc-full-v1,3,1,b773367ce9b9403bc555f1f6cea8be2589a39c756ed5a6bf44ff246c28b60371,新北市立重慶國民中學附設幼兒園,新北市,板橋區,公立,[220]國慶路221號,(02)29543001#602,http://tw.class.uschoolnet.com/class/?csid=css000000160567,180,無,111,2022/09/29,基礎評鑑－部分指標通過,檢視
2026-09-03-ntpc-full-v1,3,2,b773367ce9b9403bc555f1f6cea8be2589a39c756ed5a6bf44ff246c28b60371,新北市立重慶國民中學附設幼兒園,新北市,板橋區,公立,[220]國慶路221號,(02)29543001#602,http://tw.class.uschoolnet.com/class/?csid=css000000160567,180,無,111,2023/11/21,追蹤評鑑－全數指標通過,檢視
2026-09-03-ntpc-full-v1,3,1,b773367ce9b9403bc555f1f6cea8be2589a39c756ed5a6bf44ff246c28b60371,新北市立板橋幼兒園,新北市,板橋區,公立,[220]中正路375巷48號,02-29682497,https://29688299.blogspot.com/,126,無,111,2022/10/11,基礎評鑑－全數指標通過,檢視
2026-09-03-ntpc-full-v1,3,1,b773367ce9b9403bc555f1f6cea8be2589a39c756ed5a6bf44ff246c28b60371,新北市立板橋幼兒園新民分班,新北市,板橋區,公立,[220]懷德街235巷2號,(02)22558468,,93,無,111,2022/10/11,基礎評鑑－全數指標通過,檢視
2026-09-03-ntpc-full-v1,3,1,b773367ce9b9403bc555f1f6cea8be2589a39c756ed5a6bf44ff246c28b60371,新北市立板橋幼兒園和平分班,新北市,板橋區,公立,[220]重慶路355號,02-29646945,,93,無,110,2022/05/17,基礎評鑑－全數指標通過,檢視
2026-09-03-ntpc-full-v1,4,1,17ea4a1a47a57f8d65a26656621526b692394b5df7c426a168e447c0e5505a6e,新北市板橋區文聖國民小學附設幼兒園,新北市,板橋區,公立,[220]文聖街86號,(02)22530782#628,http://www.wses.ntpc.edu.tw//,212,無,111,2022/09/30,基礎評鑑－全數指標通過,檢視
2026-09-03-ntpc-full-v1,4,1,17ea4a1a47a57f8d65a26656621526b692394b5df7c426a168e447c0e5505a6e,新北市立溪崑國民中學附設幼兒園,新北市,板橋區,公立,[220]大觀路三段50巷30號,(02)26869727#500,http://www.ckjhs.ntpc.edu.tw/,136,無,111,2022/11/09,基礎評鑑－全數指標通過,檢視
2026-09-03-ntpc-full-v1,4,1,17ea4a1a47a57f8d65a26656621526b692394b5df7c426a168e447c0e5505a6e,新北市板橋區沙崙國民小學附設幼兒園,新北市,板橋區,公立,[220]篤行路二段132號,(02)26812764#851,http://tw.myblog.yahoo.com/sharon_preschool,196,無,111,2022/10/04,基礎評鑑－全數指標通過,檢視
2026-09-03-ntpc-full-v1,4,1,17ea4a1a47a57f8d65a26656621526b692394b5df7c426a168e447c0e5505a6e,新北市板橋區新埔國民小學附設幼兒園,新北市,板橋區,公立,[220]陽明街206號,(02)22571830#682,http://163.20.77.4/kid/,120,無,111,2022/10/07,基礎評鑑－全數指標通過,檢視
2026-09-03-ntpc-full-v1,4,1,17ea4a1a47a57f8d65a26656621526b692394b5df7c426a168e447c0e5505a6e,新北市板橋區國光國民小學附設幼兒園,新北市,板橋區,公立,[220]中正路325巷30號,(02)29680611#518,https://sites.google.com/a/kkes.ntpc.edu.tw/xin-bei-shi-guo-guang-guo-xiao-you-er-yuan,210,無,111,2022/09/29,基礎評鑑－全數指標通過,檢視
2026-09-03-ntpc-full-v1,4,1,17ea4a1a47a57f8d65a26656621526b692394b5df7c426a168e447c0e5505a6e,新北市立新埔國民中學附設幼兒園,新北市,板橋區,公立,[220]新海路181號,(02)22572275#288,https://www.hpjh.ntpc.edu.tw/,240,無,111,2022/10/14,基礎評鑑－全數指標通過,檢視
2026-09-03-ntpc-full-v1,4,1,17ea4a1a47a57f8d65a26656621526b692394b5df7c426a168e447c0e5505a6e,新北市板橋區實踐國民小學附設幼兒園,新北市,板橋區,公立,[220]實踐路93巷51號,(02)29531233#700,https://sites.google.com/view/sjpsece/,256,無,111,2022/09/27,基礎評鑑－全數指標通過,檢視
2026-09-03-ntpc-full-v1,4,1,17ea4a1a47a57f8d65a26656621526b692394b5df7c426a168e447c0e5505a6e,新北市板橋區埔墘國民小學附設幼兒園,新北市,板橋區,公立,[220]永豐街42之8號,(02)29616690#282,https://www.pces.ntpc.edu.tw/,286,無,111,2022/10/20,基礎評鑑－全數指標通過,檢視
2026-09-03-ntpc-full-v1,4,1,17ea4a1a47a57f8d65a26656621526b692394b5df7c426a168e447c0e5505a6e,新北市私立忠孝幼兒園,新北市,板橋區,私立,[220]忠孝路忠義巷19弄9、11號,(02)29621696,,60,無,111,2022/11/11,基礎評鑑－全數指標通過,檢視
2026-09-03-ntpc-full-v1,4,1,17ea4a1a47a57f8d65a26656621526b692394b5df7c426a168e447c0e5505a6e,新北市私立寶貝媽咪幼兒園,新北市,板橋區,私立,[220]莊敬路46號2樓之2,(02)82529955,,60,無,111,2022/09/27,基礎評鑑－全數指標通過,檢視
2026-09-03-ntpc-full-v1,5,1,0b12d418a7c6c1830c7df7214531ce73b49c1bea7e35cd0d9fdb28e34c7817bb,新北市私立愛唯兒幼兒園,新北市,板橋區,私立,[220]大同街50巷18號1、2、3樓,(02)82512888,http://www.lovewill.com.tw,180,無,111,2022/10/26,基礎評鑑－全數指標通過,檢視
2026-09-03-ntpc-full-v1,5,1,0b12d418a7c6c1830c7df7214531ce73b49c1bea7e35cd0d9fdb28e34c7817bb,新北市私立幼祥幼兒園,新北市,板橋區,私立,[220]中正路360巷45、47、49號1樓,(02)29667509,http://youshine.topschool.com.tw,84,無,111,2022/10/06,基礎評鑑－全數指標通過,檢視
2026-09-03-ntpc-full-v1,5,1,0b12d418a7c6c1830c7df7214531ce73b49c1bea7e35cd0d9fdb28e34c7817bb,新北市私立小奈米幼兒園,新北市,板橋區,私立,[220]四川路2段23之1、23之2、25之1、25之2號2、3樓,(02)89664504,,95,無,109,2020/10/30,基礎評鑑－全數指標通過,檢視
2026-09-03-ntpc-full-v1,5,1,0b12d418a7c6c1830c7df7214531ce73b49c1bea7e35cd0d9fdb28e34c7817bb,新北市私立凱思莉幼兒園,新北市,板橋區,私立,[220]文聖街137號1樓、夾層、b1,(02)82521364,,28,無,111,2022/10/19,基礎評鑑－全數指標通過,檢視
2026-09-03-ntpc-full-v1,5,1,0b12d418a7c6c1830c7df7214531ce73b49c1bea7e35cd0d9fdb28e34c7817bb,新北市私立芯宇幼兒園,新北市,板橋區,私立,[220]篤行路三段玉平巷101號1樓,(02)26758864,,40,無,111,2022/10/14,基礎評鑑－部分指標通過,檢視
2026-09-03-ntpc-full-v1,5,2,0b12d418a7c6c1830c7df7214531ce73b49c1bea7e35cd0d9fdb28e34c7817bb,新北市私立芯宇幼兒園,新北市,板橋區,私立,[220]篤行路三段玉平巷101號1樓,(02)26758864,,40,無,111,2023/11/22,追蹤評鑑－全數指標通過,檢視
2026-09-03-ntpc-full-v1,5,1,0b12d418a7c6c1830c7df7214531ce73b49c1bea7e35cd0d9fdb28e34c7817bb,新北市私立光星幼兒園,新北市,板橋區,私立,[220]文化路一段188巷26號,(02)22570779,,60,無,111,2022/10/04,基礎評鑑－全數指標通過,檢視
2026-09-03-ntpc-full-v1,5,1,0b12d418a7c6c1830c7df7214531ce73b49c1bea7e35cd0d9fdb28e34c7817bb,新北市私立育樂幼兒園,新北市,板橋區,私立,[220]民權路260巷1弄14、16號1樓,(02)29653936,,90,無,111,2022/10/28,基礎評鑑－全數指標通過,檢視
2026-09-03-ntpc-full-v1,5,1,0b12d418a7c6c1830c7df7214531ce73b49c1bea7e35cd0d9fdb28e34c7817bb,新北市私立晨暘幼兒園,新北市,板橋區,私立,[220]文化路一段270巷3弄3、5、7、9號1、2樓,(02)22587399,,140,無,111,2022/09/30,基礎評鑑－部分指標通過,檢視
2026-09-03-ntpc-full-v1,5,2,0b12d418a7c6c1830c7df7214531ce73b49c1bea7e35cd0d9fdb28e34c7817bb,新北市私立晨暘幼兒園,新北市,板橋區,私立,[220]文化路一段270巷3弄3、5、7、9號1、2樓,(02)22587399,,140,無,111,2023/11/24,追蹤評鑑－全數指標通過,檢視
2026-09-03-ntpc-full-v1,5,1,0b12d418a7c6c1830c7df7214531ce73b49c1bea7e35cd0d9fdb28e34c7817bb,陽光森林文教股份有限公司臺北縣分公司附設新北市私立陽光小子幼兒園,新北市,板橋區,私立,[220]三民路二段215號1、2樓,(02)29555576,,62,無,111,2022/10/19,基礎評鑑－全數指標通過,檢視
2026-09-03-ntpc-full-v1,5,1,0b12d418a7c6c1830c7df7214531ce73b49c1bea7e35cd0d9fdb28e34c7817bb,新北市私立道安幼兒園,新北市,板橋區,私立,[220]大明街15巷15、17、19號1樓及15巷15號2樓、15巷17之1號2樓、15巷19之1號2樓,(02)29520475,,70,無,111,2022/09/29,基礎評鑑－全數指標通過,檢視
2026-09-03-ntpc-full-v1,6,1,519517aa7470bf1a365d74df712b6a21ce4c8992b53d143e6137608354298591,新北市私立悅嘉幼兒園,新北市,板橋區,私立,[220]雙十路二段149號2樓,(02)82586747,www.yueh-chia.idv.tw,74,無,111,2022/11/04,基礎評鑑－全數指標通過,檢視
2026-09-03-ntpc-full-v1,6,1,519517aa7470bf1a365d74df712b6a21ce4c8992b53d143e6137608354298591,新北市私立立信幼兒園,新北市,板橋區,私立,[220]國泰街75巷49、51、53號1樓,(02)29527172,,57,有,111,2022/10/20,基礎評鑑－全數指標通過,檢視
2026-09-03-ntpc-full-v1,6,1,519517aa7470bf1a365d74df712b6a21ce4c8992b53d143e6137608354298591,新北市私立雙成幼兒園,新北市,板橋區,私立,[220]縣民大道三段133巷22號1樓,(02)22535056,http：//shanchen.pckids.com.tw/,40,無,111,2022/11/03,基礎評鑑－全數指標通過,檢視
2026-09-03-ntpc-full-v1,6,1,519517aa7470bf1a365d74df712b6a21ce4c8992b53d143e6137608354298591,新北市私立忠山幼兒園,新北市,板橋區,私立,[220]中正路275巷62弄1、3、5號1樓,(02)29676813,,57,無,111,2022/10/18,基礎評鑑－全數指標通過,檢視
2026-09-03-ntpc-full-v1,6,1,519517aa7470bf1a365d74df712b6a21ce4c8992b53d143e6137608354298591,新北市私立幼暉幼兒園,新北市,板橋區,私立,[220]民族路289巷2號1樓,(02)29621247,http://yu-hui.topschool.com.tw/,46,無,111,2022/10/12,基礎評鑑－全數指標通過,檢視
2026-09-03-ntpc-full-v1,6,1,519517aa7470bf1a365d74df712b6a21ce4c8992b53d143e6137608354298591,新北市私立遠東幼兒園,新北市,板橋區,私立,[220]成功路33號1樓,(02)29541784,,37,無,111,2022/10/19,基礎評鑑－全數指標通過,檢視
2026-09-03-ntpc-full-v1,6,1,519517aa7470bf1a365d74df712b6a21ce4c8992b53d143e6137608354298591,財團法人台北市中華基督教青年會附設新北市私立板新幼兒園,新北市,板橋區,私立,[220]板新路27號1、2、3樓,(02)29637400,新北市板橋區板新路27號1~3樓,94,無,111,2022/10/28,基礎評鑑－全數指標通過,檢視
2026-09-03-ntpc-full-v1,6,1,519517aa7470bf1a365d74df712b6a21ce4c8992b53d143e6137608354298591,新北市私立蘇格拉底幼兒園,新北市,板橋區,私立,[220]莒光路211號2、3樓,(02)82585511,,100,無,111,2022/10/11,基礎評鑑－全數指標通過,檢視
2026-09-03-ntpc-full-v1,6,1,519517aa7470bf1a365d74df712b6a21ce4c8992b53d143e6137608354298591,新北市私立大業幼兒園,新北市,板橋區,私立,[220]重慶路278巷17號1樓,(02)29555614,,40,無,111,2022/10/18,基礎評鑑－全數指標通過,檢視
2026-09-03-ntpc-full-v1,6,1,519517aa7470bf1a365d74df712b6a21ce4c8992b53d143e6137608354298591,新北市私立鴻園幼兒園,新北市,板橋區,私立,[220]長安街331巷77、79號1、2樓,(02)66375979,,50,無,111,2022/10/25,基礎評鑑－部分指標通過,檢視
2026-09-03-ntpc-full-v1,6,2,519517aa7470bf1a365d74df712b6a21ce4c8992b53d143e6137608354298591,新北市私立鴻園幼兒園,新北市,板橋區,私立,[220]長安街331巷77、79號1、2樓,(02)66375979,,50,無,111,2023/11/21,追蹤評鑑－全數指標通過,檢視
2026-09-03-ntpc-full-v1,7,1,908033a7ff48d89842bb80707121992140133467f8328679a3b1d12db5536268,新北市私立培揚幼兒園,新北市,板橋區,私立,[220]貴興路62、64號1樓,(02)29535289,,38,無,111,2022/11/01,基礎評鑑－全數指標通過,檢視
2026-09-03-ntpc-full-v1,7,1,908033a7ff48d89842bb80707121992140133467f8328679a3b1d12db5536268,新北市私立艾維恩四維幼兒園,新北市,板橋區,私立,[220]四維路257號2樓,(02)82586899,,61,有,111,2022/11/01,基礎評鑑－部分指標通過,檢視
2026-09-03-ntpc-full-v1,7,2,908033a7ff48d89842bb80707121992140133467f8328679a3b1d12db5536268,新北市私立艾維恩四維幼兒園,新北市,板橋區,私立,[220]四維路257號2樓,(02)82586899,,61,有,111,2023/11/24,追蹤評鑑－全數指標通過,檢視
2026-09-03-ntpc-full-v1,7,1,908033a7ff48d89842bb80707121992140133467f8328679a3b1d12db5536268,新北市私立緹家寶幼兒園,新北市,板橋區,私立,[220]新海路416號1、2、3樓,(02)22512872,tjb.kidz.com.tw,68,有,111,2022/11/01,基礎評鑑－部分指標通過,檢視
2026-09-03-ntpc-full-v1,7,2,908033a7ff48d89842bb80707121992140133467f8328679a3b1d12db5536268,新北市私立緹家寶幼兒園,新北市,板橋區,私立,[220]新海路416號1、2、3樓,(02)22512872,tjb.kidz.com.tw,68,有,111,2023/11/20,追蹤評鑑－全數指標通過,檢視
2026-09-03-ntpc-full-v1,7,1,908033a7ff48d89842bb80707121992140133467f8328679a3b1d12db5536268,新北市私立小康幼兒園,新北市,板橋區,私立,[220]長安街138巷7弄36、38號1、2樓,(02)29512112,shirley.blogkids.net,48,無,111,2022/09/27,基礎評鑑－全數指標通過,檢視
2026-09-03-ntpc-full-v1,7,1,908033a7ff48d89842bb80707121992140133467f8328679a3b1d12db5536268,新北市私立和平幼兒園,新北市,板橋區,私立,[220]民權路202巷17弄70號,(02)29671237,,180,無,111,2022/10/28,基礎評鑑－全數指標通過,檢視
2026-09-03-ntpc-full-v1,7,1,908033a7ff48d89842bb80707121992140133467f8328679a3b1d12db5536268,新北市私立致理幼兒園,新北市,板橋區,私立,[220]介壽街80號,(02)22573270#28,,56,無,111,2022/10/05,基礎評鑑－全數指標通過,檢視
2026-09-03-ntpc-full-v1,7,1,908033a7ff48d89842bb80707121992140133467f8328679a3b1d12db5536268,財團法人新北市大觀書社附設新北市私立大觀幼兒園,新北市,板橋區,私立,[220]西門街5號,(02)29685028,,360,無,111,2022/10/13,基礎評鑑－全數指標通過,檢視
2026-09-03-ntpc-full-v1,7,1,908033a7ff48d89842bb80707121992140133467f8328679a3b1d12db5536268,新北市私立雨農幼兒園,新北市,板橋區,私立,[220]雨農路27巷2號2樓,(02)22519395,,168,無,111,2022/09/28,基礎評鑑－全數指標通過,檢視
2026-09-03-ntpc-full-v1,7,1,908033a7ff48d89842bb80707121992140133467f8328679a3b1d12db5536268,新北市私立童心幼兒園,新北市,板橋區,私立,[220]文化路一段188巷30號1樓,(02)22590779,,41,有,111,2022/10/04,基礎評鑑－全數指標通過,檢視
2026-09-03-ntpc-full-v1,7,1,908033a7ff48d89842bb80707121992140133467f8328679a3b1d12db5536268,新北市私立漢林堡幼兒園,新北市,板橋區,私立,[220]光正街12-1號,(02)29683688,hlb.pckids.com.tw,34,無,111,2022/10/20,基礎評鑑－全數指標通過,檢視
2026-09-03-ntpc-full-v1,8,1,81aaf0d131444a78a8b9eb072046fd58da3ac43bc364d07fa253d2f4b06046d3,新北市私立童苑幼兒園,新北市,板橋區,私立,[220]南雅南路二段144巷57號1、2樓,(02)89666002,ton-yuan.topschool.tw/,38,無,111,2022/10/06,基礎評鑑－全數指標通過,檢視
2026-09-03-ntpc-full-v1,8,1,81aaf0d131444a78a8b9eb072046fd58da3ac43bc364d07fa253d2f4b06046d3,新北市私立嘉穎幼兒園,新北市,板橋區,私立,[220]文化路二段92號1樓、92號2樓、92之1號1樓,(02)22590745,,190,無,111,2022/09/30,基礎評鑑－部分指標通過,檢視
2026-09-03-ntpc-full-v1,8,2,81aaf0d131444a78a8b9eb072046fd58da3ac43bc364d07fa253d2f4b06046d3,新北市私立嘉穎幼兒園,新北市,板橋區,私立,[220]文化路二段92號1樓、92號2樓、92之1號1樓,(02)22590745,,190,無,111,2023/11/20,追蹤評鑑－全數指標通過,檢視
2026-09-03-ntpc-full-v1,8,1,81aaf0d131444a78a8b9eb072046fd58da3ac43bc364d07fa253d2f4b06046d3,新北市私立艾法薇爾幼兒園,新北市,板橋區,私立,[220]雙十路二段85號1樓及87號1樓、87號2樓,(02)82511545,,218,無,111,2022/10/27,基礎評鑑－全數指標通過,檢視
2026-09-03-ntpc-full-v1,8,1,81aaf0d131444a78a8b9eb072046fd58da3ac43bc364d07fa253d2f4b06046d3,新北市私立嘉盛幼兒園,新北市,板橋區,私立,[220]實踐路76號2樓、3樓,(02)89533958,,84,無,111,2022/10/20,基礎評鑑－全數指標通過,檢視
2026-09-03-ntpc-full-v1,8,1,81aaf0d131444a78a8b9eb072046fd58da3ac43bc364d07fa253d2f4b06046d3,新北市私立田園幼兒園,新北市,板橋區,私立,[220]信義路279巷19-2號、19-3號,(02)29542929,,60,無,111,2022/10/12,基礎評鑑－全數指標通過,檢視
2026-09-03-ntpc-full-v1,8,1,81aaf0d131444a78a8b9eb072046fd58da3ac43bc364d07fa253d2f4b06046d3,新北市私立喬幼光明幼兒園,新北市,板橋區,私立,[220]光明街68號1樓、68之1號2樓,(02)29637600,,93,無,111,2022/10/26,基礎評鑑－全數指標通過,檢視
2026-09-03-ntpc-full-v1,8,1,81aaf0d131444a78a8b9eb072046fd58da3ac43bc364d07fa253d2f4b06046d3,新北市私立喬幼幼兒園,新北市,板橋區,私立,[220]光明街72號、72之1號、74號、74之1號,(02)29637600,,80,無,111,2022/10/26,基礎評鑑－全數指標通過,檢視
2026-09-03-ntpc-full-v1,8,1,81aaf0d131444a78a8b9eb072046fd58da3ac43bc364d07fa253d2f4b06046d3,新北市私立寶貝媽咪資優幼兒園,新北市,板橋區,私立,[220]莊敬路46號2樓之3,(02)82529955#31,,74,無,111,2022/09/27,基礎評鑑－全數指標通過,檢視
2026-09-03-ntpc-full-v1,8,1,81aaf0d131444a78a8b9eb072046fd58da3ac43bc364d07fa253d2f4b06046d3,新北市私立康園幼兒園,新北市,板橋區,私立,[220]文聖街89巷17號2樓、19號3樓,(02)82586586,,58,無,111,2022/10/19,基礎評鑑－全數指標通過,檢視
2026-09-03-ntpc-full-v1,8,1,81aaf0d131444a78a8b9eb072046fd58da3ac43bc364d07fa253d2f4b06046d3,新北市私立幸福幼兒園,新北市,板橋區,私立,[220]幸福路32巷2弄2號1樓、4號1樓,(02)22566301,,65,無,111,2022/10/20,基礎評鑑－全數指標通過,檢視
2026-09-03-ntpc-full-v1,9,1,08a09746896408be8563a83af494605a8e42f5d172a21457c9b9972f3e09db99,新北市私立恬馨幼兒園,新北市,板橋區,私立,[220]篤行路二段67巷5號1樓、77巷3號1樓及2樓,(02)26828878,http://tyanshin.topschool.com.tw/,120,有,111,2022/11/09,基礎評鑑－全數指標通過,檢視
2026-09-03-ntpc-full-v1,9,1,08a09746896408be8563a83af494605a8e42f5d172a21457c9b9972f3e09db99,新北市私立悅淨幼兒園,新北市,板橋區,私立,[220]東門街30之2號1樓之66、67、68、69,(02)89681060,,32,無,111,2022/11/03,基礎評鑑－全數指標通過,檢視
2026-09-03-ntpc-full-v1,9,1,08a09746896408be8563a83af494605a8e42f5d172a21457c9b9972f3e09db99,新北市私立智翔幼兒園,新北市,板橋區,私立,[220]陽明街134號及136號1樓、2樓,(02)22596441,,50,無,111,2022/09/28,基礎評鑑－全數指標通過,檢視
2026-09-03-ntpc-full-v1,9,1,08a09746896408be8563a83af494605a8e42f5d172a21457c9b9972f3e09db99,新北市私立大恩幼兒園,新北市,板橋區,私立,[220]介壽街23號及25號1樓,(02)22585685,,42,無,111,2022/10/05,基礎評鑑－全數指標通過,檢視
2026-09-03-ntpc-full-v1,9,1,08a09746896408be8563a83af494605a8e42f5d172a21457c9b9972f3e09db99,新北市私立大同幼兒園,新北市,板橋區,私立,[220]自由路26巷24號及26號1樓,(02)22556104,,66,無,111,2022/10/07,基礎評鑑－全數指標通過,檢視
2026-09-03-ntpc-full-v1,9,1,08a09746896408be8563a83af494605a8e42f5d172a21457c9b9972f3e09db99,新北市私立吉智幼兒園,新北市,板橋區,私立,[220]存德街20號1樓、2樓、3樓、存德街20之1號1樓及2樓,(02)26822201,,158,無,111,2022/10/14,基礎評鑑－全數指標通過,檢視
2026-09-03-ntpc-full-v1,9,1,08a09746896408be8563a83af494605a8e42f5d172a21457c9b9972f3e09db99,新北市私立優兒幼兒園,新北市,板橋區,私立,[220]成都街103號1樓,(02)29627559,,29,無,111,2022/09/27,基礎評鑑－全數指標通過,檢視
2026-09-03-ntpc-full-v1,9,1,08a09746896408be8563a83af494605a8e42f5d172a21457c9b9972f3e09db99,新北市私立喬一幼兒園,新北市,板橋區,私立,[220]三民路一段120號2樓、122號2樓及126號2樓,(02)89513738,,100,無,111,2022/10/20,基礎評鑑－全數指標通過,檢視
2026-09-03-ntpc-full-v1,9,1,08a09746896408be8563a83af494605a8e42f5d172a21457c9b9972f3e09db99,新北市私立科見板橋幼兒園,新北市,板橋區,私立,[220]中山路一段69號2樓及3樓,(02)89517548,,138,無,111,2022/10/11,基礎評鑑－部分指標通過,檢視
2026-09-03-ntpc-full-v1,9,2,08a09746896408be8563a83af494605a8e42f5d172a21457c9b9972f3e09db99,新北市私立科見板橋幼兒園,新北市,板橋區,私立,[220]中山路一段69號2樓及3樓,(02)89517548,,138,無,111,2023/11/21,追蹤評鑑－全數指標通過,檢視
2026-09-03-ntpc-full-v1,9,1,08a09746896408be8563a83af494605a8e42f5d172a21457c9b9972f3e09db99,新北市私立卡爾斯登幼兒園,新北市,板橋區,私立,[220]莊敬路42號1樓、2樓及3樓,(02)82532319,,60,無,111,2022/11/08,基礎評鑑－全數指標通過,檢視
2026-09-03-ntpc-full-v1,10,1,067e657b9c90df47c225b2faea9620173801f8112f28ecd5f64c0e4c2ab449b7,新北市私立永錡板橋幼兒園,新北市,板橋區,私立,[220]金門街358巷14號1樓、358巷16號1樓及2樓、372巷32號1樓及2樓、372巷34號1樓及2樓,(02)26758622,,135,無,111,2022/10/11,基礎評鑑－全數指標通過,檢視
2026-09-03-ntpc-full-v1,10,1,067e657b9c90df47c225b2faea9620173801f8112f28ecd5f64c0e4c2ab449b7,新北市私立文堡幼兒園,新北市,板橋區,私立,[220]永豐街122號1樓、120巷1號1樓、120巷3號1樓及120巷5號1樓、2樓、3樓,(02)29632550,http://cok.urb.com.tw,170,無,111,2022/10/20,基礎評鑑－全數指標通過,檢視
2026-09-03-ntpc-full-v1,10,1,067e657b9c90df47c225b2faea9620173801f8112f28ecd5f64c0e4c2ab449b7,新北市私立優貝兒幼兒園,新北市,板橋區,私立,[220]三民路二段正隆巷61號、63號及65號1樓,(02)66377989,http://www.urbaby.com.tw/,50,無,111,2022/10/25,基礎評鑑－部分指標通過,檢視
2026-09-03-ntpc-full-v1,10,2,067e657b9c90df47c225b2faea9620173801f8112f28ecd5f64c0e4c2ab449b7,新北市私立優貝兒幼兒園,新北市,板橋區,私立,[220]三民路二段正隆巷61號、63號及65號1樓,(02)66377989,http://www.urbaby.com.tw/,50,無,111,2023/11/21,追蹤評鑑－全數指標通過,檢視
2026-09-03-ntpc-full-v1,10,1,067e657b9c90df47c225b2faea9620173801f8112f28ecd5f64c0e4c2ab449b7,新北市私立育群幼兒園,新北市,板橋區,私立,[220]金華街10巷102號及10巷104號1樓,(02)29683289,yu-chin.blogkids.net,66,無,111,2022/09/30,基礎評鑑－全數指標通過,檢視
2026-09-03-ntpc-full-v1,10,1,067e657b9c90df47c225b2faea9620173801f8112f28ecd5f64c0e4c2ab449b7,新北市私立心世紀幼兒園,新北市,板橋區,私立,[220]雙十路二段213號3樓,(02)82512771,http://www.yourwants.com.tw,59,無,111,2022/10/27,基礎評鑑－全數指標通過,檢視
2026-09-03-ntpc-full-v1,10,1,067e657b9c90df47c225b2faea9620173801f8112f28ecd5f64c0e4c2ab449b7,新北市私立慧晟幼兒園,新北市,板橋區,私立,[220]永豐街123號1樓、123之1號2樓及123之2號3樓,(02)29513571,,45,無,111,2022/10/20,基礎評鑑－全數指標通過,檢視
2026-09-03-ntpc-full-v1,10,1,067e657b9c90df47c225b2faea9620173801f8112f28ecd5f64c0e4c2ab449b7,新北市私立聖路易幼兒園,新北市,板橋區,私立,[220]南雅南路二段156號1樓、144巷5號1樓、144巷7號1樓、144巷3號2樓之3、144巷3號2樓之4,(02)89666917,http://stlouis.topschool.com.tw/,94,無,111,2022/10/27,基礎評鑑－全數指標通過,檢視
2026-09-03-ntpc-full-v1,10,1,067e657b9c90df47c225b2faea9620173801f8112f28ecd5f64c0e4c2ab449b7,新北市私立愛森堡幼兒園,新北市,板橋區,私立,[220]永豐街59號1樓、2樓及3樓,(02)29638510,,75,無,111,2022/10/19,基礎評鑑－全數指標通過,檢視
2026-09-03-ntpc-full-v1,10,1,067e657b9c90df47c225b2faea9620173801f8112f28ecd5f64c0e4c2ab449b7,新北市私立喬治亞幼兒園,新北市,板橋區,私立,[220]莒光路135之1號1樓、135號1樓、137號1樓、139號1樓、135號2樓及137號2樓,(02)22599752,,90,無,111,2022/11/08,基礎評鑑－全數指標通過,檢視
2026-09-03-ntpc-full-v1,10,1,067e657b9c90df47c225b2faea9620173801f8112f28ecd5f64c0e4c2ab449b7,新北市私立菲蒙思幼兒園,新北市,板橋區,私立,[220]國慶路126巷1號及3號1樓,(02)29564720,,32,無,111,2022/09/29,基礎評鑑－全數指標通過,檢視
2026-09-03-ntpc-full-v1,11,1,51524d874b658f68ab656bb1d373ee63d227c7bada1230cbb9a910bdb45cb7c9,新北市私立班尼迪克幼兒園,新北市,板橋區,私立,[220]重慶路245巷15號1樓、2樓及3樓,(02)89520738,http://www.beneschool.com.tw,60,無,111,2022/11/01,基礎評鑑－全數指標通過,檢視
2026-09-03-ntpc-full-v1,11,1,51524d874b658f68ab656bb1d373ee63d227c7bada1230cbb9a910bdb45cb7c9,新北市私立全能愛彌兒板橋幼兒園,新北市,板橋區,私立,[220]中山路二段89巷6弄9號1樓及2樓、永豐街43號3樓,(02)29541585,,56,無,111,2022/10/11,基礎評鑑－部分指標通過,檢視
2026-09-03-ntpc-full-v1,11,2,51524d874b658f68ab656bb1d373ee63d227c7bada1230cbb9a910bdb45cb7c9,新北市私立全能愛彌兒板橋幼兒園,新北市,板橋區,私立,[220]中山路二段89巷6弄9號1樓及2樓、永豐街43號3樓,(02)29541585,,56,無,111,2023/11/20,追蹤評鑑－全數指標通過,檢視
2026-09-03-ntpc-full-v1,11,1,51524d874b658f68ab656bb1d373ee63d227c7bada1230cbb9a910bdb45cb7c9,新北市私立全能愛彌兒板橋幼兒園永豐分班,新北市,板橋區,私立,[220]永豐街43號1樓及2樓、43之1號1樓、41號1樓,(02)29541585,,45,無,111,2022/10/11,基礎評鑑－全數指標通過,檢視
2026-09-03-ntpc-full-v1,11,1,51524d874b658f68ab656bb1d373ee63d227c7bada1230cbb9a910bdb45cb7c9,新北市私立偉仁幼兒園,新北市,板橋區,私立,[220]江寧路三段85巷10號、12號及14號1樓,(02)22520645,,70,無,111,2022/11/10,基礎評鑑－全數指標通過,檢視
2026-09-03-ntpc-full-v1,11,1,51524d874b658f68ab656bb1d373ee63d227c7bada1230cbb9a910bdb45cb7c9,新北市私立愷僑幼兒園,新北市,板橋區,私立,[220]重慶路207號1樓及2樓,(02)29614011,,39,有,111,2022/11/01,基礎評鑑－全數指標通過,檢視
2026-09-03-ntpc-full-v1,11,1,51524d874b658f68ab656bb1d373ee63d227c7bada1230cbb9a910bdb45cb7c9,新北市私立喬心幼兒園,新北市,板橋區,私立,[220]龍泉街55巷38弄2號2樓及3樓、55巷36號1樓及2樓,(02)22557988,,98,無,111,2022/10/06,基礎評鑑－全數指標通過,檢視
2026-09-03-ntpc-full-v1,11,1,51524d874b658f68ab656bb1d373ee63d227c7bada1230cbb9a910bdb45cb7c9,新北市私立興名陽幼兒園,新北市,板橋區,私立,[220]僑中二街102巷37號1樓及2樓,(02)29606016,,66,無,111,2022/10/21,基礎評鑑－全數指標通過,檢視
2026-09-03-ntpc-full-v1,11,1,51524d874b658f68ab656bb1d373ee63d227c7bada1230cbb9a910bdb45cb7c9,新北市私立莒光幼兒園,新北市,板橋區,私立,[220]松江街60巷9號及11號1樓,(02)22522821,,53,無,111,2022/09/30,基礎評鑑－全數指標通過,檢視
2026-09-03-ntpc-full-v1,11,1,51524d874b658f68ab656bb1d373ee63d227c7bada1230cbb9a910bdb45cb7c9,新北市私立藍天幼兒園,新北市,板橋區,私立,[220]金門街369巷57弄19、21、23、25號1樓,(02)26855172,,77,無,111,2022/10/14,基礎評鑑－全數指標通過,檢視
2026-09-03-ntpc-full-v1,11,1,51524d874b658f68ab656bb1d373ee63d227c7bada1230cbb9a910bdb45cb7c9,新北市私立雅森幼兒園,新北市,板橋區,私立,[220]英士路39號2樓,(02)22589338,,80,無,111,2022/11/09,基礎評鑑－全數指標通過,檢視
2026-09-03-ntpc-full-v1,12,1,2804769670434349ba9b811daa046c3611bb36bba5cb760da915f2457100f306,新北市私立欣勵德幼兒園,新北市,板橋區,私立,[220]篤行路二段161巷18號1樓,(02)26878741,,28,無,111,2022/10/11,基礎評鑑－部分指標通過,檢視
2026-09-03-ntpc-full-v1,12,2,2804769670434349ba9b811daa046c3611bb36bba5cb760da915f2457100f306,新北市私立欣勵德幼兒園,新北市,板橋區,私立,[220]篤行路二段161巷18號1樓,(02)26878741,,28,無,111,2023/11/23,追蹤評鑑－全數指標通過,檢視
2026-09-03-ntpc-full-v1,12,1,2804769670434349ba9b811daa046c3611bb36bba5cb760da915f2457100f306,新北市私立悅欣幼兒園,新北市,板橋區,私立,[220]東門街30之2號1樓之60、61、62、63,(02)29602160,,42,無,111,2022/11/03,基礎評鑑－全數指標通過,檢視
2026-09-03-ntpc-full-v1,12,1,2804769670434349ba9b811daa046c3611bb36bba5cb760da915f2457100f306,新北市私立漢東幼兒園,新北市,板橋區,私立,[220]漢生東路175號1樓及2樓,(02)89521219,,130,無,111,2022/10/12,基礎評鑑－全數指標通過,檢視
2026-09-03-ntpc-full-v1,12,1,2804769670434349ba9b811daa046c3611bb36bba5cb760da915f2457100f306,新北市私立山姆叔叔板橋幼兒園,新北市,板橋區,私立,[220]文化路二段348號1樓、2樓及3樓,(02)82513898,http://i-web61.vipcase.net/html/front/bin/home.phtml,40,無,111,2022/11/10,基礎評鑑－全數指標通過,檢視
2026-09-03-ntpc-full-v1,12,1,2804769670434349ba9b811daa046c3611bb36bba5cb760da915f2457100f306,新北市私立育太幼兒園,新北市,板橋區,私立,[220]重慶路223巷7號1樓、2樓及3樓,(02)89538511,yutaikindergarten.weebly.com,178,無,111,2022/11/01,基礎評鑑－全數指標通過,檢視
2026-09-03-ntpc-full-v1,12,1,2804769670434349ba9b811daa046c3611bb36bba5cb760da915f2457100f306,新北市私立彬彬幼兒園,新北市,板橋區,私立,[220]館前西路160巷2號1樓及2樓,(02)29684216,http://tw.myblog.yahoo.com/binbin_k2008,150,無,111,2022/10/13,基礎評鑑－全數指標通過,檢視
2026-09-03-ntpc-full-v1,12,1,2804769670434349ba9b811daa046c3611bb36bba5cb760da915f2457100f306,新北市私立板橋天翔幼兒園,新北市,板橋區,私立,[220]南雅西路二段253之1號1樓及2樓,(02)29664630,http://tianshiang2.urb.com.tw/,60,無,111,2022/11/02,基礎評鑑－全數指標通過,檢視
2026-09-03-ntpc-full-v1,12,1,2804769670434349ba9b811daa046c3611bb36bba5cb760da915f2457100f306,新北市私立古典幼兒園,新北市,板橋區,私立,[220]雙十路三段12號2樓,(02)82570020,,43,無,111,2022/09/29,基礎評鑑－部分指標通過,檢視
2026-09-03-ntpc-full-v1,12,2,2804769670434349ba9b811daa046c3611bb36bba5cb760da915f2457100f306,新北市私立古典幼兒園,新北市,板橋區,私立,[220]雙十路三段12號2樓,(02)82570020,,43,無,111,2023/11/23,追蹤評鑑－全數指標通過,檢視
2026-09-03-ntpc-full-v1,12,1,2804769670434349ba9b811daa046c3611bb36bba5cb760da915f2457100f306,新北市私立江翠幼兒園,新北市,板橋區,私立,[220]宏國路78號及80號1樓,(02)22565100,htt://yoyokids.ebc.net.tw/kidsMaster.htm?kd=ETY092,100,無,111,2022/11/10,基礎評鑑－全數指標通過,檢視
2026-09-03-ntpc-full-v1,12,1,2804769670434349ba9b811daa046c3611bb36bba5cb760da915f2457100f306,新北市私立圓心坊幼兒園,新北市,板橋區,私立,[220]大同街57號1樓,(02)82523737,http://blog.sina.com.tw/mickey82523737/,30,無,111,2022/10/04,基礎評鑑－全數指標通過,檢視
2026-09-03-ntpc-full-v1,13,1,91779a41ca80433724481752c430ff777886a4c9200df257c39a5b39a26f975c,新北市私立若仁幼兒園,新北市,板橋區,私立,[220]莊敬路46號3樓,(02)22576817,http://ruoren.topschool.com.tw,270,無,111,2022/11/09,基礎評鑑－全數指標通過,檢視
2026-09-03-ntpc-full-v1,13,1,91779a41ca80433724481752c430ff777886a4c9200df257c39a5b39a26f975c,新北市私立正隆幼兒園,新北市,板橋區,私立,[220]三民路二段204之17號及204之18號1樓,(02)29594837,,50,無,111,2022/09/27,基礎評鑑－全數指標通過,檢視
2026-09-03-ntpc-full-v1,13,1,91779a41ca80433724481752c430ff777886a4c9200df257c39a5b39a26f975c,新北市私立天愛幼兒園,新北市,板橋區,私立,[220]光明街120號1樓及2樓,(02)29598517,http://tianai.woby.tw,77,無,111,2022/10/04,基礎評鑑－部分指標通過,檢視
2026-09-03-ntpc-full-v1,13,2,91779a41ca80433724481752c430ff777886a4c9200df257c39a5b39a26f975c,新北市私立天愛幼兒園,新北市,板橋區,私立,[220]光明街120號1樓及2樓,(02)29598517,http://tianai.woby.tw,77,無,111,2023/11/20,追蹤評鑑－全數指標通過,檢視
2026-09-03-ntpc-full-v1,13,1,91779a41ca80433724481752c430ff777886a4c9200df257c39a5b39a26f975c,新北市私立立聖幼兒園,新北市,板橋區,私立,[220]中正路230號1、2、3樓,(02)89698680,listen.kin@gmaiI.com,120,無,111,2022/10/18,基礎評鑑－全數指標通過,檢視
2026-09-03-ntpc-full-v1,13,1,91779a41ca80433724481752c430ff777886a4c9200df257c39a5b39a26f975c,新北市私立大自然幼兒園,新北市,板橋區,私立,[220]忠孝路48巷2弄8號1樓,(02)29530831,,49,有,111,2022/10/18,基礎評鑑－部分指標通過,檢視
2026-09-03-ntpc-full-v1,13,2,91779a41ca80433724481752c430ff777886a4c9200df257c39a5b39a26f975c,新北市私立大自然幼兒園,新北市,板橋區,私立,[220]忠孝路48巷2弄8號1樓,(02)29530831,,49,有,111,2023/11/21,追蹤評鑑－全數指標通過,檢視
2026-09-03-ntpc-full-v1,13,1,91779a41ca80433724481752c430ff777886a4c9200df257c39a5b39a26f975c,新北市私立板橋大華幼兒園,新北市,板橋區,私立,[220]三民路一段1巷24號、26號及32號,(02)29589140,www.early.com.tw,60,無,111,2022/10/04,基礎評鑑－全數指標通過,檢視
2026-09-03-ntpc-full-v1,13,1,91779a41ca80433724481752c430ff777886a4c9200df257c39a5b39a26f975c,新北市私立國儷幼兒園,新北市,板橋區,私立,[220]三民路二段245巷62號1樓、2樓及3樓,(02)29540804,http://kuoli.topschool.com.tw,220,有,111,2022/10/19,基礎評鑑－全數指標通過,檢視
2026-09-03-ntpc-full-v1,13,1,91779a41ca80433724481752c430ff777886a4c9200df257c39a5b39a26f975c,新北市私立靜立幼兒園,新北市,板橋區,私立,[220]四維路289巷38號、40號及42號,(02)22568628,,41,無,111,2022/10/25,基礎評鑑－部分指標通過,檢視
2026-09-03-ntpc-full-v1,13,2,91779a41ca80433724481752c430ff777886a4c9200df257c39a5b39a26f975c,新北市私立靜立幼兒園,新北市,板橋區,私立,[220]四維路289巷38號、40號及42號,(02)22568628,,41,無,111,2023/11/21,追蹤評鑑－全數指標通過,檢視
2026-09-03-ntpc-full-v1,13,1,91779a41ca80433724481752c430ff777886a4c9200df257c39a5b39a26f975c,新北市私立天藍幼兒園,新北市,板橋區,私立,[220]僑中一街124巷3弄16號1樓,(02)29692577,,60,無,111,2022/10/28,基礎評鑑－全數指標通過,檢視
2026-09-03-ntpc-full-v1,13,1,91779a41ca80433724481752c430ff777886a4c9200df257c39a5b39a26f975c,新北市私立大安幼兒園,新北市,板橋區,私立,[220]大觀路二段59巷29號1樓,(02)22752451,http://apple36.com.tw/Daan,90,無,111,2022/10/18,基礎評鑑－全數指標通過,檢視
2026-09-03-ntpc-full-v1,14,1,efc8ca7aaa947ebea4928b390a19c9b2d1916d4b88145d918af171b1423ebaf6,新北市私立諾亞幼兒園,新北市,板橋區,私立,[220]中正路162號2樓及建國街1號1樓、夾層及2樓,(02)29672384,noah29672384@yahoo.com.tw,81,無,111,2022/10/26,基礎評鑑－全數指標通過,檢視
2026-09-03-ntpc-full-v1,14,1,efc8ca7aaa947ebea4928b390a19c9b2d1916d4b88145d918af171b1423ebaf6,新北市私立精緻之家幼兒園,新北市,板橋區,私立,[220]重慶路91巷12號及14號1樓、2樓,(02)29598787,http://www.cycschool.com.tw,34,無,111,2022/10/04,基礎評鑑－部分指標通過,檢視
2026-09-03-ntpc-full-v1,14,2,efc8ca7aaa947ebea4928b390a19c9b2d1916d4b88145d918af171b1423ebaf6,新北市私立精緻之家幼兒園,新北市,板橋區,私立,[220]重慶路91巷12號及14號1樓、2樓,(02)29598787,http://www.cycschool.com.tw,34,無,111,2023/11/21,追蹤評鑑－全數指標通過,檢視
2026-09-03-ntpc-full-v1,14,1,efc8ca7aaa947ebea4928b390a19c9b2d1916d4b88145d918af171b1423ebaf6,新北市私立亞特幼兒園,新北市,板橋區,私立,[220]國光路53號1樓,(02)29687719,,29,無,111,2022/11/08,基礎評鑑－全數指標通過,檢視
2026-09-03-ntpc-full-v1,14,1,efc8ca7aaa947ebea4928b390a19c9b2d1916d4b88145d918af171b1423ebaf6,新北市私立卡爾威特幼兒園,新北市,板橋區,私立,[220]板新路101號2樓,(02)89518905,http://tw.myblog.yahoo.com/gymbaby-blog,130,無,111,2022/11/11,基礎評鑑－全數指標通過,檢視
2026-09-03-ntpc-full-v1,14,1,efc8ca7aaa947ebea4928b390a19c9b2d1916d4b88145d918af171b1423ebaf6,新北市私立心耶魯幼兒園,新北市,板橋區,私立,[220]文聖街149巷6號1樓,(02)22520462,,38,無,111,2022/09/30,基礎評鑑－全數指標通過,檢視
2026-09-03-ntpc-full-v1,14,1,efc8ca7aaa947ebea4928b390a19c9b2d1916d4b88145d918af171b1423ebaf6,新北市私立葳肯幼兒園,新北市,板橋區,私立,[220]中正路213號2樓,(02)22728080,,37,無,111,2022/11/08,基礎評鑑－全數指標通過,檢視
2026-09-03-ntpc-full-v1,14,1,efc8ca7aaa947ebea4928b390a19c9b2d1916d4b88145d918af171b1423ebaf6,新北市私立溫馨幼兒園,新北市,板橋區,私立,[220]裕民街128巷3號1樓及夾層、5號1樓及夾層,(02)22574311,,60,無,111,2022/10/14,基礎評鑑－全數指標通過,檢視
2026-09-03-ntpc-full-v1,14,1,efc8ca7aaa947ebea4928b390a19c9b2d1916d4b88145d918af171b1423ebaf6,新北市私立板橋育安幼兒園,新北市,板橋區,私立,[220]文化路二段548巷29號1樓及2樓,(02)22553493,,54,無,111,2022/11/01,基礎評鑑－全數指標通過,檢視
2026-09-03-ntpc-full-v1,14,1,efc8ca7aaa947ebea4928b390a19c9b2d1916d4b88145d918af171b1423ebaf6,新北市私立巧可麗巧宇幼兒園,新北市,板橋區,私立,[220]文聖街73號2樓,(02)22545050,,180,無,111,2022/10/27,基礎評鑑－全數指標通過,檢視
2026-09-03-ntpc-full-v1,14,1,efc8ca7aaa947ebea4928b390a19c9b2d1916d4b88145d918af171b1423ebaf6,新北市私立新雙成幼兒園,新北市,板橋區,私立,[220]萬板路190號1樓及1樓之1,(02)22575107,,50,無,111,2022/11/03,基礎評鑑－全數指標通過,檢視
2026-09-03-ntpc-full-v1,15,1,fc7a7e5baff0e47f533112b37934986ec7bbb431c7937189aed04356d712231a,新北市私立鹿兒堡幼兒園,新北市,板橋區,私立,[220]重慶路269巷18號1樓,(02)29648439,,35,無,111,2022/11/11,基礎評鑑－全數指標通過,檢視
2026-09-03-ntpc-full-v1,15,1,fc7a7e5baff0e47f533112b37934986ec7bbb431c7937189aed04356d712231a,新北市私立菩提幼兒園,新北市,板橋區,私立,[220]金門街251號1樓及2樓,(02)26842525,,49,無,111,2022/10/04,基礎評鑑－全數指標通過,檢視
2026-09-03-ntpc-full-v1,15,1,fc7a7e5baff0e47f533112b37934986ec7bbb431c7937189aed04356d712231a,新北市私立發現小熊森林幼兒園,新北市,板橋區,私立,[220]文化路二段182巷1弄12號3樓之1,(02)22548040,,29,無,111,2022/11/09,基礎評鑑－部分指標通過,檢視
2026-09-03-ntpc-full-v1,15,2,fc7a7e5baff0e47f533112b37934986ec7bbb431c7937189aed04356d712231a,新北市私立發現小熊森林幼兒園,新北市,板橋區,私立,[220]文化路二段182巷1弄12號3樓之1,(02)22548040,,29,無,111,2023/11/20,追蹤評鑑－全數指標通過,檢視
2026-09-03-ntpc-full-v1,15,1,fc7a7e5baff0e47f533112b37934986ec7bbb431c7937189aed04356d712231a,新北市私立茁壯園板橋幼兒園,新北市,板橋區,私立,[220]民族路87號2樓,(02)29515202,,50,無,110,2021/10/20,基礎評鑑－全數指標通過,檢視
2026-09-03-ntpc-full-v1,15,1,fc7a7e5baff0e47f533112b37934986ec7bbb431c7937189aed04356d712231a,新北市私立皇家貴族幼兒園,新北市,板橋區,私立,[220]金門街215巷10號、14號,(02)86871357,,52,無,111,2022/10/06,基礎評鑑－部分指標通過,檢視
2026-09-03-ntpc-full-v1,15,2,fc7a7e5baff0e47f533112b37934986ec7bbb431c7937189aed04356d712231a,新北市私立皇家貴族幼兒園,新北市,板橋區,私立,[220]金門街215巷10號、14號,(02)86871357,,52,無,111,2023/11/22,追蹤評鑑－全數指標通過,檢視
2026-09-03-ntpc-full-v1,15,1,fc7a7e5baff0e47f533112b37934986ec7bbb431c7937189aed04356d712231a,新北市私立漂亮寶貝幼兒園,新北市,板橋區,私立,[220]金門街215巷21號、25號及29號,(02)26876767,,77,無,111,2022/10/06,基礎評鑑－部分指標通過,檢視
2026-09-03-ntpc-full-v1,15,2,fc7a7e5baff0e47f533112b37934986ec7bbb431c7937189aed04356d712231a,新北市私立漂亮寶貝幼兒園,新北市,板橋區,私立,[220]金門街215巷21號、25號及29號,(02)26876767,,77,無,111,2023/11/22,追蹤評鑑－全數指標通過,檢視
2026-09-03-ntpc-full-v1,15,1,fc7a7e5baff0e47f533112b37934986ec7bbb431c7937189aed04356d712231a,新北市私立幼菁幼兒園,新北市,板橋區,私立,[220]莒光路196巷28號及180巷40號,(02)22538670,,70,無,111,2022/10/11,基礎評鑑－全數指標通過,檢視
2026-09-03-ntpc-full-v1,15,1,fc7a7e5baff0e47f533112b37934986ec7bbb431c7937189aed04356d712231a,新北市私立台大幼兒園,新北市,板橋區,私立,[220]僑中一街80巷7弄1號1樓、1之1號2樓,(02)29691212,K200021@kidmail.tpc.edu.tw,60,無,111,2022/11/02,基礎評鑑－全數指標通過,檢視
2026-09-03-ntpc-full-v1,15,1,fc7a7e5baff0e47f533112b37934986ec7bbb431c7937189aed04356d712231a,新北市私立幼華幼兒園,新北市,板橋區,私立,[220]大仁街68號,(02)22720200,http://sunflower.blogkids.net/,39,無,111,2022/09/29,基礎評鑑－部分指標通過,檢視
2026-09-03-ntpc-full-v1,15,2,fc7a7e5baff0e47f533112b37934986ec7bbb431c7937189aed04356d712231a,新北市私立幼華幼兒園,新北市,板橋區,私立,[220]大仁街68號,(02)22720200,http://sunflower.blogkids.net/,39,無,111,2023/11/23,追蹤評鑑－部分指標通過,檢視
2026-09-03-ntpc-full-v1,15,3,fc7a7e5baff0e47f533112b37934986ec7bbb431c7937189aed04356d712231a,新北市私立幼華幼兒園,新北市,板橋區,私立,[220]大仁街68號,(02)22720200,http://sunflower.blogkids.net/,39,無,111,2024/11/19,"行政處分－部分指標改善完畢(1.經追蹤評鑑未通過實地訪視仍未改善，第1次違反幼兒教育及照顧法，處新臺幣60,000元整。 2.文到次日起6個月內完成改善，逾期未改善，本府得按次處罰。)",
2026-09-03-ntpc-full-v1,15,4,fc7a7e5baff0e47f533112b37934986ec7bbb431c7937189aed04356d712231a,新北市私立幼華幼兒園,新北市,板橋區,私立,[220]大仁街68號,(02)22720200,http://sunflower.blogkids.net/,39,無,111,2024/11/20,行政處分－全數指標改善完畢,
2026-09-03-ntpc-full-v1,15,1,fc7a7e5baff0e47f533112b37934986ec7bbb431c7937189aed04356d712231a,新北市私立三元幼兒園,新北市,板橋區,私立,[220]民生路三段10號3樓,(02)82533120,,69,無,111,2022/11/09,基礎評鑑－全數指標通過,檢視
2026-09-03-ntpc-full-v1,16,1,adada0559413caf49075720f3fce51c909ef734b0f6de44b4d887ec4fa57713c,新北市私立吉的堡南雅幼兒園,新北市,板橋區,私立,[220]南雅南路一段40號2樓、2樓之1及3樓,(02)22711199,,102,無,111,2022/10/05,基礎評鑑－全數指標通過,檢視
2026-09-03-ntpc-full-v1,16,1,adada0559413caf49075720f3fce51c909ef734b0f6de44b4d887ec4fa57713c,新北市私立生活村幼兒園,新北市,板橋區,私立,[220]漢生東路350號地下1層、2樓及3樓,(02)29646599,,50,無,111,2022/10/26,基礎評鑑－全數指標通過,檢視
2026-09-03-ntpc-full-v1,16,1,adada0559413caf49075720f3fce51c909ef734b0f6de44b4d887ec4fa57713c,新北市私立慈惠幼兒園,新北市,板橋區,私立,[220]民權路202巷22號1樓,(02)29651688,apple36.com.tw/tzu.hui,60,無,111,2022/10/26,基礎評鑑－全數指標通過,檢視
2026-09-03-ntpc-full-v1,16,1,adada0559413caf49075720f3fce51c909ef734b0f6de44b4d887ec4fa57713c,新北市私立文聖幼兒園,新北市,板橋區,私立,[220]雙十路3段10巷1弄8號1樓,(02)82584958,,45,無,111,2022/09/29,基礎評鑑－部分指標通過,檢視
2026-09-03-ntpc-full-v1,16,2,adada0559413caf49075720f3fce51c909ef734b0f6de44b4d887ec4fa57713c,新北市私立文聖幼兒園,新北市,板橋區,私立,[220]雙十路3段10巷1弄8號1樓,(02)82584958,,45,無,111,2023/11/23,追蹤評鑑－全數指標通過,檢視
2026-09-03-ntpc-full-v1,16,1,adada0559413caf49075720f3fce51c909ef734b0f6de44b4d887ec4fa57713c,新北市私立薇吉妮亞幼兒園,新北市,板橋區,私立,[220]和平路6巷1號1至3樓,(02)29649377,新北市板橋區和平路6巷1號,97,無,111,2022/10/21,基礎評鑑－全數指標通過,檢視
2026-09-03-ntpc-full-v1,16,1,adada0559413caf49075720f3fce51c909ef734b0f6de44b4d887ec4fa57713c,新北市私立艾法貝爾幼兒園,新北市,板橋區,私立,[220]區運路43號,(02)29588860,,120,無,110,2021/10/20,基礎評鑑－部分指標通過,檢視
2026-09-03-ntpc-full-v1,16,2,adada0559413caf49075720f3fce51c909ef734b0f6de44b4d887ec4fa57713c,新北市私立艾法貝爾幼兒園,新北市,板橋區,私立,[220]區運路43號,(02)29588860,,120,無,110,2022/12/01,追蹤評鑑－全數指標通過,檢視
2026-09-03-ntpc-full-v1,16,1,adada0559413caf49075720f3fce51c909ef734b0f6de44b4d887ec4fa57713c,新北市私立布查花園幼兒園,新北市,板橋區,私立,[220]樂群路38、40號1樓及夾層,(02)29688911,,180,無,111,2022/10/07,基礎評鑑－全數指標通過,檢視
2026-09-03-ntpc-full-v1,16,1,adada0559413caf49075720f3fce51c909ef734b0f6de44b4d887ec4fa57713c,新北市政府板橋員工子女非營利幼兒園（委託財團法人台北基督教女青年會辦理）,新北市,板橋區,非營利,[220]中山路一段161號2樓西側,(02)29603456#5207,http://www.ywca-taipei.org.tw/ntpckids/,166,無,111,2022/11/11,基礎評鑑－全數指標通過,檢視
2026-09-03-ntpc-full-v1,16,1,adada0559413caf49075720f3fce51c909ef734b0f6de44b4d887ec4fa57713c,新北市大觀非營利幼兒園(委託社團法人新北市中華國際嬰幼兒發展學會辦理),新北市,板橋區,非營利,[220]僑中一街1號1樓,(02)89650800,,106,無,110,2021/11/11,基礎評鑑－全數指標通過,檢視
2026-09-03-ntpc-full-v1,17,1,9dc9669cc159b81c882575449cf9c26629542f253a367b29cee5f6c9c80f0200,新北市新月非營利幼兒園(委託財團法人彭婉如文教基金會辦理),新北市,板橋區,非營利,[220]中正路437號1樓、2樓,(02)29665136,,484,無,110,2021/11/11,基礎評鑑－全數指標通過,檢視
2026-09-03-ntpc-full-v1,17,1,9dc9669cc159b81c882575449cf9c26629542f253a367b29cee5f6c9c80f0200,新北市柏翠非營利幼兒園(委託財團法人心路社會福利基金會辦理),新北市,板橋區,非營利,[220]華江一路150號,(02)22565058,,166,無,111,2022/11/01,基礎評鑑－全數指標通過,檢視
2026-09-03-ntpc-full-v1,17,1,9dc9669cc159b81c882575449cf9c26629542f253a367b29cee5f6c9c80f0200,新北市翠中非營利幼兒園(委託財團法人三之三生命教育基金會辦理),新北市,板橋區,非營利,[220]松江街63號,(02)22550302,http://www.3-3life.org.tw/index.php?m=Yzy&a=sList&eId=84&sId=1,90,無,113,2024/10/11,基礎評鑑－全數指標通過,檢視
2026-09-03-ntpc-full-v1,17,1,9dc9669cc159b81c882575449cf9c26629542f253a367b29cee5f6c9c80f0200,新北市汐止區汐止國民小學附設幼兒園,新北市,汐止區,公立,[221]大同路二段313號,(02)26477271#602,http://www.hjes.ntpc.edu.tw,90,無,110,2021/11/12,基礎評鑑－全數指標通過,檢視
2026-09-03-ntpc-full-v1,17,1,9dc9669cc159b81c882575449cf9c26629542f253a367b29cee5f6c9c80f0200,新北市汐止區樟樹國民小學附設幼兒園,新北市,汐止區,公立,[221]樟樹一路141巷2號,(02)26421407#3204,http://w3.tctes.tpc.edu.tw/kindgarten/,166,無,110,2021/10/15,基礎評鑑－全數指標通過,檢視
2026-09-03-ntpc-full-v1,17,1,9dc9669cc159b81c882575449cf9c26629542f253a367b29cee5f6c9c80f0200,新北市立青山國民中小學附設幼兒園,新北市,汐止區,公立,[221]莊敬街33號,(02)26917875#289,http://www.csjhs.ntpc.edu.tw/default.asp,120,無,110,2021/10/22,基礎評鑑－全數指標通過,檢視
2026-09-03-ntpc-full-v1,17,1,9dc9669cc159b81c882575449cf9c26629542f253a367b29cee5f6c9c80f0200,新北市汐止區崇德國民小學附設幼兒園,新北市,汐止區,公立,[221]茄苳路158號,(02)86482052#58,web.cdps.ntpc.edu.tw,106,無,110,2021/11/10,基礎評鑑－全數指標通過,檢視
2026-09-03-ntpc-full-v1,17,1,9dc9669cc159b81c882575449cf9c26629542f253a367b29cee5f6c9c80f0200,新北市汐止區保長國民小學附設幼兒園,新北市,汐止區,公立,[221]大同路三段553號,(02)86482502#140,http://tw.myblog.yahoo.com/jw!iuHa.hWQExKy_gxxigAF,30,無,110,2021/10/12,基礎評鑑－全數指標通過,檢視
2026-09-03-ntpc-full-v1,17,1,9dc9669cc159b81c882575449cf9c26629542f253a367b29cee5f6c9c80f0200,新北市汐止區秀峰國民小學附設幼兒園,新北市,汐止區,公立,[221]仁愛路90號,(02)26480611#807,wam.sfps.tpc.edu.tw/~kindergarten/,150,無,110,2021/10/13,基礎評鑑－全數指標通過,檢視
2026-09-03-ntpc-full-v1,17,1,9dc9669cc159b81c882575449cf9c26629542f253a367b29cee5f6c9c80f0200,新北市汐止區白雲國民小學附設幼兒園,新北市,汐止區,公立,[221]民權街二段90號,(02)26403909#840,http://www.wretch.cc/blog/k100124,30,無,110,2021/11/09,基礎評鑑－全數指標通過,檢視
2026-09-03-ntpc-full-v1,18,1,c4f7d8eb9f2fee07d126763abce1c81e2baa1f63ff56d96876bf83b84d1169a6,新北市汐止區北港國民小學附設幼兒園,新北市,汐止區,公立,[221]汐萬路二段279號,(02)26463107,http://www.bkes.tpc.edu.tw,30,無,110,2021/10/20,基礎評鑑－全數指標通過,檢視
2026-09-03-ntpc-full-v1,18,1,c4f7d8eb9f2fee07d126763abce1c81e2baa1f63ff56d96876bf83b84d1169a6,新北市汐止區北峰國民小學附設幼兒園,新北市,汐止區,公立,[221]環河街1號1、2樓,(02)26941817#270,https://ntpcsjbf.blogspot.com/,152,無,110,2021/11/04,基礎評鑑－全數指標通過,檢視
2026-09-03-ntpc-full-v1,18,1,c4f7d8eb9f2fee07d126763abce1c81e2baa1f63ff56d96876bf83b84d1169a6,新北市汐止區金龍國民小學附設幼兒園,新北市,汐止區,公立,[221]明峰街201號,(02)26959941#270,http://014y.blogspot.com/,242,無,110,2021/10/22,基礎評鑑－全數指標通過,檢視
2026-09-03-ntpc-full-v1,18,1,c4f7d8eb9f2fee07d126763abce1c81e2baa1f63ff56d96876bf83b84d1169a6,新北市汐止區長安國民小學附設幼兒園,新北市,汐止區,公立,[221]長興街1段80號,(02)86480944#303,,136,無,110,2021/10/21,基礎評鑑－部分指標通過,檢視
2026-09-03-ntpc-full-v1,18,2,c4f7d8eb9f2fee07d126763abce1c81e2baa1f63ff56d96876bf83b84d1169a6,新北市汐止區長安國民小學附設幼兒園,新北市,汐止區,公立,[221]長興街1段80號,(02)86480944#303,,136,無,110,2022/11/30,追蹤評鑑－全數指標通過,檢視
2026-09-03-ntpc-full-v1,18,1,c4f7d8eb9f2fee07d126763abce1c81e2baa1f63ff56d96876bf83b84d1169a6,新北市私立芝蔴城幼兒園,新北市,汐止區,私立,[221]新台五路2段150號1.2樓,(02)26478689,http://blog xuit e net/bowjinn.8689,45,無,110,2021/11/02,基礎評鑑－全數指標通過,檢視
2026-09-03-ntpc-full-v1,18,1,c4f7d8eb9f2fee07d126763abce1c81e2baa1f63ff56d96876bf83b84d1169a6,新北市私立佳盈幼兒園,新北市,汐止區,私立,[221]汐止市莊敬街130號2樓,(02)26497438,,180,無,110,2021/10/22,基礎評鑑－全數指標通過,檢視
2026-09-03-ntpc-full-v1,18,1,c4f7d8eb9f2fee07d126763abce1c81e2baa1f63ff56d96876bf83b84d1169a6,新北市私立愛樂幼兒園,新北市,汐止區,私立,[221]汐止市民族三街1號1樓,(02)26925098,,35,無,110,2021/11/05,基礎評鑑－全數指標通過,檢視
2026-09-03-ntpc-full-v1,18,1,c4f7d8eb9f2fee07d126763abce1c81e2baa1f63ff56d96876bf83b84d1169a6,新北市私立新大華幼兒園,新北市,汐止區,私立,[221]龍安路179號1樓、181號1樓、183號1樓、185號1、2樓,(02)26433360,,139,無,110,2021/10/14,基礎評鑑－全數指標通過,檢視
2026-09-03-ntpc-full-v1,18,1,c4f7d8eb9f2fee07d126763abce1c81e2baa1f63ff56d96876bf83b84d1169a6,新北市私立汐止皇家幼兒園,新北市,汐止區,私立,[221]新台五路一段79號之3,(02)26989288,,200,無,110,2021/11/05,基礎評鑑－全數指標通過,檢視
2026-09-03-ntpc-full-v1,18,1,c4f7d8eb9f2fee07d126763abce1c81e2baa1f63ff56d96876bf83b84d1169a6,新北市私立超群幼兒園,新北市,汐止區,私立,[221]民權街二段81巷3.5號1樓,(02)26405923,http//kid.rfes.tpc.edu.tw/~k200179,60,無,110,2021/10/08,基礎評鑑－全數指標通過,檢視
2026-09-03-ntpc-full-v1,19,1,93f6bd971c2c36b53e4bbffd6e0ca950f3f54ccf15036deb241a4de7a51a1ba8,新北市私立新寶兒幼兒園,新北市,汐止區,私立,"[221]新興路83-4號1樓,83-2號2樓",(02)26422338,,50,無,110,2021/11/03,基礎評鑑－全數指標通過,檢視
2026-09-03-ntpc-full-v1,19,1,93f6bd971c2c36b53e4bbffd6e0ca950f3f54ccf15036deb241a4de7a51a1ba8,新北市私立向日葵幼兒園,新北市,汐止區,私立,[221]秀峰路89號1、2樓,(02)26415599,http://sunflower.topschool.com.tw,72,無,110,2021/10/15,基礎評鑑－部分指標通過,檢視
2026-09-03-ntpc-full-v1,19,2,93f6bd971c2c36b53e4bbffd6e0ca950f3f54ccf15036deb241a4de7a51a1ba8,新北市私立向日葵幼兒園,新北市,汐止區,私立,[221]秀峰路89號1、2樓,(02)26415599,http://sunflower.topschool.com.tw,72,無,110,2022/12/01,追蹤評鑑－全數指標通過,檢視
2026-09-03-ntpc-full-v1,19,1,93f6bd971c2c36b53e4bbffd6e0ca950f3f54ccf15036deb241a4de7a51a1ba8,新北市私立君格綠園道幼兒園,新北市,汐止區,私立,"[221]樟樹二路330巷70號1樓,72號1樓,72-1號1~2樓,76號1~2樓",(02)26489242,www.jengo.com,92,無,110,2021/10/15,基礎評鑑－全數指標通過,檢視
2026-09-03-ntpc-full-v1,19,1,93f6bd971c2c36b53e4bbffd6e0ca950f3f54ccf15036deb241a4de7a51a1ba8,新北市私立汐止名人幼兒園,新北市,汐止區,私立,[221]大同路2段240之1號1樓、240號2樓之3,(02)26497979,http://min-ren.topschool.com.tw/,50,無,110,2021/10/14,基礎評鑑－全數指標通過,檢視
2026-09-03-ntpc-full-v1,19,1,93f6bd971c2c36b53e4bbffd6e0ca950f3f54ccf15036deb241a4de7a51a1ba8,新北市私立崴崴幼兒園,新北市,汐止區,私立,[221]建成路28巷31號1~3樓,(02)26470254~5,http://weiwei.topschool.com.tw,29,無,110,2021/11/04,基礎評鑑－全數指標通過,檢視
2026-09-03-ntpc-full-v1,19,1,93f6bd971c2c36b53e4bbffd6e0ca950f3f54ccf15036deb241a4de7a51a1ba8,新北市私立華慶幼兒園,新北市,汐止區,私立,[221]忠孝東路447號1~2樓、449號1~2樓,(02)86488923,www.hwachin.hinet.net,120,有,110,2021/10/12,基礎評鑑－全數指標通過,檢視
2026-09-03-ntpc-full-v1,19,1,93f6bd971c2c36b53e4bbffd6e0ca950f3f54ccf15036deb241a4de7a51a1ba8,新北市私立愛莉幼兒園,新北市,汐止區,私立,[221]福德二路125巷6弄2號1樓,(02)26932141,,40,無,112,2023/11/02,基礎評鑑－全數指標通過,檢視
2026-09-03-ntpc-full-v1,19,1,93f6bd971c2c36b53e4bbffd6e0ca950f3f54ccf15036deb241a4de7a51a1ba8,新北市私立大愛幼兒園,新北市,汐止區,私立,[221]福德一路213巷29號、33號、35號1樓,(02)26925075,http://darai.blogkids.net/,37,無,110,2021/10/07,基礎評鑑－全數指標通過,檢視
2026-09-03-ntpc-full-v1,19,1,93f6bd971c2c36b53e4bbffd6e0ca950f3f54ccf15036deb241a4de7a51a1ba8,新北市私立愛麗兒幼兒園,新北市,汐止區,私立,[221]福德二路125巷1號1、2樓,(02)26936150,http://kids.ettoday.com/index.php?kd=ETY093,29,無,110,2021/10/22,基礎評鑑－全數指標通過,檢視
2026-09-03-ntpc-full-v1,19,1,93f6bd971c2c36b53e4bbffd6e0ca950f3f54ccf15036deb241a4de7a51a1ba8,新北市私立立強幼兒園,新北市,汐止區,私立,[221]民族三街56號,(02)26955050,,60,無,110,2021/11/05,基礎評鑑－全數指標通過,檢視
2026-09-03-ntpc-full-v1,20,1,536009a6bc2cc68ea3d69f43b855cdf79b6f443c42d463efae48c95e4ceba1ba,新北市私立慧爾幼兒園,新北市,汐止區,私立,[221]大同路二段240號3樓,(02)26427414,,29,無,110,2021/10/14,基礎評鑑－全數指標通過,檢視
2026-09-03-ntpc-full-v1,20,1,536009a6bc2cc68ea3d69f43b855cdf79b6f443c42d463efae48c95e4ceba1ba,新北市私立立德幼兒園,新北市,汐止區,私立,[221]中興路86之1號1、2樓,(02)86915908,,135,有,110,2021/10/22,基礎評鑑－全數指標通過,檢視
2026-09-03-ntpc-full-v1,20,1,536009a6bc2cc68ea3d69f43b855cdf79b6f443c42d463efae48c95e4ceba1ba,新北市私立童圓幼兒園,新北市,汐止區,私立,[221]民族二街14號及16號1、2、3樓,(02)26958510,,46,無,110,2021/10/15,基礎評鑑－全數指標通過,檢視
2026-09-03-ntpc-full-v1,20,1,536009a6bc2cc68ea3d69f43b855cdf79b6f443c42d463efae48c95e4ceba1ba,新北市私立華興幼兒園,新北市,汐止區,私立,[221]樟樹二路112號1、2樓,(02)26477106,,47,無,110,2021/10/22,基礎評鑑－全數指標通過,檢視
2026-09-03-ntpc-full-v1,20,1,536009a6bc2cc68ea3d69f43b855cdf79b6f443c42d463efae48c95e4ceba1ba,新北市私立恩佑幼兒園,新北市,汐止區,私立,[221]大同路二段196號3樓,(02)26495658,,53,無,110,2021/10/14,基礎評鑑－全數指標通過,檢視
2026-09-03-ntpc-full-v1,20,1,536009a6bc2cc68ea3d69f43b855cdf79b6f443c42d463efae48c95e4ceba1ba,新北市私立康華幼兒園,新北市,汐止區,私立,[221]龍安路38號2樓之1、2、3、4,(02)26411166,,92,無,110,2021/10/07,基礎評鑑－全數指標通過,檢視
2026-09-03-ntpc-full-v1,20,1,536009a6bc2cc68ea3d69f43b855cdf79b6f443c42d463efae48c95e4ceba1ba,新北市私立汐止一二三幼兒園,新北市,汐止區,私立,[221]連興街46號2樓、48號1、2樓,(02)26478111,,66,無,110,2021/10/07,基礎評鑑－全數指標通過,檢視
2026-09-03-ntpc-full-v1,20,1,536009a6bc2cc68ea3d69f43b855cdf79b6f443c42d463efae48c95e4ceba1ba,新北市私立唯爾幼兒園,新北市,汐止區,私立,[221]福德二路106號1、2樓及108號1、2樓,(02)86931428,http://well.52school.com.tw,50,無,110,2021/10/07,基礎評鑑－全數指標通過,檢視
2026-09-03-ntpc-full-v1,20,1,536009a6bc2cc68ea3d69f43b855cdf79b6f443c42d463efae48c95e4ceba1ba,新北市私立宏米優質幼兒園,新北市,汐止區,私立,[221]和平街10、18、20號1樓,(02)26434570,無,102,有,110,2021/10/19,基礎評鑑－全數指標通過,檢視
2026-09-03-ntpc-full-v1,20,1,536009a6bc2cc68ea3d69f43b855cdf79b6f443c42d463efae48c95e4ceba1ba,新北市私立威頓皇家幼兒園,新北市,汐止區,私立,[221]仁愛路168號2樓之1及170號1、2樓、2樓之1,(02)26427077,,70,無,110,2021/10/13,基礎評鑑－部分指標通過,檢視
2026-09-03-ntpc-full-v1,20,2,536009a6bc2cc68ea3d69f43b855cdf79b6f443c42d463efae48c95e4ceba1ba,新北市私立威頓皇家幼兒園,新北市,汐止區,私立,[221]仁愛路168號2樓之1及170號1、2樓、2樓之1,(02)26427077,,70,無,110,2022/11/30,追蹤評鑑－全數指標通過,檢視
2026-09-03-ntpc-full-v1,21,1,d732e45a65cdf5ed6a276d06008a28d0c77c7332a02fba4b9be8fe501e635b2b,新北市私立聯合幼兒園,新北市,汐止區,私立,[221]翠峰街2巷2號1樓,(02)26424215,,120,無,110,2021/10/20,基礎評鑑－全數指標通過,檢視
2026-09-03-ntpc-full-v1,21,1,d732e45a65cdf5ed6a276d06008a28d0c77c7332a02fba4b9be8fe501e635b2b,新北市私立曼哈頓幼兒園,新北市,汐止區,私立,[221]康寧街61巷1號1、2樓,(02)26956685,,300,有,110,2021/10/22,基礎評鑑－全數指標通過,檢視
2026-09-03-ntpc-full-v1,21,1,d732e45a65cdf5ed6a276d06008a28d0c77c7332a02fba4b9be8fe501e635b2b,新北市私立新華德幼兒園,新北市,汐止區,私立,[221]建成路150號1、2樓,(02)86918925,,43,無,110,2021/10/19,基礎評鑑－全數指標通過,檢視
2026-09-03-ntpc-full-v1,21,1,d732e45a65cdf5ed6a276d06008a28d0c77c7332a02fba4b9be8fe501e635b2b,新北市私立惟柰米幼兒園,新北市,汐止區,私立,[221]新台五路1段82號2樓,(02)26964888,,180,無,110,2021/11/05,基礎評鑑－部分指標通過,檢視
2026-09-03-ntpc-full-v1,21,2,d732e45a65cdf5ed6a276d06008a28d0c77c7332a02fba4b9be8fe501e635b2b,新北市私立惟柰米幼兒園,新北市,汐止區,私立,[221]新台五路1段82號2樓,(02)26964888,,180,無,110,2022/12/01,追蹤評鑑－全數指標通過,檢視
2026-09-03-ntpc-full-v1,21,1,d732e45a65cdf5ed6a276d06008a28d0c77c7332a02fba4b9be8fe501e635b2b,新北市私立嘉維幼兒園,新北市,汐止區,私立,[221]新台五路2段102號1樓、98號2樓,(02)86915123,,76,無,110,2021/11/02,基礎評鑑－全數指標通過,檢視
2026-09-03-ntpc-full-v1,21,1,d732e45a65cdf5ed6a276d06008a28d0c77c7332a02fba4b9be8fe501e635b2b,新北市私立新豐幼兒園,新北市,汐止區,私立,[221]新昌路18號1樓,(02)26485110,,60,無,110,2021/11/10,基礎評鑑－全數指標通過,檢視
2026-09-03-ntpc-full-v1,21,1,d732e45a65cdf5ed6a276d06008a28d0c77c7332a02fba4b9be8fe501e635b2b,新北市私立青山幼兒園,新北市,汐止區,私立,[221]青山路8號1樓、2樓,(02)26416711,,70,無,110,2021/11/03,基礎評鑑－全數指標通過,檢視
2026-09-03-ntpc-full-v1,21,1,d732e45a65cdf5ed6a276d06008a28d0c77c7332a02fba4b9be8fe501e635b2b,新北市私立康大幼兒園,新北市,汐止區,私立,[221]福德一路86巷46號1樓、2樓,(02)26942855,,70,無,110,2021/10/12,基礎評鑑－部分指標通過,檢視
2026-09-03-ntpc-full-v1,21,2,d732e45a65cdf5ed6a276d06008a28d0c77c7332a02fba4b9be8fe501e635b2b,新北市私立康大幼兒園,新北市,汐止區,私立,[221]福德一路86巷46號1樓、2樓,(02)26942855,,70,無,110,2022/12/01,追蹤評鑑－全數指標通過,檢視
2026-09-03-ntpc-full-v1,21,1,d732e45a65cdf5ed6a276d06008a28d0c77c7332a02fba4b9be8fe501e635b2b,新北市私立神奇小子幼兒園,新北市,汐止區,私立,[221]建成路39號2樓之2,(02)26485386,http://whizkids.topschool.com.tw/,86,無,110,2021/10/05,基礎評鑑－部分指標通過,檢視
2026-09-03-ntpc-full-v1,21,2,d732e45a65cdf5ed6a276d06008a28d0c77c7332a02fba4b9be8fe501e635b2b,新北市私立神奇小子幼兒園,新北市,汐止區,私立,[221]建成路39號2樓之2,(02)26485386,http://whizkids.topschool.com.tw/,86,無,110,2022/12/01,追蹤評鑑－全數指標通過,檢視
2026-09-03-ntpc-full-v1,21,1,d732e45a65cdf5ed6a276d06008a28d0c77c7332a02fba4b9be8fe501e635b2b,新北市私立柏克力幼兒園,新北市,汐止區,私立,[221]福德一路151號、153號1樓、2樓及159巷3號1樓,(02)26943373,www.berkeleybkg.com,66,無,110,2021/10/22,基礎評鑑－全數指標通過,檢視
2026-09-03-ntpc-full-v1,22,1,6d82811d12a2818d8000a3245386b8689fc740b5902b5a83e665e0b2032a10e6,新北市汐止區農會附設新北市私立汐農幼兒園,新北市,汐止區,私立,[221]長江街39巷26號1樓、2樓,(02)26478899,https://hfa-garden.topschool.tw/Home/Main,360,無,110,2021/10/27,基礎評鑑－全數指標通過,檢視
2026-09-03-ntpc-full-v1,22,1,6d82811d12a2818d8000a3245386b8689fc740b5902b5a83e665e0b2032a10e6,新北市私立花仙子幼兒園,新北市,汐止區,私立,[221]康寧街445-1號1樓、445-2號1樓、445-3號1樓,(02)26923933,,75,無,110,2021/11/04,基礎評鑑－全數指標通過,檢視
2026-09-03-ntpc-full-v1,22,1,6d82811d12a2818d8000a3245386b8689fc740b5902b5a83e665e0b2032a10e6,新北市私立哈寶寶幼兒園,新北市,汐止區,私立,[221]建成路56巷27號2樓、2樓之1、2樓之2,(02)26416401,,97,無,110,2021/10/05,基礎評鑑－全數指標通過,檢視
2026-09-03-ntpc-full-v1,22,1,6d82811d12a2818d8000a3245386b8689fc740b5902b5a83e665e0b2032a10e6,新北市私立幼煊幼兒園,新北市,汐止區,私立,[221]樟樹一路81號、83號1樓,(02)26429793,,30,無,110,2021/10/27,基礎評鑑－全數指標通過,檢視
2026-09-03-ntpc-full-v1,22,1,6d82811d12a2818d8000a3245386b8689fc740b5902b5a83e665e0b2032a10e6,新北市私立書樂幼兒園,新北市,汐止區,私立,[221]康寧街619號1樓、2樓、3樓,(02)26957325,http://sula.topschool.tw/,90,無,110,2021/10/15,基礎評鑑－全數指標通過,檢視
2026-09-03-ntpc-full-v1,22,1,6d82811d12a2818d8000a3245386b8689fc740b5902b5a83e665e0b2032a10e6,新北市私立崇幼幼兒園,新北市,汐止區,私立,[221]建成路28巷11號1樓、2樓,(02)26490578,,56,無,110,2021/11/04,基礎評鑑－全數指標通過,檢視
2026-09-03-ntpc-full-v1,22,1,6d82811d12a2818d8000a3245386b8689fc740b5902b5a83e665e0b2032a10e6,新北市私立維格爾幼兒園,新北市,汐止區,私立,[221]新興路3號3樓之1,(02)26499968,,60,無,110,2021/10/15,基礎評鑑－全數指標通過,檢視
2026-09-03-ntpc-full-v1,22,1,6d82811d12a2818d8000a3245386b8689fc740b5902b5a83e665e0b2032a10e6,新北市私立維格爾欣悅幼兒園,新北市,汐止區,私立,[221]工建路358號,(02)26498369,,76,無,110,2021/10/08,基礎評鑑－全數指標通過,檢視
2026-09-03-ntpc-full-v1,22,1,6d82811d12a2818d8000a3245386b8689fc740b5902b5a83e665e0b2032a10e6,新北市私立康大創藝幼兒園,新北市,汐止區,私立,[221]湖前街110巷97弄1、2號,(02)26908448,,117,無,110,2021/10/12,基礎評鑑－部分指標通過,檢視
2026-09-03-ntpc-full-v1,22,2,6d82811d12a2818d8000a3245386b8689fc740b5902b5a83e665e0b2032a10e6,新北市私立康大創藝幼兒園,新北市,汐止區,私立,[221]湖前街110巷97弄1、2號,(02)26908448,,117,無,110,2022/12/01,追蹤評鑑－全數指標通過,檢視
2026-09-03-ntpc-full-v1,22,1,6d82811d12a2818d8000a3245386b8689fc740b5902b5a83e665e0b2032a10e6,新北市深坑區深坑國民小學附設幼兒園,新北市,深坑區,公立,[222]文化街45號,(02)26624675#272,https://sites.google.com/view/shenkengfuyo,136,無,110,2021/10/21,基礎評鑑－全數指標通過,檢視
2026-09-03-ntpc-full-v1,23,1,23f756ed4b6ae040ae7fbe7cd7a24d913efe254a6f5355ad209f0c6391ba187b,新北市立深坑國民中學附設幼兒園,新北市,深坑區,公立,[222]文化街41號,(02)26621455#38,https://www.skjh.ntpc.edu.tw/p/426-1000-16.php,30,無,110,2021/10/06,基礎評鑑－全數指標通過,檢視
2026-09-03-ntpc-full-v1,23,1,23f756ed4b6ae040ae7fbe7cd7a24d913efe254a6f5355ad209f0c6391ba187b,新北市立深坑幼兒園,新北市,深坑區,公立,[222]平埔街5巷1號,(02)26648030#234,http://daycare.ntpc.edu.tw/web/shenkeng/,69,無,110,2021/10/28,基礎評鑑－全數指標通過,檢視
2026-09-03-ntpc-full-v1,23,1,23f756ed4b6ae040ae7fbe7cd7a24d913efe254a6f5355ad209f0c6391ba187b,新北市立深坑幼兒園土庫分班,新北市,深坑區,公立,[222]北深路1段83巷8弄36號1樓,(02)26641773,http://www.daycare-shenkeng.ntpc.gov.tw,30,無,110,2021/10/28,基礎評鑑－全數指標通過,檢視
2026-09-03-ntpc-full-v1,23,1,23f756ed4b6ae040ae7fbe7cd7a24d913efe254a6f5355ad209f0c6391ba187b,新北市私立春福幼兒園,新北市,深坑區,私立,"[222]文化街10號1樓,2樓",(02)26645627,,44,無,110,2021/10/06,基礎評鑑－全數指標通過,檢視
2026-09-03-ntpc-full-v1,23,1,23f756ed4b6ae040ae7fbe7cd7a24d913efe254a6f5355ad209f0c6391ba187b,新北市私立深緣幼兒園,新北市,深坑區,私立,[222]平埔街5巷12號1樓及9巷9號1樓,(02)26624238,,45,無,110,2021/10/21,基礎評鑑－全數指標通過,檢視
2026-09-03-ntpc-full-v1,23,1,23f756ed4b6ae040ae7fbe7cd7a24d913efe254a6f5355ad209f0c6391ba187b,新北市私立新象幼兒園,新北市,深坑區,私立,[222]埔新街58巷11號1、2樓,(02)26625189,,70,無,110,2021/10/21,基礎評鑑－全數指標通過,檢視
2026-09-03-ntpc-full-v1,23,1,23f756ed4b6ae040ae7fbe7cd7a24d913efe254a6f5355ad209f0c6391ba187b,新北市石碇區石碇國民小學附設幼兒園,新北市,石碇區,公立,[223]石碇西街15號,(02)26631244#21,http://www.stes.ntpc.edu.tw/,30,無,110,2021/11/02,基礎評鑑－全數指標通過,檢視
2026-09-03-ntpc-full-v1,23,1,23f756ed4b6ae040ae7fbe7cd7a24d913efe254a6f5355ad209f0c6391ba187b,新北市石碇區永定國民小學附設幼兒園,新北市,石碇區,公立,[223]靜安路1段245號1樓,(02)26631288#24,https://sites.google.com/site/yongdingpreschool/,15,無,110,2021/11/02,基礎評鑑－全數指標通過,檢視
2026-09-03-ntpc-full-v1,23,1,23f756ed4b6ae040ae7fbe7cd7a24d913efe254a6f5355ad209f0c6391ba187b,新北市石碇區和平國民小學附設幼兒園,新北市,石碇區,公立,[223]楓子林32之1號,(02)26631990,,45,無,110,2021/10/14,基礎評鑑－全數指標通過,檢視
2026-09-03-ntpc-full-v1,24,1,ab8d8df27d143e676c1570e5b9b5505680ba9e720d4ea5c5a18273ecfd7dceb4,新北市瑞芳區義方國民小學附設幼兒園,新北市,瑞芳區,公立,[224]逢甲路360號,(02)24970922,https://sites.google.com/a/jfps.ntpc.edu.tw/preschool/,30,無,110,2021/11/02,基礎評鑑－全數指標通過,檢視
2026-09-03-ntpc-full-v1,24,1,ab8d8df27d143e676c1570e5b9b5505680ba9e720d4ea5c5a18273ecfd7dceb4,新北市瑞芳區瑞濱國民小學附設幼兒園,新北市,瑞芳區,公立,[224]瑞濱路34號,(02)24978184#141,https://www.facebook.com/amis24978184,60,無,110,2021/11/12,基礎評鑑－全數指標通過,檢視
2026-09-03-ntpc-full-v1,24,1,ab8d8df27d143e676c1570e5b9b5505680ba9e720d4ea5c5a18273ecfd7dceb4,新北市瑞芳區瑞亭國民小學附設幼兒園,新北市,瑞芳區,公立,[224]四腳亭埔路23號,(02)24971726#205,https://www.facebook.com/%E6%96%B0%E5%8C%97%E5%B8%82%E7%91%9E%E8%8A%B3%E5%8D%80%E7%91%9E%E4%BA%AD%E5,45,無,110,2021/10/26,基礎評鑑－全數指標通過,檢視
2026-09-03-ntpc-full-v1,24,1,ab8d8df27d143e676c1570e5b9b5505680ba9e720d4ea5c5a18273ecfd7dceb4,新北市瑞芳區瑞芳國民小學附設幼兒園,新北市,瑞芳區,公立,[224]中山路2號,(02)24972058#150,http://www.rfes.ntpc.edu.tw,120,無,110,2021/11/02,基礎評鑑－全數指標通過,檢視
2026-09-03-ntpc-full-v1,24,1,ab8d8df27d143e676c1570e5b9b5505680ba9e720d4ea5c5a18273ecfd7dceb4,新北市立瑞芳國民中學附設幼兒園,新北市,瑞芳區,公立,[224]三爪子坑路1號,(02)24972145#280,https://www.facebook.com/profile.php?id=100064001857327,60,無,110,2021/10/20,基礎評鑑－全數指標通過,檢視
2026-09-03-ntpc-full-v1,24,1,ab8d8df27d143e676c1570e5b9b5505680ba9e720d4ea5c5a18273ecfd7dceb4,新北市立猴硐—蒙特梭利實驗小學附設幼兒園,新北市,瑞芳區,公立,[224]九芎橋路69-1號,(02)24960450#120,http://www.htes.tpc.edu.tw/kindergarten/index.html,23,無,110,2021/10/08,基礎評鑑－全數指標通過,檢視
2026-09-03-ntpc-full-v1,24,1,ab8d8df27d143e676c1570e5b9b5505680ba9e720d4ea5c5a18273ecfd7dceb4,新北市瑞芳區九份國民小學附設幼兒園,新北市,瑞芳區,公立,[224]崙頂路145號,(02)24972263#28,http://www.jfes.ntpc.edu.tw,30,無,110,2021/10/28,基礎評鑑－全數指標通過,檢視
2026-09-03-ntpc-full-v1,24,1,ab8d8df27d143e676c1570e5b9b5505680ba9e720d4ea5c5a18273ecfd7dceb4,新北市瑞芳區瓜山國民小學附設幼兒園,新北市,瑞芳區,公立,[224]五號路306號,(02)24962036#207,https://www.gsps.ntpc.edu.tw/,15,無,110,2021/10/28,基礎評鑑－全數指標通過,檢視
2026-09-03-ntpc-full-v1,24,1,ab8d8df27d143e676c1570e5b9b5505680ba9e720d4ea5c5a18273ecfd7dceb4,新北市瑞芳區吉慶國民小學附設幼兒園,新北市,瑞芳區,公立,[224]大埔路95號,(02)24576405#652,http://www.facebook.com/kidscces2013,60,無,110,2021/11/11,基礎評鑑－全數指標通過,檢視
2026-09-03-ntpc-full-v1,25,1,b636bbeb1a64c0d20af6f771a54ffbbebc546c5bb737b30a5fb9b2c8b86bfa19,新北市瑞芳區鼻頭國民小學附設幼兒園,新北市,瑞芳區,公立,[224]鼻頭路99號,(02)24911571#18,,15,無,110,2021/11/10,基礎評鑑－全數指標通過,檢視
2026-09-03-ntpc-full-v1,25,1,b636bbeb1a64c0d20af6f771a54ffbbebc546c5bb737b30a5fb9b2c8b86bfa19,新北市瑞芳區濂洞國民小學附設幼兒園,新北市,瑞芳區,公立,[224]洞頂路101巷80號,(02)24961330#21,,15,無,110,2021/11/12,基礎評鑑－全數指標通過,檢視
2026-09-03-ntpc-full-v1,25,1,b636bbeb1a64c0d20af6f771a54ffbbebc546c5bb737b30a5fb9b2c8b86bfa19,新北市瑞芳區瑞柑國民小學附設幼兒園,新北市,瑞芳區,公立,[224]明燈路1段18巷13號,(02)24971009#31,,30,無,110,2021/10/08,基礎評鑑－全數指標通過,檢視
2026-09-03-ntpc-full-v1,25,1,b636bbeb1a64c0d20af6f771a54ffbbebc546c5bb737b30a5fb9b2c8b86bfa19,新北市私立星星幼兒園,新北市,瑞芳區,私立,[224]三爪子坑路國中新村18號、18之1號,(02)24976716,http://starkids.topschool.com.tw/,91,無,110,2021/10/20,基礎評鑑－全數指標通過,檢視
2026-09-03-ntpc-full-v1,25,1,b636bbeb1a64c0d20af6f771a54ffbbebc546c5bb737b30a5fb9b2c8b86bfa19,新北市私立育格幼兒園,新北市,瑞芳區,私立,[224]大埔路國宅新村30之1號1-2樓,(02)24584583,http://www.eaglepreschool.com.tw,105,有,110,2021/10/26,基礎評鑑－部分指標通過,檢視
2026-09-03-ntpc-full-v1,25,2,b636bbeb1a64c0d20af6f771a54ffbbebc546c5bb737b30a5fb9b2c8b86bfa19,新北市私立育格幼兒園,新北市,瑞芳區,私立,[224]大埔路國宅新村30之1號1-2樓,(02)24584583,http://www.eaglepreschool.com.tw,105,有,110,2022/12/01,追蹤評鑑－全數指標通過,檢視
2026-09-03-ntpc-full-v1,25,1,b636bbeb1a64c0d20af6f771a54ffbbebc546c5bb737b30a5fb9b2c8b86bfa19,新北市私立米其幼兒園,新北市,瑞芳區,私立,[224]明燈路3段50巷14號1樓、16號1樓,(02)24973008,,47,有,110,2021/11/02,基礎評鑑－全數指標通過,檢視
2026-09-03-ntpc-full-v1,25,1,b636bbeb1a64c0d20af6f771a54ffbbebc546c5bb737b30a5fb9b2c8b86bfa19,新北市私立樺興幼兒園,新北市,瑞芳區,私立,[224]瑞芳街21之1號1樓,(02)24969246,,60,無,110,2021/11/02,基礎評鑑－部分指標通過,檢視
2026-09-03-ntpc-full-v1,25,2,b636bbeb1a64c0d20af6f771a54ffbbebc546c5bb737b30a5fb9b2c8b86bfa19,新北市私立樺興幼兒園,新北市,瑞芳區,私立,[224]瑞芳街21之1號1樓,(02)24969246,,60,無,110,2022/11/30,追蹤評鑑－全數指標通過,檢視
2026-09-03-ntpc-full-v1,25,1,b636bbeb1a64c0d20af6f771a54ffbbebc546c5bb737b30a5fb9b2c8b86bfa19,新北市平溪區菁桐國民小學附設幼兒園,新北市,平溪區,公立,[226]菁桐街45號,(02)24951009#16,,30,無,110,2021/10/28,基礎評鑑－全數指標通過,檢視
2026-09-03-ntpc-full-v1,25,1,b636bbeb1a64c0d20af6f771a54ffbbebc546c5bb737b30a5fb9b2c8b86bfa19,新北市平溪區十分國民小學附設幼兒園,新北市,平溪區,公立,[226]十分街157號,(02)24958305#30,,30,無,110,2021/10/28,基礎評鑑－全數指標通過,檢視
2026-09-03-ntpc-full-v1,25,1,b636bbeb1a64c0d20af6f771a54ffbbebc546c5bb737b30a5fb9b2c8b86bfa19,新北市平溪區平溪國民小學附設幼兒園,新北市,平溪區,公立,[226]平溪街56號,(02)24951038#208,,15,無,110,2021/10/28,基礎評鑑－全數指標通過,檢視
2026-09-03-ntpc-full-v1,26,1,8ba3647f3a2b5343aa805eb33977ae3490582c15319c980eaf2ce8db8c7c3b2a,新北市雙溪區雙溪國民小學附設幼兒園,新北市,雙溪區,公立,[227]東榮街54號,(02)24931005#50,,60,無,110,2021/10/29,基礎評鑑－全數指標通過,檢視
2026-09-03-ntpc-full-v1,26,1,8ba3647f3a2b5343aa805eb33977ae3490582c15319c980eaf2ce8db8c7c3b2a,新北市雙溪區牡丹國民小學附設幼兒園,新北市,雙溪區,公立,[227]政光路3號,(02)24931240#214,http://www.mdps.ntpc.edu.tw/default.asp,15,無,110,2021/10/29,基礎評鑑－全數指標通過,檢視
2026-09-03-ntpc-full-v1,26,1,8ba3647f3a2b5343aa805eb33977ae3490582c15319c980eaf2ce8db8c7c3b2a,新北市雙溪區上林國民小學附設幼兒園,新北市,雙溪區,公立,[227]內平林60號1樓,(02)24931671#24,facebook.com/shanglinfuyou/?locale=zh_TW,30,無,110,2021/10/28,基礎評鑑－全數指標通過,檢視
2026-09-03-ntpc-full-v1,26,1,8ba3647f3a2b5343aa805eb33977ae3490582c15319c980eaf2ce8db8c7c3b2a,新北市貢寮區澳底國民小學附設幼兒園,新北市,貢寮區,公立,[228]延平街10號,(02)24901432#260,http://css000000182995.tw.class.uschoolnet.com/,75,無,110,2021/11/09,基礎評鑑－全數指標通過,檢視
2026-09-03-ntpc-full-v1,26,1,8ba3647f3a2b5343aa805eb33977ae3490582c15319c980eaf2ce8db8c7c3b2a,新北市貢寮區貢寮國民小學附設幼兒園,新北市,貢寮區,公立,[228]學苑街7號,(02)24941274#51,http://tw.class.urlifelinks.com/class/?csid=css000000120269,30,無,110,2021/10/15,基礎評鑑－全數指標通過,檢視
2026-09-03-ntpc-full-v1,26,1,8ba3647f3a2b5343aa805eb33977ae3490582c15319c980eaf2ce8db8c7c3b2a,新北市貢寮區貢寮國民小學附設幼兒園龍門分班,新北市,貢寮區,公立,[228]龍門街60號之1,(02)24942113,,15,無,110,2021/10/15,基礎評鑑－全數指標通過,檢視
2026-09-03-ntpc-full-v1,26,1,8ba3647f3a2b5343aa805eb33977ae3490582c15319c980eaf2ce8db8c7c3b2a,新北市貢寮區和美國民小學附設幼兒園,新北市,貢寮區,公立,[228]龍洞街1之9號,(02)24909035#19,https://www.hmps.ntpc.edu.tw/,15,無,110,2021/11/10,基礎評鑑－全數指標通過,檢視
2026-09-03-ntpc-full-v1,26,1,8ba3647f3a2b5343aa805eb33977ae3490582c15319c980eaf2ce8db8c7c3b2a,新北市貢寮區福隆國民小學附設幼兒園,新北市,貢寮區,公立,[228]東興街35號,(02)24992150,http://www.flps.ntpc.edu.tw/default.asp,30,無,110,2021/11/09,基礎評鑑－全數指標通過,檢視
2026-09-03-ntpc-full-v1,26,1,8ba3647f3a2b5343aa805eb33977ae3490582c15319c980eaf2ce8db8c7c3b2a,新北市立五峰國民中學附設幼兒園,新北市,新店區,公立,[231]中興路一段253號,(02)29112005#226,https://www.wfjh.ntpc.edu.tw/p/412-1000-716.php,90,無,110,2021/10/29,基礎評鑑－全數指標通過,檢視
2026-09-03-ntpc-full-v1,26,1,8ba3647f3a2b5343aa805eb33977ae3490582c15319c980eaf2ce8db8c7c3b2a,新北市新店區青潭國民小學附設幼兒園,新北市,新店區,公立,[231]北宜路二段八十號,(02)22173146#250,https://class.tn.edu.tw/modules/tad_web/index.php?WebID=5706,182,無,110,2021/10/19,基礎評鑑－全數指標通過,檢視
2026-09-03-ntpc-full-v1,27,1,378a370fd532eeeb460be6535f0e67d99aa46027e9f0950a66c425cd0c29cb5c,新北市新店區直潭國民小學附設幼兒園,新北市,新店區,公立,[231]直潭路92號,(02)26667278#806,https://www.jtes.ntpc.edu.tw/,30,無,110,2021/11/03,基礎評鑑－全數指標通過,檢視
2026-09-03-ntpc-full-v1,27,1,378a370fd532eeeb460be6535f0e67d99aa46027e9f0950a66c425cd0c29cb5c,新北市新店區屈尺國民小學附設幼兒園,新北市,新店區,公立,[231]屈尺路55號,(02)26667490#15,http://ccyes.tpc.edu.tw,30,無,110,2021/10/13,基礎評鑑－全數指標通過,檢視
2026-09-03-ntpc-full-v1,27,1,378a370fd532eeeb460be6535f0e67d99aa46027e9f0950a66c425cd0c29cb5c,新北市新店區北新國民小學附設幼兒園,新北市,新店區,公立,[231]寶橋路8號,(02)29189300#132,http://freebsd.tspes.tpc.edu.tw/~kids/,122,無,110,2021/11/11,基礎評鑑－全數指標通過,檢視
2026-09-03-ntpc-full-v1,27,1,378a370fd532eeeb460be6535f0e67d99aa46027e9f0950a66c425cd0c29cb5c,新北市立安康高級中學附設幼兒園,新北市,新店區,公立,[231]安興路25號,(02)2211-1743#830,https://www.akhs.ntpc.edu.tw/p/403-1000-114.php,30,無,110,2021/10/13,基礎評鑑－全數指標通過,檢視
2026-09-03-ntpc-full-v1,27,1,378a370fd532eeeb460be6535f0e67d99aa46027e9f0950a66c425cd0c29cb5c,新北市新店區中正國民小學附設幼兒園,新北市,新店區,公立,[231]三民路36號,(02)29125432#851,http://163.20.155.1/~kids,212,無,110,2021/10/12,基礎評鑑－全數指標通過,檢視
2026-09-03-ntpc-full-v1,27,1,378a370fd532eeeb460be6535f0e67d99aa46027e9f0950a66c425cd0c29cb5c,新北市新店區新店國民小學附設幼兒園,新北市,新店區,公立,[231]新店路2號,(02)29103483#803,https://www.xdes.ntpc.edu.tw/p/426-1000-32.php?Lang=zh-tw,106,無,110,2021/10/19,基礎評鑑－全數指標通過,檢視
2026-09-03-ntpc-full-v1,27,1,378a370fd532eeeb460be6535f0e67d99aa46027e9f0950a66c425cd0c29cb5c,新北市立新店幼兒園,新北市,新店區,公立,[231]新和街109號1、2樓,(02)29419045,http://daycare.ntpc.edu.tw/web/xindian/,120,無,110,2021/11/10,基礎評鑑－全數指標通過,檢視
2026-09-03-ntpc-full-v1,27,1,378a370fd532eeeb460be6535f0e67d99aa46027e9f0950a66c425cd0c29cb5c,新北市立新店幼兒園碧潭分班,新北市,新店區,公立,[231]新店路207號1、2樓,(02)29110175,http://192.168.30.113/nursery_school/index.jsp,60,無,110,2021/11/11,基礎評鑑－全數指標通過,檢視
2026-09-03-ntpc-full-v1,27,1,378a370fd532eeeb460be6535f0e67d99aa46027e9f0950a66c425cd0c29cb5c,新北市立新店幼兒園雙城分班,新北市,新店區,公立,[231]安康路三段165巷2弄29號,(02)22150154,http://192.168.30.113/nursery_school/index.jsp,90,無,110,2021/11/03,基礎評鑑－全數指標通過,檢視
2026-09-03-ntpc-full-v1,27,1,378a370fd532eeeb460be6535f0e67d99aa46027e9f0950a66c425cd0c29cb5c,新北市新店區龜山國民小學附設幼兒園,新北市,新店區,公立,[231]新烏路3段99巷10號,(02)26667317#21,https://www.gses.ntpc.edu.tw/nss/p/4647,45,無,110,2021/10/13,基礎評鑑－全數指標通過,檢視
2026-09-03-ntpc-full-v1,28,1,1e7da88ed61f76bdbf42e8acb97709ef90d9fa9bb3b6ccaf4cfd23928028a466,新北市新店區新和國民小學附設幼兒園,新北市,新店區,公立,[231]安和路三段100號,(02)29400170#860,http://163.20.81.9/kids,212,無,110,2021/11/10,基礎評鑑－全數指標通過,檢視
2026-09-03-ntpc-full-v1,28,1,1e7da88ed61f76bdbf42e8acb97709ef90d9fa9bb3b6ccaf4cfd23928028a466,新北市新店區雙峰國民小學附設幼兒園,新北市,新店區,公立,[231]北宜路三段66號,(02)22174543#107,163.20.45.2,30,無,110,2021/10/05,基礎評鑑－全數指標通過,檢視
2026-09-03-ntpc-full-v1,28,1,1e7da88ed61f76bdbf42e8acb97709ef90d9fa9bb3b6ccaf4cfd23928028a466,新北市新店區安坑國民小學附設幼兒園,新北市,新店區,公立,[231]安忠路36號,(02)22119759#219,http://m2.takes.ntpc.edu.tw,270,無,110,2021/11/03,基礎評鑑－全數指標通過,檢視
2026-09-03-ntpc-full-v1,28,1,1e7da88ed61f76bdbf42e8acb97709ef90d9fa9bb3b6ccaf4cfd23928028a466,新北市新店區大豐國民小學附設幼兒園,新北市,新店區,公立,[231]民族路108號,(02)22190159#21,https://www.dfes.ntpc.edu.tw/modules/ugm_page/index.php?msn=20,270,無,110,2021/10/07,基礎評鑑－全數指標通過,檢視
2026-09-03-ntpc-full-v1,28,1,1e7da88ed61f76bdbf42e8acb97709ef90d9fa9bb3b6ccaf4cfd23928028a466,新北市新店區雙城國民小學附設幼兒園,新北市,新店區,公立,[231]安康路3段322號,(02)22156511#310,http://www.tcsps.ntpc.edu.tw/default.asp,90,無,110,2021/10/08,基礎評鑑－全數指標通過,檢視
2026-09-03-ntpc-full-v1,28,1,1e7da88ed61f76bdbf42e8acb97709ef90d9fa9bb3b6ccaf4cfd23928028a466,新北市私立容石園幼兒園,新北市,新店區,私立,[231]建安街31號1樓,(02)29179648,,28,無,110,2021/10/08,基礎評鑑－全數指標通過,檢視
2026-09-03-ntpc-full-v1,28,1,1e7da88ed61f76bdbf42e8acb97709ef90d9fa9bb3b6ccaf4cfd23928028a466,新北市私立向日園幼兒園,新北市,新店區,私立,[231]中央五街84號1樓,(02)22197399,sun-school.topschool.com.tw/,42,無,110,2021/10/21,基礎評鑑－全數指標通過,檢視
2026-09-03-ntpc-full-v1,28,1,1e7da88ed61f76bdbf42e8acb97709ef90d9fa9bb3b6ccaf4cfd23928028a466,新北市私立童心圓幼兒園,新北市,新店區,私立,[231]中興路一段101號1樓,(02)86656688,,45,有,110,2021/10/15,基礎評鑑－部分指標通過,檢視
2026-09-03-ntpc-full-v1,28,2,1e7da88ed61f76bdbf42e8acb97709ef90d9fa9bb3b6ccaf4cfd23928028a466,新北市私立童心圓幼兒園,新北市,新店區,私立,[231]中興路一段101號1樓,(02)86656688,,45,有,110,2022/12/01,追蹤評鑑－全數指標通過,檢視
2026-09-03-ntpc-full-v1,29,1,3b71aac07bc8b5b88d569e48760f0ee05d2edcd0004a7e4df88992c5d93fddc2,新北市私立林肯幼兒園,新北市,新店區,私立,[231]玫瑰路29號、29號2樓、31號、31之1號、31號2樓,(02)22104986,https://sites.google.com/site/xinbeishilincolnschool/home,240,無,110,2021/11/03,基礎評鑑－全數指標通過,檢視
2026-09-03-ntpc-full-v1,29,1,3b71aac07bc8b5b88d569e48760f0ee05d2edcd0004a7e4df88992c5d93fddc2,財團法人耕莘健康管理專科學校附設新北市私立實驗幼兒園,新北市,新店區,私立,[231]民族路112號1、2樓,(02)22189396,http://www.ctcn.edu.tw/kids/index.html,130,有,110,2021/10/22,基礎評鑑－全數指標通過,檢視
2026-09-03-ntpc-full-v1,29,1,3b71aac07bc8b5b88d569e48760f0ee05d2edcd0004a7e4df88992c5d93fddc2,新北市私立立大幼兒園,新北市,新店區,私立,[231]寶中路76號2樓,(02)29120204,http://kids.ettoday.com/index.php?kd=ETY074,52,無,110,2021/11/10,基礎評鑑－全數指標通過,檢視
2026-09-03-ntpc-full-v1,29,1,3b71aac07bc8b5b88d569e48760f0ee05d2edcd0004a7e4df88992c5d93fddc2,新北市私立水星幼兒園,新北市,新店區,私立,[231]寶興路42巷25號1樓,(02)29178686,https://mercurykids.topschool.tw/Home/Main,55,無,110,2021/10/29,基礎評鑑－全數指標通過,檢視
2026-09-03-ntpc-full-v1,29,1,3b71aac07bc8b5b88d569e48760f0ee05d2edcd0004a7e4df88992c5d93fddc2,新北市私立通泉草幼兒園,新北市,新店區,私立,[231]花園一路一段3號1、2樓,(02)26660608,https://sites.google.com/view/kidedu,55,有,110,2021/11/03,基礎評鑑－全數指標通過,檢視
2026-09-03-ntpc-full-v1,29,1,3b71aac07bc8b5b88d569e48760f0ee05d2edcd0004a7e4df88992c5d93fddc2,新北市私立積木幼兒園,新北市,新店區,私立,[231]三民路31號1~2樓,(02)29182889,www.blockkidsschool.com.tw,36,有,110,2021/11/09,基礎評鑑－全數指標通過,檢視
2026-09-03-ntpc-full-v1,29,1,3b71aac07bc8b5b88d569e48760f0ee05d2edcd0004a7e4df88992c5d93fddc2,新北市私立寶媽媽幼兒園,新北市,新店區,私立,[231]安康路三段355巷40號1樓、42號3樓,(02)22152422,,33,無,110,2021/10/08,基礎評鑑－全數指標通過,檢視
2026-09-03-ntpc-full-v1,29,1,3b71aac07bc8b5b88d569e48760f0ee05d2edcd0004a7e4df88992c5d93fddc2,新北市私立炫媽咪幼兒園,新北市,新店區,私立,[231]中興路一段203號1、2樓,(02)89112955,,85,無,110,2021/11/10,基礎評鑑－部分指標通過,檢視
2026-09-03-ntpc-full-v1,29,2,3b71aac07bc8b5b88d569e48760f0ee05d2edcd0004a7e4df88992c5d93fddc2,新北市私立炫媽咪幼兒園,新北市,新店區,私立,[231]中興路一段203號1、2樓,(02)89112955,,85,無,110,2022/12/02,追蹤評鑑－全數指標通過,檢視
2026-09-03-ntpc-full-v1,29,1,3b71aac07bc8b5b88d569e48760f0ee05d2edcd0004a7e4df88992c5d93fddc2,新北市私立聯華幼兒園,新北市,新店區,私立,[231]北新路2段186號1-2樓,(02)29155656,,75,有,110,2021/11/11,基礎評鑑－全數指標通過,檢視
2026-09-03-ntpc-full-v1,29,1,3b71aac07bc8b5b88d569e48760f0ee05d2edcd0004a7e4df88992c5d93fddc2,新北市私立安馨新店幼兒園,新北市,新店區,私立,[231]安和路2段35號1樓、37號1、2樓,(02)22119727,,52,無,110,2021/11/12,基礎評鑑－全數指標通過,檢視
2026-09-03-ntpc-full-v1,30,1,f4201f3b3e46b161f4a2af1c7d0857fb737c4177242b436bf98a8ce474ec2b94,新北市私立好好幼兒園,新北市,新店區,私立,"[231]達觀路6號1,2樓",(02)22135960,http://hoho.woby.com.tw/,54,無,110,2021/10/26,基礎評鑑－全數指標通過,檢視
2026-09-03-ntpc-full-v1,30,1,f4201f3b3e46b161f4a2af1c7d0857fb737c4177242b436bf98a8ce474ec2b94,新北市私立新中幼兒園,新北市,新店區,私立,[231]中正路360號2樓,(02)22192878,,170,無,110,2021/10/29,基礎評鑑－全數指標通過,檢視
2026-09-03-ntpc-full-v1,30,1,f4201f3b3e46b161f4a2af1c7d0857fb737c4177242b436bf98a8ce474ec2b94,新北市私立嘉慶幼兒園,新北市,新店區,私立,[231]安康路2段136號,(02)22123378,,110,無,110,2021/10/26,基礎評鑑－全數指標通過,檢視
2026-09-03-ntpc-full-v1,30,1,f4201f3b3e46b161f4a2af1c7d0857fb737c4177242b436bf98a8ce474ec2b94,新北市私立佳欣幼兒園,新北市,新店區,私立,[231]中正路128巷9弄1號,(02)29138578,http://amy.blogkids.net,35,無,110,2021/11/02,基礎評鑑－全數指標通過,檢視
2026-09-03-ntpc-full-v1,30,1,f4201f3b3e46b161f4a2af1c7d0857fb737c4177242b436bf98a8ce474ec2b94,新北市私立佳欣中正幼兒園,新北市,新店區,私立,[231]中正路128巷7弄2號1樓，4號1樓,(02)86653778,http://amy.blogkids.net,42,無,110,2021/11/02,基礎評鑑－全數指標通過,檢視
2026-09-03-ntpc-full-v1,30,1,f4201f3b3e46b161f4a2af1c7d0857fb737c4177242b436bf98a8ce474ec2b94,新北市私立幼幼立大幼兒園,新北市,新店區,私立,"[231]北新路二段29巷1弄1號1,2樓",(02)86653778,http://amy.blogkids.net,60,無,110,2021/11/09,基礎評鑑－全數指標通過,檢視
2026-09-03-ntpc-full-v1,30,1,f4201f3b3e46b161f4a2af1c7d0857fb737c4177242b436bf98a8ce474ec2b94,新北市私立禾力幼兒園,新北市,新店區,私立,[231]安康路2段142巷14號1、2樓,(02)22110599,,90,無,110,2021/10/19,基礎評鑑－全數指標通過,檢視
2026-09-03-ntpc-full-v1,30,1,f4201f3b3e46b161f4a2af1c7d0857fb737c4177242b436bf98a8ce474ec2b94,新北市私立幼禾幼兒園,新北市,新店區,私立,[231]平等街48巷17、19號,(02)29103808,,28,無,110,2021/10/12,基礎評鑑－全數指標通過,檢視
2026-09-03-ntpc-full-v1,30,1,f4201f3b3e46b161f4a2af1c7d0857fb737c4177242b436bf98a8ce474ec2b94,新北市私立菲力中興幼兒園,新北市,新店區,私立,[231]中興路1段266之1號、266之3號2樓,(02)29185674,,77,無,110,2021/10/19,基礎評鑑－全數指標通過,檢視
2026-09-03-ntpc-full-v1,30,1,f4201f3b3e46b161f4a2af1c7d0857fb737c4177242b436bf98a8ce474ec2b94,新北市私立菲力復興幼兒園,新北市,新店區,私立,[231]寶元路一段15巷9號1-2樓、11號1-2樓,(02)89113455,,80,無,110,2021/10/19,基礎評鑑－全數指標通過,檢視
2026-09-03-ntpc-full-v1,31,1,ae08760935eab36a8ca26e48b3ea1881eed06698d5e586f5dc3683782c04c2dc,康軒文教事業股份有限公司附設新北市私立員工幼兒園,新北市,新店區,私立,[231]中興路二段218巷11號3樓,(02)86651866,http://www.kcbs.tps.edu.tw/kindweb,267,無,110,2021/10/12,基礎評鑑－全數指標通過,檢視
2026-09-03-ntpc-full-v1,31,1,ae08760935eab36a8ca26e48b3ea1881eed06698d5e586f5dc3683782c04c2dc,新北市私立雅格幼兒園,新北市,新店區,私立,[231]安德街40號1、2樓,(02)22118709,,29,無,110,2021/10/26,基礎評鑑－全數指標通過,檢視
2026-09-03-ntpc-full-v1,31,1,ae08760935eab36a8ca26e48b3ea1881eed06698d5e586f5dc3683782c04c2dc,新北市私立樂韻幼兒園,新北市,新店區,私立,[231]中興路1段171、173號1樓,(02)29110748,,56,無,110,2021/11/10,基礎評鑑－全數指標通過,檢視
2026-09-03-ntpc-full-v1,31,1,ae08760935eab36a8ca26e48b3ea1881eed06698d5e586f5dc3683782c04c2dc,新北市私立小天才幼兒園,新北市,新店區,私立,[231]文化路73巷8、10號1樓,(02)29127835,,35,無,110,2021/10/05,基礎評鑑－部分指標通過,檢視
2026-09-03-ntpc-full-v1,31,2,ae08760935eab36a8ca26e48b3ea1881eed06698d5e586f5dc3683782c04c2dc,新北市私立小天才幼兒園,新北市,新店區,私立,[231]文化路73巷8、10號1樓,(02)29127835,,35,無,110,2022/12/06,追蹤評鑑－全數指標通過,檢視
2026-09-03-ntpc-full-v1,31,1,ae08760935eab36a8ca26e48b3ea1881eed06698d5e586f5dc3683782c04c2dc,新北市私立樂童幼兒園,新北市,新店區,私立,[231]大豐路16巷9號、11號1樓,(02)29147856,,65,無,110,2021/10/29,基礎評鑑－全數指標通過,檢視
2026-09-03-ntpc-full-v1,31,1,ae08760935eab36a8ca26e48b3ea1881eed06698d5e586f5dc3683782c04c2dc,新北市私立漢華幼兒園,新北市,新店區,私立,[231]安忠路57巷26弄29號、31號1樓,(02)22116868,,60,無,110,2021/10/26,基礎評鑑－全數指標通過,檢視
2026-09-03-ntpc-full-v1,31,1,ae08760935eab36a8ca26e48b3ea1881eed06698d5e586f5dc3683782c04c2dc,新北市私立凱撒琳幼兒園,新北市,新店區,私立,[231]安德街57巷9號1樓、11號1樓、13號1樓、15號1樓、17號1樓,(02)22122588,katharinekids@yahoo.com.tw,70,無,110,2021/10/19,基礎評鑑－全數指標通過,檢視
2026-09-03-ntpc-full-v1,31,1,ae08760935eab36a8ca26e48b3ea1881eed06698d5e586f5dc3683782c04c2dc,新北市私立劍聲幼兒園,新北市,新店區,私立,[231]明德路65巷3號、5號、7號及9號,(02)29110883,www.myjskid.com,150,無,110,2021/11/03,基礎評鑑－全數指標通過,檢視
2026-09-03-ntpc-full-v1,31,1,ae08760935eab36a8ca26e48b3ea1881eed06698d5e586f5dc3683782c04c2dc,新北市私立新乖乖幼兒園,新北市,新店區,私立,[231]北宜路二段56巷3弄2號1樓、5弄1號1樓,(02)22172598,,33,無,110,2021/10/05,基礎評鑑－全數指標通過,檢視
2026-09-03-ntpc-full-v1,31,1,ae08760935eab36a8ca26e48b3ea1881eed06698d5e586f5dc3683782c04c2dc,新北市私立三愛幼兒園,新北市,新店區,私立,[231]安民街269巷14、16號,(02)22118158,,90,無,110,2021/10/20,基礎評鑑－全數指標通過,檢視
2026-09-03-ntpc-full-v1,32,1,9ca09d7797c06070fff9f58ab93a887d7ef4519a1e843acf3a68b981a0b8b40d,新北市私立三之三幼兒園,新北市,新店區,私立,[231]北宜路1段35、37號2樓,(02)86659872,http://tw.myblog.yahoo.com/sunschool86659872,59,無,110,2021/10/15,基礎評鑑－全數指標通過,檢視
2026-09-03-ntpc-full-v1,32,1,9ca09d7797c06070fff9f58ab93a887d7ef4519a1e843acf3a68b981a0b8b40d,新北市私立博安幼兒園,新北市,新店區,私立,[231]光華街20.22號,(02)22112577,,60,無,110,2021/11/12,基礎評鑑－部分指標通過,檢視
2026-09-03-ntpc-full-v1,32,2,9ca09d7797c06070fff9f58ab93a887d7ef4519a1e843acf3a68b981a0b8b40d,新北市私立博安幼兒園,新北市,新店區,私立,[231]光華街20.22號,(02)22112577,,60,無,110,2022/11/30,追蹤評鑑－全數指標通過,檢視
2026-09-03-ntpc-full-v1,32,1,9ca09d7797c06070fff9f58ab93a887d7ef4519a1e843acf3a68b981a0b8b40d,新北市私立小綠芽幼兒園,新北市,新店區,私立,[231]中正路382巷1號1樓,(02)22193305,,29,無,110,2021/10/22,基礎評鑑－部分指標通過,檢視
2026-09-03-ntpc-full-v1,32,2,9ca09d7797c06070fff9f58ab93a887d7ef4519a1e843acf3a68b981a0b8b40d,新北市私立小綠芽幼兒園,新北市,新店區,私立,[231]中正路382巷1號1樓,(02)22193305,,29,無,110,2022/12/06,追蹤評鑑－全數指標通過,檢視
2026-09-03-ntpc-full-v1,32,1,9ca09d7797c06070fff9f58ab93a887d7ef4519a1e843acf3a68b981a0b8b40d,新北市私立尼斯堡幼兒園,新北市,新店區,私立,[231]中央一街20號1樓,(02)82187139,,83,無,110,2021/10/21,基礎評鑑－全數指標通過,檢視
2026-09-03-ntpc-full-v1,32,1,9ca09d7797c06070fff9f58ab93a887d7ef4519a1e843acf3a68b981a0b8b40d,新北市私立培英幼兒園,新北市,新店區,私立,[231]三民路75巷12號、14號,(02)29118055,,43,無,110,2021/10/29,基礎評鑑－全數指標通過,檢視
2026-09-03-ntpc-full-v1,32,1,9ca09d7797c06070fff9f58ab93a887d7ef4519a1e843acf3a68b981a0b8b40d,新北市私立芯品幼兒園,新北市,新店區,私立,[231]安康路2段91巷9號1樓,(02)86665089,,57,無,110,2021/11/03,基礎評鑑－全數指標通過,檢視
2026-09-03-ntpc-full-v1,32,1,9ca09d7797c06070fff9f58ab93a887d7ef4519a1e843acf3a68b981a0b8b40d,新北市私立巨耀幼兒園,新北市,新店區,私立,[231]大豐路68巷1號1樓、2樓及70號1樓、2樓,(02)86653555,,180,無,110,2021/10/29,基礎評鑑－全數指標通過,檢視
2026-09-03-ntpc-full-v1,32,1,9ca09d7797c06070fff9f58ab93a887d7ef4519a1e843acf3a68b981a0b8b40d,財團法人天主教新北市私立育新幼兒園,新北市,新店區,私立,[231]三民路19號,(02)29158300#101,www.yhk.org.tw,210,無,110,2021/10/29,基礎評鑑－全數指標通過,檢視
2026-09-03-ntpc-full-v1,32,1,9ca09d7797c06070fff9f58ab93a887d7ef4519a1e843acf3a68b981a0b8b40d,新北市私立道欣幼兒園,新北市,新店區,私立,[231]玫瑰路58巷33號1樓,(02)22155515,,38,無,110,2021/11/12,基礎評鑑－全數指標通過,檢視
2026-09-03-ntpc-full-v1,32,1,9ca09d7797c06070fff9f58ab93a887d7ef4519a1e843acf3a68b981a0b8b40d,新北市私立安康幼兒園,新北市,新店區,私立,[231]安康路2段168號1樓、2樓、3樓,(02)86660666,,121,無,110,2021/10/19,基礎評鑑－全數指標通過,檢視
2026-09-03-ntpc-full-v1,33,1,371ad446f7aa48ca0e925bdddddb963059048675f39fdd647f9b92019faf411c,新北市私立芯琦幼兒園,新北市,新店區,私立,[231]如意街61號1樓、63號1-2樓,(02)22140818,,89,無,110,2021/11/12,基礎評鑑－全數指標通過,檢視
2026-09-03-ntpc-full-v1,33,1,371ad446f7aa48ca0e925bdddddb963059048675f39fdd647f9b92019faf411c,新北市私立李氏姐妹幼兒園,新北市,新店區,私立,[231]中華路5號、9號2樓、9號2樓之1,(02)29122995,http://theleesisters.com,142,有,110,2021/11/09,基礎評鑑－全數指標通過,檢視
2026-09-03-ntpc-full-v1,33,1,371ad446f7aa48ca0e925bdddddb963059048675f39fdd647f9b92019faf411c,康橋學校財團法人新北市康橋高級中學附屬新北市私立康橋幼兒園,新北市,新店區,私立,[231]頂城五街80號,(02)81958866,http://www.kcbs.ntpc.edu.tw/81958866/,390,無,110,2021/10/13,基礎評鑑－全數指標通過,檢視
2026-09-03-ntpc-full-v1,33,1,371ad446f7aa48ca0e925bdddddb963059048675f39fdd647f9b92019faf411c,新北市私立三民幼兒園,新北市,新店區,私立,[231]民權路11巷3號,(02)29151151,,60,無,110,2021/10/05,基礎評鑑－全數指標通過,檢視
2026-09-03-ntpc-full-v1,33,1,371ad446f7aa48ca0e925bdddddb963059048675f39fdd647f9b92019faf411c,新北市私立莘莘幼兒園,新北市,新店區,私立,[231]中正路284巷4弄3號1樓,(02)29124853,,30,無,110,2021/10/08,基礎評鑑－全數指標通過,檢視
2026-09-03-ntpc-full-v1,33,1,371ad446f7aa48ca0e925bdddddb963059048675f39fdd647f9b92019faf411c,新北市私立俏媽咪幼兒園,新北市,新店區,私立,[231]民族路55號,(02)29115811,http://www.cutemama.tw,70,無,110,2021/11/03,基礎評鑑－全數指標通過,檢視
2026-09-03-ntpc-full-v1,33,1,371ad446f7aa48ca0e925bdddddb963059048675f39fdd647f9b92019faf411c,新北市私立心象園幼兒園,新北市,新店區,私立,[231]自立街13號1樓,(02)22191077,,30,無,110,2021/10/07,基礎評鑑－部分指標通過,檢視
2026-09-03-ntpc-full-v1,33,2,371ad446f7aa48ca0e925bdddddb963059048675f39fdd647f9b92019faf411c,新北市私立心象園幼兒園,新北市,新店區,私立,[231]自立街13號1樓,(02)22191077,,30,無,110,2022/12/01,追蹤評鑑－全數指標通過,檢視
2026-09-03-ntpc-full-v1,33,1,371ad446f7aa48ca0e925bdddddb963059048675f39fdd647f9b92019faf411c,新北市私立佳恩幼兒園,新北市,新店區,私立,[231]德正街27巷29弄8號,(02)29114466,http. elier0103@gmail.com,60,無,110,2021/11/09,基礎評鑑－全數指標通過,檢視
2026-09-03-ntpc-full-v1,33,1,371ad446f7aa48ca0e925bdddddb963059048675f39fdd647f9b92019faf411c,新北市私立陽光天使幼兒園,新北市,新店區,私立,[231]中正路700巷26號1樓,(02)82183336,,195,無,110,2021/11/09,基礎評鑑－部分指標通過,檢視
2026-09-03-ntpc-full-v1,33,2,371ad446f7aa48ca0e925bdddddb963059048675f39fdd647f9b92019faf411c,新北市私立陽光天使幼兒園,新北市,新店區,私立,[231]中正路700巷26號1樓,(02)82183336,,195,無,110,2022/12/06,追蹤評鑑－全數指標通過,檢視
2026-09-03-ntpc-full-v1,33,1,371ad446f7aa48ca0e925bdddddb963059048675f39fdd647f9b92019faf411c,財團法人中華民國佛教慈濟慈善事業基金會附設新北市私立臺北大愛幼兒園,新北市,新店區,私立,[231]建國路279號1樓,(02)40510777#4237,,106,無,110,2021/10/26,基礎評鑑－全數指標通過,檢視
2026-09-03-ntpc-full-v1,34,1,713c90abe2ec9e6c90f708b281902cdfd142ae95e80e6a6c3731c9793de81958,新北市私立優時代幼兒園,新北市,新店區,私立,[231]中興路2段189號1樓、2樓,(02)29150988,,90,無,110,2021/10/12,基礎評鑑－全數指標通過,檢視
2026-09-03-ntpc-full-v1,34,1,713c90abe2ec9e6c90f708b281902cdfd142ae95e80e6a6c3731c9793de81958,新北市私立禾米國際幼兒園,新北市,新店區,私立,[231]復興路10-2號1樓,(02)29161730,,45,無,110,2021/11/04,基礎評鑑－全數指標通過,檢視
2026-09-03-ntpc-full-v1,34,1,713c90abe2ec9e6c90f708b281902cdfd142ae95e80e6a6c3731c9793de81958,新北市安興非營利幼兒園(委託財團法人仁德醫護管理專科學校辦理),新北市,新店區,非營利,[231]安興路129號1、2、3樓,(02)22122100,,60,無,110,2021/10/20,基礎評鑑－全數指標通過,檢視
2026-09-03-ntpc-full-v1,34,1,713c90abe2ec9e6c90f708b281902cdfd142ae95e80e6a6c3731c9793de81958,新北市文中非營利幼兒園（委託社團法人臺灣澄芽全人文教發展協會辦理）,新北市,新店區,非營利,[231]文中路38號,(02)89115700,wenshan20260803@gmail.com,106,無,113,2024/10/11,基礎評鑑－全數指標通過,檢視
2026-09-03-ntpc-full-v1,34,1,713c90abe2ec9e6c90f708b281902cdfd142ae95e80e6a6c3731c9793de81958,新北市坪林區坪林國民小學附設幼兒園,新北市,坪林區,公立,[232]坪林街114號,(02)26656213#38,https://www.plnes.ntpc.edu.tw/,60,無,110,2021/10/14,基礎評鑑－全數指標通過,檢視
2026-09-03-ntpc-full-v1,34,1,713c90abe2ec9e6c90f708b281902cdfd142ae95e80e6a6c3731c9793de81958,新北市立坪林實驗國民中學附設幼兒園,新北市,坪林區,公立,[232]國中路2號,(02)26657104,https://26657104.blogspot.com/,36,無,111,2022/11/04,基礎評鑑－全數指標通過,檢視
2026-09-03-ntpc-full-v1,34,1,713c90abe2ec9e6c90f708b281902cdfd142ae95e80e6a6c3731c9793de81958,新北市立烏來國民中小學附設幼兒園,新北市,烏來區,公立,[233]啦卡路5號,(02)26616482#60,https://www.facebook.com/Ulay.xo,60,無,110,2021/10/06,基礎評鑑－全數指標通過,檢視
2026-09-03-ntpc-full-v1,34,1,713c90abe2ec9e6c90f708b281902cdfd142ae95e80e6a6c3731c9793de81958,新北市立德拉楠民族實驗小學附設幼兒園,新北市,烏來區,公立,[233]李茂岸56號,(02)26616124#501,http://www.fses.tpc.edu.tw/dyna/menu/index.php?account=grade0,30,無,110,2021/10/05,基礎評鑑－全數指標通過,檢視
2026-09-03-ntpc-full-v1,35,1,04c90f1883bc4a748f2157dcc4214a00b2d9571183a2251a3fa02726a85c60e9,新北市立烏來幼兒園,新北市,烏來區,公立,[233]環山路82巷98號,(02)26616101,https://sites.google.com/apps.ntpc.edu.tw/ulaypqwasanbiru/%E9%A6%96%E9%A0%81,45,無,110,2021/10/06,基礎評鑑－全數指標通過,檢視
2026-09-03-ntpc-full-v1,35,1,04c90f1883bc4a748f2157dcc4214a00b2d9571183a2251a3fa02726a85c60e9,新北市永和區秀朗國民小學附設幼兒園,新北市,永和區,公立,[234]得和路202號,(02)29420451#5701,https://hleskid.blogspot.com/,300,無,113,2024/10/30,基礎評鑑－全數指標通過,檢視
2026-09-03-ntpc-full-v1,35,1,04c90f1883bc4a748f2157dcc4214a00b2d9571183a2251a3fa02726a85c60e9,新北市永和區永平國民小學附設幼兒園,新北市,永和區,公立,[234]保生路25號,(02)89217496#701,https://sites.google.com/kidmail.ntpc.edu.tw/ypes,274,無,113,2024/11/07,基礎評鑑－全數指標通過,檢視
2026-09-03-ntpc-full-v1,35,1,04c90f1883bc4a748f2157dcc4214a00b2d9571183a2251a3fa02726a85c60e9,新北市永和區永和國民小學附設幼兒園,新北市,永和區,公立,[234]秀朗路一段120號,(02)29213160#600,https://ntpcyhes601.blogspot.com/,226,無,113,2024/10/07,基礎評鑑－全數指標通過,檢視
2026-09-03-ntpc-full-v1,35,1,04c90f1883bc4a748f2157dcc4214a00b2d9571183a2251a3fa02726a85c60e9,新北市永和區頂溪國民小學附設幼兒園,新北市,永和區,公立,[234]文化路133號,(02)89790643#1107,http://www.thps.tpc.edu.tw/%7Ekinder/,180,無,113,2024/11/07,基礎評鑑－全數指標通過,檢視
2026-09-03-ntpc-full-v1,35,1,04c90f1883bc4a748f2157dcc4214a00b2d9571183a2251a3fa02726a85c60e9,新北市永和區網溪國民小學附設幼兒園,新北市,永和區,公立,[234]竹林路79號,(02)89264470#850,http://www.whps.ntpc.edu.tw/default.asp,136,無,113,2024/10/22,基礎評鑑－全數指標通過,檢視
2026-09-03-ntpc-full-v1,35,1,04c90f1883bc4a748f2157dcc4214a00b2d9571183a2251a3fa02726a85c60e9,新北市立福和國民中學附設幼兒園,新北市,永和區,公立,[234]永利路71號,(02)29289493#300,https://sites.google.com/view/fuhekid/首頁,60,無,113,2024/10/07,基礎評鑑－全數指標通過,檢視
2026-09-03-ntpc-full-v1,35,1,04c90f1883bc4a748f2157dcc4214a00b2d9571183a2251a3fa02726a85c60e9,新北市立永和幼兒園,新北市,永和區,公立,[234]民權路60號1樓至3樓,(02)29483199,https://preschool-yonghe.blogspot.com,200,無,113,2024/09/24,基礎評鑑－全數指標通過,檢視
2026-09-03-ntpc-full-v1,35,1,04c90f1883bc4a748f2157dcc4214a00b2d9571183a2251a3fa02726a85c60e9,新北市立永和幼兒園博愛分班,新北市,永和區,公立,[234]竹林路39巷35號1樓至3樓,(02)89252771,,60,無,113,2024/10/08,基礎評鑑－全數指標通過,檢視
2026-09-03-ntpc-full-v1,35,1,04c90f1883bc4a748f2157dcc4214a00b2d9571183a2251a3fa02726a85c60e9,新北市立永和幼兒園忠孝分班,新北市,永和區,公立,[234]忠孝街26巷8號1樓至2樓,(02)29249440,https://preschool-yonghe.blogspot.com,100,無,113,2024/10/08,基礎評鑑－全數指標通過,檢視
2026-09-03-ntpc-full-v1,36,1,4b083da2147d24b77c238329e419bf6d8fdd7a5ae680254c5323a11ee03a7d57,新北市立永和幼兒園保生分班,新北市,永和區,公立,[234]新生路218號1樓、2樓,(02)29250276,https://preschool-yonghe.blogspot.com,81,無,113,2024/10/01,基礎評鑑－全數指標通過,檢視
2026-09-03-ntpc-full-v1,36,1,4b083da2147d24b77c238329e419bf6d8fdd7a5ae680254c5323a11ee03a7d57,新北市立永和幼兒園民生分班,新北市,永和區,公立,[234]安樂路431-1號2樓,(02)29254694,https://preschool-yonghe.blogspot.com,110,無,113,2024/09/24,基礎評鑑－全數指標通過,檢視
2026-09-03-ntpc-full-v1,36,1,4b083da2147d24b77c238329e419bf6d8fdd7a5ae680254c5323a11ee03a7d57,新北市私立新新幼兒園,新北市,永和區,私立,[234]保平路292巷36弄3、5號,(02)29270916,,80,無,113,2024/11/04,基礎評鑑－部分指標通過,檢視
2026-09-03-ntpc-full-v1,36,2,4b083da2147d24b77c238329e419bf6d8fdd7a5ae680254c5323a11ee03a7d57,新北市私立新新幼兒園,新北市,永和區,私立,[234]保平路292巷36弄3、5號,(02)29270916,,80,無,113,2025/11/26,追蹤評鑑－全數指標通過,檢視
2026-09-03-ntpc-full-v1,36,1,4b083da2147d24b77c238329e419bf6d8fdd7a5ae680254c5323a11ee03a7d57,新北市私立合安幼兒園,新北市,永和區,私立,[234]民樂街59巷15號,(02)32334171,,30,無,113,2024/10/25,基礎評鑑－全數指標通過,檢視
2026-09-03-ntpc-full-v1,36,1,4b083da2147d24b77c238329e419bf6d8fdd7a5ae680254c5323a11ee03a7d57,新北市私立永佳幼兒園,新北市,永和區,私立,[234]永平路218巷2號,(02)29283312,,52,無,113,2024/10/01,基礎評鑑－全數指標通過,檢視
2026-09-03-ntpc-full-v1,36,1,4b083da2147d24b77c238329e419bf6d8fdd7a5ae680254c5323a11ee03a7d57,新北市私立文揚幼兒園,新北市,永和區,私立,[234]豫溪街162巷12號1、2樓,(02)89253102,,29,無,113,2024/10/07,基礎評鑑－全數指標通過,檢視
2026-09-03-ntpc-full-v1,36,1,4b083da2147d24b77c238329e419bf6d8fdd7a5ae680254c5323a11ee03a7d57,新北市私立親親幼兒園,新北市,永和區,私立,[234]永和路一段112號2樓,(02)29251974,,30,無,113,2024/10/25,基礎評鑑－全數指標通過,檢視
2026-09-03-ntpc-full-v1,36,1,4b083da2147d24b77c238329e419bf6d8fdd7a5ae680254c5323a11ee03a7d57,新北市私立比弗利幼兒園,新北市,永和區,私立,[234]中正路232號3樓、234號2、3樓,(02)29413876,,63,無,113,2024/09/23,基礎評鑑－全數指標通過,檢視
2026-09-03-ntpc-full-v1,36,1,4b083da2147d24b77c238329e419bf6d8fdd7a5ae680254c5323a11ee03a7d57,新北市私立育苗幼兒園,新北市,永和區,私立,[234]林森路40巷6弄2號,(02)29273965,,50,無,113,2024/10/28,基礎評鑑－全數指標通過,檢視
2026-09-03-ntpc-full-v1,36,1,4b083da2147d24b77c238329e419bf6d8fdd7a5ae680254c5323a11ee03a7d57,新北市私立翰尼永和幼兒園,新北市,永和區,私立,[234]永平路51號2樓,(02)89218252,,50,無,113,2024/11/06,基礎評鑑－全數指標通過,檢視
2026-09-03-ntpc-full-v1,37,1,79e6d8bed172983991da7b0c684edb1cc8c63a67009d476f621ab905a109efa1,新北市私立新惠幼幼兒園,新北市,永和區,私立,[234]保安路252巷2號1.2樓,(02)29209603,,60,無,113,2024/10/17,基礎評鑑－全數指標通過,檢視
2026-09-03-ntpc-full-v1,37,1,79e6d8bed172983991da7b0c684edb1cc8c63a67009d476f621ab905a109efa1,新北市私立新惠幼幼兒園保安分班,新北市,永和區,私立,[234]保安路252巷3號1樓,(02)29209603,,16,無,113,2024/10/17,基礎評鑑－全數指標通過,檢視
2026-09-03-ntpc-full-v1,37,1,79e6d8bed172983991da7b0c684edb1cc8c63a67009d476f621ab905a109efa1,新北市私立新七賢幼兒園,新北市,永和區,私立,[234]竹林路39巷17號1樓、2樓,(02)89287109,,80,無,113,2024/10/17,基礎評鑑－全數指標通過,檢視
2026-09-03-ntpc-full-v1,37,1,79e6d8bed172983991da7b0c684edb1cc8c63a67009d476f621ab905a109efa1,新北市私立科見幼兒園,新北市,永和區,私立,[234]民權路53號3樓之1,(02)29491375,,90,無,113,2024/09/27,基礎評鑑－全數指標通過,檢視
2026-09-03-ntpc-full-v1,37,1,79e6d8bed172983991da7b0c684edb1cc8c63a67009d476f621ab905a109efa1,新北市私立卡兒堡幼兒園,新北市,永和區,私立,[234]信義路17巷24號1樓,(02)29210808,,30,無,113,2024/11/07,基礎評鑑－全數指標通過,檢視
2026-09-03-ntpc-full-v1,37,1,79e6d8bed172983991da7b0c684edb1cc8c63a67009d476f621ab905a109efa1,新北市私立微笑太陽幼兒園,新北市,永和區,私立,[234]中和路305巷10弄1.3號,(02)29216210,home.kimo.com.tw/markedlily,60,無,113,2024/10/23,基礎評鑑－全數指標通過,檢視
2026-09-03-ntpc-full-v1,37,1,79e6d8bed172983991da7b0c684edb1cc8c63a67009d476f621ab905a109efa1,新北市私立喬幼國際幼兒園,新北市,永和區,私立,[234]中和路435號1-2樓,(02-)29241528,http://www.papajordan.com.tw,45,無,113,2024/10/18,基礎評鑑－全數指標通過,檢視
2026-09-03-ntpc-full-v1,37,1,79e6d8bed172983991da7b0c684edb1cc8c63a67009d476f621ab905a109efa1,新北市私立民華幼兒園,新北市,永和區,私立,"[234]民有街6號1,2樓",(02)29489233,,49,無,113,2024/09/23,基礎評鑑－全數指標通過,檢視
2026-09-03-ntpc-full-v1,37,1,79e6d8bed172983991da7b0c684edb1cc8c63a67009d476f621ab905a109efa1,新北市私立荳荳幼兒園,新北市,永和區,私立,[234]得和路249-1號,(02)29239123,,34,無,113,2024/11/01,基礎評鑑－全數指標通過,檢視
2026-09-03-ntpc-full-v1,37,1,79e6d8bed172983991da7b0c684edb1cc8c63a67009d476f621ab905a109efa1,新北市私立永達幼兒園,新北市,永和區,私立,[234]永貞路39巷9弄7號、9號,(02)29228387,http://www.yongda8387@gmail.com.tw,90,無,113,2024/10/28,基礎評鑑－全數指標通過,檢視
2026-09-03-ntpc-full-v1,38,1,d9140e3472124c712385736638f07b24163c585b8daa5512cfd580631e9cafc4,新北市私立新佳美幼兒園,新北市,永和區,私立,[234]中正路412巷4弄8、10、12、14號,(02)29218644,http://www.jiamei.org.tw,120,無,113,2024/11/07,基礎評鑑－全數指標通過,檢視
2026-09-03-ntpc-full-v1,38,1,d9140e3472124c712385736638f07b24163c585b8daa5512cfd580631e9cafc4,新北市私立何嘉仁得和幼兒園,新北市,永和區,私立,[234]得和路273之2號1樓至3樓、273號2樓至3樓、273號2樓之1、273號3樓之1,(02)89233666,,408,無,113,2024/09/24,基礎評鑑－全數指標通過,檢視
2026-09-03-ntpc-full-v1,38,1,d9140e3472124c712385736638f07b24163c585b8daa5512cfd580631e9cafc4,新北市私立野聲幼兒園,新北市,永和區,私立,[234]豫溪街74巷7弄2號1樓至3樓、4號1樓至3樓,(02)29242925,,128,無,113,2024/11/01,基礎評鑑－部分指標通過,檢視
2026-09-03-ntpc-full-v1,38,2,d9140e3472124c712385736638f07b24163c585b8daa5512cfd580631e9cafc4,新北市私立野聲幼兒園,新北市,永和區,私立,[234]豫溪街74巷7弄2號1樓至3樓、4號1樓至3樓,(02)29242925,,128,無,113,2025/11/28,追蹤評鑑－全數指標通過,檢視
2026-09-03-ntpc-full-v1,38,1,d9140e3472124c712385736638f07b24163c585b8daa5512cfd580631e9cafc4,新北市私立巨堡幼兒園,新北市,永和區,私立,[234]永寧街115巷1號及3號,(02)29208968,,45,無,113,2024/10/16,基礎評鑑－全數指標通過,檢視
2026-09-03-ntpc-full-v1,38,1,d9140e3472124c712385736638f07b24163c585b8daa5512cfd580631e9cafc4,新北市私立奧爾仕幼兒園,新北市,永和區,私立,[234]保平路203巷2號1樓至2樓,(02)22314384,,150,無,113,2024/11/04,基礎評鑑－全數指標通過,檢視
2026-09-03-ntpc-full-v1,38,1,d9140e3472124c712385736638f07b24163c585b8daa5512cfd580631e9cafc4,新北市私立巧可麗雙和幼兒園,新北市,永和區,私立,[234]安樂路170號,(02)86605058,,62,無,113,2024/10/30,基礎評鑑－全數指標通過,檢視
2026-09-03-ntpc-full-v1,38,1,d9140e3472124c712385736638f07b24163c585b8daa5512cfd580631e9cafc4,財團法人新北市私立及人國民小學附設新北市私立幼兒園,新北市,永和區,私立,[234]文化路172號,(02)29213804,www.cjps.ntpc.edu.tw,300,無,113,2024/10/21,基礎評鑑－全數指標通過,檢視
2026-09-03-ntpc-full-v1,38,1,d9140e3472124c712385736638f07b24163c585b8daa5512cfd580631e9cafc4,新北市私立喬合幼兒園,新北市,永和區,私立,[234]成功路一段93巷13弄39號1樓至2樓,(02)29214668,,45,無,113,2024/10/25,基礎評鑑－全數指標通過,檢視
2026-09-03-ntpc-full-v1,38,1,d9140e3472124c712385736638f07b24163c585b8daa5512cfd580631e9cafc4,新北市私立佳樂幼兒園,新北市,永和區,私立,[234]福和路95號1樓至2樓,(02)29210336,,92,無,113,2024/10/24,基礎評鑑－全數指標通過,檢視
2026-09-03-ntpc-full-v1,38,1,d9140e3472124c712385736638f07b24163c585b8daa5512cfd580631e9cafc4,新北市私立嘉樂幼兒園,新北市,永和區,私立,[234]中和路501巷17號,(02)29255484,http://www.chialepreschool.com.tw/,90,無,113,2024/10/18,基礎評鑑－全數指標通過,檢視
2026-09-03-ntpc-full-v1,39,1,105d98aa485788e5e441a25129388f10d26752f18c2fcb522cf42da0acb90e67,新北市私立安迪芬幼兒園,新北市,永和區,私立,[234]信義路17巷9弄1號及3號1樓至2樓,(02)29278843,http://aunti-fenny.topschool.com.tw/,40,無,114,2025/11/03,基礎評鑑－全數指標通過,檢視
2026-09-03-ntpc-full-v1,39,1,105d98aa485788e5e441a25129388f10d26752f18c2fcb522cf42da0acb90e67,新北市私立艾瑞克幼兒園,新北市,永和區,私立,[234]民權路37號1樓,(02)89413800,,49,無,113,2024/09/27,基礎評鑑－全數指標通過,檢視
2026-09-03-ntpc-full-v1,39,1,105d98aa485788e5e441a25129388f10d26752f18c2fcb522cf42da0acb90e67,新北市私立培賢幼兒園,新北市,永和區,私立,[234]竹林路179巷25號1樓,(02)89285035,,62,無,113,2024/10/09,基礎評鑑－全數指標通過,檢視
2026-09-03-ntpc-full-v1,39,1,105d98aa485788e5e441a25129388f10d26752f18c2fcb522cf42da0acb90e67,新北市私立幼學館幼兒園,新北市,永和區,私立,[234]中正路259號1樓、2樓,(02)86601178,,155,無,113,2024/10/30,基礎評鑑－全數指標通過,檢視
2026-09-03-ntpc-full-v1,39,1,105d98aa485788e5e441a25129388f10d26752f18c2fcb522cf42da0acb90e67,財團法人新北市私立竹林國民小學附設幼兒園,新北市,永和區,私立,[234]竹林路34號,(02)29252401,http://chulin.topschool.com.tw/,210,無,113,2024/10/29,基礎評鑑－全數指標通過,檢視
2026-09-03-ntpc-full-v1,39,1,105d98aa485788e5e441a25129388f10d26752f18c2fcb522cf42da0acb90e67,新北市私立幼森幼兒園,新北市,永和區,私立,[234]永和路一段18巷2號1樓,(02)32338272,,60,無,113,2024/10/25,基礎評鑑－全數指標通過,檢視
2026-09-03-ntpc-full-v1,39,1,105d98aa485788e5e441a25129388f10d26752f18c2fcb522cf42da0acb90e67,小太陽教育事業股份有限公司附設新北市私立小太陽美學幼兒園,新北市,永和區,私立,[234]仁愛路282巷6號1樓、282巷10弄6號1樓,(02)86605678,http：//www.thesmallsun.com.tw,93,無,113,2024/10/01,基礎評鑑－部分指標通過,檢視
2026-09-03-ntpc-full-v1,39,2,105d98aa485788e5e441a25129388f10d26752f18c2fcb522cf42da0acb90e67,小太陽教育事業股份有限公司附設新北市私立小太陽美學幼兒園,新北市,永和區,私立,[234]仁愛路282巷6號1樓、282巷10弄6號1樓,(02)86605678,http：//www.thesmallsun.com.tw,93,無,113,2025/07/15,追蹤評鑑－全數指標通過,檢視
2026-09-03-ntpc-full-v1,39,1,105d98aa485788e5e441a25129388f10d26752f18c2fcb522cf42da0acb90e67,新北市私立快樂瑪麗安葳森幼兒園,新北市,永和區,私立,[234]竹林路176號3樓,(02)29290012,,68,無,113,2024/10/09,基礎評鑑－部分指標通過,檢視
2026-09-03-ntpc-full-v1,39,2,105d98aa485788e5e441a25129388f10d26752f18c2fcb522cf42da0acb90e67,新北市私立快樂瑪麗安葳森幼兒園,新北市,永和區,私立,[234]竹林路176號3樓,(02)29290012,,68,無,113,2025/11/28,追蹤評鑑－全數指標通過,檢視
2026-09-03-ntpc-full-v1,39,1,105d98aa485788e5e441a25129388f10d26752f18c2fcb522cf42da0acb90e67,新北市私立巧可麗幼兒園,新北市,永和區,私立,[234]竹林路30號之1及竹林路32巷6號,(02)89235111,,91,無,113,2024/10/29,基礎評鑑－全數指標通過,檢視
2026-09-03-ntpc-full-v1,39,1,105d98aa485788e5e441a25129388f10d26752f18c2fcb522cf42da0acb90e67,新北市私立中中幼兒園,新北市,永和區,私立,[234]中山路一段191巷15弄8號、10號、12號,(02)29218093,,71,無,113,2024/11/06,基礎評鑑－全數指標通過,檢視
2026-09-03-ntpc-full-v1,40,1,d68aa3b76aa84696c11163aa334d9792856ca025f51a4c2bb3f85079208470c2,新北市私立七賢幼兒園,新北市,永和區,私立,[234]竹林路119巷10弄6號,(02)89277171,chi-hsieng.urb.com.tw,60,無,113,2024/10/17,基礎評鑑－全數指標通過,檢視
2026-09-03-ntpc-full-v1,40,1,d68aa3b76aa84696c11163aa334d9792856ca025f51a4c2bb3f85079208470c2,育才學校財團法人新北市私立育才國民小學附設幼兒園,新北市,永和區,私立,[234]福和路125巷20號,(02)29214630#310,https://www.ytes.ntpc.edu.tw/yutsai/ypreschool_p.html,120,無,113,2024/11/01,基礎評鑑－全數指標通過,檢視
2026-09-03-ntpc-full-v1,40,1,d68aa3b76aa84696c11163aa334d9792856ca025f51a4c2bb3f85079208470c2,新北市私立秀明幼兒園,新北市,永和區,私立,[234]民權路1巷24號、26號,(02)29435335,,60,無,113,2024/10/30,基礎評鑑－全數指標通過,檢視
2026-09-03-ntpc-full-v1,40,1,d68aa3b76aa84696c11163aa334d9792856ca025f51a4c2bb3f85079208470c2,新北市私立安迪生幼兒園,新北市,永和區,私立,[234]永貞路228號1樓、2樓,(02)89217855,http://yoyokids.ebc.net.tw/yoyo/ETY164/,57,無,113,2024/10/16,基礎評鑑－全數指標通過,檢視
2026-09-03-ntpc-full-v1,40,1,d68aa3b76aa84696c11163aa334d9792856ca025f51a4c2bb3f85079208470c2,新北市私立育圃幼兒園,新北市,永和區,私立,[234]中和路483號2樓、2樓之1,(02)86606161,,50,無,113,2024/10/18,基礎評鑑－全數指標通過,檢視
2026-09-03-ntpc-full-v1,40,1,d68aa3b76aa84696c11163aa334d9792856ca025f51a4c2bb3f85079208470c2,新北市私立藍天永和幼兒園,新北市,永和區,私立,[234]中和路375號3樓,(02)29268677,,89,無,113,2024/09/30,基礎評鑑－全數指標通過,檢視
2026-09-03-ntpc-full-v1,40,1,d68aa3b76aa84696c11163aa334d9792856ca025f51a4c2bb3f85079208470c2,新北市私立宏幼幼兒園,新北市,永和區,私立,[234]豫溪街160巷3號1樓,(02)89282568,tw.myblog.yahoo.com/hongyou1206,40,無,113,2024/10/07,基礎評鑑－全數指標通過,檢視
2026-09-03-ntpc-full-v1,40,1,d68aa3b76aa84696c11163aa334d9792856ca025f51a4c2bb3f85079208470c2,新北市私立傳動幼兒園,新北市,永和區,私立,[234]中正路344號1樓、2樓,(02)89231566,,30,無,113,2024/11/07,基礎評鑑－部分指標通過,檢視
2026-09-03-ntpc-full-v1,40,2,d68aa3b76aa84696c11163aa334d9792856ca025f51a4c2bb3f85079208470c2,新北市私立傳動幼兒園,新北市,永和區,私立,[234]中正路344號1樓、2樓,(02)89231566,,30,無,113,2025/11/24,追蹤評鑑－全數指標通過,檢視
2026-09-03-ntpc-full-v1,40,1,d68aa3b76aa84696c11163aa334d9792856ca025f51a4c2bb3f85079208470c2,新北市私立淯馨幼兒園,新北市,永和區,私立,[234]秀朗路二段98號、100號,(02)32334373,https://www.yu-xin.net/,37,無,113,2024/11/01,基礎評鑑－全數指標通過,檢視
2026-09-03-ntpc-full-v1,40,1,d68aa3b76aa84696c11163aa334d9792856ca025f51a4c2bb3f85079208470c2,新北市私立三暉幼兒園,新北市,永和區,私立,[234]永亨路115巷2號、4號1樓,(02)29220778,http://sunshinetaipei.myweb.hinet.net,120,無,113,2024/10/24,基礎評鑑－部分指標通過,檢視
2026-09-03-ntpc-full-v1,40,2,d68aa3b76aa84696c11163aa334d9792856ca025f51a4c2bb3f85079208470c2,新北市私立三暉幼兒園,新北市,永和區,私立,[234]永亨路115巷2號、4號1樓,(02)29220778,http://sunshinetaipei.myweb.hinet.net,120,無,113,2025/11/26,追蹤評鑑－全數指標通過,檢視
2026-09-03-ntpc-full-v1,41,1,a100f091a619d2880e0859d5342f46f8e1c45abf2513d59c43e580266bce1dc1,新北市育平非營利幼兒園（委託財團法人彭婉如文教基金會辦理）,新北市,永和區,非營利,[234]保生路25號1、2樓,(02)29267096,,106,無,113,2024/10/17,基礎評鑑－全數指標通過,檢視
2026-09-03-ntpc-full-v1,41,1,a100f091a619d2880e0859d5342f46f8e1c45abf2513d59c43e580266bce1dc1,新北市中和區景新國民小學附設幼兒園,新北市,中和區,公立,[235]景新街467巷37號,(02)29448021#860861862,http://www.jsps.ntpc.edu.tw/kindergarten,212,無,113,2024/10/25,基礎評鑑－全數指標通過,檢視
2026-09-03-ntpc-full-v1,41,1,a100f091a619d2880e0859d5342f46f8e1c45abf2513d59c43e580266bce1dc1,新北市中和區興南國民小學附設幼兒園,新北市,中和區,公立,[235]興南路1段135巷24號,(02)29422349#870,,166,無,113,2024/09/26,基礎評鑑－全數指標通過,檢視
2026-09-03-ntpc-full-v1,41,1,a100f091a619d2880e0859d5342f46f8e1c45abf2513d59c43e580266bce1dc1,新北市中和區復興國民小學附設幼兒園,新北市,中和區,公立,[235]復興路301巷6號,(02)22472993#251,,120,無,113,2024/09/27,基礎評鑑－全數指標通過,檢視
2026-09-03-ntpc-full-v1,41,1,a100f091a619d2880e0859d5342f46f8e1c45abf2513d59c43e580266bce1dc1,新北市中和區秀山國民小學附設幼兒園,新北市,中和區,公立,[235]立人街2號,(02)29434353#870,https://sites.google.com/mail.ssps.ntpc.edu.tw/shankid/%E9%A6%96%E9%A0%81,210,無,113,2024/10/25,基礎評鑑－全數指標通過,檢視
2026-09-03-ntpc-full-v1,41,1,a100f091a619d2880e0859d5342f46f8e1c45abf2513d59c43e580266bce1dc1,新北市中和區自強國民小學附設幼兒園,新北市,中和區,公立,[235]莒光路200號,(02)29557936#860,http://www.jcps.ntpc.edu.tw/default.asp,210,無,113,2024/10/23,基礎評鑑－全數指標通過,檢視
2026-09-03-ntpc-full-v1,41,1,a100f091a619d2880e0859d5342f46f8e1c45abf2513d59c43e580266bce1dc1,新北市中和區光復國民小學附設幼兒園,新北市,中和區,公立,[235]光環路2段1號,(02)32348654#265,https://sites.google.com/view/kfeskid,272,無,113,2024/10/04,基礎評鑑－全數指標通過,檢視
2026-09-03-ntpc-full-v1,41,1,a100f091a619d2880e0859d5342f46f8e1c45abf2513d59c43e580266bce1dc1,新北市中和區中和國民小學附設幼兒園,新北市,中和區,公立,[235]中和路100號,(02)22492550#280,http://tw.class.uschoolnet.com/class/?csid=css000000040275,226,無,113,2024/10/30,基礎評鑑－全數指標通過,檢視
2026-09-03-ntpc-full-v1,41,1,a100f091a619d2880e0859d5342f46f8e1c45abf2513d59c43e580266bce1dc1,新北市中和區積穗國民小學附設幼兒園,新北市,中和區,公立,[235]員山路154號,(02)32347679#11,https://www.tjsps.ntpc.edu.tw/p/403-1000-71.php,120,無,113,2024/10/04,基礎評鑑－全數指標通過,檢視
2026-09-03-ntpc-full-v1,41,1,a100f091a619d2880e0859d5342f46f8e1c45abf2513d59c43e580266bce1dc1,新北市中和區錦和國民小學附設幼兒園,新北市,中和區,公立,[235]圓通路292號,(02)22479495#250,https://www.facebook.com/profile.php?id=61552806609489&mibextid=JRoKGi,196,無,113,2024/09/27,基礎評鑑－全數指標通過,檢視
2026-09-03-ntpc-full-v1,42,1,94254c79389ab3552af0fa655873dc705018e9c0f9ff6300b9ba613babcc9626,新北市立中和幼兒園,新北市,中和區,公立,[235]南山路236號3樓,(02)89423942,http://daycare.ntpc.edu.tw/web/zhonghe/,105,無,113,2024/10/29,基礎評鑑－全數指標通過,檢視
2026-09-03-ntpc-full-v1,42,1,94254c79389ab3552af0fa655873dc705018e9c0f9ff6300b9ba613babcc9626,新北市立中和幼兒園飛駝分班,新北市,中和區,公立,[235]忠孝街48號,(02)29409056,,48,無,113,2024/10/29,基礎評鑑－全數指標通過,檢視
2026-09-03-ntpc-full-v1,42,1,94254c79389ab3552af0fa655873dc705018e9c0f9ff6300b9ba613babcc9626,新北市立中和幼兒園慈光分班,新北市,中和區,公立,[235]民德路311號1樓,(02)29540289,,81,無,113,2024/11/05,基礎評鑑－全數指標通過,檢視
2026-09-03-ntpc-full-v1,42,1,94254c79389ab3552af0fa655873dc705018e9c0f9ff6300b9ba613babcc9626,新北市立中和幼兒園碧湖分班,新北市,中和區,公立,[235]圓通路367巷15-1號1~3樓,(02)22478784,,90,無,113,2024/11/05,基礎評鑑－全數指標通過,檢視
2026-09-03-ntpc-full-v1,42,1,94254c79389ab3552af0fa655873dc705018e9c0f9ff6300b9ba613babcc9626,新北市立漳和國民中學附設幼兒園,新北市,中和區,公立,[235]廣福路39號,(02)22488616#252,https://www.chjh.ntpc.edu.tw,210,無,113,2024/10/30,基礎評鑑－全數指標通過,檢視
2026-09-03-ntpc-full-v1,42,1,94254c79389ab3552af0fa655873dc705018e9c0f9ff6300b9ba613babcc9626,新北市立自強國民中學附設幼兒園,新北市,中和區,公立,[235]莒光路191號,(02)22259469#850,http://tw.class.uschoolnet.com/class/?csid=css000000157818,212,無,113,2024/10/23,基礎評鑑－全數指標通過,檢視
2026-09-03-ntpc-full-v1,42,1,94254c79389ab3552af0fa655873dc705018e9c0f9ff6300b9ba613babcc9626,新北市立中和國民中學附設幼兒園,新北市,中和區,公立,[235]興南路二段三巷十七號,(02)29422270#295,http://www.chjhs.ntpc.edu.tw/,240,無,113,2024/09/26,基礎評鑑－全數指標通過,檢視
2026-09-03-ntpc-full-v1,42,1,94254c79389ab3552af0fa655873dc705018e9c0f9ff6300b9ba613babcc9626,新北市私立布朗尼幼兒園,新北市,中和區,私立,[235]中正路25號1~2樓、27號1~2樓、29號1~2樓、31號1~2樓,(02)22448900,,130,無,113,2024/09/27,基礎評鑑－全數指標通過,檢視
2026-09-03-ntpc-full-v1,42,1,94254c79389ab3552af0fa655873dc705018e9c0f9ff6300b9ba613babcc9626,新北市私立新時代幼兒園,新北市,中和區,私立,[235]莒光路120巷14號1~2樓、16號1~2樓,(02)29585161,,32,無,113,2024/10/17,基礎評鑑－全數指標通過,檢視
2026-09-03-ntpc-full-v1,42,1,94254c79389ab3552af0fa655873dc705018e9c0f9ff6300b9ba613babcc9626,新北市私立景新幼兒園,新北市,中和區,私立,[235]景新街231之6號1樓,(02)29408146,,40,無,113,2024/11/01,基礎評鑑－全數指標通過,檢視
2026-09-03-ntpc-full-v1,43,1,002eb264c3282ebffcb59fc9f9950ddcbe99b017566c376938b26c88c01a1838,新北市私立兆元幼兒園,新北市,中和區,私立,[235]中和市復興路280巷46弄3、4、5號,0966123177,,50,無,113,2024/10/22,基礎評鑑－部分指標通過,檢視
2026-09-03-ntpc-full-v1,43,2,002eb264c3282ebffcb59fc9f9950ddcbe99b017566c376938b26c88c01a1838,新北市私立兆元幼兒園,新北市,中和區,私立,[235]中和市復興路280巷46弄3、4、5號,0966123177,,50,無,113,2025/11/28,追蹤評鑑－全數指標通過,檢視
2026-09-03-ntpc-full-v1,43,1,002eb264c3282ebffcb59fc9f9950ddcbe99b017566c376938b26c88c01a1838,新北市私立安安堡幼兒園,新北市,中和區,私立,"[235]橋和路298號1,2樓",(02)22408376,http://www.shop2000.com.tw/ananbao//,32,無,113,2024/11/01,基礎評鑑－全數指標通過,檢視
2026-09-03-ntpc-full-v1,43,1,002eb264c3282ebffcb59fc9f9950ddcbe99b017566c376938b26c88c01a1838,新北市私立貝吉堡幼兒園,新北市,中和區,私立,[235]錦和路203巷1號、203巷1號2樓（門牌整編含201號、201之1號）,(02)22492208,,60,無,113,2024/09/25,基礎評鑑－部分指標通過,檢視
2026-09-03-ntpc-full-v1,43,2,002eb264c3282ebffcb59fc9f9950ddcbe99b017566c376938b26c88c01a1838,新北市私立貝吉堡幼兒園,新北市,中和區,私立,[235]錦和路203巷1號、203巷1號2樓（門牌整編含201號、201之1號）,(02)22492208,,60,無,113,2025/11/24,追蹤評鑑－全數指標通過,檢視
2026-09-03-ntpc-full-v1,43,1,002eb264c3282ebffcb59fc9f9950ddcbe99b017566c376938b26c88c01a1838,新北市私立椰林幼兒園,新北市,中和區,私立,[235]中和市安平路68號1樓及夾層,(02)29489587,,29,無,113,2024/11/04,基礎評鑑－全數指標通過,檢視
2026-09-03-ntpc-full-v1,43,1,002eb264c3282ebffcb59fc9f9950ddcbe99b017566c376938b26c88c01a1838,新北市私立中仁幼兒園,新北市,中和區,私立,[235]民享街92巷19.21.23號1樓,(02)22221088,,120,無,113,2024/10/28,基礎評鑑－全數指標通過,檢視
2026-09-03-ntpc-full-v1,43,1,002eb264c3282ebffcb59fc9f9950ddcbe99b017566c376938b26c88c01a1838,新北市私立春池幼兒園,新北市,中和區,私立,[235]宜安路118巷2號1樓及112號2樓、2樓之1、2樓之2、2樓之3,(02)32338909#115,www.spring-pond.org/pongo,108,無,113,2024/10/18,基礎評鑑－全數指標通過,檢視
2026-09-03-ntpc-full-v1,43,1,002eb264c3282ebffcb59fc9f9950ddcbe99b017566c376938b26c88c01a1838,新北市私立民德義泉幼兒園,新北市,中和區,私立,[235]民德路198號1、2、3樓,(02)29628198,http://www.yi-chuan.com.tw/,39,無,113,2024/10/24,基礎評鑑－全數指標通過,檢視
2026-09-03-ntpc-full-v1,43,1,002eb264c3282ebffcb59fc9f9950ddcbe99b017566c376938b26c88c01a1838,財團法人新北市私立竹林高級中學附設新北市私立竹林幼兒園,新北市,中和區,私立,[235]華新街143巷12之1號1、2樓,(02)29469271,http://www.clsh.ntpc.edu.tw/kidtest,224,無,113,2024/09/26,基礎評鑑－全數指標通過,檢視
2026-09-03-ntpc-full-v1,43,1,002eb264c3282ebffcb59fc9f9950ddcbe99b017566c376938b26c88c01a1838,新北市私立成真幼兒園,新北市,中和區,私立,[235]圓通路160號2樓,(02)82451215,http://chengjen.52school.com.tw/,85,無,113,2024/10/22,基礎評鑑－全數指標通過,檢視
2026-09-03-ntpc-full-v1,43,1,002eb264c3282ebffcb59fc9f9950ddcbe99b017566c376938b26c88c01a1838,新北市私立芫銘幼兒園,新北市,中和區,私立,[235]大勇街25巷29弄4號1樓,(02)29460022,,40,無,113,2024/11/04,基礎評鑑－全數指標通過,檢視
2026-09-03-ntpc-full-v1,44,1,ab5e03650da3f76ebbb1630e604561b92c961c4bddee9a1cf0f6dbffa6bb2849,新北市私立真理蒙特梭利幼兒園,新北市,中和區,私立,[235]興南路一段34巷2號1、2、3樓,(02)29495671,新北市中和區興南路一段34巷2號,93,無,113,2024/11/07,基礎評鑑－全數指標通過,檢視
2026-09-03-ntpc-full-v1,44,1,ab5e03650da3f76ebbb1630e604561b92c961c4bddee9a1cf0f6dbffa6bb2849,新北市私立巨星幼兒園,新北市,中和區,私立,[235]光華街100號、102號及106號1樓,(02)82455738,,59,無,113,2024/10/23,基礎評鑑－部分指標通過,檢視
2026-09-03-ntpc-full-v1,44,2,ab5e03650da3f76ebbb1630e604561b92c961c4bddee9a1cf0f6dbffa6bb2849,新北市私立巨星幼兒園,新北市,中和區,私立,[235]光華街100號、102號及106號1樓,(02)82455738,,59,無,113,2025/11/24,追蹤評鑑－全數指標通過,檢視
2026-09-03-ntpc-full-v1,44,1,ab5e03650da3f76ebbb1630e604561b92c961c4bddee9a1cf0f6dbffa6bb2849,新北市私立新天地國際蒙特梭利幼兒園,新北市,中和區,私立,[235]景安路49號1、2樓,(02)29477317,,56,無,113,2024/09/30,基礎評鑑－部分指標通過,檢視
2026-09-03-ntpc-full-v1,44,2,ab5e03650da3f76ebbb1630e604561b92c961c4bddee9a1cf0f6dbffa6bb2849,新北市私立新天地國際蒙特梭利幼兒園,新北市,中和區,私立,[235]景安路49號1、2樓,(02)29477317,,56,無,113,2025/11/24,追蹤評鑑－全數指標通過,檢視
2026-09-03-ntpc-full-v1,44,1,ab5e03650da3f76ebbb1630e604561b92c961c4bddee9a1cf0f6dbffa6bb2849,新北市私立中和松柏幼兒園,新北市,中和區,私立,[235]國光街112巷38號、40號、42號,(02)29522578,,60,無,113,2024/10/04,基礎評鑑－全數指標通過,檢視
2026-09-03-ntpc-full-v1,44,1,ab5e03650da3f76ebbb1630e604561b92c961c4bddee9a1cf0f6dbffa6bb2849,新北市私立偉恩幼兒園,新北市,中和區,私立,[235]華順街103巷1號,(02)29551153,http://www.wayne.url.tw,90,無,113,2024/10/24,基礎評鑑－部分指標通過,檢視
2026-09-03-ntpc-full-v1,44,2,ab5e03650da3f76ebbb1630e604561b92c961c4bddee9a1cf0f6dbffa6bb2849,新北市私立偉恩幼兒園,新北市,中和區,私立,[235]華順街103巷1號,(02)29551153,http://www.wayne.url.tw,90,無,113,2025/11/24,追蹤評鑑－全數指標通過,檢視
2026-09-03-ntpc-full-v1,44,1,ab5e03650da3f76ebbb1630e604561b92c961c4bddee9a1cf0f6dbffa6bb2849,新北市私立弘儒幼兒園,新北市,中和區,私立,[235]宜安路56之1號1樓,(02)29435789,,30,無,113,2024/09/30,基礎評鑑－全數指標通過,檢視
2026-09-03-ntpc-full-v1,44,1,ab5e03650da3f76ebbb1630e604561b92c961c4bddee9a1cf0f6dbffa6bb2849,新北市私立沐野幼兒園,新北市,中和區,私立,[235]復興路55號1樓、2樓,(02)29401433,bubbledragon.urb.com.tw,30,無,113,2024/09/23,基礎評鑑－全數指標通過,檢視
2026-09-03-ntpc-full-v1,44,1,ab5e03650da3f76ebbb1630e604561b92c961c4bddee9a1cf0f6dbffa6bb2849,新北市私立連城幼兒園,新北市,中和區,私立,[235]連城路537號,(02)22259936,,120,無,113,2024/10/24,基礎評鑑－全數指標通過,檢視
2026-09-03-ntpc-full-v1,44,1,ab5e03650da3f76ebbb1630e604561b92c961c4bddee9a1cf0f6dbffa6bb2849,新北市私立勝利幼兒園,新北市,中和區,私立,[235]新生街186巷5弄13號,(02)22229810,,79,無,113,2024/10/25,基礎評鑑－全數指標通過,檢視
2026-09-03-ntpc-full-v1,44,1,ab5e03650da3f76ebbb1630e604561b92c961c4bddee9a1cf0f6dbffa6bb2849,新北市私立格林幼兒園,新北市,中和區,私立,[235]興南路一段117巷1弄1及3號1樓、107號1樓、107-1號2樓、109號1樓、109-1號2樓,(02)29470979,,100,無,113,2024/10/18,基礎評鑑－全數指標通過,檢視
2026-09-03-ntpc-full-v1,45,1,3536714dc1b1065bf5911b0cf7f2c286ee846c3dcf47d22026d8841c4c4d52e3,新北市私立普林斯頓幼兒園,新北市,中和區,私立,[235]中正路839巷31號,(02)82212186,www.princeton-art.com.tw,58,無,113,2024/10/21,基礎評鑑－全數指標通過,檢視
2026-09-03-ntpc-full-v1,45,1,3536714dc1b1065bf5911b0cf7f2c286ee846c3dcf47d22026d8841c4c4d52e3,新北市私立華人幼兒園,新北市,中和區,私立,[235]大仁街10巷52號,(02)29416158,,60,無,113,2024/10/09,基礎評鑑－全數指標通過,檢視
2026-09-03-ntpc-full-v1,45,1,3536714dc1b1065bf5911b0cf7f2c286ee846c3dcf47d22026d8841c4c4d52e3,新北市私立佳南幼兒園,新北市,中和區,私立,[235]民安街42巷32號,(02)22219996,,60,無,113,2024/11/07,基礎評鑑－全數指標通過,檢視
2026-09-03-ntpc-full-v1,45,1,3536714dc1b1065bf5911b0cf7f2c286ee846c3dcf47d22026d8841c4c4d52e3,新北市私立育才幼兒園,新北市,中和區,私立,[235]景新街48號1、2樓及2樓之1,(02)22463876,,80,無,113,2024/09/30,基礎評鑑－部分指標通過,檢視
2026-09-03-ntpc-full-v1,45,2,3536714dc1b1065bf5911b0cf7f2c286ee846c3dcf47d22026d8841c4c4d52e3,新北市私立育才幼兒園,新北市,中和區,私立,[235]景新街48號1、2樓及2樓之1,(02)22463876,,80,無,113,2025/11/24,追蹤評鑑－全數指標通過,檢視
2026-09-03-ntpc-full-v1,45,1,3536714dc1b1065bf5911b0cf7f2c286ee846c3dcf47d22026d8841c4c4d52e3,新北市私立日光幼兒園,新北市,中和區,私立,[235]中正路80號2樓之1,(02)22462222,,188,無,113,2024/10/28,基礎評鑑－全數指標通過,檢視
2026-09-03-ntpc-full-v1,45,1,3536714dc1b1065bf5911b0cf7f2c286ee846c3dcf47d22026d8841c4c4d52e3,新北市私立創意蘋果幼兒園,新北市,中和區,私立,[235]圓通路367巷2號2樓,(02)22460906,http://mypaper.pchome.com.tw/c_apple,46,無,113,2024/10/15,基礎評鑑－全數指標通過,檢視
2026-09-03-ntpc-full-v1,45,1,3536714dc1b1065bf5911b0cf7f2c286ee846c3dcf47d22026d8841c4c4d52e3,新北市私立底格里思幼兒園,新北市,中和區,私立,[235]中正路675號1~2樓,(02)82266588,,139,無,113,2024/10/25,基礎評鑑－全數指標通過,檢視
2026-09-03-ntpc-full-v1,45,1,3536714dc1b1065bf5911b0cf7f2c286ee846c3dcf47d22026d8841c4c4d52e3,新北市私立嘉煌幼兒園,新北市,中和區,私立,[235]中山路2段63、65號各1、2、3樓,(02)22446566,,80,無,113,2024/10/14,基礎評鑑－全數指標通過,檢視
2026-09-03-ntpc-full-v1,45,1,3536714dc1b1065bf5911b0cf7f2c286ee846c3dcf47d22026d8841c4c4d52e3,新北市私立迪仕尼幼兒園,新北市,中和區,私立,[235]忠孝街57號1樓、57之1號1樓,(02)29416544,,32,無,113,2024/09/26,基礎評鑑－全數指標通過,檢視
2026-09-03-ntpc-full-v1,45,1,3536714dc1b1065bf5911b0cf7f2c286ee846c3dcf47d22026d8841c4c4d52e3,南山學校財團法人新北市南山高級中學附設私立員工幼兒園,新北市,中和區,私立,[235]廣福路41號1樓,(02)22453000#411,http://www.nssh.ntpc.edu.tw:8080/child/index.html,200,無,113,2024/10/17,基礎評鑑－全數指標通過,檢視
2026-09-03-ntpc-full-v1,46,1,ef09cfe43b3b622b054b9534c120d5c5e98ad76e83640fe83b16b01cbfcc9d81,新北市私立嘉嘉幼兒園,新北市,中和區,私立,[235]中安街188號1~2樓,(02)86608026,,109,無,113,2024/09/24,基礎評鑑－全數指標通過,檢視
2026-09-03-ntpc-full-v1,46,1,ef09cfe43b3b622b054b9534c120d5c5e98ad76e83640fe83b16b01cbfcc9d81,新北市私立實踐幼兒園,新北市,中和區,私立,[235]中山路2段312巷45弄9號、11號、13號、35號、37號1樓,(02)22471488,,130,無,113,2024/10/21,基礎評鑑－全數指標通過,檢視
2026-09-03-ntpc-full-v1,46,1,ef09cfe43b3b622b054b9534c120d5c5e98ad76e83640fe83b16b01cbfcc9d81,新北市私立巧可麗巧新幼兒園,新北市,中和區,私立,[235]景平路509號1、2樓,(02)82453686,,83,無,113,2024/10/23,基礎評鑑－全數指標通過,檢視
2026-09-03-ntpc-full-v1,46,1,ef09cfe43b3b622b054b9534c120d5c5e98ad76e83640fe83b16b01cbfcc9d81,新北市私立弘恩幼兒園,新北市,中和區,私立,[235]員山路406號1~2樓,(02)82218028,,36,無,113,2024/10/15,基礎評鑑－全數指標通過,檢視
2026-09-03-ntpc-full-v1,46,1,ef09cfe43b3b622b054b9534c120d5c5e98ad76e83640fe83b16b01cbfcc9d81,新北市私立育心寶貝幼兒園,新北市,中和區,私立,[235]連城路389巷11號1樓,(02)22229322,,38,無,113,2024/09/25,基礎評鑑－全數指標通過,檢視
2026-09-03-ntpc-full-v1,46,1,ef09cfe43b3b622b054b9534c120d5c5e98ad76e83640fe83b16b01cbfcc9d81,新北市私立景光幼兒園,新北市,中和區,私立,"[235]景新街467巷35弄16,18號各1樓",(02)29427833,,40,無,113,2024/10/08,基礎評鑑－全數指標通過,檢視
2026-09-03-ntpc-full-v1,46,1,ef09cfe43b3b622b054b9534c120d5c5e98ad76e83640fe83b16b01cbfcc9d81,新北市私立安欣幼兒園,新北市,中和區,私立,[235]民德路358號1樓,(02)29530541,,30,無,113,2024/10/04,基礎評鑑－全數指標通過,檢視
2026-09-03-ntpc-full-v1,46,1,ef09cfe43b3b622b054b9534c120d5c5e98ad76e83640fe83b16b01cbfcc9d81,新北市私立欣明幼兒園,新北市,中和區,私立,[235]圓通路294巷11弄4、6號,(02)22471557,,50,無,113,2024/10/15,基礎評鑑－全數指標通過,檢視
2026-09-03-ntpc-full-v1,46,1,ef09cfe43b3b622b054b9534c120d5c5e98ad76e83640fe83b16b01cbfcc9d81,新北市私立奧林匹克幼兒園,新北市,中和區,私立,[235]連城路533號2樓,(02)22221800,,110,無,113,2024/10/24,基礎評鑑－全數指標通過,檢視
2026-09-03-ntpc-full-v1,46,1,ef09cfe43b3b622b054b9534c120d5c5e98ad76e83640fe83b16b01cbfcc9d81,新北市私立白兔幼兒園,新北市,中和區,私立,"[235]中山路二段2巷77,79號",(02)22439923,http://rabbit.kidz.com.tw,60,無,113,2024/11/01,基礎評鑑－全數指標通過,檢視
2026-09-03-ntpc-full-v1,47,1,41893babf3174f75524e42e35007b7735f4bb0c43237a3b5daad48f681489854,新北市私立民治園幼兒園,新北市,中和區,私立,"[235]民治街4號1樓,4-1號1樓",(02)22236161,,112,無,113,2024/09/27,基礎評鑑－全數指標通過,檢視
2026-09-03-ntpc-full-v1,47,1,41893babf3174f75524e42e35007b7735f4bb0c43237a3b5daad48f681489854,新北市私立忠合幼兒園,新北市,中和區,私立,[235]秀朗路3段10巷14弄110號,(02)29444892,http://jongher.pckids.com.tw/,75,無,113,2024/10/04,基礎評鑑－全數指標通過,檢視
2026-09-03-ntpc-full-v1,47,1,41893babf3174f75524e42e35007b7735f4bb0c43237a3b5daad48f681489854,新北市私立逸德幼兒園,新北市,中和區,私立,[235]宜安路26巷1號1樓,(02)29460739,,34,無,113,2024/09/30,基礎評鑑－全數指標通過,檢視
2026-09-03-ntpc-full-v1,47,1,41893babf3174f75524e42e35007b7735f4bb0c43237a3b5daad48f681489854,新北市私立永愛幼兒園,新北市,中和區,私立,[235]秀朗路三段128巷12弄5號及7號1、2樓,(02)29423775,yungai168@yahoo.com.tw,120,無,113,2024/10/04,基礎評鑑－全數指標通過,檢視
2026-09-03-ntpc-full-v1,47,1,41893babf3174f75524e42e35007b7735f4bb0c43237a3b5daad48f681489854,新北市私立安特幼兒園,新北市,中和區,私立,[235]景平路431巷1號1樓、3號1~2樓,(02)22477523,,30,無,113,2024/11/01,基礎評鑑－全數指標通過,檢視
2026-09-03-ntpc-full-v1,47,1,41893babf3174f75524e42e35007b7735f4bb0c43237a3b5daad48f681489854,新北市私立茁壯園中和幼兒園,新北市,中和區,私立,[235]民生街8號1樓、2樓,(02)89513859,,120,無,113,2024/10/28,基礎評鑑－部分指標通過,檢視
2026-09-03-ntpc-full-v1,47,2,41893babf3174f75524e42e35007b7735f4bb0c43237a3b5daad48f681489854,新北市私立茁壯園中和幼兒園,新北市,中和區,私立,[235]民生街8號1樓、2樓,(02)89513859,,120,無,113,2025/11/24,追蹤評鑑－全數指標通過,檢視
2026-09-03-ntpc-full-v1,47,1,41893babf3174f75524e42e35007b7735f4bb0c43237a3b5daad48f681489854,新北市私立景平幼兒園,新北市,中和區,私立,[235]和平街54巷1弄4.6號,(02)29431030,,60,無,113,2024/10/08,基礎評鑑－全數指標通過,檢視
2026-09-03-ntpc-full-v1,47,1,41893babf3174f75524e42e35007b7735f4bb0c43237a3b5daad48f681489854,新北市私立森堡幼兒園,新北市,中和區,私立,[235]保健路123號1、2樓，125號1樓,(02)29496007,,40,無,113,2024/09/30,基礎評鑑－部分指標通過,檢視
2026-09-03-ntpc-full-v1,47,2,41893babf3174f75524e42e35007b7735f4bb0c43237a3b5daad48f681489854,新北市私立森堡幼兒園,新北市,中和區,私立,[235]保健路123號1、2樓，125號1樓,(02)29496007,,40,無,113,2025/11/26,追蹤評鑑－全數指標通過,檢視
2026-09-03-ntpc-full-v1,47,1,41893babf3174f75524e42e35007b7735f4bb0c43237a3b5daad48f681489854,新北市私立辰修幼兒園,新北市,中和區,私立,[235]復興路280巷3弄7號、9號,(02)2246-5115,新北市中和區復興路280巷3弄7號,34,無,113,2024/09/27,基礎評鑑－全數指標通過,檢視
2026-09-03-ntpc-full-v1,47,1,41893babf3174f75524e42e35007b7735f4bb0c43237a3b5daad48f681489854,新北市私立小博士幼兒園,新北市,中和區,私立,"[235]中正路792號1,2,3樓,800號2樓之3",(02)22287342,,255,無,113,2024/10/21,基礎評鑑－部分指標通過,檢視
2026-09-03-ntpc-full-v1,47,2,41893babf3174f75524e42e35007b7735f4bb0c43237a3b5daad48f681489854,新北市私立小博士幼兒園,新北市,中和區,私立,"[235]中正路792號1,2,3樓,800號2樓之3",(02)22287342,,255,無,113,2025/11/24,追蹤評鑑－全數指標通過,檢視
2026-09-03-ntpc-full-v1,48,1,8eb7538f77b2c71aef8aec33adc3d227630a14eb30fc85f7b0eaf96faa9f5af7,新北市私立華登幼兒園,新北市,中和區,私立,[235]景平路505號1樓及505之1號2樓,(02)22421568,,36,無,113,2024/10/23,基礎評鑑－全數指標通過,檢視
2026-09-03-ntpc-full-v1,48,1,8eb7538f77b2c71aef8aec33adc3d227630a14eb30fc85f7b0eaf96faa9f5af7,新北市私立福樂幼兒園,新北市,中和區,私立,[235]中興街200號,(02)22421777,http://forla.topschool.tw,180,無,113,2024/09/23,基礎評鑑－全數指標通過,檢視
2026-09-03-ntpc-full-v1,48,1,8eb7538f77b2c71aef8aec33adc3d227630a14eb30fc85f7b0eaf96faa9f5af7,新北市私立時代幼兒園,新北市,中和區,私立,[235]莒光路84巷22號1樓、24號1樓,(02)29585161,,55,無,113,2024/10/17,基礎評鑑－全數指標通過,檢視
2026-09-03-ntpc-full-v1,48,1,8eb7538f77b2c71aef8aec33adc3d227630a14eb30fc85f7b0eaf96faa9f5af7,新北市私立民治藝術幼兒園,新北市,中和區,私立,[235]民治街4號2樓,(02)22232690,,60,無,113,2024/09/27,基礎評鑑－全數指標通過,檢視
2026-09-03-ntpc-full-v1,48,1,8eb7538f77b2c71aef8aec33adc3d227630a14eb30fc85f7b0eaf96faa9f5af7,新北市私立謙禧幼兒園,新北市,中和區,私立,[235]中山路二段64巷12弄1號1樓,(02)22493787,新北市中和區中山路二段64巷12弄1號,25,無,113,2024/10/14,基礎評鑑－部分指標通過,檢視
2026-09-03-ntpc-full-v1,48,2,8eb7538f77b2c71aef8aec33adc3d227630a14eb30fc85f7b0eaf96faa9f5af7,新北市私立謙禧幼兒園,新北市,中和區,私立,[235]中山路二段64巷12弄1號1樓,(02)22493787,新北市中和區中山路二段64巷12弄1號,25,無,113,2025/11/24,追蹤評鑑－全數指標通過,檢視
2026-09-03-ntpc-full-v1,48,1,8eb7538f77b2c71aef8aec33adc3d227630a14eb30fc85f7b0eaf96faa9f5af7,新北市私立實踐菁英幼兒園,新北市,中和區,私立,[235]中山路2段332巷76號1樓,(02)22475433,,60,無,113,2024/10/21,基礎評鑑－全數指標通過,檢視
2026-09-03-ntpc-full-v1,48,1,8eb7538f77b2c71aef8aec33adc3d227630a14eb30fc85f7b0eaf96faa9f5af7,新北市私立慈德幼兒園,新北市,中和區,私立,[235]立德街30號1、2、3樓,(02)22227098,,180,無,113,2024/11/05,基礎評鑑－全數指標通過,檢視
2026-09-03-ntpc-full-v1,48,1,8eb7538f77b2c71aef8aec33adc3d227630a14eb30fc85f7b0eaf96faa9f5af7,新北市私立宏仁蒙特梭利幼兒園,新北市,中和區,私立,[235]景德街13號1樓,(02)29409966,www.29409966.com,30,無,113,2024/11/07,基礎評鑑－全數指標通過,檢視
2026-09-03-ntpc-full-v1,48,1,8eb7538f77b2c71aef8aec33adc3d227630a14eb30fc85f7b0eaf96faa9f5af7,新北市私立慈祐幼兒園,新北市,中和區,私立,[235]建三路12號,(02)22227028,,120,無,113,2024/11/05,基礎評鑑－全數指標通過,檢視
2026-09-03-ntpc-full-v1,48,1,8eb7538f77b2c71aef8aec33adc3d227630a14eb30fc85f7b0eaf96faa9f5af7,新北市私立禾芮幼兒園,新北市,中和區,私立,[235]員山路320號1、2樓,(02)22225300,,23,無,113,2024/10/15,基礎評鑑－全數指標通過,檢視
2026-09-03-ntpc-full-v1,49,1,6abc67c5da74d08adf2b00045ee5497208d84a4adfc85612478e657e74afff9b,新北市山北非營利幼兒園（委託財團法人三之三生命教育基金會辦理）,新北市,中和區,非營利,[235]莊敬路49巷29弄2號2-3樓,(02)2246-8097,,90,無,113,2024/09/26,基礎評鑑－全數指標通過,檢視
2026-09-03-ntpc-full-v1,49,1,6abc67c5da74d08adf2b00045ee5497208d84a4adfc85612478e657e74afff9b,新北市積穗非營利幼兒園(委託財團法人三之三生命教育基金會辦理),新北市,中和區,非營利,[235]民安街66號1、2樓,(02)32340533,,196,無,113,2024/09/26,基礎評鑑－全數指標通過,檢視
2026-09-03-ntpc-full-v1,49,1,6abc67c5da74d08adf2b00045ee5497208d84a4adfc85612478e657e74afff9b,國防部陸軍司令部前鋒員工子女非營利幼兒園（委託社團法人中華音樂舞蹈暨表演藝術教育協會辦理）,新北市,中和區,非營利,[235]連城路152號1樓,(02)22467676,,60,無,113,2024/10/24,基礎評鑑－全數指標通過,檢視
2026-09-03-ntpc-full-v1,49,1,6abc67c5da74d08adf2b00045ee5497208d84a4adfc85612478e657e74afff9b,新北市佳和非營利幼兒園(委託康寧學校財團法人康寧大學辦理),新北市,中和區,非營利,[235]中山路二段64巷9之1號,(02)22451106,https://pse.is/5bn585,106,無,113,2024/10/24,基礎評鑑－全數指標通過,檢視
2026-09-03-ntpc-full-v1,49,1,6abc67c5da74d08adf2b00045ee5497208d84a4adfc85612478e657e74afff9b,新北市土城區土城國民小學附設幼兒園,新北市,土城區,公立,[236]興城路17號,(02)22700177#881,www.ttcps.ntpc.edu.tw,226,無,111,2022/11/02,基礎評鑑－全數指標通過,檢視
2026-09-03-ntpc-full-v1,49,1,6abc67c5da74d08adf2b00045ee5497208d84a4adfc85612478e657e74afff9b,新北市立土城國民中學附設幼兒園,新北市,土城區,公立,[236]永寧路18號,(02)22675135#110,https://www.tcjh.ntpc.edu.tw/p/412-1000-714.php,106,無,111,2022/10/06,基礎評鑑－全數指標通過,檢視
2026-09-03-ntpc-full-v1,49,1,6abc67c5da74d08adf2b00045ee5497208d84a4adfc85612478e657e74afff9b,新北市土城區頂埔國民小學附設幼兒園,新北市,土城區,公立,[236]中央路四段205號,(02)22686800#874,http://163.20.10.199/eweb/?home=kids,136,無,111,2022/09/28,基礎評鑑－全數指標通過,檢視
2026-09-03-ntpc-full-v1,49,1,6abc67c5da74d08adf2b00045ee5497208d84a4adfc85612478e657e74afff9b,新北市土城區樂利國民小學附設幼兒園,新北市,土城區,公立,[236]裕生路65號,(02)22662568#860,https://www.llps.ntpc.edu.tw/p/426-1000-15.php,150,無,111,2022/10/18,基礎評鑑－全數指標通過,檢視
2026-09-03-ntpc-full-v1,49,1,6abc67c5da74d08adf2b00045ee5497208d84a4adfc85612478e657e74afff9b,新北市土城區廣福國民小學附設幼兒園,新北市,土城區,公立,[236]學府路一段127號,(02)22626782#600,https://sites.google.com/kidmail.ntpc.edu.tw/guang-fu-fu-you-new/%E9%A6%96%E9%A0%81?authuser=1,196,無,111,2022/10/07,基礎評鑑－全數指標通過,檢視
2026-09-03-ntpc-full-v1,49,1,6abc67c5da74d08adf2b00045ee5497208d84a4adfc85612478e657e74afff9b,新北市土城區清水國民小學附設幼兒園,新北市,土城區,公立,[236]金城路二段356號,(02)22618316#880,https://www.cses.ntpc.edu.tw/p/426-1000-10.php,196,無,111,2022/10/14,基礎評鑑－部分指標通過,檢視
2026-09-03-ntpc-full-v1,49,2,6abc67c5da74d08adf2b00045ee5497208d84a4adfc85612478e657e74afff9b,新北市土城區清水國民小學附設幼兒園,新北市,土城區,公立,[236]金城路二段356號,(02)22618316#880,https://www.cses.ntpc.edu.tw/p/426-1000-10.php,196,無,111,2023/11/23,追蹤評鑑－全數指標通過,檢視
2026-09-03-ntpc-full-v1,50,1,5582b86c5f148034a1b32d685ff36b7b3da1965544579ca02db42270dd8b5822,新北市土城區安和國民小學附設幼兒園,新北市,土城區,公立,[236]延和路23號,(02)22603451#151,https://www.anhoes.ntpc.edu.tw/,106,無,111,2022/10/12,基礎評鑑－全數指標通過,檢視
2026-09-03-ntpc-full-v1,50,1,5582b86c5f148034a1b32d685ff36b7b3da1965544579ca02db42270dd8b5822,新北市立土城幼兒園,新北市,土城區,公立,[236]裕民路193之1號,(02)22607244,https://tuchengkids.blogspot.com/,180,無,111,2022/10/12,基礎評鑑－全數指標通過,檢視
2026-09-03-ntpc-full-v1,50,1,5582b86c5f148034a1b32d685ff36b7b3da1965544579ca02db42270dd8b5822,新北市立土城幼兒園大頂埔分班,新北市,土城區,公立,[236]中州路28巷30號3樓,(02)22682948,,90,無,111,2022/10/19,基礎評鑑－全數指標通過,檢視
2026-09-03-ntpc-full-v1,50,1,5582b86c5f148034a1b32d685ff36b7b3da1965544579ca02db42270dd8b5822,新北市立土城幼兒園清水分班,新北市,土城區,公立,[236]青雲路368號2、3樓,(02)82625344,,45,無,111,2022/10/12,基礎評鑑－全數指標通過,檢視
2026-09-03-ntpc-full-v1,50,1,5582b86c5f148034a1b32d685ff36b7b3da1965544579ca02db42270dd8b5822,新北市私立慈園幼兒園,新北市,土城區,私立,[236]學府路一段270巷4號,(02)22623133,http://www.ivyschool.com.tw,180,無,111,2022/10/12,基礎評鑑－全數指標通過,檢視
2026-09-03-ntpc-full-v1,50,1,5582b86c5f148034a1b32d685ff36b7b3da1965544579ca02db42270dd8b5822,新北市私立日恩幼兒園,新北市,土城區,私立,[236]延和路185號1、2樓,(02)22651608,,55,無,111,2022/11/10,基礎評鑑－部分指標通過,檢視
2026-09-03-ntpc-full-v1,50,2,5582b86c5f148034a1b32d685ff36b7b3da1965544579ca02db42270dd8b5822,新北市私立日恩幼兒園,新北市,土城區,私立,[236]延和路185號1、2樓,(02)22651608,,55,無,111,2023/11/21,追蹤評鑑－全數指標通過,檢視
2026-09-03-ntpc-full-v1,50,1,5582b86c5f148034a1b32d685ff36b7b3da1965544579ca02db42270dd8b5822,新北市私立詠樂幼兒園,新北市,土城區,私立,[236]延和路19號1樓、2樓,(02)22627766,http://www.smart-kids.com.tw,73,無,111,2022/10/13,基礎評鑑－全數指標通過,檢視
2026-09-03-ntpc-full-v1,51,1,ffc29f3ba5dd1c2958336fe9939d3bbac4e23ffab5e5aff31f5e9008bdc6e755,新北市私立北極星幼兒園,新北市,土城區,私立,[236]學成路165號1樓、167號1樓、169號1~2樓、171號2樓,(02)22666311,polestar.52school.com.tw,43,無,111,2022/10/18,基礎評鑑－部分指標通過,檢視
2026-09-03-ntpc-full-v1,51,2,ffc29f3ba5dd1c2958336fe9939d3bbac4e23ffab5e5aff31f5e9008bdc6e755,新北市私立北極星幼兒園,新北市,土城區,私立,[236]學成路165號1樓、167號1樓、169號1~2樓、171號2樓,(02)22666311,polestar.52school.com.tw,43,無,111,2023/11/23,追蹤評鑑－全數指標通過,檢視
2026-09-03-ntpc-full-v1,51,1,ffc29f3ba5dd1c2958336fe9939d3bbac4e23ffab5e5aff31f5e9008bdc6e755,新北市私立華德幼兒園,新北市,土城區,私立,[236]員林街59號1、2樓,(02)22604082,,69,無,111,2022/10/07,基礎評鑑－全數指標通過,檢視
2026-09-03-ntpc-full-v1,51,1,ffc29f3ba5dd1c2958336fe9939d3bbac4e23ffab5e5aff31f5e9008bdc6e755,新北市私立廣福幼兒園,新北市,土城區,私立,[236]學府路一段5號1~2樓、5-2號2樓,(02)82732820,bowjinn-055topschool.com.tw,120,無,111,2022/10/19,基礎評鑑－全數指標通過,檢視
2026-09-03-ntpc-full-v1,51,1,ffc29f3ba5dd1c2958336fe9939d3bbac4e23ffab5e5aff31f5e9008bdc6e755,新北市私立慈霖幼兒園,新北市,土城區,私立,[236]金城路二段211號1、2樓,(02)22641686,,190,有,111,2022/10/12,基礎評鑑－全數指標通過,檢視
2026-09-03-ntpc-full-v1,51,1,ffc29f3ba5dd1c2958336fe9939d3bbac4e23ffab5e5aff31f5e9008bdc6e755,新北市私立永昇幼兒園,新北市,土城區,私立,[236]清水路214號、216號各1、2、3樓,(02)22660600,,86,無,111,2022/10/06,基礎評鑑－全數指標通過,檢視
2026-09-03-ntpc-full-v1,51,1,ffc29f3ba5dd1c2958336fe9939d3bbac4e23ffab5e5aff31f5e9008bdc6e755,新北市私立欣和幼兒園,新北市,土城區,私立,[236]延吉街253巷18弄3號1.2樓,(02)22638550,,40,無,111,2022/11/08,基礎評鑑－全數指標通過,檢視
2026-09-03-ntpc-full-v1,51,1,ffc29f3ba5dd1c2958336fe9939d3bbac4e23ffab5e5aff31f5e9008bdc6e755,新北市私立新華園幼兒園,新北市,土城區,私立,[236]清水路267號1~2樓,(02)22611016,http://blog.xuite.net/bowjinn.1016,69,無,111,2022/11/02,基礎評鑑－全數指標通過,檢視
2026-09-03-ntpc-full-v1,51,1,ffc29f3ba5dd1c2958336fe9939d3bbac4e23ffab5e5aff31f5e9008bdc6e755,新北市私立彤恩幼兒園,新北市,土城區,私立,[236]金城路3段19號1、2樓,(02)82621250,,42,無,111,2022/10/21,基礎評鑑－全數指標通過,檢視
2026-09-03-ntpc-full-v1,51,1,ffc29f3ba5dd1c2958336fe9939d3bbac4e23ffab5e5aff31f5e9008bdc6e755,新北市私立樹德幼兒園,新北市,土城區,私立,[236]裕民路114巷25、27、31號2樓,0935211963,,45,無,111,2022/10/19,基礎評鑑－部分指標通過,檢視
2026-09-03-ntpc-full-v1,51,2,ffc29f3ba5dd1c2958336fe9939d3bbac4e23ffab5e5aff31f5e9008bdc6e755,新北市私立樹德幼兒園,新北市,土城區,私立,[236]裕民路114巷25、27、31號2樓,0935211963,,45,無,111,2023/11/21,追蹤評鑑－全數指標通過,檢視
2026-09-03-ntpc-full-v1,51,1,ffc29f3ba5dd1c2958336fe9939d3bbac4e23ffab5e5aff31f5e9008bdc6e755,新北市私立安佳幼兒園,新北市,土城區,私立,[236]廣明街74、76號,(02)89668515,www. a j. a j.com.tw,123,無,111,2022/10/06,基礎評鑑－部分指標通過,檢視
2026-09-03-ntpc-full-v1,51,2,ffc29f3ba5dd1c2958336fe9939d3bbac4e23ffab5e5aff31f5e9008bdc6e755,新北市私立安佳幼兒園,新北市,土城區,私立,[236]廣明街74、76號,(02)89668515,www. a j. a j.com.tw,123,無,111,2023/11/21,追蹤評鑑－全數指標通過,檢視
2026-09-03-ntpc-full-v1,52,1,50c015687176370a10bb5836a6fb663a097fc56ef486fc394c5f791c68d4f1f4,新北市私立土農幼兒園,新北市,土城區,私立,"[236]永和街23號1樓,2樓",(02)22696788,http://tfas.topschool.com.tw,159,無,111,2022/10/19,基礎評鑑－全數指標通過,檢視
2026-09-03-ntpc-full-v1,52,1,50c015687176370a10bb5836a6fb663a097fc56ef486fc394c5f791c68d4f1f4,新北市私立森林幼兒園,新北市,土城區,私立,[236]學府路一段115巷13號1~2樓,(02)82626055,https://www.facebook.com/pages/%E6%96%B0%E5%8C%97%E5%B8%82%E7%A7%81%E7%AB%8B%E6%A3%AE%E6%9E%97%E5%B9,35,無,111,2022/10/07,基礎評鑑－部分指標通過,檢視
2026-09-03-ntpc-full-v1,52,2,50c015687176370a10bb5836a6fb663a097fc56ef486fc394c5f791c68d4f1f4,新北市私立森林幼兒園,新北市,土城區,私立,[236]學府路一段115巷13號1~2樓,(02)82626055,https://www.facebook.com/pages/%E6%96%B0%E5%8C%97%E5%B8%82%E7%A7%81%E7%AB%8B%E6%A3%AE%E6%9E%97%E5%B9,35,無,111,2023/11/21,追蹤評鑑－全數指標通過,檢視
2026-09-03-ntpc-full-v1,52,1,50c015687176370a10bb5836a6fb663a097fc56ef486fc394c5f791c68d4f1f4,新北市私立立新幼兒園,新北市,土城區,私立,[236]中央路2段149巷10弄2號1樓、4號1樓,(02)22634148,,48,無,111,2022/09/30,基礎評鑑－全數指標通過,檢視
2026-09-03-ntpc-full-v1,52,1,50c015687176370a10bb5836a6fb663a097fc56ef486fc394c5f791c68d4f1f4,新北市私立安和幼兒園,新北市,土城區,私立,"[236]延和路105巷1弄4號1樓,6號1樓",(02)22643340,http://annhoo.52school.com.tw,37,無,111,2022/11/10,基礎評鑑－全數指標通過,檢視
2026-09-03-ntpc-full-v1,52,1,50c015687176370a10bb5836a6fb663a097fc56ef486fc394c5f791c68d4f1f4,新北市私立征洋幼兒園,新北市,土城區,私立,[236]仁愛路16巷3弄7、7-1、9、9-1號,(02)22611953,,80,無,111,2022/10/04,基礎評鑑－全數指標通過,檢視
2026-09-03-ntpc-full-v1,52,1,50c015687176370a10bb5836a6fb663a097fc56ef486fc394c5f791c68d4f1f4,新北市私立裕德幼兒園,新北市,土城區,私立,[236]中華路一段46-1、46-2號1至3樓,(02)82618181,,600,無,111,2022/09/28,基礎評鑑－全數指標通過,檢視
2026-09-03-ntpc-full-v1,52,1,50c015687176370a10bb5836a6fb663a097fc56ef486fc394c5f791c68d4f1f4,新北市私立名亮幼兒園,新北市,土城區,私立,[236]金城路2段260號2樓,(02)82623971,,100,無,111,2022/11/02,基礎評鑑－全數指標通過,檢視
2026-09-03-ntpc-full-v1,52,1,50c015687176370a10bb5836a6fb663a097fc56ef486fc394c5f791c68d4f1f4,新北市私立休士頓幼兒園,新北市,土城區,私立,[236]明德路一段74號1.2.3樓,(02)22633066,,300,無,111,2022/11/03,基礎評鑑－部分指標通過,檢視
2026-09-03-ntpc-full-v1,52,2,50c015687176370a10bb5836a6fb663a097fc56ef486fc394c5f791c68d4f1f4,新北市私立休士頓幼兒園,新北市,土城區,私立,[236]明德路一段74號1.2.3樓,(02)22633066,,300,無,111,2023/11/23,追蹤評鑑－全數指標通過,檢視
2026-09-03-ntpc-full-v1,52,1,50c015687176370a10bb5836a6fb663a097fc56ef486fc394c5f791c68d4f1f4,新北市私立金城幼兒園,新北市,土城區,私立,"[236]延和路180號1,2樓",(02)22735233,,240,無,111,2022/10/13,基礎評鑑－全數指標通過,檢視
2026-09-03-ntpc-full-v1,52,1,50c015687176370a10bb5836a6fb663a097fc56ef486fc394c5f791c68d4f1f4,新北市私立土城育全幼兒園,新北市,土城區,私立,[236]學府路1段98巷32號、32-1號1樓、2樓、3樓,(02)22628181,,349,無,111,2022/10/20,基礎評鑑－全數指標通過,檢視
2026-09-03-ntpc-full-v1,53,1,668ce88e4f5b5fe91406f354fef5eb424f4adb680f99e14f545349c7a6c6317d,新北市私立京揚幼兒園,新北市,土城區,私立,[236]金城路三段152號1、2樓,(02)22604506,,31,無,111,2022/10/13,基礎評鑑－全數指標通過,檢視
2026-09-03-ntpc-full-v1,53,1,668ce88e4f5b5fe91406f354fef5eb424f4adb680f99e14f545349c7a6c6317d,新北市私立裕德藝術幼兒園,新北市,土城區,私立,"[236]中華路一段46號1,2,3樓",(02)82618181,,570,無,111,2022/09/28,基礎評鑑－全數指標通過,檢視
2026-09-03-ntpc-full-v1,53,1,668ce88e4f5b5fe91406f354fef5eb424f4adb680f99e14f545349c7a6c6317d,新北市私立全球幼兒園,新北市,土城區,私立,"[236]立德路135巷2-1號,2-2號1,2樓",(02)22652939,,63,無,111,2022/11/08,基礎評鑑－全數指標通過,檢視
2026-09-03-ntpc-full-v1,53,1,668ce88e4f5b5fe91406f354fef5eb424f4adb680f99e14f545349c7a6c6317d,新北市私立幼強幼兒園,新北市,土城區,私立,[236]延吉街78巷1弄2、4、6、8、10號,(02)22617239,,100,無,111,2022/10/21,基礎評鑑－全數指標通過,檢視
2026-09-03-ntpc-full-v1,53,1,668ce88e4f5b5fe91406f354fef5eb424f4adb680f99e14f545349c7a6c6317d,新北市私立丹妮爾幼兒園,新北市,土城區,私立,[236]中央路一段285、287號,(02)22633647,,88,無,111,2022/10/07,基礎評鑑－部分指標通過,檢視
2026-09-03-ntpc-full-v1,53,2,668ce88e4f5b5fe91406f354fef5eb424f4adb680f99e14f545349c7a6c6317d,新北市私立丹妮爾幼兒園,新北市,土城區,私立,[236]中央路一段285、287號,(02)22633647,,88,無,111,2023/11/21,追蹤評鑑－全數指標通過,檢視
2026-09-03-ntpc-full-v1,53,1,668ce88e4f5b5fe91406f354fef5eb424f4adb680f99e14f545349c7a6c6317d,新北市私立土城名仁幼兒園,新北市,土城區,私立,[236]延吉街217巷9弄3號,(02)82621941,,47,無,111,2022/10/18,基礎評鑑－全數指標通過,檢視
2026-09-03-ntpc-full-v1,53,1,668ce88e4f5b5fe91406f354fef5eb424f4adb680f99e14f545349c7a6c6317d,新北市私立奇士華幼兒園,新北市,土城區,私立,[236]青仁路31號1樓,(02)82626681,,40,無,111,2022/10/06,基礎評鑑－全數指標通過,檢視
2026-09-03-ntpc-full-v1,53,1,668ce88e4f5b5fe91406f354fef5eb424f4adb680f99e14f545349c7a6c6317d,新北市私立延吉幼兒園,新北市,土城區,私立,[236]延吉街253巷14號、16號1樓,(02)22640248,無,32,無,111,2022/10/13,基礎評鑑－全數指標通過,檢視
2026-09-03-ntpc-full-v1,53,1,668ce88e4f5b5fe91406f354fef5eb424f4adb680f99e14f545349c7a6c6317d,新北市私立裕民幼兒園,新北市,土城區,私立,[236]中央路一段223號1、2、3樓,(02)82601401,,100,無,111,2022/10/13,基礎評鑑－全數指標通過,檢視
2026-09-03-ntpc-full-v1,53,1,668ce88e4f5b5fe91406f354fef5eb424f4adb680f99e14f545349c7a6c6317d,新北市私立天翔幼兒園,新北市,土城區,私立,[236]學享街47號、49號1、2樓,(02)82612548,http://www.tianshiang.woby.tw/,194,無,111,2022/10/26,基礎評鑑－全數指標通過,檢視
2026-09-03-ntpc-full-v1,54,1,04916e308c97aa8f4a2cb705a45282a6c4c40a94d61bf66611fdd7c2fc697473,新北市私立常春藤幼兒園,新北市,土城區,私立,[236]青仁路1號,(02)82732241,,51,無,111,2022/11/03,基礎評鑑－全數指標通過,檢視
2026-09-03-ntpc-full-v1,54,1,04916e308c97aa8f4a2cb705a45282a6c4c40a94d61bf66611fdd7c2fc697473,新北市私立米亞藝術幼兒園,新北市,土城區,私立,[236]員林街16號、16之1號1樓,(02)82626782,,30,無,111,2022/09/30,基礎評鑑－全數指標通過,檢視
2026-09-03-ntpc-full-v1,54,1,04916e308c97aa8f4a2cb705a45282a6c4c40a94d61bf66611fdd7c2fc697473,新北市私立吉恩幼兒園,新北市,土城區,私立,[236]中央路二段392之1號1、2樓,(02)82611194,,69,無,111,2022/11/02,基礎評鑑－全數指標通過,檢視
2026-09-03-ntpc-full-v1,54,1,04916e308c97aa8f4a2cb705a45282a6c4c40a94d61bf66611fdd7c2fc697473,新北市私立維多莉爾幼兒園,新北市,土城區,私立,[236]金城路三段64號1、2樓,(02)22662518,,59,無,111,2022/10/14,基礎評鑑－全數指標通過,檢視
2026-09-03-ntpc-full-v1,54,1,04916e308c97aa8f4a2cb705a45282a6c4c40a94d61bf66611fdd7c2fc697473,新北市私立維多莉爾南天母幼兒園,新北市,土城區,私立,[236]南天母路111巷10之1號1樓,(02)22678358,,65,無,111,2022/10/06,基礎評鑑－部分指標通過,檢視
2026-09-03-ntpc-full-v1,54,2,04916e308c97aa8f4a2cb705a45282a6c4c40a94d61bf66611fdd7c2fc697473,新北市私立維多莉爾南天母幼兒園,新北市,土城區,私立,[236]南天母路111巷10之1號1樓,(02)22678358,,65,無,111,2023/11/23,追蹤評鑑－全數指標通過,檢視
2026-09-03-ntpc-full-v1,54,1,04916e308c97aa8f4a2cb705a45282a6c4c40a94d61bf66611fdd7c2fc697473,新北市私立茁壯園幼兒園,新北市,土城區,私立,[236]福祥街42巷9號、11號,(02)22668357,,60,無,111,2022/10/13,基礎評鑑－全數指標通過,檢視
2026-09-03-ntpc-full-v1,54,1,04916e308c97aa8f4a2cb705a45282a6c4c40a94d61bf66611fdd7c2fc697473,新北市私立頂埔幼兒園,新北市,土城區,私立,[236]中州路24巷5號1、2樓,(02)22681395,,80,無,111,2022/09/28,基礎評鑑－全數指標通過,檢視
2026-09-03-ntpc-full-v1,54,1,04916e308c97aa8f4a2cb705a45282a6c4c40a94d61bf66611fdd7c2fc697473,新北市私立立仁幼兒園,新北市,土城區,私立,[236]樂利街5號1、2樓,(02)22613248,,120,無,111,2022/10/26,基礎評鑑－全數指標通過,檢視
2026-09-03-ntpc-full-v1,54,1,04916e308c97aa8f4a2cb705a45282a6c4c40a94d61bf66611fdd7c2fc697473,新北市私立肯恩土城幼兒園,新北市,土城區,私立,[236]學士路12巷16號1樓及18號1、2樓,(02)22638303,,96,有,111,2022/10/20,基礎評鑑－部分指標通過,檢視
2026-09-03-ntpc-full-v1,54,2,04916e308c97aa8f4a2cb705a45282a6c4c40a94d61bf66611fdd7c2fc697473,新北市私立肯恩土城幼兒園,新北市,土城區,私立,[236]學士路12巷16號1樓及18號1、2樓,(02)22638303,,96,有,111,2023/11/23,追蹤評鑑－全數指標通過,檢視
2026-09-03-ntpc-full-v1,54,1,04916e308c97aa8f4a2cb705a45282a6c4c40a94d61bf66611fdd7c2fc697473,新北市私立凱樂幼兒園,新北市,土城區,私立,[236]中央路三段189號2樓,(02)22686850,,50,無,111,2022/10/21,基礎評鑑－全數指標通過,檢視
2026-09-03-ntpc-full-v1,55,1,ad9a2e80a4c13a736c0012197f4ba19776cbb53a320efbd177efd18b289d1e48,新北市私立高登幼兒園,新北市,土城區,私立,[236]中央路3段279號1、2、3樓,(02)22691177,http://golden.topschool.com.tw,225,無,111,2022/10/18,基礎評鑑－部分指標通過,檢視
2026-09-03-ntpc-full-v1,55,2,ad9a2e80a4c13a736c0012197f4ba19776cbb53a320efbd177efd18b289d1e48,新北市私立高登幼兒園,新北市,土城區,私立,[236]中央路3段279號1、2、3樓,(02)22691177,http://golden.topschool.com.tw,225,無,111,2023/11/23,追蹤評鑑－全數指標通過,檢視
2026-09-03-ntpc-full-v1,55,1,ad9a2e80a4c13a736c0012197f4ba19776cbb53a320efbd177efd18b289d1e48,新北市私立嘉府幼兒園,新北市,土城區,私立,[236]學府路1段155巷2號2樓、157號2樓,(02)82625512,,130,有,111,2022/10/25,基礎評鑑－全數指標通過,檢視
2026-09-03-ntpc-full-v1,55,1,ad9a2e80a4c13a736c0012197f4ba19776cbb53a320efbd177efd18b289d1e48,新北市私立愛妮爾國際幼兒園,新北市,土城區,私立,[236]中央路3段99號,(02)22689597,,126,無,111,2022/10/07,基礎評鑑－全數指標通過,檢視
2026-09-03-ntpc-full-v1,55,1,ad9a2e80a4c13a736c0012197f4ba19776cbb53a320efbd177efd18b289d1e48,新北市私立愛迪爾國際幼兒園,新北市,土城區,私立,[236]青福街235號,(02)22702738,,345,無,111,2022/10/21,基礎評鑑－全數指標通過,檢視
2026-09-03-ntpc-full-v1,55,1,ad9a2e80a4c13a736c0012197f4ba19776cbb53a320efbd177efd18b289d1e48,新北市私立有一天幼兒園,新北市,土城區,私立,[236]廣福街2號1-3樓,(02)82603126,,181,無,113,2024/10/01,基礎評鑑－全數指標通過,檢視
2026-09-03-ntpc-full-v1,55,1,ad9a2e80a4c13a736c0012197f4ba19776cbb53a320efbd177efd18b289d1e48,新北市海工非營利幼兒園(委託社團法人新北市幼兒成長協會辦理),新北市,土城區,非營利,"[236]學府路一段241號1,2樓",(02)22730517,,60,無,111,2022/10/25,基礎評鑑－全數指標通過,檢視
2026-09-03-ntpc-full-v1,55,1,ad9a2e80a4c13a736c0012197f4ba19776cbb53a320efbd177efd18b289d1e48,新北市中正非營利幼兒園(委託財團法人三之三生命教育基金會辦理),新北市,土城區,非營利,[236]金城路二段247號1、2樓,(02)22707998,,136,無,111,2022/10/04,基礎評鑑－全數指標通過,檢視
2026-09-03-ntpc-full-v1,56,1,98fb73d712ffa795cfb08725ca14d2b950d7883047539f4a7872ea4c41d7a9ab,新北市立三峽國民中學附設幼兒園,新北市,三峽區,公立,[237]復興路238號,(02)26711043#300,http://163.20.129.5/class/index.php?groupname=w1212,76,無,114,2025/09/24,基礎評鑑－全數指標通過,檢視
2026-09-03-ntpc-full-v1,56,1,98fb73d712ffa795cfb08725ca14d2b950d7883047539f4a7872ea4c41d7a9ab,新北市立安溪國民中學附設幼兒園,新北市,三峽區,公立,[237]大同路135號,(02)26717851#501,https://www.facebook.com/asjh.kid/?ref=bookmarks,166,無,114,2025/10/07,基礎評鑑－全數指標通過,檢視
2026-09-03-ntpc-full-v1,56,1,98fb73d712ffa795cfb08725ca14d2b950d7883047539f4a7872ea4c41d7a9ab,新北市三峽區三峽國民小學附設幼兒園,新北市,三峽區,公立,[237]中山路16號,(02)26711018#850,http://tw.class.uschoolnet.com/class/?csid=css000000090390,180,無,114,2025/09/24,基礎評鑑－全數指標通過,檢視
2026-09-03-ntpc-full-v1,56,1,98fb73d712ffa795cfb08725ca14d2b950d7883047539f4a7872ea4c41d7a9ab,新北市三峽區建安國民小學附設幼兒園,新北市,三峽區,公立,[237]建安路67號,(02)26726783#105,http://sheepclass.blogspot.com/,30,無,114,2025/10/30,基礎評鑑－全數指標通過,檢視
2026-09-03-ntpc-full-v1,56,1,98fb73d712ffa795cfb08725ca14d2b950d7883047539f4a7872ea4c41d7a9ab,新北市三峽區民義國民小學附設幼兒園,新北市,三峽區,公立,[237]白雞路40號,(02)26711895#841,http://tw.class.uschoolnet.com/class/?csid=css000000181882,30,無,114,2025/10/09,基礎評鑑－全數指標通過,檢視
2026-09-03-ntpc-full-v1,56,1,98fb73d712ffa795cfb08725ca14d2b950d7883047539f4a7872ea4c41d7a9ab,新北市三峽區五寮國民小學附設幼兒園,新北市,三峽區,公立,[237]69號,(02)26720298#30,https://www.facebook.com/pages/%E6%96%B0%E5%8C%97%E5%B8%82%E4%B8%89%E5%B3%BD%E4%BA%94%E5%AF%AE%E9%99,30,無,114,2025/09/22,基礎評鑑－全數指標通過,檢視
2026-09-03-ntpc-full-v1,56,1,98fb73d712ffa795cfb08725ca14d2b950d7883047539f4a7872ea4c41d7a9ab,新北市立插角森林實驗小學附設幼兒園,新北市,三峽區,公立,[237]39號,(02)26720230#840,https://www.facebook.com/a860602,30,無,114,2025/09/22,基礎評鑑－全數指標通過,檢視
2026-09-03-ntpc-full-v1,56,1,98fb73d712ffa795cfb08725ca14d2b950d7883047539f4a7872ea4c41d7a9ab,新北市三峽區介壽國民小學附設幼兒園,新北市,三峽區,公立,[237]大同路1號,(02)26712392#60,https://sites.google.com/view/jses-preschool/%E6%9C%80%E6%96%B0%E6%B6%88%E6%81%AF,212,無,114,2025/10/07,基礎評鑑－全數指標通過,檢視
2026-09-03-ntpc-full-v1,56,1,98fb73d712ffa795cfb08725ca14d2b950d7883047539f4a7872ea4c41d7a9ab,新北市三峽區大埔國民小學附設幼兒園,新北市,三峽區,公立,[237]大埔路130號,(02)26712523#140,https://www.facebook.com/profile.php?id=100057304786132,60,無,114,2025/10/09,基礎評鑑－全數指標通過,檢視
2026-09-03-ntpc-full-v1,56,1,98fb73d712ffa795cfb08725ca14d2b950d7883047539f4a7872ea4c41d7a9ab,新北市立三峽幼兒園,新北市,三峽區,公立,[237]溪東路218巷1號2樓,(02)86762565,https://sanxiaedu.blogspot.com/,85,無,114,2025/10/30,基礎評鑑－全數指標通過,檢視
2026-09-03-ntpc-full-v1,57,1,63f17a5608423dfaf5dec203ef061b0914782a53d0640c7a4bb66e4bb8f29173,新北市立三峽幼兒園中興分班,新北市,三峽區,公立,[237]介壽路二段136巷63號,(02)86763332#28,,30,無,114,2025/10/29,基礎評鑑－全數指標通過,檢視
2026-09-03-ntpc-full-v1,57,1,63f17a5608423dfaf5dec203ef061b0914782a53d0640c7a4bb66e4bb8f29173,新北市立三峽幼兒園龍埔分班,新北市,三峽區,公立,[237]三樹路214巷9號,(02)26733873,,80,無,114,2025/10/29,基礎評鑑－全數指標通過,檢視
2026-09-03-ntpc-full-v1,57,1,63f17a5608423dfaf5dec203ef061b0914782a53d0640c7a4bb66e4bb8f29173,新北市私立瑪莉亞蒙特梭利幼兒園,新北市,三峽區,私立,[237]大德路493號1樓(含夾層),(02)86726343,http://Maria.topschool.com.tw,60,無,114,2025/10/02,基礎評鑑－全數指標通過,檢視
2026-09-03-ntpc-full-v1,57,1,63f17a5608423dfaf5dec203ef061b0914782a53d0640c7a4bb66e4bb8f29173,新北市私立溫特爾幼兒園,新北市,三峽區,私立,[237]三樹路336號1、2、3樓,(02)26718181,,495,有,114,2025/10/27,基礎評鑑－全數指標通過,檢視
2026-09-03-ntpc-full-v1,57,1,63f17a5608423dfaf5dec203ef061b0914782a53d0640c7a4bb66e4bb8f29173,新北市三峽區農會附設新北市私立幼兒園,新北市,三峽區,私立,[237]長泰街98巷5號2樓,(02)26711002#126,http://samhsia.topschool.com.tw/,89,無,114,2025/10/16,基礎評鑑－部分指標通過,檢視
2026-09-03-ntpc-full-v1,57,1,63f17a5608423dfaf5dec203ef061b0914782a53d0640c7a4bb66e4bb8f29173,新北市私立聖母幼兒園,新北市,三峽區,私立,[237]中園街71-1號,(02)86713100,http://hmk.topschool.com.tw,60,無,114,2025/09/25,基礎評鑑－全數指標通過,檢視
2026-09-03-ntpc-full-v1,57,1,63f17a5608423dfaf5dec203ef061b0914782a53d0640c7a4bb66e4bb8f29173,新北市私立文強幼兒園,新北市,三峽區,私立,[237]中山路257巷2號、4號1樓,(02)26718832,,60,無,114,2025/10/03,基礎評鑑－全數指標通過,檢視
2026-09-03-ntpc-full-v1,57,1,63f17a5608423dfaf5dec203ef061b0914782a53d0640c7a4bb66e4bb8f29173,新北市私立快樂靜思園幼兒園,新北市,三峽區,私立,[237]中華路15巷5號1樓(含夾層)、7號1樓(含夾層),(02)86717127,https://www.facebook.com/HappyJingSiyuankindergarten/,29,無,114,2025/10/16,基礎評鑑－全數指標通過,檢視
2026-09-03-ntpc-full-v1,57,1,63f17a5608423dfaf5dec203ef061b0914782a53d0640c7a4bb66e4bb8f29173,新北市私立育全三峽幼兒園,新北市,三峽區,私立,[237]長泰街24號1樓、24之1號1樓、2樓、3樓,(02)26748181,,346,無,114,2025/10/27,基礎評鑑－全數指標通過,檢視
2026-09-03-ntpc-full-v1,57,1,63f17a5608423dfaf5dec203ef061b0914782a53d0640c7a4bb66e4bb8f29173,新北市私立小甜甜幼兒園,新北市,三峽區,私立,[237]中山路106巷17弄14號1、2樓,(02)86710663,http://kids-sweet.blogkids.net/,61,無,114,2025/10/16,基礎評鑑－全數指標通過,檢視
2026-09-03-ntpc-full-v1,58,1,113b329f005899f3831d9541fe7c6548bed1bf60e34ad2a4d2a66092b1d23375,新北市私立山姆叔叔幼兒園,新北市,三峽區,私立,[237]學勤路125號1.2樓,(02)86712899#9,,146,無,114,2025/09/26,基礎評鑑－全數指標通過,檢視
2026-09-03-ntpc-full-v1,58,1,113b329f005899f3831d9541fe7c6548bed1bf60e34ad2a4d2a66092b1d23375,新北市私立佳兒幼兒園,新北市,三峽區,私立,[237]中正路1段108巷30號1-2樓,(02)26718964,新北市私立佳兒幼兒園臉書粉專,210,無,114,2025/10/16,基礎評鑑－全數指標通過,檢視
2026-09-03-ntpc-full-v1,58,1,113b329f005899f3831d9541fe7c6548bed1bf60e34ad2a4d2a66092b1d23375,新北市私立金祥慈幼兒園,新北市,三峽區,私立,[237]和平街36巷7弄1號1.2樓,(02)26741273,,57,無,114,2025/10/08,基礎評鑑－全數指標通過,檢視
2026-09-03-ntpc-full-v1,58,1,113b329f005899f3831d9541fe7c6548bed1bf60e34ad2a4d2a66092b1d23375,新北市私立童話村幼兒園,新北市,三峽區,私立,[237]光明路100之6號2樓,(02)86725570,,44,無,114,2025/10/22,基礎評鑑－全數指標通過,檢視
2026-09-03-ntpc-full-v1,58,1,113b329f005899f3831d9541fe7c6548bed1bf60e34ad2a4d2a66092b1d23375,新北市私立佩思幼兒園,新北市,三峽區,私立,[237]中華路25號1樓,(02)26728882,,29,無,114,2025/11/04,基礎評鑑－全數指標通過,檢視
2026-09-03-ntpc-full-v1,58,1,113b329f005899f3831d9541fe7c6548bed1bf60e34ad2a4d2a66092b1d23375,新北市私立東北藝園幼兒園,新北市,三峽區,私立,[237]民族街28巷9弄12、16、20號各1樓,(02)26713321,https://www.facebook.com/treasure1989,93,無,114,2025/09/25,基礎評鑑－全數指標通過,檢視
2026-09-03-ntpc-full-v1,58,1,113b329f005899f3831d9541fe7c6548bed1bf60e34ad2a4d2a66092b1d23375,新北市私立啟育藝術幼兒園,新北市,三峽區,私立,[237]民生街59號1、2、3樓及民生街27巷14、16、18、20、22號各1樓,(02)26719995,chiyu.topschool.com.tw,384,有,114,2025/10/16,基礎評鑑－全數指標通過,檢視
2026-09-03-ntpc-full-v1,58,1,113b329f005899f3831d9541fe7c6548bed1bf60e34ad2a4d2a66092b1d23375,新北市私立恆育幼兒園,新北市,三峽區,私立,"[237]橫溪路99巷76,78,80號",(02)86763857,http://hungyu.pckids.com.tw/,75,無,114,2025/11/04,基礎評鑑－全數指標通過,檢視
2026-09-03-ntpc-full-v1,58,1,113b329f005899f3831d9541fe7c6548bed1bf60e34ad2a4d2a66092b1d23375,新北市私立璦俐兒幼兒園,新北市,三峽區,私立,"[237]大同路1-5號1,2樓",(02)26742222,,60,無,114,2025/10/22,基礎評鑑－全數指標通過,檢視
2026-09-03-ntpc-full-v1,58,1,113b329f005899f3831d9541fe7c6548bed1bf60e34ad2a4d2a66092b1d23375,新北市私立東橙幼兒園,新北市,三峽區,私立,[237]大德路70號及72號1、2樓,(02)26731996,,146,無,114,2025/10/17,基礎評鑑－全數指標通過,檢視
2026-09-03-ntpc-full-v1,59,1,6da82db49d472b1307cedde71b763ebafdbbb70af4518d3739d6413232daee90,新北市私立北大幼兒園,新北市,三峽區,私立,[237]復興路177巷8號1樓、10號1、2樓,(02)26721286,,60,無,114,2025/10/08,基礎評鑑－部分指標通過,檢視
2026-09-03-ntpc-full-v1,59,1,6da82db49d472b1307cedde71b763ebafdbbb70af4518d3739d6413232daee90,新北市私立娃娃國幼兒園,新北市,三峽區,私立,[237]大義路239號,(02)86719717,,45,無,114,2025/10/02,基礎評鑑－全數指標通過,檢視
2026-09-03-ntpc-full-v1,59,1,6da82db49d472b1307cedde71b763ebafdbbb70af4518d3739d6413232daee90,新北市私立童妍幼兒園,新北市,三峽區,私立,[237]大學路151號1樓,(02)86710636,,90,無,114,2025/10/03,基礎評鑑－全數指標通過,檢視
2026-09-03-ntpc-full-v1,59,1,6da82db49d472b1307cedde71b763ebafdbbb70af4518d3739d6413232daee90,財團法人享翔葉克膜教育基金會附設新北市私立翔耀幼兒園,新北市,三峽區,私立,[237]大德路302號1樓,(02)26730873,,66,無,114,2025/09/26,基礎評鑑－全數指標通過,檢視
2026-09-03-ntpc-full-v1,59,1,6da82db49d472b1307cedde71b763ebafdbbb70af4518d3739d6413232daee90,清福長照社團法人附設新北市私立清福幼兒園,新北市,三峽區,私立,[237]介壽路1段261號1樓,(02)86726006,,30,無,113,2024/10/18,基礎評鑑－全數指標通過,檢視
2026-09-03-ntpc-full-v1,59,1,6da82db49d472b1307cedde71b763ebafdbbb70af4518d3739d6413232daee90,新北市私立佳宜幼兒園,新北市,三峽區,私立,[237]介壽路1段183號1、2樓,(02)26713610,,210,無,113,2024/10/18,基礎評鑑－全數指標通過,檢視
2026-09-03-ntpc-full-v1,59,1,6da82db49d472b1307cedde71b763ebafdbbb70af4518d3739d6413232daee90,新北市龍埔成長非營利幼兒園(委託財團法人成長文教基金會辦理),新北市,三峽區,非營利,[237]大學路6號,(02)86719390,,90,無,114,2025/09/25,基礎評鑑－全數指標通過,檢視
2026-09-03-ntpc-full-v1,59,1,6da82db49d472b1307cedde71b763ebafdbbb70af4518d3739d6413232daee90,新北市安溪非營利幼兒園(委託社團法人桃園市教保服務人員協會辦理),新北市,三峽區,非營利,[237]中華路42號,(02)26718607,,136,無,114,2025/10/23,基礎評鑑－全數指標通過,檢視
2026-09-03-ntpc-full-v1,59,1,6da82db49d472b1307cedde71b763ebafdbbb70af4518d3739d6413232daee90,新北市漢翔非營利幼兒園(委託財團法人三之三生命教育基金會辦理),新北市,三峽區,非營利,[237]大學路218號1至3樓,(02)26729891,,76,無,114,2025/09/23,基礎評鑑－全數指標通過,檢視
2026-09-03-ntpc-full-v1,60,1,6242fc51593b752470482ff583590191834cdaa92218d4a846e561e62b0a7f6b,新北市北大非營利幼兒園(委託明新學校財團法人明新科技大學辦理),新北市,三峽區,非營利,[237]國光街100號A棟1樓至2樓,(02)26747373,,182,無,114,2025/10/23,基礎評鑑－全數指標通過,檢視
2026-09-03-ntpc-full-v1,60,1,6242fc51593b752470482ff583590191834cdaa92218d4a846e561e62b0a7f6b,新北市中園非營利幼兒園(委託財團法人成長文教基金會辦理),新北市,三峽區,非營利,[237]弘園街22號,(02)86720070,https://sites.google.com/view/20190801zhongyuan/,136,無,114,2025/09/25,基礎評鑑－全數指標通過,檢視
2026-09-03-ntpc-full-v1,60,1,6242fc51593b752470482ff583590191834cdaa92218d4a846e561e62b0a7f6b,國家教育研究院員工子女非營利幼兒園(委託財團法人彭婉如文教基金會辦理),新北市,三峽區,非營利,[237]三樹路2號1樓,(02)26725016,,75,無,113,2024/10/01,基礎評鑑－全數指標通過,檢視
2026-09-03-ntpc-full-v1,60,1,6242fc51593b752470482ff583590191834cdaa92218d4a846e561e62b0a7f6b,新北市樹林區山佳國民小學附設幼兒園,新北市,樹林區,公立,[238]中山路三段5號,(02)26806673#866,https://blog.xuite.net/rainbow104/blog,136,無,114,2025/10/14,基礎評鑑－全數指標通過,檢視
2026-09-03-ntpc-full-v1,60,1,6242fc51593b752470482ff583590191834cdaa92218d4a846e561e62b0a7f6b,新北市樹林區育德國民小學附設幼兒園,新北市,樹林區,公立,[238]佳園路一段34號,(02)26805557#140,http://163.20.84.7/,60,無,114,2025/10/02,基礎評鑑－全數指標通過,檢視
2026-09-03-ntpc-full-v1,60,1,6242fc51593b752470482ff583590191834cdaa92218d4a846e561e62b0a7f6b,新北市樹林區武林國民小學附設幼兒園,新北市,樹林區,公立,[238]保安街二段151號,(02)26871152,http://web.wles.ntpc.edu.tw/school/kidergaden/,166,無,114,2025/09/25,基礎評鑑－全數指標通過,檢視
2026-09-03-ntpc-full-v1,60,1,6242fc51593b752470482ff583590191834cdaa92218d4a846e561e62b0a7f6b,新北市樹林區文林國民小學附設幼兒園,新北市,樹林區,公立,[238]千歲街59號,(02)26812625#880,https://sites.google.com/view/wenlinfuyou,182,無,114,2025/10/14,基礎評鑑－全數指標通過,檢視
2026-09-03-ntpc-full-v1,60,1,6242fc51593b752470482ff583590191834cdaa92218d4a846e561e62b0a7f6b,新北市樹林區樹林國民小學附設幼兒園,新北市,樹林區,公立,[238]育英街176號,(02)26812014#123,http://shulinkindergarten.blogspot.com/,120,無,114,2025/09/26,基礎評鑑－全數指標通過,檢視
2026-09-03-ntpc-full-v1,60,1,6242fc51593b752470482ff583590191834cdaa92218d4a846e561e62b0a7f6b,新北市樹林區大同國民小學附設幼兒園,新北市,樹林區,公立,[238]大同街43號,(02)86865486#616,http://www.ttps.ntpc.edu.tw/,212,無,114,2025/09/26,基礎評鑑－全數指標通過,檢視
2026-09-03-ntpc-full-v1,60,1,6242fc51593b752470482ff583590191834cdaa92218d4a846e561e62b0a7f6b,新北市樹林區彭福國民小學附設幼兒園,新北市,樹林區,公立,[238]忠孝街30號,(02)86866589#106,https://sites.google.com/m90.pfps.ntpc.edu.tw/kindergarten//,226,無,114,2025/10/14,基礎評鑑－全數指標通過,檢視
2026-09-03-ntpc-full-v1,61,1,00de0aae8e1d2c20256472d36f8b1afcf3d4cadb223bf540ba873cc57780cd90,新北市樹林區三多國民小學附設幼兒園,新北市,樹林區,公立,[238]三福街52號,(02)26880698#160,https://www.sdes.ntpc.edu.tw/modules/tad_web/index.php?WebID=95,182,無,114,2025/09/25,基礎評鑑－全數指標通過,檢視
2026-09-03-ntpc-full-v1,61,1,00de0aae8e1d2c20256472d36f8b1afcf3d4cadb223bf540ba873cc57780cd90,新北市立樹林幼兒園,新北市,樹林區,公立,[238]文化街15號,(02)26838354,http://daycare.ntpc.edu.tw/web/shulin/,90,無,114,2025/10/01,基礎評鑑－全數指標通過,檢視
2026-09-03-ntpc-full-v1,61,1,00de0aae8e1d2c20256472d36f8b1afcf3d4cadb223bf540ba873cc57780cd90,新北市立樹林幼兒園山佳分班,新北市,樹林區,公立,[238]中山路三段40號,(02)26805142,http://www.daycare-shulin.ntpc.gov.tw/web/Home?command=display&page=flash,50,無,114,2025/10/08,基礎評鑑－全數指標通過,檢視
2026-09-03-ntpc-full-v1,61,1,00de0aae8e1d2c20256472d36f8b1afcf3d4cadb223bf540ba873cc57780cd90,新北市立樹林幼兒園彭厝分班,新北市,樹林區,公立,[238]太平路56巷43號,(02)86843370,http://www.daycare-shulin.ntpc.gov.tw/web/Home?command=display&page=flash,47,無,114,2025/10/01,基礎評鑑－全數指標通過,檢視
2026-09-03-ntpc-full-v1,61,1,00de0aae8e1d2c20256472d36f8b1afcf3d4cadb223bf540ba873cc57780cd90,新北市立樹林幼兒園圳安分班,新北市,樹林區,公立,[238]俊英街98之1號,(02)26837375,http://www.daycare-shulin.ntpc.gov.tw/web/Home?command=display&page=flash,30,無,114,2025/10/08,基礎評鑑－全數指標通過,檢視
2026-09-03-ntpc-full-v1,61,1,00de0aae8e1d2c20256472d36f8b1afcf3d4cadb223bf540ba873cc57780cd90,新北市立柑園國民中學附設幼兒園,新北市,樹林區,公立,[238]柑園街2段125號,(02)26801958#101,http://www.gyjh.ntpc.edu.tw/default.asp,60,無,114,2025/10/02,基礎評鑑－全數指標通過,檢視
2026-09-03-ntpc-full-v1,61,1,00de0aae8e1d2c20256472d36f8b1afcf3d4cadb223bf540ba873cc57780cd90,新北市樹林區育林國民小學附設幼兒園,新北市,樹林區,公立,[238]復興路395號,(02)26832112#602,,60,無,114,2025/10/14,基礎評鑑－全數指標通過,檢視
2026-09-03-ntpc-full-v1,61,1,00de0aae8e1d2c20256472d36f8b1afcf3d4cadb223bf540ba873cc57780cd90,新北市私立建丞幼兒園,新北市,樹林區,私立,[238]三寶街6號1~2樓、8號1~2樓,(02)26888993,http://jc.blogkids.net/,110,無,114,2025/10/21,基礎評鑑－全數指標通過,檢視
2026-09-03-ntpc-full-v1,61,1,00de0aae8e1d2c20256472d36f8b1afcf3d4cadb223bf540ba873cc57780cd90,新北市私立文林幼兒園,新北市,樹林區,私立,[238]千歲街46巷12、14號1樓,(02)26811737,,60,無,114,2025/09/22,基礎評鑑－全數指標通過,檢視
2026-09-03-ntpc-full-v1,61,1,00de0aae8e1d2c20256472d36f8b1afcf3d4cadb223bf540ba873cc57780cd90,新北市私立澄品幼兒園,新北市,樹林區,私立,[238]仁愛街12巷4、6號1~2樓,(02)86857862,,80,無,114,2025/10/01,基礎評鑑－全數指標通過,檢視
2026-09-03-ntpc-full-v1,62,1,e25833a499880476cdf7368c2043ed5781c78805614c1463afaaad1f6c07b309,財團法人新北市私立張方大慈善事業基金會附設新北市私立士箱幼兒園,新北市,樹林區,私立,[238]啟智街106號1-2樓,(02)26812812#11,,180,無,114,2025/09/25,基礎評鑑－全數指標通過,檢視
2026-09-03-ntpc-full-v1,62,1,e25833a499880476cdf7368c2043ed5781c78805614c1463afaaad1f6c07b309,新北市私立冠軍幼兒園,新北市,樹林區,私立,[238]忠愛街15號1樓,(02)26890676,,85,無,114,2025/10/23,基礎評鑑－全數指標通過,檢視
2026-09-03-ntpc-full-v1,62,1,e25833a499880476cdf7368c2043ed5781c78805614c1463afaaad1f6c07b309,新北市私立劍聲樹林幼兒園,新北市,樹林區,私立,[238]三福街47巷16、18、20、22號1樓,(02)26881538,http://www.jskid.com.tw,90,無,114,2025/10/02,基礎評鑑－全數指標通過,檢視
2026-09-03-ntpc-full-v1,62,1,e25833a499880476cdf7368c2043ed5781c78805614c1463afaaad1f6c07b309,新北市私立博智幼兒園,新北市,樹林區,私立,[238]鎮前街367巷5號、5-1號、5-2號,(02)86856059,bor3675@gmail.com,30,無,114,2025/11/04,基礎評鑑－部分指標通過,檢視
2026-09-03-ntpc-full-v1,62,1,e25833a499880476cdf7368c2043ed5781c78805614c1463afaaad1f6c07b309,新北市私立育安幼兒園,新北市,樹林區,私立,[238]中華路12巷11號,(02)86843058,,60,無,114,2025/10/28,基礎評鑑－全數指標通過,檢視
2026-09-03-ntpc-full-v1,62,1,e25833a499880476cdf7368c2043ed5781c78805614c1463afaaad1f6c07b309,新北市私立樹林育林幼兒園,新北市,樹林區,私立,[238]文化街28號1、2樓,(02)26751695,,105,無,114,2025/09/25,基礎評鑑－全數指標通過,檢視
2026-09-03-ntpc-full-v1,62,1,e25833a499880476cdf7368c2043ed5781c78805614c1463afaaad1f6c07b309,新北市私立柏克萊幼兒園,新北市,樹林區,私立,[238]東陽街59號1樓,(02)86850078,,150,無,114,2025/10/01,基礎評鑑－全數指標通過,檢視
2026-09-03-ntpc-full-v1,62,1,e25833a499880476cdf7368c2043ed5781c78805614c1463afaaad1f6c07b309,新北市私立迴龍幼兒園,新北市,樹林區,私立,[238]三俊街35號1樓,(02)26891721,,60,無,114,2025/10/23,基礎評鑑－全數指標通過,檢視
2026-09-03-ntpc-full-v1,62,1,e25833a499880476cdf7368c2043ed5781c78805614c1463afaaad1f6c07b309,新北市私立喬中幼兒園,新北市,樹林區,私立,[238]復興路198號2樓,(02)26752955,,116,有,114,2025/09/22,基礎評鑑－全數指標通過,檢視
2026-09-03-ntpc-full-v1,62,1,e25833a499880476cdf7368c2043ed5781c78805614c1463afaaad1f6c07b309,新北市私立名欣幼兒園,新北市,樹林區,私立,[238]俊英街238之6號1樓,(02)26841206,,199,無,114,2025/10/21,基礎評鑑－全數指標通過,檢視
2026-09-03-ntpc-full-v1,63,1,bf66407d6b037c3f0ea51d8d8db50d9a4d3d59ddc0a8631d0e509f8efa3a738f,新北市私立艾維恩幼兒園,新北市,樹林區,私立,[238]大成路373號1、2、3樓,(02)26683135,,42,無,114,2025/09/30,基礎評鑑－全數指標通過,檢視
2026-09-03-ntpc-full-v1,63,1,bf66407d6b037c3f0ea51d8d8db50d9a4d3d59ddc0a8631d0e509f8efa3a738f,新北市私立育安園幼兒園,新北市,樹林區,私立,[238]中華路12巷13號1樓,(02)86842598,,160,無,114,2025/10/28,基礎評鑑－全數指標通過,檢視
2026-09-03-ntpc-full-v1,63,1,bf66407d6b037c3f0ea51d8d8db50d9a4d3d59ddc0a8631d0e509f8efa3a738f,新北市私立育全保安幼兒園,新北市,樹林區,私立,"[238]保安街一段345號1,2,3樓",(02)26878181,http://ycks07.topschool.com.tw,456,有,114,2025/11/04,基礎評鑑－全數指標通過,檢視
2026-09-03-ntpc-full-v1,63,1,bf66407d6b037c3f0ea51d8d8db50d9a4d3d59ddc0a8631d0e509f8efa3a738f,新北市私立雅立福幼兒園,新北市,樹林區,私立,"[238]三福街85巷2-1號,2-2號1樓",(02)26885123,,57,無,114,2025/10/23,基礎評鑑－全數指標通過,檢視
2026-09-03-ntpc-full-v1,63,1,bf66407d6b037c3f0ea51d8d8db50d9a4d3d59ddc0a8631d0e509f8efa3a738f,新北市私立企鵝家族幼兒園,新北市,樹林區,私立,"[238]文化街22,24號1,2,3樓",(02)26853115,https://penguin168.com/,59,無,114,2025/10/14,基礎評鑑－全數指標通過,檢視
2026-09-03-ntpc-full-v1,63,1,bf66407d6b037c3f0ea51d8d8db50d9a4d3d59ddc0a8631d0e509f8efa3a738f,財團法人新北市樹林基督長老教會附設新北市私立牧人幼兒園,新北市,樹林區,私立,[238]中山路一段2號1、2、3樓,(02)26830838,http://www.muzen.org.tw/,150,無,114,2025/10/02,基礎評鑑－全數指標通過,檢視
2026-09-03-ntpc-full-v1,63,1,bf66407d6b037c3f0ea51d8d8db50d9a4d3d59ddc0a8631d0e509f8efa3a738f,新北市私立富雅幼兒園,新北市,樹林區,私立,[238]地政街17號1、2、3樓,(02)26689689,www.hoyakids.com.tw,190,無,114,2025/09/30,基礎評鑑－全數指標通過,檢視
2026-09-03-ntpc-full-v1,63,1,bf66407d6b037c3f0ea51d8d8db50d9a4d3d59ddc0a8631d0e509f8efa3a738f,新北市私立奇異鳥米蘭幼兒園,新北市,樹林區,私立,[238]長壽街15之5號2樓、15之6號1樓、15之7號1、2樓,(02)26824949,,86,無,114,2025/11/04,基礎評鑑－全數指標通過,檢視
2026-09-03-ntpc-full-v1,63,1,bf66407d6b037c3f0ea51d8d8db50d9a4d3d59ddc0a8631d0e509f8efa3a738f,新北市私立名人幼兒園,新北市,樹林區,私立,[238]國凱街136巷48號1樓,(02)86869696,,90,無,114,2025/11/04,基礎評鑑－全數指標通過,檢視
2026-09-03-ntpc-full-v1,63,1,bf66407d6b037c3f0ea51d8d8db50d9a4d3d59ddc0a8631d0e509f8efa3a738f,新北市私立鑫立群幼兒園,新北市,樹林區,私立,[238]千歲街104巷18.22號,(02)26862021,http://lichiun6868@yahoo.com.tw,60,無,114,2025/09/25,基礎評鑑－全數指標通過,檢視
2026-09-03-ntpc-full-v1,64,1,139f46ec409937935b390ce9ee9c714cf3e5e318d96f243e784d8eaec0036b16,新北市私立立群幼兒園,新北市,樹林區,私立,[238]千歲街106號及108號1、2樓,(02)26862021,lichiun6868@yahoo.com.tw,73,無,114,2025/09/25,基礎評鑑－全數指標通過,檢視
2026-09-03-ntpc-full-v1,64,1,139f46ec409937935b390ce9ee9c714cf3e5e318d96f243e784d8eaec0036b16,新北市私立快樂地幼兒園,新北市,樹林區,私立,[238]八德街118號1、2、3樓及120號1樓,(02)86858888,,81,無,114,2025/10/14,基礎評鑑－部分指標通過,檢視
2026-09-03-ntpc-full-v1,64,1,139f46ec409937935b390ce9ee9c714cf3e5e318d96f243e784d8eaec0036b16,財團法人天主教會台北教區附設新北市私立聖言幼兒園,新北市,樹林區,私立,[238]中山路一段154號1樓至3樓,(02)26831610#108,http://www.kjftw.org.tw/school12/,195,無,114,2025/10/02,基礎評鑑－全數指標通過,檢視
2026-09-03-ntpc-full-v1,64,1,139f46ec409937935b390ce9ee9c714cf3e5e318d96f243e784d8eaec0036b16,新北市私立福祿貝爾大有幼兒園,新北市,樹林區,私立,[238]大有路36號1、2、3樓,(02)26803456,https://frobeledu.topschool.tw/Home/Main,452,無,113,2024/10/08,基礎評鑑－部分指標通過,檢視
2026-09-03-ntpc-full-v1,64,2,139f46ec409937935b390ce9ee9c714cf3e5e318d96f243e784d8eaec0036b16,新北市私立福祿貝爾大有幼兒園,新北市,樹林區,私立,[238]大有路36號1、2、3樓,(02)26803456,https://frobeledu.topschool.tw/Home/Main,452,無,113,2025/11/26,追蹤評鑑－全數指標通過,檢視
2026-09-03-ntpc-full-v1,64,1,139f46ec409937935b390ce9ee9c714cf3e5e318d96f243e784d8eaec0036b16,新北市私立珈和幼兒園,新北市,樹林區,私立,[238]學勤路203號1、2、3樓,(02)26687318,,135,無,113,2024/10/08,基礎評鑑－全數指標通過,檢視
2026-09-03-ntpc-full-v1,64,1,139f46ec409937935b390ce9ee9c714cf3e5e318d96f243e784d8eaec0036b16,新北市三多非營利幼兒園(委託社團法人中華巧耕多元教育發展協會辦理),新北市,樹林區,非營利,[238]三多路101號1樓,(02)86883352,,90,無,114,2025/10/02,基礎評鑑－全數指標通過,檢視
2026-09-03-ntpc-full-v1,64,1,139f46ec409937935b390ce9ee9c714cf3e5e318d96f243e784d8eaec0036b16,新北市桃子腳非營利幼兒園(委託財團法人三之三生命教育基金會辦理),新北市,樹林區,非營利,[238]學勤路555之1號,(02)26688249,,242,無,114,2025/09/23,基礎評鑑－全數指標通過,檢視
2026-09-03-ntpc-full-v1,64,1,139f46ec409937935b390ce9ee9c714cf3e5e318d96f243e784d8eaec0036b16,新北市立鶯歌國民中學附設幼兒園,新北市,鶯歌區,公立,[239]尖山埔路108號,(02)26701461#701,https://www.ykjhs.ntpc.edu.tw/,76,無,110,2021/10/27,基礎評鑑－全數指標通過,檢視
2026-09-03-ntpc-full-v1,64,1,139f46ec409937935b390ce9ee9c714cf3e5e318d96f243e784d8eaec0036b16,新北市立鳳鳴國民中學附設幼兒園,新北市,鶯歌區,公立,[239]永和街33號,(02)26780609#232,http://www.fmjh.ntpc.edu.tw,76,無,110,2021/10/08,基礎評鑑－部分指標通過,檢視
2026-09-03-ntpc-full-v1,64,2,139f46ec409937935b390ce9ee9c714cf3e5e318d96f243e784d8eaec0036b16,新北市立鳳鳴國民中學附設幼兒園,新北市,鶯歌區,公立,[239]永和街33號,(02)26780609#232,http://www.fmjh.ntpc.edu.tw,76,無,110,2022/12/02,追蹤評鑑－全數指標通過,檢視
2026-09-03-ntpc-full-v1,64,1,139f46ec409937935b390ce9ee9c714cf3e5e318d96f243e784d8eaec0036b16,新北市立尖山國民中學附設幼兒園,新北市,鶯歌區,公立,[239]國中街1號,(02)26771462,https://www.jsjhs.ntpc.edu.tw/p/412-1000-721.php,30,無,110,2021/10/20,基礎評鑑－全數指標通過,檢視
2026-09-03-ntpc-full-v1,65,1,cfe86dcdae621d9f40cf0ac7890ab039efbb1968ab6eb565f35ea55b5a5d5093,新北市鶯歌區二橋國民小學附設幼兒園,新北市,鶯歌區,公立,[239]中正三路106號,(02)26792364#272,http://163.20.55.207/eweb/index.php?home=ew00000000031,60,無,110,2021/10/28,基礎評鑑－全數指標通過,檢視
2026-09-03-ntpc-full-v1,65,1,cfe86dcdae621d9f40cf0ac7890ab039efbb1968ab6eb565f35ea55b5a5d5093,新北市鶯歌區鳳鳴國民小學附設幼兒園,新北市,鶯歌區,公立,[239]永和街120號,(02)26797554#501,http://163.20.125.132/dyna/webs/index.php?account=kids,181,無,110,2021/10/08,基礎評鑑－全數指標通過,檢視
2026-09-03-ntpc-full-v1,65,1,cfe86dcdae621d9f40cf0ac7890ab039efbb1968ab6eb565f35ea55b5a5d5093,新北市鶯歌區中湖國民小學附設幼兒園,新北市,鶯歌區,公立,[239]中湖街25號,(02)86775640,https://www.facebook.com/chueskidergarten/,76,無,110,2021/10/07,基礎評鑑－全數指標通過,檢視
2026-09-03-ntpc-full-v1,65,1,cfe86dcdae621d9f40cf0ac7890ab039efbb1968ab6eb565f35ea55b5a5d5093,新北市鶯歌區鶯歌國民小學附設幼兒園,新北市,鶯歌區,公立,[239]尖山埔路106號,(02)26792038#251,http://163.20.10.1/~class/web/Homepage.php?teacher_id=127,60,無,110,2021/11/05,基礎評鑑－全數指標通過,檢視
2026-09-03-ntpc-full-v1,65,1,cfe86dcdae621d9f40cf0ac7890ab039efbb1968ab6eb565f35ea55b5a5d5093,新北市鶯歌區永吉國民小學附設幼兒園,新北市,鶯歌區,公立,[239]德昌二街2號,(02)26704177#601,http://freebsd.yces.ntpc.edu.tw/~popcorn,60,無,110,2021/10/14,基礎評鑑－全數指標通過,檢視
2026-09-03-ntpc-full-v1,65,1,cfe86dcdae621d9f40cf0ac7890ab039efbb1968ab6eb565f35ea55b5a5d5093,新北市鶯歌區建國國民小學附設幼兒園,新北市,鶯歌區,公立,[239]育英街2號,(02)26709228#160,http://www.ckps.ntpc.edu.tw,166,無,110,2021/10/15,基礎評鑑－全數指標通過,檢視
2026-09-03-ntpc-full-v1,65,1,cfe86dcdae621d9f40cf0ac7890ab039efbb1968ab6eb565f35ea55b5a5d5093,新北市立鶯歌幼兒園,新北市,鶯歌區,公立,[239]大湖路336號,(02)26781259#18,http://daycare.ntpc.edu.tw/web/yingge/,271,無,110,2021/10/07,基礎評鑑－全數指標通過,檢視
2026-09-03-ntpc-full-v1,65,1,cfe86dcdae621d9f40cf0ac7890ab039efbb1968ab6eb565f35ea55b5a5d5093,新北市私立學詮幼兒園,新北市,鶯歌區,私立,[239]德昌街131號1、2樓,(02)86771515,,160,無,110,2021/10/14,基礎評鑑－全數指標通過,檢視
2026-09-03-ntpc-full-v1,65,1,cfe86dcdae621d9f40cf0ac7890ab039efbb1968ab6eb565f35ea55b5a5d5093,新北市私立愛迪生幼兒園,新北市,鶯歌區,私立,[239]建國路556號1、2、3樓,(02)26704615,http://blogkids.net/,165,無,110,2021/10/27,基礎評鑑－部分指標通過,檢視
2026-09-03-ntpc-full-v1,65,2,cfe86dcdae621d9f40cf0ac7890ab039efbb1968ab6eb565f35ea55b5a5d5093,新北市私立愛迪生幼兒園,新北市,鶯歌區,私立,[239]建國路556號1、2、3樓,(02)26704615,http://blogkids.net/,165,無,110,2022/12/01,追蹤評鑑－全數指標通過,檢視
2026-09-03-ntpc-full-v1,65,1,cfe86dcdae621d9f40cf0ac7890ab039efbb1968ab6eb565f35ea55b5a5d5093,新北市私立長青幼兒園,新北市,鶯歌區,私立,[239]鶯桃路188號,(02)26794011,http://foreverkids.wowch.co/,88,無,110,2021/10/27,基礎評鑑－全數指標通過,檢視
2026-09-03-ntpc-full-v1,66,1,da639c384f753fb87f882bbce6db633bd9d49f213a18c690c10feb17a0d001d6,新北市私立及仁幼兒園,新北市,鶯歌區,私立,[239]鳳吉一街172號1至3樓,(02)26799611,,151,無,112,2023/11/02,基礎評鑑－部分指標通過,檢視
2026-09-03-ntpc-full-v1,66,2,da639c384f753fb87f882bbce6db633bd9d49f213a18c690c10feb17a0d001d6,新北市私立及仁幼兒園,新北市,鶯歌區,私立,[239]鳳吉一街172號1至3樓,(02)26799611,,151,無,112,2024/11/20,追蹤評鑑－全數指標通過,檢視
2026-09-03-ntpc-full-v1,66,1,da639c384f753fb87f882bbce6db633bd9d49f213a18c690c10feb17a0d001d6,新北市私立朱徠德幼兒園,新北市,鶯歌區,私立,[239]鶯桃路301號1、2樓,(02)26799000,,250,無,110,2021/10/27,基礎評鑑－全數指標通過,檢視
2026-09-03-ntpc-full-v1,66,1,da639c384f753fb87f882bbce6db633bd9d49f213a18c690c10feb17a0d001d6,新北市私立山姆幼兒園,新北市,鶯歌區,私立,[239]仁愛路66號1樓、2樓、3樓(含地下1樓),(02)86782899,,286,無,110,2021/10/20,基礎評鑑－全數指標通過,檢視
2026-09-03-ntpc-full-v1,66,1,da639c384f753fb87f882bbce6db633bd9d49f213a18c690c10feb17a0d001d6,新北市私立康乃爾幼兒園,新北市,鶯歌區,私立,[239]育英街98-1號1樓,(02)26787999,http://tw.myblog.yahoo.com/jw!ckXX1WeRExjw8A6g6w3aOU1bZXXW,75,無,110,2021/11/05,基礎評鑑－全數指標通過,檢視
2026-09-03-ntpc-full-v1,66,1,da639c384f753fb87f882bbce6db633bd9d49f213a18c690c10feb17a0d001d6,新北市私立宏修幼兒園,新北市,鶯歌區,私立,[239]文化路145巷10號1樓,(02)26776788,f250@ms22.hinet.net,100,無,110,2021/10/26,基礎評鑑－部分指標通過,檢視
2026-09-03-ntpc-full-v1,66,2,da639c384f753fb87f882bbce6db633bd9d49f213a18c690c10feb17a0d001d6,新北市私立宏修幼兒園,新北市,鶯歌區,私立,[239]文化路145巷10號1樓,(02)26776788,f250@ms22.hinet.net,100,無,110,2022/12/01,追蹤評鑑－全數指標通過,檢視
2026-09-03-ntpc-full-v1,66,1,da639c384f753fb87f882bbce6db633bd9d49f213a18c690c10feb17a0d001d6,新北市私立育全鶯歌幼兒園,新北市,鶯歌區,私立,"[239]二甲路25號1,2樓",(02)86778181,,474,無,110,2021/10/28,基礎評鑑－全數指標通過,檢視
2026-09-03-ntpc-full-v1,66,1,da639c384f753fb87f882bbce6db633bd9d49f213a18c690c10feb17a0d001d6,新北市私立鶯歌芝麻村幼兒園,新北市,鶯歌區,私立,[239]國華路103、103-1、105、107及109號1樓,(02)86788181,,304,無,110,2021/10/15,基礎評鑑－全數指標通過,檢視
2026-09-03-ntpc-full-v1,66,1,da639c384f753fb87f882bbce6db633bd9d49f213a18c690c10feb17a0d001d6,新北市私立宏鶯幼兒園,新北市,鶯歌區,私立,[239]鶯桃路95巷16、18號1、2樓,(02)26706022,http://honying.topschool.com.tw/,55,無,110,2021/11/12,基礎評鑑－部分指標通過,檢視
2026-09-03-ntpc-full-v1,66,2,da639c384f753fb87f882bbce6db633bd9d49f213a18c690c10feb17a0d001d6,新北市私立宏鶯幼兒園,新北市,鶯歌區,私立,[239]鶯桃路95巷16、18號1、2樓,(02)26706022,http://honying.topschool.com.tw/,55,無,110,2022/12/02,追蹤評鑑－全數指標通過,檢視
2026-09-03-ntpc-full-v1,66,1,da639c384f753fb87f882bbce6db633bd9d49f213a18c690c10feb17a0d001d6,新北市私立精英國際幼兒園,新北市,鶯歌區,私立,[239]中山路249巷30號1樓、32號1樓、36號1至2樓及36號露臺,(02)26793299,,151,無,111,2022/10/21,基礎評鑑－全數指標通過,檢視
2026-09-03-ntpc-full-v1,66,1,da639c384f753fb87f882bbce6db633bd9d49f213a18c690c10feb17a0d001d6,新北市昌福非營利幼兒園（委託明新學校財團法人明新科技大學辦理）,新北市,鶯歌區,非營利,[239]永明街22號1樓,(02)26708189,,90,無,110,2021/11/12,基礎評鑑－全數指標通過,檢視
2026-09-03-ntpc-full-v1,67,1,2c25946d244a2fe621f30992c761053d73e6a61aae70235bdd6bd5cabd116f1b,新北市三重區光興國民小學附設幼兒園,新北市,三重區,公立,[241]正義南路62號,(02)29755352#170,https://www.kses.ntpc.edu.tw/p/403-1000-70.php,226,無,114,2025/10/21,基礎評鑑－全數指標通過,檢視
2026-09-03-ntpc-full-v1,67,1,2c25946d244a2fe621f30992c761053d73e6a61aae70235bdd6bd5cabd116f1b,新北市三重區三光國民小學附設幼兒園,新北市,三重區,公立,[241]大同南路157號,(02)29753308#671,,166,無,114,2025/10/21,基礎評鑑－全數指標通過,檢視
2026-09-03-ntpc-full-v1,67,1,2c25946d244a2fe621f30992c761053d73e6a61aae70235bdd6bd5cabd116f1b,新北市三重區碧華國民小學附設幼兒園,新北市,三重區,公立,[241]五華街160號,(02)28577792#800,https://sites.google.com/bhes.ntpc.edu.tw/bheskid,210,無,114,2025/10/03,基礎評鑑－部分指標通過,檢視
2026-09-03-ntpc-full-v1,67,1,2c25946d244a2fe621f30992c761053d73e6a61aae70235bdd6bd5cabd116f1b,新北市三重區興穀國民小學附設幼兒園,新北市,三重區,公立,[241]神農街101號,(02)29990725#150,http://www.skps.ntpc.edu.tw/,76,無,114,2025/10/13,基礎評鑑－全數指標通過,檢視
2026-09-03-ntpc-full-v1,67,1,2c25946d244a2fe621f30992c761053d73e6a61aae70235bdd6bd5cabd116f1b,新北市三重區二重國民小學附設幼兒園,新北市,三重區,公立,[241]大有街10號,(02)29846446#190,https://www.eces.ntpc.edu.tw/p/404-1000-562.php,60,無,114,2025/10/15,基礎評鑑－全數指標通過,檢視
2026-09-03-ntpc-full-v1,67,1,2c25946d244a2fe621f30992c761053d73e6a61aae70235bdd6bd5cabd116f1b,新北市三重區三重國民小學附設幼兒園,新北市,三重區,公立,[241]三和路3段1號,(02)29722095#180,http://www.tsces.ntpc.edu.tw/default_page.asp,60,無,114,2025/09/30,基礎評鑑－全數指標通過,檢視
2026-09-03-ntpc-full-v1,67,1,2c25946d244a2fe621f30992c761053d73e6a61aae70235bdd6bd5cabd116f1b,新北市三重區正義國民小學附設幼兒園,新北市,三重區,公立,[241]信義西街31號,(02)29853138#1110,https://sites.google.com/jyes.ntpc.edu.tw/child,120,無,114,2025/09/30,基礎評鑑－全數指標通過,檢視
2026-09-03-ntpc-full-v1,67,1,2c25946d244a2fe621f30992c761053d73e6a61aae70235bdd6bd5cabd116f1b,新北市三重區五華國民小學附設幼兒園,新北市,三重區,公立,[241]集賢路89號,(02)28575431,http://www.whes.ntpc.edu.tw/,120,無,114,2025/10/03,基礎評鑑－全數指標通過,檢視
2026-09-03-ntpc-full-v1,67,1,2c25946d244a2fe621f30992c761053d73e6a61aae70235bdd6bd5cabd116f1b,新北市三重區修德國民小學附設幼兒園,新北市,三重區,公立,[241]重陽路三段3號,(02)29800495#601,reurl.cc/A2K1bZ,60,無,114,2025/10/16,基礎評鑑－全數指標通過,檢視
2026-09-03-ntpc-full-v1,67,1,2c25946d244a2fe621f30992c761053d73e6a61aae70235bdd6bd5cabd116f1b,新北市三重區重陽國民小學附設幼兒園,新北市,三重區,公立,[241]中正北路113號,(02)29826272#320,https://sites.google.com/a/kidmail.ntpc.edu.tw/xin-bei-shi-san-zhong-qu-zhong-yang-guo-min-xiao-xue-,210,無,114,2025/10/21,基礎評鑑－全數指標通過,檢視
2026-09-03-ntpc-full-v1,68,1,a12334757640ba15bbcacb3b6c330f9c900c55b58d962db2fd46d4478baabbd8,新北市三重區永福國民小學附設幼兒園,新北市,三重區,公立,[241]永福街66號,(02)22876716#891,http://www.yfps.ntpc.edu.tw,60,無,114,2025/10/15,基礎評鑑－全數指標通過,檢視
2026-09-03-ntpc-full-v1,68,1,a12334757640ba15bbcacb3b6c330f9c900c55b58d962db2fd46d4478baabbd8,新北市立明志國民中學附設幼兒園,新北市,三重區,公立,[241]中正北路107號,(02)29844132#369,,196,無,114,2025/10/16,基礎評鑑－全數指標通過,檢視
2026-09-03-ntpc-full-v1,68,1,a12334757640ba15bbcacb3b6c330f9c900c55b58d962db2fd46d4478baabbd8,新北市立三和國民中學附設幼兒園,新北市,三重區,公立,[241]三和路四段216號,(02)22879890#777,sites.google.com/view/shjhkid/%E9%A6%96%E9%A0%81,120,無,114,2025/10/15,基礎評鑑－全數指標通過,檢視
2026-09-03-ntpc-full-v1,68,1,a12334757640ba15bbcacb3b6c330f9c900c55b58d962db2fd46d4478baabbd8,新北市立三重高級中學附設幼兒園,新北市,三重區,公立,[241]集美街212號,(02)29760501#410,,106,無,114,2025/10/28,基礎評鑑－全數指標通過,檢視
2026-09-03-ntpc-full-v1,68,1,a12334757640ba15bbcacb3b6c330f9c900c55b58d962db2fd46d4478baabbd8,新北市立三重幼兒園,新北市,三重區,公立,[241]新北大道一段9號3樓,(02)89838241,http://daycare.ntpc.edu.tw/web/sanchong/,94,無,114,2025/09/26,基礎評鑑－全數指標通過,檢視
2026-09-03-ntpc-full-v1,68,1,a12334757640ba15bbcacb3b6c330f9c900c55b58d962db2fd46d4478baabbd8,新北市立三重幼兒園崇德分班,新北市,三重區,公立,[241]仁孝街62號1樓,(02)29725078,https://sanchong68174646.blogspot.com/,80,無,114,2025/09/26,基礎評鑑－全數指標通過,檢視
2026-09-03-ntpc-full-v1,68,1,a12334757640ba15bbcacb3b6c330f9c900c55b58d962db2fd46d4478baabbd8,新北市三重區厚德國民小學附設幼兒園,新北市,三重區,公立,[241]忠孝路一段70號1樓,(02)29868825#52,http://www.hdes.ntpc.edu.tw/,90,無,114,2025/10/21,基礎評鑑－全數指標通過,檢視
2026-09-03-ntpc-full-v1,68,1,a12334757640ba15bbcacb3b6c330f9c900c55b58d962db2fd46d4478baabbd8,新北市三重區光榮國民小學附設幼兒園,新北市,三重區,公立,[241]介壽路32號,(02)29730392#700,http://pps.ntpc.edu.tw,226,無,114,2025/10/31,基礎評鑑－全數指標通過,檢視
2026-09-03-ntpc-full-v1,68,1,a12334757640ba15bbcacb3b6c330f9c900c55b58d962db2fd46d4478baabbd8,新北市立碧華國民中學附設幼兒園,新北市,三重區,公立,[241]三信路166號,(02)29851121#600,http://www.bhjh.ntpc.edu.tw,60,無,114,2025/10/03,基礎評鑑－全數指標通過,檢視
2026-09-03-ntpc-full-v1,68,1,a12334757640ba15bbcacb3b6c330f9c900c55b58d962db2fd46d4478baabbd8,新北市立光榮國民中學附設幼兒園,新北市,三重區,公立,[241]介壽路26號,(02)29780211,http://www.grjh.ntpc.edu.tw/news/u_news_v1.asp?id={20729EA6-53B7-42A5-BB16-3FE741A0DCA6},210,無,114,2025/10/31,基礎評鑑－全數指標通過,檢視
2026-09-03-ntpc-full-v1,69,1,c44e34eb5c8e1b31bb8a5e5f08adf756d0a8f988b4ac4a4032ec827d8f84a7ef,新北市三重區集美國民小學附設幼兒園,新北市,三重區,公立,[241]集美街10號,(02)89725390#150,https://sites.google.com/kidmail.ntpc.edu.tw/jmes/%E9%A6%96%E9%A0%81,120,無,114,2025/10/28,基礎評鑑－全數指標通過,檢視
2026-09-03-ntpc-full-v1,69,1,c44e34eb5c8e1b31bb8a5e5f08adf756d0a8f988b4ac4a4032ec827d8f84a7ef,新北市立二重國民中學附設幼兒園,新北市,三重區,公立,[241]忠孝路三段89號,(02)29800164,http://www.ecjh.ntpc.edu.tw/default_page.asp,152,無,114,2025/10/15,基礎評鑑－全數指標通過,檢視
2026-09-03-ntpc-full-v1,69,1,c44e34eb5c8e1b31bb8a5e5f08adf756d0a8f988b4ac4a4032ec827d8f84a7ef,新北市私立幼苗國際幼兒園,新北市,三重區,私立,"[241]中正北路165巷2號1樓,2樓,3樓",(02)89814080,,228,無,114,2025/09/26,基礎評鑑－全數指標通過,檢視
2026-09-03-ntpc-full-v1,69,1,c44e34eb5c8e1b31bb8a5e5f08adf756d0a8f988b4ac4a4032ec827d8f84a7ef,新北市私立宥寶幼兒園,新北市,三重區,私立,[241]下竹圍街93巷1、3號1樓,(02)22802567,,45,無,114,2025/09/23,基礎評鑑－全數指標通過,檢視
2026-09-03-ntpc-full-v1,69,1,c44e34eb5c8e1b31bb8a5e5f08adf756d0a8f988b4ac4a4032ec827d8f84a7ef,新北市私立邦喬妮幼兒園,新北市,三重區,私立,"[241]五華街21巷3號1樓,5樓1樓",(02)29831314,,32,無,114,2025/09/30,基礎評鑑－全數指標通過,檢視
2026-09-03-ntpc-full-v1,69,1,c44e34eb5c8e1b31bb8a5e5f08adf756d0a8f988b4ac4a4032ec827d8f84a7ef,新北市私立安尼爾幼兒園,新北市,三重區,私立,[241]仁政街111、113號1樓,(02)89817555,gracea168@yahoo.com.tw,75,無,114,2025/10/30,基礎評鑑－全數指標通過,檢視
2026-09-03-ntpc-full-v1,69,1,c44e34eb5c8e1b31bb8a5e5f08adf756d0a8f988b4ac4a4032ec827d8f84a7ef,新北市私立象寶園幼兒園,新北市,三重區,私立,"[241]忠孝路三段40巷59號1,2,3樓",(02)89818593,,66,無,114,2025/10/20,基礎評鑑－全數指標通過,檢視
2026-09-03-ntpc-full-v1,69,1,c44e34eb5c8e1b31bb8a5e5f08adf756d0a8f988b4ac4a4032ec827d8f84a7ef,新北市私立探索幼兒園,新北市,三重區,私立,[241]重新路四段57號1樓,(02)89811737#11,,60,無,114,2025/10/28,基礎評鑑－全數指標通過,檢視
2026-09-03-ntpc-full-v1,69,1,c44e34eb5c8e1b31bb8a5e5f08adf756d0a8f988b4ac4a4032ec827d8f84a7ef,新北市私立蘋果樹仁政幼兒園,新北市,三重區,私立,[241]仁政街76巷6、8、10、12號各1樓及6號2樓、12號2樓,(02)29850518,,85,有,114,2025/09/24,基礎評鑑－全數指標通過,檢視
2026-09-03-ntpc-full-v1,70,1,9a164611461b2c4f45eb8d28c32b8eaa12eb5534cae20e659d54312ee23f76a3,新北市私立邦仁幼兒園,新北市,三重區,私立,[241]溪尾街328號1、2樓,(02)28575786,,56,無,114,2025/10/15,基礎評鑑－全數指標通過,檢視
2026-09-03-ntpc-full-v1,70,1,9a164611461b2c4f45eb8d28c32b8eaa12eb5534cae20e659d54312ee23f76a3,新北市私立啟文幼兒園,新北市,三重區,私立,"[241]溪尾街106號1,2,3樓",(02)22877049,,110,無,114,2025/11/05,基礎評鑑－部分指標通過,檢視
2026-09-03-ntpc-full-v1,70,1,9a164611461b2c4f45eb8d28c32b8eaa12eb5534cae20e659d54312ee23f76a3,新北市私立華兒園精緻幼兒園,新北市,三重區,私立,[241]三和路二段75號2樓,(02)29761536,,61,有,114,2025/10/02,基礎評鑑－全數指標通過,檢視
2026-09-03-ntpc-full-v1,70,1,9a164611461b2c4f45eb8d28c32b8eaa12eb5534cae20e659d54312ee23f76a3,新北市私立上綸幼兒園,新北市,三重區,私立,[241]正義南路105巷13號1樓,(02)89723282,,38,無,114,2025/10/17,基礎評鑑－全數指標通過,檢視
2026-09-03-ntpc-full-v1,70,1,9a164611461b2c4f45eb8d28c32b8eaa12eb5534cae20e659d54312ee23f76a3,新北市私立重新幼兒園,新北市,三重區,私立,[241]重新路二段21號2樓,(02)29854162,,57,無,114,2025/10/13,基礎評鑑－全數指標通過,檢視
2026-09-03-ntpc-full-v1,70,1,9a164611461b2c4f45eb8d28c32b8eaa12eb5534cae20e659d54312ee23f76a3,新北市私立夏綠蒂幼兒園,新北市,三重區,私立,[241]五華街21巷15號1、2、3樓及13號2、3樓,(02)29863649,,138,無,114,2025/10/22,基礎評鑑－全數指標通過,檢視
2026-09-03-ntpc-full-v1,70,1,9a164611461b2c4f45eb8d28c32b8eaa12eb5534cae20e659d54312ee23f76a3,新北市私立威妮斯特堡幼兒園,新北市,三重區,私立,[241]五華街161號1、2樓,(02)28572999,,170,無,114,2025/10/09,基礎評鑑－全數指標通過,檢視
2026-09-03-ntpc-full-v1,70,1,9a164611461b2c4f45eb8d28c32b8eaa12eb5534cae20e659d54312ee23f76a3,新北市私立勁寶兒喜星園幼兒園,新北市,三重區,私立,"[241]成功路28號1,2樓",(02)89729002,,51,無,114,2025/11/07,基礎評鑑－全數指標通過,檢視
2026-09-03-ntpc-full-v1,70,1,9a164611461b2c4f45eb8d28c32b8eaa12eb5534cae20e659d54312ee23f76a3,新北市私立來來幼兒園,新北市,三重區,私立,[241]新北大道一段100巷11號1、2樓，13號1樓，15號1樓，17號2、3樓,(02)29893961,,113,無,114,2025/09/24,基礎評鑑－全數指標通過,檢視
2026-09-03-ntpc-full-v1,70,1,9a164611461b2c4f45eb8d28c32b8eaa12eb5534cae20e659d54312ee23f76a3,新北市私立肯妮斯幼兒園,新北市,三重區,私立,[241]三信路7號1、2樓及9號2樓,(02)28579988,,65,無,114,2025/10/09,基礎評鑑－全數指標通過,檢視
2026-09-03-ntpc-full-v1,71,1,42f7e4b21f06d86624922d74bf6ce59f13a046ea12cfa698b286f0bfff2ad8a6,新北市私立天鵝園幼兒園,新北市,三重區,私立,[241]中正北路118巷3號1樓,(02)29711973,,34,無,114,2025/11/07,基礎評鑑－全數指標通過,檢視
2026-09-03-ntpc-full-v1,71,1,42f7e4b21f06d86624922d74bf6ce59f13a046ea12cfa698b286f0bfff2ad8a6,新北市私立長頸鹿吉凱幼兒園,新北市,三重區,私立,[241]興德路100號1~2樓,(02)85121800,http://giraffe.topschool.com.tw/,80,無,114,2025/10/13,基礎評鑑－全數指標通過,檢視
2026-09-03-ntpc-full-v1,71,1,42f7e4b21f06d86624922d74bf6ce59f13a046ea12cfa698b286f0bfff2ad8a6,新北市私立徠安幼兒園,新北市,三重區,私立,[241]重安街12號1、2樓,(02)29776789,,51,無,114,2025/09/24,基礎評鑑－全數指標通過,檢視
2026-09-03-ntpc-full-v1,71,1,42f7e4b21f06d86624922d74bf6ce59f13a046ea12cfa698b286f0bfff2ad8a6,新北市私立仁慈幼兒園,新北市,三重區,私立,"[241]五華街21巷39號1,2樓",(02)89882711,,29,無,114,2025/10/22,基礎評鑑－全數指標通過,檢視
2026-09-03-ntpc-full-v1,71,1,42f7e4b21f06d86624922d74bf6ce59f13a046ea12cfa698b286f0bfff2ad8a6,新北市私立新碧華幼兒園,新北市,三重區,私立,[241]分子尾街32號1樓,(02)29896058,http://bihua.52school.com.tw,90,無,114,2025/09/24,基礎評鑑－全數指標通過,檢視
2026-09-03-ntpc-full-v1,71,1,42f7e4b21f06d86624922d74bf6ce59f13a046ea12cfa698b286f0bfff2ad8a6,新北市私立三重忠孝幼兒園,新北市,三重區,私立,[241]中正北路145巷6弄1號,(02)29894383,,60,無,114,2025/11/07,基礎評鑑－全數指標通過,檢視
2026-09-03-ntpc-full-v1,71,1,42f7e4b21f06d86624922d74bf6ce59f13a046ea12cfa698b286f0bfff2ad8a6,新北市私立東光幼兒園,新北市,三重區,私立,[241]仁壽街200號,(02)29732617,163.20.166.222/kids/Homepage.php?,60,無,114,2025/09/22,基礎評鑑－全數指標通過,檢視
2026-09-03-ntpc-full-v1,71,1,42f7e4b21f06d86624922d74bf6ce59f13a046ea12cfa698b286f0bfff2ad8a6,新北市私立丹力幼兒園,新北市,三重區,私立,[241]重陽路3段154號1樓、152號2樓,(02)89883300,,72,無,114,2025/11/03,基礎評鑑－全數指標通過,檢視
2026-09-03-ntpc-full-v1,71,1,42f7e4b21f06d86624922d74bf6ce59f13a046ea12cfa698b286f0bfff2ad8a6,新北市私立惠文幼兒園,新北市,三重區,私立,[241]五華街149號1樓,(02)28570626#101,,60,無,114,2025/10/14,基礎評鑑－全數指標通過,檢視
2026-09-03-ntpc-full-v1,71,1,42f7e4b21f06d86624922d74bf6ce59f13a046ea12cfa698b286f0bfff2ad8a6,新北市私立重愛幼兒園,新北市,三重區,私立,[241]忠孝路三段40巷1之1號1、2樓,(02)29776688,,41,有,114,2025/10/23,基礎評鑑－全數指標通過,檢視
2026-09-03-ntpc-full-v1,72,1,90d0562ce010bcf5d9cfc61fb60e6174bddfae417578f18733880229532d1b0e,新北市私立重愛幼兒園三民分班,新北市,三重區,私立,[241]三民街206之2號2樓,(02)29783188,,30,無,114,2025/10/23,基礎評鑑－全數指標通過,檢視
2026-09-03-ntpc-full-v1,72,1,90d0562ce010bcf5d9cfc61fb60e6174bddfae417578f18733880229532d1b0e,新北市私立新學林幼兒園,新北市,三重區,私立,[241]仁義街307號1、2樓,(02)28575598,,36,無,114,2025/10/22,基礎評鑑－全數指標通過,檢視
2026-09-03-ntpc-full-v1,72,1,90d0562ce010bcf5d9cfc61fb60e6174bddfae417578f18733880229532d1b0e,新北市私立鼎群幼兒園,新北市,三重區,私立,[241]福德北路50號1樓,(02)29706018,,29,無,114,2025/10/02,基礎評鑑－全數指標通過,檢視
2026-09-03-ntpc-full-v1,72,1,90d0562ce010bcf5d9cfc61fb60e6174bddfae417578f18733880229532d1b0e,新北市私立惠文兒童領袖幼兒園,新北市,三重區,私立,[241]五華街207號1、2、3樓,(02)28570626,,237,無,114,2025/10/14,基礎評鑑－全數指標通過,檢視
2026-09-03-ntpc-full-v1,72,1,90d0562ce010bcf5d9cfc61fb60e6174bddfae417578f18733880229532d1b0e,新北市私立艾力克幼兒園,新北市,三重區,私立,[241]三和路2段37號3樓,(02)29783755,,75,無,114,2025/10/02,基礎評鑑－全數指標通過,檢視
2026-09-03-ntpc-full-v1,72,1,90d0562ce010bcf5d9cfc61fb60e6174bddfae417578f18733880229532d1b0e,財團法人天主教會台北教區附設新北市私立母心幼兒園,新北市,三重區,私立,[241]大同北路115巷3號1樓,(02)29711193,http://www.kjftw.org.tw/school13/school13-index.html,180,無,114,2025/10/02,基礎評鑑－全數指標通過,檢視
2026-09-03-ntpc-full-v1,72,1,90d0562ce010bcf5d9cfc61fb60e6174bddfae417578f18733880229532d1b0e,新北市私立復國幼兒園,新北市,三重區,私立,[241]仁義街211巷3、5號,(02)29883299,無,36,無,114,2025/09/30,基礎評鑑－全數指標通過,檢視
2026-09-03-ntpc-full-v1,72,1,90d0562ce010bcf5d9cfc61fb60e6174bddfae417578f18733880229532d1b0e,新北市私立吉德幼兒園,新北市,三重區,私立,[241]新興路30號及32號1樓、2樓,(02)29771397,,70,無,114,2025/10/31,基礎評鑑－全數指標通過,檢視
2026-09-03-ntpc-full-v1,72,1,90d0562ce010bcf5d9cfc61fb60e6174bddfae417578f18733880229532d1b0e,新北市私立喬大幼兒園,新北市,三重區,私立,[241]力行路1段179巷10號1樓、2樓,(02)29899921,kids29899921@yahoo.com.tw,34,無,114,2025/11/03,基礎評鑑－全數指標通過,檢視
2026-09-03-ntpc-full-v1,72,1,90d0562ce010bcf5d9cfc61fb60e6174bddfae417578f18733880229532d1b0e,新北市私立英嘉幼兒園,新北市,三重區,私立,[241]三和路三段16巷2、4、6、8號1樓,(02)29822666,,300,無,114,2025/10/03,基礎評鑑－全數指標通過,檢視
2026-09-03-ntpc-full-v1,73,1,8b0f1e65407a2de6c1b20a11685e30a6a873d75d94361cdb6ba4cb6013d67b48,新北市私立甜甜幼兒園,新北市,三重區,私立,[241]三和路三段83巷1、3、5、7號1樓及9號1~2樓,(02)29729876,,150,無,114,2025/09/22,基礎評鑑－全數指標通過,檢視
2026-09-03-ntpc-full-v1,73,1,8b0f1e65407a2de6c1b20a11685e30a6a873d75d94361cdb6ba4cb6013d67b48,新北市私立愛箂兒幼兒園,新北市,三重區,私立,[241]集美街121號1樓及2樓、119號2樓、成功路73巷35號2樓,(02)29778696,,74,無,114,2025/09/30,基礎評鑑－全數指標通過,檢視
2026-09-03-ntpc-full-v1,73,1,8b0f1e65407a2de6c1b20a11685e30a6a873d75d94361cdb6ba4cb6013d67b48,新北市私立強森園幼兒園,新北市,三重區,私立,"[241]三張街149巷16號1,2樓",(02)89814131,,38,無,114,2025/09/23,基礎評鑑－全數指標通過,檢視
2026-09-03-ntpc-full-v1,73,1,8b0f1e65407a2de6c1b20a11685e30a6a873d75d94361cdb6ba4cb6013d67b48,新北市私立班博士幼兒園,新北市,三重區,私立,[241]三和路1段48號1、2樓、50號1、2樓,(02)29725412,,68,無,114,2025/10/03,基礎評鑑－全數指標通過,檢視
2026-09-03-ntpc-full-v1,73,1,8b0f1e65407a2de6c1b20a11685e30a6a873d75d94361cdb6ba4cb6013d67b48,新北市私立大全幼兒園,新北市,三重區,私立,[241]重陽路一段26巷37號、39號1樓,(02)29862497,,60,無,114,2025/10/03,基礎評鑑－全數指標通過,檢視
2026-09-03-ntpc-full-v1,73,1,8b0f1e65407a2de6c1b20a11685e30a6a873d75d94361cdb6ba4cb6013d67b48,新北市私立育林幼兒園,新北市,三重區,私立,[241]頂崁街187巷4號、6號1樓,(02)29811051,,60,無,114,2025/10/20,基礎評鑑－全數指標通過,檢視
2026-09-03-ntpc-full-v1,73,1,8b0f1e65407a2de6c1b20a11685e30a6a873d75d94361cdb6ba4cb6013d67b48,新北市私立喜星園幼兒園,新北市,三重區,私立,[241]成功路22號2樓之1,(02)89729002,,30,無,114,2025/11/07,基礎評鑑－全數指標通過,檢視
2026-09-03-ntpc-full-v1,73,1,8b0f1e65407a2de6c1b20a11685e30a6a873d75d94361cdb6ba4cb6013d67b48,新北市私立學仕幼兒園,新北市,三重區,私立,[241]重新路三段202、204號2樓、3樓,(02)29747878,,93,無,114,2025/10/13,基礎評鑑－全數指標通過,檢視
2026-09-03-ntpc-full-v1,73,1,8b0f1e65407a2de6c1b20a11685e30a6a873d75d94361cdb6ba4cb6013d67b48,新北市私立藤井樹幼兒園,新北市,三重區,私立,[241]五華街122巷3號(門牌整編含5號)1樓,(02)29818500,,39,無,114,2025/10/29,基礎評鑑－全數指標通過,檢視
2026-09-03-ntpc-full-v1,73,1,8b0f1e65407a2de6c1b20a11685e30a6a873d75d94361cdb6ba4cb6013d67b48,新北市私立艾美樂幼兒園,新北市,三重區,私立,[241]集美街112巷9號1樓、2樓、11號1樓,(02)29753317,,51,無,114,2025/09/30,基礎評鑑－全數指標通過,檢視
2026-09-03-ntpc-full-v1,74,1,8e4898d7c77a83301837279123aeaedfd3db86f920c8ff46ef74eebe7e9b67bc,新北市私立宜德幼兒園,新北市,三重區,私立,[241]仁愛街445巷35、37、39、41號1樓,(02)29800352,,37,無,114,2025/10/29,基礎評鑑－全數指標通過,檢視
2026-09-03-ntpc-full-v1,74,1,8e4898d7c77a83301837279123aeaedfd3db86f920c8ff46ef74eebe7e9b67bc,新北市私立兒童天地幼兒園,新北市,三重區,私立,[241]力行路2段162巷3號1、2樓,(02)22865791,,27,無,114,2025/10/30,基礎評鑑－全數指標通過,檢視
2026-09-03-ntpc-full-v1,74,1,8e4898d7c77a83301837279123aeaedfd3db86f920c8ff46ef74eebe7e9b67bc,新北市私立吉的堡英資幼兒園,新北市,三重區,私立,[241]重陽路4段24號、26號、28號1~3樓,(02)29855548,,187,無,114,2025/10/03,基礎評鑑－全數指標通過,檢視
2026-09-03-ntpc-full-v1,74,1,8e4898d7c77a83301837279123aeaedfd3db86f920c8ff46ef74eebe7e9b67bc,新北市私立三和幼兒園,新北市,三重區,私立,[241]三和路4段123號1、2、3樓,(02)22809318,,66,無,114,2025/10/20,基礎評鑑－全數指標通過,檢視
2026-09-03-ntpc-full-v1,74,1,8e4898d7c77a83301837279123aeaedfd3db86f920c8ff46ef74eebe7e9b67bc,新北市私立茱莉亞園幼兒園,新北市,三重區,私立,[241]三民路175巷25號1-2樓、27號1-3樓、重陽路2段52巷83弄4號1樓、6號1-3樓,(02)29850500,http:/juilliard97@yahoo.com.tw,175,無,114,2025/09/26,基礎評鑑－全數指標通過,檢視
2026-09-03-ntpc-full-v1,74,1,8e4898d7c77a83301837279123aeaedfd3db86f920c8ff46ef74eebe7e9b67bc,新北市私立新永福幼兒園,新北市,三重區,私立,[241]力行路2段136巷23弄20號2樓及22、24、26號1、2樓,(02)22869049,,109,無,114,2025/11/05,基礎評鑑－全數指標通過,檢視
2026-09-03-ntpc-full-v1,74,1,8e4898d7c77a83301837279123aeaedfd3db86f920c8ff46ef74eebe7e9b67bc,新北市私立華納幼兒園,新北市,三重區,私立,[241]新北大道一段115號1、2樓,(02)89826868,,170,無,114,2025/09/26,基礎評鑑－全數指標通過,檢視
2026-09-03-ntpc-full-v1,74,1,8e4898d7c77a83301837279123aeaedfd3db86f920c8ff46ef74eebe7e9b67bc,新北市私立子禕天地幼兒園,新北市,三重區,私立,[241]光興街2號1、2樓,(02)29736113,,37,無,114,2025/10/17,基礎評鑑－全數指標通過,檢視
2026-09-03-ntpc-full-v1,74,1,8e4898d7c77a83301837279123aeaedfd3db86f920c8ff46ef74eebe7e9b67bc,新北市私立新二重幼兒園,新北市,三重區,私立,[241]忠孝路三段93巷6號2樓,(02)89815751,,29,無,114,2025/10/20,基礎評鑑－全數指標通過,檢視
2026-09-03-ntpc-full-v1,74,1,8e4898d7c77a83301837279123aeaedfd3db86f920c8ff46ef74eebe7e9b67bc,新北市私立翊華三重國際幼兒園,新北市,三重區,私立,[241]集賢路181號,(02)28572045,,195,無,114,2025/10/20,基礎評鑑－全數指標通過,檢視
2026-09-03-ntpc-full-v1,75,1,09be03045608622d9399ceee8b2824ff0fef15b4c876c2fa3aafaa717e315b0d,新北市私立加州森林國際幼兒園,新北市,三重區,私立,[241]三信路100號1樓、2樓、3樓,(02)28579000,,531,無,114,2025/10/20,基礎評鑑－全數指標通過,檢視
2026-09-03-ntpc-full-v1,75,1,09be03045608622d9399ceee8b2824ff0fef15b4c876c2fa3aafaa717e315b0d,新北市私立新寰宇國際幼兒園,新北市,三重區,私立,[241]集仁街81號1、2、3樓,(02)2857-8081,,180,無,114,2025/10/20,基礎評鑑－全數指標通過,檢視
2026-09-03-ntpc-full-v1,75,1,09be03045608622d9399ceee8b2824ff0fef15b4c876c2fa3aafaa717e315b0d,新北市私立金吉邇幼兒園,新北市,三重區,私立,[241]洛陽街55巷16號,(02)8981-2079,,51,無,114,2025/09/26,基礎評鑑－全數指標通過,檢視
2026-09-03-ntpc-full-v1,75,1,09be03045608622d9399ceee8b2824ff0fef15b4c876c2fa3aafaa717e315b0d,新北市私立富群幼兒園,新北市,三重區,私立,[241]捷運路43號1、2、3樓,(02)29703228,,180,無,113,2024/10/07,基礎評鑑－全數指標通過,檢視
2026-09-03-ntpc-full-v1,75,1,09be03045608622d9399ceee8b2824ff0fef15b4c876c2fa3aafaa717e315b0d,品哲文化股份有限公司附設新北市私立英群幼兒園,新北市,三重區,私立,[241]水漾路一段126號,(02)29728080,,270,無,114,2025/10/31,基礎評鑑－全數指標通過,檢視
2026-09-03-ntpc-full-v1,75,1,09be03045608622d9399ceee8b2824ff0fef15b4c876c2fa3aafaa717e315b0d,新北市碧城非營利幼兒園(委託財團法人仁德醫護管理專科學校辦理),新北市,三重區,非營利,[241]三信路166號1、2、3樓,(02)28577058,,120,無,114,2025/10/03,基礎評鑑－部分指標通過,檢視
2026-09-03-ntpc-full-v1,75,1,09be03045608622d9399ceee8b2824ff0fef15b4c876c2fa3aafaa717e315b0d,新北市新莊區中港國民小學附設幼兒園,新北市,新莊區,公立,[242]中港一街142號,(02)89790730#900,http://120.102.234.86/eduwebsystem/?home=jgpskid,212,無,112,2023/10/02,基礎評鑑－全數指標通過,檢視
2026-09-03-ntpc-full-v1,75,1,09be03045608622d9399ceee8b2824ff0fef15b4c876c2fa3aafaa717e315b0d,新北市新莊區昌隆國民小學附設幼兒園,新北市,新莊區,公立,[242]昌隆街63號,(02)29962351#811,http://honeyboss.tw.class.uschoolnet.com/,212,無,112,2023/10/06,基礎評鑑－全數指標通過,檢視
2026-09-03-ntpc-full-v1,75,1,09be03045608622d9399ceee8b2824ff0fef15b4c876c2fa3aafaa717e315b0d,新北市新莊區民安國民小學附設幼兒園,新北市,新莊區,公立,[242]民安路261號,(02)22056777#91.92,https://m22023527.pixnet.net/blog,180,無,112,2023/09/28,基礎評鑑－全數指標通過,檢視
2026-09-03-ntpc-full-v1,75,1,09be03045608622d9399ceee8b2824ff0fef15b4c876c2fa3aafaa717e315b0d,新北市新莊區國泰國民小學附設幼兒園,新北市,新莊區,公立,[242]中正路386號,(02)29043693#601,http://163.20.117.140,166,無,112,2023/10/31,基礎評鑑－全數指標通過,檢視
2026-09-03-ntpc-full-v1,76,1,9e6b586ae993c82261952263c07150f487e5820bc59906a8df89ae02cb30973b,新北市新莊區丹鳳國民小學附設幼兒園,新北市,新莊區,公立,[242]新北大道七段437號,(02)29035355#151,http://163.20.170.2/www150/home/child,180,無,112,2023/09/28,基礎評鑑－全數指標通過,檢視
2026-09-03-ntpc-full-v1,76,1,9e6b586ae993c82261952263c07150f487e5820bc59906a8df89ae02cb30973b,新北市新莊區頭前國民小學附設幼兒園,新北市,新莊區,公立,[242]化成路231號,(02)29920238#860,http://tw.class.urlifelinks.com/class/?csid=css000000041750,120,無,112,2023/10/02,基礎評鑑－全數指標通過,檢視
2026-09-03-ntpc-full-v1,76,1,9e6b586ae993c82261952263c07150f487e5820bc59906a8df89ae02cb30973b,新北市新莊區新莊國民小學附設幼兒園,新北市,新莊區,公立,[242]中正路86號,(02)29931201#804,http://scps-preschool.blogspot.com/,120,無,112,2023/10/02,基礎評鑑－全數指標通過,檢視
2026-09-03-ntpc-full-v1,76,1,9e6b586ae993c82261952263c07150f487e5820bc59906a8df89ae02cb30973b,新北市新莊區思賢國民小學附設幼兒園,新北市,新莊區,公立,[242]自立街229號,(02)29980443#806,http://tw.class.uschoolnet.com/class/?csid=css000000244079,226,無,112,2023/10/06,基礎評鑑－全數指標通過,檢視
2026-09-03-ntpc-full-v1,76,1,9e6b586ae993c82261952263c07150f487e5820bc59906a8df89ae02cb30973b,新北市新莊區裕民國民小學附設幼兒園,新北市,新莊區,公立,[242]裕民街123號,(02)29062407#720,https://sites.google.com/ymes.ntpc.edu.tw/kids/%E9%A6%96%E9%A0%81,210,無,112,2023/09/28,基礎評鑑－全數指標通過,檢視
2026-09-03-ntpc-full-v1,76,1,9e6b586ae993c82261952263c07150f487e5820bc59906a8df89ae02cb30973b,新北市立新莊幼兒園,新北市,新莊區,公立,[242]中港路350號,(02)29911476,https://xinzhuang89920105.blogspot.com/,163,無,112,2023/09/25,基礎評鑑－全數指標通過,檢視
2026-09-03-ntpc-full-v1,76,1,9e6b586ae993c82261952263c07150f487e5820bc59906a8df89ae02cb30973b,新北市立新莊幼兒園中心分班,新北市,新莊區,公立,[242]福營路277號,(02)29089162,https://xinzhuang89920105.blogspot.com/,120,無,112,2023/10/13,基礎評鑑－全數指標通過,檢視
2026-09-03-ntpc-full-v1,76,1,9e6b586ae993c82261952263c07150f487e5820bc59906a8df89ae02cb30973b,新北市新莊區新泰國民小學附設幼兒園,新北市,新莊區,公立,[242]公園一路91號,(02)29971005#117,http://www.stps.ntpc.edu.tw/,182,無,112,2023/10/06,基礎評鑑－全數指標通過,檢視
2026-09-03-ntpc-full-v1,76,1,9e6b586ae993c82261952263c07150f487e5820bc59906a8df89ae02cb30973b,新北市新莊區榮富國民小學附設幼兒園,新北市,新莊區,公立,[242]中和街193號,(02)22769020#871,https://sites.google.com/mail.lfes.ntpc.edu.tw/lfeskids/,60,無,112,2023/09/26,基礎評鑑－全數指標通過,檢視
2026-09-03-ntpc-full-v1,76,1,9e6b586ae993c82261952263c07150f487e5820bc59906a8df89ae02cb30973b,新北市新莊區中信國民小學附設幼兒園,新北市,新莊區,公立,[242]中信街168號,(02)85212908#600,http://163.20.116.180/kids/,180,無,112,2023/09/26,基礎評鑑－全數指標通過,檢視
2026-09-03-ntpc-full-v1,77,1,1918c8979cfdf9d57f5ca75848ee46a81eb4b99a423f699db192ca53decb4592,新北市新莊區興化國民小學附設幼兒園,新北市,新莊區,公立,[242]五工二路50巷2號,(02)22991001#601,http://www.tshes.ntpc.edu.tw/mdex,136,無,112,2023/10/31,基礎評鑑－全數指標通過,檢視
2026-09-03-ntpc-full-v1,77,1,1918c8979cfdf9d57f5ca75848ee46a81eb4b99a423f699db192ca53decb4592,新北市新莊區豐年國民小學附設幼兒園,新北市,新莊區,公立,[242]瓊泰路116號,(02)22017102#850,http://nas.fnes.ntpc.edu.tw/~fneskid/blog/,196,無,112,2023/10/13,基礎評鑑－全數指標通過,檢視
2026-09-03-ntpc-full-v1,77,1,1918c8979cfdf9d57f5ca75848ee46a81eb4b99a423f699db192ca53decb4592,新北市新莊區光華國民小學附設幼兒園,新北市,新莊區,公立,[242]龍安路452號,(02)22058866#855,https://sites.google.com/apps.ntpc.edu.tw/su13su,152,無,112,2023/09/28,基礎評鑑－全數指標通過,檢視
2026-09-03-ntpc-full-v1,77,1,1918c8979cfdf9d57f5ca75848ee46a81eb4b99a423f699db192ca53decb4592,新北市立頭前國民中學附設幼兒園,新北市,新莊區,公立,[242]中原路2號,(02)85222862#605,http://http://kids61.tw.class.uschoolnet.com/,90,無,112,2023/10/02,基礎評鑑－全數指標通過,檢視
2026-09-03-ntpc-full-v1,77,1,1918c8979cfdf9d57f5ca75848ee46a81eb4b99a423f699db192ca53decb4592,新北市立新泰國民中學附設幼兒園,新北市,新莊區,公立,[242]新泰路359號,(02)29960745#700,http://freebsd.htjh.ntpc.edu.tw/~kin_dir/,210,無,112,2023/10/06,基礎評鑑－全數指標通過,檢視
2026-09-03-ntpc-full-v1,77,1,1918c8979cfdf9d57f5ca75848ee46a81eb4b99a423f699db192ca53decb4592,新北市私立安安幼兒園,新北市,新莊區,私立,[242]民安西路150巷1、3、5號,(02)22023177,,90,無,112,2023/10/19,基礎評鑑－全數指標通過,檢視
2026-09-03-ntpc-full-v1,77,1,1918c8979cfdf9d57f5ca75848ee46a81eb4b99a423f699db192ca53decb4592,新北市私立維尼芽幼兒園,新北市,新莊區,私立,[242]後港一路76巷14弄3號1樓、建安街40巷7號1樓,(02)22050200,http://viniya.52school.com.tw/,58,無,112,2023/10/05,基礎評鑑－全數指標通過,檢視
2026-09-03-ntpc-full-v1,77,1,1918c8979cfdf9d57f5ca75848ee46a81eb4b99a423f699db192ca53decb4592,新北市私立太陽花幼兒園,新北市,新莊區,私立,[242]中正路425號1.2樓,(02)82012211,http://www.sun-flower425.woby.tw/,150,無,112,2023/10/03,基礎評鑑－部分指標通過,檢視
2026-09-03-ntpc-full-v1,77,2,1918c8979cfdf9d57f5ca75848ee46a81eb4b99a423f699db192ca53decb4592,新北市私立太陽花幼兒園,新北市,新莊區,私立,[242]中正路425號1.2樓,(02)82012211,http://www.sun-flower425.woby.tw/,150,無,112,2024/11/21,追蹤評鑑－全數指標通過,檢視
2026-09-03-ntpc-full-v1,77,1,1918c8979cfdf9d57f5ca75848ee46a81eb4b99a423f699db192ca53decb4592,新北市私立思源幼兒園,新北市,新莊區,私立,[242]思源路287巷1弄88號,(02)29938322,http://kid.jgps.tpc.edu.tw/siyuan,90,無,112,2023/10/05,基礎評鑑－部分指標通過,檢視
2026-09-03-ntpc-full-v1,77,2,1918c8979cfdf9d57f5ca75848ee46a81eb4b99a423f699db192ca53decb4592,新北市私立思源幼兒園,新北市,新莊區,私立,[242]思源路287巷1弄88號,(02)29938322,http://kid.jgps.tpc.edu.tw/siyuan,90,無,112,2024/05/14,追蹤評鑑－全數指標通過,檢視
2026-09-03-ntpc-full-v1,78,1,6808f704281b03068411fe6aa0ce30aca1764c2efd4741b3aa372baa9d3d64e8,新北市私立吉尼爾幼兒園,新北市,新莊區,私立,[242]中華路2段159號1、2樓,(02)29901626,,56,無,112,2023/10/30,基礎評鑑－全數指標通過,檢視
2026-09-03-ntpc-full-v1,78,1,6808f704281b03068411fe6aa0ce30aca1764c2efd4741b3aa372baa9d3d64e8,新北市私立生活家幼兒園,新北市,新莊區,私立,[242]瓊泰路36號1樓、38號1、2樓,(02)22015533,http://apple36.com.tw/family,32,無,112,2023/11/09,基礎評鑑－全數指標通過,檢視
2026-09-03-ntpc-full-v1,78,1,6808f704281b03068411fe6aa0ce30aca1764c2efd4741b3aa372baa9d3d64e8,新北市私立悠幼幼兒園,新北市,新莊區,私立,[242]中信街68號2樓之1(1、2樓)、68號(2樓共同使用部分),(02)89925711,,194,有,112,2023/10/30,基礎評鑑－全數指標通過,檢視
2026-09-03-ntpc-full-v1,78,1,6808f704281b03068411fe6aa0ce30aca1764c2efd4741b3aa372baa9d3d64e8,新北市私立和智幼兒園,新北市,新莊區,私立,[242]新莊市昌平街71巷20號1樓、22號1樓,(02)29989969,,39,無,112,2023/10/05,基礎評鑑－全數指標通過,檢視
2026-09-03-ntpc-full-v1,78,1,6808f704281b03068411fe6aa0ce30aca1764c2efd4741b3aa372baa9d3d64e8,財團法人天主教會台北教區附設新北市私立鳴遠幼兒園,新北市,新莊區,私立,[242]新興街1號,(02)29929164,http://www.kjftw.org.tw/school14/,300,無,112,2023/11/07,基礎評鑑－全數指標通過,檢視
2026-09-03-ntpc-full-v1,78,1,6808f704281b03068411fe6aa0ce30aca1764c2efd4741b3aa372baa9d3d64e8,新北市私立親親袋鼠幼兒園,新北市,新莊區,私立,[242]思源路87巷11號1樓、11之1號1樓,(02)29949655,,145,無,112,2023/10/20,基礎評鑑－全數指標通過,檢視
2026-09-03-ntpc-full-v1,78,1,6808f704281b03068411fe6aa0ce30aca1764c2efd4741b3aa372baa9d3d64e8,新北市私立傑安幼兒園,新北市,新莊區,私立,[242]中正路161號1樓,(02)89923416,http://www.giant-kids.com.tw,30,無,112,2023/10/27,基礎評鑑－全數指標通過,檢視
2026-09-03-ntpc-full-v1,78,1,6808f704281b03068411fe6aa0ce30aca1764c2efd4741b3aa372baa9d3d64e8,建豐國際資產管理股份有限公司附設新北市私立卡爾維德幼兒園,新北市,新莊區,私立,[242]復興路3段19號1.2.3樓,(02)89922195#11,http://karl-witte.topschool.com.tw/,117,無,112,2023/11/07,基礎評鑑－全數指標通過,檢視
2026-09-03-ntpc-full-v1,78,1,6808f704281b03068411fe6aa0ce30aca1764c2efd4741b3aa372baa9d3d64e8,新北市私立大世紀幼兒園,新北市,新莊區,私立,[242]公園路129號2樓,(02)29901800,,170,無,112,2023/10/23,基礎評鑑－全數指標通過,檢視
2026-09-03-ntpc-full-v1,78,1,6808f704281b03068411fe6aa0ce30aca1764c2efd4741b3aa372baa9d3d64e8,新北市私立晨光幼兒園,新北市,新莊區,私立,[242]雙鳳路90巷3弄5號,(02)29011339,,120,無,112,2023/11/10,基礎評鑑－全數指標通過,檢視
2026-09-03-ntpc-full-v1,79,1,5364674ccf8a97fd29aa58473cfb0f6c698f39335b142c33f7907223eb16542d,新北市私立新榮富新莊幼兒園,新北市,新莊區,私立,"[242]中和街204巷1、3號,218巷2、6號,中信里12鄰中和街1、3、5、7、11號",(02)29922174,,180,無,112,2023/10/05,基礎評鑑－全數指標通過,檢視
2026-09-03-ntpc-full-v1,79,1,5364674ccf8a97fd29aa58473cfb0f6c698f39335b142c33f7907223eb16542d,新北市私立勵輝國際幼兒園,新北市,新莊區,私立,[242]頭前路26號2樓（2、3層）,(02)22768918,,84,無,112,2023/10/05,基礎評鑑－全數指標通過,檢視
2026-09-03-ntpc-full-v1,79,1,5364674ccf8a97fd29aa58473cfb0f6c698f39335b142c33f7907223eb16542d,新北市私立永錡裕民幼兒園,新北市,新莊區,私立,[242]龍安路67號1~3樓,(02)29011741,,83,無,112,2023/10/17,基礎評鑑－全數指標通過,檢視
2026-09-03-ntpc-full-v1,79,1,5364674ccf8a97fd29aa58473cfb0f6c698f39335b142c33f7907223eb16542d,新北市私立何嘉仁幼兒園,新北市,新莊區,私立,[242]中和街155巷24弄26號1樓,(02)89920088,,150,無,112,2023/10/02,基礎評鑑－全數指標通過,檢視
2026-09-03-ntpc-full-v1,79,1,5364674ccf8a97fd29aa58473cfb0f6c698f39335b142c33f7907223eb16542d,新北市私立勵輝幼兒園,新北市,新莊區,私立,[242]頭前路26號1樓,(02)89935981,http://163.20.71.9/leder,60,無,112,2023/10/05,基礎評鑑－全數指標通過,檢視
2026-09-03-ntpc-full-v1,79,1,5364674ccf8a97fd29aa58473cfb0f6c698f39335b142c33f7907223eb16542d,新北市私立傑瑞兒童村幼兒園,新北市,新莊區,私立,"[242]中正路887-27號1,2樓、887-27號2樓之1號",(02)29025350,http://www.ettoday.com.tw/yoyo 傑瑞分園,150,無,112,2023/10/31,基礎評鑑－全數指標通過,檢視
2026-09-03-ntpc-full-v1,79,1,5364674ccf8a97fd29aa58473cfb0f6c698f39335b142c33f7907223eb16542d,新北市私立榮欣幼兒園,新北市,新莊區,私立,[242]中和街191巷47號1樓、51號1樓,(02)29922174,,33,無,112,2023/11/02,基礎評鑑－全數指標通過,檢視
2026-09-03-ntpc-full-v1,79,1,5364674ccf8a97fd29aa58473cfb0f6c698f39335b142c33f7907223eb16542d,新北市私立新榮富幼兒園,新北市,新莊區,私立,[242]中和街218巷1號1樓,(02)29922174,www.newkids.com.tw,30,無,112,2023/10/05,基礎評鑑－全數指標通過,檢視
2026-09-03-ntpc-full-v1,79,1,5364674ccf8a97fd29aa58473cfb0f6c698f39335b142c33f7907223eb16542d,新北市私立塏地安幼兒園,新北市,新莊區,私立,[242]化成路492巷10號,(02)29929193,,40,無,112,2023/10/26,基礎評鑑－全數指標通過,檢視
2026-09-03-ntpc-full-v1,79,1,5364674ccf8a97fd29aa58473cfb0f6c698f39335b142c33f7907223eb16542d,新北市私立文笙幼兒園,新北市,新莊區,私立,"[242]昌隆街86號1,2樓88號1,2樓",(02)29982553,,80,無,112,2023/10/20,基礎評鑑－全數指標通過,檢視
2026-09-03-ntpc-full-v1,80,1,a42b99bb4559e3c6f434db994e0baf4e88a12d7a58d95bb60dd1bef26a9577ea,新北市私立建和幼兒園,新北市,新莊區,私立,[242]中正路149號2樓,(02)29946699,grace67@kimo.com,80,無,112,2023/10/26,基礎評鑑－全數指標通過,檢視
2026-09-03-ntpc-full-v1,80,1,a42b99bb4559e3c6f434db994e0baf4e88a12d7a58d95bb60dd1bef26a9577ea,新北市私立民生幼兒園,新北市,新莊區,私立,[242]自立街214巷9弄1號、3號,(02)29923340,www.melson.com.tw,102,無,112,2023/10/05,基礎評鑑－全數指標通過,檢視
2026-09-03-ntpc-full-v1,80,1,a42b99bb4559e3c6f434db994e0baf4e88a12d7a58d95bb60dd1bef26a9577ea,新北市私立凱達格蘭幼兒園,新北市,新莊區,私立,[242]昌明街32號1樓及地下室（部分使用）、36號1樓及地下室（部分使用）,(02)29946705,,33,有,112,2023/10/31,基礎評鑑－全數指標通過,檢視
2026-09-03-ntpc-full-v1,80,1,a42b99bb4559e3c6f434db994e0baf4e88a12d7a58d95bb60dd1bef26a9577ea,新北市私立喬聖幼兒園,新北市,新莊區,私立,[242]中原路135號1樓、137號2樓之1,(02)89916887,,80,無,112,2023/10/17,基礎評鑑－全數指標通過,檢視
2026-09-03-ntpc-full-v1,80,1,a42b99bb4559e3c6f434db994e0baf4e88a12d7a58d95bb60dd1bef26a9577ea,新北市私立惠群幼兒園,新北市,新莊區,私立,[242]化成路143號,(02)29901158,,45,無,112,2023/10/26,基礎評鑑－部分指標通過,檢視
2026-09-03-ntpc-full-v1,80,2,a42b99bb4559e3c6f434db994e0baf4e88a12d7a58d95bb60dd1bef26a9577ea,新北市私立惠群幼兒園,新北市,新莊區,私立,[242]化成路143號,(02)29901158,,45,無,112,2024/05/14,追蹤評鑑－全數指標通過,檢視
2026-09-03-ntpc-full-v1,80,1,a42b99bb4559e3c6f434db994e0baf4e88a12d7a58d95bb60dd1bef26a9577ea,新北市私立寧馨園幼兒園,新北市,新莊區,私立,[242]龍安路517號1樓,(02)22039070,,39,無,112,2023/10/19,基礎評鑑－全數指標通過,檢視
2026-09-03-ntpc-full-v1,80,1,a42b99bb4559e3c6f434db994e0baf4e88a12d7a58d95bb60dd1bef26a9577ea,新北市私立傑出幼兒園,新北市,新莊區,私立,[242]中原東路50號1~2樓,(02)85212182,,38,無,112,2023/09/27,基礎評鑑－全數指標通過,檢視
2026-09-03-ntpc-full-v1,80,1,a42b99bb4559e3c6f434db994e0baf4e88a12d7a58d95bb60dd1bef26a9577ea,新北市私立僑治亞頭前幼兒園,新北市,新莊區,私立,[242]化成路540之2號(1樓),(02)89929273,,34,無,112,2023/09/27,基礎評鑑－全數指標通過,檢視
2026-09-03-ntpc-full-v1,80,1,a42b99bb4559e3c6f434db994e0baf4e88a12d7a58d95bb60dd1bef26a9577ea,新北市私立捷群幼兒園,新北市,新莊區,私立,[242]建安街16巷6號1樓,(02)22068477,,30,無,112,2023/10/26,基礎評鑑－全數指標通過,檢視
2026-09-03-ntpc-full-v1,80,1,a42b99bb4559e3c6f434db994e0baf4e88a12d7a58d95bb60dd1bef26a9577ea,新北市私立永錡光華幼兒園,新北市,新莊區,私立,[242]民安西路410巷15號3樓,(02)22035588,,37,無,112,2023/10/24,基礎評鑑－全數指標通過,檢視
2026-09-03-ntpc-full-v1,81,1,62a2bc6ed431f52717ef41eaa3da09c56e00c665d1d23cface724bae0da848a0,新北市私立幼愛幼兒園,新北市,新莊區,私立,[242]建中街116巷1弄4號1樓，忠孝里9鄰建中街124、126、128號1樓,(02)29976565,,80,無,112,2023/10/03,基礎評鑑－全數指標通過,檢視
2026-09-03-ntpc-full-v1,81,1,62a2bc6ed431f52717ef41eaa3da09c56e00c665d1d23cface724bae0da848a0,新北市私立欣園幼兒園,新北市,新莊區,私立,[242]中港路207巷14號,(02)29910322,www.shinyuankg.com.tw,135,無,112,2023/11/07,基礎評鑑－全數指標通過,檢視
2026-09-03-ntpc-full-v1,81,1,62a2bc6ed431f52717ef41eaa3da09c56e00c665d1d23cface724bae0da848a0,新北市私立榮富幼兒園,新北市,新莊區,私立,"[242]中和街155巷24弄26號2,3樓",(02)89920088,,250,無,112,2023/10/02,基礎評鑑－部分指標通過,檢視
2026-09-03-ntpc-full-v1,81,2,62a2bc6ed431f52717ef41eaa3da09c56e00c665d1d23cface724bae0da848a0,新北市私立榮富幼兒園,新北市,新莊區,私立,"[242]中和街155巷24弄26號2,3樓",(02)89920088,,250,無,112,2024/11/21,追蹤評鑑－全數指標通過,檢視
2026-09-03-ntpc-full-v1,81,1,62a2bc6ed431f52717ef41eaa3da09c56e00c665d1d23cface724bae0da848a0,新北市私立意秋幼兒園,新北市,新莊區,私立,"[242]後港一路192號1,2,3樓",(02)29028680,,200,無,112,2023/10/31,基礎評鑑－全數指標通過,檢視
2026-09-03-ntpc-full-v1,81,1,62a2bc6ed431f52717ef41eaa3da09c56e00c665d1d23cface724bae0da848a0,新北市私立格登幼兒園,新北市,新莊區,私立,"[242]中信街109號1,2樓，111號1樓",(02)29909966,,122,無,112,2023/11/02,基礎評鑑－全數指標通過,檢視
2026-09-03-ntpc-full-v1,81,1,62a2bc6ed431f52717ef41eaa3da09c56e00c665d1d23cface724bae0da848a0,新北市私立慷乃兒幼兒園,新北市,新莊區,私立,[242]中平路178號2樓、182號1樓,(02)29915615,,75,無,112,2023/10/19,基礎評鑑－全數指標通過,檢視
2026-09-03-ntpc-full-v1,81,1,62a2bc6ed431f52717ef41eaa3da09c56e00c665d1d23cface724bae0da848a0,新北市私立育誠幼兒園,新北市,新莊區,私立,[242]中榮街56巷13弄2、6、8號1樓，中原里11鄰中港路中慶巷39、41號1樓,(02)29946485,,110,無,112,2023/10/05,基礎評鑑－全數指標通過,檢視
2026-09-03-ntpc-full-v1,81,1,62a2bc6ed431f52717ef41eaa3da09c56e00c665d1d23cface724bae0da848a0,新北市私立青園幼兒園,新北市,新莊區,私立,[242]中港路338之1號1樓，中安街5巷21號2樓,(02)29932211,http://gpark.woby.com.tw,90,無,112,2023/11/02,基礎評鑑－全數指標通過,檢視
2026-09-03-ntpc-full-v1,81,1,62a2bc6ed431f52717ef41eaa3da09c56e00c665d1d23cface724bae0da848a0,新北市私立永松幼兒園,新北市,新莊區,私立,[242]光華街24、26號1、2樓,(02)22020520,,89,無,112,2023/10/19,基礎評鑑－全數指標通過,檢視
2026-09-03-ntpc-full-v1,81,1,62a2bc6ed431f52717ef41eaa3da09c56e00c665d1d23cface724bae0da848a0,新北市私立千暉幼兒園,新北市,新莊區,私立,[242]八德街95巷1弄2、4號1樓、2-1、4-1號2樓、3弄1、3、5、7號1樓,(02)22052788,http://johnhay.woby.com.tw,269,無,112,2023/10/05,基礎評鑑－全數指標通過,檢視
2026-09-03-ntpc-full-v1,82,1,9636bd28db7c75f9f3c9c0d55c9f3cf258b77ad4cf868e082b028fd0844d7503,夏恩國際教育股份有限公司附設新北市私立夏恩昌隆幼兒園,新北市,新莊區,私立,[242]中原路117號2樓之1、2樓之2,(02)89941238,,67,無,112,2023/10/17,基礎評鑑－全數指標通過,檢視
2026-09-03-ntpc-full-v1,82,1,9636bd28db7c75f9f3c9c0d55c9f3cf258b77ad4cf868e082b028fd0844d7503,新北市私立健群幼兒園,新北市,新莊區,私立,"[242]龍安路78號2樓,80號1,2樓",(02)29032148,,58,無,112,2023/10/31,基礎評鑑－全數指標通過,檢視
2026-09-03-ntpc-full-v1,82,1,9636bd28db7c75f9f3c9c0d55c9f3cf258b77ad4cf868e082b028fd0844d7503,天億文教事業股份有限公司附設新北市私立皇家幼兒園,新北市,新莊區,私立,[242]中和街46號,(02)66375399,,60,無,112,2023/11/03,基礎評鑑－部分指標通過,檢視
2026-09-03-ntpc-full-v1,82,2,9636bd28db7c75f9f3c9c0d55c9f3cf258b77ad4cf868e082b028fd0844d7503,天億文教事業股份有限公司附設新北市私立皇家幼兒園,新北市,新莊區,私立,[242]中和街46號,(02)66375399,,60,無,112,2024/11/21,追蹤評鑑－全數指標通過,檢視
2026-09-03-ntpc-full-v1,82,1,9636bd28db7c75f9f3c9c0d55c9f3cf258b77ad4cf868e082b028fd0844d7503,奇異莊股份有限公司附設新北市私立奇異鳥幼兒園,新北市,新莊區,私立,[242]四維路19號3樓,(02)22027090,,120,無,112,2023/10/16,基礎評鑑－部分指標通過,檢視
2026-09-03-ntpc-full-v1,82,2,9636bd28db7c75f9f3c9c0d55c9f3cf258b77ad4cf868e082b028fd0844d7503,奇異莊股份有限公司附設新北市私立奇異鳥幼兒園,新北市,新莊區,私立,[242]四維路19號3樓,(02)22027090,,120,無,112,2024/11/25,追蹤評鑑－全數指標通過,檢視
2026-09-03-ntpc-full-v1,82,1,9636bd28db7c75f9f3c9c0d55c9f3cf258b77ad4cf868e082b028fd0844d7503,新北市私立宏仁幼兒園,新北市,新莊區,私立,[242]中平路6巷42、44號,(02)29920634,,57,無,112,2023/10/19,基礎評鑑－全數指標通過,檢視
2026-09-03-ntpc-full-v1,82,1,9636bd28db7c75f9f3c9c0d55c9f3cf258b77ad4cf868e082b028fd0844d7503,新北市私立心慈幼兒園,新北市,新莊區,私立,[242]中正路700-14號1-~2樓、700-15號1~2樓,(02)29019153,,62,無,112,2023/11/10,基礎評鑑－全數指標通過,檢視
2026-09-03-ntpc-full-v1,82,1,9636bd28db7c75f9f3c9c0d55c9f3cf258b77ad4cf868e082b028fd0844d7503,新北市私立育全幼兒園,新北市,新莊區,私立,[242]裕民街85巷5號、9號、裕民街55巷14號及裕民街73巷4、6、8號,(02)29024273,,210,無,112,2023/09/27,基礎評鑑－全數指標通過,檢視
2026-09-03-ntpc-full-v1,82,1,9636bd28db7c75f9f3c9c0d55c9f3cf258b77ad4cf868e082b028fd0844d7503,新北市私立僑治亞幼兒園,新北市,新莊區,私立,[242]中港路629號1樓,(02)89926688,http://www.preschool-georia.com.tw,60,無,112,2023/09/28,基礎評鑑－全數指標通過,檢視
2026-09-03-ntpc-full-v1,82,1,9636bd28db7c75f9f3c9c0d55c9f3cf258b77ad4cf868e082b028fd0844d7503,新北市私立僑治亞幼兒園中港分班,新北市,新莊區,私立,[242]中港路629號2樓,(02)89926688,,50,無,112,2023/09/28,基礎評鑑－全數指標通過,檢視
2026-09-03-ntpc-full-v1,82,1,9636bd28db7c75f9f3c9c0d55c9f3cf258b77ad4cf868e082b028fd0844d7503,新北市私立成德幼兒園,新北市,新莊區,私立,[242]民安東路48號1、2、3樓,(02)22036555,http://www.chiender.com.tw,90,無,112,2023/09/26,基礎評鑑－全數指標通過,檢視
2026-09-03-ntpc-full-v1,83,1,9d0f3a159bf0c9836315f12e57e49baa78f7bfa00f24778b3604a275ce263fe8,新北市私立惠文領袖幼兒園,新北市,新莊區,私立,[242]民安路207巷24號1、2、3樓,(02)22035901,,150,無,112,2023/11/08,基礎評鑑－全數指標通過,檢視
2026-09-03-ntpc-full-v1,83,1,9d0f3a159bf0c9836315f12e57e49baa78f7bfa00f24778b3604a275ce263fe8,新北市私立尼爾生幼兒園,新北市,新莊區,私立,[242]中平路81巷4號1樓、2樓,(02)22797200,新北市新莊區中平路81巷4號,53,無,112,2023/10/27,基礎評鑑－全數指標通過,檢視
2026-09-03-ntpc-full-v1,83,1,9d0f3a159bf0c9836315f12e57e49baa78f7bfa00f24778b3604a275ce263fe8,新北市私立成功幼兒園,新北市,新莊區,私立,[242]四維路20號1樓至3樓及後港二路9號1樓,(02)22043840,https://ckkids.topschool.tw/Home/Main,240,無,112,2023/11/03,基礎評鑑－全數指標通過,檢視
2026-09-03-ntpc-full-v1,83,1,9d0f3a159bf0c9836315f12e57e49baa78f7bfa00f24778b3604a275ce263fe8,新北市私立杜克幼兒園,新北市,新莊區,私立,[242]建福路58巷2號、4號,(02)22065472,,43,無,112,2023/11/03,基礎評鑑－全數指標通過,檢視
2026-09-03-ntpc-full-v1,83,1,9d0f3a159bf0c9836315f12e57e49baa78f7bfa00f24778b3604a275ce263fe8,輔仁大學學校財團法人輔仁大學附設新北市私立幼兒園,新北市,新莊區,私立,[242]中正路510號,(02)29053607,http://www.kg.fju.edu.tw/,280,無,112,2023/10/20,基礎評鑑－全數指標通過,檢視
2026-09-03-ntpc-full-v1,83,1,9d0f3a159bf0c9836315f12e57e49baa78f7bfa00f24778b3604a275ce263fe8,新北市私立育誠中榮幼兒園,新北市,新莊區,私立,[242]中榮街56巷13弄1號1樓、中原里14鄰中榮街9號1樓,(02)29938181,,55,無,112,2023/10/05,基礎評鑑－全數指標通過,檢視
2026-09-03-ntpc-full-v1,83,1,9d0f3a159bf0c9836315f12e57e49baa78f7bfa00f24778b3604a275ce263fe8,新北市私立永錡幼兒園,新北市,新莊區,私立,[242]民安西路410巷15號1.2樓,(02)22035588,,60,無,112,2023/10/24,基礎評鑑－全數指標通過,檢視
2026-09-03-ntpc-full-v1,83,1,9d0f3a159bf0c9836315f12e57e49baa78f7bfa00f24778b3604a275ce263fe8,新北市私立晨星幼兒園,新北市,新莊區,私立,[242]昌隆街5號2樓、7號1、2樓、9號2樓,(02)29919307,,80,無,112,2023/10/31,基礎評鑑－全數指標通過,檢視
2026-09-03-ntpc-full-v1,83,1,9d0f3a159bf0c9836315f12e57e49baa78f7bfa00f24778b3604a275ce263fe8,新北市私立文理幼兒園,新北市,新莊區,私立,[242]中泰街104巷5弄9號及11號1樓中全里16鄰中泰街116號1樓,(02)29949248,,75,無,112,2023/11/02,基礎評鑑－全數指標通過,檢視
2026-09-03-ntpc-full-v1,83,1,9d0f3a159bf0c9836315f12e57e49baa78f7bfa00f24778b3604a275ce263fe8,財團法人天主教會台北教區附設新北市私立恆毅幼兒園,新北市,新莊區,私立,[242]中正路128巷5號1樓、2樓,(02)29931491,https://0229923548.topschool.tw,90,無,112,2023/11/07,基礎評鑑－全數指標通過,檢視
2026-09-03-ntpc-full-v1,84,1,601ab287c39f9c561ce9aab141a838fa189928e45f68570547decea097073f5b,新北市私立新育幼幼兒園,新北市,新莊區,私立,[242]民樂街49號、55號,(02)29945388,yuhyow.woby.com.tw,57,無,112,2023/10/27,基礎評鑑－全數指標通過,檢視
2026-09-03-ntpc-full-v1,84,1,601ab287c39f9c561ce9aab141a838fa189928e45f68570547decea097073f5b,新北市私立妙博士幼兒園,新北市,新莊區,私立,[242]景德路212號1樓至2樓,(02)82015747,,41,無,112,2023/10/04,基礎評鑑－全數指標通過,檢視
2026-09-03-ntpc-full-v1,84,1,601ab287c39f9c561ce9aab141a838fa189928e45f68570547decea097073f5b,新北市私立福華幼兒園,新北市,新莊區,私立,[242]德豐街1號1樓,(02)22771188,,310,無,112,2023/10/17,基礎評鑑－全數指標通過,檢視
2026-09-03-ntpc-full-v1,84,1,601ab287c39f9c561ce9aab141a838fa189928e45f68570547decea097073f5b,新北市私立儒林幼兒園,新北市,新莊區,私立,"[242]中正路新生巷73,75號1樓",(02)29072893,,42,無,112,2023/09/27,基礎評鑑－全數指標通過,檢視
2026-09-03-ntpc-full-v1,84,1,601ab287c39f9c561ce9aab141a838fa189928e45f68570547decea097073f5b,新北市私立及人幼兒園,新北市,新莊區,私立,[242]中誠街118巷9號2樓及11號1、2樓,(02)29912414,,68,無,112,2023/10/17,基礎評鑑－部分指標通過,檢視
2026-09-03-ntpc-full-v1,84,2,601ab287c39f9c561ce9aab141a838fa189928e45f68570547decea097073f5b,新北市私立及人幼兒園,新北市,新莊區,私立,[242]中誠街118巷9號2樓及11號1、2樓,(02)29912414,,68,無,112,2024/05/14,追蹤評鑑－全數指標通過,檢視
2026-09-03-ntpc-full-v1,84,1,601ab287c39f9c561ce9aab141a838fa189928e45f68570547decea097073f5b,新北市私立惠園幼兒園,新北市,新莊區,私立,"[242]中正路新雅巷20號1,2樓",(02)22095126,,59,無,112,2023/11/03,基礎評鑑－全數指標通過,檢視
2026-09-03-ntpc-full-v1,84,1,601ab287c39f9c561ce9aab141a838fa189928e45f68570547decea097073f5b,新北市私立楷模幼兒園,新北市,新莊區,私立,[242]民安路177號2樓,(02)22083282,,104,無,112,2023/10/16,基礎評鑑－全數指標通過,檢視
2026-09-03-ntpc-full-v1,84,1,601ab287c39f9c561ce9aab141a838fa189928e45f68570547decea097073f5b,新北市私立大鵬鳥幼兒園,新北市,新莊區,私立,[242]中原路105號1樓、2樓之3、2樓之5,(02)89911988,,58,無,112,2023/10/06,基礎評鑑－全數指標通過,檢視
2026-09-03-ntpc-full-v1,84,1,601ab287c39f9c561ce9aab141a838fa189928e45f68570547decea097073f5b,新北市私立互仁幼兒園,新北市,新莊區,私立,[242]福壽街99巷6弄1號1樓,(02)29916568,,90,無,112,2023/10/20,基礎評鑑－全數指標通過,檢視
2026-09-03-ntpc-full-v1,84,1,601ab287c39f9c561ce9aab141a838fa189928e45f68570547decea097073f5b,新北市私立寶貝家族幼兒園,新北市,新莊區,私立,[242]新泰路17號1樓,(02)22025567,,59,無,112,2023/10/04,基礎評鑑－全數指標通過,檢視
2026-09-03-ntpc-full-v1,85,1,ca7c57399b92e6f8f16ab25b40698806e5a926b4493677f8e95c4fb7ae9fa5a2,新北市私立民安幼兒園,新北市,新莊區,私立,[242]民安西路137號2樓及龍安路456號2樓,(02)22050494,,240,有,112,2023/10/31,基礎評鑑－全數指標通過,檢視
2026-09-03-ntpc-full-v1,85,1,ca7c57399b92e6f8f16ab25b40698806e5a926b4493677f8e95c4fb7ae9fa5a2,新北市私立蓮育幼兒園,新北市,新莊區,私立,[242]瓊林路瓊英巷7號及9號1樓,(02)82011285,,33,無,112,2023/11/09,基礎評鑑－全數指標通過,檢視
2026-09-03-ntpc-full-v1,85,1,ca7c57399b92e6f8f16ab25b40698806e5a926b4493677f8e95c4fb7ae9fa5a2,新北市私立永錡新莊幼兒園,新北市,新莊區,私立,[242]民安西路410巷19號1、2、3樓,(02)22035588,新北市新莊區民安西路410巷19號1、2、3樓,166,無,112,2023/10/17,基礎評鑑－全數指標通過,檢視
2026-09-03-ntpc-full-v1,85,1,ca7c57399b92e6f8f16ab25b40698806e5a926b4493677f8e95c4fb7ae9fa5a2,新北市私立英勝幼兒園,新北市,新莊區,私立,[242]富貴路88號1、2、3樓,(02)85213736,,300,無,112,2023/11/08,基礎評鑑－全數指標通過,檢視
2026-09-03-ntpc-full-v1,85,1,ca7c57399b92e6f8f16ab25b40698806e5a926b4493677f8e95c4fb7ae9fa5a2,新北市私立成德菁英幼兒園,新北市,新莊區,私立,[242]民安東路66號1、2、3樓,(02)22036555,,705,無,112,2023/09/26,基礎評鑑－全數指標通過,檢視
2026-09-03-ntpc-full-v1,85,1,ca7c57399b92e6f8f16ab25b40698806e5a926b4493677f8e95c4fb7ae9fa5a2,新北市私立育勝幼兒園,新北市,新莊區,私立,[242]富貴路90號1、2、3樓及96號1樓,(02)85217126,新北市新莊區富貴路90號,300,無,112,2023/11/08,基礎評鑑－全數指標通過,檢視
2026-09-03-ntpc-full-v1,85,1,ca7c57399b92e6f8f16ab25b40698806e5a926b4493677f8e95c4fb7ae9fa5a2,海納川全人教育股份有限公司附設新北市私立艾倫戴爾幼兒園,新北市,新莊區,私立,[242]中正路715號1、2、3樓及715號(166建號E區),(02)77515999,,811,無,112,2023/11/03,基礎評鑑－全數指標通過,檢視
2026-09-03-ntpc-full-v1,85,1,ca7c57399b92e6f8f16ab25b40698806e5a926b4493677f8e95c4fb7ae9fa5a2,新北市昌平非營利幼兒園（委託財團法人三之三生命教育基金會辦理）,新北市,新莊區,非營利,[242]昌平街200號1、2樓,(02)85219488,http://www.3-3life.org.tw/,120,無,112,2023/10/05,基礎評鑑－全數指標通過,檢視
2026-09-03-ntpc-full-v1,85,1,ca7c57399b92e6f8f16ab25b40698806e5a926b4493677f8e95c4fb7ae9fa5a2,新北市中平非營利幼兒園(委託社團法人新北市中華國際嬰幼兒發展學會辦理),新北市,新莊區,非營利,[242]中平路385號1樓,(02)89910098,,120,無,112,2023/10/27,基礎評鑑－全數指標通過,檢視
2026-09-03-ntpc-full-v1,85,1,ca7c57399b92e6f8f16ab25b40698806e5a926b4493677f8e95c4fb7ae9fa5a2,行政院新莊聯合辦公大樓各進駐機關員工子女非營利幼兒園(委託社團法人新竹市教保人員協會辦理),新北市,新莊區,非營利,[242]中平路439號,(02)85218242,https://www.facebook.com/profile.php?id=100057629463740,105,無,112,2023/10/06,基礎評鑑－全數指標通過,檢視
2026-09-03-ntpc-full-v1,86,1,8c32d9b5c153d9c845272fca6c027039cb2045f8515590e42ba26eae25e0a2b8,新北市福營非營利幼兒園(委託社團法人中華兆陽文教發展協會辦理),新北市,新莊區,非營利,[242]富國路105號1樓,(02)22022202,,120,無,112,2023/10/26,基礎評鑑－全數指標通過,檢視
2026-09-03-ntpc-full-v1,86,1,8c32d9b5c153d9c845272fca6c027039cb2045f8515590e42ba26eae25e0a2b8,新北市新樂非營利幼兒園(委託財團法人三之三生命教育基金會辦理),新北市,新莊區,非營利,[242]中華路一段75號,(02)29940575,,212,無,112,2023/10/26,基礎評鑑－全數指標通過,檢視
2026-09-03-ntpc-full-v1,86,1,8c32d9b5c153d9c845272fca6c027039cb2045f8515590e42ba26eae25e0a2b8,新北市泰山區同榮國民小學附設幼兒園,新北市,泰山區,公立,[243]公園路33號,(02)22968551#150,http://www.tres.ntpc.edu.tw/,212,無,112,2023/10/03,基礎評鑑－全數指標通過,檢視
2026-09-03-ntpc-full-v1,86,1,8c32d9b5c153d9c845272fca6c027039cb2045f8515590e42ba26eae25e0a2b8,新北市立泰山國民中學附設幼兒園,新北市,泰山區,公立,[243]泰林路二段498號,(02)22962519#171,http://kid.jgps.ntpc.edu.tw/amy/index.html,60,無,112,2023/10/27,基礎評鑑－全數指標通過,檢視
2026-09-03-ntpc-full-v1,86,1,8c32d9b5c153d9c845272fca6c027039cb2045f8515590e42ba26eae25e0a2b8,新北市泰山區明志國民小學附設幼兒園,新北市,泰山區,公立,[243]新生路2號,(02)29061133#69,https://class.tn.edu.tw/modules/tad_web/index.php?WebID=14983,196,無,112,2023/10/03,基礎評鑑－部分指標通過,檢視
2026-09-03-ntpc-full-v1,86,2,8c32d9b5c153d9c845272fca6c027039cb2045f8515590e42ba26eae25e0a2b8,新北市泰山區明志國民小學附設幼兒園,新北市,泰山區,公立,[243]新生路2號,(02)29061133#69,https://class.tn.edu.tw/modules/tad_web/index.php?WebID=14983,196,無,112,2024/11/20,追蹤評鑑－全數指標通過,檢視
2026-09-03-ntpc-full-v1,86,1,8c32d9b5c153d9c845272fca6c027039cb2045f8515590e42ba26eae25e0a2b8,新北市泰山區泰山國民小學附設幼兒園,新北市,泰山區,公立,[243]泰林路二段255號,(02)2909-8842#180,http://nas2.tses.ntpc.edu.tw/joomlaCMS/,272,無,112,2023/10/27,基礎評鑑－全數指標通過,檢視
2026-09-03-ntpc-full-v1,86,1,8c32d9b5c153d9c845272fca6c027039cb2045f8515590e42ba26eae25e0a2b8,新北市立泰山幼兒園,新北市,泰山區,公立,[243]公園路52號1樓及2樓,(02)29099948#205,http://daycare.ntpc.edu.tw/web/taishan/,121,無,112,2023/10/02,基礎評鑑－全數指標通過,檢視
2026-09-03-ntpc-full-v1,86,1,8c32d9b5c153d9c845272fca6c027039cb2045f8515590e42ba26eae25e0a2b8,新北市立泰山幼兒園明志分班,新北市,泰山區,公立,[243]明志路二段426號3樓,(02)29062927,,57,無,112,2023/10/03,基礎評鑑－全數指標通過,檢視
2026-09-03-ntpc-full-v1,86,1,8c32d9b5c153d9c845272fca6c027039cb2045f8515590e42ba26eae25e0a2b8,新北市立泰山幼兒園貴和分班,新北市,泰山區,公立,[243]明志路三段365號2樓,(02)29025378,http://www.daycare-taishan.ntpc.gov.tw/web/Home?command=display&page=flash,48,無,112,2023/10/11,基礎評鑑－全數指標通過,檢視
2026-09-03-ntpc-full-v1,86,1,8c32d9b5c153d9c845272fca6c027039cb2045f8515590e42ba26eae25e0a2b8,財團法人天主教瑪利亞方濟各傳教女修會附設新北市私立曉明幼兒園,新北市,泰山區,私立,[243]應化街6巷5號,(02)29065374,,133,無,112,2023/11/06,基礎評鑑－全數指標通過,檢視
2026-09-03-ntpc-full-v1,87,1,7d767d3e7ac40fd2c823f16c66dd830cb574343e26c023e6f2800fd9989550ec,新北市私立育榕幼兒園,新北市,泰山區,私立,[243]泰林路2段261號1樓,(02)22974046,,29,無,112,2023/10/12,基礎評鑑－部分指標通過,檢視
2026-09-03-ntpc-full-v1,87,2,7d767d3e7ac40fd2c823f16c66dd830cb574343e26c023e6f2800fd9989550ec,新北市私立育榕幼兒園,新北市,泰山區,私立,[243]泰林路2段261號1樓,(02)22974046,,29,無,112,2024/11/25,追蹤評鑑－全數指標通過,檢視
2026-09-03-ntpc-full-v1,87,1,7d767d3e7ac40fd2c823f16c66dd830cb574343e26c023e6f2800fd9989550ec,新北市私立喬安幼兒園,新北市,泰山區,私立,[243]明志路三段142巷8號3樓之1號,(02)22091680,,80,無,112,2023/10/24,基礎評鑑－全數指標通過,檢視
2026-09-03-ntpc-full-v1,87,1,7d767d3e7ac40fd2c823f16c66dd830cb574343e26c023e6f2800fd9989550ec,新北市私立晴幼幼兒園,新北市,泰山區,私立,[243]明志路2段273巷5弄20號,(02)22963690,,36,無,112,2023/10/12,基礎評鑑－部分指標通過,檢視
2026-09-03-ntpc-full-v1,87,2,7d767d3e7ac40fd2c823f16c66dd830cb574343e26c023e6f2800fd9989550ec,新北市私立晴幼幼兒園,新北市,泰山區,私立,[243]明志路2段273巷5弄20號,(02)22963690,,36,無,112,2024/11/25,追蹤評鑑－全數指標通過,檢視
2026-09-03-ntpc-full-v1,87,1,7d767d3e7ac40fd2c823f16c66dd830cb574343e26c023e6f2800fd9989550ec,新北市私立泰山慈惠幼兒園,新北市,泰山區,私立,[243]明志路3段454巷4號、6號,(02)29013352,thks.myweb.hinet.net,90,無,112,2023/10/11,基礎評鑑－全數指標通過,檢視
2026-09-03-ntpc-full-v1,87,1,7d767d3e7ac40fd2c823f16c66dd830cb574343e26c023e6f2800fd9989550ec,新北市私立心翔幼兒園,新北市,泰山區,私立,[243]辭修路10之11號1樓,(02)85312604,,31,無,112,2023/11/06,基礎評鑑－全數指標通過,檢視
2026-09-03-ntpc-full-v1,87,1,7d767d3e7ac40fd2c823f16c66dd830cb574343e26c023e6f2800fd9989550ec,財團法人臺灣省天主教道明傳教修女會附設新北市私立道明幼兒園,新北市,泰山區,私立,[243]明志路三段295號,(02)29062234,https://hocom.tw/web/Home/index?key=176009701759,90,無,112,2023/10/24,基礎評鑑－全數指標通過,檢視
2026-09-03-ntpc-full-v1,87,1,7d767d3e7ac40fd2c823f16c66dd830cb574343e26c023e6f2800fd9989550ec,新北市私立青樺幼兒園,新北市,泰山區,私立,[243]民生路17巷27、29號,(02)22963681,新北市泰山民生路17巷27_29號,60,無,112,2023/10/20,基礎評鑑－全數指標通過,檢視
2026-09-03-ntpc-full-v1,87,1,7d767d3e7ac40fd2c823f16c66dd830cb574343e26c023e6f2800fd9989550ec,新北市私立華菂幼兒園,新北市,泰山區,私立,[243]民生路20、22號,(02)22976871,,309,無,112,2023/10/20,基礎評鑑－全數指標通過,檢視
2026-09-03-ntpc-full-v1,87,1,7d767d3e7ac40fd2c823f16c66dd830cb574343e26c023e6f2800fd9989550ec,新北市私立及幼幼兒園,新北市,泰山區,私立,[243]仁愛路6巷7弄9號1、2樓,(02)29098116,,59,無,112,2023/11/06,基礎評鑑－全數指標通過,檢視
2026-09-03-ntpc-full-v1,87,1,7d767d3e7ac40fd2c823f16c66dd830cb574343e26c023e6f2800fd9989550ec,新北市私立比佛利幼兒園,新北市,泰山區,私立,[243]仁德路97巷2號1、2樓及105號1、2樓,(02)29090433,,71,有,112,2023/10/03,基礎評鑑－全數指標通過,檢視
2026-09-03-ntpc-full-v1,88,1,14ab9dad0e514f0309d1c4ae5e9de956755e5ba233e7633d347b692a7e2aae67,新北市私立比陽幼兒園,新北市,泰山區,私立,[243]仁德路67號1、2樓,(02)22971489,,28,無,112,2023/10/03,基礎評鑑－全數指標通過,檢視
2026-09-03-ntpc-full-v1,88,1,14ab9dad0e514f0309d1c4ae5e9de956755e5ba233e7633d347b692a7e2aae67,新北市私立新仁愛幼兒園,新北市,泰山區,私立,[243]福興二街37號1樓,(02)29097007,,73,無,112,2023/11/06,基礎評鑑－全數指標通過,檢視
2026-09-03-ntpc-full-v1,88,1,14ab9dad0e514f0309d1c4ae5e9de956755e5ba233e7633d347b692a7e2aae67,新北市私立夢不落幼兒園,新北市,泰山區,私立,[243]信華三街61號,(02)22972318,,267,無,112,2023/11/08,基礎評鑑－全數指標通過,檢視
2026-09-03-ntpc-full-v1,88,1,14ab9dad0e514f0309d1c4ae5e9de956755e5ba233e7633d347b692a7e2aae67,新北市林口區麗林國民小學附設幼兒園,新北市,林口區,公立,[244]公園路46號,(02)26091520,http://tw.class.uschoolnet.com/class/?csid=css000000005957,90,無,112,2023/10/24,基礎評鑑－全數指標通過,檢視
2026-09-03-ntpc-full-v1,88,1,14ab9dad0e514f0309d1c4ae5e9de956755e5ba233e7633d347b692a7e2aae67,新北市林口區麗園國民小學附設幼兒園,新北市,林口區,公立,[244]忠孝路591號,(02)26091061#772,www.lyaes.tpc.edu.tw,106,無,112,2023/10/20,基礎評鑑－全數指標通過,檢視
2026-09-03-ntpc-full-v1,88,1,14ab9dad0e514f0309d1c4ae5e9de956755e5ba233e7633d347b692a7e2aae67,新北市林口區南勢國民小學附設幼兒園,新北市,林口區,公立,[244]南勢五街2號,(02)26091020#711,https://www.nses.ntpc.edu.tw/,60,無,112,2023/10/16,基礎評鑑－全數指標通過,檢視
2026-09-03-ntpc-full-v1,88,1,14ab9dad0e514f0309d1c4ae5e9de956755e5ba233e7633d347b692a7e2aae67,新北市林口區林口國民小學附設幼兒園,新北市,林口區,公立,[244]林口路76號,(02)26011010#875,http://www.lkes.ntpc.edu.tw/,152,無,112,2023/10/20,基礎評鑑－全數指標通過,檢視
2026-09-03-ntpc-full-v1,88,1,14ab9dad0e514f0309d1c4ae5e9de956755e5ba233e7633d347b692a7e2aae67,新北市林口區頭湖國民小學附設幼兒園,新北市,林口區,公立,[244]民權路101號,(02)26080766#860,https://www.thes.ntpc.edu.tw/p/426-1000-20.php,90,無,112,2023/10/16,基礎評鑑－全數指標通過,檢視
2026-09-03-ntpc-full-v1,88,1,14ab9dad0e514f0309d1c4ae5e9de956755e5ba233e7633d347b692a7e2aae67,新北市林口區瑞平國民小學附設幼兒園,新北市,林口區,公立,[244]後坑34之1號,(02)26051170,http://163.20.56.2/~kid/,30,無,112,2023/10/04,基礎評鑑－部分指標通過,檢視
2026-09-03-ntpc-full-v1,88,2,14ab9dad0e514f0309d1c4ae5e9de956755e5ba233e7633d347b692a7e2aae67,新北市林口區瑞平國民小學附設幼兒園,新北市,林口區,公立,[244]後坑34之1號,(02)26051170,http://163.20.56.2/~kid/,30,無,112,2024/11/20,追蹤評鑑－全數指標通過,檢視
2026-09-03-ntpc-full-v1,88,1,14ab9dad0e514f0309d1c4ae5e9de956755e5ba233e7633d347b692a7e2aae67,新北市林口區興福國民小學附設幼兒園,新北市,林口區,公立,[244]10之1號,(02)26062895#300,http://www.hfps.ntpc.edu.tw/,30,無,112,2023/10/20,基礎評鑑－全數指標通過,檢視
2026-09-03-ntpc-full-v1,89,1,d5403b4d40dc3caa702e42d8a6dfd58bb73b8806fba77831f76f978910010acf,新北市立崇林國民中學附設幼兒園,新北市,林口區,公立,[244]文化一路一段20號,(02)26095829#263,http://www.ttcjhs.ntpc.edu.tw/default.asp,90,無,112,2023/10/24,基礎評鑑－全數指標通過,檢視
2026-09-03-ntpc-full-v1,89,1,d5403b4d40dc3caa702e42d8a6dfd58bb73b8806fba77831f76f978910010acf,新北市立林口幼兒園,新北市,林口區,公立,[244]文化一路1段142號、142之1號、142之2號、142之3號、142之5號、142之6號,(02)86018188,http://linkoupreschool.blogspot.com/,90,無,112,2023/10/13,基礎評鑑－全數指標通過,檢視
2026-09-03-ntpc-full-v1,89,1,d5403b4d40dc3caa702e42d8a6dfd58bb73b8806fba77831f76f978910010acf,新北市立林口幼兒園湖北分班,新北市,林口區,公立,[244]後湖17-6號1樓,(02)26019385,http://linkoupreschool.blogspot.com/,30,無,112,2023/10/20,基礎評鑑－全數指標通過,檢視
2026-09-03-ntpc-full-v1,89,1,d5403b4d40dc3caa702e42d8a6dfd58bb73b8806fba77831f76f978910010acf,新北市立林口幼兒園忠孝分班,新北市,林口區,公立,[244]忠孝路569巷17號1樓,(02)26009689,http://linkoupreschool.blogspot.com/,60,無,112,2023/10/13,基礎評鑑－全數指標通過,檢視
2026-09-03-ntpc-full-v1,89,1,d5403b4d40dc3caa702e42d8a6dfd58bb73b8806fba77831f76f978910010acf,新北市立林口幼兒園文化分班,新北市,林口區,公立,[244]文化北路一段425號,(02)26001891,http://linkoupreschool.blogspot.com/,46,無,113,2024/10/17,基礎評鑑－全數指標通過,檢視
2026-09-03-ntpc-full-v1,89,1,d5403b4d40dc3caa702e42d8a6dfd58bb73b8806fba77831f76f978910010acf,新北市林口區嘉寶國民小學附設幼兒園,新北市,林口區,公立,[244]嘉寶里22號,(02)26052716#860,https://www.jbes.ntpc.edu.tw/,30,無,112,2023/10/04,基礎評鑑－全數指標通過,檢視
2026-09-03-ntpc-full-v1,89,1,d5403b4d40dc3caa702e42d8a6dfd58bb73b8806fba77831f76f978910010acf,新北市私立林口幼兒園,新北市,林口區,私立,[244]林口路89號,(02)26033690,,90,無,112,2023/10/03,基礎評鑑－部分指標通過,檢視
2026-09-03-ntpc-full-v1,89,2,d5403b4d40dc3caa702e42d8a6dfd58bb73b8806fba77831f76f978910010acf,新北市私立林口幼兒園,新北市,林口區,私立,[244]林口路89號,(02)26033690,,90,無,112,2024/11/20,追蹤評鑑－全數指標通過,檢視
2026-09-03-ntpc-full-v1,89,1,d5403b4d40dc3caa702e42d8a6dfd58bb73b8806fba77831f76f978910010acf,新北市私立愛林幼兒園,新北市,林口區,私立,[244]公園路42號,(02)26009962,,60,無,112,2023/11/01,基礎評鑑－全數指標通過,檢視
2026-09-03-ntpc-full-v1,90,1,5eb25df1d38463cb7fb493dc413b05dcaf5cb8d0769bff217be05b11bcb56f7c,新北市私立吉而堡幼兒園,新北市,林口區,私立,[244]中北三街56號1、2、3樓,(02)26021076,新北市林口區中北三街56號,171,有,112,2023/10/04,基礎評鑑－全數指標通過,檢視
2026-09-03-ntpc-full-v1,90,1,5eb25df1d38463cb7fb493dc413b05dcaf5cb8d0769bff217be05b11bcb56f7c,新北市私立林口愛丁堡幼兒園,新北市,林口區,私立,[244]中興街30號1、2樓,(02)26014082,,29,無,112,2023/10/24,基礎評鑑－全數指標通過,檢視
2026-09-03-ntpc-full-v1,90,1,5eb25df1d38463cb7fb493dc413b05dcaf5cb8d0769bff217be05b11bcb56f7c,新北市私立千愛幼兒園,新北市,林口區,私立,[244]忠孝路646巷9號1樓及9之1號,(02)26007765,http://blog.xuite.net/bowjinn7765/blog,190,無,112,2023/10/16,基礎評鑑－全數指標通過,檢視
2026-09-03-ntpc-full-v1,90,1,5eb25df1d38463cb7fb493dc413b05dcaf5cb8d0769bff217be05b11bcb56f7c,新北市私立翔祥幼兒園,新北市,林口區,私立,[244]麗園二街13巷2號1樓、夾層、2樓,(02)26092168,,84,無,112,2023/09/26,基礎評鑑－全數指標通過,檢視
2026-09-03-ntpc-full-v1,90,1,5eb25df1d38463cb7fb493dc413b05dcaf5cb8d0769bff217be05b11bcb56f7c,新北市私立心兒園幼兒園,新北市,林口區,私立,[244]八德路48巷37號1、2、3樓,(02)26095169,lovelygarden5169@gmail.com,70,無,112,2023/10/12,基礎評鑑－全數指標通過,檢視
2026-09-03-ntpc-full-v1,90,1,5eb25df1d38463cb7fb493dc413b05dcaf5cb8d0769bff217be05b11bcb56f7c,新北市私立愛霖幼兒園,新北市,林口區,私立,[244]公園路40號1、2樓,(02)26099139,,126,無,112,2023/11/01,基礎評鑑－部分指標通過,檢視
2026-09-03-ntpc-full-v1,90,2,5eb25df1d38463cb7fb493dc413b05dcaf5cb8d0769bff217be05b11bcb56f7c,新北市私立愛霖幼兒園,新北市,林口區,私立,[244]公園路40號1、2樓,(02)26099139,,126,無,112,2024/11/20,追蹤評鑑－全數指標通過,檢視
2026-09-03-ntpc-full-v1,90,1,5eb25df1d38463cb7fb493dc413b05dcaf5cb8d0769bff217be05b11bcb56f7c,新北市私立文達幼兒園,新北市,林口區,私立,[244]中正路514巷4弄2號1、2樓,(02)26021688,,40,無,112,2023/10/02,基礎評鑑－全數指標通過,檢視
2026-09-03-ntpc-full-v1,90,1,5eb25df1d38463cb7fb493dc413b05dcaf5cb8d0769bff217be05b11bcb56f7c,新北市私立心語幼兒園,新北市,林口區,私立,[244]竹林路53巷11號1樓,(02)26024858,,60,無,112,2023/10/24,基礎評鑑－全數指標通過,檢視
2026-09-03-ntpc-full-v1,90,1,5eb25df1d38463cb7fb493dc413b05dcaf5cb8d0769bff217be05b11bcb56f7c,新北市私立愛林城堡幼兒園,新北市,林口區,私立,[244]公園路45號1、2、3樓,(02)26087789,,176,無,112,2023/11/08,基礎評鑑－部分指標通過,檢視
2026-09-03-ntpc-full-v1,90,2,5eb25df1d38463cb7fb493dc413b05dcaf5cb8d0769bff217be05b11bcb56f7c,新北市私立愛林城堡幼兒園,新北市,林口區,私立,[244]公園路45號1、2、3樓,(02)26087789,,176,無,112,2024/11/20,追蹤評鑑－全數指標通過,檢視
2026-09-03-ntpc-full-v1,90,1,5eb25df1d38463cb7fb493dc413b05dcaf5cb8d0769bff217be05b11bcb56f7c,新北市私立林口啟文幼兒園,新北市,林口區,私立,[244]忠孝路589巷5號1、2、3樓,(02)26092122,,180,有,112,2023/09/26,基礎評鑑－全數指標通過,檢視
2026-09-03-ntpc-full-v1,91,1,4693bd01cb46e2be7a9afe344962e98ff850802b07d8932821111804e6e07351,奇異林股份有限公司附設新北市私立奇異鳥麗林幼兒園,新北市,林口區,私立,[244]公園路138號1樓、2樓、2樓之1,(02)26008800,,65,無,112,2023/10/23,基礎評鑑－部分指標通過,檢視
2026-09-03-ntpc-full-v1,91,2,4693bd01cb46e2be7a9afe344962e98ff850802b07d8932821111804e6e07351,奇異林股份有限公司附設新北市私立奇異鳥麗林幼兒園,新北市,林口區,私立,[244]公園路138號1樓、2樓、2樓之1,(02)26008800,,65,無,112,2024/11/20,追蹤評鑑－全數指標通過,檢視
2026-09-03-ntpc-full-v1,91,1,4693bd01cb46e2be7a9afe344962e98ff850802b07d8932821111804e6e07351,新北市私立溫德爾林口幼兒園,新北市,林口區,私立,[244]中正路518之1號,(02)26028181,,300,無,112,2023/10/02,基礎評鑑－全數指標通過,檢視
2026-09-03-ntpc-full-v1,91,1,4693bd01cb46e2be7a9afe344962e98ff850802b07d8932821111804e6e07351,新北市私立微笑幼兒園,新北市,林口區,私立,[244]八德路18號1、2樓,(02)26095510,www.smilekg.com.tw,95,無,112,2023/10/12,基礎評鑑－全數指標通過,檢視
2026-09-03-ntpc-full-v1,91,1,4693bd01cb46e2be7a9afe344962e98ff850802b07d8932821111804e6e07351,新北市私立華邇街幼兒園,新北市,林口區,私立,[244]忠孝路542巷8之1號1樓,(02)26096005,,60,無,112,2023/11/01,基礎評鑑－部分指標通過,檢視
2026-09-03-ntpc-full-v1,91,2,4693bd01cb46e2be7a9afe344962e98ff850802b07d8932821111804e6e07351,新北市私立華邇街幼兒園,新北市,林口區,私立,[244]忠孝路542巷8之1號1樓,(02)26096005,,60,無,112,2024/11/25,追蹤評鑑－全數指標通過,檢視
2026-09-03-ntpc-full-v1,91,1,4693bd01cb46e2be7a9afe344962e98ff850802b07d8932821111804e6e07351,新北市私立勁寶兒林口幼兒園,新北市,林口區,私立,[244]隆林街101巷2號1、2、3樓,(02)26013666,,120,無,112,2023/10/24,基礎評鑑－全數指標通過,檢視
2026-09-03-ntpc-full-v1,91,1,4693bd01cb46e2be7a9afe344962e98ff850802b07d8932821111804e6e07351,新北市私立小木屋蒙特梭利幼兒園,新北市,林口區,私立,[244]民族路9號1樓,(02)26080828,,136,無,112,2023/10/19,基礎評鑑－全數指標通過,檢視
2026-09-03-ntpc-full-v1,91,1,4693bd01cb46e2be7a9afe344962e98ff850802b07d8932821111804e6e07351,財團法人華山愛德教育基金會附設新北市私立林口愛德幼兒園,新北市,林口區,私立,[244]忠孝路542巷11弄2之5號1樓至3樓,(02)26002908,https://www.hsed.tw/,150,無,112,2023/10/16,基礎評鑑－全數指標通過,檢視
2026-09-03-ntpc-full-v1,91,1,4693bd01cb46e2be7a9afe344962e98ff850802b07d8932821111804e6e07351,新北市私立福祿貝爾幼兒園,新北市,林口區,私立,[244]民權路110號1、2樓,(02)26086338,新北市林口區民權路110號,180,無,112,2023/11/10,基礎評鑑－全數指標通過,檢視
2026-09-03-ntpc-full-v1,91,1,4693bd01cb46e2be7a9afe344962e98ff850802b07d8932821111804e6e07351,龍騰文化事業股份有限公司附設新北市私立林口康橋國際幼兒園,新北市,林口區,私立,[244]興林一街91巷13號1樓,(02)26031588,,300,無,112,2023/10/13,基礎評鑑－全數指標通過,檢視
2026-09-03-ntpc-full-v1,91,1,4693bd01cb46e2be7a9afe344962e98ff850802b07d8932821111804e6e07351,新北市私立新林幼兒園,新北市,林口區,私立,[244]中北三街52號,(02)86018669,,127,無,112,2023/10/04,基礎評鑑－全數指標通過,檢視
2026-09-03-ntpc-full-v1,92,1,4d12997135e7b7733b84d3f2bd1689666d6ff1b9e45a990ee41190fe9df37a8a,新北市私立華邇街美善幼兒園,新北市,林口區,私立,[244]忠孝路542巷10弄5號,(02)26096005,,72,無,112,2023/11/01,基礎評鑑－部分指標通過,檢視
2026-09-03-ntpc-full-v1,92,2,4d12997135e7b7733b84d3f2bd1689666d6ff1b9e45a990ee41190fe9df37a8a,新北市私立華邇街美善幼兒園,新北市,林口區,私立,[244]忠孝路542巷10弄5號,(02)26096005,,72,無,112,2024/11/25,追蹤評鑑－全數指標通過,檢視
2026-09-03-ntpc-full-v1,92,1,4d12997135e7b7733b84d3f2bd1689666d6ff1b9e45a990ee41190fe9df37a8a,新北市私立萬美憶月幼兒園,新北市,林口區,私立,[244]文化一路2段175、177、179號1樓及夾層,(02)26022568,,90,無,112,2023/10/17,基礎評鑑－全數指標通過,檢視
2026-09-03-ntpc-full-v1,92,1,4d12997135e7b7733b84d3f2bd1689666d6ff1b9e45a990ee41190fe9df37a8a,新北市私立心語仁愛幼兒園,新北市,林口區,私立,[244]仁愛路二段596號1、2樓,(02)26025199#10,,120,無,112,2023/11/10,基礎評鑑－全數指標通過,檢視
2026-09-03-ntpc-full-v1,92,1,4d12997135e7b7733b84d3f2bd1689666d6ff1b9e45a990ee41190fe9df37a8a,嘉聲文教事業股份有限公司附設新北市私立佳呈幼兒園,新北市,林口區,私立,[244]文化三路2段257號1、2、3樓,(02)26030188,,104,無,112,2023/10/12,基礎評鑑－全數指標通過,檢視
2026-09-03-ntpc-full-v1,92,1,4d12997135e7b7733b84d3f2bd1689666d6ff1b9e45a990ee41190fe9df37a8a,新北市私立心辰幼兒園,新北市,林口區,私立,[244]竹林路326巷12號1、2樓,(02)26014153,新北市林口區竹林路326巷12號,38,無,112,2023/10/24,基礎評鑑－部分指標通過,檢視
2026-09-03-ntpc-full-v1,92,2,4d12997135e7b7733b84d3f2bd1689666d6ff1b9e45a990ee41190fe9df37a8a,新北市私立心辰幼兒園,新北市,林口區,私立,[244]竹林路326巷12號1、2樓,(02)26014153,新北市林口區竹林路326巷12號,38,無,112,2024/11/25,追蹤評鑑－全數指標通過,檢視
2026-09-03-ntpc-full-v1,92,1,4d12997135e7b7733b84d3f2bd1689666d6ff1b9e45a990ee41190fe9df37a8a,翰科教育股份有限公司附設新北市私立林口夏恩國際幼兒園,新北市,林口區,私立,[244]東湖路25巷 9號1、2、3樓、11號3樓,(02)77519188,,394,無,113,2024/10/21,基礎評鑑－全數指標通過,檢視
2026-09-03-ntpc-full-v1,92,1,4d12997135e7b7733b84d3f2bd1689666d6ff1b9e45a990ee41190fe9df37a8a,新北市私立心萬美幼兒園,新北市,林口區,私立,[244]文化一路二段169號,(02)26028185,,76,無,112,2023/10/17,基礎評鑑－全數指標通過,檢視
2026-09-03-ntpc-full-v1,92,1,4d12997135e7b7733b84d3f2bd1689666d6ff1b9e45a990ee41190fe9df37a8a,新北市私立萊恩思幼兒園,新北市,林口區,私立,[244]文化二路一段260巷7號之4(1、2樓),(02)26085525,lions.offcial@gmail.com,60,無,112,2023/10/23,基礎評鑑－全數指標通過,檢視
2026-09-03-ntpc-full-v1,92,1,4d12997135e7b7733b84d3f2bd1689666d6ff1b9e45a990ee41190fe9df37a8a,新北市私立禾森幼兒園,新北市,林口區,私立,[244]文化北路一段46-5號、48號、48之1號,(02)26005760,,63,無,112,2023/10/19,基礎評鑑－部分指標通過,檢視
2026-09-03-ntpc-full-v1,92,2,4d12997135e7b7733b84d3f2bd1689666d6ff1b9e45a990ee41190fe9df37a8a,新北市私立禾森幼兒園,新北市,林口區,私立,[244]文化北路一段46-5號、48號、48之1號,(02)26005760,,63,無,112,2024/11/25,追蹤評鑑－全數指標通過,檢視
2026-09-03-ntpc-full-v1,92,1,4d12997135e7b7733b84d3f2bd1689666d6ff1b9e45a990ee41190fe9df37a8a,新北市私立夏哲森幼兒園,新北市,林口區,私立,[244]忠孝路95號,(02)26068936,,180,無,112,2023/10/19,基礎評鑑－全數指標通過,檢視
2026-09-03-ntpc-full-v1,93,1,3acbc2a5fa660dbb3e46998a789125249f5c6c90662447841f8f39a5b75131d6,嘉聲文教事業股份有限公司附設新北市私立嘉聲幼兒園,新北市,林口區,私立,[244]三民路111號,(02)26002123,,121,無,112,2023/10/12,基礎評鑑－全數指標通過,檢視
2026-09-03-ntpc-full-v1,93,1,3acbc2a5fa660dbb3e46998a789125249f5c6c90662447841f8f39a5b75131d6,新北市私立南蒂亞新林幼兒園,新北市,林口區,私立,[244]三民路73號1樓,(02)26088711,,15,無,113,2024/10/15,基礎評鑑－全數指標通過,檢視
2026-09-03-ntpc-full-v1,93,1,3acbc2a5fa660dbb3e46998a789125249f5c6c90662447841f8f39a5b75131d6,新北市私立路亞幼兒園,新北市,林口區,私立,[244]文化北路一段498號1、2樓,(02)26001357,,210,無,113,2024/10/15,基礎評鑑－部分指標通過,檢視
2026-09-03-ntpc-full-v1,93,2,3acbc2a5fa660dbb3e46998a789125249f5c6c90662447841f8f39a5b75131d6,新北市私立路亞幼兒園,新北市,林口區,私立,[244]文化北路一段498號1、2樓,(02)26001357,,210,無,113,2025/11/25,追蹤評鑑－全數指標通過,檢視
2026-09-03-ntpc-full-v1,93,1,3acbc2a5fa660dbb3e46998a789125249f5c6c90662447841f8f39a5b75131d6,新北市私立嘉傑幼兒園,新北市,林口區,私立,[244]文化一路一段23號1至3樓,(02)26091546,,270,無,113,2024/10/17,基礎評鑑－全數指標通過,檢視
2026-09-03-ntpc-full-v1,93,1,3acbc2a5fa660dbb3e46998a789125249f5c6c90662447841f8f39a5b75131d6,新北市新林非營利幼兒園(委託明新學校財團法人明新科技大學辦理),新北市,林口區,非營利,[244]三民路101號1樓,(02)26099522,,136,無,112,2023/10/19,基礎評鑑－全數指標通過,檢視
2026-09-03-ntpc-full-v1,93,1,3acbc2a5fa660dbb3e46998a789125249f5c6c90662447841f8f39a5b75131d6,新北市文創非營利幼兒園(委託財團法人三之三生命教育基金會辦理),新北市,林口區,非營利,[244]文化一路一段201號、201-1號、201-2號、201-3號,(02)26013380,,90,無,112,2023/10/17,基礎評鑑－全數指標通過,檢視
2026-09-03-ntpc-full-v1,93,1,3acbc2a5fa660dbb3e46998a789125249f5c6c90662447841f8f39a5b75131d6,新北市文仁非營利幼兒園(委託社團法人臺灣兒童教育發展協會辦理),新北市,林口區,非營利,[244]民治路3號、3之1號、3之2號、3之3號、3之5號,(02)26010137,,90,無,112,2023/10/17,基礎評鑑－全數指標通過,檢視
2026-09-03-ntpc-full-v1,93,1,3acbc2a5fa660dbb3e46998a789125249f5c6c90662447841f8f39a5b75131d6,新北市菁湖非營利幼兒園(委託財團法人三之三生命教育基金會辦理),新北市,林口區,非營利,[244]林口路70號,(02)26013695,http://3-3life.org.tw/index.php?m=Yzy&a=sList&eId=51&sId=1,106,無,112,2023/10/03,基礎評鑑－部分指標通過,檢視
2026-09-03-ntpc-full-v1,93,2,3acbc2a5fa660dbb3e46998a789125249f5c6c90662447841f8f39a5b75131d6,新北市菁湖非營利幼兒園(委託財團法人三之三生命教育基金會辦理),新北市,林口區,非營利,[244]林口路70號,(02)26013695,http://3-3life.org.tw/index.php?m=Yzy&a=sList&eId=51&sId=1,106,無,112,2024/11/25,追蹤評鑑－全數指標通過,檢視
2026-09-03-ntpc-full-v1,93,1,3acbc2a5fa660dbb3e46998a789125249f5c6c90662447841f8f39a5b75131d6,新北市佳林非營利幼兒園(委託社團法人臺灣兒童教育發展協會辦理),新北市,林口區,非營利,[244]中山路268號,(02)26010233,,90,無,113,2024/10/21,基礎評鑑－全數指標通過,檢視
2026-09-03-ntpc-full-v1,93,1,3acbc2a5fa660dbb3e46998a789125249f5c6c90662447841f8f39a5b75131d6,新北市東湖非營利幼兒園(委託社團法人新北市巧湖溫馨關懷發展協會辦理),新北市,林口區,非營利,[244]四維路201號1樓,(02)26010201,,242,無,112,2023/10/13,基礎評鑑－部分指標通過,檢視
2026-09-03-ntpc-full-v1,93,2,3acbc2a5fa660dbb3e46998a789125249f5c6c90662447841f8f39a5b75131d6,新北市東湖非營利幼兒園(委託社團法人新北市巧湖溫馨關懷發展協會辦理),新北市,林口區,非營利,[244]四維路201號1樓,(02)26010201,,242,無,112,2024/11/20,追蹤評鑑－全數指標通過,檢視
2026-09-03-ntpc-full-v1,94,1,88c6fd426d02ece4816d1271a69b25708a2b4848cc408b22afab0f71c228b808,新北市蘆洲區鷺江國民小學附設幼兒園,新北市,蘆洲區,公立,[247]民族路7號,(02)22819980#9805,http://lcpskindergarten.my.canva.site/lcps,166,無,114,2025/10/07,基礎評鑑－全數指標通過,檢視
2026-09-03-ntpc-full-v1,94,1,88c6fd426d02ece4816d1271a69b25708a2b4848cc408b22afab0f71c228b808,新北市蘆洲區成功國民小學附設幼兒園,新北市,蘆洲區,公立,[247]長安街311號,(02)22858998#890,https://sites.google.com/tces.ntpc.edu.tw/kid,106,無,114,2025/10/27,基礎評鑑－全數指標通過,檢視
2026-09-03-ntpc-full-v1,94,1,88c6fd426d02ece4816d1271a69b25708a2b4848cc408b22afab0f71c228b808,新北市立蘆洲幼兒園,新北市,蘆洲區,公立,[247]永平街1號2樓,(02)82852747#31,http://daycare.ntpc.edu.tw/web/luzhou/,150,無,114,2025/10/27,基礎評鑑－全數指標通過,檢視
2026-09-03-ntpc-full-v1,94,1,88c6fd426d02ece4816d1271a69b25708a2b4848cc408b22afab0f71c228b808,新北市蘆洲區蘆洲國民小學附設幼兒園,新北市,蘆洲區,公立,[247]中正路100號,(02)82822031#23,http://www.lces.ntpc.edu.tw,166,無,114,2025/10/01,基礎評鑑－部分指標通過,檢視
2026-09-03-ntpc-full-v1,94,1,88c6fd426d02ece4816d1271a69b25708a2b4848cc408b22afab0f71c228b808,新北市蘆洲區忠義國民小學附設幼兒園,新北市,蘆洲區,公立,[247]光榮路99號,(02)22899591#129,http://www.cyes.ntpc.edu.tw/,30,無,114,2025/09/24,基礎評鑑－全數指標通過,檢視
2026-09-03-ntpc-full-v1,94,1,88c6fd426d02ece4816d1271a69b25708a2b4848cc408b22afab0f71c228b808,新北市立蘆洲國民中學附設幼兒園,新北市,蘆洲區,公立,[247]中正路265號,(02)22811571#518,http://www.lcjh.ntpc.edu.tw/office/kids/index.html,286,無,114,2025/10/01,基礎評鑑－全數指標通過,檢視
2026-09-03-ntpc-full-v1,94,1,88c6fd426d02ece4816d1271a69b25708a2b4848cc408b22afab0f71c228b808,新北市蘆洲區仁愛國民小學附設幼兒園,新北市,蘆洲區,公立,[247]民族路488號,(02)2283-8815#120,http://class.tn.edu.tw/modules/tad_web/index.php?WebID=4167,256,無,114,2025/10/07,基礎評鑑－全數指標通過,檢視
2026-09-03-ntpc-full-v1,94,1,88c6fd426d02ece4816d1271a69b25708a2b4848cc408b22afab0f71c228b808,新北市私立兜群育資優幼兒園,新北市,蘆洲區,私立,"[247]永平街53,55號1樓",(02)22897228,http://happy.woby.com.tw/,30,無,114,2025/11/06,基礎評鑑－全數指標通過,檢視
2026-09-03-ntpc-full-v1,95,1,109222d2123cd8030a1eb716111ca03ce3153e97d2dd8d393c47d70edef0b884,新北市私立佳辰幼兒園,新北市,蘆洲區,私立,[247]民族路218號1、2、3樓,(02)22831417,,130,無,114,2025/10/13,基礎評鑑－全數指標通過,檢視
2026-09-03-ntpc-full-v1,95,1,109222d2123cd8030a1eb716111ca03ce3153e97d2dd8d393c47d70edef0b884,新北市私立艾寶貝幼兒園,新北市,蘆洲區,私立,[247]環堤大道172號,(02)22857586,,50,無,114,2025/10/03,基礎評鑑－全數指標通過,檢視
2026-09-03-ntpc-full-v1,95,1,109222d2123cd8030a1eb716111ca03ce3153e97d2dd8d393c47d70edef0b884,新北市私立邦妮幼兒園,新北市,蘆洲區,私立,[247]中華街85號1、2樓、83號2樓,(02)82820211,,74,無,114,2025/10/17,基礎評鑑－全數指標通過,檢視
2026-09-03-ntpc-full-v1,95,1,109222d2123cd8030a1eb716111ca03ce3153e97d2dd8d393c47d70edef0b884,新北市私立愛心園幼兒園,新北市,蘆洲區,私立,[247]長安街193巷12、14號1樓,(02)22854116,,60,無,114,2025/10/08,基礎評鑑－全數指標通過,檢視
2026-09-03-ntpc-full-v1,95,1,109222d2123cd8030a1eb716111ca03ce3153e97d2dd8d393c47d70edef0b884,新北市私立美敦幼兒園,新北市,蘆洲區,私立,[247]中原路21巷4號1樓,(02)22882099,http://modern.blogkids.net/,47,無,114,2025/10/08,基礎評鑑－全數指標通過,檢視
2026-09-03-ntpc-full-v1,95,1,109222d2123cd8030a1eb716111ca03ce3153e97d2dd8d393c47d70edef0b884,新北市私立文心幼兒園,新北市,蘆洲區,私立,[247]集賢路222巷3號1樓、5號1、2樓,(02)82823627,edin.topschool.com.tw,40,無,114,2025/10/29,基礎評鑑－全數指標通過,檢視
2026-09-03-ntpc-full-v1,95,1,109222d2123cd8030a1eb716111ca03ce3153e97d2dd8d393c47d70edef0b884,新北市私立榕榕園幼兒園,新北市,蘆洲區,私立,[247]重陽街15號1樓、夾層及17號1樓,(02)82860160,新北市蘆洲區重陽街15號1樓、夾層及17號1樓,20,無,114,2025/10/07,基礎評鑑－部分指標通過,檢視
2026-09-03-ntpc-full-v1,95,1,109222d2123cd8030a1eb716111ca03ce3153e97d2dd8d393c47d70edef0b884,新北市私立新大智幼兒園,新北市,蘆洲區,私立,[247]集賢路224巷10號1樓,(02)82823627,,30,無,114,2025/10/14,基礎評鑑－全數指標通過,檢視
2026-09-03-ntpc-full-v1,95,1,109222d2123cd8030a1eb716111ca03ce3153e97d2dd8d393c47d70edef0b884,新北市私立蘆洲星辰幼兒園,新北市,蘆洲區,私立,[247]民族路145號1樓、147號1樓,(02)22833543#61,,40,無,114,2025/10/20,基礎評鑑－全數指標通過,檢視
2026-09-03-ntpc-full-v1,95,1,109222d2123cd8030a1eb716111ca03ce3153e97d2dd8d393c47d70edef0b884,功學社教育用品股份有限公司附設新北市私立燕翔幼兒園,新北市,蘆洲區,私立,[247]中山二路162之1號,(02)22820818#7430,,130,無,114,2025/09/30,基礎評鑑－全數指標通過,檢視
2026-09-03-ntpc-full-v1,96,1,2a33d1d5219e06ac574d8150f5c8b9059ce30cbd0aa06f80ca8fcbcc815d50b6,新北市私立翊華幼兒園,新北市,蘆洲區,私立,[247]民族路167巷3號1樓及2樓,(02)28487265,http://www.yihua-kindergarten.com/,59,無,114,2025/10/13,基礎評鑑－部分指標通過,檢視
2026-09-03-ntpc-full-v1,96,1,2a33d1d5219e06ac574d8150f5c8b9059ce30cbd0aa06f80ca8fcbcc815d50b6,新北市私立翊華幼兒園民族分班,新北市,蘆洲區,私立,[247]民族路167巷3號3樓,(02)28487265,,30,無,114,2025/10/13,基礎評鑑－全數指標通過,檢視
2026-09-03-ntpc-full-v1,96,1,2a33d1d5219e06ac574d8150f5c8b9059ce30cbd0aa06f80ca8fcbcc815d50b6,新北市私立徐匯高級中學附設徐匯幼兒園,新北市,蘆洲區,私立,[247]民生街1、3號1、2樓,(02)22828908,sish.topschool.com.tw,80,無,114,2025/10/28,基礎評鑑－全數指標通過,檢視
2026-09-03-ntpc-full-v1,96,1,2a33d1d5219e06ac574d8150f5c8b9059ce30cbd0aa06f80ca8fcbcc815d50b6,新北市私立長興幼兒園,新北市,蘆洲區,私立,[247]中正路377號、377號2樓、377號3樓之1,(02)82852098,,86,無,114,2025/11/03,基礎評鑑－全數指標通過,檢視
2026-09-03-ntpc-full-v1,96,1,2a33d1d5219e06ac574d8150f5c8b9059ce30cbd0aa06f80ca8fcbcc815d50b6,新北市私立全國幼兒園,新北市,蘆洲區,私立,[247]民生街99號、101號、103號1樓,(02)22811181,http://ckgogo.blogkids.net,40,無,114,2025/10/28,基礎評鑑－全數指標通過,檢視
2026-09-03-ntpc-full-v1,96,1,2a33d1d5219e06ac574d8150f5c8b9059ce30cbd0aa06f80ca8fcbcc815d50b6,新北市私立向詮幼兒園,新北市,蘆洲區,私立,"[247]永樂街38巷11號1,2樓",(02)22858109,,45,無,114,2025/11/06,基礎評鑑－全數指標通過,檢視
2026-09-03-ntpc-full-v1,96,1,2a33d1d5219e06ac574d8150f5c8b9059ce30cbd0aa06f80ca8fcbcc815d50b6,新北市私立馨園幼兒園,新北市,蘆洲區,私立,[247]長樂路79號1樓,(02)22881480,sinyuan.pckids.com.tw,40,無,114,2025/09/22,基礎評鑑－全數指標通過,檢視
2026-09-03-ntpc-full-v1,96,1,2a33d1d5219e06ac574d8150f5c8b9059ce30cbd0aa06f80ca8fcbcc815d50b6,新北市私立中華兒童幼兒園,新北市,蘆洲區,私立,[247]長安街267巷24弄1號1、2樓,(02)28472119,http://tw.myblog.yahoo.com/jw!PUkmkZWTSUVYO_M8IGdonWisdWE-,42,無,114,2025/10/17,基礎評鑑－部分指標通過,檢視
2026-09-03-ntpc-full-v1,96,1,2a33d1d5219e06ac574d8150f5c8b9059ce30cbd0aa06f80ca8fcbcc815d50b6,新北市私立光華幼兒園,新北市,蘆洲區,私立,[247]重陽二街8號1、2、3樓,(02)28476833,,263,無,114,2025/10/14,基礎評鑑－全數指標通過,檢視
2026-09-03-ntpc-full-v1,96,1,2a33d1d5219e06ac574d8150f5c8b9059ce30cbd0aa06f80ca8fcbcc815d50b6,新北市私立普薪幼兒園,新北市,蘆洲區,私立,[247]民義街70號、72號1樓,(02)28489156,http://poo-hsing.topschool.com.tw/,54,無,114,2025/10/01,基礎評鑑－全數指標通過,檢視
2026-09-03-ntpc-full-v1,97,1,64a0812d6db0a4bdf66623155338c2174e3c4875ab840711d82d0102db0ee935,新北市私立環愛幼兒園,新北市,蘆洲區,私立,[247]長安街375巷3號1~2樓,(02)28470618,,38,無,114,2025/10/17,基礎評鑑－全數指標通過,檢視
2026-09-03-ntpc-full-v1,97,1,64a0812d6db0a4bdf66623155338c2174e3c4875ab840711d82d0102db0ee935,新北市私立佳佳安長榮幼兒園,新北市,蘆洲區,私立,[247]長榮路369號1樓、2樓、3樓,(02)22822896,www.jiajian.com.tw,224,無,114,2025/11/03,基礎評鑑－全數指標通過,檢視
2026-09-03-ntpc-full-v1,97,1,64a0812d6db0a4bdf66623155338c2174e3c4875ab840711d82d0102db0ee935,新北市私立佳思美幼兒園,新北市,蘆洲區,私立,[247]永樂街31巷28號1樓,(02)82826613,,39,無,114,2025/09/22,基礎評鑑－全數指標通過,檢視
2026-09-03-ntpc-full-v1,97,1,64a0812d6db0a4bdf66623155338c2174e3c4875ab840711d82d0102db0ee935,新北市私立今人園幼兒園,新北市,蘆洲區,私立,[247]民權路38巷18號1樓,(02)82861504,,29,無,114,2025/10/31,基礎評鑑－全數指標通過,檢視
2026-09-03-ntpc-full-v1,97,1,64a0812d6db0a4bdf66623155338c2174e3c4875ab840711d82d0102db0ee935,新北市私立快樂佳園幼兒園,新北市,蘆洲區,私立,[247]民族路375號,(02)22831516,http://www.jiajian.com.tw,92,無,114,2025/10/31,基礎評鑑－全數指標通過,檢視
2026-09-03-ntpc-full-v1,97,1,64a0812d6db0a4bdf66623155338c2174e3c4875ab840711d82d0102db0ee935,新北市私立西雅圖幼兒園,新北市,蘆洲區,私立,[247]光榮路96號1樓,(02)28479900,,150,無,114,2025/10/07,基礎評鑑－全數指標通過,檢視
2026-09-03-ntpc-full-v1,97,1,64a0812d6db0a4bdf66623155338c2174e3c4875ab840711d82d0102db0ee935,新北市私立幼育成幼兒園,新北市,蘆洲區,私立,[247]和平路162之1號1樓,(02)22828118,,50,無,114,2025/09/30,基礎評鑑－全數指標通過,檢視
2026-09-03-ntpc-full-v1,97,1,64a0812d6db0a4bdf66623155338c2174e3c4875ab840711d82d0102db0ee935,新北市私立璽悅幼兒園,新北市,蘆洲區,私立,[247]民義街77號1、2、3樓,(02)28481509,新北市蘆洲區民義街77號,39,無,114,2025/10/01,基礎評鑑－全數指標通過,檢視
2026-09-03-ntpc-full-v1,97,1,64a0812d6db0a4bdf66623155338c2174e3c4875ab840711d82d0102db0ee935,新北市私立佳佳安幼兒園,新北市,蘆洲區,私立,[247]水湳街3號1、2樓,(02)28473960,http://www.jiajian.com.tw,57,無,114,2025/10/31,基礎評鑑－全數指標通過,檢視
2026-09-03-ntpc-full-v1,97,1,64a0812d6db0a4bdf66623155338c2174e3c4875ab840711d82d0102db0ee935,新北市私立興華幼兒園,新北市,蘆洲區,私立,[247]長安街73巷3號1、2、3樓,(02)22885696,,150,無,114,2025/10/22,基礎評鑑－全數指標通過,檢視
2026-09-03-ntpc-full-v1,98,1,811ed08b9a10b9ef87309cf255c511e230e136ce6bbb6e0584d735ecea7131e6,新北市私立祐昇幼兒園,新北市,蘆洲區,私立,[247]中興街177號1樓,(02)22853568,,29,無,114,2025/10/31,基礎評鑑－全數指標通過,檢視
2026-09-03-ntpc-full-v1,98,1,811ed08b9a10b9ef87309cf255c511e230e136ce6bbb6e0584d735ecea7131e6,新北市私立新冠鈞幼兒園,新北市,蘆洲區,私立,[247]長安街242號、242號2樓之1、成功里2鄰長安街246巷2號1樓,(02)22885125,,45,無,114,2025/10/17,基礎評鑑－全數指標通過,檢視
2026-09-03-ntpc-full-v1,98,1,811ed08b9a10b9ef87309cf255c511e230e136ce6bbb6e0584d735ecea7131e6,新北市私立民族幼兒園,新北市,蘆洲區,私立,[247]民族路153巷9號1樓、145之2號1樓、145號2樓之3、145號2樓之4,(02)22833543#61,,60,無,114,2025/10/13,基礎評鑑－全數指標通過,檢視
2026-09-03-ntpc-full-v1,98,1,811ed08b9a10b9ef87309cf255c511e230e136ce6bbb6e0584d735ecea7131e6,新北市私立來得幼兒園,新北市,蘆洲區,私立,[247]民權路38巷5、7號1樓,(02)22812108,,50,無,114,2025/11/05,基礎評鑑－全數指標通過,檢視
2026-09-03-ntpc-full-v1,98,1,811ed08b9a10b9ef87309cf255c511e230e136ce6bbb6e0584d735ecea7131e6,新北市私立美式夏綠蒂幼兒園,新北市,蘆洲區,私立,[247]九芎街71巷1號1、2樓,(02)22884411,,168,無,114,2025/10/22,基礎評鑑－全數指標通過,檢視
2026-09-03-ntpc-full-v1,98,1,811ed08b9a10b9ef87309cf255c511e230e136ce6bbb6e0584d735ecea7131e6,新北市私立愛麗斯幼兒園,新北市,蘆洲區,私立,[247]水湳街102號2樓、104號1、2樓,(02)82851199,http://allex.woby.com.tw/,76,無,114,2025/10/21,基礎評鑑－全數指標通過,檢視
2026-09-03-ntpc-full-v1,98,1,811ed08b9a10b9ef87309cf255c511e230e136ce6bbb6e0584d735ecea7131e6,新北市私立康橋幼兒園,新北市,蘆洲區,私立,[247]鷺江街97號1樓及93號、95號、97號2樓,(02)28480405,http://kang-chiao.topschool.com.tw/,59,無,114,2025/11/05,基礎評鑑－全數指標通過,檢視
2026-09-03-ntpc-full-v1,98,1,811ed08b9a10b9ef87309cf255c511e230e136ce6bbb6e0584d735ecea7131e6,新北市私立綺莉絲幼兒園,新北市,蘆洲區,私立,[247]長樂路1號、3號1樓,(02)28476150,,57,無,114,2025/10/20,基礎評鑑－全數指標通過,檢視
2026-09-03-ntpc-full-v1,98,1,811ed08b9a10b9ef87309cf255c511e230e136ce6bbb6e0584d735ecea7131e6,新北市私立劍橋幼兒園,新北市,蘆洲區,私立,[247]長榮路700號1、2樓,(02)82858290,,151,無,114,2025/10/22,基礎評鑑－全數指標通過,檢視
2026-09-03-ntpc-full-v1,98,1,811ed08b9a10b9ef87309cf255c511e230e136ce6bbb6e0584d735ecea7131e6,新北市私立美樂蒂幼兒園,新北市,蘆洲區,私立,[247]中央路103號1、2樓,(02)82823968,http://melodykid.blogspot.com/,36,無,114,2025/10/07,基礎評鑑－全數指標通過,檢視
2026-09-03-ntpc-full-v1,99,1,e778fd67114b492e0094e6628d952acd39060cd47c7bf384612e3f1382994ab3,新北市私立凱文幼兒園,新北市,蘆洲區,私立,[247]長安街178號1、2樓,(02)22885201,,79,無,114,2025/10/27,基礎評鑑－全數指標通過,檢視
2026-09-03-ntpc-full-v1,99,1,e778fd67114b492e0094e6628d952acd39060cd47c7bf384612e3f1382994ab3,新北市私立多比幼兒園,新北市,蘆洲區,私立,[247]重陽街50號、52號1樓,(02)28474929,,37,無,114,2025/10/15,基礎評鑑－全數指標通過,檢視
2026-09-03-ntpc-full-v1,99,1,e778fd67114b492e0094e6628d952acd39060cd47c7bf384612e3f1382994ab3,新北市私立文德幼兒園,新北市,蘆洲區,私立,[247]民義街35巷14號1、2樓,(02)82822061,,37,有,114,2025/10/21,基礎評鑑－全數指標通過,檢視
2026-09-03-ntpc-full-v1,99,1,e778fd67114b492e0094e6628d952acd39060cd47c7bf384612e3f1382994ab3,新北市私立維多利亞幼兒園,新北市,蘆洲區,私立,[247]長安街288號1、2樓,(02)28482181,www.vkids.com.tw,300,無,114,2025/10/03,基礎評鑑－全數指標通過,檢視
2026-09-03-ntpc-full-v1,99,1,e778fd67114b492e0094e6628d952acd39060cd47c7bf384612e3f1382994ab3,新北市私立蘆洲來來幼兒園,新北市,蘆洲區,私立,[247]民權路156號1、2、3樓,(02)22859282,,200,無,114,2025/11/03,基礎評鑑－全數指標通過,檢視
2026-09-03-ntpc-full-v1,99,1,e778fd67114b492e0094e6628d952acd39060cd47c7bf384612e3f1382994ab3,新北市私立蘆幼幼兒園,新北市,蘆洲區,私立,[247]永平街32巷57弄2號1樓、6號1樓,(02)2281-2233,,66,無,114,2025/10/22,基礎評鑑－全數指標通過,檢視
2026-09-03-ntpc-full-v1,99,1,e778fd67114b492e0094e6628d952acd39060cd47c7bf384612e3f1382994ab3,新北市私立新蘆洲北大幼兒園,新北市,蘆洲區,私立,[247]三民路86號之3,(02)22810602,,90,無,114,2025/10/31,基礎評鑑－全數指標通過,檢視
2026-09-03-ntpc-full-v1,99,1,e778fd67114b492e0094e6628d952acd39060cd47c7bf384612e3f1382994ab3,新北市私立勁寶兒長樂幼兒園,新北市,蘆洲區,私立,[247]光復路34號1、2、3樓及36號1、2樓,(02)22881029,,120,無,114,2025/10/27,基礎評鑑－全數指標通過,檢視
2026-09-03-ntpc-full-v1,99,1,e778fd67114b492e0094e6628d952acd39060cd47c7bf384612e3f1382994ab3,新北市私立泉慧幼兒園,新北市,蘆洲區,私立,[247]長興路293號1樓,(02)22885153,,37,無,114,2025/10/23,基礎評鑑－全數指標通過,檢視
2026-09-03-ntpc-full-v1,99,1,e778fd67114b492e0094e6628d952acd39060cd47c7bf384612e3f1382994ab3,寶寶潛能開發股份有限公司附設新北市私立奇異鳥蘆洲幼兒園,新北市,蘆洲區,私立,[247]中正路373號1、2樓,(02)82855656,新北市蘆洲區中正路373號1.2樓,160,無,114,2025/10/20,基礎評鑑－部分指標通過,檢視
2026-09-03-ntpc-full-v1,100,1,cb8eec187b8856419266e212946d9035ccd10e049d4c58b6cdadd28c628544ce,新北市私立集賢幼兒園,新北市,蘆洲區,私立,[247]集賢路292號1、2、3樓,(02)77301234,,165,無,114,2025/10/29,基礎評鑑－全數指標通過,檢視
2026-09-03-ntpc-full-v1,100,1,cb8eec187b8856419266e212946d9035ccd10e049d4c58b6cdadd28c628544ce,新北市私立史丹力幼兒園,新北市,蘆洲區,私立,[247]光榮路96、98號2樓,(02)28479900,新北市蘆洲區光榮路96.98-2樓,90,無,114,2025/10/07,基礎評鑑－部分指標通過,檢視
2026-09-03-ntpc-full-v1,100,1,cb8eec187b8856419266e212946d9035ccd10e049d4c58b6cdadd28c628544ce,新北市私立日日安幼兒園,新北市,蘆洲區,私立,[247]光榮路120巷22弄12號1樓及夾層,(02)82858755,,30,無,113,2024/10/07,基礎評鑑－全數指標通過,檢視
2026-09-03-ntpc-full-v1,100,1,cb8eec187b8856419266e212946d9035ccd10e049d4c58b6cdadd28c628544ce,新北市鷺江非營利幼兒園(委託財團法人彭婉如文教基金會辦理),新北市,蘆洲區,非營利,[247]長樂路235號1樓,(02)82854336,,106,無,114,2025/09/24,基礎評鑑－全數指標通過,檢視
2026-09-03-ntpc-full-v1,100,1,cb8eec187b8856419266e212946d9035ccd10e049d4c58b6cdadd28c628544ce,新北市五股區成州國民小學附設幼兒園,新北市,五股區,公立,[248]成泰路三段493號,(02)22933613#701,http://tw.pre.uschoolnet.com/school/cjoes-tpc,76,無,112,2023/10/06,基礎評鑑－全數指標通過,檢視
2026-09-03-ntpc-full-v1,100,1,cb8eec187b8856419266e212946d9035ccd10e049d4c58b6cdadd28c628544ce,新北市五股區更寮國民小學附設幼兒園,新北市,五股區,公立,[248]四維路2號,(02)29824591#600,http://www.glps.ntpc.edu.tw/default.asp,60,無,112,2023/10/06,基礎評鑑－全數指標通過,檢視
2026-09-03-ntpc-full-v1,100,1,cb8eec187b8856419266e212946d9035ccd10e049d4c58b6cdadd28c628544ce,新北市五股區五股國民小學附設幼兒園,新北市,五股區,公立,[248]成泰路二段49號,(02)22917191#842,http://tw.class.uschoolnet.com/class/?csid=css000000181847,106,無,112,2023/10/11,基礎評鑑－全數指標通過,檢視
2026-09-03-ntpc-full-v1,100,1,cb8eec187b8856419266e212946d9035ccd10e049d4c58b6cdadd28c628544ce,新北市五股區德音國民小學附設幼兒園,新北市,五股區,公立,[248]明德路2號,(02)22924152#890,http://163.20.119.103/班級網頁/幼稚園/index.html,60,無,112,2023/10/11,基礎評鑑－全數指標通過,檢視
2026-09-03-ntpc-full-v1,100,1,cb8eec187b8856419266e212946d9035ccd10e049d4c58b6cdadd28c628544ce,新北市立五股幼兒園,新北市,五股區,公立,[248]西雲路165號2樓、3樓,(02)22936620,https://wugu22938781.blogspot.com,150,無,112,2023/10/04,基礎評鑑－全數指標通過,檢視
2026-09-03-ntpc-full-v1,100,1,cb8eec187b8856419266e212946d9035ccd10e049d4c58b6cdadd28c628544ce,新北市立五股幼兒園水碓分班,新北市,五股區,公立,[248]水碓二路1號2樓,(02)22925032,,68,無,112,2023/11/01,基礎評鑑－全數指標通過,檢視
2026-09-03-ntpc-full-v1,101,1,2b904707c1e3e264320a95b494714429135b4fc16a3bdec8a93ff2da6d85ca2d,新北市立五股幼兒園更新分班,新北市,五股區,公立,[248]更洲路47號2樓,(02)29826950#11,http://www.daycare-wugu.ntpc.gov.tw/_file/3012/SG/44449/47875.html,75,無,112,2023/11/01,基礎評鑑－全數指標通過,檢視
2026-09-03-ntpc-full-v1,101,1,2b904707c1e3e264320a95b494714429135b4fc16a3bdec8a93ff2da6d85ca2d,新北市立五股幼兒園成州分班,新北市,五股區,公立,[248]西雲路225巷4號1樓,(02)22951914,,29,無,112,2023/10/04,基礎評鑑－全數指標通過,檢視
2026-09-03-ntpc-full-v1,101,1,2b904707c1e3e264320a95b494714429135b4fc16a3bdec8a93ff2da6d85ca2d,新北市立五股幼兒園德音分班,新北市,五股區,公立,[248]蓬萊路6巷45號1樓,(02)82959856,,120,無,112,2023/10/18,基礎評鑑－全數指標通過,檢視
2026-09-03-ntpc-full-v1,101,1,2b904707c1e3e264320a95b494714429135b4fc16a3bdec8a93ff2da6d85ca2d,新北市立五股幼兒園陸一分班,新北市,五股區,公立,[248]六合街70號1樓,(02)82923039,,60,無,112,2023/10/18,基礎評鑑－全數指標通過,檢視
2026-09-03-ntpc-full-v1,101,1,2b904707c1e3e264320a95b494714429135b4fc16a3bdec8a93ff2da6d85ca2d,新北市私立芮嘉幼兒園,新北市,五股區,私立,[248]水碓路2號1樓、6號1樓,(02)82957160,,40,無,112,2023/09/28,基礎評鑑－全數指標通過,檢視
2026-09-03-ntpc-full-v1,101,1,2b904707c1e3e264320a95b494714429135b4fc16a3bdec8a93ff2da6d85ca2d,新北市私立強生幼兒園,新北市,五股區,私立,[248]西雲路231號1樓233號1樓,(02)22933223,,38,無,112,2023/10/18,基礎評鑑－全數指標通過,檢視
2026-09-03-ntpc-full-v1,101,1,2b904707c1e3e264320a95b494714429135b4fc16a3bdec8a93ff2da6d85ca2d,新北市私立聖雅幼兒園,新北市,五股區,私立,[248]成泰路3段377號1樓、377號之1(2樓),(02)22922230,,48,無,112,2023/10/25,基礎評鑑－全數指標通過,檢視
2026-09-03-ntpc-full-v1,101,1,2b904707c1e3e264320a95b494714429135b4fc16a3bdec8a93ff2da6d85ca2d,新北市私立華盛頓幼兒園,新北市,五股區,私立,[248]成泰路1段101號1樓、2樓、3樓,(02)22917066,,270,有,112,2023/10/25,基礎評鑑－全數指標通過,檢視
2026-09-03-ntpc-full-v1,101,1,2b904707c1e3e264320a95b494714429135b4fc16a3bdec8a93ff2da6d85ca2d,新北市私立德寶幼兒園,新北市,五股區,私立,[248]水碓路16巷33號1樓,(02)22912201,,70,無,112,2023/10/25,基礎評鑑－全數指標通過,檢視
2026-09-03-ntpc-full-v1,101,1,2b904707c1e3e264320a95b494714429135b4fc16a3bdec8a93ff2da6d85ca2d,新北市私立星辰幼兒園,新北市,五股區,私立,[248]成泰路3段577巷61號,(02)22912731,,90,無,112,2023/10/19,基礎評鑑－全數指標通過,檢視
2026-09-03-ntpc-full-v1,102,1,5823f64b1b91adb05cb0452ecb09477b3e00b04dfa4423644173484eb5b0fb80,新北市私立成泰幼兒園,新北市,五股區,私立,[248]成泰路2段91巷17號1樓,(02)22942436,,38,無,112,2023/10/30,基礎評鑑－全數指標通過,檢視
2026-09-03-ntpc-full-v1,102,1,5823f64b1b91adb05cb0452ecb09477b3e00b04dfa4423644173484eb5b0fb80,新北市私立維珍妮幼兒園,新北市,五股區,私立,[248]西雲路288號1樓,(02)22933212,,40,無,112,2023/10/18,基礎評鑑－全數指標通過,檢視
2026-09-03-ntpc-full-v1,102,1,5823f64b1b91adb05cb0452ecb09477b3e00b04dfa4423644173484eb5b0fb80,新北市私立優質幼兒園,新北市,五股區,私立,[248]五福路105號1樓、107號1樓,(02)22929989,,32,無,112,2023/11/08,基礎評鑑－全數指標通過,檢視
2026-09-03-ntpc-full-v1,102,1,5823f64b1b91adb05cb0452ecb09477b3e00b04dfa4423644173484eb5b0fb80,新北市私立振鋒幼兒園,新北市,五股區,私立,[248]明德路73之1號1樓及73號1、2、3樓,(02)22917325,,150,無,112,2023/09/28,基礎評鑑－部分指標通過,檢視
2026-09-03-ntpc-full-v1,102,2,5823f64b1b91adb05cb0452ecb09477b3e00b04dfa4423644173484eb5b0fb80,新北市私立振鋒幼兒園,新北市,五股區,私立,[248]明德路73之1號1樓及73號1、2、3樓,(02)22917325,,150,無,112,2024/11/20,追蹤評鑑－全數指標通過,檢視
2026-09-03-ntpc-full-v1,102,1,5823f64b1b91adb05cb0452ecb09477b3e00b04dfa4423644173484eb5b0fb80,新北市私立威爾斯幼兒園,新北市,五股區,私立,[248]中興路4段48巷15號2樓,(02)82922085,,150,無,112,2023/10/23,基礎評鑑－全數指標通過,檢視
2026-09-03-ntpc-full-v1,102,1,5823f64b1b91adb05cb0452ecb09477b3e00b04dfa4423644173484eb5b0fb80,新北市私立學華幼兒園,新北市,五股區,私立,[248]工商路164號1、2樓,(02)82957120,,60,無,112,2023/11/08,基礎評鑑－全數指標通過,檢視
2026-09-03-ntpc-full-v1,102,1,5823f64b1b91adb05cb0452ecb09477b3e00b04dfa4423644173484eb5b0fb80,新北市私立新邦仁幼兒園,新北市,五股區,私立,[248]登林路81之52號1、2樓,(02)22926788,,56,有,112,2023/09/28,基礎評鑑－全數指標通過,檢視
2026-09-03-ntpc-full-v1,102,1,5823f64b1b91adb05cb0452ecb09477b3e00b04dfa4423644173484eb5b0fb80,新北市私立小百科幼兒園,新北市,五股區,私立,[248]西雲路249號1樓,(02)22931944,,28,無,112,2023/10/23,基礎評鑑－全數指標通過,檢視
2026-09-03-ntpc-full-v1,102,1,5823f64b1b91adb05cb0452ecb09477b3e00b04dfa4423644173484eb5b0fb80,新北市私立溫德爾幼兒園,新北市,五股區,私立,[248]成泰路一段132號1、2、3樓,(02)22918181,,300,有,112,2023/09/28,基礎評鑑－全數指標通過,檢視
2026-09-03-ntpc-full-v1,102,1,5823f64b1b91adb05cb0452ecb09477b3e00b04dfa4423644173484eb5b0fb80,新北市私立文愛幼兒園,新北市,五股區,私立,[248]民義路一段112號,(02)82956400,,90,無,112,2023/11/02,基礎評鑑－全數指標通過,檢視
2026-09-03-ntpc-full-v1,103,1,b4a4cd05341b0314da52597304906c6c14defae42c8f8b193c202f1c77c431c7,新北市私立菲米力幼兒園,新北市,五股區,私立,[248]民義路一段120號2樓,(02)22918455,,34,無,112,2023/11/02,基礎評鑑－全數指標通過,檢視
2026-09-03-ntpc-full-v1,103,1,b4a4cd05341b0314da52597304906c6c14defae42c8f8b193c202f1c77c431c7,新北市八里區八里國民小學附設幼兒園,新北市,八里區,公立,[249]中山路2段338號,(02)26102217#3103,www.ples.ntpc.edu.tw,136,無,112,2023/10/13,基礎評鑑－全數指標通過,檢視
2026-09-03-ntpc-full-v1,103,1,b4a4cd05341b0314da52597304906c6c14defae42c8f8b193c202f1c77c431c7,新北市八里區大崁國民小學附設幼兒園,新北市,八里區,公立,[249]忠八街2號,(02)86305678#190,http://tkes@ntpc.edu.tw,136,無,112,2023/10/13,基礎評鑑－全數指標通過,檢視
2026-09-03-ntpc-full-v1,103,1,b4a4cd05341b0314da52597304906c6c14defae42c8f8b193c202f1c77c431c7,新北市立八里幼兒園,新北市,八里區,公立,[249]舊城路19號2F,(02)86303477#131,https://bali-preschool.com,48,無,112,2023/10/23,基礎評鑑－全數指標通過,檢視
2026-09-03-ntpc-full-v1,103,1,b4a4cd05341b0314da52597304906c6c14defae42c8f8b193c202f1c77c431c7,新北市立八里幼兒園龍源分班,新北市,八里區,公立,[249]龍米路一段223號2樓,(02)86303477#500,https://bali-preschool.com/,40,無,112,2023/10/24,基礎評鑑－全數指標通過,檢視
2026-09-03-ntpc-full-v1,103,1,b4a4cd05341b0314da52597304906c6c14defae42c8f8b193c202f1c77c431c7,新北市立八里幼兒園大埤頂分班,新北市,八里區,公立,[249]中山路1段95號1樓,(02)86303477#300,https://bali-preschool.com/,40,無,112,2023/10/23,基礎評鑑－全數指標通過,檢視
2026-09-03-ntpc-full-v1,103,1,b4a4cd05341b0314da52597304906c6c14defae42c8f8b193c202f1c77c431c7,新北市私立青子園幼兒園,新北市,八里區,私立,[249]中山路二段466巷23號1樓及夾層,(02)26102677,,34,無,112,2023/11/01,基礎評鑑－全數指標通過,檢視
2026-09-03-ntpc-full-v1,103,1,b4a4cd05341b0314da52597304906c6c14defae42c8f8b193c202f1c77c431c7,新北市私立快樂芝麻幼兒園,新北市,八里區,私立,[249]龍米路三段38號1、2樓,(02)86303636,,75,無,112,2023/10/26,基礎評鑑－全數指標通過,檢視
2026-09-03-ntpc-full-v1,103,1,b4a4cd05341b0314da52597304906c6c14defae42c8f8b193c202f1c77c431c7,新北市私立星莆幼兒園,新北市,八里區,私立,[249]中山路2段540巷28號1樓,(02)86301185,,38,無,112,2023/10/25,基礎評鑑－全數指標通過,檢視
2026-09-03-ntpc-full-v1,103,1,b4a4cd05341b0314da52597304906c6c14defae42c8f8b193c202f1c77c431c7,天主教聖心學校財團法人新北市聖心國民小學附設私立善牧園幼兒園,新北市,八里區,私立,[249]龍米路1段261號,(02)26182330#171,http://www.lshes.ntpc.edu.tw/善牧園/index.htm,210,無,112,2023/10/24,基礎評鑑－全數指標通過,檢視
2026-09-03-ntpc-full-v1,104,1,89a00cc3a016ebf7482eaffc98b80ca4672d61c90433346ceca4435a4e4e2e2e,新北市私立大崁璽恩幼兒園,新北市,八里區,私立,[249]中山路1段190號1、2樓,(02)26193992,,60,無,112,2023/10/26,基礎評鑑－部分指標通過,檢視
2026-09-03-ntpc-full-v1,104,2,89a00cc3a016ebf7482eaffc98b80ca4672d61c90433346ceca4435a4e4e2e2e,新北市私立大崁璽恩幼兒園,新北市,八里區,私立,[249]中山路1段190號1、2樓,(02)26193992,,60,無,112,2024/11/20,追蹤評鑑－全數指標通過,檢視
2026-09-03-ntpc-full-v1,104,1,89a00cc3a016ebf7482eaffc98b80ca4672d61c90433346ceca4435a4e4e2e2e,新北市私立邱吉爾幼兒園,新北市,八里區,私立,[249]中華路二段520號1樓、522號1樓,(02)26195551,,31,無,112,2023/11/01,基礎評鑑－全數指標通過,檢視
2026-09-03-ntpc-full-v1,104,1,89a00cc3a016ebf7482eaffc98b80ca4672d61c90433346ceca4435a4e4e2e2e,新北市私立人文幼兒園,新北市,八里區,私立,[249]仁一街1號1、2、3樓,(02)86303355,,180,無,112,2023/09/27,基礎評鑑－全數指標通過,檢視
2026-09-03-ntpc-full-v1,104,1,89a00cc3a016ebf7482eaffc98b80ca4672d61c90433346ceca4435a4e4e2e2e,新北市私立陽光幼兒園,新北市,八里區,私立,[249]文心街112號,(02)26193688,,100,無,112,2023/09/27,基礎評鑑－全數指標通過,檢視
2026-09-03-ntpc-full-v1,104,1,89a00cc3a016ebf7482eaffc98b80ca4672d61c90433346ceca4435a4e4e2e2e,新北市立忠山實驗小學附設幼兒園,新北市,淡水區,公立,[251]行忠路899號一樓,(02)26216139#850,,30,無,113,2024/11/07,基礎評鑑－全數指標通過,檢視
2026-09-03-ntpc-full-v1,104,1,89a00cc3a016ebf7482eaffc98b80ca4672d61c90433346ceca4435a4e4e2e2e,新北市淡水區興仁國民小學附設幼兒園,新北市,淡水區,公立,[251]興仁路101巷10號,(02)26262151#無,,60,無,113,2024/10/09,基礎評鑑－全數指標通過,檢視
2026-09-03-ntpc-full-v1,104,1,89a00cc3a016ebf7482eaffc98b80ca4672d61c90433346ceca4435a4e4e2e2e,新北市淡水區新興國民小學附設幼兒園,新北市,淡水區,公立,[251]新興街123號,(02)26203646#851,https://www.shes.ntpc.edu.tw/p/412-1000-106.php,106,無,113,2024/10/14,基礎評鑑－全數指標通過,檢視
2026-09-03-ntpc-full-v1,104,1,89a00cc3a016ebf7482eaffc98b80ca4672d61c90433346ceca4435a4e4e2e2e,新北市淡水區鄧公國民小學附設幼兒園,新北市,淡水區,公立,[251]學府路99號,(02)26297121#160,http://www.dkes.ntpc.edu.tw/,60,無,113,2024/10/22,基礎評鑑－全數指標通過,檢視
2026-09-03-ntpc-full-v1,104,1,89a00cc3a016ebf7482eaffc98b80ca4672d61c90433346ceca4435a4e4e2e2e,新北市淡水區竹圍國民小學附設幼兒園,新北市,淡水區,公立,[251]中正東路2段145號,(02)28091475#76,https://www.cwps.ntpc.edu.tw/,90,無,113,2024/10/11,基礎評鑑－全數指標通過,檢視
2026-09-03-ntpc-full-v1,104,1,89a00cc3a016ebf7482eaffc98b80ca4672d61c90433346ceca4435a4e4e2e2e,新北市淡水區坪頂國民小學附設幼兒園,新北市,淡水區,公立,[251]小坪頂18號,(02)86263105#14,http://www.pdes.ntpc.edu.tw/,30,無,113,2024/10/25,基礎評鑑－全數指標通過,檢視
2026-09-03-ntpc-full-v1,105,1,cb28b5a900a5e901a032be4dd3488d88f5ddff637ecf74f10f5c61add3c1a380,新北市淡水區文化國民小學附設幼兒園,新北市,淡水區,公立,[251]真理街6號1樓,(02)26212031#871,http://tw.class.uschoolnet.com/class/?csid=css000000225276,106,無,113,2024/10/22,基礎評鑑－部分指標通過,檢視
2026-09-03-ntpc-full-v1,105,2,cb28b5a900a5e901a032be4dd3488d88f5ddff637ecf74f10f5c61add3c1a380,新北市淡水區文化國民小學附設幼兒園,新北市,淡水區,公立,[251]真理街6號1樓,(02)26212031#871,http://tw.class.uschoolnet.com/class/?csid=css000000225276,106,無,113,2025/11/26,追蹤評鑑－全數指標通過,檢視
2026-09-03-ntpc-full-v1,105,1,cb28b5a900a5e901a032be4dd3488d88f5ddff637ecf74f10f5c61add3c1a380,新北市淡水區淡水國民小學附設幼兒園,新北市,淡水區,公立,[251]中山路160號,(02)26212755#140,http://www131.tsps.ntpc.edu.tw/eweb/index.php?home=ew00000000045,90,無,113,2024/09/30,基礎評鑑－全數指標通過,檢視
2026-09-03-ntpc-full-v1,105,1,cb28b5a900a5e901a032be4dd3488d88f5ddff637ecf74f10f5c61add3c1a380,新北市淡水區屯山國民小學附設幼兒園,新北市,淡水區,公立,[251]淡金路5段111號,(02)28012591#850,https://sites.google.com/view/tunshankids/%E9%A6%96%E9%A0%81,60,無,113,2024/10/09,基礎評鑑－全數指標通過,檢視
2026-09-03-ntpc-full-v1,105,1,cb28b5a900a5e901a032be4dd3488d88f5ddff637ecf74f10f5c61add3c1a380,新北市淡水區天生國民小學附設幼兒園,新北市,淡水區,公立,[251]淡海路72巷26號,(02)28052695#852,http://www.tisnes.ntpc.edu.tw/default.asp,76,無,113,2024/10/14,基礎評鑑－全數指標通過,檢視
2026-09-03-ntpc-full-v1,105,1,cb28b5a900a5e901a032be4dd3488d88f5ddff637ecf74f10f5c61add3c1a380,新北市淡水區中泰國民小學附設幼兒園,新北市,淡水區,公立,[251]北勢子5號,(02)28012033#107,http://www.ctps.ntpc.edu.tw/ylcommon/search02.asp?id={613BBF88-CB71-45A1-8FC2-1BA769734D93},30,無,113,2024/11/07,基礎評鑑－全數指標通過,檢視
2026-09-03-ntpc-full-v1,105,1,cb28b5a900a5e901a032be4dd3488d88f5ddff637ecf74f10f5c61add3c1a380,新北市立淡水國民中學附設幼兒園,新北市,淡水區,公立,[251]真理街10號,(02)26212758#27,http://www.tsjh.ntpc.edu.tw/,120,無,113,2024/09/30,基礎評鑑－全數指標通過,檢視
2026-09-03-ntpc-full-v1,105,1,cb28b5a900a5e901a032be4dd3488d88f5ddff637ecf74f10f5c61add3c1a380,新北市立淡水幼兒園,新北市,淡水區,公立,[251]中山北路1段158號1樓,(02)26203130#35,http://daycare.ntpc.edu.tw/web/tamsui/,128,無,113,2024/10/04,基礎評鑑－全數指標通過,檢視
2026-09-03-ntpc-full-v1,105,1,cb28b5a900a5e901a032be4dd3488d88f5ddff637ecf74f10f5c61add3c1a380,新北市立淡水幼兒園竹圍分班,新北市,淡水區,公立,[251]民生路27號1、2、3樓,(02)28097563#11,http://www.daycare-tamsui.ntpc.gov.tw,106,無,113,2024/10/11,基礎評鑑－全數指標通過,檢視
2026-09-03-ntpc-full-v1,105,1,cb28b5a900a5e901a032be4dd3488d88f5ddff637ecf74f10f5c61add3c1a380,新北市淡水區育英國民小學附設幼兒園,新北市,淡水區,公立,[251]埤頭14號,(02)26214390#114,新北市淡水區埤島里14號,60,無,113,2024/09/23,基礎評鑑－全數指標通過,檢視
2026-09-03-ntpc-full-v1,105,1,cb28b5a900a5e901a032be4dd3488d88f5ddff637ecf74f10f5c61add3c1a380,新北市淡水區水源國民小學附設幼兒園,新北市,淡水區,公立,[251]北新路2段15號,(02)26211347#14,http://hyeskg.uclass.com.tw,30,無,113,2024/10/01,基礎評鑑－全數指標通過,檢視
2026-09-03-ntpc-full-v1,106,1,f172d26fc5e853258ccba4f952071e6693450e25086e1029e64703aa888786fb,新北市淡水區新市國民小學附設幼兒園,新北市,淡水區,公立,[251]中山北路2段200號1樓,(02)26262141#860,,90,無,113,2024/09/23,基礎評鑑－全數指標通過,檢視
2026-09-03-ntpc-full-v1,106,1,f172d26fc5e853258ccba4f952071e6693450e25086e1029e64703aa888786fb,新北市私立國花幼兒園,新北市,淡水區,私立,"[251]新生街51巷31弄1,3,5,7,9,11號",(02)26220315,http://www.kuohwa.org,166,無,113,2024/10/29,基礎評鑑－全數指標通過,檢視
2026-09-03-ntpc-full-v1,106,1,f172d26fc5e853258ccba4f952071e6693450e25086e1029e64703aa888786fb,新北市私立唯寶幼兒園,新北市,淡水區,私立,[251]沙崙路131巷13弄2號1樓、131巷11號1樓,(02)28053765,,45,無,113,2024/10/24,基礎評鑑－全數指標通過,檢視
2026-09-03-ntpc-full-v1,106,1,f172d26fc5e853258ccba4f952071e6693450e25086e1029e64703aa888786fb,新北市私立淡水新興幼兒園,新北市,淡水區,私立,[251]新興街43號1樓及夾層,(02)26294887,,90,無,113,2024/10/30,基礎評鑑－全數指標通過,檢視
2026-09-03-ntpc-full-v1,106,1,f172d26fc5e853258ccba4f952071e6693450e25086e1029e64703aa888786fb,新北市私立淡水啟文幼兒園,新北市,淡水區,私立,[251]北新路188號1、2樓,(02)26216505,,46,無,113,2024/11/06,基礎評鑑－全數指標通過,檢視
2026-09-03-ntpc-full-v1,106,1,f172d26fc5e853258ccba4f952071e6693450e25086e1029e64703aa888786fb,新北市私立吉的堡北馨園幼兒園,新北市,淡水區,私立,[251]北新路92號1樓、92號2樓、92號2樓之1,(02)86314518,,88,無,113,2024/10/07,基礎評鑑－全數指標通過,檢視
2026-09-03-ntpc-full-v1,106,1,f172d26fc5e853258ccba4f952071e6693450e25086e1029e64703aa888786fb,新北市私立小親親幼兒園,新北市,淡水區,私立,[251]民生路124巷11弄3號1~2樓、5號1~2樓,(02)28097113,,78,無,113,2024/09/25,基礎評鑑－全數指標通過,檢視
2026-09-03-ntpc-full-v1,106,1,f172d26fc5e853258ccba4f952071e6693450e25086e1029e64703aa888786fb,新北市私立快樂家族幼兒園,新北市,淡水區,私立,[251]八勢一街40號1樓、2樓,(02)28085878,,45,無,113,2024/10/23,基礎評鑑－全數指標通過,檢視
2026-09-03-ntpc-full-v1,106,1,f172d26fc5e853258ccba4f952071e6693450e25086e1029e64703aa888786fb,新北市私立蘋果苑幼兒園,新北市,淡水區,私立,[251]新春街126巷9號1樓、2樓,(02)86311599,,130,無,113,2024/10/22,基礎評鑑－部分指標通過,檢視
2026-09-03-ntpc-full-v1,106,2,f172d26fc5e853258ccba4f952071e6693450e25086e1029e64703aa888786fb,新北市私立蘋果苑幼兒園,新北市,淡水區,私立,[251]新春街126巷9號1樓、2樓,(02)86311599,,130,無,113,2025/11/25,追蹤評鑑－全數指標通過,檢視
2026-09-03-ntpc-full-v1,107,1,4475c95489b8f74a0920aaada809c309d3d0837b305ff69222c6486789f52ef7,新北市私立臻寶園幼兒園,新北市,淡水區,私立,[251]大義街29巷7號1樓、9號1樓、11號1樓、13號1樓,(02)26281889,,42,無,113,2024/10/11,基礎評鑑－部分指標通過,檢視
2026-09-03-ntpc-full-v1,107,2,4475c95489b8f74a0920aaada809c309d3d0837b305ff69222c6486789f52ef7,新北市私立臻寶園幼兒園,新北市,淡水區,私立,[251]大義街29巷7號1樓、9號1樓、11號1樓、13號1樓,(02)26281889,,42,無,113,2025/11/25,追蹤評鑑－全數指標通過,檢視
2026-09-03-ntpc-full-v1,107,1,4475c95489b8f74a0920aaada809c309d3d0837b305ff69222c6486789f52ef7,新北市私立啟蒙幼兒園,新北市,淡水區,私立,[251]新生街90巷2號1樓、2之1號1~2樓,(02)26204411,,66,無,113,2024/10/29,基礎評鑑－全數指標通過,檢視
2026-09-03-ntpc-full-v1,107,1,4475c95489b8f74a0920aaada809c309d3d0837b305ff69222c6486789f52ef7,新北市私立紅樹林幼兒園,新北市,淡水區,私立,[251]中正東路二段7號1至3樓,(02)28090930,,171,無,113,2024/10/25,基礎評鑑－全數指標通過,檢視
2026-09-03-ntpc-full-v1,107,1,4475c95489b8f74a0920aaada809c309d3d0837b305ff69222c6486789f52ef7,新北市私立菁英幼兒園,新北市,淡水區,私立,[251]大忠街75號2樓、77號2樓,(02)26259491#2,,40,無,113,2024/09/25,基礎評鑑－全數指標通過,檢視
2026-09-03-ntpc-full-v1,107,1,4475c95489b8f74a0920aaada809c309d3d0837b305ff69222c6486789f52ef7,新北市私立愛家幼兒園,新北市,淡水區,私立,[251]新興街9號1樓、11號1樓、13號1樓,(02)86311045,,50,無,113,2024/11/07,基礎評鑑－全數指標通過,檢視
2026-09-03-ntpc-full-v1,107,1,4475c95489b8f74a0920aaada809c309d3d0837b305ff69222c6486789f52ef7,台灣基督長老教會淡江學校財團法人新北市私立淡江高級中學附設新北市私立純德幼兒園,新北市,淡水區,私立,[251]真理街26號,(02)26212805,www.tksh.tpc.edu.tw/kid,180,無,113,2024/10/04,基礎評鑑－全數指標通過,檢視
2026-09-03-ntpc-full-v1,107,1,4475c95489b8f74a0920aaada809c309d3d0837b305ff69222c6486789f52ef7,新北市私立育碩幼兒園,新北市,淡水區,私立,[251]自強路309之1號1樓、309號2樓,(02)28082746,,52,無,113,2024/10/09,基礎評鑑－全數指標通過,檢視
2026-09-03-ntpc-full-v1,107,1,4475c95489b8f74a0920aaada809c309d3d0837b305ff69222c6486789f52ef7,新北市私立萊恩得幼兒園,新北市,淡水區,私立,[251]民權路181巷7、9、11、13、15號1樓,(02)28082839,,65,無,113,2024/10/16,基礎評鑑－全數指標通過,檢視
2026-09-03-ntpc-full-v1,107,1,4475c95489b8f74a0920aaada809c309d3d0837b305ff69222c6486789f52ef7,新北市私立卓越幼兒園,新北市,淡水區,私立,[251]水源街1段157號3樓,(02)26295859,,40,無,113,2024/10/16,基礎評鑑－全數指標通過,檢視
2026-09-03-ntpc-full-v1,107,1,4475c95489b8f74a0920aaada809c309d3d0837b305ff69222c6486789f52ef7,新北市私立淡水松柏幼兒園,新北市,淡水區,私立,[251]新春街172號1樓至2樓及180號2樓、2樓之1、2樓之2、2樓之3、2樓之7,(02)26264253,,152,無,113,2024/11/06,基礎評鑑－全數指標通過,檢視
2026-09-03-ntpc-full-v1,108,1,d1476f1a8a906992817e30351d9b522bf53bee130c05b9db8e5e98e3fa71aced,新北市私立快樂小熊幼兒園,新北市,淡水區,私立,[251]中山北路1段247巷54號1樓、2樓及56號1樓、2樓,(02)26235611,,60,有,113,2024/10/22,基礎評鑑－部分指標通過,檢視
2026-09-03-ntpc-full-v1,108,2,d1476f1a8a906992817e30351d9b522bf53bee130c05b9db8e5e98e3fa71aced,新北市私立快樂小熊幼兒園,新北市,淡水區,私立,[251]中山北路1段247巷54號1樓、2樓及56號1樓、2樓,(02)26235611,,60,有,113,2025/11/26,追蹤評鑑－全數指標通過,檢視
2026-09-03-ntpc-full-v1,108,1,d1476f1a8a906992817e30351d9b522bf53bee130c05b9db8e5e98e3fa71aced,新北市私立萬甲田幼兒園,新北市,淡水區,私立,[251]新市一路3段101巷16弄1號1樓,(02)26269676,http://kids.blogkids.net/,50,無,113,2024/10/18,基礎評鑑－全數指標通過,檢視
2026-09-03-ntpc-full-v1,108,1,d1476f1a8a906992817e30351d9b522bf53bee130c05b9db8e5e98e3fa71aced,新北市私立智晶幼兒園,新北市,淡水區,私立,[251]學府路113號2樓,(02)26263915,,46,有,113,2024/11/07,基礎評鑑－全數指標通過,檢視
2026-09-03-ntpc-full-v1,108,1,d1476f1a8a906992817e30351d9b522bf53bee130c05b9db8e5e98e3fa71aced,新北市私立悅慧幼兒園,新北市,淡水區,私立,[251]新春街10巷2號1至2樓、10巷1號1樓,(02)26283153,,72,無,113,2024/11/06,基礎評鑑－全數指標通過,檢視
2026-09-03-ntpc-full-v1,108,1,d1476f1a8a906992817e30351d9b522bf53bee130c05b9db8e5e98e3fa71aced,新北市私立溫斯頓幼兒園,新北市,淡水區,私立,[251]民權路187巷40號1樓,(02)88093528,,139,無,113,2024/10/07,基礎評鑑－部分指標通過,檢視
2026-09-03-ntpc-full-v1,108,2,d1476f1a8a906992817e30351d9b522bf53bee130c05b9db8e5e98e3fa71aced,新北市私立溫斯頓幼兒園,新北市,淡水區,私立,[251]民權路187巷40號1樓,(02)88093528,,139,無,113,2025/11/26,追蹤評鑑－全數指標通過,檢視
2026-09-03-ntpc-full-v1,108,1,d1476f1a8a906992817e30351d9b522bf53bee130c05b9db8e5e98e3fa71aced,新北市私立普登幼兒園,新北市,淡水區,私立,[251]中山北路一段151號2樓,(02)26236585,新北市淡水區中山北路一段151號2樓,42,無,113,2024/10/11,基礎評鑑－部分指標通過,檢視
2026-09-03-ntpc-full-v1,108,2,d1476f1a8a906992817e30351d9b522bf53bee130c05b9db8e5e98e3fa71aced,新北市私立普登幼兒園,新北市,淡水區,私立,[251]中山北路一段151號2樓,(02)26236585,新北市淡水區中山北路一段151號2樓,42,無,113,2025/11/25,追蹤評鑑－全數指標通過,檢視
2026-09-03-ntpc-full-v1,108,1,d1476f1a8a906992817e30351d9b522bf53bee130c05b9db8e5e98e3fa71aced,新北市私立漢斯堡國際幼兒園,新北市,淡水區,私立,[251]商工路186巷17號1、2樓,(02)26225627,,57,無,113,2024/11/06,基礎評鑑－全數指標通過,檢視
2026-09-03-ntpc-full-v1,108,1,d1476f1a8a906992817e30351d9b522bf53bee130c05b9db8e5e98e3fa71aced,新北市私立英格麗幼兒園,新北市,淡水區,私立,[251]自強路110號1、2樓,(02)28098640,,45,無,113,2024/10/23,基礎評鑑－全數指標通過,檢視
2026-09-03-ntpc-full-v1,108,1,d1476f1a8a906992817e30351d9b522bf53bee130c05b9db8e5e98e3fa71aced,新北市私立雨果幼兒園,新北市,淡水區,私立,[251]水源街1段124號2樓,(02)26238523#330,,34,無,113,2024/10/24,基礎評鑑－全數指標通過,檢視
2026-09-03-ntpc-full-v1,108,1,d1476f1a8a906992817e30351d9b522bf53bee130c05b9db8e5e98e3fa71aced,新北市私立可爾威德幼兒園,新北市,淡水區,私立,[251]中正東路35巷11號,(02)26221700,,59,無,113,2024/10/24,基礎評鑑－全數指標通過,檢視
2026-09-03-ntpc-full-v1,109,1,eff30d3b0943206ce808d670fe70942b5e95e94507c5405f9e9f202afc79195f,財團法人新北市私立一信幼兒園,新北市,淡水區,私立,[251]中正路一段63巷9號,(02)28055681,http://yi-shinkids.topschool.com.tw,180,無,113,2024/10/04,基礎評鑑－全數指標通過,檢視
2026-09-03-ntpc-full-v1,109,1,eff30d3b0943206ce808d670fe70942b5e95e94507c5405f9e9f202afc79195f,新北市私立歡樂寶貝熊幼兒園,新北市,淡水區,私立,[251]民權路73號1樓(門牌合併含73號1樓、75號2樓),(02)26241218,,55,無,113,2024/10/09,基礎評鑑－部分指標通過,檢視
2026-09-03-ntpc-full-v1,109,2,eff30d3b0943206ce808d670fe70942b5e95e94507c5405f9e9f202afc79195f,新北市私立歡樂寶貝熊幼兒園,新北市,淡水區,私立,[251]民權路73號1樓(門牌合併含73號1樓、75號2樓),(02)26241218,,55,無,113,2025/11/25,追蹤評鑑－全數指標通過,檢視
2026-09-03-ntpc-full-v1,109,1,eff30d3b0943206ce808d670fe70942b5e95e94507c5405f9e9f202afc79195f,新北市私立松林幼兒園,新北市,淡水區,私立,[251]中山北路二段189巷100號1樓,(02)2622-5564,,80,無,113,2024/10/18,基礎評鑑－全數指標通過,檢視
2026-09-03-ntpc-full-v1,109,1,eff30d3b0943206ce808d670fe70942b5e95e94507c5405f9e9f202afc79195f,新北市私立樂樂童年幼兒園,新北市,淡水區,私立,[251]新市一路3段101巷1號1、2、3樓,(02)26262958,,241,無,113,2024/10/30,基礎評鑑－全數指標通過,檢視
2026-09-03-ntpc-full-v1,109,1,eff30d3b0943206ce808d670fe70942b5e95e94507c5405f9e9f202afc79195f,新北市私立吾米幼兒園,新北市,淡水區,私立,[251]後洲路一段111號,(02)28057988,https://www.warm-me.com.tw/,320,無,113,2024/11/04,基礎評鑑－部分指標通過,檢視
2026-09-03-ntpc-full-v1,109,2,eff30d3b0943206ce808d670fe70942b5e95e94507c5405f9e9f202afc79195f,新北市私立吾米幼兒園,新北市,淡水區,私立,[251]後洲路一段111號,(02)28057988,https://www.warm-me.com.tw/,320,無,113,2025/11/26,追蹤評鑑－全數指標通過,檢視
2026-09-03-ntpc-full-v1,109,1,eff30d3b0943206ce808d670fe70942b5e95e94507c5405f9e9f202afc79195f,新北市私立愛丁堡探索幼兒園,新北市,淡水區,私立,[251]崁頂15-11號,(02)26291122,,166,無,114,2025/10/13,基礎評鑑－全數指標通過,檢視
2026-09-03-ntpc-full-v1,109,1,eff30d3b0943206ce808d670fe70942b5e95e94507c5405f9e9f202afc79195f,新北市淡海非營利幼兒園(委託財團法人三之三生命教育基金會辦理),新北市,淡水區,非營利,[251]崁頂三路1號,(02)28053855,http://www.3-3life.org.tw/index.php?m=Yzy&a=yList&eId=85,182,無,113,2024/11/04,基礎評鑑－全數指標通過,檢視
2026-09-03-ntpc-full-v1,109,1,eff30d3b0943206ce808d670fe70942b5e95e94507c5405f9e9f202afc79195f,新北市崁頂非營利幼兒園(委託財團法人三之三生命教育基金會辦理),新北市,淡水區,非營利,[251]新市三路一段231號,(02)28059021,,272,無,114,2025/10/13,基礎評鑑－全數指標通過,檢視
2026-09-03-ntpc-full-v1,109,1,eff30d3b0943206ce808d670fe70942b5e95e94507c5405f9e9f202afc79195f,新北市三芝區興華國民小學附設幼兒園,新北市,三芝區,公立,[252]5號,(02)26371366#207,http://www.hhes.ntpc.edu.tw,30,無,113,2024/10/01,基礎評鑑－全數指標通過,檢視
2026-09-03-ntpc-full-v1,109,1,eff30d3b0943206ce808d670fe70942b5e95e94507c5405f9e9f202afc79195f,新北市三芝區三芝國民小學附設幼兒園,新北市,三芝區,公立,[252]育英街22號,(02)26362005#160,https://sites.google.com/kidmail.ntpc.edu.tw/k100133/%E9%A6%96%E9%A0%81,106,無,113,2024/09/26,基礎評鑑－部分指標通過,檢視
2026-09-03-ntpc-full-v1,109,2,eff30d3b0943206ce808d670fe70942b5e95e94507c5405f9e9f202afc79195f,新北市三芝區三芝國民小學附設幼兒園,新北市,三芝區,公立,[252]育英街22號,(02)26362005#160,https://sites.google.com/kidmail.ntpc.edu.tw/k100133/%E9%A6%96%E9%A0%81,106,無,113,2025/11/26,追蹤評鑑－全數指標通過,檢視
2026-09-03-ntpc-full-v1,110,1,f09c79aa38965c4f81db120214e3e344e1b178c8d152f45d8de8842214679cef,新北市立三芝幼兒園,新北市,三芝區,公立,[252]民生街31號2樓,(02)26363047,http://daycare.ntpc.edu.tw/web/sanzhi/,73,無,113,2024/09/24,基礎評鑑－全數指標通過,檢視
2026-09-03-ntpc-full-v1,110,1,f09c79aa38965c4f81db120214e3e344e1b178c8d152f45d8de8842214679cef,新北市立三芝幼兒園福成分班,新北市,三芝區,公立,[252]中山路一段14號,(02)26361351,http://daycare.ntpc.edu.tw/web/sanzhi/,42,無,113,2024/09/24,基礎評鑑－全數指標通過,檢視
2026-09-03-ntpc-full-v1,110,1,f09c79aa38965c4f81db120214e3e344e1b178c8d152f45d8de8842214679cef,新北市私立敦品幼兒園,新北市,三芝區,私立,[252]中山路一段39號2樓、41號2樓,(02)86352801,,65,無,113,2024/10/01,基礎評鑑－全數指標通過,檢視
2026-09-03-ntpc-full-v1,110,1,f09c79aa38965c4f81db120214e3e344e1b178c8d152f45d8de8842214679cef,財團法人天主教會台北教區附設新北市私立三芝幼兒園,新北市,三芝區,私立,"[252]長安街59號1,2樓",(02)26364308,https://0226364308.topschool.tw/Home,180,有,113,2024/09/27,基礎評鑑－全數指標通過,檢視
2026-09-03-ntpc-full-v1,110,1,f09c79aa38965c4f81db120214e3e344e1b178c8d152f45d8de8842214679cef,新北市私立芝柏幼兒園,新北市,三芝區,私立,[252]觀海街1號1樓、2樓,(02)26361104,facebook.com/profile.php?id=100057493538036,70,無,113,2024/10/01,基礎評鑑－部分指標通過,檢視
2026-09-03-ntpc-full-v1,110,2,f09c79aa38965c4f81db120214e3e344e1b178c8d152f45d8de8842214679cef,新北市私立芝柏幼兒園,新北市,三芝區,私立,[252]觀海街1號1樓、2樓,(02)26361104,facebook.com/profile.php?id=100057493538036,70,無,113,2025/11/25,追蹤評鑑－全數指標通過,檢視
2026-09-03-ntpc-full-v1,110,1,f09c79aa38965c4f81db120214e3e344e1b178c8d152f45d8de8842214679cef,新北市私立幼親幼兒園,新北市,三芝區,私立,[252]公正街60號2樓,(02)26368323,,32,無,113,2024/09/30,基礎評鑑－全數指標通過,檢視
2026-09-03-ntpc-full-v1,110,1,f09c79aa38965c4f81db120214e3e344e1b178c8d152f45d8de8842214679cef,馬偕學校財團法人馬偕醫護管理專科學校附設新北市私立馬偕示範幼兒園,新北市,三芝區,私立,[252]中正路3段42號1樓,(02)26366799#3271,,60,無,113,2024/09/27,基礎評鑑－部分指標通過,檢視
2026-09-03-ntpc-full-v1,110,2,f09c79aa38965c4f81db120214e3e344e1b178c8d152f45d8de8842214679cef,馬偕學校財團法人馬偕醫護管理專科學校附設新北市私立馬偕示範幼兒園,新北市,三芝區,私立,[252]中正路3段42號1樓,(02)26366799#3271,,60,無,113,2025/11/25,追蹤評鑑－全數指標通過,檢視
2026-09-03-ntpc-full-v1,110,1,f09c79aa38965c4f81db120214e3e344e1b178c8d152f45d8de8842214679cef,新北市私立幼親國際幼兒園,新北市,三芝區,私立,[252]公正街30號2樓、公正街34號,(02)26368323,,58,無,113,2024/09/30,基礎評鑑－全數指標通過,檢視
2026-09-03-ntpc-full-v1,110,1,f09c79aa38965c4f81db120214e3e344e1b178c8d152f45d8de8842214679cef,新北市立老梅實驗小學附設幼兒園,新北市,石門區,公立,[253]老梅路10號,(02)26381258#28,,30,無,113,2024/09/26,基礎評鑑－全數指標通過,檢視
2026-09-03-ntpc-full-v1,110,1,f09c79aa38965c4f81db120214e3e344e1b178c8d152f45d8de8842214679cef,新北市石門區石門國民小學附設幼兒園,新北市,石門區,公立,[253]中央路9號,(02)26381263#51,http://www.smes.ntpc.edu.tw,60,無,113,2024/11/01,基礎評鑑－全數指標通過,檢視
2026-09-03-ntpc-full-v1,111,1,67b54a8f4144464b4ba1d789d1845357afcbd5793b22d9c41a19f272e8977b0b,新北市石門區乾華國民小學附設幼兒園,新北市,石門區,公立,[253]阿里荖33-1號1樓、2樓,(02)26381503,,15,無,113,2024/09/26,基礎評鑑－全數指標通過,檢視
