title,type,academic_year,slip_status,n_semesters_filed,n_age_groups,class_types,y_學費,y_雜費,y_材料費,y_活動費,y_午餐費,y_點心費,y_交通費,y_課後延托費,y_家長會費,y_全學期總收費,y_學雜費,y_餐點費,y_代收代辦,y_核心合計
國家教育研究院員工子女非營利幼兒園(委託財團法人彭婉如文教基金會辦理),非營利,109,未申報或鏡像未收錄,0,0,,,,,,,,,,,,,,,
國家教育研究院員工子女非營利幼兒園(委託財團法人彭婉如文教基金會辦理),非營利,110,未申報或鏡像未收錄,0,0,,,,,,,,,,,,,,,
國家教育研究院員工子女非營利幼兒園(委託財團法人彭婉如文教基金會辦理),非營利,111,未申報或鏡像未收錄,0,0,,,,,,,,,,,,,,,
國家教育研究院員工子女非營利幼兒園(委託財團法人彭婉如文教基金會辦理),非營利,112,未申報或鏡像未收錄,0,0,,,,,,,,,,,,,,,
國家教育研究院員工子女非營利幼兒園(委託財團法人彭婉如文教基金會辦理),非營利,113,未申報或鏡像未收錄,0,0,,,,,,,,,,,,,,,
國家教育研究院員工子女非營利幼兒園(委託財團法人彭婉如文教基金會辦理),非營利,114,未申報或鏡像未收錄,0,0,,,,,,,,,,,,,,,
國防部陸軍司令部前鋒員工子女非營利幼兒園（委託社團法人中華音樂舞蹈暨表演藝術教育協會辦理）,非營利,109,未申報或鏡像未收錄,0,0,,,,,,,,,,,,,,,
國防部陸軍司令部前鋒員工子女非營利幼兒園（委託社團法人中華音樂舞蹈暨表演藝術教育協會辦理）,非營利,110,未申報或鏡像未收錄,0,0,,,,,,,,,,,,,,,
國防部陸軍司令部前鋒員工子女非營利幼兒園（委託社團法人中華音樂舞蹈暨表演藝術教育協會辦理）,非營利,111,未申報或鏡像未收錄,0,0,,,,,,,,,,,,,,,
國防部陸軍司令部前鋒員工子女非營利幼兒園（委託社團法人中華音樂舞蹈暨表演藝術教育協會辦理）,非營利,112,未申報或鏡像未收錄,0,0,,,,,,,,,,,,,,,
國防部陸軍司令部前鋒員工子女非營利幼兒園（委託社團法人中華音樂舞蹈暨表演藝術教育協會辦理）,非營利,113,未申報或鏡像未收錄,0,0,,,,,,,,,,,,,,,
國防部陸軍司令部前鋒員工子女非營利幼兒園（委託社團法人中華音樂舞蹈暨表演藝術教育協會辦理）,非營利,114,未申報或鏡像未收錄,0,0,,,,,,,,,,,,,,,
新北市三多非營利幼兒園(委託廣亞學校財團法人設立之廣亞學校財團法人育達科技大學辦理),非營利,109,已申報,2,3,全日班,,,,,,,,,,99972.0,,,,
新北市三多非營利幼兒園(委託廣亞學校財團法人設立之廣亞學校財團法人育達科技大學辦理),非營利,110,已申報,2,3,全日班,,,,,,,,,,99972.0,,,,
新北市三多非營利幼兒園(委託廣亞學校財團法人設立之廣亞學校財團法人育達科技大學辦理),非營利,111,未申報或鏡像未收錄,0,0,,,,,,,,,,,,,,,
新北市三多非營利幼兒園(委託廣亞學校財團法人設立之廣亞學校財團法人育達科技大學辦理),非營利,112,未申報或鏡像未收錄,0,0,,,,,,,,,,,,,,,
新北市三多非營利幼兒園(委託廣亞學校財團法人設立之廣亞學校財團法人育達科技大學辦理),非營利,113,未申報或鏡像未收錄,0,0,,,,,,,,,,,,,,,
新北市三多非營利幼兒園(委託廣亞學校財團法人設立之廣亞學校財團法人育達科技大學辦理),非營利,114,未申報或鏡像未收錄,0,0,,,,,,,,,,,,,,,
新北市三多非營利幼兒園(委託社團法人中華巧耕多元教育發展協會辦理),非營利,109,未申報或鏡像未收錄,0,0,,,,,,,,,,,,,,,
新北市三多非營利幼兒園(委託社團法人中華巧耕多元教育發展協會辦理),非營利,110,未申報或鏡像未收錄,0,0,,,,,,,,,,,,,,,
新北市三多非營利幼兒園(委託社團法人中華巧耕多元教育發展協會辦理),非營利,111,未申報或鏡像未收錄,0,0,,,,,,,,,,,,,,,
新北市三多非營利幼兒園(委託社團法人中華巧耕多元教育發展協會辦理),非營利,112,未申報或鏡像未收錄,0,0,,,,,,,,,,,,,,,
新北市三多非營利幼兒園(委託社團法人中華巧耕多元教育發展協會辦理),非營利,113,未申報或鏡像未收錄,0,0,,,,,,,,,,,,,,,
新北市三多非營利幼兒園(委託社團法人中華巧耕多元教育發展協會辦理),非營利,114,未申報或鏡像未收錄,0,0,,,,,,,,,,,,,,,
新北市三峽區三峽國民小學附設幼兒園,公立,109,已申報,2,3,全日班,14000.0,1350.0,2700.0,1800.0,6300.0,7200.0,,,200.0,33350.0,15350.0,13500.0,18000.0,33350.0
新北市三峽區三峽國民小學附設幼兒園,公立,110,已申報,2,3,全日班,14000.0,1350.0,2700.0,1800.0,6300.0,7200.0,,,200.0,33350.0,15350.0,13500.0,18000.0,33350.0
新北市三峽區三峽國民小學附設幼兒園,公立,111,已申報,2,3,全日班,14000.0,1350.0,2700.0,1800.0,6300.0,7200.0,,,200.0,33350.0,15350.0,13500.0,18000.0,33350.0
新北市三峽區三峽國民小學附設幼兒園,公立,112,已申報,2,3,全日班,14000.0,1350.0,2700.0,1800.0,6300.0,7200.0,,,200.0,33350.0,15350.0,13500.0,18000.0,33350.0
新北市三峽區三峽國民小學附設幼兒園,公立,113,已申報,2,3,全日班,14000.0,1350.0,2700.0,1800.0,6300.0,7200.0,,,200.0,33350.0,15350.0,13500.0,18000.0,33350.0
新北市三峽區三峽國民小學附設幼兒園,公立,114,已申報,2,3,全日班,14000.0,1350.0,2700.0,1800.0,6300.0,7200.0,,,200.0,33350.0,15350.0,13500.0,18000.0,33350.0
新北市三峽區五寮國民小學附設幼兒園,公立,109,已申報,2,3,全日班,14000.0,1350.0,2700.0,1800.0,6300.0,7200.0,,,200.0,33350.0,15350.0,13500.0,18000.0,33350.0
新北市三峽區五寮國民小學附設幼兒園,公立,110,已申報,2,3,全日班,14000.0,1350.0,2700.0,1800.0,6300.0,7200.0,,,200.0,33350.0,15350.0,13500.0,18000.0,33350.0
新北市三峽區五寮國民小學附設幼兒園,公立,111,已申報,2,3,全日班,14000.0,1350.0,2700.0,1800.0,6300.0,7200.0,,,200.0,33350.0,15350.0,13500.0,18000.0,33350.0
新北市三峽區五寮國民小學附設幼兒園,公立,112,已申報,2,3,全日班,14000.0,1350.0,2700.0,1800.0,6300.0,7200.0,,,200.0,33350.0,15350.0,13500.0,18000.0,33350.0
新北市三峽區五寮國民小學附設幼兒園,公立,113,已申報,2,3,全日班,14000.0,1350.0,2700.0,1800.0,6300.0,7200.0,,,200.0,33350.0,15350.0,13500.0,18000.0,33350.0
新北市三峽區五寮國民小學附設幼兒園,公立,114,已申報,2,3,全日班,14000.0,1350.0,2700.0,1800.0,6300.0,7200.0,,,200.0,33350.0,15350.0,13500.0,18000.0,33350.0
新北市三峽區介壽國民小學附設幼兒園,公立,109,已申報,2,3,全日班,14000.0,1350.0,2700.0,1800.0,6300.0,7200.0,0.0,0.0,200.0,33350.0,15350.0,13500.0,18000.0,33350.0
新北市三峽區介壽國民小學附設幼兒園,公立,110,已申報,2,3,全日班,14000.0,1350.0,2700.0,1800.0,6300.0,7200.0,0.0,0.0,200.0,33350.0,15350.0,13500.0,18000.0,33350.0
新北市三峽區介壽國民小學附設幼兒園,公立,111,已申報,2,3,全日班,14000.0,1350.0,2700.0,1800.0,6300.0,7200.0,0.0,0.0,200.0,33350.0,15350.0,13500.0,18000.0,33350.0
新北市三峽區介壽國民小學附設幼兒園,公立,112,已申報,2,4,全日班,14000.0,1350.0,2700.0,1800.0,6300.0,7200.0,0.0,0.0,200.0,33350.0,15350.0,13500.0,18000.0,33350.0
新北市三峽區介壽國民小學附設幼兒園,公立,113,已申報,2,4,全日班,14000.0,1350.0,2700.0,1800.0,6300.0,7200.0,0.0,0.0,200.0,33350.0,15350.0,13500.0,18000.0,33350.0
新北市三峽區介壽國民小學附設幼兒園,公立,114,已申報,2,4,全日班,14000.0,1350.0,2700.0,1800.0,6300.0,7200.0,0.0,0.0,200.0,33350.0,15350.0,13500.0,18000.0,33350.0
新北市三峽區大埔國民小學附設幼兒園,公立,109,已申報,2,3,全日班,14000.0,1350.0,2700.0,1800.0,6300.0,7200.0,,,200.0,33350.0,15350.0,13500.0,18000.0,33350.0
新北市三峽區大埔國民小學附設幼兒園,公立,110,已申報,2,3,全日班,14000.0,1350.0,2700.0,1800.0,6300.0,7200.0,,,200.0,33350.0,15350.0,13500.0,18000.0,33350.0
新北市三峽區大埔國民小學附設幼兒園,公立,111,已申報,2,3,全日班,14000.0,1350.0,2700.0,1800.0,6300.0,7200.0,,,200.0,33350.0,15350.0,13500.0,18000.0,33350.0
新北市三峽區大埔國民小學附設幼兒園,公立,112,已申報,2,3,全日班,14000.0,1350.0,2700.0,1800.0,6300.0,7200.0,,,200.0,33350.0,15350.0,13500.0,18000.0,33350.0
新北市三峽區大埔國民小學附設幼兒園,公立,113,已申報,2,3,全日班,14000.0,1350.0,2700.0,1800.0,6300.0,7200.0,,,200.0,33350.0,15350.0,13500.0,18000.0,33350.0
新北市三峽區大埔國民小學附設幼兒園,公立,114,已申報,2,3,全日班,14000.0,1350.0,2700.0,1800.0,6300.0,7200.0,,,200.0,33350.0,15350.0,13500.0,18000.0,33350.0
新北市三峽區建安國民小學附設幼兒園,公立,109,已申報,2,3,全日班,14000.0,1350.0,2700.0,1800.0,6300.0,7200.0,,,200.0,33350.0,15350.0,13500.0,18000.0,33350.0
新北市三峽區建安國民小學附設幼兒園,公立,110,已申報,2,3,全日班,14000.0,1350.0,2700.0,1800.0,6300.0,7200.0,,,200.0,33350.0,15350.0,13500.0,18000.0,33350.0
新北市三峽區建安國民小學附設幼兒園,公立,111,已申報,2,3,全日班,14000.0,1350.0,2700.0,1800.0,6300.0,7200.0,,,200.0,33350.0,15350.0,13500.0,18000.0,33350.0
新北市三峽區建安國民小學附設幼兒園,公立,112,已申報,2,3,全日班,14000.0,1350.0,2700.0,1800.0,6300.0,7200.0,,,200.0,33350.0,15350.0,13500.0,18000.0,33350.0
新北市三峽區建安國民小學附設幼兒園,公立,113,已申報,2,3,全日班,14000.0,1350.0,2700.0,1800.0,6300.0,7200.0,,,200.0,33350.0,15350.0,13500.0,18000.0,33350.0
新北市三峽區建安國民小學附設幼兒園,公立,114,已申報,2,3,全日班,14000.0,1350.0,2700.0,1800.0,6300.0,7200.0,,,200.0,33350.0,15350.0,13500.0,18000.0,33350.0
新北市三峽區插角國民小學附設幼兒園,公立,109,已申報,2,3,全日班,14000.0,1350.0,2700.0,1800.0,7200.0,7200.0,,,200.0,34250.0,15350.0,14400.0,18900.0,34250.0
新北市三峽區插角國民小學附設幼兒園,公立,110,已申報,2,3,全日班,14000.0,1350.0,2700.0,1800.0,7200.0,7200.0,,,200.0,34250.0,15350.0,14400.0,18900.0,34250.0
新北市三峽區插角國民小學附設幼兒園,公立,111,已申報,2,3,全日班,14000.0,1350.0,2700.0,1800.0,7200.0,7200.0,,,200.0,34250.0,15350.0,14400.0,18900.0,34250.0
新北市三峽區插角國民小學附設幼兒園,公立,112,已申報,2,3,全日班,14000.0,1350.0,2700.0,1800.0,7200.0,7200.0,,,200.0,34250.0,15350.0,14400.0,18900.0,34250.0
新北市三峽區插角國民小學附設幼兒園,公立,113,已申報,2,3,全日班,14000.0,1350.0,2700.0,1800.0,7200.0,7200.0,,,200.0,34250.0,15350.0,14400.0,18900.0,34250.0
新北市三峽區插角國民小學附設幼兒園,公立,114,未申報或鏡像未收錄,0,0,,,,,,,,,,,,,,,
新北市三峽區民義國民小學附設幼兒園,公立,109,已申報,2,3,全日班,14000.0,1350.0,2700.0,1800.0,6300.0,7200.0,0.0,0.0,200.0,33350.0,15350.0,13500.0,18000.0,33350.0
新北市三峽區民義國民小學附設幼兒園,公立,110,已申報,2,3,全日班,14000.0,1350.0,2700.0,1800.0,6300.0,7200.0,0.0,0.0,200.0,33350.0,15350.0,13500.0,18000.0,33350.0
新北市三峽區民義國民小學附設幼兒園,公立,111,已申報,2,3,全日班,14000.0,1350.0,2700.0,1800.0,6300.0,7200.0,0.0,0.0,200.0,33350.0,15350.0,13500.0,18000.0,33350.0
新北市三峽區民義國民小學附設幼兒園,公立,112,已申報,2,3,全日班,14000.0,1350.0,2700.0,1800.0,6300.0,7200.0,0.0,0.0,200.0,33350.0,15350.0,13500.0,18000.0,33350.0
新北市三峽區民義國民小學附設幼兒園,公立,113,已申報,2,3,全日班,14000.0,1350.0,2700.0,1800.0,6300.0,7200.0,0.0,0.0,200.0,33350.0,15350.0,13500.0,18000.0,33350.0
新北市三峽區民義國民小學附設幼兒園,公立,114,已申報,2,3,全日班,14000.0,1350.0,2700.0,1800.0,6300.0,7200.0,0.0,0.0,200.0,33350.0,15350.0,13500.0,18000.0,33350.0
新北市三芝區三芝國民小學附設幼兒園,公立,109,已申報,2,4,全日班|半日班,14000.0,1350.0,2700.0,1800.0,6300.0,7200.0,0.0,0.0,200.0,33350.0,15350.0,13500.0,18000.0,33350.0
新北市三芝區三芝國民小學附設幼兒園,公立,110,已申報,2,4,全日班|半日班,14000.0,1350.0,2700.0,1800.0,6300.0,7200.0,0.0,0.0,200.0,33350.0,15350.0,13500.0,18000.0,33350.0
新北市三芝區三芝國民小學附設幼兒園,公立,111,已申報,2,4,全日班|半日班,14000.0,1350.0,2700.0,1800.0,6300.0,7200.0,0.0,0.0,200.0,33350.0,15350.0,13500.0,18000.0,33350.0
新北市三芝區三芝國民小學附設幼兒園,公立,112,已申報,2,4,全日班|半日班,14000.0,1350.0,2700.0,1800.0,6300.0,7200.0,0.0,0.0,200.0,33350.0,15350.0,13500.0,18000.0,33350.0
新北市三芝區三芝國民小學附設幼兒園,公立,113,已申報,2,4,全日班|半日班,14000.0,1350.0,2700.0,1800.0,6300.0,7200.0,0.0,0.0,200.0,33350.0,15350.0,13500.0,18000.0,33350.0
新北市三芝區三芝國民小學附設幼兒園,公立,114,已申報,2,4,全日班|半日班,14000.0,1350.0,2700.0,1800.0,6300.0,7200.0,0.0,0.0,200.0,33350.0,15350.0,13500.0,18000.0,33350.0
新北市三芝區興華國民小學附設幼兒園,公立,109,已申報,2,3,全日班,14000.0,1350.0,2700.0,1800.0,6300.0,7200.0,0.0,0.0,200.0,33350.0,15350.0,13500.0,18000.0,33350.0
新北市三芝區興華國民小學附設幼兒園,公立,110,已申報,2,3,全日班,14000.0,1350.0,2700.0,1800.0,6300.0,7200.0,0.0,0.0,200.0,33350.0,15350.0,13500.0,18000.0,33350.0
新北市三芝區興華國民小學附設幼兒園,公立,111,已申報,2,3,全日班,14000.0,1350.0,2700.0,1800.0,6300.0,7200.0,0.0,0.0,200.0,33350.0,15350.0,13500.0,18000.0,33350.0
新北市三芝區興華國民小學附設幼兒園,公立,112,已申報,2,3,全日班,14000.0,1350.0,2700.0,1800.0,6300.0,7200.0,0.0,0.0,200.0,33350.0,15350.0,13500.0,18000.0,33350.0
新北市三芝區興華國民小學附設幼兒園,公立,113,已申報,2,3,全日班,14000.0,1350.0,2700.0,1800.0,6300.0,7200.0,0.0,0.0,200.0,33350.0,15350.0,13500.0,18000.0,33350.0
新北市三芝區興華國民小學附設幼兒園,公立,114,已申報,2,3,全日班,14000.0,1350.0,2700.0,1800.0,6300.0,7200.0,0.0,0.0,200.0,33350.0,15350.0,13500.0,18000.0,33350.0
新北市三重區三光國民小學附設幼兒園,公立,109,已申報,2,4,全日班,14000.0,1350.0,2700.0,1800.0,6300.0,7200.0,,,200.0,33350.0,15350.0,13500.0,18000.0,33350.0
新北市三重區三光國民小學附設幼兒園,公立,110,已申報,2,4,全日班,14000.0,1350.0,2700.0,1800.0,6300.0,7200.0,,,200.0,33350.0,15350.0,13500.0,18000.0,33350.0
新北市三重區三光國民小學附設幼兒園,公立,111,已申報,2,4,全日班,14000.0,1350.0,2700.0,1800.0,6300.0,7200.0,,,200.0,33350.0,15350.0,13500.0,18000.0,33350.0
新北市三重區三光國民小學附設幼兒園,公立,112,已申報,2,4,全日班,14000.0,1350.0,2700.0,1800.0,6300.0,7200.0,,,200.0,33350.0,15350.0,13500.0,18000.0,33350.0
新北市三重區三光國民小學附設幼兒園,公立,113,已申報,2,4,全日班,14000.0,1350.0,2700.0,1800.0,6300.0,7200.0,,,200.0,33350.0,15350.0,13500.0,18000.0,33350.0
新北市三重區三光國民小學附設幼兒園,公立,114,已申報,2,4,全日班,14000.0,1350.0,2700.0,1800.0,6300.0,7200.0,,,200.0,33350.0,15350.0,13500.0,18000.0,33350.0
新北市三重區三重國民小學附設幼兒園,公立,109,已申報,2,3,全日班,14000.0,1350.0,2700.0,1800.0,6300.0,7200.0,0.0,,133.33,33350.0,15350.0,13500.0,18000.0,33350.0
新北市三重區三重國民小學附設幼兒園,公立,110,已申報,2,3,全日班,14000.0,1350.0,2700.0,1800.0,6300.0,7200.0,0.0,,200.0,33350.0,15350.0,13500.0,18000.0,33350.0
新北市三重區三重國民小學附設幼兒園,公立,111,已申報,2,3,全日班,14000.0,1350.0,2700.0,1800.0,6300.0,7200.0,0.0,,200.0,33350.0,15350.0,13500.0,18000.0,33350.0
新北市三重區三重國民小學附設幼兒園,公立,112,已申報,2,3,全日班,14000.0,1350.0,2700.0,1800.0,6300.0,7200.0,0.0,,200.0,33350.0,15350.0,13500.0,18000.0,33350.0
新北市三重區三重國民小學附設幼兒園,公立,113,已申報,2,3,全日班,14000.0,1350.0,2700.0,1800.0,6300.0,7200.0,0.0,,200.0,33350.0,15350.0,13500.0,18000.0,33350.0
新北市三重區三重國民小學附設幼兒園,公立,114,已申報,2,3,全日班,14000.0,1350.0,2700.0,1800.0,6300.0,7200.0,0.0,,200.0,33350.0,15350.0,13500.0,18000.0,33350.0
新北市三重區二重國民小學附設幼兒園,公立,109,已申報,2,3,全日班,14000.0,1350.0,2700.0,1800.0,6300.0,7200.0,,,200.0,33350.0,15350.0,13500.0,18000.0,33350.0
新北市三重區二重國民小學附設幼兒園,公立,110,已申報,2,3,全日班,14000.0,1350.0,2700.0,1800.0,6300.0,7200.0,,,200.0,33350.0,15350.0,13500.0,18000.0,33350.0
新北市三重區二重國民小學附設幼兒園,公立,111,已申報,2,3,全日班,14000.0,1350.0,2700.0,1800.0,6300.0,7200.0,,,200.0,33350.0,15350.0,13500.0,18000.0,33350.0
新北市三重區二重國民小學附設幼兒園,公立,112,已申報,2,3,全日班,14000.0,1350.0,2700.0,1800.0,6300.0,7200.0,,,200.0,33350.0,15350.0,13500.0,18000.0,33350.0
新北市三重區二重國民小學附設幼兒園,公立,113,已申報,2,3,全日班,14000.0,1350.0,2700.0,1800.0,6300.0,7200.0,,,200.0,33350.0,15350.0,13500.0,18000.0,33350.0
新北市三重區二重國民小學附設幼兒園,公立,114,已申報,2,3,全日班,14000.0,1350.0,2700.0,1800.0,6300.0,7200.0,,,200.0,33350.0,15350.0,13500.0,18000.0,33350.0
新北市三重區五華國民小學附設幼兒園,公立,109,已申報,2,3,全日班,14000.0,1350.0,2700.0,1800.0,6300.0,7200.0,,,200.0,33350.0,15350.0,13500.0,18000.0,33350.0
新北市三重區五華國民小學附設幼兒園,公立,110,已申報,2,3,全日班,14000.0,1350.0,2700.0,1800.0,6300.0,7200.0,,,200.0,33350.0,15350.0,13500.0,18000.0,33350.0
新北市三重區五華國民小學附設幼兒園,公立,111,已申報,2,3,全日班,14000.0,1350.0,2700.0,1800.0,6300.0,7200.0,,,200.0,33350.0,15350.0,13500.0,18000.0,33350.0
新北市三重區五華國民小學附設幼兒園,公立,112,已申報,2,3,全日班,14000.0,1350.0,2700.0,1800.0,6300.0,7200.0,,,200.0,33350.0,15350.0,13500.0,18000.0,33350.0
新北市三重區五華國民小學附設幼兒園,公立,113,已申報,2,3,全日班,14000.0,1350.0,2700.0,1800.0,6300.0,7200.0,,,200.0,33350.0,15350.0,13500.0,18000.0,33350.0
新北市三重區五華國民小學附設幼兒園,公立,114,已申報,2,3,全日班,14000.0,1350.0,2700.0,1800.0,6300.0,7200.0,,,200.0,33350.0,15350.0,13500.0,18000.0,33350.0
新北市三重區修德國民小學附設幼兒園,公立,109,已申報,2,3,全日班,14000.0,1350.0,2700.0,1800.0,6300.0,7200.0,,,200.0,33350.0,15350.0,13500.0,18000.0,33350.0
新北市三重區修德國民小學附設幼兒園,公立,110,已申報,2,3,全日班,14000.0,1350.0,2700.0,1800.0,6300.0,7200.0,,,200.0,33350.0,15350.0,13500.0,18000.0,33350.0
新北市三重區修德國民小學附設幼兒園,公立,111,已申報,2,3,全日班,14000.0,1350.0,2700.0,1800.0,6300.0,7200.0,,,200.0,33350.0,15350.0,13500.0,18000.0,33350.0
新北市三重區修德國民小學附設幼兒園,公立,112,已申報,2,3,全日班,14000.0,1350.0,2700.0,1800.0,6300.0,7200.0,,,200.0,33350.0,15350.0,13500.0,18000.0,33350.0
新北市三重區修德國民小學附設幼兒園,公立,113,已申報,2,3,全日班,14000.0,1350.0,2700.0,1800.0,6300.0,7200.0,,,200.0,33350.0,15350.0,13500.0,18000.0,33350.0
新北市三重區修德國民小學附設幼兒園,公立,114,已申報,2,3,全日班,14000.0,1350.0,2700.0,1800.0,6300.0,7200.0,,,200.0,33350.0,15350.0,13500.0,18000.0,33350.0
新北市三重區光榮國民小學附設幼兒園,公立,109,已申報,2,4,全日班,14000.0,1350.0,2700.0,1800.0,6300.0,7200.0,0.0,,,33350.0,15350.0,13500.0,18000.0,33350.0
新北市三重區光榮國民小學附設幼兒園,公立,110,已申報,2,4,全日班,14000.0,1350.0,2700.0,1800.0,6300.0,7200.0,0.0,,,33350.0,15350.0,13500.0,18000.0,33350.0
新北市三重區光榮國民小學附設幼兒園,公立,111,已申報,2,4,全日班,14000.0,1350.0,2700.0,1800.0,6300.0,7200.0,0.0,,,33350.0,15350.0,13500.0,18000.0,33350.0
新北市三重區光榮國民小學附設幼兒園,公立,112,已申報,2,4,全日班,14000.0,1350.0,2700.0,1800.0,6300.0,7200.0,0.0,,,33350.0,15350.0,13500.0,18000.0,33350.0
新北市三重區光榮國民小學附設幼兒園,公立,113,已申報,2,4,全日班,14000.0,1350.0,2700.0,1800.0,6300.0,7200.0,0.0,,,33350.0,15350.0,13500.0,18000.0,33350.0
新北市三重區光榮國民小學附設幼兒園,公立,114,已申報,2,4,全日班,14000.0,1350.0,2700.0,1800.0,6300.0,7200.0,0.0,,,33350.0,15350.0,13500.0,18000.0,33350.0
新北市三重區光興國民小學附設幼兒園,公立,109,已申報,2,4,全日班,14000.0,1350.0,2700.0,1800.0,6300.0,7200.0,,,200.0,33350.0,15350.0,13500.0,18000.0,33350.0
新北市三重區光興國民小學附設幼兒園,公立,110,已申報,2,4,全日班,14000.0,1350.0,2700.0,1800.0,6300.0,7200.0,,,200.0,33350.0,15350.0,13500.0,18000.0,33350.0
新北市三重區光興國民小學附設幼兒園,公立,111,已申報,2,4,全日班,14000.0,1350.0,2700.0,1800.0,6300.0,7200.0,,,200.0,33350.0,15350.0,13500.0,18000.0,33350.0
新北市三重區光興國民小學附設幼兒園,公立,112,已申報,2,4,全日班,14000.0,1350.0,2700.0,1800.0,6300.0,7200.0,,,200.0,33350.0,15350.0,13500.0,18000.0,33350.0
新北市三重區光興國民小學附設幼兒園,公立,113,已申報,2,4,全日班,14000.0,1350.0,2700.0,1800.0,6300.0,7200.0,,,200.0,33350.0,15350.0,13500.0,18000.0,33350.0
新北市三重區光興國民小學附設幼兒園,公立,114,已申報,2,4,全日班,14000.0,1350.0,2700.0,1800.0,6300.0,7200.0,,,200.0,33350.0,15350.0,13500.0,18000.0,33350.0
新北市三重區厚德國民小學附設幼兒園,公立,109,已申報,2,3,全日班,14000.0,1350.0,2700.0,1800.0,6300.0,7200.0,,,200.0,33350.0,15350.0,13500.0,18000.0,33350.0
新北市三重區厚德國民小學附設幼兒園,公立,110,已申報,2,3,全日班,14000.0,1350.0,2700.0,1800.0,6300.0,7200.0,,,200.0,33350.0,15350.0,13500.0,18000.0,33350.0
新北市三重區厚德國民小學附設幼兒園,公立,111,已申報,2,3,全日班,14000.0,1350.0,2700.0,1800.0,6300.0,7200.0,,,200.0,33350.0,15350.0,13500.0,18000.0,33350.0
新北市三重區厚德國民小學附設幼兒園,公立,112,已申報,2,3,全日班,14000.0,1350.0,2700.0,1800.0,6300.0,7200.0,,,200.0,33350.0,15350.0,13500.0,18000.0,33350.0
新北市三重區厚德國民小學附設幼兒園,公立,113,已申報,2,3,全日班,14000.0,1350.0,2700.0,1800.0,6300.0,7200.0,,,200.0,33350.0,15350.0,13500.0,18000.0,33350.0
新北市三重區厚德國民小學附設幼兒園,公立,114,已申報,2,3,全日班,14000.0,1350.0,2700.0,1800.0,6300.0,7200.0,,,200.0,33350.0,15350.0,13500.0,18000.0,33350.0
新北市三重區正義國民小學附設幼兒園,公立,109,已申報,2,3,全日班,14000.0,1350.0,2700.0,1800.0,6300.0,7200.0,,,200.0,33350.0,15350.0,13500.0,18000.0,33350.0
新北市三重區正義國民小學附設幼兒園,公立,110,已申報,2,3,全日班,14000.0,1350.0,2700.0,1800.0,6300.0,7200.0,,,200.0,33350.0,15350.0,13500.0,18000.0,33350.0
新北市三重區正義國民小學附設幼兒園,公立,111,已申報,2,3,全日班,14000.0,1350.0,2700.0,1800.0,6300.0,7200.0,,,200.0,33350.0,15350.0,13500.0,18000.0,33350.0
新北市三重區正義國民小學附設幼兒園,公立,112,已申報,2,3,全日班,14000.0,1350.0,2700.0,1800.0,6300.0,7200.0,,,200.0,33350.0,15350.0,13500.0,18000.0,33350.0
新北市三重區正義國民小學附設幼兒園,公立,113,已申報,2,3,全日班,14000.0,1350.0,2700.0,1800.0,6300.0,7200.0,,,200.0,33350.0,15350.0,13500.0,18000.0,33350.0
新北市三重區正義國民小學附設幼兒園,公立,114,已申報,2,3,全日班,14000.0,1350.0,2700.0,1800.0,6300.0,7200.0,,,200.0,33350.0,15350.0,13500.0,18000.0,33350.0
新北市三重區永福國民小學附設幼兒園,公立,109,已申報,2,3,全日班,14000.0,1350.0,2700.0,1800.0,6300.0,7200.0,,,200.0,33350.0,15350.0,13500.0,18000.0,33350.0
新北市三重區永福國民小學附設幼兒園,公立,110,已申報,2,3,全日班,14000.0,1350.0,2700.0,1800.0,6300.0,7200.0,,,200.0,33350.0,15350.0,13500.0,18000.0,33350.0
新北市三重區永福國民小學附設幼兒園,公立,111,已申報,2,3,全日班,14000.0,1350.0,2700.0,1800.0,6300.0,7200.0,,,200.0,33350.0,15350.0,13500.0,18000.0,33350.0
新北市三重區永福國民小學附設幼兒園,公立,112,已申報,2,3,全日班,14000.0,1350.0,2700.0,1800.0,6300.0,7200.0,,,200.0,33350.0,15350.0,13500.0,18000.0,33350.0
新北市三重區永福國民小學附設幼兒園,公立,113,已申報,2,3,全日班,14000.0,1350.0,2700.0,1800.0,6300.0,7200.0,,,200.0,33350.0,15350.0,13500.0,18000.0,33350.0
新北市三重區永福國民小學附設幼兒園,公立,114,已申報,2,3,全日班,14000.0,1350.0,2700.0,1800.0,6300.0,7200.0,,,200.0,33350.0,15350.0,13500.0,18000.0,33350.0
新北市三重區碧華國民小學附設幼兒園,公立,109,已申報,2,3,全日班,14000.0,1350.0,2700.0,1800.0,6300.0,7200.0,,,200.0,33350.0,15350.0,13500.0,18000.0,33350.0
新北市三重區碧華國民小學附設幼兒園,公立,110,已申報,2,3,全日班,14000.0,1350.0,2700.0,1800.0,6300.0,7200.0,,,200.0,33350.0,15350.0,13500.0,18000.0,33350.0
新北市三重區碧華國民小學附設幼兒園,公立,111,已申報,2,3,全日班,14000.0,1350.0,2700.0,1800.0,6300.0,7200.0,,,200.0,33350.0,15350.0,13500.0,18000.0,33350.0
新北市三重區碧華國民小學附設幼兒園,公立,112,已申報,2,3,全日班,14000.0,1350.0,2700.0,1800.0,6300.0,7200.0,,,200.0,33350.0,15350.0,13500.0,18000.0,33350.0
新北市三重區碧華國民小學附設幼兒園,公立,113,已申報,2,3,全日班,14000.0,1350.0,2700.0,1800.0,6300.0,7200.0,,,200.0,33350.0,15350.0,13500.0,18000.0,33350.0
新北市三重區碧華國民小學附設幼兒園,公立,114,已申報,2,3,全日班,14000.0,1350.0,2700.0,1800.0,6300.0,7200.0,,,200.0,33350.0,15350.0,13500.0,18000.0,33350.0
新北市三重區興穀國民小學附設幼兒園,公立,109,已申報,2,3,全日班,14000.0,1350.0,2700.0,1800.0,6300.0,7200.0,0.0,0.0,200.0,33350.0,15350.0,13500.0,18000.0,33350.0
新北市三重區興穀國民小學附設幼兒園,公立,110,已申報,2,3,全日班,14000.0,1350.0,2700.0,1800.0,6300.0,7200.0,0.0,0.0,200.0,33350.0,15350.0,13500.0,18000.0,33350.0
新北市三重區興穀國民小學附設幼兒園,公立,111,已申報,2,4,全日班,14000.0,1350.0,2700.0,1800.0,6300.0,7200.0,0.0,0.0,200.0,33350.0,15350.0,13500.0,18000.0,33350.0
新北市三重區興穀國民小學附設幼兒園,公立,112,已申報,2,4,全日班,14000.0,1350.0,2700.0,1800.0,6300.0,7200.0,0.0,0.0,200.0,33350.0,15350.0,13500.0,18000.0,33350.0
新北市三重區興穀國民小學附設幼兒園,公立,113,已申報,2,4,全日班,14000.0,1350.0,2700.0,1800.0,6300.0,7200.0,0.0,0.0,200.0,33350.0,15350.0,13500.0,18000.0,33350.0
新北市三重區興穀國民小學附設幼兒園,公立,114,已申報,2,4,全日班,14000.0,1350.0,2700.0,1800.0,6300.0,7200.0,0.0,0.0,200.0,33350.0,15350.0,13500.0,18000.0,33350.0
新北市三重區重陽國民小學附設幼兒園,公立,109,已申報,2,3,全日班,14000.0,1350.0,2700.0,1800.0,6300.0,7200.0,,,200.0,33350.0,15350.0,13500.0,18000.0,33350.0
新北市三重區重陽國民小學附設幼兒園,公立,110,已申報,2,3,全日班,14000.0,1350.0,2700.0,1800.0,6300.0,7200.0,,,200.0,33350.0,15350.0,13500.0,18000.0,33350.0
新北市三重區重陽國民小學附設幼兒園,公立,111,已申報,2,3,全日班,14000.0,1350.0,2700.0,1800.0,6300.0,7200.0,,,200.0,33350.0,15350.0,13500.0,18000.0,33350.0
新北市三重區重陽國民小學附設幼兒園,公立,112,已申報,2,3,全日班,14000.0,1350.0,2700.0,1800.0,6300.0,7200.0,,,200.0,33350.0,15350.0,13500.0,18000.0,33350.0
新北市三重區重陽國民小學附設幼兒園,公立,113,已申報,2,3,全日班,14000.0,1350.0,2700.0,1800.0,6300.0,7200.0,,,200.0,33350.0,15350.0,13500.0,18000.0,33350.0
新北市三重區重陽國民小學附設幼兒園,公立,114,已申報,2,3,全日班,14000.0,1350.0,2700.0,1800.0,6300.0,7200.0,,,200.0,33350.0,15350.0,13500.0,18000.0,33350.0
新北市三重區集美國民小學附設幼兒園,公立,109,已申報,2,3,全日班,14000.0,1350.0,2700.0,1800.0,6300.0,7200.0,,,200.0,33350.0,15350.0,13500.0,18000.0,33350.0
新北市三重區集美國民小學附設幼兒園,公立,110,已申報,2,3,全日班,14000.0,1350.0,2700.0,1800.0,6300.0,7200.0,,,200.0,33350.0,15350.0,13500.0,18000.0,33350.0
新北市三重區集美國民小學附設幼兒園,公立,111,已申報,2,3,全日班,14000.0,1350.0,2700.0,1800.0,6300.0,7200.0,,,200.0,33350.0,15350.0,13500.0,18000.0,33350.0
新北市三重區集美國民小學附設幼兒園,公立,112,已申報,2,3,全日班,14000.0,1350.0,2700.0,1800.0,6300.0,7200.0,,,200.0,33350.0,15350.0,13500.0,18000.0,33350.0
新北市三重區集美國民小學附設幼兒園,公立,113,已申報,2,3,全日班,14000.0,1350.0,2700.0,1800.0,6300.0,7200.0,,,200.0,33350.0,15350.0,13500.0,18000.0,33350.0
新北市三重區集美國民小學附設幼兒園,公立,114,已申報,2,3,全日班,14000.0,1350.0,2700.0,1800.0,6300.0,7200.0,,,200.0,33350.0,15350.0,13500.0,18000.0,33350.0
新北市中和區中和國民小學附設幼兒園,公立,109,已申報,2,4,全日班,14000.0,1350.0,2700.0,1800.0,6300.0,7200.0,,,200.0,33350.0,15350.0,13500.0,18000.0,33350.0
新北市中和區中和國民小學附設幼兒園,公立,110,已申報,2,4,全日班,14000.0,1350.0,2700.0,1800.0,6300.0,7200.0,,,200.0,33350.0,15350.0,13500.0,18000.0,33350.0
新北市中和區中和國民小學附設幼兒園,公立,111,已申報,2,4,全日班,14000.0,1350.0,2700.0,1800.0,6300.0,7200.0,,,200.0,33350.0,15350.0,13500.0,18000.0,33350.0
新北市中和區中和國民小學附設幼兒園,公立,112,已申報,2,4,全日班,14000.0,1350.0,2700.0,1800.0,6300.0,7200.0,,,200.0,33350.0,15350.0,13500.0,18000.0,33350.0
新北市中和區中和國民小學附設幼兒園,公立,113,已申報,2,4,全日班,14000.0,1350.0,2700.0,1800.0,6300.0,7200.0,,,200.0,33350.0,15350.0,13500.0,18000.0,33350.0
新北市中和區中和國民小學附設幼兒園,公立,114,已申報,2,4,全日班,14000.0,1350.0,2700.0,1800.0,6300.0,7200.0,,,200.0,33350.0,15350.0,13500.0,18000.0,33350.0
新北市中和區光復國民小學附設幼兒園,公立,109,已申報,2,4,全日班,14000.0,1350.0,2700.0,1800.0,6300.0,7200.0,,,200.0,33350.0,15350.0,13500.0,18000.0,33350.0
新北市中和區光復國民小學附設幼兒園,公立,110,已申報,2,4,全日班,14000.0,1350.0,2700.0,1800.0,6300.0,7200.0,,,200.0,33350.0,15350.0,13500.0,18000.0,33350.0
新北市中和區光復國民小學附設幼兒園,公立,111,已申報,2,4,全日班,14000.0,1350.0,2700.0,1800.0,6300.0,7200.0,,,200.0,33350.0,15350.0,13500.0,18000.0,33350.0
新北市中和區光復國民小學附設幼兒園,公立,112,已申報,2,4,全日班,14000.0,1350.0,2700.0,1800.0,6300.0,7200.0,,,200.0,33350.0,15350.0,13500.0,18000.0,33350.0
新北市中和區光復國民小學附設幼兒園,公立,113,已申報,2,4,全日班,14000.0,1350.0,2700.0,1800.0,6300.0,7200.0,,,200.0,33350.0,15350.0,13500.0,18000.0,33350.0
新北市中和區光復國民小學附設幼兒園,公立,114,已申報,2,4,全日班,14000.0,1350.0,2700.0,1800.0,6300.0,7200.0,,,200.0,33350.0,15350.0,13500.0,18000.0,33350.0
新北市中和區復興國民小學附設幼兒園,公立,109,已申報,2,3,全日班,14000.0,1350.0,2700.0,1800.0,6300.0,7200.0,,,200.0,33350.0,15350.0,13500.0,18000.0,33350.0
新北市中和區復興國民小學附設幼兒園,公立,110,已申報,2,3,全日班,14000.0,1350.0,2700.0,1800.0,6300.0,7200.0,,,200.0,33350.0,15350.0,13500.0,18000.0,33350.0
新北市中和區復興國民小學附設幼兒園,公立,111,已申報,2,3,全日班,14000.0,1350.0,2700.0,1800.0,6300.0,7200.0,,,200.0,33350.0,15350.0,13500.0,18000.0,33350.0
新北市中和區復興國民小學附設幼兒園,公立,112,已申報,2,3,全日班,14000.0,1350.0,2700.0,1800.0,6300.0,7200.0,,,200.0,33350.0,15350.0,13500.0,18000.0,33350.0
新北市中和區復興國民小學附設幼兒園,公立,113,已申報,2,3,全日班,14000.0,1350.0,2700.0,1800.0,6300.0,7200.0,,,200.0,33350.0,15350.0,13500.0,18000.0,33350.0
新北市中和區復興國民小學附設幼兒園,公立,114,已申報,2,3,全日班,14000.0,1350.0,2700.0,1800.0,6300.0,7200.0,,,200.0,33350.0,15350.0,13500.0,18000.0,33350.0
新北市中和區景新國民小學附設幼兒園,公立,109,已申報,2,4,全日班,14000.0,1350.0,2700.0,1800.0,6300.0,7200.0,,,200.0,33350.0,15350.0,13500.0,18000.0,33350.0
新北市中和區景新國民小學附設幼兒園,公立,110,已申報,2,4,全日班,14000.0,1350.0,2700.0,1800.0,6300.0,7200.0,,,200.0,33350.0,15350.0,13500.0,18000.0,33350.0
新北市中和區景新國民小學附設幼兒園,公立,111,已申報,2,4,全日班,14000.0,1350.0,2700.0,1800.0,6300.0,7200.0,,,200.0,33350.0,15350.0,13500.0,18000.0,33350.0
新北市中和區景新國民小學附設幼兒園,公立,112,已申報,2,4,全日班,14000.0,1350.0,2700.0,1800.0,6300.0,7200.0,,,200.0,33350.0,15350.0,13500.0,18000.0,33350.0
新北市中和區景新國民小學附設幼兒園,公立,113,已申報,2,4,全日班,14000.0,1350.0,2700.0,1800.0,6300.0,7200.0,,,200.0,33350.0,15350.0,13500.0,18000.0,33350.0
新北市中和區景新國民小學附設幼兒園,公立,114,已申報,2,4,全日班,14000.0,1350.0,2700.0,1800.0,6300.0,7200.0,,,200.0,33350.0,15350.0,13500.0,18000.0,33350.0
新北市中和區秀山國民小學附設幼兒園,公立,109,已申報,2,3,全日班,14000.0,1350.0,2700.0,1800.0,6300.0,7200.0,,,200.0,33350.0,15350.0,13500.0,18000.0,33350.0
新北市中和區秀山國民小學附設幼兒園,公立,110,已申報,2,3,全日班,14000.0,1350.0,2700.0,1800.0,6300.0,7200.0,,,200.0,33350.0,15350.0,13500.0,18000.0,33350.0
新北市中和區秀山國民小學附設幼兒園,公立,111,已申報,2,3,全日班,14000.0,1350.0,2700.0,1800.0,6300.0,7200.0,,,200.0,33350.0,15350.0,13500.0,18000.0,33350.0
新北市中和區秀山國民小學附設幼兒園,公立,112,已申報,2,4,全日班,14000.0,1350.0,2700.0,1800.0,6300.0,7200.0,,,200.0,33350.0,15350.0,13500.0,18000.0,33350.0
新北市中和區秀山國民小學附設幼兒園,公立,113,已申報,2,4,全日班,14000.0,1350.0,2700.0,1800.0,6300.0,7200.0,,,200.0,33350.0,15350.0,13500.0,18000.0,33350.0
新北市中和區秀山國民小學附設幼兒園,公立,114,已申報,2,4,全日班,14000.0,1350.0,2700.0,1800.0,6300.0,7200.0,,,200.0,33350.0,15350.0,13500.0,18000.0,33350.0
新北市中和區積穗國民小學附設幼兒園,公立,109,已申報,2,3,全日班|半日班,14000.0,1350.0,2700.0,1800.0,7200.0,6300.0,0.0,0.0,200.0,33350.0,15350.0,13500.0,18000.0,33350.0
新北市中和區積穗國民小學附設幼兒園,公立,110,已申報,2,3,全日班|半日班,14000.0,1350.0,2700.0,1800.0,7200.0,6300.0,0.0,0.0,200.0,33350.0,15350.0,13500.0,18000.0,33350.0
新北市中和區積穗國民小學附設幼兒園,公立,111,已申報,2,3,全日班|半日班,14000.0,1350.0,2700.0,1800.0,7200.0,6300.0,0.0,0.0,200.0,33350.0,15350.0,13500.0,18000.0,33350.0
新北市中和區積穗國民小學附設幼兒園,公立,112,已申報,2,3,全日班|半日班,14000.0,1350.0,2700.0,1800.0,7200.0,6300.0,0.0,0.0,200.0,33350.0,15350.0,13500.0,18000.0,33350.0
新北市中和區積穗國民小學附設幼兒園,公立,113,已申報,2,3,全日班|半日班,14000.0,1350.0,2700.0,1800.0,7200.0,6300.0,0.0,0.0,200.0,33350.0,15350.0,13500.0,18000.0,33350.0
新北市中和區積穗國民小學附設幼兒園,公立,114,已申報,2,3,全日班|半日班,14000.0,1350.0,2700.0,1800.0,7200.0,6300.0,0.0,0.0,200.0,33350.0,15350.0,13500.0,18000.0,33350.0
新北市中和區自強國民小學附設幼兒園,公立,109,已申報,2,3,全日班,14000.0,1350.0,2700.0,1800.0,6300.0,7200.0,,,200.0,33350.0,15350.0,13500.0,18000.0,33350.0
新北市中和區自強國民小學附設幼兒園,公立,110,已申報,2,3,全日班,14000.0,1350.0,2700.0,1800.0,6300.0,7200.0,,,200.0,33350.0,15350.0,13500.0,18000.0,33350.0
新北市中和區自強國民小學附設幼兒園,公立,111,已申報,2,3,全日班,14000.0,1350.0,2700.0,1800.0,6300.0,7200.0,,,200.0,33350.0,15350.0,13500.0,18000.0,33350.0
新北市中和區自強國民小學附設幼兒園,公立,112,已申報,2,3,全日班,14000.0,1350.0,2700.0,1800.0,6300.0,7200.0,,,200.0,33350.0,15350.0,13500.0,18000.0,33350.0
新北市中和區自強國民小學附設幼兒園,公立,113,已申報,2,3,全日班,14000.0,1350.0,2700.0,1800.0,6300.0,7200.0,,,200.0,33350.0,15350.0,13500.0,18000.0,33350.0
新北市中和區自強國民小學附設幼兒園,公立,114,已申報,2,3,全日班,14000.0,1350.0,2700.0,1800.0,6300.0,7200.0,,,200.0,33350.0,15350.0,13500.0,18000.0,33350.0
新北市中和區興南國民小學附設幼兒園,公立,109,已申報,2,4,全日班,14000.0,1350.0,2700.0,1800.0,6300.0,7200.0,,,200.0,33350.0,15350.0,13500.0,18000.0,33350.0
新北市中和區興南國民小學附設幼兒園,公立,110,已申報,2,4,全日班,14000.0,1350.0,2700.0,1800.0,6300.0,7200.0,,,200.0,33350.0,15350.0,13500.0,18000.0,33350.0
新北市中和區興南國民小學附設幼兒園,公立,111,已申報,2,4,全日班,14000.0,1350.0,2700.0,1800.0,6300.0,7200.0,,,200.0,33350.0,15350.0,13500.0,18000.0,33350.0
新北市中和區興南國民小學附設幼兒園,公立,112,已申報,2,4,全日班,14000.0,1350.0,2700.0,1800.0,6300.0,7200.0,,,200.0,33350.0,15350.0,13500.0,18000.0,33350.0
新北市中和區興南國民小學附設幼兒園,公立,113,已申報,2,4,全日班,14000.0,1350.0,2700.0,1800.0,6300.0,7200.0,,,200.0,33350.0,15350.0,13500.0,18000.0,33350.0
新北市中和區興南國民小學附設幼兒園,公立,114,已申報,2,4,全日班,14000.0,1350.0,2700.0,1800.0,6300.0,7200.0,,,200.0,33350.0,15350.0,13500.0,18000.0,33350.0
新北市中和區錦和國民小學附設幼兒園,公立,109,已申報,2,4,全日班,14000.0,1350.0,2700.0,1800.0,6300.0,7200.0,,,200.0,33350.0,15350.0,13500.0,18000.0,33350.0
新北市中和區錦和國民小學附設幼兒園,公立,110,已申報,2,4,全日班,14000.0,1350.0,2700.0,1800.0,6300.0,7200.0,,,200.0,33350.0,15350.0,13500.0,18000.0,33350.0
新北市中和區錦和國民小學附設幼兒園,公立,111,已申報,2,4,全日班,14000.0,1350.0,2700.0,1800.0,6300.0,7200.0,,,200.0,33350.0,15350.0,13500.0,18000.0,33350.0
新北市中和區錦和國民小學附設幼兒園,公立,112,已申報,2,4,全日班,14000.0,1350.0,2700.0,1800.0,6300.0,7200.0,,,200.0,33350.0,15350.0,13500.0,18000.0,33350.0
新北市中和區錦和國民小學附設幼兒園,公立,113,已申報,2,4,全日班,14000.0,1350.0,2700.0,1800.0,6300.0,7200.0,,,200.0,33350.0,15350.0,13500.0,18000.0,33350.0
新北市中和區錦和國民小學附設幼兒園,公立,114,已申報,2,4,全日班,14000.0,1350.0,2700.0,1800.0,6300.0,7200.0,,,200.0,33350.0,15350.0,13500.0,18000.0,33350.0
新北市中園非營利幼兒園(委託財團法人成長文教基金會辦理),非營利,109,已申報,2,4,全日班,,,,,,,,,,95325.0,,,,
新北市中園非營利幼兒園(委託財團法人成長文教基金會辦理),非營利,110,已申報,2,4,全日班,,,,,,,,,,95325.0,,,,
新北市中園非營利幼兒園(委託財團法人成長文教基金會辦理),非營利,111,未申報或鏡像未收錄,0,0,,,,,,,,,,,,,,,
新北市中園非營利幼兒園(委託財團法人成長文教基金會辦理),非營利,112,未申報或鏡像未收錄,0,0,,,,,,,,,,,,,,,
新北市中園非營利幼兒園(委託財團法人成長文教基金會辦理),非營利,113,未申報或鏡像未收錄,0,0,,,,,,,,,,,,,,,
新北市中園非營利幼兒園(委託財團法人成長文教基金會辦理),非營利,114,未申報或鏡像未收錄,0,0,,,,,,,,,,,,,,,
新北市中平非營利幼兒園(委託社團法人新北市中華國際嬰幼兒發展學會辦理),非營利,109,已申報,2,3,全日班,,,,,,,,,,91836.0,,,,
新北市中平非營利幼兒園(委託社團法人新北市中華國際嬰幼兒發展學會辦理),非營利,110,已申報,2,3,全日班,,,,,,,,,,91836.0,,,,
新北市中平非營利幼兒園(委託社團法人新北市中華國際嬰幼兒發展學會辦理),非營利,111,未申報或鏡像未收錄,0,0,,,,,,,,,,,,,,,
新北市中平非營利幼兒園(委託社團法人新北市中華國際嬰幼兒發展學會辦理),非營利,112,未申報或鏡像未收錄,0,0,,,,,,,,,,,,,,,
新北市中平非營利幼兒園(委託社團法人新北市中華國際嬰幼兒發展學會辦理),非營利,113,未申報或鏡像未收錄,0,0,,,,,,,,,,,,,,,
新北市中平非營利幼兒園(委託社團法人新北市中華國際嬰幼兒發展學會辦理),非營利,114,未申報或鏡像未收錄,0,0,,,,,,,,,,,,,,,
新北市中正非營利幼兒園(委託財團法人三之三生命教育基金會辦理),非營利,109,已申報,2,3,全日班,,,,,,,,,,109308.0,,,,
新北市中正非營利幼兒園(委託財團法人三之三生命教育基金會辦理),非營利,110,已申報,2,3,全日班,,,,,,,,,,109308.0,,,,
新北市中正非營利幼兒園(委託財團法人三之三生命教育基金會辦理),非營利,111,未申報或鏡像未收錄,0,0,,,,,,,,,,,,,,,
新北市中正非營利幼兒園(委託財團法人三之三生命教育基金會辦理),非營利,112,未申報或鏡像未收錄,0,0,,,,,,,,,,,,,,,
新北市中正非營利幼兒園(委託財團法人三之三生命教育基金會辦理),非營利,113,未申報或鏡像未收錄,0,0,,,,,,,,,,,,,,,
新北市中正非營利幼兒園(委託財團法人三之三生命教育基金會辦理),非營利,114,未申報或鏡像未收錄,0,0,,,,,,,,,,,,,,,
新北市五股區五股國民小學附設幼兒園,公立,109,已申報,2,4,全日班,14000.0,1350.0,2700.0,1800.0,6300.0,7200.0,,,200.0,33350.0,15350.0,13500.0,18000.0,33350.0
新北市五股區五股國民小學附設幼兒園,公立,110,已申報,2,4,全日班,14000.0,1350.0,2700.0,1800.0,6300.0,7200.0,,,200.0,33350.0,15350.0,13500.0,18000.0,33350.0
新北市五股區五股國民小學附設幼兒園,公立,111,已申報,2,4,全日班,14000.0,1350.0,2700.0,1800.0,6300.0,7200.0,,,200.0,33350.0,15350.0,13500.0,18000.0,33350.0
新北市五股區五股國民小學附設幼兒園,公立,112,已申報,2,4,全日班,14000.0,1350.0,2700.0,1800.0,6300.0,7200.0,,,200.0,33350.0,15350.0,13500.0,18000.0,33350.0
新北市五股區五股國民小學附設幼兒園,公立,113,已申報,2,4,全日班,14000.0,1350.0,2700.0,1800.0,6300.0,7200.0,,,200.0,33350.0,15350.0,13500.0,18000.0,33350.0
新北市五股區五股國民小學附設幼兒園,公立,114,已申報,2,4,全日班,14000.0,1350.0,2700.0,1800.0,6300.0,7200.0,,,200.0,33350.0,15350.0,13500.0,18000.0,33350.0
新北市五股區德音國民小學附設幼兒園,公立,109,已申報,2,3,全日班,14000.0,1350.0,2700.0,1800.0,6300.0,7200.0,0.0,0.0,200.0,33350.0,15350.0,13500.0,18000.0,33350.0
新北市五股區德音國民小學附設幼兒園,公立,110,已申報,2,3,全日班,14000.0,1350.0,2700.0,1800.0,6300.0,7200.0,0.0,0.0,200.0,33350.0,15350.0,13500.0,18000.0,33350.0
新北市五股區德音國民小學附設幼兒園,公立,111,已申報,2,3,全日班,14000.0,1350.0,2700.0,1800.0,6300.0,7200.0,0.0,0.0,200.0,33350.0,15350.0,13500.0,18000.0,33350.0
新北市五股區德音國民小學附設幼兒園,公立,112,已申報,2,3,全日班,14000.0,1350.0,2700.0,1800.0,6300.0,7200.0,0.0,0.0,200.0,33350.0,15350.0,13500.0,18000.0,33350.0
新北市五股區德音國民小學附設幼兒園,公立,113,已申報,2,3,全日班,14000.0,1350.0,2700.0,1800.0,6300.0,7200.0,0.0,0.0,200.0,33350.0,15350.0,13500.0,18000.0,33350.0
新北市五股區德音國民小學附設幼兒園,公立,114,已申報,2,3,全日班,14000.0,1350.0,2700.0,1800.0,6300.0,7200.0,0.0,0.0,200.0,33350.0,15350.0,13500.0,18000.0,33350.0
新北市五股區成州國民小學附設幼兒園,公立,109,已申報,2,4,全日班,14000.0,1350.0,2700.0,1800.0,6300.0,7200.0,,,375.0,33350.0,15350.0,13500.0,18000.0,33350.0
新北市五股區成州國民小學附設幼兒園,公立,110,已申報,2,4,全日班,14000.0,1350.0,2700.0,1800.0,6300.0,7200.0,,,375.0,33350.0,15350.0,13500.0,18000.0,33350.0
新北市五股區成州國民小學附設幼兒園,公立,111,已申報,2,4,全日班,14000.0,1350.0,2700.0,1800.0,6300.0,7200.0,,,375.0,33350.0,15350.0,13500.0,18000.0,33350.0
新北市五股區成州國民小學附設幼兒園,公立,112,已申報,2,4,全日班,14000.0,1350.0,2700.0,1800.0,6300.0,7200.0,,,375.0,33350.0,15350.0,13500.0,18000.0,33350.0
新北市五股區成州國民小學附設幼兒園,公立,113,已申報,2,4,全日班,14000.0,1350.0,2700.0,1800.0,6300.0,7200.0,,,375.0,33350.0,15350.0,13500.0,18000.0,33350.0
新北市五股區成州國民小學附設幼兒園,公立,114,已申報,2,4,全日班,14000.0,1350.0,2700.0,1800.0,6300.0,7200.0,,,375.0,33350.0,15350.0,13500.0,18000.0,33350.0
新北市五股區更寮國民小學附設幼兒園,公立,109,已申報,2,3,全日班,14000.0,1350.0,2700.0,1800.0,6300.0,7200.0,,,200.0,33350.0,15350.0,13500.0,18000.0,33350.0
新北市五股區更寮國民小學附設幼兒園,公立,110,已申報,2,3,全日班,14000.0,1350.0,2700.0,1800.0,6300.0,7200.0,,,200.0,33350.0,15350.0,13500.0,18000.0,33350.0
新北市五股區更寮國民小學附設幼兒園,公立,111,已申報,2,3,全日班,14000.0,1350.0,2700.0,1800.0,6300.0,7200.0,,,200.0,33350.0,15350.0,13500.0,18000.0,33350.0
新北市五股區更寮國民小學附設幼兒園,公立,112,已申報,2,3,全日班,14000.0,1350.0,2700.0,1800.0,6300.0,7200.0,,,200.0,33350.0,15350.0,13500.0,18000.0,33350.0
新北市五股區更寮國民小學附設幼兒園,公立,113,已申報,2,3,全日班,14000.0,1350.0,2700.0,1800.0,6300.0,7200.0,,,200.0,33350.0,15350.0,13500.0,18000.0,33350.0
新北市五股區更寮國民小學附設幼兒園,公立,114,已申報,2,3,全日班,14000.0,1350.0,2700.0,1800.0,6300.0,7200.0,,,200.0,33350.0,15350.0,13500.0,18000.0,33350.0
新北市佳和非營利幼兒園(委託康寧學校財團法人康寧大學辦理),非營利,109,未申報或鏡像未收錄,0,0,,,,,,,,,,,,,,,
新北市佳和非營利幼兒園(委託康寧學校財團法人康寧大學辦理),非營利,110,未申報或鏡像未收錄,0,0,,,,,,,,,,,,,,,
新北市佳和非營利幼兒園(委託康寧學校財團法人康寧大學辦理),非營利,111,未申報或鏡像未收錄,0,0,,,,,,,,,,,,,,,
新北市佳和非營利幼兒園(委託康寧學校財團法人康寧大學辦理),非營利,112,未申報或鏡像未收錄,0,0,,,,,,,,,,,,,,,
新北市佳和非營利幼兒園(委託康寧學校財團法人康寧大學辦理),非營利,113,未申報或鏡像未收錄,0,0,,,,,,,,,,,,,,,
新北市佳和非營利幼兒園(委託康寧學校財團法人康寧大學辦理),非營利,114,未申報或鏡像未收錄,0,0,,,,,,,,,,,,,,,
新北市佳家非營利幼兒園(委託財團法人享翔葉克膜教育基金會辦理),非營利,109,未申報或鏡像未收錄,0,0,,,,,,,,,,,,,,,
新北市佳家非營利幼兒園(委託財團法人享翔葉克膜教育基金會辦理),非營利,110,未申報或鏡像未收錄,0,0,,,,,,,,,,,,,,,
新北市佳家非營利幼兒園(委託財團法人享翔葉克膜教育基金會辦理),非營利,111,未申報或鏡像未收錄,0,0,,,,,,,,,,,,,,,
新北市佳家非營利幼兒園(委託財團法人享翔葉克膜教育基金會辦理),非營利,112,未申報或鏡像未收錄,0,0,,,,,,,,,,,,,,,
新北市佳家非營利幼兒園(委託財團法人享翔葉克膜教育基金會辦理),非營利,113,未申報或鏡像未收錄,0,0,,,,,,,,,,,,,,,
新北市佳家非營利幼兒園(委託財團法人享翔葉克膜教育基金會辦理),非營利,114,未申報或鏡像未收錄,0,0,,,,,,,,,,,,,,,
新北市佳林非營利幼兒園(委託社團法人臺灣兒童教育發展協會辦理),非營利,109,未申報或鏡像未收錄,0,0,,,,,,,,,,,,,,,
新北市佳林非營利幼兒園(委託社團法人臺灣兒童教育發展協會辦理),非營利,110,已申報,2,3,全日班,,,,,,,,,,106800.0,,,,
新北市佳林非營利幼兒園(委託社團法人臺灣兒童教育發展協會辦理),非營利,111,未申報或鏡像未收錄,0,0,,,,,,,,,,,,,,,
新北市佳林非營利幼兒園(委託社團法人臺灣兒童教育發展協會辦理),非營利,112,未申報或鏡像未收錄,0,0,,,,,,,,,,,,,,,
新北市佳林非營利幼兒園(委託社團法人臺灣兒童教育發展協會辦理),非營利,113,未申報或鏡像未收錄,0,0,,,,,,,,,,,,,,,
新北市佳林非營利幼兒園(委託社團法人臺灣兒童教育發展協會辦理),非營利,114,未申報或鏡像未收錄,0,0,,,,,,,,,,,,,,,
新北市八里區八里國民小學附設幼兒園,公立,109,已申報,2,4,全日班,14000.0,1350.0,2700.0,1800.0,6300.0,7200.0,,,200.0,33350.0,15350.0,13500.0,18000.0,33350.0
新北市八里區八里國民小學附設幼兒園,公立,110,已申報,2,4,全日班,14000.0,1350.0,2700.0,1800.0,6300.0,7200.0,,,200.0,33350.0,15350.0,13500.0,18000.0,33350.0
新北市八里區八里國民小學附設幼兒園,公立,111,已申報,2,4,全日班,14000.0,1350.0,2700.0,1800.0,6300.0,7200.0,,,200.0,33350.0,15350.0,13500.0,18000.0,33350.0
新北市八里區八里國民小學附設幼兒園,公立,112,已申報,2,4,全日班,14000.0,1350.0,2700.0,1800.0,6300.0,7200.0,,,200.0,33350.0,15350.0,13500.0,18000.0,33350.0
新北市八里區八里國民小學附設幼兒園,公立,113,已申報,2,4,全日班,14000.0,1350.0,2700.0,1800.0,6300.0,7200.0,,,200.0,33350.0,15350.0,13500.0,18000.0,33350.0
新北市八里區八里國民小學附設幼兒園,公立,114,已申報,2,4,全日班,14000.0,1350.0,2700.0,1800.0,6300.0,7200.0,,,200.0,33350.0,15350.0,13500.0,18000.0,33350.0
新北市八里區大崁國民小學附設幼兒園,公立,109,已申報,2,4,全日班,14000.0,1350.0,2700.0,1800.0,6300.0,7200.0,,,200.0,33350.0,15350.0,13500.0,18000.0,33350.0
新北市八里區大崁國民小學附設幼兒園,公立,110,已申報,2,4,全日班,14000.0,1350.0,2700.0,1800.0,6300.0,7200.0,,,200.0,33350.0,15350.0,13500.0,18000.0,33350.0
新北市八里區大崁國民小學附設幼兒園,公立,111,已申報,2,4,全日班,14000.0,1350.0,2700.0,1800.0,6300.0,7200.0,,,200.0,33350.0,15350.0,13500.0,18000.0,33350.0
新北市八里區大崁國民小學附設幼兒園,公立,112,已申報,2,4,全日班,14000.0,1350.0,2700.0,1800.0,6300.0,7200.0,,,200.0,33350.0,15350.0,13500.0,18000.0,33350.0
新北市八里區大崁國民小學附設幼兒園,公立,113,已申報,2,4,全日班,14000.0,1350.0,2700.0,1800.0,6300.0,7200.0,,,200.0,33350.0,15350.0,13500.0,18000.0,33350.0
新北市八里區大崁國民小學附設幼兒園,公立,114,已申報,2,4,全日班,14000.0,1350.0,2700.0,1800.0,6300.0,7200.0,,,200.0,33350.0,15350.0,13500.0,18000.0,33350.0
新北市北大非營利幼兒園(委託明新學校財團法人明新科技大學辦理),非營利,109,未申報或鏡像未收錄,0,0,,,,,,,,,,,,,,,
新北市北大非營利幼兒園(委託明新學校財團法人明新科技大學辦理),非營利,110,未申報或鏡像未收錄,0,0,,,,,,,,,,,,,,,
新北市北大非營利幼兒園(委託明新學校財團法人明新科技大學辦理),非營利,111,未申報或鏡像未收錄,0,0,,,,,,,,,,,,,,,
新北市北大非營利幼兒園(委託明新學校財團法人明新科技大學辦理),非營利,112,未申報或鏡像未收錄,0,0,,,,,,,,,,,,,,,
新北市北大非營利幼兒園(委託明新學校財團法人明新科技大學辦理),非營利,113,未申報或鏡像未收錄,0,0,,,,,,,,,,,,,,,
新北市北大非營利幼兒園(委託明新學校財團法人明新科技大學辦理),非營利,114,未申報或鏡像未收錄,0,0,,,,,,,,,,,,,,,
新北市北大非營利幼兒園(委託社團法人中華音樂舞蹈暨表演藝術教育協會辦理),非營利,109,未申報或鏡像未收錄,0,0,,,,,,,,,,,,,,,
新北市北大非營利幼兒園(委託社團法人中華音樂舞蹈暨表演藝術教育協會辦理),非營利,110,已申報,2,3,全日班,,,,,,,,,,95052.0,,,,
新北市北大非營利幼兒園(委託社團法人中華音樂舞蹈暨表演藝術教育協會辦理),非營利,111,未申報或鏡像未收錄,0,0,,,,,,,,,,,,,,,
新北市北大非營利幼兒園(委託社團法人中華音樂舞蹈暨表演藝術教育協會辦理),非營利,112,未申報或鏡像未收錄,0,0,,,,,,,,,,,,,,,
新北市北大非營利幼兒園(委託社團法人中華音樂舞蹈暨表演藝術教育協會辦理),非營利,113,未申報或鏡像未收錄,0,0,,,,,,,,,,,,,,,
新北市北大非營利幼兒園(委託社團法人中華音樂舞蹈暨表演藝術教育協會辦理),非營利,114,未申報或鏡像未收錄,0,0,,,,,,,,,,,,,,,
新北市土城區土城國民小學附設幼兒園,公立,109,已申報,2,3,全日班,14000.0,1350.0,2700.0,1800.0,6300.0,7200.0,,,200.0,33350.0,15350.0,13500.0,18000.0,33350.0
新北市土城區土城國民小學附設幼兒園,公立,110,已申報,2,3,全日班,14000.0,1350.0,2700.0,1800.0,6300.0,7200.0,,,200.0,33350.0,15350.0,13500.0,18000.0,33350.0
新北市土城區土城國民小學附設幼兒園,公立,111,已申報,2,4,全日班,14000.0,1350.0,2700.0,1800.0,6300.0,7200.0,,,200.0,33350.0,15350.0,13500.0,18000.0,33350.0
新北市土城區土城國民小學附設幼兒園,公立,112,已申報,2,4,全日班,14000.0,1350.0,2700.0,1800.0,6300.0,7200.0,,,200.0,33350.0,15350.0,13500.0,18000.0,33350.0
新北市土城區土城國民小學附設幼兒園,公立,113,已申報,2,4,全日班,14000.0,1350.0,2700.0,1800.0,6300.0,7200.0,,,200.0,33350.0,15350.0,13500.0,18000.0,33350.0
新北市土城區土城國民小學附設幼兒園,公立,114,已申報,2,4,全日班,14000.0,1350.0,2700.0,1800.0,6300.0,7200.0,,,200.0,33350.0,15350.0,13500.0,18000.0,33350.0
新北市土城區安和國民小學附設幼兒園,公立,109,已申報,2,4,全日班,14000.0,1350.0,2700.0,1800.0,6300.0,7200.0,,,200.0,33350.0,15350.0,13500.0,18000.0,33350.0
新北市土城區安和國民小學附設幼兒園,公立,110,已申報,2,4,全日班,14000.0,1350.0,2700.0,1800.0,6300.0,7200.0,,,200.0,33350.0,15350.0,13500.0,18000.0,33350.0
新北市土城區安和國民小學附設幼兒園,公立,111,已申報,2,4,全日班,14000.0,1350.0,2700.0,1800.0,6300.0,7200.0,,,200.0,33350.0,15350.0,13500.0,18000.0,33350.0
新北市土城區安和國民小學附設幼兒園,公立,112,已申報,2,4,全日班,14000.0,1350.0,2700.0,1800.0,6300.0,7200.0,,,200.0,33350.0,15350.0,13500.0,18000.0,33350.0
新北市土城區安和國民小學附設幼兒園,公立,113,已申報,2,4,全日班,14000.0,1350.0,2700.0,1800.0,6300.0,7200.0,,,200.0,33350.0,15350.0,13500.0,18000.0,33350.0
新北市土城區安和國民小學附設幼兒園,公立,114,已申報,2,4,全日班,14000.0,1350.0,2700.0,1800.0,6300.0,7200.0,,,200.0,33350.0,15350.0,13500.0,18000.0,33350.0
新北市土城區廣福國民小學附設幼兒園,公立,109,已申報,2,4,全日班,14000.0,1350.0,2700.0,1800.0,6300.0,7200.0,,,200.0,33350.0,15350.0,13500.0,18000.0,33350.0
新北市土城區廣福國民小學附設幼兒園,公立,110,已申報,2,4,全日班,14000.0,1350.0,2700.0,1800.0,6300.0,7200.0,,,200.0,33350.0,15350.0,13500.0,18000.0,33350.0
新北市土城區廣福國民小學附設幼兒園,公立,111,已申報,2,4,全日班,14000.0,1350.0,2700.0,1800.0,6300.0,7200.0,,,200.0,33350.0,15350.0,13500.0,18000.0,33350.0
新北市土城區廣福國民小學附設幼兒園,公立,112,已申報,2,4,全日班,14000.0,1350.0,2700.0,1800.0,6300.0,7200.0,,,200.0,33350.0,15350.0,13500.0,18000.0,33350.0
新北市土城區廣福國民小學附設幼兒園,公立,113,已申報,2,4,全日班,14000.0,1350.0,2700.0,1800.0,6300.0,7200.0,,,200.0,33350.0,15350.0,13500.0,18000.0,33350.0
新北市土城區廣福國民小學附設幼兒園,公立,114,已申報,2,4,全日班,14000.0,1350.0,2700.0,1800.0,6300.0,7200.0,,,200.0,33350.0,15350.0,13500.0,18000.0,33350.0
新北市土城區樂利國民小學附設幼兒園,公立,109,已申報,2,3,全日班,14000.0,1350.0,2700.0,1800.0,6300.0,7200.0,,,200.0,33350.0,15350.0,13500.0,18000.0,33350.0
新北市土城區樂利國民小學附設幼兒園,公立,110,已申報,2,3,全日班,14000.0,1350.0,2700.0,1800.0,6300.0,7200.0,,,200.0,33350.0,15350.0,13500.0,18000.0,33350.0
新北市土城區樂利國民小學附設幼兒園,公立,111,已申報,2,3,全日班,14000.0,1350.0,2700.0,1800.0,6300.0,7200.0,,,200.0,33350.0,15350.0,13500.0,18000.0,33350.0
新北市土城區樂利國民小學附設幼兒園,公立,112,已申報,2,3,全日班,14000.0,1350.0,2700.0,1800.0,6300.0,7200.0,,,200.0,33350.0,15350.0,13500.0,18000.0,33350.0
新北市土城區樂利國民小學附設幼兒園,公立,113,已申報,2,3,全日班,14000.0,1350.0,2700.0,1800.0,6300.0,7200.0,,,200.0,33350.0,15350.0,13500.0,18000.0,33350.0
新北市土城區樂利國民小學附設幼兒園,公立,114,已申報,2,3,全日班,14000.0,1350.0,2700.0,1800.0,6300.0,7200.0,,,200.0,33350.0,15350.0,13500.0,18000.0,33350.0
新北市土城區清水國民小學附設幼兒園,公立,109,已申報,2,3,全日班,14000.0,1350.0,2700.0,1800.0,6300.0,7200.0,,,200.0,33350.0,15350.0,13500.0,18000.0,33350.0
新北市土城區清水國民小學附設幼兒園,公立,110,已申報,2,3,全日班,14000.0,1350.0,2700.0,1800.0,6300.0,7200.0,,,200.0,33350.0,15350.0,13500.0,18000.0,33350.0
新北市土城區清水國民小學附設幼兒園,公立,111,已申報,2,4,全日班,14000.0,1350.0,2700.0,1800.0,6300.0,7200.0,,,200.0,33350.0,15350.0,13500.0,18000.0,33350.0
新北市土城區清水國民小學附設幼兒園,公立,112,已申報,2,4,全日班,14000.0,1350.0,2700.0,1800.0,6300.0,7200.0,,,200.0,33350.0,15350.0,13500.0,18000.0,33350.0
新北市土城區清水國民小學附設幼兒園,公立,113,已申報,2,4,全日班,14000.0,1350.0,2700.0,1800.0,6300.0,7200.0,,,200.0,33350.0,15350.0,13500.0,18000.0,33350.0
新北市土城區清水國民小學附設幼兒園,公立,114,已申報,2,4,全日班,14000.0,1350.0,2700.0,1800.0,6300.0,7200.0,,,200.0,33350.0,15350.0,13500.0,18000.0,33350.0
新北市土城區頂埔國民小學附設幼兒園,公立,109,已申報,2,3,全日班,14000.0,1350.0,2700.0,1800.0,6300.0,7200.0,,,200.0,33350.0,15350.0,13500.0,18000.0,33350.0
新北市土城區頂埔國民小學附設幼兒園,公立,110,已申報,2,3,全日班,14000.0,1350.0,2700.0,1800.0,6300.0,7200.0,,,200.0,33350.0,15350.0,13500.0,18000.0,33350.0
新北市土城區頂埔國民小學附設幼兒園,公立,111,已申報,2,3,全日班,14000.0,1350.0,2700.0,1800.0,6300.0,7200.0,,,200.0,33350.0,15350.0,13500.0,18000.0,33350.0
新北市土城區頂埔國民小學附設幼兒園,公立,112,已申報,2,3,全日班,14000.0,1350.0,2700.0,1800.0,6300.0,7200.0,,,200.0,33350.0,15350.0,13500.0,18000.0,33350.0
新北市土城區頂埔國民小學附設幼兒園,公立,113,已申報,2,3,全日班,14000.0,1350.0,2700.0,1800.0,6300.0,7200.0,,,200.0,33350.0,15350.0,13500.0,18000.0,33350.0
新北市土城區頂埔國民小學附設幼兒園,公立,114,已申報,2,3,全日班,14000.0,1350.0,2700.0,1800.0,6300.0,7200.0,,,200.0,33350.0,15350.0,13500.0,18000.0,33350.0
新北市坪林區坪林國民小學附設幼兒園,公立,109,已申報,2,4,全日班,14000.0,1350.0,2700.0,1800.0,,,,,200.0,19850.0,15350.0,,4500.0,19850.0
新北市坪林區坪林國民小學附設幼兒園,公立,110,已申報,2,4,全日班,14000.0,1350.0,2700.0,1800.0,6300.0,7200.0,0.0,,200.0,33350.0,15350.0,13500.0,18000.0,33350.0
新北市坪林區坪林國民小學附設幼兒園,公立,111,已申報,2,4,全日班,14000.0,1350.0,2700.0,1800.0,6300.0,7200.0,0.0,,200.0,33350.0,15350.0,13500.0,18000.0,33350.0
新北市坪林區坪林國民小學附設幼兒園,公立,112,已申報,2,4,全日班,14000.0,1350.0,2700.0,1800.0,6300.0,7200.0,0.0,,200.0,33350.0,15350.0,13500.0,18000.0,33350.0
新北市坪林區坪林國民小學附設幼兒園,公立,113,已申報,2,4,全日班,14000.0,1350.0,2700.0,1800.0,6300.0,7200.0,0.0,,200.0,33350.0,15350.0,13500.0,18000.0,33350.0
新北市坪林區坪林國民小學附設幼兒園,公立,114,已申報,2,4,全日班,14000.0,1350.0,2700.0,1800.0,6300.0,7200.0,0.0,,200.0,33350.0,15350.0,13500.0,18000.0,33350.0
新北市大觀非營利幼兒園(委託社團法人新北市中華國際嬰幼兒發展學會辦理),非營利,109,已申報,2,4,全日班,,,,,,,,,,101523.0,,,,
新北市大觀非營利幼兒園(委託社團法人新北市中華國際嬰幼兒發展學會辦理),非營利,110,已申報,2,4,全日班,,,,,,,,,,101523.0,,,,
新北市大觀非營利幼兒園(委託社團法人新北市中華國際嬰幼兒發展學會辦理),非營利,111,未申報或鏡像未收錄,0,0,,,,,,,,,,,,,,,
新北市大觀非營利幼兒園(委託社團法人新北市中華國際嬰幼兒發展學會辦理),非營利,112,未申報或鏡像未收錄,0,0,,,,,,,,,,,,,,,
新北市大觀非營利幼兒園(委託社團法人新北市中華國際嬰幼兒發展學會辦理),非營利,113,未申報或鏡像未收錄,0,0,,,,,,,,,,,,,,,
新北市大觀非營利幼兒園(委託社團法人新北市中華國際嬰幼兒發展學會辦理),非營利,114,未申報或鏡像未收錄,0,0,,,,,,,,,,,,,,,
新北市安溪非營利幼兒園(委託社團法人桃園市教保服務人員協會辦理),非營利,109,已申報,2,3,全日班,,,,,,,,,,111864.0,,,,
新北市安溪非營利幼兒園(委託社團法人桃園市教保服務人員協會辦理),非營利,110,已申報,2,3,全日班,,,,,,,,,,111864.0,,,,
新北市安溪非營利幼兒園(委託社團法人桃園市教保服務人員協會辦理),非營利,111,未申報或鏡像未收錄,0,0,,,,,,,,,,,,,,,
新北市安溪非營利幼兒園(委託社團法人桃園市教保服務人員協會辦理),非營利,112,未申報或鏡像未收錄,0,0,,,,,,,,,,,,,,,
新北市安溪非營利幼兒園(委託社團法人桃園市教保服務人員協會辦理),非營利,113,未申報或鏡像未收錄,0,0,,,,,,,,,,,,,,,
新北市安溪非營利幼兒園(委託社團法人桃園市教保服務人員協會辦理),非營利,114,未申報或鏡像未收錄,0,0,,,,,,,,,,,,,,,
新北市安興非營利幼兒園(委託社團法人臺灣兒童教育發展協會辦理),非營利,109,已申報,2,3,全日班,,,,,,,,,,108684.0,,,,
新北市安興非營利幼兒園(委託社團法人臺灣兒童教育發展協會辦理),非營利,110,已申報,2,3,全日班,,,,,,,,,,116232.0,,,,
新北市安興非營利幼兒園(委託社團法人臺灣兒童教育發展協會辦理),非營利,111,未申報或鏡像未收錄,0,0,,,,,,,,,,,,,,,
新北市安興非營利幼兒園(委託社團法人臺灣兒童教育發展協會辦理),非營利,112,未申報或鏡像未收錄,0,0,,,,,,,,,,,,,,,
新北市安興非營利幼兒園(委託社團法人臺灣兒童教育發展協會辦理),非營利,113,未申報或鏡像未收錄,0,0,,,,,,,,,,,,,,,
新北市安興非營利幼兒園(委託社團法人臺灣兒童教育發展協會辦理),非營利,114,未申報或鏡像未收錄,0,0,,,,,,,,,,,,,,,
新北市安興非營利幼兒園(委託財團法人仁德醫護管理專科學校辦理),非營利,109,未申報或鏡像未收錄,0,0,,,,,,,,,,,,,,,
新北市安興非營利幼兒園(委託財團法人仁德醫護管理專科學校辦理),非營利,110,未申報或鏡像未收錄,0,0,,,,,,,,,,,,,,,
新北市安興非營利幼兒園(委託財團法人仁德醫護管理專科學校辦理),非營利,111,未申報或鏡像未收錄,0,0,,,,,,,,,,,,,,,
新北市安興非營利幼兒園(委託財團法人仁德醫護管理專科學校辦理),非營利,112,未申報或鏡像未收錄,0,0,,,,,,,,,,,,,,,
新北市安興非營利幼兒園(委託財團法人仁德醫護管理專科學校辦理),非營利,113,未申報或鏡像未收錄,0,0,,,,,,,,,,,,,,,
新北市安興非營利幼兒園(委託財團法人仁德醫護管理專科學校辦理),非營利,114,未申報或鏡像未收錄,0,0,,,,,,,,,,,,,,,
新北市山北非營利幼兒園（委託財團法人三之三生命教育基金會辦理）,非營利,109,已申報,2,4,全日班,,,,,,,,,,114297.0,,,,
新北市山北非營利幼兒園（委託財團法人三之三生命教育基金會辦理）,非營利,110,已申報,2,4,全日班,,,,,,,,,,114297.0,,,,
新北市山北非營利幼兒園（委託財團法人三之三生命教育基金會辦理）,非營利,111,未申報或鏡像未收錄,0,0,,,,,,,,,,,,,,,
新北市山北非營利幼兒園（委託財團法人三之三生命教育基金會辦理）,非營利,112,未申報或鏡像未收錄,0,0,,,,,,,,,,,,,,,
新北市山北非營利幼兒園（委託財團法人三之三生命教育基金會辦理）,非營利,113,未申報或鏡像未收錄,0,0,,,,,,,,,,,,,,,
新北市山北非營利幼兒園（委託財團法人三之三生命教育基金會辦理）,非營利,114,未申報或鏡像未收錄,0,0,,,,,,,,,,,,,,,
新北市崁頂非營利幼兒園(委託財團法人三之三生命教育基金會辦理),非營利,109,未申報或鏡像未收錄,0,0,,,,,,,,,,,,,,,
新北市崁頂非營利幼兒園(委託財團法人三之三生命教育基金會辦理),非營利,110,未申報或鏡像未收錄,0,0,,,,,,,,,,,,,,,
新北市崁頂非營利幼兒園(委託財團法人三之三生命教育基金會辦理),非營利,111,未申報或鏡像未收錄,0,0,,,,,,,,,,,,,,,
新北市崁頂非營利幼兒園(委託財團法人三之三生命教育基金會辦理),非營利,112,未申報或鏡像未收錄,0,0,,,,,,,,,,,,,,,
新北市崁頂非營利幼兒園(委託財團法人三之三生命教育基金會辦理),非營利,113,未申報或鏡像未收錄,0,0,,,,,,,,,,,,,,,
新北市崁頂非營利幼兒園(委託財團法人三之三生命教育基金會辦理),非營利,114,未申報或鏡像未收錄,0,0,,,,,,,,,,,,,,,
新北市平溪區十分國民小學附設幼兒園,公立,109,已申報,2,3,全日班,14000.0,1350.0,2700.0,1800.0,6300.0,7200.0,0.0,0.0,200.0,33350.0,15350.0,13500.0,18000.0,33350.0
新北市平溪區十分國民小學附設幼兒園,公立,110,已申報,2,4,全日班,14000.0,1350.0,2700.0,1800.0,6300.0,7200.0,0.0,0.0,200.0,33350.0,15350.0,13500.0,18000.0,33350.0
新北市平溪區十分國民小學附設幼兒園,公立,111,已申報,2,4,全日班,14000.0,1350.0,2700.0,1800.0,6300.0,7200.0,0.0,0.0,200.0,33350.0,15350.0,13500.0,18000.0,33350.0
新北市平溪區十分國民小學附設幼兒園,公立,112,已申報,2,4,全日班,14000.0,1350.0,2700.0,1800.0,6300.0,7200.0,0.0,0.0,200.0,33350.0,15350.0,13500.0,18000.0,33350.0
新北市平溪區十分國民小學附設幼兒園,公立,113,已申報,2,4,全日班,14000.0,1350.0,2700.0,1800.0,6300.0,7200.0,0.0,0.0,200.0,33350.0,15350.0,13500.0,18000.0,33350.0
新北市平溪區十分國民小學附設幼兒園,公立,114,已申報,2,4,全日班,14000.0,1350.0,2700.0,1800.0,6300.0,7200.0,0.0,0.0,200.0,33350.0,15350.0,13500.0,18000.0,33350.0
新北市平溪區平溪國民小學附設幼兒園,公立,109,已申報,2,4,全日班,14000.0,1350.0,2700.0,1800.0,6300.0,7200.0,,,200.0,33350.0,15350.0,13500.0,18000.0,33350.0
新北市平溪區平溪國民小學附設幼兒園,公立,110,已申報,2,4,全日班,14000.0,1350.0,2700.0,1800.0,6300.0,7200.0,,,200.0,33350.0,15350.0,13500.0,18000.0,33350.0
新北市平溪區平溪國民小學附設幼兒園,公立,111,已申報,2,4,全日班,14000.0,1350.0,2700.0,1800.0,6300.0,7200.0,,,200.0,33350.0,15350.0,13500.0,18000.0,33350.0
新北市平溪區平溪國民小學附設幼兒園,公立,112,已申報,2,4,全日班,14000.0,1350.0,2700.0,1800.0,6300.0,7200.0,,,200.0,33350.0,15350.0,13500.0,18000.0,33350.0
新北市平溪區平溪國民小學附設幼兒園,公立,113,已申報,2,4,全日班,14000.0,1350.0,2700.0,1800.0,6300.0,7200.0,,,200.0,33350.0,15350.0,13500.0,18000.0,33350.0
新北市平溪區平溪國民小學附設幼兒園,公立,114,已申報,2,4,全日班,14000.0,1350.0,2700.0,1800.0,6300.0,7200.0,,,200.0,33350.0,15350.0,13500.0,18000.0,33350.0
新北市平溪區菁桐國民小學附設幼兒園,公立,109,已申報,2,4,全日班|半日班,14000.0,1350.0,2700.0,1800.0,6300.0,7200.0,0.0,0.0,200.0,33350.0,15350.0,13500.0,18000.0,33350.0
新北市平溪區菁桐國民小學附設幼兒園,公立,110,已申報,2,4,全日班|半日班,14000.0,1350.0,2700.0,1800.0,6300.0,7200.0,0.0,0.0,200.0,33350.0,15350.0,13500.0,18000.0,33350.0
新北市平溪區菁桐國民小學附設幼兒園,公立,111,已申報,2,4,全日班|半日班,14000.0,1350.0,2700.0,1800.0,6300.0,7200.0,0.0,0.0,200.0,33350.0,15350.0,13500.0,18000.0,33350.0
新北市平溪區菁桐國民小學附設幼兒園,公立,112,已申報,2,4,全日班|半日班,14000.0,1350.0,2700.0,1800.0,6300.0,7200.0,0.0,0.0,200.0,33350.0,15350.0,13500.0,18000.0,33350.0
新北市平溪區菁桐國民小學附設幼兒園,公立,113,已申報,2,4,全日班|半日班,14000.0,1350.0,2700.0,1800.0,6300.0,7200.0,0.0,0.0,200.0,33350.0,15350.0,13500.0,18000.0,33350.0
新北市平溪區菁桐國民小學附設幼兒園,公立,114,已申報,2,4,全日班|半日班,14000.0,1350.0,2700.0,1800.0,6300.0,7200.0,0.0,0.0,200.0,33350.0,15350.0,13500.0,18000.0,33350.0
新北市政府新北捷運員工子女非營利幼兒園(委託康寧學校財團法人康寧大學辦理),非營利,109,未申報或鏡像未收錄,0,0,,,,,,,,,,,,,,,
新北市政府新北捷運員工子女非營利幼兒園(委託康寧學校財團法人康寧大學辦理),非營利,110,未申報或鏡像未收錄,0,0,,,,,,,,,,,,,,,
新北市政府新北捷運員工子女非營利幼兒園(委託康寧學校財團法人康寧大學辦理),非營利,111,未申報或鏡像未收錄,0,0,,,,,,,,,,,,,,,
新北市政府新北捷運員工子女非營利幼兒園(委託康寧學校財團法人康寧大學辦理),非營利,112,未申報或鏡像未收錄,0,0,,,,,,,,,,,,,,,
新北市政府新北捷運員工子女非營利幼兒園(委託康寧學校財團法人康寧大學辦理),非營利,113,未申報或鏡像未收錄,0,0,,,,,,,,,,,,,,,
新北市政府新北捷運員工子女非營利幼兒園(委託康寧學校財團法人康寧大學辦理),非營利,114,未申報或鏡像未收錄,0,0,,,,,,,,,,,,,,,
新北市政府板橋員工子女非營利幼兒園（委託財團法人台北基督教女青年會辦理）,非營利,109,未申報或鏡像未收錄,0,0,,,,,,,,,,,,,,,
新北市政府板橋員工子女非營利幼兒園（委託財團法人台北基督教女青年會辦理）,非營利,110,未申報或鏡像未收錄,0,0,,,,,,,,,,,,,,,
新北市政府板橋員工子女非營利幼兒園（委託財團法人台北基督教女青年會辦理）,非營利,111,未申報或鏡像未收錄,0,0,,,,,,,,,,,,,,,
新北市政府板橋員工子女非營利幼兒園（委託財團法人台北基督教女青年會辦理）,非營利,112,未申報或鏡像未收錄,0,0,,,,,,,,,,,,,,,
新北市政府板橋員工子女非營利幼兒園（委託財團法人台北基督教女青年會辦理）,非營利,113,未申報或鏡像未收錄,0,0,,,,,,,,,,,,,,,
新北市政府板橋員工子女非營利幼兒園（委託財團法人台北基督教女青年會辦理）,非營利,114,未申報或鏡像未收錄,0,0,,,,,,,,,,,,,,,
新北市文中非營利幼兒園(委託財團法人三之三生命教育基金會辦理),非營利,109,未申報或鏡像未收錄,0,0,,,,,,,,,,,,,,,
新北市文中非營利幼兒園(委託財團法人三之三生命教育基金會辦理),非營利,110,未申報或鏡像未收錄,0,0,,,,,,,,,,,,,,,
新北市文中非營利幼兒園(委託財團法人三之三生命教育基金會辦理),非營利,111,未申報或鏡像未收錄,0,0,,,,,,,,,,,,,,,
新北市文中非營利幼兒園(委託財團法人三之三生命教育基金會辦理),非營利,112,未申報或鏡像未收錄,0,0,,,,,,,,,,,,,,,
新北市文中非營利幼兒園(委託財團法人三之三生命教育基金會辦理),非營利,113,未申報或鏡像未收錄,0,0,,,,,,,,,,,,,,,
新北市文中非營利幼兒園(委託財團法人三之三生命教育基金會辦理),非營利,114,未申報或鏡像未收錄,0,0,,,,,,,,,,,,,,,
新北市文中非營利幼兒園（委託社團法人臺灣澄芽全人文教發展協會辦理）,非營利,109,未申報或鏡像未收錄,0,0,,,,,,,,,,,,,,,
新北市文中非營利幼兒園（委託社團法人臺灣澄芽全人文教發展協會辦理）,非營利,110,未申報或鏡像未收錄,0,0,,,,,,,,,,,,,,,
新北市文中非營利幼兒園（委託社團法人臺灣澄芽全人文教發展協會辦理）,非營利,111,未申報或鏡像未收錄,0,0,,,,,,,,,,,,,,,
新北市文中非營利幼兒園（委託社團法人臺灣澄芽全人文教發展協會辦理）,非營利,112,未申報或鏡像未收錄,0,0,,,,,,,,,,,,,,,
新北市文中非營利幼兒園（委託社團法人臺灣澄芽全人文教發展協會辦理）,非營利,113,未申報或鏡像未收錄,0,0,,,,,,,,,,,,,,,
新北市文中非營利幼兒園（委託社團法人臺灣澄芽全人文教發展協會辦理）,非營利,114,未申報或鏡像未收錄,0,0,,,,,,,,,,,,,,,
新北市文仁非營利幼兒園(委託社團法人臺灣兒童教育發展協會辦理),非營利,109,已申報,2,3,全日班,,,,,,,,,,113100.0,,,,
新北市文仁非營利幼兒園(委託社團法人臺灣兒童教育發展協會辦理),非營利,110,已申報,2,3,全日班,,,,,,,,,,113100.0,,,,
新北市文仁非營利幼兒園(委託社團法人臺灣兒童教育發展協會辦理),非營利,111,未申報或鏡像未收錄,0,0,,,,,,,,,,,,,,,
新北市文仁非營利幼兒園(委託社團法人臺灣兒童教育發展協會辦理),非營利,112,未申報或鏡像未收錄,0,0,,,,,,,,,,,,,,,
新北市文仁非營利幼兒園(委託社團法人臺灣兒童教育發展協會辦理),非營利,113,未申報或鏡像未收錄,0,0,,,,,,,,,,,,,,,
新北市文仁非營利幼兒園(委託社團法人臺灣兒童教育發展協會辦理),非營利,114,未申報或鏡像未收錄,0,0,,,,,,,,,,,,,,,
新北市文創非營利幼兒園(委託財團法人三之三生命教育基金會辦理),非營利,109,已申報,2,3,全日班,,,,,,,,,,113688.0,,,,
新北市文創非營利幼兒園(委託財團法人三之三生命教育基金會辦理),非營利,110,已申報,2,3,全日班,,,,,,,,,,113688.0,,,,
新北市文創非營利幼兒園(委託財團法人三之三生命教育基金會辦理),非營利,111,未申報或鏡像未收錄,0,0,,,,,,,,,,,,,,,
新北市文創非營利幼兒園(委託財團法人三之三生命教育基金會辦理),非營利,112,未申報或鏡像未收錄,0,0,,,,,,,,,,,,,,,
新北市文創非營利幼兒園(委託財團法人三之三生命教育基金會辦理),非營利,113,未申報或鏡像未收錄,0,0,,,,,,,,,,,,,,,
新北市文創非營利幼兒園(委託財團法人三之三生命教育基金會辦理),非營利,114,未申報或鏡像未收錄,0,0,,,,,,,,,,,,,,,
新北市新店區中正國民小學附設幼兒園,公立,109,已申報,2,4,全日班,14000.0,1350.0,2700.0,1800.0,6300.0,7200.0,,,,33350.0,15350.0,13500.0,18000.0,33350.0
新北市新店區中正國民小學附設幼兒園,公立,110,已申報,2,4,全日班,14000.0,1350.0,2700.0,1800.0,6300.0,7200.0,,,,33350.0,15350.0,13500.0,18000.0,33350.0
新北市新店區中正國民小學附設幼兒園,公立,111,已申報,2,4,全日班,14000.0,1350.0,2700.0,1800.0,6300.0,7200.0,,,,33350.0,15350.0,13500.0,18000.0,33350.0
新北市新店區中正國民小學附設幼兒園,公立,112,已申報,2,4,全日班,14000.0,1350.0,2700.0,1800.0,6300.0,7200.0,,,,33350.0,15350.0,13500.0,18000.0,33350.0
新北市新店區中正國民小學附設幼兒園,公立,113,已申報,2,4,全日班,14000.0,1350.0,2700.0,1800.0,6300.0,7200.0,,,,33350.0,15350.0,13500.0,18000.0,33350.0
新北市新店區中正國民小學附設幼兒園,公立,114,已申報,2,4,全日班,14000.0,1350.0,2700.0,1800.0,6300.0,7200.0,,,,33350.0,15350.0,13500.0,18000.0,33350.0
新北市新店區北新國民小學附設幼兒園,公立,109,已申報,2,4,全日班,14000.0,1350.0,2700.0,1800.0,6300.0,7200.0,,,200.0,33350.0,15350.0,13500.0,18000.0,33350.0
新北市新店區北新國民小學附設幼兒園,公立,110,已申報,2,4,全日班,14000.0,1350.0,2700.0,1800.0,6300.0,7200.0,,,200.0,33350.0,15350.0,13500.0,18000.0,33350.0
新北市新店區北新國民小學附設幼兒園,公立,111,已申報,2,4,全日班,14000.0,1350.0,2700.0,1800.0,6300.0,7200.0,,,200.0,33350.0,15350.0,13500.0,18000.0,33350.0
新北市新店區北新國民小學附設幼兒園,公立,112,已申報,2,4,全日班,14000.0,1350.0,2700.0,1800.0,6300.0,7200.0,,,200.0,33350.0,15350.0,13500.0,18000.0,33350.0
新北市新店區北新國民小學附設幼兒園,公立,113,已申報,2,4,全日班,14000.0,1350.0,2700.0,1800.0,6300.0,7200.0,,,200.0,33350.0,15350.0,13500.0,18000.0,33350.0
新北市新店區北新國民小學附設幼兒園,公立,114,已申報,2,4,全日班,14000.0,1350.0,2700.0,1800.0,6300.0,7200.0,,,200.0,33350.0,15350.0,13500.0,18000.0,33350.0
新北市新店區大豐國民小學附設幼兒園,公立,109,已申報,2,3,全日班,14000.0,1350.0,2700.0,1800.0,6300.0,7200.0,,,200.0,33350.0,15350.0,13500.0,18000.0,33350.0
新北市新店區大豐國民小學附設幼兒園,公立,110,已申報,2,3,全日班,14000.0,1350.0,2700.0,1800.0,6300.0,7200.0,,,200.0,33350.0,15350.0,13500.0,18000.0,33350.0
新北市新店區大豐國民小學附設幼兒園,公立,111,已申報,2,3,全日班,14000.0,1350.0,2700.0,1800.0,6300.0,7200.0,,,200.0,33350.0,15350.0,13500.0,18000.0,33350.0
新北市新店區大豐國民小學附設幼兒園,公立,112,已申報,2,3,全日班,14000.0,1350.0,2700.0,1800.0,6300.0,7200.0,,,200.0,33350.0,15350.0,13500.0,18000.0,33350.0
新北市新店區大豐國民小學附設幼兒園,公立,113,已申報,2,3,全日班,14000.0,1350.0,2700.0,1800.0,6300.0,7200.0,,,200.0,33350.0,15350.0,13500.0,18000.0,33350.0
新北市新店區大豐國民小學附設幼兒園,公立,114,已申報,2,3,全日班,14000.0,1350.0,2700.0,1800.0,6300.0,7200.0,,,200.0,33350.0,15350.0,13500.0,18000.0,33350.0
新北市新店區安坑國民小學附設幼兒園,公立,109,已申報,2,3,全日班,14000.0,1350.0,2700.0,1800.0,8730.0,7200.0,,,200.0,35780.0,15350.0,15930.0,20430.0,35780.0
新北市新店區安坑國民小學附設幼兒園,公立,110,已申報,2,3,全日班,14000.0,1350.0,2700.0,1800.0,8730.0,7200.0,,,200.0,35780.0,15350.0,15930.0,20430.0,35780.0
新北市新店區安坑國民小學附設幼兒園,公立,111,已申報,2,3,全日班,14000.0,1350.0,2700.0,1800.0,8730.0,7200.0,,,200.0,35780.0,15350.0,15930.0,20430.0,35780.0
新北市新店區安坑國民小學附設幼兒園,公立,112,已申報,2,3,全日班,14000.0,1350.0,2700.0,1800.0,8730.0,7200.0,,,200.0,35780.0,15350.0,15930.0,20430.0,35780.0
新北市新店區安坑國民小學附設幼兒園,公立,113,已申報,2,3,全日班,14000.0,1350.0,2700.0,1800.0,8730.0,7200.0,,,200.0,35780.0,15350.0,15930.0,20430.0,35780.0
新北市新店區安坑國民小學附設幼兒園,公立,114,已申報,2,3,全日班,14000.0,1350.0,2700.0,1800.0,8730.0,7200.0,,,200.0,35780.0,15350.0,15930.0,20430.0,35780.0
新北市新店區屈尺國民小學附設幼兒園,公立,109,已申報,2,3,全日班,14000.0,1350.0,2700.0,1800.0,6300.0,7200.0,,,200.0,33350.0,15350.0,13500.0,18000.0,33350.0
新北市新店區屈尺國民小學附設幼兒園,公立,110,已申報,2,3,全日班,14000.0,1350.0,2700.0,1800.0,6300.0,7200.0,,,200.0,33350.0,15350.0,13500.0,18000.0,33350.0
新北市新店區屈尺國民小學附設幼兒園,公立,111,已申報,2,3,全日班,14000.0,1350.0,2700.0,1800.0,6300.0,7200.0,,,200.0,33350.0,15350.0,13500.0,18000.0,33350.0
新北市新店區屈尺國民小學附設幼兒園,公立,112,已申報,2,3,全日班,14000.0,1350.0,2700.0,1800.0,6300.0,7200.0,,,200.0,33350.0,15350.0,13500.0,18000.0,33350.0
新北市新店區屈尺國民小學附設幼兒園,公立,113,已申報,2,3,全日班,14000.0,1350.0,2700.0,1800.0,6300.0,7200.0,,,200.0,33350.0,15350.0,13500.0,18000.0,33350.0
新北市新店區屈尺國民小學附設幼兒園,公立,114,已申報,2,3,全日班,14000.0,1350.0,2700.0,1800.0,6300.0,7200.0,,,200.0,33350.0,15350.0,13500.0,18000.0,33350.0
新北市新店區新和國民小學附設幼兒園,公立,109,已申報,2,4,全日班,14000.0,1350.0,2700.0,1800.0,6300.0,7200.0,,,200.0,33350.0,15350.0,13500.0,18000.0,33350.0
新北市新店區新和國民小學附設幼兒園,公立,110,已申報,2,4,全日班,14000.0,1350.0,2700.0,1800.0,6300.0,7200.0,,,200.0,33350.0,15350.0,13500.0,18000.0,33350.0
新北市新店區新和國民小學附設幼兒園,公立,111,已申報,2,4,全日班,14000.0,1350.0,2700.0,1800.0,6300.0,7200.0,,,200.0,33350.0,15350.0,13500.0,18000.0,33350.0
新北市新店區新和國民小學附設幼兒園,公立,112,已申報,2,4,全日班,14000.0,1350.0,2700.0,1800.0,6300.0,7200.0,,,200.0,33350.0,15350.0,13500.0,18000.0,33350.0
新北市新店區新和國民小學附設幼兒園,公立,113,已申報,2,4,全日班,14000.0,1350.0,2700.0,1800.0,6300.0,7200.0,,,200.0,33350.0,15350.0,13500.0,18000.0,33350.0
新北市新店區新和國民小學附設幼兒園,公立,114,已申報,2,4,全日班,14000.0,1350.0,2700.0,1800.0,6300.0,7200.0,,,200.0,33350.0,15350.0,13500.0,18000.0,33350.0
新北市新店區新店國民小學附設幼兒園,公立,109,已申報,2,4,全日班,14000.0,1350.0,2700.0,1800.0,6300.0,7200.0,,,200.0,33350.0,15350.0,13500.0,18000.0,33350.0
新北市新店區新店國民小學附設幼兒園,公立,110,已申報,2,4,全日班,14000.0,1350.0,2700.0,1800.0,6300.0,7200.0,,,200.0,33350.0,15350.0,13500.0,18000.0,33350.0
新北市新店區新店國民小學附設幼兒園,公立,111,已申報,2,4,全日班,14000.0,1350.0,2700.0,1800.0,6300.0,7200.0,,,200.0,33350.0,15350.0,13500.0,18000.0,33350.0
新北市新店區新店國民小學附設幼兒園,公立,112,已申報,2,4,全日班,14000.0,1350.0,2700.0,1800.0,6300.0,7200.0,,,200.0,33350.0,15350.0,13500.0,18000.0,33350.0
新北市新店區新店國民小學附設幼兒園,公立,113,已申報,2,4,全日班,14000.0,1350.0,2700.0,1800.0,6300.0,7200.0,,,200.0,33350.0,15350.0,13500.0,18000.0,33350.0
新北市新店區新店國民小學附設幼兒園,公立,114,已申報,2,4,全日班,14000.0,1350.0,2700.0,1800.0,6300.0,7200.0,,,200.0,33350.0,15350.0,13500.0,18000.0,33350.0
新北市新店區直潭國民小學附設幼兒園,公立,109,已申報,2,3,全日班,14000.0,1350.0,2700.0,1800.0,6300.0,7200.0,,,200.0,33350.0,15350.0,13500.0,18000.0,33350.0
新北市新店區直潭國民小學附設幼兒園,公立,110,已申報,2,3,全日班,14000.0,1350.0,2700.0,1800.0,6300.0,7200.0,,,200.0,33350.0,15350.0,13500.0,18000.0,33350.0
新北市新店區直潭國民小學附設幼兒園,公立,111,已申報,2,3,全日班,14000.0,1350.0,2700.0,1800.0,6300.0,7200.0,,,200.0,33350.0,15350.0,13500.0,18000.0,33350.0
新北市新店區直潭國民小學附設幼兒園,公立,112,已申報,2,3,全日班,14000.0,1350.0,2700.0,1800.0,6300.0,7200.0,,,200.0,33350.0,15350.0,13500.0,18000.0,33350.0
新北市新店區直潭國民小學附設幼兒園,公立,113,已申報,2,3,全日班,14000.0,1350.0,2700.0,1800.0,6300.0,7200.0,,,200.0,33350.0,15350.0,13500.0,18000.0,33350.0
新北市新店區直潭國民小學附設幼兒園,公立,114,已申報,2,3,全日班,14000.0,1350.0,2700.0,1800.0,6300.0,7200.0,,,200.0,33350.0,15350.0,13500.0,18000.0,33350.0
新北市新店區雙城國民小學附設幼兒園,公立,109,已申報,2,3,全日班,14000.0,1350.0,2700.0,1800.0,6300.0,7200.0,,,200.0,33350.0,15350.0,13500.0,18000.0,33350.0
新北市新店區雙城國民小學附設幼兒園,公立,110,已申報,2,3,全日班,14000.0,1350.0,2700.0,1800.0,6300.0,7200.0,,,200.0,33350.0,15350.0,13500.0,18000.0,33350.0
新北市新店區雙城國民小學附設幼兒園,公立,111,已申報,2,3,全日班,14000.0,1350.0,2700.0,1800.0,6300.0,7200.0,,,200.0,33350.0,15350.0,13500.0,18000.0,33350.0
新北市新店區雙城國民小學附設幼兒園,公立,112,已申報,2,3,全日班,14000.0,1350.0,2700.0,1800.0,6300.0,7200.0,,,200.0,33350.0,15350.0,13500.0,18000.0,33350.0
新北市新店區雙城國民小學附設幼兒園,公立,113,已申報,2,3,全日班,14000.0,1350.0,2700.0,1800.0,6300.0,7200.0,,,200.0,33350.0,15350.0,13500.0,18000.0,33350.0
新北市新店區雙城國民小學附設幼兒園,公立,114,已申報,2,3,全日班,14000.0,1350.0,2700.0,1800.0,6300.0,7200.0,,,200.0,33350.0,15350.0,13500.0,18000.0,33350.0
新北市新店區雙峰國民小學附設幼兒園,公立,109,已申報,2,3,全日班,14000.0,1350.0,2700.0,1800.0,7200.0,7200.0,,,200.0,34250.0,15350.0,14400.0,18900.0,34250.0
新北市新店區雙峰國民小學附設幼兒園,公立,110,已申報,2,3,全日班,14000.0,1350.0,2700.0,1800.0,6300.0,7200.0,,,200.0,33350.0,15350.0,13500.0,18000.0,33350.0
新北市新店區雙峰國民小學附設幼兒園,公立,111,已申報,2,3,全日班,14000.0,1350.0,2700.0,1800.0,6300.0,7200.0,,,200.0,33350.0,15350.0,13500.0,18000.0,33350.0
新北市新店區雙峰國民小學附設幼兒園,公立,112,已申報,2,3,全日班,14000.0,1350.0,2700.0,1800.0,6300.0,7200.0,,,200.0,33350.0,15350.0,13500.0,18000.0,33350.0
新北市新店區雙峰國民小學附設幼兒園,公立,113,已申報,2,3,全日班,14000.0,1350.0,2700.0,1800.0,6300.0,7200.0,,,200.0,33350.0,15350.0,13500.0,18000.0,33350.0
新北市新店區雙峰國民小學附設幼兒園,公立,114,已申報,2,3,全日班,14000.0,1350.0,2700.0,1800.0,6300.0,7200.0,,,200.0,33350.0,15350.0,13500.0,18000.0,33350.0
新北市新店區青潭國民小學附設幼兒園,公立,109,已申報,2,4,全日班,14000.0,1350.0,2700.0,1800.0,6300.0,7200.0,,,375.0,33350.0,15350.0,13500.0,18000.0,33350.0
新北市新店區青潭國民小學附設幼兒園,公立,110,已申報,2,4,全日班,14000.0,1350.0,2700.0,1800.0,6300.0,7200.0,,,375.0,33350.0,15350.0,13500.0,18000.0,33350.0
新北市新店區青潭國民小學附設幼兒園,公立,111,已申報,2,4,全日班,14000.0,1350.0,2700.0,1800.0,6300.0,7200.0,,,375.0,33350.0,15350.0,13500.0,18000.0,33350.0
新北市新店區青潭國民小學附設幼兒園,公立,112,已申報,2,4,全日班,14000.0,1350.0,2700.0,1800.0,6300.0,7200.0,,,375.0,33350.0,15350.0,13500.0,18000.0,33350.0
新北市新店區青潭國民小學附設幼兒園,公立,113,已申報,2,4,全日班,14000.0,1350.0,2700.0,1800.0,6300.0,7200.0,,,375.0,33350.0,15350.0,13500.0,18000.0,33350.0
新北市新店區青潭國民小學附設幼兒園,公立,114,已申報,2,4,全日班,14000.0,1350.0,2700.0,1800.0,6300.0,7200.0,,,375.0,33350.0,15350.0,13500.0,18000.0,33350.0
新北市新店區龜山國民小學附設幼兒園,公立,109,已申報,2,3,全日班,14000.0,1350.0,2700.0,1800.0,6300.0,7200.0,,,200.0,33350.0,15350.0,13500.0,18000.0,33350.0
新北市新店區龜山國民小學附設幼兒園,公立,110,已申報,2,3,全日班,14000.0,1350.0,2700.0,1800.0,6300.0,7200.0,,,200.0,33350.0,15350.0,13500.0,18000.0,33350.0
新北市新店區龜山國民小學附設幼兒園,公立,111,已申報,2,3,全日班,14000.0,1350.0,2700.0,1800.0,6300.0,7200.0,,,200.0,33350.0,15350.0,13500.0,18000.0,33350.0
新北市新店區龜山國民小學附設幼兒園,公立,112,已申報,2,3,全日班,14000.0,1350.0,2700.0,1800.0,6300.0,7200.0,,,200.0,33350.0,15350.0,13500.0,18000.0,33350.0
新北市新店區龜山國民小學附設幼兒園,公立,113,已申報,2,3,全日班,14000.0,1350.0,2700.0,1800.0,6300.0,7200.0,,,200.0,33350.0,15350.0,13500.0,18000.0,33350.0
新北市新店區龜山國民小學附設幼兒園,公立,114,已申報,2,3,全日班,14000.0,1350.0,2700.0,1800.0,6300.0,7200.0,,,200.0,33350.0,15350.0,13500.0,18000.0,33350.0
新北市新店及人非營利幼兒園(財團法人新北市私立及人高級中學申請辦理),非營利,109,未申報或鏡像未收錄,0,0,,,,,,,,,,,,,,,
新北市新店及人非營利幼兒園(財團法人新北市私立及人高級中學申請辦理),非營利,110,已申報,2,3,全日班,,,,,,,,,,100680.0,,,,
新北市新店及人非營利幼兒園(財團法人新北市私立及人高級中學申請辦理),非營利,111,未申報或鏡像未收錄,0,0,,,,,,,,,,,,,,,
新北市新店及人非營利幼兒園(財團法人新北市私立及人高級中學申請辦理),非營利,112,未申報或鏡像未收錄,0,0,,,,,,,,,,,,,,,
新北市新店及人非營利幼兒園(財團法人新北市私立及人高級中學申請辦理),非營利,113,未申報或鏡像未收錄,0,0,,,,,,,,,,,,,,,
新北市新店及人非營利幼兒園(財團法人新北市私立及人高級中學申請辦理),非營利,114,未申報或鏡像未收錄,0,0,,,,,,,,,,,,,,,
新北市新店民安非營利幼兒園（委託康寧學校財團法人康寧大學辦理）,非營利,109,未申報或鏡像未收錄,0,0,,,,,,,,,,,,,,,
新北市新店民安非營利幼兒園（委託康寧學校財團法人康寧大學辦理）,非營利,110,未申報或鏡像未收錄,0,0,,,,,,,,,,,,,,,
新北市新店民安非營利幼兒園（委託康寧學校財團法人康寧大學辦理）,非營利,111,未申報或鏡像未收錄,0,0,,,,,,,,,,,,,,,
新北市新店民安非營利幼兒園（委託康寧學校財團法人康寧大學辦理）,非營利,112,未申報或鏡像未收錄,0,0,,,,,,,,,,,,,,,
新北市新店民安非營利幼兒園（委託康寧學校財團法人康寧大學辦理）,非營利,113,未申報或鏡像未收錄,0,0,,,,,,,,,,,,,,,
新北市新店民安非營利幼兒園（委託康寧學校財團法人康寧大學辦理）,非營利,114,未申報或鏡像未收錄,0,0,,,,,,,,,,,,,,,
新北市新月非營利幼兒園(委託財團法人彭婉如文教基金會辦理),非營利,109,已申報,2,4,全日班,,,,,,,,,,91821.0,,,,
新北市新月非營利幼兒園(委託財團法人彭婉如文教基金會辦理),非營利,110,已申報,2,4,全日班,,,,,,,,,,91821.0,,,,
新北市新月非營利幼兒園(委託財團法人彭婉如文教基金會辦理),非營利,111,未申報或鏡像未收錄,0,0,,,,,,,,,,,,,,,
新北市新月非營利幼兒園(委託財團法人彭婉如文教基金會辦理),非營利,112,未申報或鏡像未收錄,0,0,,,,,,,,,,,,,,,
新北市新月非營利幼兒園(委託財團法人彭婉如文教基金會辦理),非營利,113,未申報或鏡像未收錄,0,0,,,,,,,,,,,,,,,
新北市新月非營利幼兒園(委託財團法人彭婉如文教基金會辦理),非營利,114,未申報或鏡像未收錄,0,0,,,,,,,,,,,,,,,
新北市新林非營利幼兒園(委託明新學校財團法人明新科技大學辦理),非營利,109,未申報或鏡像未收錄,0,0,,,,,,,,,,,,,,,
新北市新林非營利幼兒園(委託明新學校財團法人明新科技大學辦理),非營利,110,未申報或鏡像未收錄,0,0,,,,,,,,,,,,,,,
新北市新林非營利幼兒園(委託明新學校財團法人明新科技大學辦理),非營利,111,未申報或鏡像未收錄,0,0,,,,,,,,,,,,,,,
新北市新林非營利幼兒園(委託明新學校財團法人明新科技大學辦理),非營利,112,未申報或鏡像未收錄,0,0,,,,,,,,,,,,,,,
新北市新林非營利幼兒園(委託明新學校財團法人明新科技大學辦理),非營利,113,未申報或鏡像未收錄,0,0,,,,,,,,,,,,,,,
新北市新林非營利幼兒園(委託明新學校財團法人明新科技大學辦理),非營利,114,未申報或鏡像未收錄,0,0,,,,,,,,,,,,,,,
新北市新林非營利幼兒園(委託社團法人中華音樂舞蹈暨表演藝術教育協會辦理),非營利,109,已申報,2,4,全日班,,,,,,,,,,96534.0,,,,
新北市新林非營利幼兒園(委託社團法人中華音樂舞蹈暨表演藝術教育協會辦理),非營利,110,已申報,2,4,全日班,,,,,,,,,,96534.0,,,,
新北市新林非營利幼兒園(委託社團法人中華音樂舞蹈暨表演藝術教育協會辦理),非營利,111,未申報或鏡像未收錄,0,0,,,,,,,,,,,,,,,
新北市新林非營利幼兒園(委託社團法人中華音樂舞蹈暨表演藝術教育協會辦理),非營利,112,未申報或鏡像未收錄,0,0,,,,,,,,,,,,,,,
新北市新林非營利幼兒園(委託社團法人中華音樂舞蹈暨表演藝術教育協會辦理),非營利,113,未申報或鏡像未收錄,0,0,,,,,,,,,,,,,,,
新北市新林非營利幼兒園(委託社團法人中華音樂舞蹈暨表演藝術教育協會辦理),非營利,114,未申報或鏡像未收錄,0,0,,,,,,,,,,,,,,,
新北市新樂非營利幼兒園(委託財團法人三之三生命教育基金會辦理),非營利,109,未申報或鏡像未收錄,0,0,,,,,,,,,,,,,,,
新北市新樂非營利幼兒園(委託財團法人三之三生命教育基金會辦理),非營利,110,已申報,2,4,全日班,,,,,,,,,,110451.0,,,,
新北市新樂非營利幼兒園(委託財團法人三之三生命教育基金會辦理),非營利,111,未申報或鏡像未收錄,0,0,,,,,,,,,,,,,,,
新北市新樂非營利幼兒園(委託財團法人三之三生命教育基金會辦理),非營利,112,未申報或鏡像未收錄,0,0,,,,,,,,,,,,,,,
新北市新樂非營利幼兒園(委託財團法人三之三生命教育基金會辦理),非營利,113,未申報或鏡像未收錄,0,0,,,,,,,,,,,,,,,
新北市新樂非營利幼兒園(委託財團法人三之三生命教育基金會辦理),非營利,114,未申報或鏡像未收錄,0,0,,,,,,,,,,,,,,,
新北市新莊區中信國民小學附設幼兒園,公立,109,已申報,2,3,全日班,14000.0,1350.0,2700.0,1800.0,6300.0,7200.0,,,200.0,33350.0,15350.0,13500.0,18000.0,33350.0
新北市新莊區中信國民小學附設幼兒園,公立,110,已申報,2,3,全日班,14000.0,1350.0,2700.0,1800.0,6300.0,7200.0,,,200.0,33350.0,15350.0,13500.0,18000.0,33350.0
新北市新莊區中信國民小學附設幼兒園,公立,111,已申報,2,3,全日班,14000.0,1350.0,2700.0,1800.0,6300.0,7200.0,,,200.0,33350.0,15350.0,13500.0,18000.0,33350.0
新北市新莊區中信國民小學附設幼兒園,公立,112,已申報,2,3,全日班,14000.0,1350.0,2700.0,1800.0,6300.0,7200.0,,,200.0,33350.0,15350.0,13500.0,18000.0,33350.0
新北市新莊區中信國民小學附設幼兒園,公立,113,已申報,2,3,全日班,14000.0,1350.0,2700.0,1800.0,6300.0,7200.0,,,200.0,33350.0,15350.0,13500.0,18000.0,33350.0
新北市新莊區中信國民小學附設幼兒園,公立,114,已申報,2,3,全日班,14000.0,1350.0,2700.0,1800.0,6300.0,7200.0,,,200.0,33350.0,15350.0,13500.0,18000.0,33350.0
新北市新莊區中港國民小學附設幼兒園,公立,109,已申報,2,4,全日班,14000.0,1350.0,2700.0,1800.0,6300.0,7200.0,0.0,0.0,200.0,33350.0,15350.0,13500.0,18000.0,33350.0
新北市新莊區中港國民小學附設幼兒園,公立,110,已申報,2,4,全日班,14000.0,1350.0,2700.0,1800.0,6300.0,7200.0,0.0,0.0,200.0,33350.0,15350.0,13500.0,18000.0,33350.0
新北市新莊區中港國民小學附設幼兒園,公立,111,已申報,2,4,全日班,14000.0,1350.0,2700.0,1800.0,6300.0,7200.0,0.0,0.0,200.0,33350.0,15350.0,13500.0,18000.0,33350.0
新北市新莊區中港國民小學附設幼兒園,公立,112,已申報,2,4,全日班,14000.0,1350.0,2700.0,1800.0,6300.0,7200.0,0.0,0.0,200.0,33350.0,15350.0,13500.0,18000.0,33350.0
新北市新莊區中港國民小學附設幼兒園,公立,113,已申報,2,4,全日班,14000.0,1350.0,2700.0,1800.0,6300.0,7200.0,0.0,0.0,200.0,33350.0,15350.0,13500.0,18000.0,33350.0
新北市新莊區中港國民小學附設幼兒園,公立,114,已申報,2,4,全日班,14000.0,1350.0,2700.0,1800.0,6300.0,7200.0,0.0,0.0,200.0,33350.0,15350.0,13500.0,18000.0,33350.0
新北市新莊區丹鳳國民小學附設幼兒園,公立,109,已申報,2,3,全日班,14000.0,1350.0,2700.0,1800.0,6300.0,7200.0,,,200.0,33350.0,15350.0,13500.0,18000.0,33350.0
新北市新莊區丹鳳國民小學附設幼兒園,公立,110,已申報,2,3,全日班,14000.0,1350.0,2700.0,1800.0,6300.0,7200.0,,,200.0,33350.0,15350.0,13500.0,18000.0,33350.0
新北市新莊區丹鳳國民小學附設幼兒園,公立,111,已申報,2,3,全日班,14000.0,1350.0,2700.0,1800.0,6300.0,7200.0,,,200.0,33350.0,15350.0,13500.0,18000.0,33350.0
新北市新莊區丹鳳國民小學附設幼兒園,公立,112,已申報,2,3,全日班,14000.0,1350.0,2700.0,1800.0,6300.0,7200.0,,,200.0,33350.0,15350.0,13500.0,18000.0,33350.0
新北市新莊區丹鳳國民小學附設幼兒園,公立,113,已申報,2,3,全日班,14000.0,1350.0,2700.0,1800.0,6300.0,7200.0,,,200.0,33350.0,15350.0,13500.0,18000.0,33350.0
新北市新莊區丹鳳國民小學附設幼兒園,公立,114,已申報,2,3,全日班,14000.0,1350.0,2700.0,1800.0,6300.0,7200.0,,,200.0,33350.0,15350.0,13500.0,18000.0,33350.0
新北市新莊區光華國民小學附設幼兒園,公立,109,已申報,2,3,全日班,14000.0,1350.0,2700.0,1800.0,6300.0,7200.0,,,200.0,33350.0,15350.0,13500.0,18000.0,33350.0
新北市新莊區光華國民小學附設幼兒園,公立,110,已申報,2,3,全日班,14000.0,1350.0,2700.0,1800.0,6300.0,7200.0,,,200.0,33350.0,15350.0,13500.0,18000.0,33350.0
新北市新莊區光華國民小學附設幼兒園,公立,111,已申報,2,3,全日班,14000.0,1350.0,2700.0,1800.0,6300.0,7200.0,,,200.0,33350.0,15350.0,13500.0,18000.0,33350.0
新北市新莊區光華國民小學附設幼兒園,公立,112,已申報,2,3,全日班,14000.0,1350.0,2700.0,1800.0,6300.0,7200.0,,,200.0,33350.0,15350.0,13500.0,18000.0,33350.0
新北市新莊區光華國民小學附設幼兒園,公立,113,已申報,2,3,全日班,14000.0,1350.0,2700.0,1800.0,6300.0,7200.0,,,200.0,33350.0,15350.0,13500.0,18000.0,33350.0
新北市新莊區光華國民小學附設幼兒園,公立,114,已申報,2,3,全日班,14000.0,1350.0,2700.0,1800.0,6300.0,7200.0,,,200.0,33350.0,15350.0,13500.0,18000.0,33350.0
新北市新莊區國泰國民小學附設幼兒園,公立,109,已申報,2,4,全日班,14000.0,1350.0,2700.0,1800.0,6300.0,7200.0,,,200.0,33350.0,15350.0,13500.0,18000.0,33350.0
新北市新莊區國泰國民小學附設幼兒園,公立,110,已申報,2,4,全日班,14000.0,1350.0,2700.0,1800.0,6300.0,7200.0,,,200.0,33350.0,15350.0,13500.0,18000.0,33350.0
新北市新莊區國泰國民小學附設幼兒園,公立,111,已申報,2,4,全日班,14000.0,1350.0,2700.0,1800.0,6300.0,7200.0,,,200.0,33350.0,15350.0,13500.0,18000.0,33350.0
新北市新莊區國泰國民小學附設幼兒園,公立,112,已申報,2,4,全日班,14000.0,1350.0,2700.0,1800.0,6300.0,7200.0,,,200.0,33350.0,15350.0,13500.0,18000.0,33350.0
新北市新莊區國泰國民小學附設幼兒園,公立,113,已申報,2,4,全日班,14000.0,1350.0,2700.0,1800.0,6300.0,7200.0,,,200.0,33350.0,15350.0,13500.0,18000.0,33350.0
新北市新莊區國泰國民小學附設幼兒園,公立,114,已申報,2,4,全日班,14000.0,1350.0,2700.0,1800.0,6300.0,7200.0,,,200.0,33350.0,15350.0,13500.0,18000.0,33350.0
新北市新莊區思賢國民小學附設幼兒園,公立,109,已申報,2,4,全日班,14000.0,1350.0,2700.0,1800.0,6300.0,7200.0,0.0,,200.0,33350.0,15350.0,13500.0,18000.0,33350.0
新北市新莊區思賢國民小學附設幼兒園,公立,110,已申報,2,4,全日班,14000.0,1350.0,2700.0,1800.0,6300.0,7200.0,0.0,,200.0,33350.0,15350.0,13500.0,18000.0,33350.0
新北市新莊區思賢國民小學附設幼兒園,公立,111,已申報,2,4,全日班,14000.0,1350.0,2700.0,1800.0,6300.0,7200.0,0.0,,200.0,33350.0,15350.0,13500.0,18000.0,33350.0
新北市新莊區思賢國民小學附設幼兒園,公立,112,已申報,2,4,全日班,14000.0,1350.0,2700.0,1800.0,6300.0,7200.0,0.0,,200.0,33350.0,15350.0,13500.0,18000.0,33350.0
新北市新莊區思賢國民小學附設幼兒園,公立,113,已申報,2,4,全日班,14000.0,1350.0,2700.0,1800.0,6300.0,7200.0,0.0,,200.0,33350.0,15350.0,13500.0,18000.0,33350.0
新北市新莊區思賢國民小學附設幼兒園,公立,114,已申報,2,4,全日班,14000.0,1350.0,2700.0,1800.0,6300.0,7200.0,0.0,,200.0,33350.0,15350.0,13500.0,18000.0,33350.0
新北市新莊區新泰國民小學附設幼兒園,公立,109,已申報,2,4,全日班,14000.0,1350.0,2700.0,1800.0,6300.0,7200.0,,,200.0,33350.0,15350.0,13500.0,18000.0,33350.0
新北市新莊區新泰國民小學附設幼兒園,公立,110,已申報,2,4,全日班,14000.0,1350.0,2700.0,1800.0,6300.0,7200.0,,,200.0,33350.0,15350.0,13500.0,18000.0,33350.0
新北市新莊區新泰國民小學附設幼兒園,公立,111,已申報,2,4,全日班,14000.0,1350.0,2700.0,1800.0,6300.0,7200.0,,,200.0,33350.0,15350.0,13500.0,18000.0,33350.0
新北市新莊區新泰國民小學附設幼兒園,公立,112,已申報,2,4,全日班,14000.0,1350.0,2700.0,1800.0,6300.0,7200.0,,,200.0,33350.0,15350.0,13500.0,18000.0,33350.0
新北市新莊區新泰國民小學附設幼兒園,公立,113,已申報,2,4,全日班,14000.0,1350.0,2700.0,1800.0,6300.0,7200.0,,,200.0,33350.0,15350.0,13500.0,18000.0,33350.0
新北市新莊區新泰國民小學附設幼兒園,公立,114,已申報,2,4,全日班,14000.0,1350.0,2700.0,1800.0,6300.0,7200.0,,,200.0,33350.0,15350.0,13500.0,18000.0,33350.0
新北市新莊區新莊國民小學附設幼兒園,公立,109,已申報,2,3,全日班,14000.0,1350.0,2700.0,1800.0,6300.0,7200.0,,,200.0,33350.0,15350.0,13500.0,18000.0,33350.0
新北市新莊區新莊國民小學附設幼兒園,公立,110,已申報,2,3,全日班,14000.0,1350.0,2700.0,1800.0,6300.0,7200.0,,,200.0,33350.0,15350.0,13500.0,18000.0,33350.0
新北市新莊區新莊國民小學附設幼兒園,公立,111,已申報,2,3,全日班,14000.0,1350.0,2700.0,1800.0,6300.0,7200.0,,,200.0,33350.0,15350.0,13500.0,18000.0,33350.0
新北市新莊區新莊國民小學附設幼兒園,公立,112,已申報,2,3,全日班,14000.0,1350.0,2700.0,1800.0,6300.0,7200.0,,,200.0,33350.0,15350.0,13500.0,18000.0,33350.0
新北市新莊區新莊國民小學附設幼兒園,公立,113,已申報,2,3,全日班,14000.0,1350.0,2700.0,1800.0,6300.0,7200.0,,,200.0,33350.0,15350.0,13500.0,18000.0,33350.0
新北市新莊區新莊國民小學附設幼兒園,公立,114,已申報,2,3,全日班,14000.0,1350.0,2700.0,1800.0,6300.0,7200.0,,,200.0,33350.0,15350.0,13500.0,18000.0,33350.0
新北市新莊區昌隆國民小學附設幼兒園,公立,109,已申報,2,4,全日班,14000.0,1350.0,2700.0,1800.0,6300.0,7200.0,,,200.0,33350.0,15350.0,13500.0,18000.0,33350.0
新北市新莊區昌隆國民小學附設幼兒園,公立,110,已申報,2,4,全日班,14000.0,1350.0,2700.0,1800.0,6300.0,7200.0,,,200.0,33350.0,15350.0,13500.0,18000.0,33350.0
新北市新莊區昌隆國民小學附設幼兒園,公立,111,已申報,2,4,全日班,14000.0,1350.0,2700.0,1800.0,6300.0,7200.0,,,200.0,33350.0,15350.0,13500.0,18000.0,33350.0
新北市新莊區昌隆國民小學附設幼兒園,公立,112,已申報,2,4,全日班,14000.0,1350.0,2700.0,1800.0,6300.0,7200.0,,,200.0,33350.0,15350.0,13500.0,18000.0,33350.0
新北市新莊區昌隆國民小學附設幼兒園,公立,113,已申報,2,4,全日班,14000.0,1350.0,2700.0,1800.0,6300.0,7200.0,,,200.0,33350.0,15350.0,13500.0,18000.0,33350.0
新北市新莊區昌隆國民小學附設幼兒園,公立,114,已申報,2,4,全日班,14000.0,1350.0,2700.0,1800.0,6300.0,7200.0,,,200.0,33350.0,15350.0,13500.0,18000.0,33350.0
新北市新莊區榮富國民小學附設幼兒園,公立,109,已申報,2,3,全日班,14000.0,1350.0,2700.0,1800.0,6300.0,7200.0,,,200.0,33350.0,15350.0,13500.0,18000.0,33350.0
新北市新莊區榮富國民小學附設幼兒園,公立,110,已申報,2,3,全日班,14000.0,1350.0,2700.0,1800.0,6300.0,7200.0,,,200.0,33350.0,15350.0,13500.0,18000.0,33350.0
新北市新莊區榮富國民小學附設幼兒園,公立,111,已申報,2,3,全日班,14000.0,1350.0,2700.0,1800.0,6300.0,7200.0,,,200.0,33350.0,15350.0,13500.0,18000.0,33350.0
新北市新莊區榮富國民小學附設幼兒園,公立,112,已申報,2,3,全日班,14000.0,1350.0,2700.0,1800.0,6300.0,7200.0,,,200.0,33350.0,15350.0,13500.0,18000.0,33350.0
新北市新莊區榮富國民小學附設幼兒園,公立,113,已申報,2,3,全日班,14000.0,1350.0,2700.0,1800.0,6300.0,7200.0,,,200.0,33350.0,15350.0,13500.0,18000.0,33350.0
新北市新莊區榮富國民小學附設幼兒園,公立,114,已申報,2,3,全日班,14000.0,1350.0,2700.0,1800.0,6300.0,7200.0,,,200.0,33350.0,15350.0,13500.0,18000.0,33350.0
新北市新莊區民安國民小學附設幼兒園,公立,109,已申報,2,3,全日班,14000.0,1350.0,2700.0,1800.0,6300.0,7200.0,,,200.0,33350.0,15350.0,13500.0,18000.0,33350.0
新北市新莊區民安國民小學附設幼兒園,公立,110,已申報,2,3,全日班,14000.0,1350.0,2700.0,1800.0,6300.0,7200.0,,,200.0,33350.0,15350.0,13500.0,18000.0,33350.0
新北市新莊區民安國民小學附設幼兒園,公立,111,已申報,2,3,全日班,14000.0,1350.0,2700.0,1800.0,6300.0,7200.0,,,200.0,33350.0,15350.0,13500.0,18000.0,33350.0
新北市新莊區民安國民小學附設幼兒園,公立,112,已申報,2,3,全日班,14000.0,1350.0,2700.0,1800.0,6300.0,7200.0,,,200.0,33350.0,15350.0,13500.0,18000.0,33350.0
新北市新莊區民安國民小學附設幼兒園,公立,113,已申報,2,3,全日班,14000.0,1350.0,2700.0,1800.0,6300.0,7200.0,,,200.0,33350.0,15350.0,13500.0,18000.0,33350.0
新北市新莊區民安國民小學附設幼兒園,公立,114,已申報,2,3,全日班,14000.0,1350.0,2700.0,1800.0,6300.0,7200.0,,,200.0,33350.0,15350.0,13500.0,18000.0,33350.0
新北市新莊區興化國民小學附設幼兒園,公立,109,已申報,2,3,全日班,14000.0,1350.0,2700.0,1800.0,6300.0,7200.0,,,200.0,33350.0,15350.0,13500.0,18000.0,33350.0
新北市新莊區興化國民小學附設幼兒園,公立,110,已申報,2,3,全日班,14000.0,1350.0,2700.0,1800.0,6300.0,7200.0,,,200.0,33350.0,15350.0,13500.0,18000.0,33350.0
新北市新莊區興化國民小學附設幼兒園,公立,111,已申報,2,4,全日班,14000.0,1350.0,2700.0,1800.0,6300.0,7200.0,,,200.0,33350.0,15350.0,13500.0,18000.0,33350.0
新北市新莊區興化國民小學附設幼兒園,公立,112,已申報,2,4,全日班,14000.0,1350.0,2700.0,1800.0,6300.0,7200.0,,,200.0,33350.0,15350.0,13500.0,18000.0,33350.0
新北市新莊區興化國民小學附設幼兒園,公立,113,已申報,2,4,全日班,14000.0,1350.0,2700.0,1800.0,6300.0,7200.0,,,200.0,33350.0,15350.0,13500.0,18000.0,33350.0
新北市新莊區興化國民小學附設幼兒園,公立,114,已申報,2,4,全日班,14000.0,1350.0,2700.0,1800.0,6300.0,7200.0,,,200.0,33350.0,15350.0,13500.0,18000.0,33350.0
新北市新莊區裕民國民小學附設幼兒園,公立,109,已申報,2,3,全日班,14000.0,1350.0,2700.0,1800.0,6300.0,7200.0,0.0,0.0,166.67,33350.0,15350.0,13500.0,18000.0,33350.0
新北市新莊區裕民國民小學附設幼兒園,公立,110,已申報,2,3,全日班,14000.0,1350.0,2700.0,1800.0,6300.0,7200.0,0.0,0.0,166.67,33350.0,15350.0,13500.0,18000.0,33350.0
新北市新莊區裕民國民小學附設幼兒園,公立,111,已申報,2,3,全日班,14000.0,1350.0,2700.0,1800.0,6300.0,7200.0,0.0,0.0,166.67,33350.0,15350.0,13500.0,18000.0,33350.0
新北市新莊區裕民國民小學附設幼兒園,公立,112,已申報,2,3,全日班,14000.0,1350.0,2700.0,1800.0,6300.0,7200.0,0.0,0.0,166.67,33350.0,15350.0,13500.0,18000.0,33350.0
新北市新莊區裕民國民小學附設幼兒園,公立,113,已申報,2,3,全日班,14000.0,1350.0,2700.0,1800.0,6300.0,7200.0,0.0,0.0,166.67,33350.0,15350.0,13500.0,18000.0,33350.0
新北市新莊區裕民國民小學附設幼兒園,公立,114,已申報,2,3,全日班,14000.0,1350.0,2700.0,1800.0,6300.0,7200.0,0.0,0.0,166.67,33350.0,15350.0,13500.0,18000.0,33350.0
新北市新莊區豐年國民小學附設幼兒園,公立,109,已申報,2,3,全日班,14000.0,1350.0,2700.0,1800.0,6300.0,7200.0,,,200.0,33350.0,15350.0,13500.0,18000.0,33350.0
新北市新莊區豐年國民小學附設幼兒園,公立,110,已申報,2,3,全日班,14000.0,1350.0,2700.0,1800.0,6300.0,7200.0,,,200.0,33350.0,15350.0,13500.0,18000.0,33350.0
新北市新莊區豐年國民小學附設幼兒園,公立,111,已申報,2,4,全日班,14000.0,1350.0,2700.0,1800.0,6300.0,7200.0,,,200.0,33350.0,15350.0,13500.0,18000.0,33350.0
新北市新莊區豐年國民小學附設幼兒園,公立,112,已申報,2,4,全日班,14000.0,1350.0,2700.0,1800.0,6300.0,7200.0,,,200.0,33350.0,15350.0,13500.0,18000.0,33350.0
新北市新莊區豐年國民小學附設幼兒園,公立,113,已申報,2,4,全日班,14000.0,1350.0,2700.0,1800.0,6300.0,7200.0,,,200.0,33350.0,15350.0,13500.0,18000.0,33350.0
新北市新莊區豐年國民小學附設幼兒園,公立,114,已申報,2,4,全日班,14000.0,1350.0,2700.0,1800.0,6300.0,7200.0,,,200.0,33350.0,15350.0,13500.0,18000.0,33350.0
新北市新莊區頭前國民小學附設幼兒園,公立,109,已申報,2,3,全日班,14000.0,1350.0,2700.0,1800.0,6300.0,7200.0,,,200.0,33350.0,15350.0,13500.0,18000.0,33350.0
新北市新莊區頭前國民小學附設幼兒園,公立,110,已申報,2,3,全日班,14000.0,1350.0,2700.0,1800.0,6300.0,7200.0,,,200.0,33350.0,15350.0,13500.0,18000.0,33350.0
新北市新莊區頭前國民小學附設幼兒園,公立,111,已申報,2,3,全日班,14000.0,1350.0,2700.0,1800.0,6300.0,7200.0,,,200.0,33350.0,15350.0,13500.0,18000.0,33350.0
新北市新莊區頭前國民小學附設幼兒園,公立,112,已申報,2,3,全日班,14000.0,1350.0,2700.0,1800.0,6300.0,7200.0,,,200.0,33350.0,15350.0,13500.0,18000.0,33350.0
新北市新莊區頭前國民小學附設幼兒園,公立,113,已申報,2,3,全日班,14000.0,1350.0,2700.0,1800.0,6300.0,7200.0,,,200.0,33350.0,15350.0,13500.0,18000.0,33350.0
新北市新莊區頭前國民小學附設幼兒園,公立,114,已申報,2,3,全日班,14000.0,1350.0,2700.0,1800.0,6300.0,7200.0,,,200.0,33350.0,15350.0,13500.0,18000.0,33350.0
新北市昌平非營利幼兒園（委託財團法人三之三生命教育基金會辦理）,非營利,109,未申報或鏡像未收錄,0,0,,,,,,,,,,,,,,,
新北市昌平非營利幼兒園（委託財團法人三之三生命教育基金會辦理）,非營利,110,已申報,2,3,全日班,,,,,,,,,,97872.0,,,,
新北市昌平非營利幼兒園（委託財團法人三之三生命教育基金會辦理）,非營利,111,未申報或鏡像未收錄,0,0,,,,,,,,,,,,,,,
新北市昌平非營利幼兒園（委託財團法人三之三生命教育基金會辦理）,非營利,112,未申報或鏡像未收錄,0,0,,,,,,,,,,,,,,,
新北市昌平非營利幼兒園（委託財團法人三之三生命教育基金會辦理）,非營利,113,未申報或鏡像未收錄,0,0,,,,,,,,,,,,,,,
新北市昌平非營利幼兒園（委託財團法人三之三生命教育基金會辦理）,非營利,114,未申報或鏡像未收錄,0,0,,,,,,,,,,,,,,,
新北市昌福非營利幼兒園(委託中華民國文教產業發展暨補習服務品保協會辦理),非營利,109,已申報,2,3,全日班,,,,,,,,,,99972.0,,,,
新北市昌福非營利幼兒園(委託中華民國文教產業發展暨補習服務品保協會辦理),非營利,110,已申報,2,3,全日班,,,,,,,,,,99972.0,,,,
新北市昌福非營利幼兒園(委託中華民國文教產業發展暨補習服務品保協會辦理),非營利,111,未申報或鏡像未收錄,0,0,,,,,,,,,,,,,,,
新北市昌福非營利幼兒園(委託中華民國文教產業發展暨補習服務品保協會辦理),非營利,112,未申報或鏡像未收錄,0,0,,,,,,,,,,,,,,,
新北市昌福非營利幼兒園(委託中華民國文教產業發展暨補習服務品保協會辦理),非營利,113,未申報或鏡像未收錄,0,0,,,,,,,,,,,,,,,
新北市昌福非營利幼兒園(委託中華民國文教產業發展暨補習服務品保協會辦理),非營利,114,未申報或鏡像未收錄,0,0,,,,,,,,,,,,,,,
新北市昌福非營利幼兒園（委託明新學校財團法人明新科技大學辦理）,非營利,109,未申報或鏡像未收錄,0,0,,,,,,,,,,,,,,,
新北市昌福非營利幼兒園（委託明新學校財團法人明新科技大學辦理）,非營利,110,未申報或鏡像未收錄,0,0,,,,,,,,,,,,,,,
新北市昌福非營利幼兒園（委託明新學校財團法人明新科技大學辦理）,非營利,111,未申報或鏡像未收錄,0,0,,,,,,,,,,,,,,,
新北市昌福非營利幼兒園（委託明新學校財團法人明新科技大學辦理）,非營利,112,未申報或鏡像未收錄,0,0,,,,,,,,,,,,,,,
新北市昌福非營利幼兒園（委託明新學校財團法人明新科技大學辦理）,非營利,113,未申報或鏡像未收錄,0,0,,,,,,,,,,,,,,,
新北市昌福非營利幼兒園（委託明新學校財團法人明新科技大學辦理）,非營利,114,未申報或鏡像未收錄,0,0,,,,,,,,,,,,,,,
新北市明德非營利幼兒園（委託社團法人中華幼兒創造思考教育學會辦理）,非營利,109,未申報或鏡像未收錄,0,0,,,,,,,,,,,,,,,
新北市明德非營利幼兒園（委託社團法人中華幼兒創造思考教育學會辦理）,非營利,110,未申報或鏡像未收錄,0,0,,,,,,,,,,,,,,,
新北市明德非營利幼兒園（委託社團法人中華幼兒創造思考教育學會辦理）,非營利,111,未申報或鏡像未收錄,0,0,,,,,,,,,,,,,,,
新北市明德非營利幼兒園（委託社團法人中華幼兒創造思考教育學會辦理）,非營利,112,未申報或鏡像未收錄,0,0,,,,,,,,,,,,,,,
新北市明德非營利幼兒園（委託社團法人中華幼兒創造思考教育學會辦理）,非營利,113,未申報或鏡像未收錄,0,0,,,,,,,,,,,,,,,
新北市明德非營利幼兒園（委託社團法人中華幼兒創造思考教育學會辦理）,非營利,114,未申報或鏡像未收錄,0,0,,,,,,,,,,,,,,,
新北市東湖非營利幼兒園(委託社團法人新北市巧湖溫馨關懷發展協會辦理),非營利,109,未申報或鏡像未收錄,0,0,,,,,,,,,,,,,,,
新北市東湖非營利幼兒園(委託社團法人新北市巧湖溫馨關懷發展協會辦理),非營利,110,未申報或鏡像未收錄,0,0,,,,,,,,,,,,,,,
新北市東湖非營利幼兒園(委託社團法人新北市巧湖溫馨關懷發展協會辦理),非營利,111,未申報或鏡像未收錄,0,0,,,,,,,,,,,,,,,
新北市東湖非營利幼兒園(委託社團法人新北市巧湖溫馨關懷發展協會辦理),非營利,112,未申報或鏡像未收錄,0,0,,,,,,,,,,,,,,,
新北市東湖非營利幼兒園(委託社團法人新北市巧湖溫馨關懷發展協會辦理),非營利,113,未申報或鏡像未收錄,0,0,,,,,,,,,,,,,,,
新北市東湖非營利幼兒園(委託社團法人新北市巧湖溫馨關懷發展協會辦理),非營利,114,未申報或鏡像未收錄,0,0,,,,,,,,,,,,,,,
新北市板橋區中山國民小學附設幼兒園,公立,109,已申報,2,3,全日班,14000.0,1350.0,2700.0,1800.0,6300.0,7200.0,,,200.0,33350.0,15350.0,13500.0,18000.0,33350.0
新北市板橋區中山國民小學附設幼兒園,公立,110,已申報,2,3,全日班,14000.0,1350.0,2700.0,1800.0,6300.0,7200.0,,,200.0,33350.0,15350.0,13500.0,18000.0,33350.0
新北市板橋區中山國民小學附設幼兒園,公立,111,已申報,2,3,全日班,14000.0,1350.0,2700.0,1800.0,6300.0,7200.0,,,200.0,33350.0,15350.0,13500.0,18000.0,33350.0
新北市板橋區中山國民小學附設幼兒園,公立,112,已申報,2,3,全日班,14000.0,1350.0,2700.0,1800.0,6300.0,7200.0,,,200.0,33350.0,15350.0,13500.0,18000.0,33350.0
新北市板橋區中山國民小學附設幼兒園,公立,113,已申報,2,3,全日班,14000.0,1350.0,2700.0,1800.0,6300.0,7200.0,,,200.0,33350.0,15350.0,13500.0,18000.0,33350.0
新北市板橋區中山國民小學附設幼兒園,公立,114,已申報,2,3,全日班,14000.0,1350.0,2700.0,1800.0,6300.0,7200.0,,,200.0,33350.0,15350.0,13500.0,18000.0,33350.0
新北市板橋區信義國民小學附設幼兒園,公立,109,已申報,2,4,全日班,14000.0,1350.0,2700.0,1800.0,6300.0,7200.0,,,200.0,33350.0,15350.0,13500.0,18000.0,33350.0
新北市板橋區信義國民小學附設幼兒園,公立,110,已申報,2,4,全日班,14000.0,1350.0,2700.0,1800.0,6300.0,7200.0,,,200.0,33350.0,15350.0,13500.0,18000.0,33350.0
新北市板橋區信義國民小學附設幼兒園,公立,111,已申報,2,4,全日班,14000.0,1350.0,2700.0,1800.0,6300.0,7200.0,,,200.0,33350.0,15350.0,13500.0,18000.0,33350.0
新北市板橋區信義國民小學附設幼兒園,公立,112,已申報,2,4,全日班,14000.0,1350.0,2700.0,1800.0,6300.0,7200.0,,,200.0,33350.0,15350.0,13500.0,18000.0,33350.0
新北市板橋區信義國民小學附設幼兒園,公立,113,已申報,2,4,全日班,14000.0,1350.0,2700.0,1800.0,6300.0,7200.0,,,200.0,33350.0,15350.0,13500.0,18000.0,33350.0
新北市板橋區信義國民小學附設幼兒園,公立,114,已申報,2,4,全日班,14000.0,1350.0,2700.0,1800.0,6300.0,7200.0,,,200.0,33350.0,15350.0,13500.0,18000.0,33350.0
新北市板橋區國光國民小學附設幼兒園,公立,109,已申報,2,4,全日班,14000.0,1350.0,2700.0,1800.0,6300.0,7200.0,,,200.0,33350.0,15350.0,13500.0,18000.0,33350.0
新北市板橋區國光國民小學附設幼兒園,公立,110,已申報,2,4,全日班,14000.0,1350.0,2700.0,1800.0,6300.0,7200.0,,,200.0,33350.0,15350.0,13500.0,18000.0,33350.0
新北市板橋區國光國民小學附設幼兒園,公立,111,已申報,2,4,全日班,14000.0,1350.0,2700.0,1800.0,6300.0,7200.0,,,200.0,33350.0,15350.0,13500.0,18000.0,33350.0
新北市板橋區國光國民小學附設幼兒園,公立,112,已申報,2,4,全日班,14000.0,1350.0,2700.0,1800.0,6300.0,7200.0,,,200.0,33350.0,15350.0,13500.0,18000.0,33350.0
新北市板橋區國光國民小學附設幼兒園,公立,113,已申報,2,4,全日班,14000.0,1350.0,2700.0,1800.0,6300.0,7200.0,,,200.0,33350.0,15350.0,13500.0,18000.0,33350.0
新北市板橋區國光國民小學附設幼兒園,公立,114,已申報,2,4,全日班,14000.0,1350.0,2700.0,1800.0,6300.0,7200.0,,,200.0,33350.0,15350.0,13500.0,18000.0,33350.0
新北市板橋區埔墘國民小學附設幼兒園,公立,109,已申報,2,3,全日班,14000.0,1350.0,2700.0,1800.0,6300.0,7200.0,,,200.0,33350.0,15350.0,13500.0,18000.0,33350.0
新北市板橋區埔墘國民小學附設幼兒園,公立,110,已申報,2,3,全日班,14000.0,1350.0,2700.0,1800.0,6300.0,7200.0,,,200.0,33350.0,15350.0,13500.0,18000.0,33350.0
新北市板橋區埔墘國民小學附設幼兒園,公立,111,已申報,2,4,全日班,14000.0,1350.0,2700.0,1800.0,6300.0,7200.0,,,200.0,33350.0,15350.0,13500.0,18000.0,33350.0
新北市板橋區埔墘國民小學附設幼兒園,公立,112,已申報,2,4,全日班,14000.0,1350.0,2700.0,1800.0,6300.0,7200.0,,,200.0,33350.0,15350.0,13500.0,18000.0,33350.0
新北市板橋區埔墘國民小學附設幼兒園,公立,113,已申報,2,4,全日班,14000.0,1350.0,2700.0,1800.0,6300.0,7200.0,,,200.0,33350.0,15350.0,13500.0,18000.0,33350.0
新北市板橋區埔墘國民小學附設幼兒園,公立,114,已申報,2,4,全日班,14000.0,1350.0,2700.0,1800.0,6300.0,7200.0,,,200.0,33350.0,15350.0,13500.0,18000.0,33350.0
新北市板橋區大觀國民小學附設幼兒園,公立,109,已申報,2,3,全日班,14000.0,1350.0,2700.0,1800.0,6300.0,7200.0,,,200.0,33350.0,15350.0,13500.0,18000.0,33350.0
新北市板橋區大觀國民小學附設幼兒園,公立,110,已申報,2,3,全日班,14000.0,1350.0,2700.0,1800.0,6300.0,7200.0,,,200.0,33350.0,15350.0,13500.0,18000.0,33350.0
新北市板橋區大觀國民小學附設幼兒園,公立,111,已申報,2,3,全日班,14000.0,1350.0,2700.0,1800.0,6300.0,7200.0,,,200.0,33350.0,15350.0,13500.0,18000.0,33350.0
新北市板橋區大觀國民小學附設幼兒園,公立,112,已申報,2,3,全日班,14000.0,1350.0,2700.0,1800.0,6300.0,7200.0,,,200.0,33350.0,15350.0,13500.0,18000.0,33350.0
新北市板橋區大觀國民小學附設幼兒園,公立,113,已申報,2,3,全日班,14000.0,1350.0,2700.0,1800.0,6300.0,7200.0,,,200.0,33350.0,15350.0,13500.0,18000.0,33350.0
新北市板橋區大觀國民小學附設幼兒園,公立,114,已申報,2,3,全日班,14000.0,1350.0,2700.0,1800.0,6300.0,7200.0,,,200.0,33350.0,15350.0,13500.0,18000.0,33350.0
新北市板橋區實踐國民小學附設幼兒園,公立,109,已申報,2,4,全日班|半日班,14000.0,1350.0,2700.0,1800.0,6300.0,7200.0,0.0,0.0,0.0,33350.0,15350.0,13500.0,18000.0,33350.0
新北市板橋區實踐國民小學附設幼兒園,公立,110,已申報,2,4,全日班|半日班,14000.0,1350.0,2700.0,1800.0,6300.0,7200.0,0.0,0.0,200.0,33350.0,15350.0,13500.0,18000.0,33350.0
新北市板橋區實踐國民小學附設幼兒園,公立,111,已申報,2,4,全日班|半日班,14000.0,1350.0,2700.0,1800.0,6300.0,7200.0,0.0,0.0,200.0,33350.0,15350.0,13500.0,18000.0,33350.0
新北市板橋區實踐國民小學附設幼兒園,公立,112,已申報,2,4,全日班|半日班,14000.0,1350.0,2700.0,1800.0,6300.0,7200.0,0.0,0.0,200.0,33350.0,15350.0,13500.0,18000.0,33350.0
新北市板橋區實踐國民小學附設幼兒園,公立,113,已申報,2,4,全日班|半日班,14000.0,1350.0,2700.0,1800.0,6300.0,7200.0,0.0,0.0,200.0,33350.0,15350.0,13500.0,18000.0,33350.0
新北市板橋區實踐國民小學附設幼兒園,公立,114,已申報,2,4,全日班|半日班,14000.0,1350.0,2700.0,1800.0,6300.0,7200.0,0.0,0.0,200.0,33350.0,15350.0,13500.0,18000.0,33350.0
新北市板橋區後埔國民小學附設幼兒園,公立,109,已申報,2,3,全日班,14000.0,1350.0,2700.0,1800.0,6300.0,7200.0,,,200.0,33350.0,15350.0,13500.0,18000.0,33350.0
新北市板橋區後埔國民小學附設幼兒園,公立,110,已申報,2,3,全日班,14000.0,1350.0,2700.0,1800.0,6300.0,7200.0,,,200.0,33350.0,15350.0,13500.0,18000.0,33350.0
新北市板橋區後埔國民小學附設幼兒園,公立,111,已申報,2,3,全日班,14000.0,1350.0,2700.0,1800.0,6300.0,7200.0,,,200.0,33350.0,15350.0,13500.0,18000.0,33350.0
新北市板橋區後埔國民小學附設幼兒園,公立,112,已申報,2,3,全日班,14000.0,1350.0,2700.0,1800.0,6300.0,7200.0,,,200.0,33350.0,15350.0,13500.0,18000.0,33350.0
新北市板橋區後埔國民小學附設幼兒園,公立,113,已申報,2,3,全日班,14000.0,1350.0,2700.0,1800.0,6300.0,7200.0,,,200.0,33350.0,15350.0,13500.0,18000.0,33350.0
新北市板橋區後埔國民小學附設幼兒園,公立,114,已申報,2,3,全日班,14000.0,1350.0,2700.0,1800.0,6300.0,7200.0,,,200.0,33350.0,15350.0,13500.0,18000.0,33350.0
新北市板橋區文德國民小學附設幼兒園,公立,109,已申報,2,3,全日班|半日班,14000.0,1350.0,2700.0,1800.0,6300.0,7200.0,0.0,0.0,200.0,33350.0,15350.0,13500.0,18000.0,33350.0
新北市板橋區文德國民小學附設幼兒園,公立,110,已申報,2,3,全日班,14000.0,1350.0,2700.0,1800.0,6300.0,7200.0,0.0,0.0,200.0,33350.0,15350.0,13500.0,18000.0,33350.0
新北市板橋區文德國民小學附設幼兒園,公立,111,已申報,2,3,全日班,14000.0,1350.0,2700.0,1800.0,6300.0,7200.0,0.0,0.0,200.0,33350.0,15350.0,13500.0,18000.0,33350.0
新北市板橋區文德國民小學附設幼兒園,公立,112,已申報,2,4,全日班,14000.0,1350.0,2700.0,1800.0,6300.0,7200.0,0.0,0.0,200.0,33350.0,15350.0,13500.0,18000.0,33350.0
新北市板橋區文德國民小學附設幼兒園,公立,113,已申報,2,4,全日班,14000.0,1350.0,2700.0,1800.0,6300.0,7200.0,0.0,0.0,200.0,33350.0,15350.0,13500.0,18000.0,33350.0
新北市板橋區文德國民小學附設幼兒園,公立,114,已申報,2,4,全日班,14000.0,1350.0,2700.0,1800.0,6300.0,7200.0,0.0,0.0,200.0,33350.0,15350.0,13500.0,18000.0,33350.0
新北市板橋區文聖國民小學附設幼兒園,公立,109,已申報,2,4,全日班,14000.0,1350.0,2700.0,1800.0,6300.0,7200.0,,,200.0,33350.0,15350.0,13500.0,18000.0,33350.0
新北市板橋區文聖國民小學附設幼兒園,公立,110,已申報,2,4,全日班,14000.0,1350.0,2700.0,1800.0,6300.0,7200.0,,,200.0,33350.0,15350.0,13500.0,18000.0,33350.0
新北市板橋區文聖國民小學附設幼兒園,公立,111,已申報,2,4,全日班,14000.0,1350.0,2700.0,1800.0,6300.0,7200.0,,,200.0,33350.0,15350.0,13500.0,18000.0,33350.0
新北市板橋區文聖國民小學附設幼兒園,公立,112,已申報,2,4,全日班,14000.0,1350.0,2700.0,1800.0,6300.0,7200.0,,,200.0,33350.0,15350.0,13500.0,18000.0,33350.0
新北市板橋區文聖國民小學附設幼兒園,公立,113,已申報,2,4,全日班,14000.0,1350.0,2700.0,1800.0,6300.0,7200.0,,,200.0,33350.0,15350.0,13500.0,18000.0,33350.0
新北市板橋區文聖國民小學附設幼兒園,公立,114,已申報,2,4,全日班,14000.0,1350.0,2700.0,1800.0,6300.0,7200.0,,,200.0,33350.0,15350.0,13500.0,18000.0,33350.0
新北市板橋區新埔國民小學附設幼兒園,公立,109,已申報,2,3,全日班,14000.0,1350.0,2700.0,1800.0,6300.0,7200.0,,,200.0,33350.0,15350.0,13500.0,18000.0,33350.0
新北市板橋區新埔國民小學附設幼兒園,公立,110,已申報,2,3,全日班,14000.0,1350.0,2700.0,1800.0,6300.0,7200.0,,,200.0,33350.0,15350.0,13500.0,18000.0,33350.0
新北市板橋區新埔國民小學附設幼兒園,公立,111,已申報,2,3,全日班,14000.0,1350.0,2700.0,1800.0,6300.0,7200.0,,,200.0,33350.0,15350.0,13500.0,18000.0,33350.0
新北市板橋區新埔國民小學附設幼兒園,公立,112,已申報,2,3,全日班,14000.0,1350.0,2700.0,1800.0,6300.0,7200.0,,,200.0,33350.0,15350.0,13500.0,18000.0,33350.0
新北市板橋區新埔國民小學附設幼兒園,公立,113,已申報,2,3,全日班,14000.0,1350.0,2700.0,1800.0,6300.0,7200.0,,,200.0,33350.0,15350.0,13500.0,18000.0,33350.0
新北市板橋區新埔國民小學附設幼兒園,公立,114,已申報,2,3,全日班,14000.0,1350.0,2700.0,1800.0,6300.0,7200.0,,,200.0,33350.0,15350.0,13500.0,18000.0,33350.0
新北市板橋區板橋國民小學附設幼兒園,公立,109,已申報,2,3,全日班,14000.0,1350.0,2700.0,1800.0,6300.0,7200.0,,,200.0,33350.0,15350.0,13500.0,18000.0,33350.0
新北市板橋區板橋國民小學附設幼兒園,公立,110,已申報,2,3,全日班,14000.0,1350.0,2700.0,1800.0,6300.0,7200.0,,,200.0,33350.0,15350.0,13500.0,18000.0,33350.0
新北市板橋區板橋國民小學附設幼兒園,公立,111,已申報,2,3,全日班,14000.0,1350.0,2700.0,1800.0,6300.0,7200.0,,,200.0,33350.0,15350.0,13500.0,18000.0,33350.0
新北市板橋區板橋國民小學附設幼兒園,公立,112,已申報,2,3,全日班,14000.0,1350.0,2700.0,1800.0,6300.0,7200.0,,,200.0,33350.0,15350.0,13500.0,18000.0,33350.0
新北市板橋區板橋國民小學附設幼兒園,公立,113,已申報,2,3,全日班,14000.0,1350.0,2700.0,1800.0,6300.0,7200.0,,,200.0,33350.0,15350.0,13500.0,18000.0,33350.0
新北市板橋區板橋國民小學附設幼兒園,公立,114,已申報,2,3,全日班,14000.0,1350.0,2700.0,1800.0,6300.0,7200.0,,,200.0,33350.0,15350.0,13500.0,18000.0,33350.0
新北市板橋區江翠國民小學附設幼兒園,公立,109,已申報,2,3,全日班,14000.0,1350.0,2700.0,1800.0,6300.0,7200.0,,,200.0,33350.0,15350.0,13500.0,18000.0,33350.0
新北市板橋區江翠國民小學附設幼兒園,公立,110,已申報,2,3,全日班,14000.0,1350.0,2700.0,1800.0,6300.0,7200.0,,,200.0,33350.0,15350.0,13500.0,18000.0,33350.0
新北市板橋區江翠國民小學附設幼兒園,公立,111,已申報,2,3,全日班,14000.0,1350.0,2700.0,1800.0,6300.0,7200.0,,,200.0,33350.0,15350.0,13500.0,18000.0,33350.0
新北市板橋區江翠國民小學附設幼兒園,公立,112,已申報,2,3,全日班,14000.0,1350.0,2700.0,1800.0,6300.0,7200.0,,,200.0,33350.0,15350.0,13500.0,18000.0,33350.0
新北市板橋區江翠國民小學附設幼兒園,公立,113,已申報,2,3,全日班,14000.0,1350.0,2700.0,1800.0,6300.0,7200.0,,,200.0,33350.0,15350.0,13500.0,18000.0,33350.0
新北市板橋區江翠國民小學附設幼兒園,公立,114,已申報,2,3,全日班,14000.0,1350.0,2700.0,1800.0,6300.0,7200.0,,,200.0,33350.0,15350.0,13500.0,18000.0,33350.0
新北市板橋區沙崙國民小學附設幼兒園,公立,109,已申報,2,4,全日班,14000.0,1350.0,2700.0,1800.0,6300.0,7200.0,,,200.0,33350.0,15350.0,13500.0,18000.0,33350.0
新北市板橋區沙崙國民小學附設幼兒園,公立,110,已申報,2,4,全日班,14000.0,1350.0,2700.0,1800.0,6300.0,7200.0,,,200.0,33350.0,15350.0,13500.0,18000.0,33350.0
新北市板橋區沙崙國民小學附設幼兒園,公立,111,已申報,2,4,全日班,14000.0,1350.0,2700.0,1800.0,6300.0,7200.0,,,200.0,33350.0,15350.0,13500.0,18000.0,33350.0
新北市板橋區沙崙國民小學附設幼兒園,公立,112,已申報,2,4,全日班,14000.0,1350.0,2700.0,1800.0,6300.0,7200.0,,,200.0,33350.0,15350.0,13500.0,18000.0,33350.0
新北市板橋區沙崙國民小學附設幼兒園,公立,113,已申報,2,4,全日班,14000.0,1350.0,2700.0,1800.0,6300.0,7200.0,,,200.0,33350.0,15350.0,13500.0,18000.0,33350.0
新北市板橋區沙崙國民小學附設幼兒園,公立,114,已申報,2,4,全日班,14000.0,1350.0,2700.0,1800.0,6300.0,7200.0,,,200.0,33350.0,15350.0,13500.0,18000.0,33350.0
新北市板橋區海山國民小學附設幼兒園,公立,109,已申報,2,3,全日班,14000.0,1350.0,2700.0,1800.0,6300.0,7200.0,,,200.0,33350.0,15350.0,13500.0,18000.0,33350.0
新北市板橋區海山國民小學附設幼兒園,公立,110,已申報,2,3,全日班,14000.0,1350.0,2700.0,1800.0,6300.0,7200.0,,,200.0,33350.0,15350.0,13500.0,18000.0,33350.0
新北市板橋區海山國民小學附設幼兒園,公立,111,已申報,2,3,全日班,14000.0,1350.0,2700.0,1800.0,6300.0,7200.0,,,200.0,33350.0,15350.0,13500.0,18000.0,33350.0
新北市板橋區海山國民小學附設幼兒園,公立,112,已申報,2,3,全日班,14000.0,1350.0,2700.0,1800.0,6300.0,7200.0,,,200.0,33350.0,15350.0,13500.0,18000.0,33350.0
新北市板橋區海山國民小學附設幼兒園,公立,113,已申報,2,3,全日班,14000.0,1350.0,2700.0,1800.0,6300.0,7200.0,,,200.0,33350.0,15350.0,13500.0,18000.0,33350.0
新北市板橋區海山國民小學附設幼兒園,公立,114,已申報,2,3,全日班,14000.0,1350.0,2700.0,1800.0,6300.0,7200.0,,,200.0,33350.0,15350.0,13500.0,18000.0,33350.0
新北市板橋區溪洲國民小學附設幼兒園,公立,109,已申報,2,3,全日班|半日班,14000.0,1350.0,2700.0,1800.0,6300.0,7200.0,0.0,0.0,200.0,33350.0,15350.0,13500.0,18000.0,33350.0
新北市板橋區溪洲國民小學附設幼兒園,公立,110,已申報,2,3,全日班|半日班,14000.0,1350.0,2700.0,1800.0,6300.0,7200.0,0.0,0.0,200.0,33350.0,15350.0,13500.0,18000.0,33350.0
新北市板橋區溪洲國民小學附設幼兒園,公立,111,已申報,2,3,全日班|半日班,14000.0,1350.0,2700.0,1800.0,6300.0,7200.0,0.0,0.0,200.0,33350.0,15350.0,13500.0,18000.0,33350.0
新北市板橋區溪洲國民小學附設幼兒園,公立,112,已申報,2,3,全日班|半日班,14000.0,1350.0,2700.0,1800.0,6300.0,7200.0,0.0,0.0,200.0,33350.0,15350.0,13500.0,18000.0,33350.0
新北市板橋區溪洲國民小學附設幼兒園,公立,113,已申報,2,3,全日班|半日班,14000.0,1350.0,2700.0,1800.0,6300.0,7200.0,0.0,0.0,200.0,33350.0,15350.0,13500.0,18000.0,33350.0
新北市板橋區溪洲國民小學附設幼兒園,公立,114,已申報,2,3,全日班|半日班,14000.0,1350.0,2700.0,1800.0,6300.0,7200.0,0.0,0.0,200.0,33350.0,15350.0,13500.0,18000.0,33350.0
新北市板橋區莒光國民小學附設幼兒園,公立,109,已申報,2,3,全日班,14000.0,1350.0,2700.0,1800.0,6300.0,7200.0,,,200.0,33350.0,15350.0,13500.0,18000.0,33350.0
新北市板橋區莒光國民小學附設幼兒園,公立,110,已申報,2,3,全日班,14000.0,1350.0,2700.0,1800.0,6300.0,7200.0,,,200.0,33350.0,15350.0,13500.0,18000.0,33350.0
新北市板橋區莒光國民小學附設幼兒園,公立,111,已申報,2,3,全日班,14000.0,1350.0,2700.0,1800.0,6300.0,7200.0,,,200.0,33350.0,15350.0,13500.0,18000.0,33350.0
新北市板橋區莒光國民小學附設幼兒園,公立,112,已申報,2,3,全日班,14000.0,1350.0,2700.0,1800.0,6300.0,7200.0,,,200.0,33350.0,15350.0,13500.0,18000.0,33350.0
新北市板橋區莒光國民小學附設幼兒園,公立,113,已申報,2,3,全日班,14000.0,1350.0,2700.0,1800.0,6300.0,7200.0,,,200.0,33350.0,15350.0,13500.0,18000.0,33350.0
新北市板橋區莒光國民小學附設幼兒園,公立,114,已申報,2,3,全日班,14000.0,1350.0,2700.0,1800.0,6300.0,7200.0,,,200.0,33350.0,15350.0,13500.0,18000.0,33350.0
新北市板橋區重慶國民小學附設幼兒園,公立,109,已申報,2,3,全日班,14000.0,1350.0,2700.0,1800.0,6300.0,7200.0,,,200.0,33350.0,15350.0,13500.0,18000.0,33350.0
新北市板橋區重慶國民小學附設幼兒園,公立,110,已申報,2,3,全日班,14000.0,1350.0,2700.0,1800.0,6300.0,7200.0,,,200.0,33350.0,15350.0,13500.0,18000.0,33350.0
新北市板橋區重慶國民小學附設幼兒園,公立,111,已申報,2,3,全日班,14000.0,1350.0,2700.0,1800.0,6300.0,7200.0,,,200.0,33350.0,15350.0,13500.0,18000.0,33350.0
新北市板橋區重慶國民小學附設幼兒園,公立,112,已申報,2,3,全日班,14000.0,1350.0,2700.0,1800.0,6300.0,7200.0,,,200.0,33350.0,15350.0,13500.0,18000.0,33350.0
新北市板橋區重慶國民小學附設幼兒園,公立,113,已申報,2,3,全日班,14000.0,1350.0,2700.0,1800.0,6300.0,7200.0,,,200.0,33350.0,15350.0,13500.0,18000.0,33350.0
新北市板橋區重慶國民小學附設幼兒園,公立,114,已申報,2,3,全日班,14000.0,1350.0,2700.0,1800.0,6300.0,7200.0,,,200.0,33350.0,15350.0,13500.0,18000.0,33350.0
新北市林口區南勢國民小學附設幼兒園,公立,109,已申報,2,3,全日班,14000.0,1350.0,2700.0,1800.0,6300.0,7200.0,,,200.0,33350.0,15350.0,13500.0,18000.0,33350.0
新北市林口區南勢國民小學附設幼兒園,公立,110,已申報,2,4,全日班,14000.0,1350.0,2700.0,1800.0,6300.0,7200.0,,,200.0,33350.0,15350.0,13500.0,18000.0,33350.0
新北市林口區南勢國民小學附設幼兒園,公立,111,已申報,2,4,全日班,14000.0,1350.0,2700.0,1800.0,6300.0,7200.0,,,200.0,33350.0,15350.0,13500.0,18000.0,33350.0
新北市林口區南勢國民小學附設幼兒園,公立,112,已申報,2,4,全日班,14000.0,1350.0,2700.0,1800.0,6300.0,7200.0,,,200.0,33350.0,15350.0,13500.0,18000.0,33350.0
新北市林口區南勢國民小學附設幼兒園,公立,113,已申報,2,4,全日班,14000.0,1350.0,2700.0,1800.0,6300.0,7200.0,,,200.0,33350.0,15350.0,13500.0,18000.0,33350.0
新北市林口區南勢國民小學附設幼兒園,公立,114,已申報,2,4,全日班,14000.0,1350.0,2700.0,1800.0,6300.0,7200.0,,,200.0,33350.0,15350.0,13500.0,18000.0,33350.0
新北市林口區嘉寶國民小學附設幼兒園,公立,109,已申報,2,3,全日班,14000.0,1350.0,2700.0,1800.0,6300.0,7200.0,,,200.0,33350.0,15350.0,13500.0,18000.0,33350.0
新北市林口區嘉寶國民小學附設幼兒園,公立,110,已申報,2,3,全日班,14000.0,1350.0,2700.0,1800.0,6300.0,7200.0,,,200.0,33350.0,15350.0,13500.0,18000.0,33350.0
新北市林口區嘉寶國民小學附設幼兒園,公立,111,已申報,2,3,全日班,14000.0,1350.0,2700.0,1800.0,6300.0,7200.0,,,200.0,33350.0,15350.0,13500.0,18000.0,33350.0
新北市林口區嘉寶國民小學附設幼兒園,公立,112,已申報,2,3,全日班,14000.0,1350.0,2700.0,1800.0,6300.0,7200.0,,,200.0,33350.0,15350.0,13500.0,18000.0,33350.0
新北市林口區嘉寶國民小學附設幼兒園,公立,113,已申報,2,3,全日班,14000.0,1350.0,2700.0,1800.0,6300.0,7200.0,,,200.0,33350.0,15350.0,13500.0,18000.0,33350.0
新北市林口區嘉寶國民小學附設幼兒園,公立,114,已申報,2,3,全日班,14000.0,1350.0,2700.0,1800.0,6300.0,7200.0,,,200.0,33350.0,15350.0,13500.0,18000.0,33350.0
新北市林口區林口國民小學附設幼兒園,公立,109,已申報,2,3,全日班,14000.0,1350.0,2700.0,1800.0,6300.0,7200.0,0.0,,200.0,33350.0,15350.0,13500.0,18000.0,33350.0
新北市林口區林口國民小學附設幼兒園,公立,110,已申報,2,3,全日班,14000.0,1350.0,2700.0,1800.0,6300.0,7200.0,0.0,,200.0,33350.0,15350.0,13500.0,18000.0,33350.0
新北市林口區林口國民小學附設幼兒園,公立,111,已申報,2,3,全日班,14000.0,1350.0,2700.0,1800.0,6300.0,7200.0,0.0,,200.0,33350.0,15350.0,13500.0,18000.0,33350.0
新北市林口區林口國民小學附設幼兒園,公立,112,已申報,2,3,全日班,14000.0,1350.0,2700.0,1800.0,6300.0,7200.0,0.0,,200.0,33350.0,15350.0,13500.0,18000.0,33350.0
新北市林口區林口國民小學附設幼兒園,公立,113,已申報,2,3,全日班,14000.0,1350.0,2700.0,1800.0,6300.0,7200.0,0.0,,200.0,33350.0,15350.0,13500.0,18000.0,33350.0
新北市林口區林口國民小學附設幼兒園,公立,114,已申報,2,3,全日班,14000.0,1350.0,2700.0,1800.0,6300.0,7200.0,0.0,,200.0,33350.0,15350.0,13500.0,18000.0,33350.0
新北市林口區瑞平國民小學附設幼兒園,公立,109,已申報,2,3,全日班,14000.0,1350.0,2700.0,1800.0,6300.0,7200.0,0.0,0.0,200.0,33350.0,15350.0,13500.0,18000.0,33350.0
新北市林口區瑞平國民小學附設幼兒園,公立,110,已申報,2,3,全日班,14000.0,1350.0,2700.0,1800.0,6300.0,7200.0,0.0,0.0,200.0,33350.0,15350.0,13500.0,18000.0,33350.0
新北市林口區瑞平國民小學附設幼兒園,公立,111,已申報,2,3,全日班,14000.0,1350.0,2700.0,1800.0,6300.0,7200.0,0.0,0.0,200.0,33350.0,15350.0,13500.0,18000.0,33350.0
新北市林口區瑞平國民小學附設幼兒園,公立,112,已申報,2,3,全日班,14000.0,1350.0,2700.0,1800.0,6300.0,7200.0,0.0,0.0,200.0,33350.0,15350.0,13500.0,18000.0,33350.0
新北市林口區瑞平國民小學附設幼兒園,公立,113,已申報,2,3,全日班,14000.0,1350.0,2700.0,1800.0,6300.0,7200.0,0.0,0.0,200.0,33350.0,15350.0,13500.0,18000.0,33350.0
新北市林口區瑞平國民小學附設幼兒園,公立,114,已申報,2,3,全日班,14000.0,1350.0,2700.0,1800.0,6300.0,7200.0,0.0,0.0,200.0,33350.0,15350.0,13500.0,18000.0,33350.0
新北市林口區興福國民小學附設幼兒園,公立,109,已申報,2,3,全日班,14000.0,1350.0,2700.0,1800.0,6300.0,7200.0,,,200.0,33350.0,15350.0,13500.0,18000.0,33350.0
新北市林口區興福國民小學附設幼兒園,公立,110,已申報,2,3,全日班,14000.0,1350.0,2700.0,1800.0,6300.0,7200.0,,,200.0,33350.0,15350.0,13500.0,18000.0,33350.0
新北市林口區興福國民小學附設幼兒園,公立,111,已申報,2,3,全日班,14000.0,1350.0,2700.0,1800.0,6300.0,7200.0,,,200.0,33350.0,15350.0,13500.0,18000.0,33350.0
新北市林口區興福國民小學附設幼兒園,公立,112,已申報,2,3,全日班,14000.0,1350.0,2700.0,1800.0,6300.0,7200.0,,,200.0,33350.0,15350.0,13500.0,18000.0,33350.0
新北市林口區興福國民小學附設幼兒園,公立,113,已申報,2,3,全日班,14000.0,1350.0,2700.0,1800.0,6300.0,7200.0,,,200.0,33350.0,15350.0,13500.0,18000.0,33350.0
新北市林口區興福國民小學附設幼兒園,公立,114,已申報,2,3,全日班,14000.0,1350.0,2700.0,1800.0,6300.0,7200.0,,,200.0,33350.0,15350.0,13500.0,18000.0,33350.0
新北市林口區頭湖國民小學附設幼兒園,公立,109,已申報,2,3,全日班,14000.0,1350.0,2700.0,1800.0,6300.0,7200.0,,,200.0,33350.0,15350.0,13500.0,18000.0,33350.0
新北市林口區頭湖國民小學附設幼兒園,公立,110,已申報,2,3,全日班,14000.0,1350.0,2700.0,1800.0,6300.0,7200.0,,,200.0,33350.0,15350.0,13500.0,18000.0,33350.0
新北市林口區頭湖國民小學附設幼兒園,公立,111,已申報,2,3,全日班,14000.0,1350.0,2700.0,1800.0,6300.0,7200.0,,,200.0,33350.0,15350.0,13500.0,18000.0,33350.0
新北市林口區頭湖國民小學附設幼兒園,公立,112,已申報,2,3,全日班,14000.0,1350.0,2700.0,1800.0,6300.0,7200.0,,,200.0,33350.0,15350.0,13500.0,18000.0,33350.0
新北市林口區頭湖國民小學附設幼兒園,公立,113,已申報,2,3,全日班,14000.0,1350.0,2700.0,1800.0,6300.0,7200.0,,,200.0,33350.0,15350.0,13500.0,18000.0,33350.0
新北市林口區頭湖國民小學附設幼兒園,公立,114,已申報,2,3,全日班,14000.0,1350.0,2700.0,1800.0,6300.0,7200.0,,,200.0,33350.0,15350.0,13500.0,18000.0,33350.0
新北市林口區麗園國民小學附設幼兒園,公立,109,已申報,2,4,全日班|半日班,14000.0,1350.0,2700.0,1800.0,6300.0,7200.0,0.0,0.0,200.0,33350.0,15350.0,13500.0,18000.0,33350.0
新北市林口區麗園國民小學附設幼兒園,公立,110,已申報,2,4,全日班|半日班,14000.0,1350.0,2700.0,1800.0,6300.0,7200.0,0.0,0.0,200.0,33350.0,15350.0,13500.0,18000.0,33350.0
新北市林口區麗園國民小學附設幼兒園,公立,111,已申報,2,4,全日班|半日班,14000.0,1350.0,2700.0,1800.0,6300.0,7200.0,0.0,0.0,200.0,33350.0,15350.0,13500.0,18000.0,33350.0
新北市林口區麗園國民小學附設幼兒園,公立,112,已申報,2,4,全日班|半日班,14000.0,1350.0,2700.0,1800.0,6300.0,7200.0,0.0,0.0,200.0,33350.0,15350.0,13500.0,18000.0,33350.0
新北市林口區麗園國民小學附設幼兒園,公立,113,已申報,2,4,全日班|半日班,14000.0,1350.0,2700.0,1800.0,6300.0,7200.0,0.0,0.0,200.0,33350.0,15350.0,13500.0,18000.0,33350.0
新北市林口區麗園國民小學附設幼兒園,公立,114,已申報,2,4,全日班|半日班,14000.0,1350.0,2700.0,1800.0,6300.0,7200.0,0.0,0.0,200.0,33350.0,15350.0,13500.0,18000.0,33350.0
新北市林口區麗林國民小學附設幼兒園,公立,109,已申報,2,3,全日班,14000.0,1350.0,2700.0,1800.0,6300.0,7200.0,,,200.0,33350.0,15350.0,13500.0,18000.0,33350.0
新北市林口區麗林國民小學附設幼兒園,公立,110,已申報,2,3,全日班,14000.0,1350.0,2700.0,1800.0,6300.0,7200.0,,,200.0,33350.0,15350.0,13500.0,18000.0,33350.0
新北市林口區麗林國民小學附設幼兒園,公立,111,已申報,2,3,全日班,14000.0,1350.0,2700.0,1800.0,6300.0,7200.0,,,200.0,33350.0,15350.0,13500.0,18000.0,33350.0
新北市林口區麗林國民小學附設幼兒園,公立,112,已申報,2,3,全日班,14000.0,1350.0,2700.0,1800.0,6300.0,7200.0,,,200.0,33350.0,15350.0,13500.0,18000.0,33350.0
新北市林口區麗林國民小學附設幼兒園,公立,113,已申報,2,3,全日班,14000.0,1350.0,2700.0,1800.0,6300.0,7200.0,,,200.0,33350.0,15350.0,13500.0,18000.0,33350.0
新北市林口區麗林國民小學附設幼兒園,公立,114,已申報,2,3,全日班,14000.0,1350.0,2700.0,1800.0,6300.0,7200.0,,,200.0,33350.0,15350.0,13500.0,18000.0,33350.0
新北市柏翠非營利幼兒園(委託財團法人心路社會福利基金會辦理),非營利,109,已申報,2,4,全日班,,,,,,,,,,92541.0,,,,
新北市柏翠非營利幼兒園(委託財團法人心路社會福利基金會辦理),非營利,110,已申報,2,4,全日班,,,,,,,,,,92541.0,,,,
新北市柏翠非營利幼兒園(委託財團法人心路社會福利基金會辦理),非營利,111,未申報或鏡像未收錄,0,0,,,,,,,,,,,,,,,
新北市柏翠非營利幼兒園(委託財團法人心路社會福利基金會辦理),非營利,112,未申報或鏡像未收錄,0,0,,,,,,,,,,,,,,,
新北市柏翠非營利幼兒園(委託財團法人心路社會福利基金會辦理),非營利,113,未申報或鏡像未收錄,0,0,,,,,,,,,,,,,,,
新北市柏翠非營利幼兒園(委託財團法人心路社會福利基金會辦理),非營利,114,未申報或鏡像未收錄,0,0,,,,,,,,,,,,,,,
新北市桃子腳非營利幼兒園(委託財團法人三之三生命教育基金會辦理),非營利,109,未申報或鏡像未收錄,0,0,,,,,,,,,,,,,,,
新北市桃子腳非營利幼兒園(委託財團法人三之三生命教育基金會辦理),非營利,110,未申報或鏡像未收錄,0,0,,,,,,,,,,,,,,,
新北市桃子腳非營利幼兒園(委託財團法人三之三生命教育基金會辦理),非營利,111,未申報或鏡像未收錄,0,0,,,,,,,,,,,,,,,
新北市桃子腳非營利幼兒園(委託財團法人三之三生命教育基金會辦理),非營利,112,未申報或鏡像未收錄,0,0,,,,,,,,,,,,,,,
新北市桃子腳非營利幼兒園(委託財團法人三之三生命教育基金會辦理),非營利,113,未申報或鏡像未收錄,0,0,,,,,,,,,,,,,,,
新北市桃子腳非營利幼兒園(委託財團法人三之三生命教育基金會辦理),非營利,114,未申報或鏡像未收錄,0,0,,,,,,,,,,,,,,,
新北市樹林區三多國民小學附設幼兒園,公立,109,已申報,2,3,全日班,14000.0,1350.0,2700.0,1800.0,6300.0,7200.0,,,200.0,33350.0,15350.0,13500.0,18000.0,33350.0
新北市樹林區三多國民小學附設幼兒園,公立,110,已申報,2,3,全日班,14000.0,1350.0,2700.0,1800.0,6300.0,7200.0,,,200.0,33350.0,15350.0,13500.0,18000.0,33350.0
新北市樹林區三多國民小學附設幼兒園,公立,111,已申報,2,3,全日班,14000.0,1350.0,2700.0,1800.0,6300.0,7200.0,,,200.0,33350.0,15350.0,13500.0,18000.0,33350.0
新北市樹林區三多國民小學附設幼兒園,公立,112,已申報,2,4,全日班,14000.0,1350.0,2700.0,1800.0,6300.0,7200.0,,,200.0,33350.0,15350.0,13500.0,18000.0,33350.0
新北市樹林區三多國民小學附設幼兒園,公立,113,已申報,2,4,全日班,14000.0,1350.0,2700.0,1800.0,6300.0,7200.0,,,200.0,33350.0,15350.0,13500.0,18000.0,33350.0
新北市樹林區三多國民小學附設幼兒園,公立,114,已申報,2,4,全日班,14000.0,1350.0,2700.0,1800.0,6300.0,7200.0,,,200.0,33350.0,15350.0,13500.0,18000.0,33350.0
新北市樹林區大同國民小學附設幼兒園,公立,109,已申報,2,4,全日班,14000.0,1350.0,2700.0,1800.0,6300.0,7200.0,,,200.0,33350.0,15350.0,13500.0,18000.0,33350.0
新北市樹林區大同國民小學附設幼兒園,公立,110,已申報,2,4,全日班,14000.0,1350.0,2700.0,1800.0,6300.0,7200.0,,,200.0,33350.0,15350.0,13500.0,18000.0,33350.0
新北市樹林區大同國民小學附設幼兒園,公立,111,已申報,2,4,全日班,14000.0,1350.0,2700.0,1800.0,6300.0,7200.0,,,200.0,33350.0,15350.0,13500.0,18000.0,33350.0
新北市樹林區大同國民小學附設幼兒園,公立,112,已申報,2,4,全日班,14000.0,1350.0,2700.0,1800.0,6300.0,7200.0,,,200.0,33350.0,15350.0,13500.0,18000.0,33350.0
新北市樹林區大同國民小學附設幼兒園,公立,113,已申報,2,4,全日班,14000.0,1350.0,2700.0,1800.0,6300.0,7200.0,,,200.0,33350.0,15350.0,13500.0,18000.0,33350.0
新北市樹林區大同國民小學附設幼兒園,公立,114,已申報,2,4,全日班,14000.0,1350.0,2700.0,1800.0,6300.0,7200.0,,,200.0,33350.0,15350.0,13500.0,18000.0,33350.0
新北市樹林區山佳國民小學附設幼兒園,公立,109,已申報,2,4,全日班,14000.0,1350.0,2700.0,1800.0,6300.0,7200.0,,,200.0,33350.0,15350.0,13500.0,18000.0,33350.0
新北市樹林區山佳國民小學附設幼兒園,公立,110,已申報,2,4,全日班,14000.0,1350.0,2700.0,1800.0,6300.0,7200.0,,,200.0,33350.0,15350.0,13500.0,18000.0,33350.0
新北市樹林區山佳國民小學附設幼兒園,公立,111,已申報,2,4,全日班,14000.0,1350.0,2700.0,1800.0,6300.0,7200.0,,,200.0,33350.0,15350.0,13500.0,18000.0,33350.0
新北市樹林區山佳國民小學附設幼兒園,公立,112,已申報,2,4,全日班,14000.0,1350.0,2700.0,1800.0,6300.0,7200.0,,,200.0,33350.0,15350.0,13500.0,18000.0,33350.0
新北市樹林區山佳國民小學附設幼兒園,公立,113,已申報,2,4,全日班,14000.0,1350.0,2700.0,1800.0,6300.0,7200.0,,,200.0,33350.0,15350.0,13500.0,18000.0,33350.0
新北市樹林區山佳國民小學附設幼兒園,公立,114,已申報,2,4,全日班,14000.0,1350.0,2700.0,1800.0,6300.0,7200.0,,,200.0,33350.0,15350.0,13500.0,18000.0,33350.0
新北市樹林區彭福國民小學附設幼兒園,公立,109,已申報,2,4,全日班|半日班,14000.0,1350.0,2700.0,1800.0,6300.0,7200.0,,,200.0,33350.0,15350.0,13500.0,18000.0,33350.0
新北市樹林區彭福國民小學附設幼兒園,公立,110,已申報,2,4,全日班|半日班,14000.0,1350.0,2700.0,1800.0,6300.0,7200.0,,,200.0,33350.0,15350.0,13500.0,18000.0,33350.0
新北市樹林區彭福國民小學附設幼兒園,公立,111,已申報,2,4,全日班|半日班,14000.0,1350.0,2700.0,1800.0,6300.0,7200.0,,,200.0,33350.0,15350.0,13500.0,18000.0,33350.0
新北市樹林區彭福國民小學附設幼兒園,公立,112,已申報,2,4,全日班|半日班,14000.0,1350.0,2700.0,1800.0,6300.0,7200.0,,,200.0,33350.0,15350.0,13500.0,18000.0,33350.0
新北市樹林區彭福國民小學附設幼兒園,公立,113,已申報,2,4,全日班|半日班,14000.0,1350.0,2700.0,1800.0,6300.0,7200.0,,,200.0,33350.0,15350.0,13500.0,18000.0,33350.0
新北市樹林區彭福國民小學附設幼兒園,公立,114,已申報,2,4,全日班|半日班,14000.0,1350.0,2700.0,1800.0,6300.0,7200.0,,,200.0,33350.0,15350.0,13500.0,18000.0,33350.0
新北市樹林區文林國民小學附設幼兒園,公立,109,已申報,2,4,全日班,14000.0,1350.0,2700.0,1800.0,6300.0,7200.0,,,200.0,33350.0,15350.0,13500.0,18000.0,33350.0
新北市樹林區文林國民小學附設幼兒園,公立,110,已申報,2,4,全日班,14000.0,1350.0,2700.0,1800.0,6300.0,7200.0,,,200.0,33350.0,15350.0,13500.0,18000.0,33350.0
新北市樹林區文林國民小學附設幼兒園,公立,111,已申報,2,4,全日班,14000.0,1350.0,2700.0,1800.0,6300.0,7200.0,,,200.0,33350.0,15350.0,13500.0,18000.0,33350.0
新北市樹林區文林國民小學附設幼兒園,公立,112,已申報,2,4,全日班,14000.0,1350.0,2700.0,1800.0,6300.0,7200.0,,,200.0,33350.0,15350.0,13500.0,18000.0,33350.0
新北市樹林區文林國民小學附設幼兒園,公立,113,已申報,2,4,全日班,14000.0,1350.0,2700.0,1800.0,6300.0,7200.0,,,200.0,33350.0,15350.0,13500.0,18000.0,33350.0
新北市樹林區文林國民小學附設幼兒園,公立,114,已申報,2,4,全日班,14000.0,1350.0,2700.0,1800.0,6300.0,7200.0,,,200.0,33350.0,15350.0,13500.0,18000.0,33350.0
新北市樹林區樹林國民小學附設幼兒園,公立,109,已申報,2,3,全日班,14000.0,1350.0,2700.0,1800.0,6300.0,7200.0,0.0,0.0,200.0,33350.0,15350.0,13500.0,18000.0,33350.0
新北市樹林區樹林國民小學附設幼兒園,公立,110,已申報,2,3,全日班,14000.0,1350.0,2700.0,1800.0,6300.0,7200.0,0.0,0.0,200.0,33350.0,15350.0,13500.0,18000.0,33350.0
新北市樹林區樹林國民小學附設幼兒園,公立,111,已申報,2,3,全日班,14000.0,1350.0,2700.0,1800.0,6300.0,7200.0,0.0,0.0,200.0,33350.0,15350.0,13500.0,18000.0,33350.0
新北市樹林區樹林國民小學附設幼兒園,公立,112,已申報,2,3,全日班,14000.0,1350.0,2700.0,1800.0,6300.0,7200.0,0.0,0.0,200.0,33350.0,15350.0,13500.0,18000.0,33350.0
新北市樹林區樹林國民小學附設幼兒園,公立,113,已申報,2,3,全日班,14000.0,1350.0,2700.0,1800.0,6300.0,7200.0,0.0,0.0,200.0,33350.0,15350.0,13500.0,18000.0,33350.0
新北市樹林區樹林國民小學附設幼兒園,公立,114,已申報,2,3,全日班,14000.0,1350.0,2700.0,1800.0,6300.0,7200.0,0.0,0.0,200.0,33350.0,15350.0,13500.0,18000.0,33350.0
新北市樹林區武林國民小學附設幼兒園,公立,109,已申報,2,4,全日班,14000.0,1350.0,2700.0,1800.0,6300.0,7200.0,,,200.0,33350.0,15350.0,13500.0,18000.0,33350.0
新北市樹林區武林國民小學附設幼兒園,公立,110,已申報,2,4,全日班,14000.0,1350.0,2700.0,1800.0,6300.0,7200.0,,,200.0,33350.0,15350.0,13500.0,18000.0,33350.0
新北市樹林區武林國民小學附設幼兒園,公立,111,已申報,2,4,全日班,14000.0,1350.0,2700.0,1800.0,6300.0,7200.0,,,200.0,33350.0,15350.0,13500.0,18000.0,33350.0
新北市樹林區武林國民小學附設幼兒園,公立,112,已申報,2,4,全日班,14000.0,1350.0,2700.0,1800.0,6300.0,7200.0,,,200.0,33350.0,15350.0,13500.0,18000.0,33350.0
新北市樹林區武林國民小學附設幼兒園,公立,113,已申報,2,4,全日班,14000.0,1350.0,2700.0,1800.0,6300.0,7200.0,,,200.0,33350.0,15350.0,13500.0,18000.0,33350.0
新北市樹林區武林國民小學附設幼兒園,公立,114,已申報,2,4,全日班,14000.0,1350.0,2700.0,1800.0,6300.0,7200.0,,,200.0,33350.0,15350.0,13500.0,18000.0,33350.0
新北市樹林區育德國民小學附設幼兒園,公立,109,已申報,2,3,全日班,14000.0,1350.0,2700.0,1800.0,6300.0,7200.0,,,200.0,33350.0,15350.0,13500.0,18000.0,33350.0
新北市樹林區育德國民小學附設幼兒園,公立,110,已申報,2,3,全日班,14000.0,1350.0,2700.0,1800.0,6300.0,7200.0,,,200.0,33350.0,15350.0,13500.0,18000.0,33350.0
新北市樹林區育德國民小學附設幼兒園,公立,111,已申報,2,3,全日班,14000.0,1350.0,2700.0,1800.0,6300.0,7200.0,,,200.0,33350.0,15350.0,13500.0,18000.0,33350.0
新北市樹林區育德國民小學附設幼兒園,公立,112,已申報,2,3,全日班,14000.0,1350.0,2700.0,1800.0,6300.0,7200.0,,,200.0,33350.0,15350.0,13500.0,18000.0,33350.0
新北市樹林區育德國民小學附設幼兒園,公立,113,已申報,2,3,全日班,14000.0,1350.0,2700.0,1800.0,6300.0,7200.0,,,200.0,33350.0,15350.0,13500.0,18000.0,33350.0
新北市樹林區育德國民小學附設幼兒園,公立,114,已申報,2,3,全日班,14000.0,1350.0,2700.0,1800.0,6300.0,7200.0,,,200.0,33350.0,15350.0,13500.0,18000.0,33350.0
新北市樹林區育林國民小學附設幼兒園,公立,109,已申報,2,3,全日班|半日班,14000.0,1350.0,2700.0,1800.0,6300.0,7200.0,0.0,0.0,200.0,33350.0,15350.0,13500.0,18000.0,33350.0
新北市樹林區育林國民小學附設幼兒園,公立,110,已申報,2,3,全日班|半日班,14000.0,1350.0,2700.0,1800.0,6300.0,7200.0,0.0,0.0,200.0,33350.0,15350.0,13500.0,18000.0,33350.0
新北市樹林區育林國民小學附設幼兒園,公立,111,已申報,2,3,全日班|半日班,14000.0,1350.0,2700.0,1800.0,6300.0,7200.0,0.0,0.0,200.0,33350.0,15350.0,13500.0,18000.0,33350.0
新北市樹林區育林國民小學附設幼兒園,公立,112,已申報,2,3,全日班|半日班,14000.0,1350.0,2700.0,1800.0,6300.0,7200.0,0.0,0.0,200.0,33350.0,15350.0,13500.0,18000.0,33350.0
新北市樹林區育林國民小學附設幼兒園,公立,113,已申報,2,3,全日班|半日班,14000.0,1350.0,2700.0,1800.0,6300.0,7200.0,0.0,0.0,200.0,33350.0,15350.0,13500.0,18000.0,33350.0
新北市樹林區育林國民小學附設幼兒園,公立,114,已申報,2,3,全日班|半日班,14000.0,1350.0,2700.0,1800.0,6300.0,7200.0,0.0,0.0,200.0,33350.0,15350.0,13500.0,18000.0,33350.0
新北市永和區永和國民小學附設幼兒園,公立,109,已申報,2,4,全日班,14000.0,1350.0,2700.0,1800.0,6300.0,7200.0,,,200.0,33350.0,15350.0,13500.0,18000.0,33350.0
新北市永和區永和國民小學附設幼兒園,公立,110,已申報,2,4,全日班,14000.0,1350.0,2700.0,1800.0,6300.0,7200.0,,,200.0,33350.0,15350.0,13500.0,18000.0,33350.0
新北市永和區永和國民小學附設幼兒園,公立,111,已申報,2,4,全日班,14000.0,1350.0,2700.0,1800.0,6300.0,7200.0,,,200.0,33350.0,15350.0,13500.0,18000.0,33350.0
新北市永和區永和國民小學附設幼兒園,公立,112,已申報,2,4,全日班,14000.0,1350.0,2700.0,1800.0,6300.0,7200.0,,,200.0,33350.0,15350.0,13500.0,18000.0,33350.0
新北市永和區永和國民小學附設幼兒園,公立,113,已申報,2,4,全日班,14000.0,1350.0,2700.0,1800.0,6300.0,7200.0,,,200.0,33350.0,15350.0,13500.0,18000.0,33350.0
新北市永和區永和國民小學附設幼兒園,公立,114,已申報,2,4,全日班,14000.0,1350.0,2700.0,1800.0,6300.0,7200.0,,,200.0,33350.0,15350.0,13500.0,18000.0,33350.0
新北市永和區永平國民小學附設幼兒園,公立,109,已申報,2,4,全日班,14000.0,1350.0,2700.0,1800.0,6300.0,7200.0,,,200.0,33350.0,15350.0,13500.0,18000.0,33350.0
新北市永和區永平國民小學附設幼兒園,公立,110,已申報,2,4,全日班,14000.0,1350.0,2700.0,1800.0,6300.0,7200.0,,,200.0,33350.0,15350.0,13500.0,18000.0,33350.0
新北市永和區永平國民小學附設幼兒園,公立,111,已申報,2,4,全日班,14000.0,1350.0,2700.0,1800.0,6300.0,7200.0,,,200.0,33350.0,15350.0,13500.0,18000.0,33350.0
新北市永和區永平國民小學附設幼兒園,公立,112,已申報,2,4,全日班,14000.0,1350.0,2700.0,1800.0,6300.0,7200.0,,,200.0,33350.0,15350.0,13500.0,18000.0,33350.0
新北市永和區永平國民小學附設幼兒園,公立,113,已申報,2,4,全日班,14000.0,1350.0,2700.0,1800.0,6300.0,7200.0,,,200.0,33350.0,15350.0,13500.0,18000.0,33350.0
新北市永和區永平國民小學附設幼兒園,公立,114,已申報,2,4,全日班,14000.0,1350.0,2700.0,1800.0,6300.0,7200.0,,,200.0,33350.0,15350.0,13500.0,18000.0,33350.0
新北市永和區秀朗國民小學附設幼兒園,公立,109,已申報,2,3,全日班,14000.0,1350.0,2700.0,1800.0,6300.0,7200.0,,,200.0,33350.0,15350.0,13500.0,18000.0,33350.0
新北市永和區秀朗國民小學附設幼兒園,公立,110,已申報,2,3,全日班,14000.0,1350.0,2700.0,1800.0,6300.0,7200.0,,,200.0,33350.0,15350.0,13500.0,18000.0,33350.0
新北市永和區秀朗國民小學附設幼兒園,公立,111,已申報,2,3,全日班,14000.0,1350.0,2700.0,1800.0,6300.0,7200.0,,,200.0,33350.0,15350.0,13500.0,18000.0,33350.0
新北市永和區秀朗國民小學附設幼兒園,公立,112,已申報,2,3,全日班,14000.0,1350.0,2700.0,1800.0,6300.0,7200.0,,,200.0,33350.0,15350.0,13500.0,18000.0,33350.0
新北市永和區秀朗國民小學附設幼兒園,公立,113,已申報,2,3,全日班,14000.0,1350.0,2700.0,1800.0,6300.0,7200.0,,,200.0,33350.0,15350.0,13500.0,18000.0,33350.0
新北市永和區秀朗國民小學附設幼兒園,公立,114,已申報,2,3,全日班,14000.0,1350.0,2700.0,1800.0,6300.0,7200.0,,,200.0,33350.0,15350.0,13500.0,18000.0,33350.0
新北市永和區網溪國民小學附設幼兒園,公立,109,已申報,2,4,全日班,14000.0,1350.0,2700.0,1800.0,6300.0,7200.0,,,200.0,33350.0,15350.0,13500.0,18000.0,33350.0
新北市永和區網溪國民小學附設幼兒園,公立,110,已申報,2,4,全日班,14000.0,1350.0,2700.0,1800.0,6300.0,7200.0,,,200.0,33350.0,15350.0,13500.0,18000.0,33350.0
新北市永和區網溪國民小學附設幼兒園,公立,111,已申報,2,4,全日班,14000.0,1350.0,2700.0,1800.0,6300.0,7200.0,,,200.0,33350.0,15350.0,13500.0,18000.0,33350.0
新北市永和區網溪國民小學附設幼兒園,公立,112,已申報,2,4,全日班,14000.0,1350.0,2700.0,1800.0,6300.0,7200.0,,,200.0,33350.0,15350.0,13500.0,18000.0,33350.0
新北市永和區網溪國民小學附設幼兒園,公立,113,已申報,2,4,全日班,14000.0,1350.0,2700.0,1800.0,6300.0,7200.0,,,200.0,33350.0,15350.0,13500.0,18000.0,33350.0
新北市永和區網溪國民小學附設幼兒園,公立,114,已申報,2,4,全日班,14000.0,1350.0,2700.0,1800.0,6300.0,7200.0,,,200.0,33350.0,15350.0,13500.0,18000.0,33350.0
新北市永和區頂溪國民小學附設幼兒園,公立,109,已申報,2,3,全日班,14000.0,1350.0,2700.0,1800.0,6300.0,7200.0,,,200.0,33350.0,15350.0,13500.0,18000.0,33350.0
新北市永和區頂溪國民小學附設幼兒園,公立,110,已申報,2,3,全日班,14000.0,1350.0,2700.0,1800.0,6300.0,7200.0,,,200.0,33350.0,15350.0,13500.0,18000.0,33350.0
新北市永和區頂溪國民小學附設幼兒園,公立,111,已申報,2,3,全日班,14000.0,1350.0,2700.0,1800.0,6300.0,7200.0,,,200.0,33350.0,15350.0,13500.0,18000.0,33350.0
新北市永和區頂溪國民小學附設幼兒園,公立,112,已申報,2,3,全日班,14000.0,1350.0,2700.0,1800.0,6300.0,7200.0,,,200.0,33350.0,15350.0,13500.0,18000.0,33350.0
新北市永和區頂溪國民小學附設幼兒園,公立,113,已申報,2,3,全日班,14000.0,1350.0,2700.0,1800.0,6300.0,7200.0,,,200.0,33350.0,15350.0,13500.0,18000.0,33350.0
新北市永和區頂溪國民小學附設幼兒園,公立,114,已申報,2,3,全日班,14000.0,1350.0,2700.0,1800.0,6300.0,7200.0,,,200.0,33350.0,15350.0,13500.0,18000.0,33350.0
新北市永翠非營利幼兒園（委託社團法人新北市多元教育協會辦理）,非營利,109,未申報或鏡像未收錄,0,0,,,,,,,,,,,,,,,
新北市永翠非營利幼兒園（委託社團法人新北市多元教育協會辦理）,非營利,110,未申報或鏡像未收錄,0,0,,,,,,,,,,,,,,,
新北市永翠非營利幼兒園（委託社團法人新北市多元教育協會辦理）,非營利,111,未申報或鏡像未收錄,0,0,,,,,,,,,,,,,,,
新北市永翠非營利幼兒園（委託社團法人新北市多元教育協會辦理）,非營利,112,未申報或鏡像未收錄,0,0,,,,,,,,,,,,,,,
新北市永翠非營利幼兒園（委託社團法人新北市多元教育協會辦理）,非營利,113,未申報或鏡像未收錄,0,0,,,,,,,,,,,,,,,
新北市永翠非營利幼兒園（委託社團法人新北市多元教育協會辦理）,非營利,114,未申報或鏡像未收錄,0,0,,,,,,,,,,,,,,,
新北市汐止區保長國民小學附設幼兒園,公立,109,已申報,2,3,全日班|半日班,14000.0,1350.0,2700.0,1800.0,6300.0,7200.0,0.0,0.0,200.0,33350.0,15350.0,13500.0,18000.0,33350.0
新北市汐止區保長國民小學附設幼兒園,公立,110,已申報,2,3,全日班|半日班,14000.0,1350.0,2700.0,1800.0,6300.0,7200.0,0.0,0.0,200.0,33350.0,15350.0,13500.0,18000.0,33350.0
新北市汐止區保長國民小學附設幼兒園,公立,111,已申報,2,3,全日班|半日班,14000.0,1350.0,2700.0,1800.0,6300.0,7200.0,0.0,0.0,200.0,33350.0,15350.0,13500.0,18000.0,33350.0
新北市汐止區保長國民小學附設幼兒園,公立,112,已申報,2,3,全日班|半日班,14000.0,1350.0,2700.0,1800.0,6300.0,7200.0,0.0,0.0,200.0,33350.0,15350.0,13500.0,18000.0,33350.0
新北市汐止區保長國民小學附設幼兒園,公立,113,已申報,2,3,全日班|半日班,14000.0,1350.0,2700.0,1800.0,6300.0,7200.0,0.0,0.0,200.0,33350.0,15350.0,13500.0,18000.0,33350.0
新北市汐止區保長國民小學附設幼兒園,公立,114,已申報,2,3,全日班|半日班,14000.0,1350.0,2700.0,1800.0,6300.0,7200.0,0.0,0.0,200.0,33350.0,15350.0,13500.0,18000.0,33350.0
新北市汐止區北峰國民小學附設幼兒園,公立,109,已申報,2,3,全日班,14000.0,1350.0,2700.0,1800.0,6300.0,7200.0,,,200.0,33350.0,15350.0,13500.0,18000.0,33350.0
新北市汐止區北峰國民小學附設幼兒園,公立,110,已申報,2,4,全日班,14000.0,1350.0,2700.0,1800.0,6300.0,7200.0,,,200.0,33350.0,15350.0,13500.0,18000.0,33350.0
新北市汐止區北峰國民小學附設幼兒園,公立,111,已申報,2,4,全日班,14000.0,1350.0,2700.0,1800.0,6300.0,7200.0,,,200.0,33350.0,15350.0,13500.0,18000.0,33350.0
新北市汐止區北峰國民小學附設幼兒園,公立,112,已申報,2,4,全日班,14000.0,1350.0,2700.0,1800.0,6300.0,7200.0,,,200.0,33350.0,15350.0,13500.0,18000.0,33350.0
新北市汐止區北峰國民小學附設幼兒園,公立,113,已申報,2,4,全日班,14000.0,1350.0,2700.0,1800.0,6300.0,7200.0,,,200.0,33350.0,15350.0,13500.0,18000.0,33350.0
新北市汐止區北峰國民小學附設幼兒園,公立,114,已申報,2,4,全日班,14000.0,1350.0,2700.0,1800.0,6300.0,7200.0,,,200.0,33350.0,15350.0,13500.0,18000.0,33350.0
新北市汐止區北港國民小學附設幼兒園,公立,109,已申報,2,3,全日班,14000.0,1350.0,2700.0,1800.0,6300.0,7200.0,,,,33350.0,15350.0,13500.0,18000.0,33350.0
新北市汐止區北港國民小學附設幼兒園,公立,110,已申報,2,3,全日班,14000.0,1350.0,2700.0,1800.0,6300.0,7200.0,,,,33350.0,15350.0,13500.0,18000.0,33350.0
新北市汐止區北港國民小學附設幼兒園,公立,111,已申報,2,3,全日班,14000.0,1350.0,2700.0,1800.0,6300.0,7200.0,,,,33350.0,15350.0,13500.0,18000.0,33350.0
新北市汐止區北港國民小學附設幼兒園,公立,112,已申報,2,3,全日班,14000.0,1350.0,2700.0,1800.0,6300.0,7200.0,,,,33350.0,15350.0,13500.0,18000.0,33350.0
新北市汐止區北港國民小學附設幼兒園,公立,113,已申報,2,3,全日班,14000.0,1350.0,2700.0,1800.0,6300.0,7200.0,,,,33350.0,15350.0,13500.0,18000.0,33350.0
新北市汐止區北港國民小學附設幼兒園,公立,114,已申報,2,3,全日班,14000.0,1350.0,2700.0,1800.0,6300.0,7200.0,,,,33350.0,15350.0,13500.0,18000.0,33350.0
新北市汐止區崇德國民小學附設幼兒園,公立,109,已申報,2,4,全日班,14000.0,1350.0,2700.0,1800.0,6300.0,7200.0,,,200.0,33350.0,15350.0,13500.0,18000.0,33350.0
新北市汐止區崇德國民小學附設幼兒園,公立,110,已申報,2,4,全日班,14000.0,1350.0,2700.0,1800.0,6300.0,7200.0,,,200.0,33350.0,15350.0,13500.0,18000.0,33350.0
新北市汐止區崇德國民小學附設幼兒園,公立,111,已申報,2,4,全日班,14000.0,1350.0,2700.0,1800.0,6300.0,7200.0,,,200.0,33350.0,15350.0,13500.0,18000.0,33350.0
新北市汐止區崇德國民小學附設幼兒園,公立,112,已申報,2,4,全日班,14000.0,1350.0,2700.0,1800.0,6300.0,7200.0,,,200.0,33350.0,15350.0,13500.0,18000.0,33350.0
新北市汐止區崇德國民小學附設幼兒園,公立,113,已申報,2,4,全日班,14000.0,1350.0,2700.0,1800.0,6300.0,7200.0,,,200.0,33350.0,15350.0,13500.0,18000.0,33350.0
新北市汐止區崇德國民小學附設幼兒園,公立,114,已申報,2,4,全日班,14000.0,1350.0,2700.0,1800.0,6300.0,7200.0,,,200.0,33350.0,15350.0,13500.0,18000.0,33350.0
新北市汐止區樟樹國民小學附設幼兒園,公立,109,已申報,2,4,全日班,14000.0,1350.0,2700.0,1800.0,6300.0,7200.0,,,200.0,33350.0,15350.0,13500.0,18000.0,33350.0
新北市汐止區樟樹國民小學附設幼兒園,公立,110,已申報,2,4,全日班,14000.0,1350.0,2700.0,1800.0,6300.0,7200.0,,,200.0,33350.0,15350.0,13500.0,18000.0,33350.0
新北市汐止區樟樹國民小學附設幼兒園,公立,111,已申報,2,4,全日班,14000.0,1350.0,2700.0,1800.0,6300.0,7200.0,,,200.0,33350.0,15350.0,13500.0,18000.0,33350.0
新北市汐止區樟樹國民小學附設幼兒園,公立,112,已申報,2,4,全日班,14000.0,1350.0,2700.0,1800.0,6300.0,7200.0,,,200.0,33350.0,15350.0,13500.0,18000.0,33350.0
新北市汐止區樟樹國民小學附設幼兒園,公立,113,已申報,2,4,全日班,14000.0,1350.0,2700.0,1800.0,6300.0,7200.0,,,200.0,33350.0,15350.0,13500.0,18000.0,33350.0
新北市汐止區樟樹國民小學附設幼兒園,公立,114,已申報,2,4,全日班,14000.0,1350.0,2700.0,1800.0,6300.0,7200.0,,,200.0,33350.0,15350.0,13500.0,18000.0,33350.0
新北市汐止區汐止國民小學附設幼兒園,公立,109,已申報,2,3,全日班,14000.0,1350.0,2700.0,1800.0,6300.0,7200.0,0.0,,200.0,33350.0,15350.0,13500.0,18000.0,33350.0
新北市汐止區汐止國民小學附設幼兒園,公立,110,已申報,2,3,全日班,14000.0,1350.0,2700.0,1800.0,6300.0,7200.0,0.0,,200.0,33350.0,15350.0,13500.0,18000.0,33350.0
新北市汐止區汐止國民小學附設幼兒園,公立,111,已申報,2,3,全日班,14000.0,1350.0,2700.0,1800.0,6300.0,7200.0,0.0,,200.0,33350.0,15350.0,13500.0,18000.0,33350.0
新北市汐止區汐止國民小學附設幼兒園,公立,112,已申報,2,3,全日班,14000.0,1350.0,2700.0,1800.0,6300.0,7200.0,0.0,,200.0,33350.0,15350.0,13500.0,18000.0,33350.0
新北市汐止區汐止國民小學附設幼兒園,公立,113,已申報,2,3,全日班,14000.0,1350.0,2700.0,1800.0,6300.0,7200.0,0.0,,200.0,33350.0,15350.0,13500.0,18000.0,33350.0
新北市汐止區汐止國民小學附設幼兒園,公立,114,已申報,2,3,全日班,14000.0,1350.0,2700.0,1800.0,6300.0,7200.0,0.0,,200.0,33350.0,15350.0,13500.0,18000.0,33350.0
新北市汐止區白雲國民小學附設幼兒園,公立,109,已申報,2,3,全日班,14000.0,1350.0,2700.0,1800.0,6300.0,7200.0,0.0,0.0,200.0,33350.0,15350.0,13500.0,18000.0,33350.0
新北市汐止區白雲國民小學附設幼兒園,公立,110,已申報,2,3,全日班|半日班,14000.0,1350.0,2700.0,1800.0,6300.0,7200.0,0.0,0.0,200.0,33350.0,15350.0,13500.0,18000.0,33350.0
新北市汐止區白雲國民小學附設幼兒園,公立,111,已申報,2,3,全日班|半日班,14000.0,1350.0,2700.0,1800.0,6300.0,7200.0,0.0,0.0,200.0,33350.0,15350.0,13500.0,18000.0,33350.0
新北市汐止區白雲國民小學附設幼兒園,公立,112,已申報,2,3,全日班|半日班,14000.0,1350.0,2700.0,1800.0,6300.0,7200.0,0.0,0.0,200.0,33350.0,15350.0,13500.0,18000.0,33350.0
新北市汐止區白雲國民小學附設幼兒園,公立,113,已申報,2,3,全日班|半日班,14000.0,1350.0,2700.0,1800.0,6300.0,7200.0,0.0,0.0,200.0,33350.0,15350.0,13500.0,18000.0,33350.0
新北市汐止區白雲國民小學附設幼兒園,公立,114,已申報,2,3,全日班|半日班,14000.0,1350.0,2700.0,1800.0,6300.0,7200.0,0.0,0.0,200.0,33350.0,15350.0,13500.0,18000.0,33350.0
新北市汐止區秀峰國民小學附設幼兒園,公立,109,已申報,2,3,全日班,14000.0,1350.0,2700.0,1800.0,6300.0,7200.0,,,200.0,33350.0,15350.0,13500.0,18000.0,33350.0
新北市汐止區秀峰國民小學附設幼兒園,公立,110,已申報,2,3,全日班,14000.0,1350.0,2700.0,1800.0,6300.0,7200.0,,,200.0,33350.0,15350.0,13500.0,18000.0,33350.0
新北市汐止區秀峰國民小學附設幼兒園,公立,111,已申報,2,3,全日班,14000.0,1350.0,2700.0,1800.0,6300.0,7200.0,,,200.0,33350.0,15350.0,13500.0,18000.0,33350.0
新北市汐止區秀峰國民小學附設幼兒園,公立,112,已申報,2,3,全日班,14000.0,1350.0,2700.0,1800.0,6300.0,7200.0,,,200.0,33350.0,15350.0,13500.0,18000.0,33350.0
新北市汐止區秀峰國民小學附設幼兒園,公立,113,已申報,2,3,全日班,14000.0,1350.0,2700.0,1800.0,6300.0,7200.0,,,200.0,33350.0,15350.0,13500.0,18000.0,33350.0
新北市汐止區秀峰國民小學附設幼兒園,公立,114,已申報,2,3,全日班,14000.0,1350.0,2700.0,1800.0,6300.0,7200.0,,,200.0,33350.0,15350.0,13500.0,18000.0,33350.0
新北市汐止區金龍國民小學附設幼兒園,公立,109,已申報,2,4,全日班,14000.0,1350.0,2700.0,1800.0,6300.0,7200.0,,,200.0,33350.0,15350.0,13500.0,18000.0,33350.0
新北市汐止區金龍國民小學附設幼兒園,公立,110,已申報,2,4,全日班,14000.0,1350.0,2700.0,1800.0,6300.0,7200.0,,,200.0,33350.0,15350.0,13500.0,18000.0,33350.0
新北市汐止區金龍國民小學附設幼兒園,公立,111,已申報,2,4,全日班,14000.0,1350.0,2700.0,1800.0,6300.0,7200.0,,,200.0,33350.0,15350.0,13500.0,18000.0,33350.0
新北市汐止區金龍國民小學附設幼兒園,公立,112,已申報,2,4,全日班,14000.0,1350.0,2700.0,1800.0,6300.0,7200.0,,,200.0,33350.0,15350.0,13500.0,18000.0,33350.0
新北市汐止區金龍國民小學附設幼兒園,公立,113,已申報,2,4,全日班,14000.0,1350.0,2700.0,1800.0,6300.0,7200.0,,,200.0,33350.0,15350.0,13500.0,18000.0,33350.0
新北市汐止區金龍國民小學附設幼兒園,公立,114,已申報,2,4,全日班,14000.0,1350.0,2700.0,1800.0,6300.0,7200.0,,,200.0,33350.0,15350.0,13500.0,18000.0,33350.0
新北市汐止區長安國民小學附設幼兒園,公立,109,已申報,2,3,全日班,14000.0,1350.0,2700.0,1800.0,6300.0,7200.0,,,200.0,33350.0,15350.0,13500.0,18000.0,33350.0
新北市汐止區長安國民小學附設幼兒園,公立,110,已申報,2,3,全日班,14000.0,1350.0,2700.0,1800.0,6300.0,7200.0,,,200.0,33350.0,15350.0,13500.0,18000.0,33350.0
新北市汐止區長安國民小學附設幼兒園,公立,111,已申報,2,4,全日班,14000.0,1350.0,2700.0,1800.0,6300.0,7200.0,,,200.0,33350.0,15350.0,13500.0,18000.0,33350.0
新北市汐止區長安國民小學附設幼兒園,公立,112,已申報,2,4,全日班,14000.0,1350.0,2700.0,1800.0,6300.0,7200.0,,,200.0,33350.0,15350.0,13500.0,18000.0,33350.0
新北市汐止區長安國民小學附設幼兒園,公立,113,已申報,2,4,全日班,14000.0,1350.0,2700.0,1800.0,6300.0,7200.0,,,200.0,33350.0,15350.0,13500.0,18000.0,33350.0
新北市汐止區長安國民小學附設幼兒園,公立,114,已申報,2,4,全日班,14000.0,1350.0,2700.0,1800.0,6300.0,7200.0,,,200.0,33350.0,15350.0,13500.0,18000.0,33350.0
新北市泰山區同榮國民小學附設幼兒園,公立,109,已申報,2,3,全日班,14000.0,1350.0,2700.0,1800.0,6300.0,7200.0,0.0,,200.0,33350.0,15350.0,13500.0,18000.0,33350.0
新北市泰山區同榮國民小學附設幼兒園,公立,110,已申報,2,3,全日班,14000.0,1350.0,2700.0,1800.0,6300.0,7200.0,0.0,,200.0,33350.0,15350.0,13500.0,18000.0,33350.0
新北市泰山區同榮國民小學附設幼兒園,公立,111,已申報,2,4,全日班,14000.0,1350.0,2700.0,1800.0,6300.0,7200.0,0.0,,200.0,33350.0,15350.0,13500.0,18000.0,33350.0
新北市泰山區同榮國民小學附設幼兒園,公立,112,已申報,2,4,全日班,14000.0,1350.0,2700.0,1800.0,6300.0,7200.0,0.0,,200.0,33350.0,15350.0,13500.0,18000.0,33350.0
新北市泰山區同榮國民小學附設幼兒園,公立,113,已申報,2,4,全日班,14000.0,1350.0,2700.0,1800.0,6300.0,7200.0,0.0,,200.0,33350.0,15350.0,13500.0,18000.0,33350.0
新北市泰山區同榮國民小學附設幼兒園,公立,114,已申報,2,4,全日班,14000.0,1350.0,2700.0,1800.0,6300.0,7200.0,0.0,,200.0,33350.0,15350.0,13500.0,18000.0,33350.0
新北市泰山區明志國民小學附設幼兒園,公立,109,已申報,2,4,全日班,14000.0,1350.0,2700.0,1800.0,6300.0,7200.0,,,200.0,33350.0,15350.0,13500.0,18000.0,33350.0
新北市泰山區明志國民小學附設幼兒園,公立,110,已申報,2,4,全日班,14000.0,1350.0,2700.0,1800.0,6300.0,7200.0,,,200.0,33350.0,15350.0,13500.0,18000.0,33350.0
新北市泰山區明志國民小學附設幼兒園,公立,111,已申報,2,4,全日班,14000.0,1350.0,2700.0,1800.0,6300.0,7200.0,,,200.0,33350.0,15350.0,13500.0,18000.0,33350.0
新北市泰山區明志國民小學附設幼兒園,公立,112,已申報,2,4,全日班,14000.0,1350.0,2700.0,1800.0,6300.0,7200.0,,,200.0,33350.0,15350.0,13500.0,18000.0,33350.0
新北市泰山區明志國民小學附設幼兒園,公立,113,已申報,2,4,全日班,14000.0,1350.0,2700.0,1800.0,6300.0,7200.0,,,200.0,33350.0,15350.0,13500.0,18000.0,33350.0
新北市泰山區明志國民小學附設幼兒園,公立,114,已申報,2,4,全日班,14000.0,1350.0,2700.0,1800.0,6300.0,7200.0,,,200.0,33350.0,15350.0,13500.0,18000.0,33350.0
新北市泰山區泰山國民小學附設幼兒園,公立,109,已申報,2,3,全日班,14000.0,1350.0,2700.0,1800.0,6300.0,7200.0,,,200.0,33350.0,15350.0,13500.0,18000.0,33350.0
新北市泰山區泰山國民小學附設幼兒園,公立,110,已申報,2,3,全日班,14000.0,1350.0,2700.0,1800.0,6300.0,7200.0,,,200.0,33350.0,15350.0,13500.0,18000.0,33350.0
新北市泰山區泰山國民小學附設幼兒園,公立,111,已申報,2,4,全日班,14000.0,1350.0,2700.0,1800.0,6300.0,7200.0,,,200.0,33350.0,15350.0,13500.0,18000.0,33350.0
新北市泰山區泰山國民小學附設幼兒園,公立,112,已申報,2,4,全日班,14000.0,1350.0,2700.0,1800.0,6300.0,7200.0,,,200.0,33350.0,15350.0,13500.0,18000.0,33350.0
新北市泰山區泰山國民小學附設幼兒園,公立,113,已申報,2,4,全日班,14000.0,1350.0,2700.0,1800.0,6300.0,7200.0,,,200.0,33350.0,15350.0,13500.0,18000.0,33350.0
新北市泰山區泰山國民小學附設幼兒園,公立,114,已申報,2,4,全日班,14000.0,1350.0,2700.0,1800.0,6300.0,7200.0,,,200.0,33350.0,15350.0,13500.0,18000.0,33350.0
新北市海工非營利幼兒園(委託社團法人新北市幼兒成長協會辦理),非營利,109,已申報,2,3,全日班,,,,,,,,,,103572.0,,,,
新北市海工非營利幼兒園(委託社團法人新北市幼兒成長協會辦理),非營利,110,已申報,2,3,全日班,,,,,,,,,,103572.0,,,,
新北市海工非營利幼兒園(委託社團法人新北市幼兒成長協會辦理),非營利,111,未申報或鏡像未收錄,0,0,,,,,,,,,,,,,,,
新北市海工非營利幼兒園(委託社團法人新北市幼兒成長協會辦理),非營利,112,未申報或鏡像未收錄,0,0,,,,,,,,,,,,,,,
新北市海工非營利幼兒園(委託社團法人新北市幼兒成長協會辦理),非營利,113,未申報或鏡像未收錄,0,0,,,,,,,,,,,,,,,
新北市海工非營利幼兒園(委託社團法人新北市幼兒成長協會辦理),非營利,114,未申報或鏡像未收錄,0,0,,,,,,,,,,,,,,,
新北市淡水區中泰國民小學附設幼兒園,公立,109,已申報,2,3,全日班|半日班,14000.0,1350.0,2700.0,1800.0,6300.0,7200.0,,,200.0,33350.0,15350.0,13500.0,18000.0,33350.0
新北市淡水區中泰國民小學附設幼兒園,公立,110,已申報,2,3,全日班|半日班,14000.0,1350.0,2700.0,1800.0,6300.0,7200.0,,,200.0,33350.0,15350.0,13500.0,18000.0,33350.0
新北市淡水區中泰國民小學附設幼兒園,公立,111,已申報,2,3,全日班|半日班,14000.0,1350.0,2700.0,1800.0,6300.0,7200.0,,,200.0,33350.0,15350.0,13500.0,18000.0,33350.0
新北市淡水區中泰國民小學附設幼兒園,公立,112,已申報,2,3,全日班|半日班,14000.0,1350.0,2700.0,1800.0,6300.0,7200.0,,,200.0,33350.0,15350.0,13500.0,18000.0,33350.0
新北市淡水區中泰國民小學附設幼兒園,公立,113,已申報,2,3,全日班|半日班,14000.0,1350.0,2700.0,1800.0,6300.0,7200.0,,,200.0,33350.0,15350.0,13500.0,18000.0,33350.0
新北市淡水區中泰國民小學附設幼兒園,公立,114,已申報,2,3,全日班|半日班,14000.0,1350.0,2700.0,1800.0,6300.0,7200.0,,,200.0,33350.0,15350.0,13500.0,18000.0,33350.0
新北市淡水區坪頂國民小學附設幼兒園,公立,109,已申報,2,3,全日班,14000.0,1350.0,2700.0,1800.0,6300.0,7200.0,0.0,0.0,200.0,33350.0,15350.0,13500.0,18000.0,33350.0
新北市淡水區坪頂國民小學附設幼兒園,公立,110,已申報,2,3,全日班,14000.0,1350.0,2700.0,1800.0,6300.0,7200.0,0.0,0.0,200.0,33350.0,15350.0,13500.0,18000.0,33350.0
新北市淡水區坪頂國民小學附設幼兒園,公立,111,已申報,2,3,全日班,14000.0,1350.0,2700.0,1800.0,6300.0,7200.0,0.0,0.0,200.0,33350.0,15350.0,13500.0,18000.0,33350.0
新北市淡水區坪頂國民小學附設幼兒園,公立,112,已申報,2,3,全日班,14000.0,1350.0,2700.0,1800.0,6300.0,7200.0,0.0,0.0,200.0,33350.0,15350.0,13500.0,18000.0,33350.0
新北市淡水區坪頂國民小學附設幼兒園,公立,113,已申報,2,3,全日班,14000.0,1350.0,2700.0,1800.0,6300.0,7200.0,0.0,0.0,200.0,33350.0,15350.0,13500.0,18000.0,33350.0
新北市淡水區坪頂國民小學附設幼兒園,公立,114,已申報,2,3,全日班,14000.0,1350.0,2700.0,1800.0,6300.0,7200.0,0.0,0.0,200.0,33350.0,15350.0,13500.0,18000.0,33350.0
新北市淡水區天生國民小學附設幼兒園,公立,109,已申報,2,4,全日班,14000.0,1350.0,2700.0,1800.0,6300.0,7200.0,0.0,0.0,200.0,33350.0,15350.0,13500.0,18000.0,33350.0
新北市淡水區天生國民小學附設幼兒園,公立,110,已申報,2,4,全日班,14000.0,1350.0,2700.0,1800.0,6300.0,7200.0,0.0,0.0,200.0,33350.0,15350.0,13500.0,18000.0,33350.0
新北市淡水區天生國民小學附設幼兒園,公立,111,已申報,2,4,全日班,14000.0,1350.0,2700.0,1800.0,6300.0,7200.0,0.0,0.0,200.0,33350.0,15350.0,13500.0,18000.0,33350.0
新北市淡水區天生國民小學附設幼兒園,公立,112,已申報,2,4,全日班,14000.0,1350.0,2700.0,1800.0,6300.0,7200.0,0.0,0.0,200.0,33350.0,15350.0,13500.0,18000.0,33350.0
新北市淡水區天生國民小學附設幼兒園,公立,113,已申報,2,4,全日班,14000.0,1350.0,2700.0,1800.0,6300.0,7200.0,0.0,0.0,200.0,33350.0,15350.0,13500.0,18000.0,33350.0
新北市淡水區天生國民小學附設幼兒園,公立,114,已申報,2,4,全日班,14000.0,1350.0,2700.0,1800.0,6300.0,7200.0,0.0,0.0,200.0,33350.0,15350.0,13500.0,18000.0,33350.0
新北市淡水區屯山國民小學附設幼兒園,公立,109,已申報,2,3,全日班,14000.0,1350.0,2700.0,1800.0,6300.0,7200.0,,,200.0,33350.0,15350.0,13500.0,18000.0,33350.0
新北市淡水區屯山國民小學附設幼兒園,公立,110,已申報,2,3,全日班,14000.0,1350.0,2700.0,1800.0,6300.0,7200.0,,,200.0,33350.0,15350.0,13500.0,18000.0,33350.0
新北市淡水區屯山國民小學附設幼兒園,公立,111,已申報,2,3,全日班,14000.0,1350.0,2700.0,1800.0,6300.0,7200.0,,,200.0,33350.0,15350.0,13500.0,18000.0,33350.0
新北市淡水區屯山國民小學附設幼兒園,公立,112,已申報,2,3,全日班,14000.0,1350.0,2700.0,1800.0,6300.0,7200.0,,,200.0,33350.0,15350.0,13500.0,18000.0,33350.0
新北市淡水區屯山國民小學附設幼兒園,公立,113,已申報,2,3,全日班,14000.0,1350.0,2700.0,1800.0,6300.0,7200.0,,,200.0,33350.0,15350.0,13500.0,18000.0,33350.0
新北市淡水區屯山國民小學附設幼兒園,公立,114,已申報,2,3,全日班,14000.0,1350.0,2700.0,1800.0,6300.0,7200.0,,,200.0,33350.0,15350.0,13500.0,18000.0,33350.0
新北市淡水區文化國民小學附設幼兒園,公立,109,已申報,2,3,全日班,14000.0,1350.0,2700.0,1800.0,6300.0,7200.0,,,200.0,33350.0,15350.0,13500.0,18000.0,33350.0
新北市淡水區文化國民小學附設幼兒園,公立,110,已申報,2,3,全日班,14000.0,1350.0,2700.0,1800.0,6300.0,7200.0,,,200.0,33350.0,15350.0,13500.0,18000.0,33350.0
新北市淡水區文化國民小學附設幼兒園,公立,111,已申報,2,3,全日班,14000.0,1350.0,2700.0,1800.0,6300.0,7200.0,,,200.0,33350.0,15350.0,13500.0,18000.0,33350.0
新北市淡水區文化國民小學附設幼兒園,公立,112,已申報,2,3,全日班,14000.0,1350.0,2700.0,1800.0,6300.0,7200.0,,,200.0,33350.0,15350.0,13500.0,18000.0,33350.0
新北市淡水區文化國民小學附設幼兒園,公立,113,已申報,2,3,全日班,14000.0,1350.0,2700.0,1800.0,6300.0,7200.0,,,200.0,33350.0,15350.0,13500.0,18000.0,33350.0
新北市淡水區文化國民小學附設幼兒園,公立,114,已申報,2,3,全日班,14000.0,1350.0,2700.0,1800.0,6300.0,7200.0,,,200.0,33350.0,15350.0,13500.0,18000.0,33350.0
新北市淡水區新市國民小學附設幼兒園,公立,109,已申報,2,3,全日班,14000.0,1350.0,2700.0,1800.0,6300.0,7200.0,,,200.0,33350.0,15350.0,13500.0,18000.0,33350.0
新北市淡水區新市國民小學附設幼兒園,公立,110,已申報,2,3,全日班,14000.0,1350.0,2700.0,1800.0,6300.0,7200.0,,,200.0,33350.0,15350.0,13500.0,18000.0,33350.0
新北市淡水區新市國民小學附設幼兒園,公立,111,已申報,2,3,全日班,14000.0,1350.0,2700.0,1800.0,6300.0,7200.0,,,200.0,33350.0,15350.0,13500.0,18000.0,33350.0
新北市淡水區新市國民小學附設幼兒園,公立,112,已申報,2,3,全日班,14000.0,1350.0,2700.0,1800.0,6300.0,7200.0,,,200.0,33350.0,15350.0,13500.0,18000.0,33350.0
新北市淡水區新市國民小學附設幼兒園,公立,113,已申報,2,3,全日班,14000.0,1350.0,2700.0,1800.0,6300.0,7200.0,,,200.0,33350.0,15350.0,13500.0,18000.0,33350.0
新北市淡水區新市國民小學附設幼兒園,公立,114,已申報,2,3,全日班,14000.0,1350.0,2700.0,1800.0,6300.0,7200.0,,,200.0,33350.0,15350.0,13500.0,18000.0,33350.0
新北市淡水區新興國民小學附設幼兒園,公立,109,已申報,2,3,全日班|半日班,14000.0,1350.0,2700.0,1800.0,6300.0,7200.0,,,433.33,33350.0,15350.0,13500.0,18000.0,33350.0
新北市淡水區新興國民小學附設幼兒園,公立,110,已申報,2,3,全日班|半日班,14000.0,1350.0,2700.0,1800.0,6300.0,7200.0,,,433.33,33350.0,15350.0,13500.0,18000.0,33350.0
新北市淡水區新興國民小學附設幼兒園,公立,111,已申報,2,3,全日班|半日班,14000.0,1350.0,2700.0,1800.0,6300.0,7200.0,,,433.33,33350.0,15350.0,13500.0,18000.0,33350.0
新北市淡水區新興國民小學附設幼兒園,公立,112,已申報,2,3,全日班|半日班,14000.0,1350.0,2700.0,1800.0,6300.0,7200.0,,,433.33,33350.0,15350.0,13500.0,18000.0,33350.0
新北市淡水區新興國民小學附設幼兒園,公立,113,已申報,2,3,全日班|半日班,14000.0,1350.0,2700.0,1800.0,6300.0,7200.0,,,433.33,33350.0,15350.0,13500.0,18000.0,33350.0
新北市淡水區新興國民小學附設幼兒園,公立,114,已申報,2,3,全日班|半日班,14000.0,1350.0,2700.0,1800.0,6300.0,7200.0,,,433.33,33350.0,15350.0,13500.0,18000.0,33350.0
新北市淡水區水源國民小學附設幼兒園,公立,109,已申報,2,3,全日班,14000.0,1350.0,2700.0,1800.0,6300.0,7200.0,,,200.0,33350.0,15350.0,13500.0,18000.0,33350.0
新北市淡水區水源國民小學附設幼兒園,公立,110,已申報,2,3,全日班,14000.0,1350.0,2700.0,1800.0,6300.0,7200.0,,,200.0,33350.0,15350.0,13500.0,18000.0,33350.0
新北市淡水區水源國民小學附設幼兒園,公立,111,已申報,2,3,全日班,14000.0,1350.0,2700.0,1800.0,6300.0,7200.0,,,200.0,33350.0,15350.0,13500.0,18000.0,33350.0
新北市淡水區水源國民小學附設幼兒園,公立,112,已申報,2,3,全日班,14000.0,1350.0,2700.0,1800.0,6300.0,7200.0,,,200.0,33350.0,15350.0,13500.0,18000.0,33350.0
新北市淡水區水源國民小學附設幼兒園,公立,113,已申報,2,3,全日班,14000.0,1350.0,2700.0,1800.0,6300.0,7200.0,,,200.0,33350.0,15350.0,13500.0,18000.0,33350.0
新北市淡水區水源國民小學附設幼兒園,公立,114,已申報,2,3,全日班,14000.0,1350.0,2700.0,1800.0,6300.0,7200.0,,,200.0,33350.0,15350.0,13500.0,18000.0,33350.0
新北市淡水區淡水國民小學附設幼兒園,公立,109,已申報,2,3,全日班,14000.0,1350.0,2700.0,1800.0,6300.0,7200.0,,,200.0,33350.0,15350.0,13500.0,18000.0,33350.0
新北市淡水區淡水國民小學附設幼兒園,公立,110,已申報,2,3,全日班,14000.0,1350.0,2700.0,1800.0,6300.0,7200.0,,,200.0,33350.0,15350.0,13500.0,18000.0,33350.0
新北市淡水區淡水國民小學附設幼兒園,公立,111,已申報,2,3,全日班,14000.0,1350.0,2700.0,1800.0,6300.0,7200.0,,,200.0,33350.0,15350.0,13500.0,18000.0,33350.0
新北市淡水區淡水國民小學附設幼兒園,公立,112,已申報,2,3,全日班,14000.0,1350.0,2700.0,1800.0,6300.0,7200.0,,,200.0,33350.0,15350.0,13500.0,18000.0,33350.0
新北市淡水區淡水國民小學附設幼兒園,公立,113,已申報,2,3,全日班,14000.0,1350.0,2700.0,1800.0,6300.0,7200.0,,,200.0,33350.0,15350.0,13500.0,18000.0,33350.0
新北市淡水區淡水國民小學附設幼兒園,公立,114,已申報,2,3,全日班,14000.0,1350.0,2700.0,1800.0,6300.0,7200.0,,,200.0,33350.0,15350.0,13500.0,18000.0,33350.0
新北市淡水區竹圍國民小學附設幼兒園,公立,109,已申報,2,3,全日班,14000.0,1350.0,2700.0,1800.0,6300.0,7200.0,0.0,0.0,200.0,33350.0,15350.0,13500.0,18000.0,33350.0
新北市淡水區竹圍國民小學附設幼兒園,公立,110,已申報,2,3,全日班,14000.0,1350.0,2700.0,1800.0,6300.0,7200.0,0.0,0.0,200.0,33350.0,15350.0,13500.0,18000.0,33350.0
新北市淡水區竹圍國民小學附設幼兒園,公立,111,已申報,2,3,全日班,14000.0,1350.0,2700.0,1800.0,6300.0,7200.0,0.0,0.0,200.0,33350.0,15350.0,13500.0,18000.0,33350.0
新北市淡水區竹圍國民小學附設幼兒園,公立,112,已申報,2,3,全日班,14000.0,1350.0,2700.0,1800.0,6300.0,7200.0,0.0,0.0,200.0,33350.0,15350.0,13500.0,18000.0,33350.0
新北市淡水區竹圍國民小學附設幼兒園,公立,113,已申報,2,3,全日班,14000.0,1350.0,2700.0,1800.0,6300.0,7200.0,0.0,0.0,200.0,33350.0,15350.0,13500.0,18000.0,33350.0
新北市淡水區竹圍國民小學附設幼兒園,公立,114,已申報,2,3,全日班,14000.0,1350.0,2700.0,1800.0,6300.0,7200.0,0.0,0.0,200.0,33350.0,15350.0,13500.0,18000.0,33350.0
新北市淡水區育英國民小學附設幼兒園,公立,109,已申報,2,3,全日班,14000.0,1350.0,2700.0,1800.0,6300.0,7200.0,,,200.0,33350.0,15350.0,13500.0,18000.0,33350.0
新北市淡水區育英國民小學附設幼兒園,公立,110,已申報,2,3,全日班,14000.0,1350.0,2700.0,1800.0,6300.0,7200.0,,,200.0,33350.0,15350.0,13500.0,18000.0,33350.0
新北市淡水區育英國民小學附設幼兒園,公立,111,已申報,2,3,全日班,14000.0,1350.0,2700.0,1800.0,6300.0,7200.0,,,200.0,33350.0,15350.0,13500.0,18000.0,33350.0
新北市淡水區育英國民小學附設幼兒園,公立,112,已申報,2,3,全日班,14000.0,1350.0,2700.0,1800.0,6300.0,7200.0,,,200.0,33350.0,15350.0,13500.0,18000.0,33350.0
新北市淡水區育英國民小學附設幼兒園,公立,113,已申報,2,3,全日班,14000.0,1350.0,2700.0,1800.0,6300.0,7200.0,,,200.0,33350.0,15350.0,13500.0,18000.0,33350.0
新北市淡水區育英國民小學附設幼兒園,公立,114,已申報,2,3,全日班,14000.0,1350.0,2700.0,1800.0,6300.0,7200.0,,,200.0,33350.0,15350.0,13500.0,18000.0,33350.0
新北市淡水區興仁國民小學附設幼兒園,公立,109,已申報,2,3,全日班,14000.0,1350.0,2700.0,1800.0,6300.0,7200.0,,,200.0,33350.0,15350.0,13500.0,18000.0,33350.0
新北市淡水區興仁國民小學附設幼兒園,公立,110,已申報,2,3,全日班,14000.0,1350.0,2700.0,1800.0,6300.0,7200.0,,,200.0,33350.0,15350.0,13500.0,18000.0,33350.0
新北市淡水區興仁國民小學附設幼兒園,公立,111,已申報,2,3,全日班,14000.0,1350.0,2700.0,1800.0,6300.0,7200.0,,,200.0,33350.0,15350.0,13500.0,18000.0,33350.0
新北市淡水區興仁國民小學附設幼兒園,公立,112,已申報,2,3,全日班,14000.0,1350.0,2700.0,1800.0,6300.0,7200.0,,,200.0,33350.0,15350.0,13500.0,18000.0,33350.0
新北市淡水區興仁國民小學附設幼兒園,公立,113,已申報,2,3,全日班,14000.0,1350.0,2700.0,1800.0,6300.0,7200.0,,,200.0,33350.0,15350.0,13500.0,18000.0,33350.0
新北市淡水區興仁國民小學附設幼兒園,公立,114,已申報,2,3,全日班,14000.0,1350.0,2700.0,1800.0,6300.0,7200.0,,,200.0,33350.0,15350.0,13500.0,18000.0,33350.0
新北市淡水區鄧公國民小學附設幼兒園,公立,109,已申報,2,3,全日班,14000.0,1350.0,2700.0,1800.0,6300.0,7200.0,,,200.0,33350.0,15350.0,13500.0,18000.0,33350.0
新北市淡水區鄧公國民小學附設幼兒園,公立,110,已申報,2,3,全日班,14000.0,1350.0,2700.0,1800.0,6300.0,7200.0,,,200.0,33350.0,15350.0,13500.0,18000.0,33350.0
新北市淡水區鄧公國民小學附設幼兒園,公立,111,已申報,2,3,全日班,14000.0,1350.0,2700.0,1800.0,6300.0,7200.0,,,200.0,33350.0,15350.0,13500.0,18000.0,33350.0
新北市淡水區鄧公國民小學附設幼兒園,公立,112,已申報,2,3,全日班,14000.0,1350.0,2700.0,1800.0,6300.0,7200.0,,,200.0,33350.0,15350.0,13500.0,18000.0,33350.0
新北市淡水區鄧公國民小學附設幼兒園,公立,113,已申報,2,3,全日班,14000.0,1350.0,2700.0,1800.0,6300.0,7200.0,,,200.0,33350.0,15350.0,13500.0,18000.0,33350.0
新北市淡水區鄧公國民小學附設幼兒園,公立,114,已申報,2,3,全日班,14000.0,1350.0,2700.0,1800.0,6300.0,7200.0,,,200.0,33350.0,15350.0,13500.0,18000.0,33350.0
新北市淡海非營利幼兒園(委託財團法人三之三生命教育基金會辦理),非營利,109,未申報或鏡像未收錄,0,0,,,,,,,,,,,,,,,
新北市淡海非營利幼兒園(委託財團法人三之三生命教育基金會辦理),非營利,110,未申報或鏡像未收錄,0,0,,,,,,,,,,,,,,,
新北市淡海非營利幼兒園(委託財團法人三之三生命教育基金會辦理),非營利,111,未申報或鏡像未收錄,0,0,,,,,,,,,,,,,,,
新北市淡海非營利幼兒園(委託財團法人三之三生命教育基金會辦理),非營利,112,未申報或鏡像未收錄,0,0,,,,,,,,,,,,,,,
新北市淡海非營利幼兒園(委託財團法人三之三生命教育基金會辦理),非營利,113,未申報或鏡像未收錄,0,0,,,,,,,,,,,,,,,
新北市淡海非營利幼兒園(委託財團法人三之三生命教育基金會辦理),非營利,114,未申報或鏡像未收錄,0,0,,,,,,,,,,,,,,,
新北市深坑區深坑國民小學附設幼兒園,公立,109,已申報,2,4,全日班,14000.0,1350.0,2700.0,1800.0,6300.0,7200.0,,,200.0,33350.0,15350.0,13500.0,18000.0,33350.0
新北市深坑區深坑國民小學附設幼兒園,公立,110,已申報,2,4,全日班,14000.0,1350.0,2700.0,1800.0,6300.0,7200.0,,,200.0,33350.0,15350.0,13500.0,18000.0,33350.0
新北市深坑區深坑國民小學附設幼兒園,公立,111,已申報,2,4,全日班,14000.0,1350.0,2700.0,1800.0,6300.0,7200.0,,,200.0,33350.0,15350.0,13500.0,18000.0,33350.0
新北市深坑區深坑國民小學附設幼兒園,公立,112,已申報,2,4,全日班,14000.0,1350.0,2700.0,1800.0,6300.0,7200.0,,,200.0,33350.0,15350.0,13500.0,18000.0,33350.0
新北市深坑區深坑國民小學附設幼兒園,公立,113,已申報,2,4,全日班,14000.0,1350.0,2700.0,1800.0,6300.0,7200.0,,,200.0,33350.0,15350.0,13500.0,18000.0,33350.0
新北市深坑區深坑國民小學附設幼兒園,公立,114,已申報,2,4,全日班,14000.0,1350.0,2700.0,1800.0,6300.0,7200.0,,,200.0,33350.0,15350.0,13500.0,18000.0,33350.0
新北市清水高中非營利幼兒園(委託財團法人台北市中華基督教青年會辦理),非營利,109,未申報或鏡像未收錄,0,0,,,,,,,,,,,,,,,
新北市清水高中非營利幼兒園(委託財團法人台北市中華基督教青年會辦理),非營利,110,未申報或鏡像未收錄,0,0,,,,,,,,,,,,,,,
新北市清水高中非營利幼兒園(委託財團法人台北市中華基督教青年會辦理),非營利,111,未申報或鏡像未收錄,0,0,,,,,,,,,,,,,,,
新北市清水高中非營利幼兒園(委託財團法人台北市中華基督教青年會辦理),非營利,112,未申報或鏡像未收錄,0,0,,,,,,,,,,,,,,,
新北市清水高中非營利幼兒園(委託財團法人台北市中華基督教青年會辦理),非營利,113,未申報或鏡像未收錄,0,0,,,,,,,,,,,,,,,
新北市清水高中非營利幼兒園(委託財團法人台北市中華基督教青年會辦理),非營利,114,未申報或鏡像未收錄,0,0,,,,,,,,,,,,,,,
新北市漢翔非營利幼兒園(委託財團法人三之三生命教育基金會辦理),非營利,109,已申報,2,4,全日班,,,,,,,,,,119136.0,,,,
新北市漢翔非營利幼兒園(委託財團法人三之三生命教育基金會辦理),非營利,110,已申報,2,4,全日班,,,,,,,,,,119136.0,,,,
新北市漢翔非營利幼兒園(委託財團法人三之三生命教育基金會辦理),非營利,111,未申報或鏡像未收錄,0,0,,,,,,,,,,,,,,,
新北市漢翔非營利幼兒園(委託財團法人三之三生命教育基金會辦理),非營利,112,未申報或鏡像未收錄,0,0,,,,,,,,,,,,,,,
新北市漢翔非營利幼兒園(委託財團法人三之三生命教育基金會辦理),非營利,113,未申報或鏡像未收錄,0,0,,,,,,,,,,,,,,,
新北市漢翔非營利幼兒園(委託財團法人三之三生命教育基金會辦理),非營利,114,未申報或鏡像未收錄,0,0,,,,,,,,,,,,,,,
新北市瑞芳區九份國民小學附設幼兒園,公立,109,已申報,2,3,全日班,14000.0,1350.0,2700.0,1800.0,9000.0,7200.0,,,200.0,36050.0,15350.0,16200.0,20700.0,36050.0
新北市瑞芳區九份國民小學附設幼兒園,公立,110,已申報,2,3,全日班,14000.0,1350.0,2700.0,1800.0,9000.0,7200.0,,,200.0,36050.0,15350.0,16200.0,20700.0,36050.0
新北市瑞芳區九份國民小學附設幼兒園,公立,111,已申報,2,3,全日班,14000.0,1350.0,2700.0,1800.0,9000.0,7200.0,,,200.0,36050.0,15350.0,16200.0,20700.0,36050.0
新北市瑞芳區九份國民小學附設幼兒園,公立,112,已申報,2,3,全日班,14000.0,1350.0,2700.0,1800.0,9000.0,7200.0,,,200.0,36050.0,15350.0,16200.0,20700.0,36050.0
新北市瑞芳區九份國民小學附設幼兒園,公立,113,已申報,2,3,全日班,14000.0,1350.0,2700.0,1800.0,9000.0,7200.0,,,200.0,36050.0,15350.0,16200.0,20700.0,36050.0
新北市瑞芳區九份國民小學附設幼兒園,公立,114,已申報,2,3,全日班,14000.0,1350.0,2700.0,1800.0,9000.0,7200.0,,,200.0,36050.0,15350.0,16200.0,20700.0,36050.0
新北市瑞芳區吉慶國民小學附設幼兒園,公立,109,已申報,2,3,全日班,14000.0,1350.0,2700.0,1800.0,6300.0,7200.0,0.0,0.0,200.0,33350.0,15350.0,13500.0,18000.0,33350.0
新北市瑞芳區吉慶國民小學附設幼兒園,公立,110,已申報,2,3,全日班,14000.0,1350.0,2700.0,1800.0,6300.0,7200.0,0.0,0.0,200.0,33350.0,15350.0,13500.0,18000.0,33350.0
新北市瑞芳區吉慶國民小學附設幼兒園,公立,111,已申報,2,3,全日班,14000.0,1350.0,2700.0,1800.0,6300.0,7200.0,0.0,0.0,200.0,33350.0,15350.0,13500.0,18000.0,33350.0
新北市瑞芳區吉慶國民小學附設幼兒園,公立,112,已申報,2,3,全日班,14000.0,1350.0,2700.0,1800.0,6300.0,7200.0,0.0,0.0,200.0,33350.0,15350.0,13500.0,18000.0,33350.0
新北市瑞芳區吉慶國民小學附設幼兒園,公立,113,已申報,2,3,全日班,14000.0,1350.0,2700.0,1800.0,6300.0,7200.0,0.0,0.0,200.0,33350.0,15350.0,13500.0,18000.0,33350.0
新北市瑞芳區吉慶國民小學附設幼兒園,公立,114,已申報,2,3,全日班,14000.0,1350.0,2700.0,1800.0,6300.0,7200.0,0.0,0.0,200.0,33350.0,15350.0,13500.0,18000.0,33350.0
新北市瑞芳區濂洞國民小學附設幼兒園,公立,109,已申報,2,3,全日班,14000.0,1350.0,2700.0,1800.0,6300.0,7200.0,,,200.0,33350.0,15350.0,13500.0,18000.0,33350.0
新北市瑞芳區濂洞國民小學附設幼兒園,公立,110,已申報,2,4,全日班,14000.0,1350.0,2700.0,1800.0,6300.0,7200.0,,,200.0,33350.0,15350.0,13500.0,18000.0,33350.0
新北市瑞芳區濂洞國民小學附設幼兒園,公立,111,已申報,2,4,全日班,14000.0,1350.0,2700.0,1800.0,6300.0,7200.0,,,200.0,33350.0,15350.0,13500.0,18000.0,33350.0
新北市瑞芳區濂洞國民小學附設幼兒園,公立,112,已申報,2,4,全日班,14000.0,1350.0,2700.0,1800.0,6300.0,7200.0,,,200.0,33350.0,15350.0,13500.0,18000.0,33350.0
新北市瑞芳區濂洞國民小學附設幼兒園,公立,113,已申報,2,4,全日班,14000.0,1350.0,2700.0,1800.0,6300.0,7200.0,,,200.0,33350.0,15350.0,13500.0,18000.0,33350.0
新北市瑞芳區濂洞國民小學附設幼兒園,公立,114,已申報,2,4,全日班,14000.0,1350.0,2700.0,1800.0,6300.0,7200.0,,,200.0,33350.0,15350.0,13500.0,18000.0,33350.0
新北市瑞芳區瑞亭國民小學附設幼兒園,公立,109,已申報,2,3,全日班,14000.0,1350.0,2700.0,1800.0,6300.0,7200.0,0.0,0.0,200.0,33350.0,15350.0,13500.0,18000.0,33350.0
新北市瑞芳區瑞亭國民小學附設幼兒園,公立,110,已申報,2,3,全日班,14000.0,1350.0,2700.0,1800.0,6300.0,7200.0,0.0,0.0,200.0,33350.0,15350.0,13500.0,18000.0,33350.0
新北市瑞芳區瑞亭國民小學附設幼兒園,公立,111,已申報,2,3,全日班,14000.0,1350.0,2700.0,1800.0,6300.0,7200.0,0.0,0.0,200.0,33350.0,15350.0,13500.0,18000.0,33350.0
新北市瑞芳區瑞亭國民小學附設幼兒園,公立,112,已申報,2,3,全日班,14000.0,1350.0,2700.0,1800.0,6300.0,7200.0,0.0,0.0,200.0,33350.0,15350.0,13500.0,18000.0,33350.0
新北市瑞芳區瑞亭國民小學附設幼兒園,公立,113,已申報,2,3,全日班,14000.0,1350.0,2700.0,1800.0,6300.0,7200.0,0.0,0.0,200.0,33350.0,15350.0,13500.0,18000.0,33350.0
新北市瑞芳區瑞亭國民小學附設幼兒園,公立,114,已申報,2,3,全日班,14000.0,1350.0,2700.0,1800.0,6300.0,7200.0,0.0,0.0,200.0,33350.0,15350.0,13500.0,18000.0,33350.0
新北市瑞芳區瑞柑國民小學附設幼兒園,公立,109,已申報,2,3,全日班,14000.0,1350.0,2700.0,1800.0,6300.0,7200.0,,,200.0,33350.0,15350.0,13500.0,18000.0,33350.0
新北市瑞芳區瑞柑國民小學附設幼兒園,公立,110,已申報,2,3,全日班,14000.0,1350.0,2700.0,1800.0,6300.0,7200.0,,,200.0,33350.0,15350.0,13500.0,18000.0,33350.0
新北市瑞芳區瑞柑國民小學附設幼兒園,公立,111,已申報,2,3,全日班,14000.0,1350.0,2700.0,1800.0,6300.0,7200.0,,,200.0,33350.0,15350.0,13500.0,18000.0,33350.0
新北市瑞芳區瑞柑國民小學附設幼兒園,公立,112,已申報,2,3,全日班,14000.0,1350.0,2700.0,1800.0,6300.0,7200.0,,,200.0,33350.0,15350.0,13500.0,18000.0,33350.0
新北市瑞芳區瑞柑國民小學附設幼兒園,公立,113,已申報,2,3,全日班,14000.0,1350.0,2700.0,1800.0,6300.0,7200.0,,,200.0,33350.0,15350.0,13500.0,18000.0,33350.0
新北市瑞芳區瑞柑國民小學附設幼兒園,公立,114,已申報,2,3,全日班,14000.0,1350.0,2700.0,1800.0,6300.0,7200.0,,,200.0,33350.0,15350.0,13500.0,18000.0,33350.0
新北市瑞芳區瑞濱國民小學附設幼兒園,公立,109,已申報,2,3,全日班,14000.0,1350.0,2700.0,1800.0,6300.0,7200.0,,,200.0,33350.0,15350.0,13500.0,18000.0,33350.0
新北市瑞芳區瑞濱國民小學附設幼兒園,公立,110,已申報,2,3,全日班,14000.0,1350.0,2700.0,1800.0,6300.0,7200.0,,,200.0,33350.0,15350.0,13500.0,18000.0,33350.0
新北市瑞芳區瑞濱國民小學附設幼兒園,公立,111,已申報,2,3,全日班,14000.0,1350.0,2700.0,1800.0,6300.0,7200.0,,,200.0,33350.0,15350.0,13500.0,18000.0,33350.0
新北市瑞芳區瑞濱國民小學附設幼兒園,公立,112,已申報,2,3,全日班,14000.0,1350.0,2700.0,1800.0,6300.0,7200.0,,,200.0,33350.0,15350.0,13500.0,18000.0,33350.0
新北市瑞芳區瑞濱國民小學附設幼兒園,公立,113,已申報,2,4,全日班,14000.0,1350.0,2700.0,1800.0,6300.0,7200.0,,,200.0,33350.0,15350.0,13500.0,18000.0,33350.0
新北市瑞芳區瑞濱國民小學附設幼兒園,公立,114,已申報,2,4,全日班,14000.0,1350.0,2700.0,1800.0,6300.0,7200.0,,,200.0,33350.0,15350.0,13500.0,18000.0,33350.0
新北市瑞芳區瑞芳國民小學附設幼兒園,公立,109,已申報,2,3,全日班|半日班,14000.0,1350.0,2700.0,1800.0,6300.0,7200.0,0.0,,200.0,33350.0,15350.0,13500.0,18000.0,33350.0
新北市瑞芳區瑞芳國民小學附設幼兒園,公立,110,已申報,2,3,全日班|半日班,14000.0,1350.0,2700.0,1800.0,6300.0,7200.0,0.0,,200.0,33350.0,15350.0,13500.0,18000.0,33350.0
新北市瑞芳區瑞芳國民小學附設幼兒園,公立,111,已申報,2,3,全日班|半日班,14000.0,1350.0,2700.0,1800.0,6300.0,7200.0,0.0,,200.0,33350.0,15350.0,13500.0,18000.0,33350.0
新北市瑞芳區瑞芳國民小學附設幼兒園,公立,112,已申報,2,3,全日班|半日班,14000.0,1350.0,2700.0,1800.0,6300.0,7200.0,0.0,,200.0,33350.0,15350.0,13500.0,18000.0,33350.0
新北市瑞芳區瑞芳國民小學附設幼兒園,公立,113,已申報,2,3,全日班|半日班,14000.0,1350.0,2700.0,1800.0,6300.0,7200.0,0.0,,200.0,33350.0,15350.0,13500.0,18000.0,33350.0
新北市瑞芳區瑞芳國民小學附設幼兒園,公立,114,已申報,2,3,全日班|半日班,14000.0,1350.0,2700.0,1800.0,6300.0,7200.0,0.0,,200.0,33350.0,15350.0,13500.0,18000.0,33350.0
新北市瑞芳區瑞芳國民小學附設幼兒園東和分班,公立,109,未申報或鏡像未收錄,0,0,,,,,,,,,,,,,,,
新北市瑞芳區瑞芳國民小學附設幼兒園東和分班,公立,110,未申報或鏡像未收錄,0,0,,,,,,,,,,,,,,,
新北市瑞芳區瑞芳國民小學附設幼兒園東和分班,公立,111,未申報或鏡像未收錄,0,0,,,,,,,,,,,,,,,
新北市瑞芳區瑞芳國民小學附設幼兒園東和分班,公立,112,已申報,2,4,全日班,14000.0,1350.0,2700.0,1800.0,6300.0,7200.0,,,200.0,33350.0,15350.0,13500.0,18000.0,33350.0
新北市瑞芳區瑞芳國民小學附設幼兒園東和分班,公立,113,已申報,2,4,全日班,14000.0,1350.0,2700.0,1800.0,6300.0,7200.0,,,200.0,33350.0,15350.0,13500.0,18000.0,33350.0
新北市瑞芳區瑞芳國民小學附設幼兒園東和分班,公立,114,已申報,2,4,全日班,14000.0,1350.0,2700.0,1800.0,6300.0,7200.0,,,200.0,33350.0,15350.0,13500.0,18000.0,33350.0
新北市瑞芳區瑞芳國民小學附設幼兒園爪峰分班,公立,109,未申報或鏡像未收錄,0,0,,,,,,,,,,,,,,,
新北市瑞芳區瑞芳國民小學附設幼兒園爪峰分班,公立,110,未申報或鏡像未收錄,0,0,,,,,,,,,,,,,,,
新北市瑞芳區瑞芳國民小學附設幼兒園爪峰分班,公立,111,未申報或鏡像未收錄,0,0,,,,,,,,,,,,,,,
新北市瑞芳區瑞芳國民小學附設幼兒園爪峰分班,公立,112,已申報,2,4,全日班,14000.0,1350.0,2700.0,1800.0,6300.0,7200.0,,,200.0,33350.0,15350.0,13500.0,18000.0,33350.0
新北市瑞芳區瑞芳國民小學附設幼兒園爪峰分班,公立,113,已申報,2,4,全日班,14000.0,1350.0,2700.0,1800.0,6300.0,7200.0,,,200.0,33350.0,15350.0,13500.0,18000.0,33350.0
新北市瑞芳區瑞芳國民小學附設幼兒園爪峰分班,公立,114,已申報,2,4,全日班,14000.0,1350.0,2700.0,1800.0,6300.0,7200.0,,,200.0,33350.0,15350.0,13500.0,18000.0,33350.0
新北市瑞芳區瓜山國民小學附設幼兒園,公立,109,已申報,2,3,全日班,14000.0,1350.0,2700.0,1800.0,6300.0,7200.0,,,200.0,33350.0,15350.0,13500.0,18000.0,33350.0
新北市瑞芳區瓜山國民小學附設幼兒園,公立,110,已申報,2,3,全日班,14000.0,1350.0,2700.0,1800.0,6300.0,7200.0,,,200.0,33350.0,15350.0,13500.0,18000.0,33350.0
新北市瑞芳區瓜山國民小學附設幼兒園,公立,111,已申報,2,3,全日班,14000.0,1350.0,2700.0,1800.0,6300.0,7200.0,,,200.0,33350.0,15350.0,13500.0,18000.0,33350.0
新北市瑞芳區瓜山國民小學附設幼兒園,公立,112,已申報,2,3,全日班,14000.0,1350.0,2700.0,1800.0,6300.0,7200.0,,,200.0,33350.0,15350.0,13500.0,18000.0,33350.0
新北市瑞芳區瓜山國民小學附設幼兒園,公立,113,已申報,2,3,全日班,14000.0,1350.0,2700.0,1800.0,6300.0,7200.0,,,200.0,33350.0,15350.0,13500.0,18000.0,33350.0
新北市瑞芳區瓜山國民小學附設幼兒園,公立,114,已申報,2,3,全日班,14000.0,1350.0,2700.0,1800.0,6300.0,7200.0,,,200.0,33350.0,15350.0,13500.0,18000.0,33350.0
新北市瑞芳區義方國民小學附設幼兒園,公立,109,已申報,2,3,全日班,14000.0,1350.0,2700.0,1800.0,6300.0,7200.0,,,200.0,33350.0,15350.0,13500.0,18000.0,33350.0
新北市瑞芳區義方國民小學附設幼兒園,公立,110,已申報,2,3,全日班,14000.0,1350.0,2700.0,1800.0,6300.0,7200.0,,,200.0,33350.0,15350.0,13500.0,18000.0,33350.0
新北市瑞芳區義方國民小學附設幼兒園,公立,111,已申報,2,3,全日班,14000.0,1350.0,2700.0,1800.0,6300.0,7200.0,,,200.0,33350.0,15350.0,13500.0,18000.0,33350.0
新北市瑞芳區義方國民小學附設幼兒園,公立,112,已申報,2,3,全日班,14000.0,1350.0,2700.0,1800.0,6300.0,7200.0,,,200.0,33350.0,15350.0,13500.0,18000.0,33350.0
新北市瑞芳區義方國民小學附設幼兒園,公立,113,已申報,2,3,全日班,14000.0,1350.0,2700.0,1800.0,6300.0,7200.0,,,200.0,33350.0,15350.0,13500.0,18000.0,33350.0
新北市瑞芳區義方國民小學附設幼兒園,公立,114,已申報,2,3,全日班,14000.0,1350.0,2700.0,1800.0,6300.0,7200.0,,,200.0,33350.0,15350.0,13500.0,18000.0,33350.0
新北市瑞芳區鼻頭國民小學附設幼兒園,公立,109,已申報,2,3,全日班,14000.0,1350.0,2700.0,1800.0,6300.0,7200.0,,,200.0,33350.0,15350.0,13500.0,18000.0,33350.0
新北市瑞芳區鼻頭國民小學附設幼兒園,公立,110,已申報,2,3,全日班,14000.0,1350.0,2700.0,1800.0,6300.0,7200.0,,,200.0,33350.0,15350.0,13500.0,18000.0,33350.0
新北市瑞芳區鼻頭國民小學附設幼兒園,公立,111,已申報,2,3,全日班,14000.0,1350.0,2700.0,1800.0,6300.0,7200.0,,,200.0,33350.0,15350.0,13500.0,18000.0,33350.0
新北市瑞芳區鼻頭國民小學附設幼兒園,公立,112,已申報,2,3,全日班,14000.0,1350.0,2700.0,1800.0,6300.0,7200.0,,,200.0,33350.0,15350.0,13500.0,18000.0,33350.0
新北市瑞芳區鼻頭國民小學附設幼兒園,公立,113,已申報,2,3,全日班,14000.0,1350.0,2700.0,1800.0,6300.0,7200.0,,,200.0,33350.0,15350.0,13500.0,18000.0,33350.0
新北市瑞芳區鼻頭國民小學附設幼兒園,公立,114,已申報,2,3,全日班,14000.0,1350.0,2700.0,1800.0,6300.0,7200.0,,,200.0,33350.0,15350.0,13500.0,18000.0,33350.0
新北市石碇區和平國民小學附設幼兒園,公立,109,已申報,2,3,全日班,14000.0,1350.0,2700.0,1800.0,6300.0,7200.0,,,200.0,33350.0,15350.0,13500.0,18000.0,33350.0
新北市石碇區和平國民小學附設幼兒園,公立,110,已申報,2,4,全日班,14000.0,1350.0,2700.0,1800.0,6300.0,7200.0,,,200.0,33350.0,15350.0,13500.0,18000.0,33350.0
新北市石碇區和平國民小學附設幼兒園,公立,111,已申報,2,4,全日班,14000.0,1350.0,2700.0,1800.0,6300.0,7200.0,,,200.0,33350.0,15350.0,13500.0,18000.0,33350.0
新北市石碇區和平國民小學附設幼兒園,公立,112,已申報,2,4,全日班,14000.0,1350.0,2700.0,1800.0,6300.0,7200.0,,,200.0,33350.0,15350.0,13500.0,18000.0,33350.0
新北市石碇區和平國民小學附設幼兒園,公立,113,已申報,2,4,全日班,14000.0,1350.0,2700.0,1800.0,6300.0,7200.0,,,200.0,33350.0,15350.0,13500.0,18000.0,33350.0
新北市石碇區和平國民小學附設幼兒園,公立,114,已申報,2,4,全日班,14000.0,1350.0,2700.0,1800.0,6300.0,7200.0,,,200.0,33350.0,15350.0,13500.0,18000.0,33350.0
新北市石碇區永定國民小學附設幼兒園,公立,109,已申報,2,3,全日班,14000.0,1350.0,2700.0,1800.0,6300.0,7200.0,,,200.0,33350.0,15350.0,13500.0,18000.0,33350.0
新北市石碇區永定國民小學附設幼兒園,公立,110,已申報,2,3,全日班,14000.0,1350.0,2700.0,1800.0,6300.0,7200.0,,,200.0,33350.0,15350.0,13500.0,18000.0,33350.0
新北市石碇區永定國民小學附設幼兒園,公立,111,已申報,2,3,全日班,14000.0,1350.0,2700.0,1800.0,6300.0,7200.0,,,200.0,33350.0,15350.0,13500.0,18000.0,33350.0
新北市石碇區永定國民小學附設幼兒園,公立,112,已申報,2,4,全日班,14000.0,1350.0,2700.0,1800.0,6300.0,7200.0,,,200.0,33350.0,15350.0,13500.0,18000.0,33350.0
新北市石碇區永定國民小學附設幼兒園,公立,113,已申報,2,4,全日班,14000.0,1350.0,2700.0,1800.0,6300.0,7200.0,,,200.0,33350.0,15350.0,13500.0,18000.0,33350.0
新北市石碇區永定國民小學附設幼兒園,公立,114,已申報,2,4,全日班,14000.0,1350.0,2700.0,1800.0,6300.0,7200.0,,,200.0,33350.0,15350.0,13500.0,18000.0,33350.0
新北市石碇區石碇國民小學附設幼兒園,公立,109,已申報,2,4,全日班,14000.0,1350.0,2700.0,1800.0,6300.0,7200.0,,,200.0,33350.0,15350.0,13500.0,18000.0,33350.0
新北市石碇區石碇國民小學附設幼兒園,公立,110,已申報,2,4,全日班,14000.0,1350.0,2700.0,1800.0,6300.0,7200.0,,,200.0,33350.0,15350.0,13500.0,18000.0,33350.0
新北市石碇區石碇國民小學附設幼兒園,公立,111,已申報,2,4,全日班,14000.0,1350.0,2700.0,1800.0,6300.0,7200.0,,,200.0,33350.0,15350.0,13500.0,18000.0,33350.0
新北市石碇區石碇國民小學附設幼兒園,公立,112,已申報,2,4,全日班,14000.0,1350.0,2700.0,1800.0,6300.0,7200.0,,,200.0,33350.0,15350.0,13500.0,18000.0,33350.0
新北市石碇區石碇國民小學附設幼兒園,公立,113,已申報,2,4,全日班,14000.0,1350.0,2700.0,1800.0,6300.0,7200.0,,,200.0,33350.0,15350.0,13500.0,18000.0,33350.0
新北市石碇區石碇國民小學附設幼兒園,公立,114,已申報,2,4,全日班,14000.0,1350.0,2700.0,1800.0,6300.0,7200.0,,,200.0,33350.0,15350.0,13500.0,18000.0,33350.0
新北市石門區乾華國民小學附設幼兒園,公立,109,已申報,2,4,全日班,14000.0,1350.0,2700.0,1800.0,6300.0,7200.0,,,,33350.0,15350.0,13500.0,18000.0,33350.0
新北市石門區乾華國民小學附設幼兒園,公立,110,已申報,2,4,全日班,14000.0,1350.0,2700.0,1800.0,6300.0,7200.0,,,,33350.0,15350.0,13500.0,18000.0,33350.0
新北市石門區乾華國民小學附設幼兒園,公立,111,已申報,2,4,全日班,14000.0,1350.0,2700.0,1800.0,6300.0,7200.0,,,,33350.0,15350.0,13500.0,18000.0,33350.0
新北市石門區乾華國民小學附設幼兒園,公立,112,已申報,2,4,全日班,14000.0,1350.0,2700.0,1800.0,6300.0,7200.0,,,,33350.0,15350.0,13500.0,18000.0,33350.0
新北市石門區乾華國民小學附設幼兒園,公立,113,已申報,2,4,全日班,14000.0,1350.0,2700.0,1800.0,6300.0,7200.0,,,,33350.0,15350.0,13500.0,18000.0,33350.0
新北市石門區乾華國民小學附設幼兒園,公立,114,已申報,2,4,全日班,14000.0,1350.0,2700.0,1800.0,6300.0,7200.0,,,,33350.0,15350.0,13500.0,18000.0,33350.0
新北市石門區石門國民小學附設幼兒園,公立,109,已申報,2,4,全日班,14000.0,1350.0,2700.0,1800.0,6300.0,7200.0,,,200.0,33350.0,15350.0,13500.0,18000.0,33350.0
新北市石門區石門國民小學附設幼兒園,公立,110,已申報,2,4,全日班,14000.0,1350.0,2700.0,1800.0,6300.0,7200.0,,,200.0,33350.0,15350.0,13500.0,18000.0,33350.0
新北市石門區石門國民小學附設幼兒園,公立,111,已申報,2,4,全日班,14000.0,1350.0,2700.0,1800.0,6300.0,7200.0,,,200.0,33350.0,15350.0,13500.0,18000.0,33350.0
新北市石門區石門國民小學附設幼兒園,公立,112,已申報,2,4,全日班,14000.0,1350.0,2700.0,1800.0,6300.0,7200.0,,,200.0,33350.0,15350.0,13500.0,18000.0,33350.0
新北市石門區石門國民小學附設幼兒園,公立,113,已申報,2,4,全日班,14000.0,1350.0,2700.0,1800.0,6300.0,7200.0,,,200.0,33350.0,15350.0,13500.0,18000.0,33350.0
新北市石門區石門國民小學附設幼兒園,公立,114,已申報,2,4,全日班,14000.0,1350.0,2700.0,1800.0,6300.0,7200.0,,,200.0,33350.0,15350.0,13500.0,18000.0,33350.0
新北市石門區老梅國民小學附設幼兒園,公立,109,已申報,2,3,全日班,14000.0,1350.0,2700.0,1800.0,6300.0,7200.0,,,200.0,33350.0,15350.0,13500.0,18000.0,33350.0
新北市石門區老梅國民小學附設幼兒園,公立,110,已申報,2,4,全日班,14000.0,1350.0,2700.0,1800.0,6300.0,7200.0,,,200.0,33350.0,15350.0,13500.0,18000.0,33350.0
新北市石門區老梅國民小學附設幼兒園,公立,111,已申報,2,4,全日班,14000.0,1350.0,2700.0,1800.0,6300.0,7200.0,,,200.0,33350.0,15350.0,13500.0,18000.0,33350.0
新北市石門區老梅國民小學附設幼兒園,公立,112,已申報,2,4,全日班,14000.0,1350.0,2700.0,1800.0,6300.0,7200.0,,,200.0,33350.0,15350.0,13500.0,18000.0,33350.0
新北市石門區老梅國民小學附設幼兒園,公立,113,未申報或鏡像未收錄,0,0,,,,,,,,,,,,,,,
新北市石門區老梅國民小學附設幼兒園,公立,114,未申報或鏡像未收錄,0,0,,,,,,,,,,,,,,,
新北市碧城非營利幼兒園(委託社團法人中華音樂舞蹈暨表演藝術教育協會辦理),非營利,109,未申報或鏡像未收錄,0,0,,,,,,,,,,,,,,,
新北市碧城非營利幼兒園(委託社團法人中華音樂舞蹈暨表演藝術教育協會辦理),非營利,110,已申報,2,3,全日班,,,,,,,,,,98052.0,,,,
新北市碧城非營利幼兒園(委託社團法人中華音樂舞蹈暨表演藝術教育協會辦理),非營利,111,未申報或鏡像未收錄,0,0,,,,,,,,,,,,,,,
新北市碧城非營利幼兒園(委託社團法人中華音樂舞蹈暨表演藝術教育協會辦理),非營利,112,未申報或鏡像未收錄,0,0,,,,,,,,,,,,,,,
新北市碧城非營利幼兒園(委託社團法人中華音樂舞蹈暨表演藝術教育協會辦理),非營利,113,未申報或鏡像未收錄,0,0,,,,,,,,,,,,,,,
新北市碧城非營利幼兒園(委託社團法人中華音樂舞蹈暨表演藝術教育協會辦理),非營利,114,未申報或鏡像未收錄,0,0,,,,,,,,,,,,,,,
新北市碧城非營利幼兒園(委託財團法人仁德醫護管理專科學校辦理),非營利,109,未申報或鏡像未收錄,0,0,,,,,,,,,,,,,,,
新北市碧城非營利幼兒園(委託財團法人仁德醫護管理專科學校辦理),非營利,110,未申報或鏡像未收錄,0,0,,,,,,,,,,,,,,,
新北市碧城非營利幼兒園(委託財團法人仁德醫護管理專科學校辦理),非營利,111,未申報或鏡像未收錄,0,0,,,,,,,,,,,,,,,
新北市碧城非營利幼兒園(委託財團法人仁德醫護管理專科學校辦理),非營利,112,未申報或鏡像未收錄,0,0,,,,,,,,,,,,,,,
新北市碧城非營利幼兒園(委託財團法人仁德醫護管理專科學校辦理),非營利,113,未申報或鏡像未收錄,0,0,,,,,,,,,,,,,,,
新北市碧城非營利幼兒園(委託財團法人仁德醫護管理專科學校辦理),非營利,114,未申報或鏡像未收錄,0,0,,,,,,,,,,,,,,,
新北市福營非營利幼兒園(委託社團法人中華兆陽文教發展協會辦理),非營利,109,已申報,2,3,全日班,,,,,,,,,,101316.0,,,,
新北市福營非營利幼兒園(委託社團法人中華兆陽文教發展協會辦理),非營利,110,已申報,2,3,全日班,,,,,,,,,,101316.0,,,,
新北市福營非營利幼兒園(委託社團法人中華兆陽文教發展協會辦理),非營利,111,未申報或鏡像未收錄,0,0,,,,,,,,,,,,,,,
新北市福營非營利幼兒園(委託社團法人中華兆陽文教發展協會辦理),非營利,112,未申報或鏡像未收錄,0,0,,,,,,,,,,,,,,,
新北市福營非營利幼兒園(委託社團法人中華兆陽文教發展協會辦理),非營利,113,未申報或鏡像未收錄,0,0,,,,,,,,,,,,,,,
新北市福營非營利幼兒園(委託社團法人中華兆陽文教發展協會辦理),非營利,114,未申報或鏡像未收錄,0,0,,,,,,,,,,,,,,,
新北市積穗非營利幼兒園(委託財團法人三之三生命教育基金會辦理),非營利,109,已申報,2,4,全日班,,,,,,,,,,101625.0,,,,
新北市積穗非營利幼兒園(委託財團法人三之三生命教育基金會辦理),非營利,110,已申報,2,4,全日班,,,,,,,,,,101625.0,,,,
新北市積穗非營利幼兒園(委託財團法人三之三生命教育基金會辦理),非營利,111,未申報或鏡像未收錄,0,0,,,,,,,,,,,,,,,
新北市積穗非營利幼兒園(委託財團法人三之三生命教育基金會辦理),非營利,112,未申報或鏡像未收錄,0,0,,,,,,,,,,,,,,,
新北市積穗非營利幼兒園(委託財團法人三之三生命教育基金會辦理),非營利,113,未申報或鏡像未收錄,0,0,,,,,,,,,,,,,,,
新北市積穗非營利幼兒園(委託財團法人三之三生命教育基金會辦理),非營利,114,未申報或鏡像未收錄,0,0,,,,,,,,,,,,,,,
新北市立三和國民中學附設幼兒園,公立,109,已申報,2,3,全日班,14000.0,1350.0,2700.0,1800.0,6300.0,7200.0,,,200.0,33350.0,15350.0,13500.0,18000.0,33350.0
新北市立三和國民中學附設幼兒園,公立,110,已申報,2,3,全日班,14000.0,1350.0,2700.0,1800.0,6300.0,7200.0,,,200.0,33350.0,15350.0,13500.0,18000.0,33350.0
新北市立三和國民中學附設幼兒園,公立,111,已申報,2,3,全日班,14000.0,1350.0,2700.0,1800.0,6300.0,7200.0,,,200.0,33350.0,15350.0,13500.0,18000.0,33350.0
新北市立三和國民中學附設幼兒園,公立,112,已申報,2,3,全日班,14000.0,1350.0,2700.0,1800.0,6300.0,7200.0,,,200.0,33350.0,15350.0,13500.0,18000.0,33350.0
新北市立三和國民中學附設幼兒園,公立,113,已申報,2,3,全日班,14000.0,1350.0,2700.0,1800.0,6300.0,7200.0,,,200.0,33350.0,15350.0,13500.0,18000.0,33350.0
新北市立三和國民中學附設幼兒園,公立,114,已申報,2,3,全日班,14000.0,1350.0,2700.0,1800.0,6300.0,7200.0,,,200.0,33350.0,15350.0,13500.0,18000.0,33350.0
新北市立三峽國民中學附設幼兒園,公立,109,已申報,2,3,全日班,14000.0,1350.0,2700.0,1800.0,6300.0,7200.0,,,200.0,33350.0,15350.0,13500.0,18000.0,33350.0
新北市立三峽國民中學附設幼兒園,公立,110,已申報,2,3,全日班,14000.0,1350.0,2700.0,1800.0,6300.0,7200.0,,,200.0,33350.0,15350.0,13500.0,18000.0,33350.0
新北市立三峽國民中學附設幼兒園,公立,111,已申報,2,4,全日班,14000.0,1350.0,2700.0,1800.0,6300.0,7200.0,,,200.0,33350.0,15350.0,13500.0,18000.0,33350.0
新北市立三峽國民中學附設幼兒園,公立,112,已申報,2,4,全日班,14000.0,1350.0,2700.0,1800.0,6300.0,7200.0,,,200.0,33350.0,15350.0,13500.0,18000.0,33350.0
新北市立三峽國民中學附設幼兒園,公立,113,已申報,2,4,全日班,14000.0,1350.0,2700.0,1800.0,6300.0,7200.0,,,200.0,33350.0,15350.0,13500.0,18000.0,33350.0
新北市立三峽國民中學附設幼兒園,公立,114,已申報,2,4,全日班,14000.0,1350.0,2700.0,1800.0,6300.0,7200.0,,,200.0,33350.0,15350.0,13500.0,18000.0,33350.0
新北市立三峽幼兒園,公立,109,已申報,2,3,全日班|半日班,14000.0,1350.0,2700.0,1800.0,6300.0,7200.0,,,,33350.0,15350.0,13500.0,18000.0,33350.0
新北市立三峽幼兒園,公立,110,已申報,2,3,全日班|半日班,14000.0,1350.0,2700.0,1800.0,6300.0,7200.0,,,,33350.0,15350.0,13500.0,18000.0,33350.0
新北市立三峽幼兒園,公立,111,已申報,2,3,全日班|半日班,14000.0,1350.0,2700.0,1800.0,6300.0,7200.0,,,,33350.0,15350.0,13500.0,18000.0,33350.0
新北市立三峽幼兒園,公立,112,已申報,2,3,全日班|半日班,14000.0,1350.0,2700.0,1800.0,6300.0,7200.0,,,,33350.0,15350.0,13500.0,18000.0,33350.0
新北市立三峽幼兒園,公立,113,已申報,2,3,全日班|半日班,14000.0,1350.0,2700.0,1800.0,6300.0,7200.0,,,,33350.0,15350.0,13500.0,18000.0,33350.0
新北市立三峽幼兒園,公立,114,已申報,2,3,全日班|半日班,14000.0,1350.0,2700.0,1800.0,6300.0,7200.0,,,,33350.0,15350.0,13500.0,18000.0,33350.0
新北市立三峽幼兒園中興分班,公立,109,已申報,2,3,全日班|半日班,14000.0,1350.0,2700.0,1800.0,6300.0,7200.0,,,,33350.0,15350.0,13500.0,18000.0,33350.0
新北市立三峽幼兒園中興分班,公立,110,已申報,2,3,全日班|半日班,14000.0,1350.0,2700.0,1800.0,6300.0,7200.0,,,,33350.0,15350.0,13500.0,18000.0,33350.0
新北市立三峽幼兒園中興分班,公立,111,已申報,2,3,全日班|半日班,14000.0,1350.0,2700.0,1800.0,6300.0,7200.0,,,,33350.0,15350.0,13500.0,18000.0,33350.0
新北市立三峽幼兒園中興分班,公立,112,已申報,2,3,全日班|半日班,14000.0,1350.0,2700.0,1800.0,6300.0,7200.0,,,,33350.0,15350.0,13500.0,18000.0,33350.0
新北市立三峽幼兒園中興分班,公立,113,已申報,2,3,全日班|半日班,14000.0,1350.0,2700.0,1800.0,6300.0,7200.0,,,,33350.0,15350.0,13500.0,18000.0,33350.0
新北市立三峽幼兒園中興分班,公立,114,已申報,2,3,全日班|半日班,14000.0,1350.0,2700.0,1800.0,6300.0,7200.0,,,,33350.0,15350.0,13500.0,18000.0,33350.0
新北市立三峽幼兒園龍埔分班,公立,109,已申報,2,3,全日班|半日班,14000.0,1350.0,2700.0,1800.0,6300.0,7200.0,,,,33350.0,15350.0,13500.0,18000.0,33350.0
新北市立三峽幼兒園龍埔分班,公立,110,已申報,2,3,全日班|半日班,14000.0,1350.0,2700.0,1800.0,6300.0,7200.0,,,,33350.0,15350.0,13500.0,18000.0,33350.0
新北市立三峽幼兒園龍埔分班,公立,111,已申報,2,3,全日班|半日班,14000.0,1350.0,2700.0,1800.0,6300.0,7200.0,,,,33350.0,15350.0,13500.0,18000.0,33350.0
新北市立三峽幼兒園龍埔分班,公立,112,已申報,2,3,全日班|半日班,14000.0,1350.0,2700.0,1800.0,6300.0,7200.0,,,,33350.0,15350.0,13500.0,18000.0,33350.0
新北市立三峽幼兒園龍埔分班,公立,113,已申報,2,3,全日班|半日班,14000.0,1350.0,2700.0,1800.0,6300.0,7200.0,,,,33350.0,15350.0,13500.0,18000.0,33350.0
新北市立三峽幼兒園龍埔分班,公立,114,已申報,2,3,全日班|半日班,14000.0,1350.0,2700.0,1800.0,6300.0,7200.0,,,,33350.0,15350.0,13500.0,18000.0,33350.0
新北市立三芝幼兒園,公立,109,已申報,2,3,全日班|半日班,14000.0,1350.0,2700.0,1800.0,6300.0,7200.0,,,,33350.0,15350.0,13500.0,18000.0,33350.0
新北市立三芝幼兒園,公立,110,已申報,2,3,全日班|半日班,14000.0,1350.0,2700.0,1800.0,6300.0,7200.0,,,,33350.0,15350.0,13500.0,18000.0,33350.0
新北市立三芝幼兒園,公立,111,已申報,2,3,全日班|半日班,14000.0,1350.0,2700.0,1800.0,6300.0,7200.0,,,,33350.0,15350.0,13500.0,18000.0,33350.0
新北市立三芝幼兒園,公立,112,已申報,2,3,全日班|半日班,14000.0,1350.0,2700.0,1800.0,6300.0,7200.0,,,,33350.0,15350.0,13500.0,18000.0,33350.0
新北市立三芝幼兒園,公立,113,已申報,2,3,全日班|半日班,14000.0,1350.0,2700.0,1800.0,6300.0,7200.0,,,,33350.0,15350.0,13500.0,18000.0,33350.0
新北市立三芝幼兒園,公立,114,已申報,2,3,全日班|半日班,14000.0,1350.0,2700.0,1800.0,6300.0,7200.0,,,,33350.0,15350.0,13500.0,18000.0,33350.0
新北市立三芝幼兒園福成分班,公立,109,已申報,2,4,全日班|半日班,14000.0,1350.0,2700.0,1800.0,6300.0,7200.0,0.0,0.0,0.0,33350.0,15350.0,13500.0,18000.0,33350.0
新北市立三芝幼兒園福成分班,公立,110,已申報,2,4,全日班|半日班,14000.0,1350.0,2700.0,1800.0,6300.0,7200.0,0.0,0.0,0.0,33350.0,15350.0,13500.0,18000.0,33350.0
新北市立三芝幼兒園福成分班,公立,111,已申報,2,4,全日班|半日班,14000.0,1350.0,2700.0,1800.0,6300.0,7200.0,0.0,0.0,0.0,33350.0,15350.0,13500.0,18000.0,33350.0
新北市立三芝幼兒園福成分班,公立,112,已申報,2,4,全日班|半日班,14000.0,1350.0,2700.0,1800.0,6300.0,7200.0,0.0,0.0,0.0,33350.0,15350.0,13500.0,18000.0,33350.0
新北市立三芝幼兒園福成分班,公立,113,已申報,2,4,全日班|半日班,14000.0,1350.0,2700.0,1800.0,6300.0,7200.0,0.0,0.0,0.0,33350.0,15350.0,13500.0,18000.0,33350.0
新北市立三芝幼兒園福成分班,公立,114,已申報,2,4,全日班|半日班,14000.0,1350.0,2700.0,1800.0,6300.0,7200.0,0.0,0.0,0.0,33350.0,15350.0,13500.0,18000.0,33350.0
新北市立三重幼兒園,公立,109,已申報,2,3,全日班|半日班,14000.0,1350.0,2700.0,1800.0,6300.0,7200.0,0.0,0.0,0.0,33350.0,15350.0,13500.0,18000.0,33350.0
新北市立三重幼兒園,公立,110,已申報,2,3,全日班|半日班,14000.0,1350.0,2700.0,1800.0,6300.0,7200.0,0.0,0.0,0.0,33350.0,15350.0,13500.0,18000.0,33350.0
新北市立三重幼兒園,公立,111,已申報,2,3,全日班|半日班,14000.0,1350.0,2700.0,1800.0,6300.0,7200.0,0.0,0.0,0.0,33350.0,15350.0,13500.0,18000.0,33350.0
新北市立三重幼兒園,公立,112,已申報,2,3,全日班|半日班,14000.0,1350.0,2700.0,1800.0,6300.0,7200.0,0.0,0.0,0.0,33350.0,15350.0,13500.0,18000.0,33350.0
新北市立三重幼兒園,公立,113,已申報,2,3,全日班|半日班,14000.0,1350.0,2700.0,1800.0,6300.0,7200.0,0.0,0.0,0.0,33350.0,15350.0,13500.0,18000.0,33350.0
新北市立三重幼兒園,公立,114,已申報,2,3,全日班|半日班,14000.0,1350.0,2700.0,1800.0,6300.0,7200.0,0.0,0.0,0.0,33350.0,15350.0,13500.0,18000.0,33350.0
新北市立三重幼兒園厚德分班,公立,109,已申報,2,3,全日班|半日班,14000.0,1350.0,2700.0,1800.0,6300.0,7200.0,,,,33350.0,15350.0,13500.0,18000.0,33350.0
新北市立三重幼兒園厚德分班,公立,110,已申報,2,3,全日班|半日班,14000.0,1350.0,2700.0,1800.0,6300.0,7200.0,,,,33350.0,15350.0,13500.0,18000.0,33350.0
新北市立三重幼兒園厚德分班,公立,111,已申報,2,3,全日班|半日班,14000.0,1350.0,2700.0,1800.0,6300.0,7200.0,,,,33350.0,15350.0,13500.0,18000.0,33350.0
新北市立三重幼兒園厚德分班,公立,112,已申報,2,3,全日班|半日班,14000.0,1350.0,2700.0,1800.0,6300.0,7200.0,,,,33350.0,15350.0,13500.0,18000.0,33350.0
新北市立三重幼兒園厚德分班,公立,113,已申報,2,3,全日班|半日班,14000.0,1350.0,2700.0,1800.0,6300.0,7200.0,,,,33350.0,15350.0,13500.0,18000.0,33350.0
新北市立三重幼兒園厚德分班,公立,114,已申報,2,3,全日班|半日班,14000.0,1350.0,2700.0,1800.0,6300.0,7200.0,,,,33350.0,15350.0,13500.0,18000.0,33350.0
新北市立三重幼兒園崇德分班,公立,109,已申報,2,3,全日班|半日班,14000.0,1350.0,2700.0,1800.0,6300.0,7200.0,,,,33350.0,15350.0,13500.0,18000.0,33350.0
新北市立三重幼兒園崇德分班,公立,110,已申報,2,3,全日班|半日班,14000.0,1350.0,2700.0,1800.0,6300.0,7200.0,,,,33350.0,15350.0,13500.0,18000.0,33350.0
新北市立三重幼兒園崇德分班,公立,111,已申報,2,3,全日班|半日班,14000.0,1350.0,2700.0,1800.0,6300.0,7200.0,,,,33350.0,15350.0,13500.0,18000.0,33350.0
新北市立三重幼兒園崇德分班,公立,112,已申報,2,3,全日班|半日班,14000.0,1350.0,2700.0,1800.0,6300.0,7200.0,,,,33350.0,15350.0,13500.0,18000.0,33350.0
新北市立三重幼兒園崇德分班,公立,113,已申報,2,3,全日班|半日班,14000.0,1350.0,2700.0,1800.0,6300.0,7200.0,,,,33350.0,15350.0,13500.0,18000.0,33350.0
新北市立三重幼兒園崇德分班,公立,114,已申報,2,3,全日班|半日班,14000.0,1350.0,2700.0,1800.0,6300.0,7200.0,,,,33350.0,15350.0,13500.0,18000.0,33350.0
新北市立三重高級中學附設幼兒園,公立,109,已申報,2,3,全日班,14000.0,1350.0,2700.0,1800.0,6300.0,7200.0,,,200.0,33350.0,15350.0,13500.0,18000.0,33350.0
新北市立三重高級中學附設幼兒園,公立,110,已申報,2,3,全日班,14000.0,1350.0,2700.0,1800.0,6300.0,7200.0,,,200.0,33350.0,15350.0,13500.0,18000.0,33350.0
新北市立三重高級中學附設幼兒園,公立,111,已申報,2,4,全日班,14000.0,1350.0,2700.0,1800.0,6300.0,7200.0,,,200.0,33350.0,15350.0,13500.0,18000.0,33350.0
新北市立三重高級中學附設幼兒園,公立,112,已申報,2,4,全日班,14000.0,1350.0,2700.0,1800.0,6300.0,7200.0,,,200.0,33350.0,15350.0,13500.0,18000.0,33350.0
新北市立三重高級中學附設幼兒園,公立,113,已申報,2,4,全日班,14000.0,1350.0,2700.0,1800.0,6300.0,7200.0,,,200.0,33350.0,15350.0,13500.0,18000.0,33350.0
新北市立三重高級中學附設幼兒園,公立,114,已申報,2,4,全日班,14000.0,1350.0,2700.0,1800.0,6300.0,7200.0,,,200.0,33350.0,15350.0,13500.0,18000.0,33350.0
新北市立中和國民中學附設幼兒園,公立,109,已申報,2,3,全日班|半日班,14000.0,1350.0,2700.0,1800.0,6300.0,7200.0,0.0,,200.0,33350.0,15350.0,13500.0,18000.0,33350.0
新北市立中和國民中學附設幼兒園,公立,110,已申報,2,3,全日班|半日班,14000.0,1350.0,2700.0,1800.0,6300.0,7200.0,0.0,,200.0,33350.0,15350.0,13500.0,18000.0,33350.0
新北市立中和國民中學附設幼兒園,公立,111,已申報,2,3,全日班|半日班,14000.0,1350.0,2700.0,1800.0,6300.0,7200.0,0.0,,200.0,33350.0,15350.0,13500.0,18000.0,33350.0
新北市立中和國民中學附設幼兒園,公立,112,已申報,2,3,全日班|半日班,14000.0,1350.0,2700.0,1800.0,6300.0,7200.0,0.0,,200.0,33350.0,15350.0,13500.0,18000.0,33350.0
新北市立中和國民中學附設幼兒園,公立,113,已申報,2,3,全日班|半日班,14000.0,1350.0,2700.0,1800.0,6300.0,7200.0,0.0,,200.0,33350.0,15350.0,13500.0,18000.0,33350.0
新北市立中和國民中學附設幼兒園,公立,114,已申報,2,3,全日班|半日班,14000.0,1350.0,2700.0,1800.0,6300.0,7200.0,0.0,,200.0,33350.0,15350.0,13500.0,18000.0,33350.0
新北市立中和幼兒園,公立,109,已申報,2,3,全日班|半日班,14000.0,1350.0,2700.0,1800.0,6300.0,7200.0,,,,33350.0,15350.0,13500.0,18000.0,33350.0
新北市立中和幼兒園,公立,110,已申報,2,3,全日班|半日班,14000.0,1350.0,2700.0,1800.0,6300.0,7200.0,,,,33350.0,15350.0,13500.0,18000.0,33350.0
新北市立中和幼兒園,公立,111,已申報,2,3,全日班|半日班,14000.0,1350.0,2700.0,1800.0,6300.0,7200.0,,,,33350.0,15350.0,13500.0,18000.0,33350.0
新北市立中和幼兒園,公立,112,已申報,2,3,全日班|半日班,14000.0,1350.0,2700.0,1800.0,6300.0,7200.0,,,,33350.0,15350.0,13500.0,18000.0,33350.0
新北市立中和幼兒園,公立,113,已申報,2,3,全日班|半日班,14000.0,1350.0,2700.0,1800.0,6300.0,7200.0,,,,33350.0,15350.0,13500.0,18000.0,33350.0
新北市立中和幼兒園,公立,114,已申報,2,3,全日班|半日班,14000.0,1350.0,2700.0,1800.0,6300.0,7200.0,,,,33350.0,15350.0,13500.0,18000.0,33350.0
新北市立中和幼兒園慈光分班,公立,109,已申報,2,3,全日班|半日班,14000.0,1350.0,2700.0,1800.0,6300.0,7200.0,,,,33350.0,15350.0,13500.0,18000.0,33350.0
新北市立中和幼兒園慈光分班,公立,110,已申報,2,3,全日班|半日班,14000.0,1350.0,2700.0,1800.0,6300.0,7200.0,,,,33350.0,15350.0,13500.0,18000.0,33350.0
新北市立中和幼兒園慈光分班,公立,111,已申報,2,3,全日班|半日班,14000.0,1350.0,2700.0,1800.0,6300.0,7200.0,,,,33350.0,15350.0,13500.0,18000.0,33350.0
新北市立中和幼兒園慈光分班,公立,112,已申報,2,3,全日班|半日班,14000.0,1350.0,2700.0,1800.0,6300.0,7200.0,,,,33350.0,15350.0,13500.0,18000.0,33350.0
新北市立中和幼兒園慈光分班,公立,113,已申報,2,3,全日班|半日班,14000.0,1350.0,2700.0,1800.0,6300.0,7200.0,,,,33350.0,15350.0,13500.0,18000.0,33350.0
新北市立中和幼兒園慈光分班,公立,114,已申報,2,3,全日班|半日班,14000.0,1350.0,2700.0,1800.0,6300.0,7200.0,,,,33350.0,15350.0,13500.0,18000.0,33350.0
新北市立中和幼兒園碧湖分班,公立,109,已申報,2,3,全日班|半日班,14000.0,1350.0,2700.0,1800.0,6300.0,7200.0,,,,33350.0,15350.0,13500.0,18000.0,33350.0
新北市立中和幼兒園碧湖分班,公立,110,已申報,2,3,全日班|半日班,14000.0,1350.0,2700.0,1800.0,6300.0,7200.0,,,,33350.0,15350.0,13500.0,18000.0,33350.0
新北市立中和幼兒園碧湖分班,公立,111,已申報,2,3,全日班|半日班,14000.0,1350.0,2700.0,1800.0,6300.0,7200.0,,,,33350.0,15350.0,13500.0,18000.0,33350.0
新北市立中和幼兒園碧湖分班,公立,112,已申報,2,3,全日班|半日班,14000.0,1350.0,2700.0,1800.0,6300.0,7200.0,,,,33350.0,15350.0,13500.0,18000.0,33350.0
新北市立中和幼兒園碧湖分班,公立,113,已申報,2,3,全日班|半日班,14000.0,1350.0,2700.0,1800.0,6300.0,7200.0,,,,33350.0,15350.0,13500.0,18000.0,33350.0
新北市立中和幼兒園碧湖分班,公立,114,已申報,2,3,全日班|半日班,14000.0,1350.0,2700.0,1800.0,6300.0,7200.0,,,,33350.0,15350.0,13500.0,18000.0,33350.0
新北市立中和幼兒園秀山分班,公立,109,已申報,2,3,全日班|半日班,14000.0,1350.0,2700.0,1800.0,6300.0,7200.0,,,,33350.0,15350.0,13500.0,18000.0,33350.0
新北市立中和幼兒園秀山分班,公立,110,已申報,2,3,全日班|半日班,14000.0,1350.0,2700.0,1800.0,6300.0,7200.0,,,,33350.0,15350.0,13500.0,18000.0,33350.0
新北市立中和幼兒園秀山分班,公立,111,已申報,2,3,全日班|半日班,14000.0,1350.0,2700.0,1800.0,6300.0,7200.0,,,,33350.0,15350.0,13500.0,18000.0,33350.0
新北市立中和幼兒園秀山分班,公立,112,已申報,2,3,全日班|半日班,14000.0,1350.0,2700.0,1800.0,6300.0,7200.0,,,,33350.0,15350.0,13500.0,18000.0,33350.0
新北市立中和幼兒園秀山分班,公立,113,未申報或鏡像未收錄,0,0,,,,,,,,,,,,,,,
新北市立中和幼兒園秀山分班,公立,114,未申報或鏡像未收錄,0,0,,,,,,,,,,,,,,,
新北市立中和幼兒園飛駝分班,公立,109,已申報,2,3,全日班|半日班,14000.0,1350.0,2700.0,1800.0,6300.0,7200.0,,,,33350.0,15350.0,13500.0,18000.0,33350.0
新北市立中和幼兒園飛駝分班,公立,110,已申報,2,3,全日班|半日班,14000.0,1350.0,2700.0,1800.0,6300.0,7200.0,,,,33350.0,15350.0,13500.0,18000.0,33350.0
新北市立中和幼兒園飛駝分班,公立,111,已申報,2,3,全日班|半日班,14000.0,1350.0,2700.0,1800.0,6300.0,7200.0,,,,33350.0,15350.0,13500.0,18000.0,33350.0
新北市立中和幼兒園飛駝分班,公立,112,已申報,2,3,全日班|半日班,14000.0,1350.0,2700.0,1800.0,6300.0,7200.0,,,,33350.0,15350.0,13500.0,18000.0,33350.0
新北市立中和幼兒園飛駝分班,公立,113,已申報,2,3,全日班|半日班,14000.0,1350.0,2700.0,1800.0,6300.0,7200.0,,,,33350.0,15350.0,13500.0,18000.0,33350.0
新北市立中和幼兒園飛駝分班,公立,114,已申報,2,3,全日班|半日班,14000.0,1350.0,2700.0,1800.0,6300.0,7200.0,,,,33350.0,15350.0,13500.0,18000.0,33350.0
新北市立二重國民中學附設幼兒園,公立,109,已申報,2,4,全日班,14000.0,1350.0,2700.0,1800.0,6300.0,7200.0,,,200.0,33350.0,15350.0,13500.0,18000.0,33350.0
新北市立二重國民中學附設幼兒園,公立,110,已申報,2,4,全日班,14000.0,1350.0,2700.0,1800.0,6300.0,7200.0,,,200.0,33350.0,15350.0,13500.0,18000.0,33350.0
新北市立二重國民中學附設幼兒園,公立,111,已申報,2,4,全日班,14000.0,1350.0,2700.0,1800.0,6300.0,7200.0,,,200.0,33350.0,15350.0,13500.0,18000.0,33350.0
新北市立二重國民中學附設幼兒園,公立,112,已申報,2,4,全日班,14000.0,1350.0,2700.0,1800.0,6300.0,7200.0,,,200.0,33350.0,15350.0,13500.0,18000.0,33350.0
新北市立二重國民中學附設幼兒園,公立,113,已申報,2,4,全日班,14000.0,1350.0,2700.0,1800.0,6300.0,7200.0,,,200.0,33350.0,15350.0,13500.0,18000.0,33350.0
新北市立二重國民中學附設幼兒園,公立,114,已申報,2,4,全日班,14000.0,1350.0,2700.0,1800.0,6300.0,7200.0,,,200.0,33350.0,15350.0,13500.0,18000.0,33350.0
新北市立五峰國民中學附設幼兒園,公立,109,已申報,2,3,全日班,14000.0,1350.0,2700.0,1800.0,6300.0,7200.0,,,200.0,33350.0,15350.0,13500.0,18000.0,33350.0
新北市立五峰國民中學附設幼兒園,公立,110,已申報,2,3,全日班,14000.0,1350.0,2700.0,1800.0,6300.0,7200.0,,,200.0,33350.0,15350.0,13500.0,18000.0,33350.0
新北市立五峰國民中學附設幼兒園,公立,111,已申報,2,3,全日班,14000.0,1350.0,2700.0,1800.0,6300.0,7200.0,,,200.0,33350.0,15350.0,13500.0,18000.0,33350.0
新北市立五峰國民中學附設幼兒園,公立,112,已申報,2,3,全日班,14000.0,1350.0,2700.0,1800.0,6300.0,7200.0,,,200.0,33350.0,15350.0,13500.0,18000.0,33350.0
新北市立五峰國民中學附設幼兒園,公立,113,已申報,2,3,全日班,14000.0,1350.0,2700.0,1800.0,6300.0,7200.0,,,200.0,33350.0,15350.0,13500.0,18000.0,33350.0
新北市立五峰國民中學附設幼兒園,公立,114,已申報,2,3,全日班,14000.0,1350.0,2700.0,1800.0,6300.0,7200.0,,,200.0,33350.0,15350.0,13500.0,18000.0,33350.0
新北市立五股幼兒園,公立,109,已申報,2,3,全日班|半日班,14000.0,1350.0,2700.0,1800.0,6300.0,7200.0,,,,33350.0,15350.0,13500.0,18000.0,33350.0
新北市立五股幼兒園,公立,110,已申報,2,3,全日班|半日班,14000.0,1350.0,2700.0,1800.0,6300.0,7200.0,,,,33350.0,15350.0,13500.0,18000.0,33350.0
新北市立五股幼兒園,公立,111,已申報,2,3,全日班|半日班,14000.0,1350.0,2700.0,1800.0,6300.0,7200.0,,,,33350.0,15350.0,13500.0,18000.0,33350.0
新北市立五股幼兒園,公立,112,已申報,2,3,全日班|半日班,14000.0,1350.0,2700.0,1800.0,6300.0,7200.0,,,,33350.0,15350.0,13500.0,18000.0,33350.0
新北市立五股幼兒園,公立,113,已申報,2,3,全日班|半日班,14000.0,1350.0,2700.0,1800.0,6300.0,7200.0,,,,33350.0,15350.0,13500.0,18000.0,33350.0
新北市立五股幼兒園,公立,114,已申報,2,3,全日班|半日班,14000.0,1350.0,2700.0,1800.0,6300.0,7200.0,,,,33350.0,15350.0,13500.0,18000.0,33350.0
新北市立五股幼兒園德音分班,公立,109,已申報,2,3,全日班|半日班,14000.0,1350.0,2700.0,1800.0,6300.0,7200.0,,,,33350.0,15350.0,13500.0,18000.0,33350.0
新北市立五股幼兒園德音分班,公立,110,已申報,2,3,全日班|半日班,14000.0,1350.0,2700.0,1800.0,6300.0,7200.0,,,,33350.0,15350.0,13500.0,18000.0,33350.0
新北市立五股幼兒園德音分班,公立,111,已申報,2,3,全日班|半日班,14000.0,1350.0,2700.0,1800.0,6300.0,7200.0,,,,33350.0,15350.0,13500.0,18000.0,33350.0
新北市立五股幼兒園德音分班,公立,112,已申報,2,3,全日班|半日班,14000.0,1350.0,2700.0,1800.0,6300.0,7200.0,,,,33350.0,15350.0,13500.0,18000.0,33350.0
新北市立五股幼兒園德音分班,公立,113,已申報,2,3,全日班|半日班,14000.0,1350.0,2700.0,1800.0,6300.0,7200.0,,,,33350.0,15350.0,13500.0,18000.0,33350.0
新北市立五股幼兒園德音分班,公立,114,已申報,2,3,全日班|半日班,14000.0,1350.0,2700.0,1800.0,6300.0,7200.0,,,,33350.0,15350.0,13500.0,18000.0,33350.0
新北市立五股幼兒園成州分班,公立,109,已申報,2,3,全日班|半日班,14000.0,1350.0,2700.0,1800.0,6300.0,7200.0,,,,33350.0,15350.0,13500.0,18000.0,33350.0
新北市立五股幼兒園成州分班,公立,110,已申報,2,3,全日班|半日班,14000.0,1350.0,2700.0,1800.0,6300.0,7200.0,,,,33350.0,15350.0,13500.0,18000.0,33350.0
新北市立五股幼兒園成州分班,公立,111,已申報,2,3,全日班|半日班,14000.0,1350.0,2700.0,1800.0,6300.0,7200.0,,,,33350.0,15350.0,13500.0,18000.0,33350.0
新北市立五股幼兒園成州分班,公立,112,已申報,2,3,全日班|半日班,14000.0,1350.0,2700.0,1800.0,6300.0,7200.0,,,,33350.0,15350.0,13500.0,18000.0,33350.0
新北市立五股幼兒園成州分班,公立,113,已申報,2,3,全日班|半日班,14000.0,1350.0,2700.0,1800.0,6300.0,7200.0,,,,33350.0,15350.0,13500.0,18000.0,33350.0
新北市立五股幼兒園成州分班,公立,114,已申報,2,3,全日班|半日班,14000.0,1350.0,2700.0,1800.0,6300.0,7200.0,,,,33350.0,15350.0,13500.0,18000.0,33350.0
新北市立五股幼兒園更新分班,公立,109,已申報,2,3,全日班|半日班,14000.0,1350.0,2700.0,1800.0,6300.0,7200.0,,,,33350.0,15350.0,13500.0,18000.0,33350.0
新北市立五股幼兒園更新分班,公立,110,已申報,2,3,全日班|半日班,14000.0,1350.0,2700.0,1800.0,6300.0,7200.0,,,,33350.0,15350.0,13500.0,18000.0,33350.0
新北市立五股幼兒園更新分班,公立,111,已申報,2,3,全日班|半日班,14000.0,1350.0,2700.0,1800.0,6300.0,7200.0,,,,33350.0,15350.0,13500.0,18000.0,33350.0
新北市立五股幼兒園更新分班,公立,112,已申報,2,3,全日班|半日班,14000.0,1350.0,2700.0,1800.0,6300.0,7200.0,,,,33350.0,15350.0,13500.0,18000.0,33350.0
新北市立五股幼兒園更新分班,公立,113,已申報,2,3,全日班|半日班,14000.0,1350.0,2700.0,1800.0,6300.0,7200.0,,,,33350.0,15350.0,13500.0,18000.0,33350.0
新北市立五股幼兒園更新分班,公立,114,已申報,2,3,全日班|半日班,14000.0,1350.0,2700.0,1800.0,6300.0,7200.0,,,,33350.0,15350.0,13500.0,18000.0,33350.0
新北市立五股幼兒園水碓分班,公立,109,已申報,2,3,全日班|半日班,14000.0,1350.0,2700.0,1800.0,6300.0,7200.0,,,,33350.0,15350.0,13500.0,18000.0,33350.0
新北市立五股幼兒園水碓分班,公立,110,已申報,2,3,全日班|半日班,14000.0,1350.0,2700.0,1800.0,6300.0,7200.0,,,,33350.0,15350.0,13500.0,18000.0,33350.0
新北市立五股幼兒園水碓分班,公立,111,已申報,2,3,全日班|半日班,14000.0,1350.0,2700.0,1800.0,6300.0,7200.0,,,,33350.0,15350.0,13500.0,18000.0,33350.0
新北市立五股幼兒園水碓分班,公立,112,已申報,2,3,全日班|半日班,14000.0,1350.0,2700.0,1800.0,6300.0,7200.0,,,,33350.0,15350.0,13500.0,18000.0,33350.0
新北市立五股幼兒園水碓分班,公立,113,已申報,2,3,全日班|半日班,14000.0,1350.0,2700.0,1800.0,6300.0,7200.0,,,,33350.0,15350.0,13500.0,18000.0,33350.0
新北市立五股幼兒園水碓分班,公立,114,已申報,2,3,全日班|半日班,14000.0,1350.0,2700.0,1800.0,6300.0,7200.0,,,,33350.0,15350.0,13500.0,18000.0,33350.0
新北市立五股幼兒園陸一分班,公立,109,已申報,2,3,全日班|半日班,14000.0,1350.0,2700.0,1800.0,6300.0,7200.0,,,,33350.0,15350.0,13500.0,18000.0,33350.0
新北市立五股幼兒園陸一分班,公立,110,已申報,2,3,全日班|半日班,14000.0,1350.0,2700.0,1800.0,6300.0,7200.0,,,,33350.0,15350.0,13500.0,18000.0,33350.0
新北市立五股幼兒園陸一分班,公立,111,已申報,2,3,全日班|半日班,14000.0,1350.0,2700.0,1800.0,6300.0,7200.0,,,,33350.0,15350.0,13500.0,18000.0,33350.0
新北市立五股幼兒園陸一分班,公立,112,已申報,2,3,全日班|半日班,14000.0,1350.0,2700.0,1800.0,6300.0,7200.0,,,,33350.0,15350.0,13500.0,18000.0,33350.0
新北市立五股幼兒園陸一分班,公立,113,已申報,2,3,全日班|半日班,14000.0,1350.0,2700.0,1800.0,6300.0,7200.0,,,,33350.0,15350.0,13500.0,18000.0,33350.0
新北市立五股幼兒園陸一分班,公立,114,已申報,2,3,全日班|半日班,14000.0,1350.0,2700.0,1800.0,6300.0,7200.0,,,,33350.0,15350.0,13500.0,18000.0,33350.0
新北市立光榮國民中學附設幼兒園,公立,109,已申報,2,3,全日班,14000.0,1350.0,2700.0,1800.0,6300.0,7200.0,,,200.0,33350.0,15350.0,13500.0,18000.0,33350.0
新北市立光榮國民中學附設幼兒園,公立,110,已申報,2,3,全日班,14000.0,1350.0,2700.0,1800.0,6300.0,7200.0,,,200.0,33350.0,15350.0,13500.0,18000.0,33350.0
新北市立光榮國民中學附設幼兒園,公立,111,已申報,2,3,全日班,14000.0,1350.0,2700.0,1800.0,6300.0,7200.0,,,200.0,33350.0,15350.0,13500.0,18000.0,33350.0
新北市立光榮國民中學附設幼兒園,公立,112,已申報,2,3,全日班,14000.0,1350.0,2700.0,1800.0,6300.0,7200.0,,,200.0,33350.0,15350.0,13500.0,18000.0,33350.0
新北市立光榮國民中學附設幼兒園,公立,113,已申報,2,3,全日班,14000.0,1350.0,2700.0,1800.0,6300.0,7200.0,,,200.0,33350.0,15350.0,13500.0,18000.0,33350.0
新北市立光榮國民中學附設幼兒園,公立,114,已申報,2,3,全日班,14000.0,1350.0,2700.0,1800.0,6300.0,7200.0,,,200.0,33350.0,15350.0,13500.0,18000.0,33350.0
新北市立八里幼兒園,公立,109,已申報,2,3,全日班|半日班,14000.0,1350.0,2700.0,1800.0,6300.0,7200.0,0.0,0.0,0.0,33350.0,15350.0,13500.0,18000.0,33350.0
新北市立八里幼兒園,公立,110,已申報,2,3,全日班|半日班,14000.0,1350.0,2700.0,1800.0,6300.0,7200.0,0.0,0.0,0.0,33350.0,15350.0,13500.0,18000.0,33350.0
新北市立八里幼兒園,公立,111,已申報,2,3,全日班|半日班,14000.0,1350.0,2700.0,1800.0,6300.0,7200.0,0.0,0.0,0.0,33350.0,15350.0,13500.0,18000.0,33350.0
新北市立八里幼兒園,公立,112,已申報,2,3,全日班|半日班,14000.0,1350.0,2700.0,1800.0,6300.0,7200.0,0.0,0.0,0.0,33350.0,15350.0,13500.0,18000.0,33350.0
新北市立八里幼兒園,公立,113,已申報,2,3,全日班|半日班,14000.0,1350.0,2700.0,1800.0,6300.0,7200.0,0.0,0.0,0.0,33350.0,15350.0,13500.0,18000.0,33350.0
新北市立八里幼兒園,公立,114,已申報,2,3,全日班|半日班,14000.0,1350.0,2700.0,1800.0,6300.0,7200.0,0.0,0.0,0.0,33350.0,15350.0,13500.0,18000.0,33350.0
新北市立八里幼兒園大埤頂分班,公立,109,已申報,2,3,全日班|半日班,14000.0,1350.0,2700.0,1800.0,6300.0,7200.0,0.0,0.0,0.0,33350.0,15350.0,13500.0,18000.0,33350.0
新北市立八里幼兒園大埤頂分班,公立,110,已申報,2,3,全日班|半日班,14000.0,1350.0,2700.0,1800.0,6300.0,7200.0,0.0,0.0,0.0,33350.0,15350.0,13500.0,18000.0,33350.0
新北市立八里幼兒園大埤頂分班,公立,111,已申報,2,3,全日班|半日班,14000.0,1350.0,2700.0,1800.0,6300.0,7200.0,0.0,0.0,0.0,33350.0,15350.0,13500.0,18000.0,33350.0
新北市立八里幼兒園大埤頂分班,公立,112,已申報,2,3,全日班|半日班,14000.0,1350.0,2700.0,1800.0,6300.0,7200.0,0.0,0.0,0.0,33350.0,15350.0,13500.0,18000.0,33350.0
新北市立八里幼兒園大埤頂分班,公立,113,已申報,2,3,全日班|半日班,14000.0,1350.0,2700.0,1800.0,6300.0,7200.0,0.0,0.0,0.0,33350.0,15350.0,13500.0,18000.0,33350.0
新北市立八里幼兒園大埤頂分班,公立,114,已申報,2,3,全日班|半日班,14000.0,1350.0,2700.0,1800.0,6300.0,7200.0,0.0,0.0,0.0,33350.0,15350.0,13500.0,18000.0,33350.0
新北市立八里幼兒園龍源分班,公立,109,已申報,2,3,全日班|半日班,14000.0,1350.0,2700.0,1800.0,6300.0,7200.0,,,,33350.0,15350.0,13500.0,18000.0,33350.0
新北市立八里幼兒園龍源分班,公立,110,已申報,2,3,全日班|半日班,14000.0,1350.0,2700.0,1800.0,6300.0,7200.0,,,,33350.0,15350.0,13500.0,18000.0,33350.0
新北市立八里幼兒園龍源分班,公立,111,已申報,2,3,全日班|半日班,14000.0,1350.0,2700.0,1800.0,6300.0,7200.0,,,,33350.0,15350.0,13500.0,18000.0,33350.0
新北市立八里幼兒園龍源分班,公立,112,已申報,2,3,全日班|半日班,14000.0,1350.0,2700.0,1800.0,6300.0,7200.0,,,,33350.0,15350.0,13500.0,18000.0,33350.0
新北市立八里幼兒園龍源分班,公立,113,已申報,2,3,全日班|半日班,14000.0,1350.0,2700.0,1800.0,6300.0,7200.0,,,,33350.0,15350.0,13500.0,18000.0,33350.0
新北市立八里幼兒園龍源分班,公立,114,已申報,2,3,全日班|半日班,14000.0,1350.0,2700.0,1800.0,6300.0,7200.0,,,,33350.0,15350.0,13500.0,18000.0,33350.0
新北市立土城國民中學附設幼兒園,公立,109,已申報,2,3,全日班,14000.0,1350.0,2700.0,1800.0,6300.0,7200.0,,,200.0,33350.0,15350.0,13500.0,18000.0,33350.0
新北市立土城國民中學附設幼兒園,公立,110,已申報,2,3,全日班,14000.0,1350.0,2700.0,1800.0,6300.0,7200.0,,,200.0,33350.0,15350.0,13500.0,18000.0,33350.0
新北市立土城國民中學附設幼兒園,公立,111,已申報,2,3,全日班,14000.0,1350.0,2700.0,1800.0,6300.0,7200.0,,,200.0,33350.0,15350.0,13500.0,18000.0,33350.0
新北市立土城國民中學附設幼兒園,公立,112,已申報,2,3,全日班,14000.0,1350.0,2700.0,1800.0,6300.0,7200.0,,,200.0,33350.0,15350.0,13500.0,18000.0,33350.0
新北市立土城國民中學附設幼兒園,公立,113,已申報,2,4,全日班,14000.0,1350.0,2700.0,1800.0,6300.0,7200.0,,,200.0,33350.0,15350.0,13500.0,18000.0,33350.0
新北市立土城國民中學附設幼兒園,公立,114,已申報,2,4,全日班,14000.0,1350.0,2700.0,1800.0,6300.0,7200.0,,,200.0,33350.0,15350.0,13500.0,18000.0,33350.0
新北市立土城幼兒園,公立,109,已申報,2,3,全日班|半日班,14000.0,1350.0,2700.0,1800.0,6300.0,7200.0,,,,33350.0,15350.0,13500.0,18000.0,33350.0
新北市立土城幼兒園,公立,110,已申報,2,3,全日班|半日班,14000.0,1350.0,2700.0,1800.0,6300.0,7200.0,,,,33350.0,15350.0,13500.0,18000.0,33350.0
新北市立土城幼兒園,公立,111,已申報,2,3,全日班|半日班,14000.0,1350.0,2700.0,1800.0,6300.0,7200.0,,,,33350.0,15350.0,13500.0,18000.0,33350.0
新北市立土城幼兒園,公立,112,已申報,2,3,全日班|半日班,14000.0,1350.0,2700.0,1800.0,6300.0,7200.0,,,,33350.0,15350.0,13500.0,18000.0,33350.0
新北市立土城幼兒園,公立,113,已申報,2,3,全日班|半日班,14000.0,1350.0,2700.0,1800.0,6300.0,7200.0,,,,33350.0,15350.0,13500.0,18000.0,33350.0
新北市立土城幼兒園,公立,114,已申報,2,3,全日班|半日班,14000.0,1350.0,2700.0,1800.0,6300.0,7200.0,,,,33350.0,15350.0,13500.0,18000.0,33350.0
新北市立土城幼兒園大頂埔分班,公立,109,已申報,2,3,全日班|半日班,14000.0,1350.0,2700.0,1800.0,6300.0,7200.0,,,,33350.0,15350.0,13500.0,18000.0,33350.0
新北市立土城幼兒園大頂埔分班,公立,110,已申報,2,3,全日班|半日班,14000.0,1350.0,2700.0,1800.0,6300.0,7200.0,,,,33350.0,15350.0,13500.0,18000.0,33350.0
新北市立土城幼兒園大頂埔分班,公立,111,已申報,2,3,全日班|半日班,14000.0,1350.0,2700.0,1800.0,6300.0,7200.0,,,,33350.0,15350.0,13500.0,18000.0,33350.0
新北市立土城幼兒園大頂埔分班,公立,112,已申報,2,3,全日班|半日班,14000.0,1350.0,2700.0,1800.0,6300.0,7200.0,,,,33350.0,15350.0,13500.0,18000.0,33350.0
新北市立土城幼兒園大頂埔分班,公立,113,已申報,2,3,全日班|半日班,14000.0,1350.0,2700.0,1800.0,6300.0,7200.0,,,,33350.0,15350.0,13500.0,18000.0,33350.0
新北市立土城幼兒園大頂埔分班,公立,114,已申報,2,3,全日班|半日班,14000.0,1350.0,2700.0,1800.0,6300.0,7200.0,,,,33350.0,15350.0,13500.0,18000.0,33350.0
新北市立土城幼兒園清水分班,公立,109,已申報,2,3,全日班|半日班,14000.0,1350.0,2700.0,1800.0,6300.0,7200.0,,,,33350.0,15350.0,13500.0,18000.0,33350.0
新北市立土城幼兒園清水分班,公立,110,已申報,2,3,全日班|半日班,14000.0,1350.0,2700.0,1800.0,6300.0,7200.0,,,,33350.0,15350.0,13500.0,18000.0,33350.0
新北市立土城幼兒園清水分班,公立,111,已申報,2,3,全日班|半日班,14000.0,1350.0,2700.0,1800.0,6300.0,7200.0,,,,33350.0,15350.0,13500.0,18000.0,33350.0
新北市立土城幼兒園清水分班,公立,112,已申報,2,3,全日班|半日班,14000.0,1350.0,2700.0,1800.0,6300.0,7200.0,,,,33350.0,15350.0,13500.0,18000.0,33350.0
新北市立土城幼兒園清水分班,公立,113,已申報,2,3,全日班|半日班,14000.0,1350.0,2700.0,1800.0,6300.0,7200.0,,,,33350.0,15350.0,13500.0,18000.0,33350.0
新北市立土城幼兒園清水分班,公立,114,已申報,2,3,全日班|半日班,14000.0,1350.0,2700.0,1800.0,6300.0,7200.0,,,,33350.0,15350.0,13500.0,18000.0,33350.0
新北市立坪林實驗國民中學附設幼兒園,公立,109,未申報或鏡像未收錄,0,0,,,,,,,,,,,,,,,
新北市立坪林實驗國民中學附設幼兒園,公立,110,已申報,2,4,全日班,14000.0,1350.0,2700.0,1800.0,6300.0,7200.0,,,200.0,33350.0,15350.0,13500.0,18000.0,33350.0
新北市立坪林實驗國民中學附設幼兒園,公立,111,已申報,2,4,全日班,14000.0,1350.0,2700.0,1800.0,6300.0,7200.0,,,200.0,33350.0,15350.0,13500.0,18000.0,33350.0
新北市立坪林實驗國民中學附設幼兒園,公立,112,已申報,2,4,全日班,14000.0,1350.0,2700.0,1800.0,6300.0,7200.0,,,200.0,33350.0,15350.0,13500.0,18000.0,33350.0
新北市立坪林實驗國民中學附設幼兒園,公立,113,已申報,2,4,全日班,14000.0,1350.0,2700.0,1800.0,6300.0,7200.0,,,200.0,33350.0,15350.0,13500.0,18000.0,33350.0
新北市立坪林實驗國民中學附設幼兒園,公立,114,已申報,2,4,全日班,14000.0,1350.0,2700.0,1800.0,6300.0,7200.0,,,200.0,33350.0,15350.0,13500.0,18000.0,33350.0
新北市立安康高級中學附設幼兒園,公立,109,已申報,2,3,全日班,14000.0,1350.0,2700.0,1800.0,6300.0,7200.0,,,200.0,33350.0,15350.0,13500.0,18000.0,33350.0
新北市立安康高級中學附設幼兒園,公立,110,已申報,2,3,全日班,14000.0,1350.0,2700.0,1800.0,6300.0,7200.0,,,200.0,33350.0,15350.0,13500.0,18000.0,33350.0
新北市立安康高級中學附設幼兒園,公立,111,已申報,2,3,全日班,14000.0,1350.0,2700.0,1800.0,6300.0,7200.0,,,200.0,33350.0,15350.0,13500.0,18000.0,33350.0
新北市立安康高級中學附設幼兒園,公立,112,已申報,2,3,全日班,14000.0,1350.0,2700.0,1800.0,6300.0,7200.0,,,200.0,33350.0,15350.0,13500.0,18000.0,33350.0
新北市立安康高級中學附設幼兒園,公立,113,已申報,2,3,全日班,14000.0,1350.0,2700.0,1800.0,6300.0,7200.0,,,200.0,33350.0,15350.0,13500.0,18000.0,33350.0
新北市立安康高級中學附設幼兒園,公立,114,已申報,2,3,全日班,14000.0,1350.0,2700.0,1800.0,6300.0,7200.0,,,200.0,33350.0,15350.0,13500.0,18000.0,33350.0
新北市立安溪國民中學附設幼兒園,公立,109,已申報,2,4,全日班,14000.0,1350.0,2700.0,1800.0,6300.0,7200.0,,,200.0,33350.0,15350.0,13500.0,18000.0,33350.0
新北市立安溪國民中學附設幼兒園,公立,110,已申報,2,4,全日班,14000.0,1350.0,2700.0,1800.0,6300.0,7200.0,,0.0,200.0,33350.0,15350.0,13500.0,18000.0,33350.0
新北市立安溪國民中學附設幼兒園,公立,111,已申報,2,4,全日班,14000.0,1350.0,2700.0,1800.0,6300.0,7200.0,,0.0,200.0,33350.0,15350.0,13500.0,18000.0,33350.0
新北市立安溪國民中學附設幼兒園,公立,112,已申報,2,4,全日班,14000.0,1350.0,2700.0,1800.0,6300.0,7200.0,,0.0,200.0,33350.0,15350.0,13500.0,18000.0,33350.0
新北市立安溪國民中學附設幼兒園,公立,113,已申報,2,4,全日班,14000.0,1350.0,2700.0,1800.0,6300.0,7200.0,,0.0,200.0,33350.0,15350.0,13500.0,18000.0,33350.0
新北市立安溪國民中學附設幼兒園,公立,114,已申報,2,4,全日班,14000.0,1350.0,2700.0,1800.0,6300.0,7200.0,,0.0,200.0,33350.0,15350.0,13500.0,18000.0,33350.0
新北市立尖山國民中學附設幼兒園,公立,109,已申報,2,3,全日班,14000.0,1350.0,2700.0,1800.0,6300.0,7200.0,,,200.0,33350.0,15350.0,13500.0,18000.0,33350.0
新北市立尖山國民中學附設幼兒園,公立,110,已申報,2,3,全日班,14000.0,1350.0,2700.0,1800.0,6300.0,7200.0,,,200.0,33350.0,15350.0,13500.0,18000.0,33350.0
新北市立尖山國民中學附設幼兒園,公立,111,已申報,2,3,全日班,14000.0,1350.0,2700.0,1800.0,6300.0,7200.0,,,200.0,33350.0,15350.0,13500.0,18000.0,33350.0
新北市立尖山國民中學附設幼兒園,公立,112,已申報,2,3,全日班,14000.0,1350.0,2700.0,1800.0,6300.0,7200.0,,,200.0,33350.0,15350.0,13500.0,18000.0,33350.0
新北市立尖山國民中學附設幼兒園,公立,113,已申報,2,3,全日班,14000.0,1350.0,2700.0,1800.0,6300.0,7200.0,,,200.0,33350.0,15350.0,13500.0,18000.0,33350.0
新北市立尖山國民中學附設幼兒園,公立,114,已申報,2,3,全日班,14000.0,1350.0,2700.0,1800.0,6300.0,7200.0,,,200.0,33350.0,15350.0,13500.0,18000.0,33350.0
新北市立崇林國民中學附設幼兒園,公立,109,已申報,2,3,全日班,14000.0,1350.0,2700.0,1800.0,6300.0,7200.0,,,200.0,33350.0,15350.0,13500.0,18000.0,33350.0
新北市立崇林國民中學附設幼兒園,公立,110,已申報,2,3,全日班,14000.0,1350.0,2700.0,1800.0,6300.0,7200.0,,,200.0,33350.0,15350.0,13500.0,18000.0,33350.0
新北市立崇林國民中學附設幼兒園,公立,111,已申報,2,3,全日班,14000.0,1350.0,2700.0,1800.0,6300.0,7200.0,,,200.0,33350.0,15350.0,13500.0,18000.0,33350.0
新北市立崇林國民中學附設幼兒園,公立,112,已申報,2,3,全日班,14000.0,1350.0,2700.0,1800.0,6300.0,7200.0,,,200.0,33350.0,15350.0,13500.0,18000.0,33350.0
新北市立崇林國民中學附設幼兒園,公立,113,已申報,2,3,全日班,14000.0,1350.0,2700.0,1800.0,6300.0,7200.0,,,200.0,33350.0,15350.0,13500.0,18000.0,33350.0
新北市立崇林國民中學附設幼兒園,公立,114,已申報,2,3,全日班,14000.0,1350.0,2700.0,1800.0,6300.0,7200.0,,,200.0,33350.0,15350.0,13500.0,18000.0,33350.0
新北市立德拉楠民族實驗小學附設幼兒園,公立,109,未申報或鏡像未收錄,0,0,,,,,,,,,,,,,,,
新北市立德拉楠民族實驗小學附設幼兒園,公立,110,已申報,2,3,全日班,14000.0,1350.0,2700.0,1800.0,6300.0,7200.0,,,200.0,33350.0,15350.0,13500.0,18000.0,33350.0
新北市立德拉楠民族實驗小學附設幼兒園,公立,111,已申報,2,3,全日班,14000.0,1350.0,2700.0,1800.0,6300.0,7200.0,,,200.0,33350.0,15350.0,13500.0,18000.0,33350.0
新北市立德拉楠民族實驗小學附設幼兒園,公立,112,已申報,2,3,全日班,14000.0,1350.0,2700.0,1800.0,6300.0,7200.0,,,200.0,33350.0,15350.0,13500.0,18000.0,33350.0
新北市立德拉楠民族實驗小學附設幼兒園,公立,113,已申報,2,3,全日班,14000.0,1350.0,2700.0,1800.0,6300.0,7200.0,,,200.0,33350.0,15350.0,13500.0,18000.0,33350.0
新北市立德拉楠民族實驗小學附設幼兒園,公立,114,已申報,2,3,全日班,14000.0,1350.0,2700.0,1800.0,6300.0,7200.0,,,200.0,33350.0,15350.0,13500.0,18000.0,33350.0
新北市立忠孝國民中學附設幼兒園,公立,109,已申報,2,3,全日班,14000.0,1350.0,2700.0,1800.0,6300.0,7200.0,,,200.0,33350.0,15350.0,13500.0,18000.0,33350.0
新北市立忠孝國民中學附設幼兒園,公立,110,已申報,2,3,全日班,14000.0,1350.0,2700.0,1800.0,6300.0,7200.0,,,200.0,33350.0,15350.0,13500.0,18000.0,33350.0
新北市立忠孝國民中學附設幼兒園,公立,111,已申報,2,3,全日班,14000.0,1350.0,2700.0,1800.0,6300.0,7200.0,,,200.0,33350.0,15350.0,13500.0,18000.0,33350.0
新北市立忠孝國民中學附設幼兒園,公立,112,已申報,2,3,全日班,14000.0,1350.0,2700.0,1800.0,6300.0,7200.0,,,200.0,33350.0,15350.0,13500.0,18000.0,33350.0
新北市立忠孝國民中學附設幼兒園,公立,113,已申報,2,3,全日班,14000.0,1350.0,2700.0,1800.0,6300.0,7200.0,,,200.0,33350.0,15350.0,13500.0,18000.0,33350.0
新北市立忠孝國民中學附設幼兒園,公立,114,已申報,2,3,全日班,14000.0,1350.0,2700.0,1800.0,6300.0,7200.0,,,200.0,33350.0,15350.0,13500.0,18000.0,33350.0
新北市立忠山實驗小學附設幼兒園,公立,109,已申報,2,3,全日班,14000.0,1350.0,2700.0,1800.0,6300.0,7200.0,,,200.0,33350.0,15350.0,13500.0,18000.0,33350.0
新北市立忠山實驗小學附設幼兒園,公立,110,已申報,2,3,全日班,14000.0,1350.0,2700.0,1800.0,6300.0,7200.0,,,200.0,33350.0,15350.0,13500.0,18000.0,33350.0
新北市立忠山實驗小學附設幼兒園,公立,111,已申報,2,3,全日班,14000.0,1350.0,2700.0,1800.0,6300.0,7200.0,,,200.0,33350.0,15350.0,13500.0,18000.0,33350.0
新北市立忠山實驗小學附設幼兒園,公立,112,已申報,2,3,全日班,14000.0,1350.0,2700.0,1800.0,6300.0,7200.0,,,200.0,33350.0,15350.0,13500.0,18000.0,33350.0
新北市立忠山實驗小學附設幼兒園,公立,113,已申報,2,3,全日班,14000.0,1350.0,2700.0,1800.0,6300.0,7200.0,,,200.0,33350.0,15350.0,13500.0,18000.0,33350.0
新北市立忠山實驗小學附設幼兒園,公立,114,已申報,2,3,全日班,14000.0,1350.0,2700.0,1800.0,6300.0,7200.0,,,200.0,33350.0,15350.0,13500.0,18000.0,33350.0
新北市立插角森林實驗小學附設幼兒園,公立,109,未申報或鏡像未收錄,0,0,,,,,,,,,,,,,,,
新北市立插角森林實驗小學附設幼兒園,公立,110,未申報或鏡像未收錄,0,0,,,,,,,,,,,,,,,
新北市立插角森林實驗小學附設幼兒園,公立,111,未申報或鏡像未收錄,0,0,,,,,,,,,,,,,,,
新北市立插角森林實驗小學附設幼兒園,公立,112,未申報或鏡像未收錄,0,0,,,,,,,,,,,,,,,
新北市立插角森林實驗小學附設幼兒園,公立,113,已申報,2,3,全日班,14000.0,1350.0,2700.0,1800.0,7200.0,7200.0,,,200.0,34250.0,15350.0,14400.0,18900.0,34250.0
新北市立插角森林實驗小學附設幼兒園,公立,114,已申報,2,3,全日班,14000.0,1350.0,2700.0,1800.0,7200.0,7200.0,,,200.0,34250.0,15350.0,14400.0,18900.0,34250.0
新北市立新埔國民中學附設幼兒園,公立,109,已申報,2,3,全日班,14000.0,1350.0,2700.0,1800.0,6300.0,7200.0,,,200.0,33350.0,15350.0,13500.0,18000.0,33350.0
新北市立新埔國民中學附設幼兒園,公立,110,已申報,2,3,全日班,14000.0,1350.0,2700.0,1800.0,6300.0,7200.0,,,200.0,33350.0,15350.0,13500.0,18000.0,33350.0
新北市立新埔國民中學附設幼兒園,公立,111,已申報,2,3,全日班,14000.0,1350.0,2700.0,1800.0,6300.0,7200.0,,,200.0,33350.0,15350.0,13500.0,18000.0,33350.0
新北市立新埔國民中學附設幼兒園,公立,112,已申報,2,3,全日班,14000.0,1350.0,2700.0,1800.0,6300.0,7200.0,,,200.0,33350.0,15350.0,13500.0,18000.0,33350.0
新北市立新埔國民中學附設幼兒園,公立,113,已申報,2,3,全日班,14000.0,1350.0,2700.0,1800.0,6300.0,7200.0,,,200.0,33350.0,15350.0,13500.0,18000.0,33350.0
新北市立新埔國民中學附設幼兒園,公立,114,已申報,2,3,全日班,14000.0,1350.0,2700.0,1800.0,6300.0,7200.0,,,200.0,33350.0,15350.0,13500.0,18000.0,33350.0
新北市立新店幼兒園,公立,109,已申報,2,3,全日班|半日班,14000.0,1350.0,2700.0,1800.0,6300.0,7200.0,,,,33350.0,15350.0,13500.0,18000.0,33350.0
新北市立新店幼兒園,公立,110,已申報,2,3,全日班|半日班,14000.0,1350.0,2700.0,1800.0,6300.0,7200.0,,,,33350.0,15350.0,13500.0,18000.0,33350.0
新北市立新店幼兒園,公立,111,已申報,2,3,全日班|半日班,14000.0,1350.0,2700.0,1800.0,6300.0,7200.0,,,,33350.0,15350.0,13500.0,18000.0,33350.0
新北市立新店幼兒園,公立,112,已申報,2,3,全日班|半日班,14000.0,1350.0,2700.0,1800.0,6300.0,7200.0,,,,33350.0,15350.0,13500.0,18000.0,33350.0
新北市立新店幼兒園,公立,113,已申報,2,3,全日班|半日班,14000.0,1350.0,2700.0,1800.0,6300.0,7200.0,,,,33350.0,15350.0,13500.0,18000.0,33350.0
新北市立新店幼兒園,公立,114,已申報,2,3,全日班|半日班,14000.0,1350.0,2700.0,1800.0,6300.0,7200.0,,,,33350.0,15350.0,13500.0,18000.0,33350.0
新北市立新店幼兒園和平分班,公立,109,已申報,2,2,全日班|半日班,14000.0,1350.0,2700.0,1800.0,6300.0,7200.0,,,,33350.0,15350.0,13500.0,18000.0,33350.0
新北市立新店幼兒園和平分班,公立,110,已申報,2,3,全日班|半日班,14000.0,1350.0,2700.0,1800.0,6300.0,7200.0,,,,33350.0,15350.0,13500.0,18000.0,33350.0
新北市立新店幼兒園和平分班,公立,111,已申報,2,3,全日班|半日班,14000.0,1350.0,2700.0,1800.0,6300.0,7200.0,,,,33350.0,15350.0,13500.0,18000.0,33350.0
新北市立新店幼兒園和平分班,公立,112,已申報,2,3,全日班|半日班,14000.0,1350.0,2700.0,1800.0,6300.0,7200.0,,,,33350.0,15350.0,13500.0,18000.0,33350.0
新北市立新店幼兒園和平分班,公立,113,已申報,2,3,全日班|半日班,14000.0,1350.0,2700.0,1800.0,6300.0,7200.0,,,,33350.0,15350.0,13500.0,18000.0,33350.0
新北市立新店幼兒園和平分班,公立,114,已申報,2,3,全日班|半日班,14000.0,1350.0,2700.0,1800.0,6300.0,7200.0,,,,33350.0,15350.0,13500.0,18000.0,33350.0
新北市立新店幼兒園新店分班,公立,109,已申報,2,2,全日班|半日班,14000.0,1350.0,2700.0,1800.0,6300.0,7200.0,,,,33350.0,15350.0,13500.0,18000.0,33350.0
新北市立新店幼兒園新店分班,公立,110,已申報,2,3,全日班|半日班,14000.0,1350.0,2700.0,1800.0,6300.0,7200.0,,,,33350.0,15350.0,13500.0,18000.0,33350.0
新北市立新店幼兒園新店分班,公立,111,已申報,2,3,全日班|半日班,14000.0,1350.0,2700.0,1800.0,6300.0,7200.0,,,,33350.0,15350.0,13500.0,18000.0,33350.0
新北市立新店幼兒園新店分班,公立,112,已申報,2,3,全日班|半日班,14000.0,1350.0,2700.0,1800.0,6300.0,7200.0,,,,33350.0,15350.0,13500.0,18000.0,33350.0
新北市立新店幼兒園新店分班,公立,113,已申報,2,3,全日班|半日班,14000.0,1350.0,2700.0,1800.0,6300.0,7200.0,,,,33350.0,15350.0,13500.0,18000.0,33350.0
新北市立新店幼兒園新店分班,公立,114,已申報,2,3,全日班|半日班,14000.0,1350.0,2700.0,1800.0,6300.0,7200.0,,,,33350.0,15350.0,13500.0,18000.0,33350.0
新北市立新店幼兒園碧潭分班,公立,109,未申報或鏡像未收錄,0,0,,,,,,,,,,,,,,,
新北市立新店幼兒園碧潭分班,公立,110,未申報或鏡像未收錄,0,0,,,,,,,,,,,,,,,
新北市立新店幼兒園碧潭分班,公立,111,未申報或鏡像未收錄,0,0,,,,,,,,,,,,,,,
新北市立新店幼兒園碧潭分班,公立,112,未申報或鏡像未收錄,0,0,,,,,,,,,,,,,,,
新北市立新店幼兒園碧潭分班,公立,113,未申報或鏡像未收錄,0,0,,,,,,,,,,,,,,,
新北市立新店幼兒園碧潭分班,公立,114,已申報,2,3,全日班|半日班,14000.0,1350.0,2700.0,1800.0,8910.0,9900.0,,,,38660.0,15350.0,18810.0,23310.0,38660.0
新北市立新店幼兒園雙城分班,公立,109,已申報,2,3,全日班|半日班,14000.0,1350.0,2700.0,1800.0,6300.0,7200.0,,,,33350.0,15350.0,13500.0,18000.0,33350.0
新北市立新店幼兒園雙城分班,公立,110,已申報,2,3,全日班|半日班,14000.0,1350.0,2700.0,1800.0,6300.0,7200.0,,,,33350.0,15350.0,13500.0,18000.0,33350.0
新北市立新店幼兒園雙城分班,公立,111,已申報,2,3,全日班|半日班,14000.0,1350.0,2700.0,1800.0,6300.0,7200.0,,,,33350.0,15350.0,13500.0,18000.0,33350.0
新北市立新店幼兒園雙城分班,公立,112,已申報,2,3,全日班|半日班,14000.0,1350.0,2700.0,1800.0,6300.0,7200.0,,,,33350.0,15350.0,13500.0,18000.0,33350.0
新北市立新店幼兒園雙城分班,公立,113,已申報,2,3,全日班|半日班,14000.0,1350.0,2700.0,1800.0,6300.0,7200.0,,,,33350.0,15350.0,13500.0,18000.0,33350.0
新北市立新店幼兒園雙城分班,公立,114,已申報,2,3,全日班|半日班,14000.0,1350.0,2700.0,1800.0,6300.0,7200.0,,,,33350.0,15350.0,13500.0,18000.0,33350.0
新北市立新泰國民中學附設幼兒園,公立,109,已申報,2,3,全日班,14000.0,1350.0,2700.0,1800.0,6300.0,7200.0,,,200.0,33350.0,15350.0,13500.0,18000.0,33350.0
新北市立新泰國民中學附設幼兒園,公立,110,已申報,2,3,全日班,14000.0,1350.0,2700.0,1800.0,6300.0,7200.0,,,200.0,33350.0,15350.0,13500.0,18000.0,33350.0
新北市立新泰國民中學附設幼兒園,公立,111,已申報,2,3,全日班,14000.0,1350.0,2700.0,1800.0,6300.0,7200.0,,,200.0,33350.0,15350.0,13500.0,18000.0,33350.0
新北市立新泰國民中學附設幼兒園,公立,112,已申報,2,3,全日班,14000.0,1350.0,2700.0,1800.0,6300.0,7200.0,,,200.0,33350.0,15350.0,13500.0,18000.0,33350.0
新北市立新泰國民中學附設幼兒園,公立,113,已申報,2,3,全日班,14000.0,1350.0,2700.0,1800.0,6300.0,7200.0,,,200.0,33350.0,15350.0,13500.0,18000.0,33350.0
新北市立新泰國民中學附設幼兒園,公立,114,已申報,2,3,全日班,14000.0,1350.0,2700.0,1800.0,6300.0,7200.0,,,200.0,33350.0,15350.0,13500.0,18000.0,33350.0
新北市立新莊幼兒園,公立,109,已申報,2,3,全日班|半日班,14000.0,1350.0,2700.0,1800.0,6300.0,7200.0,,,,33350.0,15350.0,13500.0,18000.0,33350.0
新北市立新莊幼兒園,公立,110,已申報,2,3,全日班|半日班,14000.0,1350.0,2700.0,1800.0,6300.0,7200.0,,,,33350.0,15350.0,13500.0,18000.0,33350.0
新北市立新莊幼兒園,公立,111,已申報,2,3,全日班|半日班,14000.0,1350.0,2700.0,1800.0,6300.0,7200.0,,,,33350.0,15350.0,13500.0,18000.0,33350.0
新北市立新莊幼兒園,公立,112,已申報,2,3,全日班|半日班,14000.0,1350.0,2700.0,1800.0,6300.0,7200.0,,,,33350.0,15350.0,13500.0,18000.0,33350.0
新北市立新莊幼兒園,公立,113,已申報,2,3,全日班|半日班,14000.0,1350.0,2700.0,1800.0,6300.0,7200.0,,,,33350.0,15350.0,13500.0,18000.0,33350.0
新北市立新莊幼兒園,公立,114,已申報,2,3,全日班|半日班,14000.0,1350.0,2700.0,1800.0,6300.0,7200.0,,,,33350.0,15350.0,13500.0,18000.0,33350.0
新北市立新莊幼兒園三合分班,公立,109,已申報,2,3,全日班|半日班,14000.0,1350.0,2700.0,1800.0,6300.0,7200.0,,,,33350.0,15350.0,13500.0,18000.0,33350.0
新北市立新莊幼兒園三合分班,公立,110,已申報,2,3,全日班|半日班,14000.0,1350.0,2700.0,1800.0,6300.0,7200.0,,,,33350.0,15350.0,13500.0,18000.0,33350.0
新北市立新莊幼兒園三合分班,公立,111,已申報,2,3,全日班|半日班,14000.0,1350.0,2700.0,1800.0,6300.0,7200.0,,,,33350.0,15350.0,13500.0,18000.0,33350.0
新北市立新莊幼兒園三合分班,公立,112,已申報,2,3,全日班|半日班,14000.0,1350.0,2700.0,1800.0,6300.0,7200.0,,,,33350.0,15350.0,13500.0,18000.0,33350.0
新北市立新莊幼兒園三合分班,公立,113,已申報,2,3,全日班|半日班,14000.0,1350.0,2700.0,1800.0,6300.0,7200.0,,,,33350.0,15350.0,13500.0,18000.0,33350.0
新北市立新莊幼兒園三合分班,公立,114,未申報或鏡像未收錄,0,0,,,,,,,,,,,,,,,
新北市立新莊幼兒園中心分班,公立,109,已申報,2,3,全日班|半日班,14000.0,1350.0,2700.0,1800.0,6300.0,7200.0,,,,33350.0,15350.0,13500.0,18000.0,33350.0
新北市立新莊幼兒園中心分班,公立,110,已申報,2,3,全日班|半日班,14000.0,1350.0,2700.0,1800.0,6300.0,7200.0,,,,33350.0,15350.0,13500.0,18000.0,33350.0
新北市立新莊幼兒園中心分班,公立,111,已申報,2,3,全日班|半日班,14000.0,1350.0,2700.0,1800.0,6300.0,7200.0,,,,33350.0,15350.0,13500.0,18000.0,33350.0
新北市立新莊幼兒園中心分班,公立,112,已申報,2,3,全日班|半日班,14000.0,1350.0,2700.0,1800.0,6300.0,7200.0,,,,33350.0,15350.0,13500.0,18000.0,33350.0
新北市立新莊幼兒園中心分班,公立,113,已申報,2,3,全日班|半日班,14000.0,1350.0,2700.0,1800.0,6300.0,7200.0,,,,33350.0,15350.0,13500.0,18000.0,33350.0
新北市立新莊幼兒園中心分班,公立,114,已申報,2,3,全日班|半日班,14000.0,1350.0,2700.0,1800.0,6300.0,7200.0,,,,33350.0,15350.0,13500.0,18000.0,33350.0
新北市立明志國民中學附設幼兒園,公立,109,已申報,2,3,全日班,14000.0,1350.0,2700.0,1800.0,6300.0,7200.0,,,200.0,33350.0,15350.0,13500.0,18000.0,33350.0
新北市立明志國民中學附設幼兒園,公立,110,已申報,2,3,全日班,14000.0,1350.0,2700.0,1800.0,6300.0,7200.0,,,200.0,33350.0,15350.0,13500.0,18000.0,33350.0
新北市立明志國民中學附設幼兒園,公立,111,已申報,2,3,全日班,14000.0,1350.0,2700.0,1800.0,6300.0,7200.0,,,200.0,33350.0,15350.0,13500.0,18000.0,33350.0
新北市立明志國民中學附設幼兒園,公立,112,已申報,2,4,全日班,14000.0,1350.0,2700.0,1800.0,6300.0,7200.0,,,200.0,33350.0,15350.0,13500.0,18000.0,33350.0
新北市立明志國民中學附設幼兒園,公立,113,已申報,2,4,全日班,14000.0,1350.0,2700.0,1800.0,6300.0,7200.0,,,200.0,33350.0,15350.0,13500.0,18000.0,33350.0
新北市立明志國民中學附設幼兒園,公立,114,已申報,2,4,全日班,14000.0,1350.0,2700.0,1800.0,6300.0,7200.0,,,200.0,33350.0,15350.0,13500.0,18000.0,33350.0
新北市立板橋幼兒園,公立,109,已申報,2,3,全日班|半日班,14000.0,1350.0,2700.0,1800.0,6300.0,7200.0,,,,33350.0,15350.0,13500.0,18000.0,33350.0
新北市立板橋幼兒園,公立,110,已申報,2,3,全日班|半日班,14000.0,1350.0,2700.0,1800.0,6300.0,7200.0,,,,33350.0,15350.0,13500.0,18000.0,33350.0
新北市立板橋幼兒園,公立,111,已申報,2,3,全日班|半日班,14000.0,1350.0,2700.0,1800.0,6300.0,7200.0,,,,33350.0,15350.0,13500.0,18000.0,33350.0
新北市立板橋幼兒園,公立,112,已申報,2,3,全日班|半日班,14000.0,1350.0,2700.0,1800.0,6300.0,7200.0,,,,33350.0,15350.0,13500.0,18000.0,33350.0
新北市立板橋幼兒園,公立,113,已申報,2,3,全日班|半日班,14000.0,1350.0,2700.0,1800.0,6300.0,7200.0,,,,33350.0,15350.0,13500.0,18000.0,33350.0
新北市立板橋幼兒園,公立,114,已申報,2,3,全日班|半日班,14000.0,1350.0,2700.0,1800.0,6300.0,7200.0,,,,33350.0,15350.0,13500.0,18000.0,33350.0
新北市立板橋幼兒園和平分班,公立,109,已申報,2,3,全日班|半日班,14000.0,1350.0,2700.0,1800.0,6300.0,7200.0,,,,33350.0,15350.0,13500.0,18000.0,33350.0
新北市立板橋幼兒園和平分班,公立,110,已申報,2,3,全日班|半日班,14000.0,1350.0,2700.0,1800.0,6300.0,7200.0,,,,33350.0,15350.0,13500.0,18000.0,33350.0
新北市立板橋幼兒園和平分班,公立,111,已申報,2,3,全日班|半日班,14000.0,1350.0,2700.0,1800.0,6300.0,7200.0,,,,33350.0,15350.0,13500.0,18000.0,33350.0
新北市立板橋幼兒園和平分班,公立,112,已申報,2,3,全日班|半日班,14000.0,1350.0,2700.0,1800.0,6300.0,7200.0,,,,33350.0,15350.0,13500.0,18000.0,33350.0
新北市立板橋幼兒園和平分班,公立,113,已申報,2,3,全日班|半日班,14000.0,1350.0,2700.0,1800.0,6300.0,7200.0,,,,33350.0,15350.0,13500.0,18000.0,33350.0
新北市立板橋幼兒園和平分班,公立,114,已申報,2,3,全日班|半日班,14000.0,1350.0,2700.0,1800.0,6300.0,7200.0,,,,33350.0,15350.0,13500.0,18000.0,33350.0
新北市立板橋幼兒園新民分班,公立,109,已申報,2,3,全日班|半日班,14000.0,1350.0,2700.0,1800.0,6300.0,7200.0,,,,33350.0,15350.0,13500.0,18000.0,33350.0
新北市立板橋幼兒園新民分班,公立,110,已申報,2,3,全日班|半日班,14000.0,1350.0,2700.0,1800.0,6300.0,7200.0,,,,33350.0,15350.0,13500.0,18000.0,33350.0
新北市立板橋幼兒園新民分班,公立,111,已申報,2,3,全日班|半日班,14000.0,1350.0,2700.0,1800.0,6300.0,7200.0,,,,33350.0,15350.0,13500.0,18000.0,33350.0
新北市立板橋幼兒園新民分班,公立,112,已申報,2,3,全日班|半日班,14000.0,1350.0,2700.0,1800.0,6300.0,7200.0,,,,33350.0,15350.0,13500.0,18000.0,33350.0
新北市立板橋幼兒園新民分班,公立,113,已申報,2,3,全日班|半日班,14000.0,1350.0,2700.0,1800.0,6300.0,7200.0,,,,33350.0,15350.0,13500.0,18000.0,33350.0
新北市立板橋幼兒園新民分班,公立,114,已申報,2,3,全日班|半日班,14000.0,1350.0,2700.0,1800.0,6300.0,7200.0,,,,33350.0,15350.0,13500.0,18000.0,33350.0
新北市立林口幼兒園,公立,109,已申報,2,3,全日班|半日班,14000.0,1350.0,2700.0,1800.0,6300.0,7200.0,,,,33350.0,15350.0,13500.0,18000.0,33350.0
新北市立林口幼兒園,公立,110,已申報,2,3,全日班|半日班,14000.0,1350.0,2700.0,1800.0,6300.0,7200.0,,,,33350.0,15350.0,13500.0,18000.0,33350.0
新北市立林口幼兒園,公立,111,已申報,2,3,全日班|半日班,14000.0,1350.0,2700.0,1800.0,6300.0,7200.0,,,,33350.0,15350.0,13500.0,18000.0,33350.0
新北市立林口幼兒園,公立,112,已申報,2,3,全日班|半日班,14000.0,1350.0,2700.0,1800.0,6300.0,7200.0,,,,33350.0,15350.0,13500.0,18000.0,33350.0
新北市立林口幼兒園,公立,113,已申報,2,3,全日班|半日班,14000.0,1350.0,2700.0,1800.0,6300.0,7200.0,,,,33350.0,15350.0,13500.0,18000.0,33350.0
新北市立林口幼兒園,公立,114,已申報,2,3,全日班|半日班,14000.0,1350.0,2700.0,1800.0,6300.0,7200.0,,,,33350.0,15350.0,13500.0,18000.0,33350.0
新北市立林口幼兒園忠孝分班,公立,109,已申報,2,3,全日班|半日班,14000.0,1350.0,2700.0,1800.0,6300.0,7200.0,,,,33350.0,15350.0,13500.0,18000.0,33350.0
新北市立林口幼兒園忠孝分班,公立,110,已申報,2,3,全日班|半日班,14000.0,1350.0,2700.0,1800.0,6300.0,7200.0,,,,33350.0,15350.0,13500.0,18000.0,33350.0
新北市立林口幼兒園忠孝分班,公立,111,已申報,2,3,全日班|半日班,14000.0,1350.0,2700.0,1800.0,6300.0,7200.0,,,,33350.0,15350.0,13500.0,18000.0,33350.0
新北市立林口幼兒園忠孝分班,公立,112,已申報,2,3,全日班|半日班,14000.0,1350.0,2700.0,1800.0,6300.0,7200.0,,,,33350.0,15350.0,13500.0,18000.0,33350.0
新北市立林口幼兒園忠孝分班,公立,113,已申報,2,3,全日班|半日班,14000.0,1350.0,2700.0,1800.0,6300.0,7200.0,,,,33350.0,15350.0,13500.0,18000.0,33350.0
新北市立林口幼兒園忠孝分班,公立,114,已申報,2,3,全日班|半日班,14000.0,1350.0,2700.0,1800.0,6300.0,7200.0,,,,33350.0,15350.0,13500.0,18000.0,33350.0
新北市立林口幼兒園文化分班,公立,109,未申報或鏡像未收錄,0,0,,,,,,,,,,,,,,,
新北市立林口幼兒園文化分班,公立,110,未申報或鏡像未收錄,0,0,,,,,,,,,,,,,,,
新北市立林口幼兒園文化分班,公立,111,未申報或鏡像未收錄,0,0,,,,,,,,,,,,,,,
新北市立林口幼兒園文化分班,公立,112,已申報,2,4,全日班|半日班,14000.0,1350.0,2700.0,1800.0,6300.0,7200.0,,,,33350.0,15350.0,13500.0,18000.0,33350.0
新北市立林口幼兒園文化分班,公立,113,已申報,2,4,全日班|半日班,14000.0,1350.0,2700.0,1800.0,6300.0,7200.0,,,,33350.0,15350.0,13500.0,18000.0,33350.0
新北市立林口幼兒園文化分班,公立,114,已申報,2,4,全日班|半日班,14000.0,1350.0,2700.0,1800.0,6300.0,7200.0,,,,33350.0,15350.0,13500.0,18000.0,33350.0
新北市立林口幼兒園湖北分班,公立,109,已申報,2,3,全日班|半日班,14000.0,1350.0,2700.0,1800.0,6300.0,7200.0,,,,33350.0,15350.0,13500.0,18000.0,33350.0
新北市立林口幼兒園湖北分班,公立,110,已申報,2,3,全日班|半日班,14000.0,1350.0,2700.0,1800.0,6300.0,7200.0,,,,33350.0,15350.0,13500.0,18000.0,33350.0
新北市立林口幼兒園湖北分班,公立,111,已申報,2,3,全日班|半日班,14000.0,1350.0,2700.0,1800.0,6300.0,7200.0,,,,33350.0,15350.0,13500.0,18000.0,33350.0
新北市立林口幼兒園湖北分班,公立,112,已申報,2,3,全日班|半日班,14000.0,1350.0,2700.0,1800.0,6300.0,7200.0,,,,33350.0,15350.0,13500.0,18000.0,33350.0
新北市立林口幼兒園湖北分班,公立,113,已申報,2,3,全日班|半日班,14000.0,1350.0,2700.0,1800.0,6300.0,7200.0,,,,33350.0,15350.0,13500.0,18000.0,33350.0
新北市立林口幼兒園湖北分班,公立,114,已申報,2,3,全日班|半日班,14000.0,1350.0,2700.0,1800.0,6300.0,7200.0,,,,33350.0,15350.0,13500.0,18000.0,33350.0
新北市立柑園國民中學附設幼兒園,公立,109,已申報,2,3,全日班,14000.0,1350.0,2700.0,1800.0,6300.0,7200.0,,,200.0,33350.0,15350.0,13500.0,18000.0,33350.0
新北市立柑園國民中學附設幼兒園,公立,110,已申報,2,3,全日班,14000.0,1350.0,2700.0,1800.0,6300.0,7200.0,,,200.0,33350.0,15350.0,13500.0,18000.0,33350.0
新北市立柑園國民中學附設幼兒園,公立,111,已申報,2,3,全日班,14000.0,1350.0,2700.0,1800.0,6300.0,7200.0,,,200.0,33350.0,15350.0,13500.0,18000.0,33350.0
新北市立柑園國民中學附設幼兒園,公立,112,已申報,2,3,全日班,14000.0,1350.0,2700.0,1800.0,6300.0,7200.0,,,200.0,33350.0,15350.0,13500.0,18000.0,33350.0
新北市立柑園國民中學附設幼兒園,公立,113,已申報,2,3,全日班,14000.0,1350.0,2700.0,1800.0,6300.0,7200.0,,,200.0,33350.0,15350.0,13500.0,18000.0,33350.0
新北市立柑園國民中學附設幼兒園,公立,114,已申報,2,3,全日班,14000.0,1350.0,2700.0,1800.0,6300.0,7200.0,,,200.0,33350.0,15350.0,13500.0,18000.0,33350.0
新北市立樹林幼兒園,公立,109,已申報,2,3,全日班|半日班,14000.0,1350.0,2700.0,1800.0,6300.0,7200.0,0.0,0.0,0.0,33350.0,15350.0,13500.0,18000.0,33350.0
新北市立樹林幼兒園,公立,110,已申報,2,3,全日班|半日班,14000.0,1350.0,2700.0,1800.0,6300.0,7200.0,0.0,0.0,0.0,33350.0,15350.0,13500.0,18000.0,33350.0
新北市立樹林幼兒園,公立,111,已申報,2,3,全日班|半日班,14000.0,1350.0,2700.0,1800.0,6300.0,7200.0,0.0,0.0,0.0,33350.0,15350.0,13500.0,18000.0,33350.0
新北市立樹林幼兒園,公立,112,已申報,2,3,全日班|半日班,14000.0,1350.0,2700.0,1800.0,6300.0,7200.0,0.0,0.0,0.0,33350.0,15350.0,13500.0,18000.0,33350.0
新北市立樹林幼兒園,公立,113,已申報,2,3,全日班|半日班,14000.0,1350.0,2700.0,1800.0,6300.0,7200.0,0.0,0.0,0.0,33350.0,15350.0,13500.0,18000.0,33350.0
新北市立樹林幼兒園,公立,114,已申報,2,3,全日班|半日班,14000.0,1350.0,2700.0,1800.0,6300.0,7200.0,0.0,0.0,0.0,33350.0,15350.0,13500.0,18000.0,33350.0
新北市立樹林幼兒園圳安分班,公立,109,已申報,2,3,全日班|半日班,14000.0,1350.0,2700.0,1800.0,6300.0,7200.0,0.0,0.0,0.0,33350.0,15350.0,13500.0,18000.0,33350.0
新北市立樹林幼兒園圳安分班,公立,110,已申報,2,3,全日班|半日班,14000.0,1350.0,2700.0,1800.0,6300.0,7200.0,0.0,0.0,0.0,33350.0,15350.0,13500.0,18000.0,33350.0
新北市立樹林幼兒園圳安分班,公立,111,已申報,2,3,全日班|半日班,14000.0,1350.0,2700.0,1800.0,6300.0,7200.0,0.0,0.0,0.0,33350.0,15350.0,13500.0,18000.0,33350.0
新北市立樹林幼兒園圳安分班,公立,112,已申報,2,3,全日班|半日班,14000.0,1350.0,2700.0,1800.0,6300.0,7200.0,0.0,0.0,0.0,33350.0,15350.0,13500.0,18000.0,33350.0
新北市立樹林幼兒園圳安分班,公立,113,已申報,2,3,全日班|半日班,14000.0,1350.0,2700.0,1800.0,6300.0,7200.0,0.0,0.0,0.0,33350.0,15350.0,13500.0,18000.0,33350.0
新北市立樹林幼兒園圳安分班,公立,114,已申報,2,3,全日班|半日班,14000.0,1350.0,2700.0,1800.0,6300.0,7200.0,0.0,0.0,0.0,33350.0,15350.0,13500.0,18000.0,33350.0
新北市立樹林幼兒園山佳分班,公立,109,已申報,2,3,全日班|半日班,14000.0,1350.0,2700.0,1800.0,6300.0,7200.0,0.0,0.0,0.0,33350.0,15350.0,13500.0,18000.0,33350.0
新北市立樹林幼兒園山佳分班,公立,110,已申報,2,3,全日班|半日班,14000.0,1350.0,2700.0,1800.0,6300.0,7200.0,0.0,0.0,0.0,33350.0,15350.0,13500.0,18000.0,33350.0
新北市立樹林幼兒園山佳分班,公立,111,已申報,2,3,全日班|半日班,14000.0,1350.0,2700.0,1800.0,6300.0,7200.0,0.0,0.0,0.0,33350.0,15350.0,13500.0,18000.0,33350.0
新北市立樹林幼兒園山佳分班,公立,112,已申報,2,3,全日班|半日班,14000.0,1350.0,2700.0,1800.0,6300.0,7200.0,0.0,0.0,0.0,33350.0,15350.0,13500.0,18000.0,33350.0
新北市立樹林幼兒園山佳分班,公立,113,已申報,2,3,全日班|半日班,14000.0,1350.0,2700.0,1800.0,6300.0,7200.0,0.0,0.0,0.0,33350.0,15350.0,13500.0,18000.0,33350.0
新北市立樹林幼兒園山佳分班,公立,114,已申報,2,3,全日班|半日班,14000.0,1350.0,2700.0,1800.0,6300.0,7200.0,0.0,0.0,0.0,33350.0,15350.0,13500.0,18000.0,33350.0
新北市立樹林幼兒園彭厝分班,公立,109,已申報,2,3,全日班|半日班,14000.0,1350.0,2700.0,1800.0,6300.0,7200.0,0.0,0.0,0.0,33350.0,15350.0,13500.0,18000.0,33350.0
新北市立樹林幼兒園彭厝分班,公立,110,已申報,2,3,全日班|半日班,14000.0,1350.0,2700.0,1800.0,6300.0,7200.0,0.0,0.0,0.0,33350.0,15350.0,13500.0,18000.0,33350.0
新北市立樹林幼兒園彭厝分班,公立,111,已申報,2,3,全日班|半日班,14000.0,1350.0,2700.0,1800.0,6300.0,7200.0,0.0,0.0,0.0,33350.0,15350.0,13500.0,18000.0,33350.0
新北市立樹林幼兒園彭厝分班,公立,112,已申報,2,3,全日班|半日班,14000.0,1350.0,2700.0,1800.0,6300.0,7200.0,0.0,0.0,0.0,33350.0,15350.0,13500.0,18000.0,33350.0
新北市立樹林幼兒園彭厝分班,公立,113,已申報,2,3,全日班|半日班,14000.0,1350.0,2700.0,1800.0,6300.0,7200.0,0.0,0.0,0.0,33350.0,15350.0,13500.0,18000.0,33350.0
新北市立樹林幼兒園彭厝分班,公立,114,已申報,2,3,全日班|半日班,14000.0,1350.0,2700.0,1800.0,6300.0,7200.0,0.0,0.0,0.0,33350.0,15350.0,13500.0,18000.0,33350.0
新北市立永和幼兒園,公立,109,已申報,2,3,全日班|半日班,14000.0,1350.0,2700.0,1800.0,6300.0,7200.0,,,,33350.0,15350.0,13500.0,18000.0,33350.0
新北市立永和幼兒園,公立,110,已申報,2,3,全日班|半日班,14000.0,1350.0,2700.0,1800.0,6300.0,7200.0,,,,33350.0,15350.0,13500.0,18000.0,33350.0
新北市立永和幼兒園,公立,111,已申報,2,3,全日班|半日班,14000.0,1350.0,2700.0,1800.0,6300.0,7200.0,,,,33350.0,15350.0,13500.0,18000.0,33350.0
新北市立永和幼兒園,公立,112,已申報,2,3,全日班|半日班,14000.0,1350.0,2700.0,1800.0,6300.0,7200.0,,,,33350.0,15350.0,13500.0,18000.0,33350.0
新北市立永和幼兒園,公立,113,已申報,2,3,全日班|半日班,14000.0,1350.0,2700.0,1800.0,6300.0,7200.0,,,,33350.0,15350.0,13500.0,18000.0,33350.0
新北市立永和幼兒園,公立,114,已申報,2,3,全日班|半日班,14000.0,1350.0,2700.0,1800.0,6300.0,7200.0,,,,33350.0,15350.0,13500.0,18000.0,33350.0
新北市立永和幼兒園保生分班,公立,109,已申報,2,3,全日班|半日班,14000.0,1350.0,2700.0,1800.0,6300.0,7200.0,,,,33350.0,15350.0,13500.0,18000.0,33350.0
新北市立永和幼兒園保生分班,公立,110,已申報,2,3,全日班|半日班,14000.0,1350.0,2700.0,1800.0,6300.0,7200.0,,,,33350.0,15350.0,13500.0,18000.0,33350.0
新北市立永和幼兒園保生分班,公立,111,已申報,2,3,全日班|半日班,14000.0,1350.0,2700.0,1800.0,6300.0,7200.0,,,,33350.0,15350.0,13500.0,18000.0,33350.0
新北市立永和幼兒園保生分班,公立,112,已申報,2,3,全日班|半日班,14000.0,1350.0,2700.0,1800.0,6300.0,7200.0,,,,33350.0,15350.0,13500.0,18000.0,33350.0
新北市立永和幼兒園保生分班,公立,113,已申報,2,3,全日班|半日班,14000.0,1350.0,2700.0,1800.0,6300.0,7200.0,,,,33350.0,15350.0,13500.0,18000.0,33350.0
新北市立永和幼兒園保生分班,公立,114,已申報,2,3,全日班|半日班,14000.0,1350.0,2700.0,1800.0,6300.0,7200.0,,,,33350.0,15350.0,13500.0,18000.0,33350.0
新北市立永和幼兒園博愛分班,公立,109,已申報,2,2,全日班|半日班,14000.0,1350.0,2700.0,1800.0,6300.0,7200.0,,,,33350.0,15350.0,13500.0,18000.0,33350.0
新北市立永和幼兒園博愛分班,公立,110,已申報,2,2,全日班|半日班,14000.0,1350.0,2700.0,1800.0,6300.0,7200.0,,,,33350.0,15350.0,13500.0,18000.0,33350.0
新北市立永和幼兒園博愛分班,公立,111,已申報,2,3,全日班|半日班,14000.0,1350.0,2700.0,1800.0,6300.0,7200.0,,,,33350.0,15350.0,13500.0,18000.0,33350.0
新北市立永和幼兒園博愛分班,公立,112,已申報,2,3,全日班|半日班,14000.0,1350.0,2700.0,1800.0,6300.0,7200.0,,,,33350.0,15350.0,13500.0,18000.0,33350.0
新北市立永和幼兒園博愛分班,公立,113,已申報,2,3,全日班|半日班,14000.0,1350.0,2700.0,1800.0,6300.0,7200.0,,,,33350.0,15350.0,13500.0,18000.0,33350.0
新北市立永和幼兒園博愛分班,公立,114,已申報,2,3,全日班|半日班,14000.0,1350.0,2700.0,1800.0,6300.0,7200.0,,,,33350.0,15350.0,13500.0,18000.0,33350.0
新北市立永和幼兒園大同分班,公立,109,已申報,2,3,全日班|半日班,14000.0,1350.0,2700.0,1800.0,6300.0,7200.0,,,,33350.0,15350.0,13500.0,18000.0,33350.0
新北市立永和幼兒園大同分班,公立,110,已申報,2,3,全日班|半日班,14000.0,1350.0,2700.0,1800.0,6300.0,7200.0,,,,33350.0,15350.0,13500.0,18000.0,33350.0
新北市立永和幼兒園大同分班,公立,111,已申報,2,3,全日班|半日班,14000.0,1350.0,2700.0,1800.0,6300.0,7200.0,,,,33350.0,15350.0,13500.0,18000.0,33350.0
新北市立永和幼兒園大同分班,公立,112,已申報,2,3,全日班|半日班,14000.0,1350.0,2700.0,1800.0,6300.0,7200.0,,,,33350.0,15350.0,13500.0,18000.0,33350.0
新北市立永和幼兒園大同分班,公立,113,已申報,2,3,全日班|半日班,14000.0,1350.0,2700.0,1800.0,6300.0,7200.0,,,,33350.0,15350.0,13500.0,18000.0,33350.0
新北市立永和幼兒園大同分班,公立,114,已申報,2,3,全日班|半日班,14000.0,1350.0,2700.0,1800.0,6300.0,7200.0,,,,33350.0,15350.0,13500.0,18000.0,33350.0
新北市立永和幼兒園忠孝分班,公立,109,已申報,2,3,全日班|半日班,14000.0,1350.0,2700.0,1800.0,6300.0,7200.0,,,,33350.0,15350.0,13500.0,18000.0,33350.0
新北市立永和幼兒園忠孝分班,公立,110,已申報,2,3,全日班|半日班,14000.0,1350.0,2700.0,1800.0,6300.0,7200.0,,,,33350.0,15350.0,13500.0,18000.0,33350.0
新北市立永和幼兒園忠孝分班,公立,111,已申報,2,3,全日班|半日班,14000.0,1350.0,2700.0,1800.0,6300.0,7200.0,,,,33350.0,15350.0,13500.0,18000.0,33350.0
新北市立永和幼兒園忠孝分班,公立,112,已申報,2,3,全日班|半日班,14000.0,1350.0,2700.0,1800.0,6300.0,7200.0,,,,33350.0,15350.0,13500.0,18000.0,33350.0
新北市立永和幼兒園忠孝分班,公立,113,已申報,2,3,全日班|半日班,14000.0,1350.0,2700.0,1800.0,6300.0,7200.0,,,,33350.0,15350.0,13500.0,18000.0,33350.0
新北市立永和幼兒園忠孝分班,公立,114,已申報,2,3,全日班|半日班,14000.0,1350.0,2700.0,1800.0,6300.0,7200.0,,,,33350.0,15350.0,13500.0,18000.0,33350.0
新北市立永和幼兒園民生分班,公立,109,已申報,2,3,全日班|半日班,14000.0,1350.0,2700.0,1800.0,6300.0,7200.0,,,,33350.0,15350.0,13500.0,18000.0,33350.0
新北市立永和幼兒園民生分班,公立,110,已申報,2,3,全日班|半日班,14000.0,1350.0,2700.0,1800.0,6300.0,7200.0,,,,33350.0,15350.0,13500.0,18000.0,33350.0
新北市立永和幼兒園民生分班,公立,111,已申報,2,3,全日班|半日班,14000.0,1350.0,2700.0,1800.0,6300.0,7200.0,,,,33350.0,15350.0,13500.0,18000.0,33350.0
新北市立永和幼兒園民生分班,公立,112,已申報,2,3,全日班|半日班,14000.0,1350.0,2700.0,1800.0,6300.0,7200.0,,,,33350.0,15350.0,13500.0,18000.0,33350.0
新北市立永和幼兒園民生分班,公立,113,已申報,2,3,全日班|半日班,14000.0,1350.0,2700.0,1800.0,6300.0,7200.0,,,,33350.0,15350.0,13500.0,18000.0,33350.0
新北市立永和幼兒園民生分班,公立,114,已申報,2,3,全日班|半日班,14000.0,1350.0,2700.0,1800.0,6300.0,7200.0,,,,33350.0,15350.0,13500.0,18000.0,33350.0
新北市立永和幼兒園福和分班,公立,109,已申報,2,3,全日班|半日班,14000.0,1350.0,2700.0,1800.0,6300.0,7200.0,,,,33350.0,15350.0,13500.0,18000.0,33350.0
新北市立永和幼兒園福和分班,公立,110,已申報,2,3,全日班|半日班,14000.0,1350.0,2700.0,1800.0,6300.0,7200.0,,,,33350.0,15350.0,13500.0,18000.0,33350.0
新北市立永和幼兒園福和分班,公立,111,已申報,2,3,全日班|半日班,14000.0,1350.0,2700.0,1800.0,6300.0,7200.0,,,,33350.0,15350.0,13500.0,18000.0,33350.0
新北市立永和幼兒園福和分班,公立,112,已申報,2,3,全日班|半日班,14000.0,1350.0,2700.0,1800.0,6300.0,7200.0,,,,33350.0,15350.0,13500.0,18000.0,33350.0
新北市立永和幼兒園福和分班,公立,113,已申報,2,3,全日班|半日班,14000.0,1350.0,2700.0,1800.0,6300.0,7200.0,,,,33350.0,15350.0,13500.0,18000.0,33350.0
新北市立永和幼兒園福和分班,公立,114,已申報,2,3,全日班|半日班,14000.0,1350.0,2700.0,1800.0,6300.0,7200.0,,,,33350.0,15350.0,13500.0,18000.0,33350.0
新北市立江翠國民中學附設幼兒園,公立,109,已申報,2,3,全日班,14000.0,1350.0,2700.0,1800.0,6300.0,7200.0,,,200.0,33350.0,15350.0,13500.0,18000.0,33350.0
新北市立江翠國民中學附設幼兒園,公立,110,已申報,2,3,全日班,14000.0,1350.0,2700.0,1800.0,6300.0,7200.0,,,200.0,33350.0,15350.0,13500.0,18000.0,33350.0
新北市立江翠國民中學附設幼兒園,公立,111,已申報,2,3,全日班,14000.0,1350.0,2700.0,1800.0,6300.0,7200.0,,,200.0,33350.0,15350.0,13500.0,18000.0,33350.0
新北市立江翠國民中學附設幼兒園,公立,112,已申報,2,3,全日班,14000.0,1350.0,2700.0,1800.0,6300.0,7200.0,,,200.0,33350.0,15350.0,13500.0,18000.0,33350.0
新北市立江翠國民中學附設幼兒園,公立,113,已申報,2,3,全日班,14000.0,1350.0,2700.0,1800.0,6300.0,7200.0,,,200.0,33350.0,15350.0,13500.0,18000.0,33350.0
新北市立江翠國民中學附設幼兒園,公立,114,已申報,2,3,全日班,14000.0,1350.0,2700.0,1800.0,6300.0,7200.0,,,200.0,33350.0,15350.0,13500.0,18000.0,33350.0
新北市立泰山國民中學附設幼兒園,公立,109,已申報,2,3,全日班,14000.0,1350.0,2700.0,1800.0,6300.0,7200.0,,,200.0,33350.0,15350.0,13500.0,18000.0,33350.0
新北市立泰山國民中學附設幼兒園,公立,110,已申報,2,3,全日班,14000.0,1350.0,2700.0,1800.0,6300.0,7200.0,,,200.0,33350.0,15350.0,13500.0,18000.0,33350.0
新北市立泰山國民中學附設幼兒園,公立,111,已申報,2,3,全日班,14000.0,1350.0,2700.0,1800.0,6300.0,7200.0,,,200.0,33350.0,15350.0,13500.0,18000.0,33350.0
新北市立泰山國民中學附設幼兒園,公立,112,已申報,2,3,全日班,14000.0,1350.0,2700.0,1800.0,6300.0,7200.0,,,200.0,33350.0,15350.0,13500.0,18000.0,33350.0
新北市立泰山國民中學附設幼兒園,公立,113,已申報,2,3,全日班,14000.0,1350.0,2700.0,1800.0,6300.0,7200.0,,,200.0,33350.0,15350.0,13500.0,18000.0,33350.0
新北市立泰山國民中學附設幼兒園,公立,114,已申報,2,3,全日班,14000.0,1350.0,2700.0,1800.0,6300.0,7200.0,,,200.0,33350.0,15350.0,13500.0,18000.0,33350.0
新北市立泰山幼兒園,公立,109,已申報,2,3,全日班|半日班,14000.0,1350.0,2700.0,1800.0,6300.0,7200.0,,,,33350.0,15350.0,13500.0,18000.0,33350.0
新北市立泰山幼兒園,公立,110,已申報,2,3,全日班|半日班,14000.0,1350.0,2700.0,1800.0,6300.0,7200.0,,,,33350.0,15350.0,13500.0,18000.0,33350.0
新北市立泰山幼兒園,公立,111,已申報,2,4,全日班|半日班,14000.0,1350.0,2700.0,1800.0,6300.0,7200.0,,,,33350.0,15350.0,13500.0,18000.0,33350.0
新北市立泰山幼兒園,公立,112,已申報,2,4,全日班|半日班,14000.0,1350.0,2700.0,1800.0,6300.0,7200.0,,,,33350.0,15350.0,13500.0,18000.0,33350.0
新北市立泰山幼兒園,公立,113,已申報,2,4,全日班|半日班,14000.0,1350.0,2700.0,1800.0,6300.0,7200.0,,,,33350.0,15350.0,13500.0,18000.0,33350.0
新北市立泰山幼兒園,公立,114,已申報,2,4,全日班|半日班,14000.0,1350.0,2700.0,1800.0,6300.0,7200.0,,,,33350.0,15350.0,13500.0,18000.0,33350.0
新北市立泰山幼兒園明志分班,公立,109,已申報,2,3,全日班|半日班,14000.0,1350.0,2700.0,1800.0,6600.0,6900.0,,,,33350.0,15350.0,13500.0,18000.0,33350.0
新北市立泰山幼兒園明志分班,公立,110,已申報,2,3,全日班|半日班,14000.0,1350.0,2700.0,1800.0,6600.0,6900.0,,,,33350.0,15350.0,13500.0,18000.0,33350.0
新北市立泰山幼兒園明志分班,公立,111,已申報,2,3,全日班|半日班,14000.0,1350.0,2700.0,1800.0,6600.0,6900.0,,,,33350.0,15350.0,13500.0,18000.0,33350.0
新北市立泰山幼兒園明志分班,公立,112,已申報,2,3,全日班|半日班,14000.0,1350.0,2700.0,1800.0,6600.0,6900.0,,,,33350.0,15350.0,13500.0,18000.0,33350.0
新北市立泰山幼兒園明志分班,公立,113,已申報,2,3,全日班|半日班,14000.0,1350.0,2700.0,1800.0,6600.0,6900.0,,,,33350.0,15350.0,13500.0,18000.0,33350.0
新北市立泰山幼兒園明志分班,公立,114,已申報,2,3,全日班|半日班,14000.0,1350.0,2700.0,1800.0,6600.0,6900.0,,,,33350.0,15350.0,13500.0,18000.0,33350.0
新北市立泰山幼兒園貴和分班,公立,109,已申報,2,3,全日班|半日班,14000.0,1350.0,2700.0,1800.0,6300.0,7200.0,,,,33350.0,15350.0,13500.0,18000.0,33350.0
新北市立泰山幼兒園貴和分班,公立,110,已申報,2,3,全日班|半日班,14000.0,1350.0,2700.0,1800.0,6300.0,7200.0,,,,33350.0,15350.0,13500.0,18000.0,33350.0
新北市立泰山幼兒園貴和分班,公立,111,已申報,2,3,全日班|半日班,14000.0,1350.0,2700.0,1800.0,6300.0,7200.0,,,,33350.0,15350.0,13500.0,18000.0,33350.0
新北市立泰山幼兒園貴和分班,公立,112,已申報,2,3,全日班|半日班,14000.0,1350.0,2700.0,1800.0,6300.0,7200.0,,,,33350.0,15350.0,13500.0,18000.0,33350.0
新北市立泰山幼兒園貴和分班,公立,113,已申報,2,3,全日班|半日班,14000.0,1350.0,2700.0,1800.0,6300.0,7200.0,,,,33350.0,15350.0,13500.0,18000.0,33350.0
新北市立泰山幼兒園貴和分班,公立,114,已申報,2,3,全日班|半日班,14000.0,1350.0,2700.0,1800.0,6300.0,7200.0,,,,33350.0,15350.0,13500.0,18000.0,33350.0
新北市立淡水國民中學附設幼兒園,公立,109,已申報,2,3,全日班,14000.0,1350.0,2700.0,1800.0,6300.0,7200.0,,,200.0,33350.0,15350.0,13500.0,18000.0,33350.0
新北市立淡水國民中學附設幼兒園,公立,110,已申報,2,3,全日班,14000.0,1350.0,2700.0,1800.0,6300.0,7200.0,,,200.0,33350.0,15350.0,13500.0,18000.0,33350.0
新北市立淡水國民中學附設幼兒園,公立,111,已申報,2,3,全日班,14000.0,1350.0,2700.0,1800.0,6300.0,7200.0,,,200.0,33350.0,15350.0,13500.0,18000.0,33350.0
新北市立淡水國民中學附設幼兒園,公立,112,已申報,2,3,全日班,14000.0,1350.0,2700.0,1800.0,6300.0,7200.0,,,200.0,33350.0,15350.0,13500.0,18000.0,33350.0
新北市立淡水國民中學附設幼兒園,公立,113,已申報,2,3,全日班,14000.0,1350.0,2700.0,1800.0,6300.0,7200.0,,,200.0,33350.0,15350.0,13500.0,18000.0,33350.0
新北市立淡水國民中學附設幼兒園,公立,114,已申報,2,3,全日班,14000.0,1350.0,2700.0,1800.0,6300.0,7200.0,,,200.0,33350.0,15350.0,13500.0,18000.0,33350.0
新北市立淡水幼兒園,公立,109,已申報,2,3,全日班|半日班,14000.0,1350.0,2700.0,1800.0,6300.0,7200.0,,,,33350.0,15350.0,13500.0,18000.0,33350.0
新北市立淡水幼兒園,公立,110,已申報,2,3,全日班|半日班,14000.0,1350.0,2700.0,1800.0,6300.0,7200.0,,,,33350.0,15350.0,13500.0,18000.0,33350.0
新北市立淡水幼兒園,公立,111,已申報,2,3,全日班|半日班,14000.0,1350.0,2700.0,1800.0,6300.0,7200.0,,,,33350.0,15350.0,13500.0,18000.0,33350.0
新北市立淡水幼兒園,公立,112,已申報,2,3,全日班|半日班,14000.0,1350.0,2700.0,1800.0,6300.0,7200.0,,,,33350.0,15350.0,13500.0,18000.0,33350.0
新北市立淡水幼兒園,公立,113,已申報,2,3,全日班|半日班,14000.0,1350.0,2700.0,1800.0,6300.0,7200.0,,,,33350.0,15350.0,13500.0,18000.0,33350.0
新北市立淡水幼兒園,公立,114,已申報,2,3,全日班|半日班,14000.0,1350.0,2700.0,1800.0,6300.0,7200.0,,,,33350.0,15350.0,13500.0,18000.0,33350.0
新北市立淡水幼兒園福德分班,公立,109,已申報,2,3,全日班|半日班,14000.0,1350.0,2700.0,1800.0,6300.0,7200.0,,,,33350.0,15350.0,13500.0,18000.0,33350.0
新北市立淡水幼兒園福德分班,公立,110,已申報,2,3,全日班|半日班,14000.0,1350.0,2700.0,1800.0,6300.0,7200.0,,,,33350.0,15350.0,13500.0,18000.0,33350.0
新北市立淡水幼兒園福德分班,公立,111,已申報,2,3,全日班|半日班,14000.0,1350.0,2700.0,1800.0,6300.0,7200.0,,,,33350.0,15350.0,13500.0,18000.0,33350.0
新北市立淡水幼兒園福德分班,公立,112,已申報,2,3,全日班|半日班,14000.0,1350.0,2700.0,1800.0,6300.0,7200.0,,,,33350.0,15350.0,13500.0,18000.0,33350.0
新北市立淡水幼兒園福德分班,公立,113,已申報,2,3,全日班|半日班,14000.0,1350.0,2700.0,1800.0,6300.0,7200.0,,,,33350.0,15350.0,13500.0,18000.0,33350.0
新北市立淡水幼兒園福德分班,公立,114,已申報,2,3,全日班|半日班,14000.0,1350.0,2700.0,1800.0,6300.0,7200.0,,,,33350.0,15350.0,13500.0,18000.0,33350.0
新北市立淡水幼兒園竹圍分班,公立,109,已申報,2,4,全日班|半日班,14000.0,1350.0,2700.0,1800.0,6300.0,7200.0,,,,33350.0,15350.0,13500.0,18000.0,33350.0
新北市立淡水幼兒園竹圍分班,公立,110,已申報,2,4,全日班|半日班,14000.0,1350.0,2700.0,1800.0,6300.0,7200.0,,,,33350.0,15350.0,13500.0,18000.0,33350.0
新北市立淡水幼兒園竹圍分班,公立,111,已申報,2,4,全日班|半日班,14000.0,1350.0,2700.0,1800.0,6300.0,7200.0,,,,33350.0,15350.0,13500.0,18000.0,33350.0
新北市立淡水幼兒園竹圍分班,公立,112,已申報,2,4,全日班|半日班,14000.0,1350.0,2700.0,1800.0,6300.0,7200.0,,,,33350.0,15350.0,13500.0,18000.0,33350.0
新北市立淡水幼兒園竹圍分班,公立,113,已申報,2,4,全日班|半日班,14000.0,1350.0,2700.0,1800.0,6300.0,7200.0,,,,33350.0,15350.0,13500.0,18000.0,33350.0
新北市立淡水幼兒園竹圍分班,公立,114,已申報,2,4,全日班|半日班,14000.0,1350.0,2700.0,1800.0,6300.0,7200.0,,,,33350.0,15350.0,13500.0,18000.0,33350.0
新北市立深坑國民中學附設幼兒園,公立,109,已申報,2,3,全日班,14000.0,1350.0,2700.0,1800.0,6300.0,7200.0,,,200.0,33350.0,15350.0,13500.0,18000.0,33350.0
新北市立深坑國民中學附設幼兒園,公立,110,已申報,2,3,全日班,14000.0,1350.0,2700.0,1800.0,6300.0,7200.0,,,200.0,33350.0,15350.0,13500.0,18000.0,33350.0
新北市立深坑國民中學附設幼兒園,公立,111,已申報,2,3,全日班,14000.0,1350.0,2700.0,1800.0,6300.0,7200.0,,,200.0,33350.0,15350.0,13500.0,18000.0,33350.0
新北市立深坑國民中學附設幼兒園,公立,112,已申報,2,3,全日班,14000.0,1350.0,2700.0,1800.0,6300.0,7200.0,,,200.0,33350.0,15350.0,13500.0,18000.0,33350.0
新北市立深坑國民中學附設幼兒園,公立,113,已申報,2,3,全日班,14000.0,1350.0,2700.0,1800.0,6300.0,7200.0,,,200.0,33350.0,15350.0,13500.0,18000.0,33350.0
新北市立深坑國民中學附設幼兒園,公立,114,已申報,2,3,全日班,14000.0,1350.0,2700.0,1800.0,6300.0,7200.0,,,200.0,33350.0,15350.0,13500.0,18000.0,33350.0
新北市立深坑幼兒園,公立,109,已申報,2,4,全日班|半日班,14000.0,1350.0,2700.0,1800.0,6300.0,7200.0,,,,33350.0,15350.0,13500.0,18000.0,33350.0
新北市立深坑幼兒園,公立,110,已申報,2,4,全日班|半日班,14000.0,1350.0,2700.0,1800.0,6300.0,7200.0,,,,33350.0,15350.0,13500.0,18000.0,33350.0
新北市立深坑幼兒園,公立,111,已申報,2,4,全日班|半日班,14000.0,1350.0,2700.0,1800.0,6300.0,7200.0,,,,33350.0,15350.0,13500.0,18000.0,33350.0
新北市立深坑幼兒園,公立,112,已申報,2,4,全日班|半日班,14000.0,1350.0,2700.0,1800.0,6300.0,7200.0,,,,33350.0,15350.0,13500.0,18000.0,33350.0
新北市立深坑幼兒園,公立,113,已申報,2,4,全日班|半日班,14000.0,1350.0,2700.0,1800.0,6300.0,7200.0,,,,33350.0,15350.0,13500.0,18000.0,33350.0
新北市立深坑幼兒園,公立,114,已申報,2,4,全日班|半日班,14000.0,1350.0,2700.0,1800.0,6300.0,7200.0,,,,33350.0,15350.0,13500.0,18000.0,33350.0
新北市立深坑幼兒園土庫分班,公立,109,已申報,2,3,全日班|半日班,14000.0,1350.0,2700.0,1800.0,6300.0,7200.0,,,,33350.0,15350.0,13500.0,18000.0,33350.0
新北市立深坑幼兒園土庫分班,公立,110,已申報,2,3,全日班|半日班,14000.0,1350.0,2700.0,1800.0,6300.0,7200.0,,,,33350.0,15350.0,13500.0,18000.0,33350.0
新北市立深坑幼兒園土庫分班,公立,111,已申報,2,3,全日班|半日班,14000.0,1350.0,2700.0,1800.0,6300.0,7200.0,,,,33350.0,15350.0,13500.0,18000.0,33350.0
新北市立深坑幼兒園土庫分班,公立,112,已申報,2,3,全日班|半日班,14000.0,1350.0,2700.0,1800.0,6300.0,7200.0,,,,33350.0,15350.0,13500.0,18000.0,33350.0
新北市立深坑幼兒園土庫分班,公立,113,已申報,2,3,全日班|半日班,14000.0,1350.0,2700.0,1800.0,6300.0,7200.0,,,,33350.0,15350.0,13500.0,18000.0,33350.0
新北市立深坑幼兒園土庫分班,公立,114,已申報,2,3,全日班|半日班,14000.0,1350.0,2700.0,1800.0,6300.0,7200.0,,,,33350.0,15350.0,13500.0,18000.0,33350.0
新北市立溪崑國民中學附設幼兒園,公立,109,已申報,2,4,全日班,14000.0,1350.0,2700.0,1800.0,6300.0,7200.0,,,200.0,33350.0,15350.0,13500.0,18000.0,33350.0
新北市立溪崑國民中學附設幼兒園,公立,110,已申報,2,4,全日班,14000.0,1350.0,2700.0,1800.0,6300.0,7200.0,,,200.0,33350.0,15350.0,13500.0,18000.0,33350.0
新北市立溪崑國民中學附設幼兒園,公立,111,已申報,2,4,全日班,14000.0,1350.0,2700.0,1800.0,6300.0,7200.0,,,200.0,33350.0,15350.0,13500.0,18000.0,33350.0
新北市立溪崑國民中學附設幼兒園,公立,112,已申報,2,4,全日班,14000.0,1350.0,2700.0,1800.0,6300.0,7200.0,,,200.0,33350.0,15350.0,13500.0,18000.0,33350.0
新北市立溪崑國民中學附設幼兒園,公立,113,已申報,2,4,全日班,14000.0,1350.0,2700.0,1800.0,6300.0,7200.0,,,200.0,33350.0,15350.0,13500.0,18000.0,33350.0
新北市立溪崑國民中學附設幼兒園,公立,114,已申報,2,4,全日班,14000.0,1350.0,2700.0,1800.0,6300.0,7200.0,,,200.0,33350.0,15350.0,13500.0,18000.0,33350.0
新北市立漳和國民中學附設幼兒園,公立,109,已申報,2,3,全日班|半日班,14000.0,1350.0,2700.0,1800.0,6300.0,7200.0,0.0,0.0,200.0,33350.0,15350.0,13500.0,18000.0,33350.0
新北市立漳和國民中學附設幼兒園,公立,110,已申報,2,3,全日班|半日班,14000.0,1350.0,2700.0,1800.0,6300.0,7200.0,0.0,0.0,200.0,33350.0,15350.0,13500.0,18000.0,33350.0
新北市立漳和國民中學附設幼兒園,公立,111,已申報,2,3,全日班|半日班,14000.0,1350.0,2700.0,1800.0,6300.0,7200.0,0.0,0.0,200.0,33350.0,15350.0,13500.0,18000.0,33350.0
新北市立漳和國民中學附設幼兒園,公立,112,已申報,2,3,全日班|半日班,14000.0,1350.0,2700.0,1800.0,6300.0,7200.0,0.0,0.0,200.0,33350.0,15350.0,13500.0,18000.0,33350.0
新北市立漳和國民中學附設幼兒園,公立,113,已申報,2,3,全日班|半日班,14000.0,1350.0,2700.0,1800.0,6300.0,7200.0,0.0,0.0,200.0,33350.0,15350.0,13500.0,18000.0,33350.0
新北市立漳和國民中學附設幼兒園,公立,114,已申報,2,3,全日班|半日班,14000.0,1350.0,2700.0,1800.0,6300.0,7200.0,0.0,0.0,200.0,33350.0,15350.0,13500.0,18000.0,33350.0
新北市立烏來國民中小學附設幼兒園,公立,109,已申報,2,3,全日班,14000.0,1350.0,2700.0,1800.0,6300.0,7200.0,5400.0,,200.0,33350.0,15350.0,13500.0,18000.0,33350.0
新北市立烏來國民中小學附設幼兒園,公立,110,已申報,2,3,全日班,14000.0,1350.0,2700.0,1800.0,6300.0,7200.0,5400.0,,200.0,33350.0,15350.0,13500.0,18000.0,33350.0
新北市立烏來國民中小學附設幼兒園,公立,111,已申報,2,3,全日班,14000.0,1350.0,2700.0,1800.0,6300.0,7200.0,5400.0,,200.0,33350.0,15350.0,13500.0,18000.0,33350.0
新北市立烏來國民中小學附設幼兒園,公立,112,已申報,2,3,全日班,14000.0,1350.0,2700.0,1800.0,6300.0,7200.0,5400.0,,200.0,33350.0,15350.0,13500.0,18000.0,33350.0
新北市立烏來國民中小學附設幼兒園,公立,113,已申報,2,3,全日班,14000.0,1350.0,2700.0,1800.0,6300.0,7200.0,5400.0,,200.0,33350.0,15350.0,13500.0,18000.0,33350.0
新北市立烏來國民中小學附設幼兒園,公立,114,已申報,2,3,全日班,14000.0,1350.0,2700.0,1800.0,6300.0,7200.0,5400.0,,200.0,33350.0,15350.0,13500.0,18000.0,33350.0
新北市立烏來幼兒園,公立,109,已申報,2,4,全日班,7000.0,1350.0,2700.0,1800.0,6300.0,7200.0,5400.0,,,26350.0,8350.0,13500.0,18000.0,26350.0
新北市立烏來幼兒園,公立,110,已申報,2,4,全日班,14000.0,1350.0,2700.0,1800.0,6300.0,7200.0,5400.0,,,33350.0,15350.0,13500.0,18000.0,33350.0
新北市立烏來幼兒園,公立,111,已申報,2,4,全日班,14000.0,1350.0,2700.0,1800.0,6300.0,7200.0,5400.0,,,33350.0,15350.0,13500.0,18000.0,33350.0
新北市立烏來幼兒園,公立,112,已申報,2,4,全日班,14000.0,1350.0,2700.0,1800.0,6300.0,7200.0,5400.0,,,33350.0,15350.0,13500.0,18000.0,33350.0
新北市立烏來幼兒園,公立,113,已申報,2,4,全日班,14000.0,1350.0,2700.0,1800.0,6300.0,7200.0,5400.0,,,33350.0,15350.0,13500.0,18000.0,33350.0
新北市立烏來幼兒園,公立,114,已申報,2,4,全日班,14000.0,1350.0,2700.0,1800.0,6300.0,7200.0,5400.0,,,33350.0,15350.0,13500.0,18000.0,33350.0
新北市立猴硐—蒙特梭利實驗小學附設幼兒園,公立,109,未申報或鏡像未收錄,0,0,,,,,,,,,,,,,,,
新北市立猴硐—蒙特梭利實驗小學附設幼兒園,公立,110,已申報,2,4,全日班|半日班,14000.0,1350.0,2700.0,1800.0,6300.0,7200.0,0.0,0.0,200.0,33350.0,15350.0,13500.0,18000.0,33350.0
新北市立猴硐—蒙特梭利實驗小學附設幼兒園,公立,111,已申報,2,4,全日班|半日班,14000.0,1350.0,2700.0,1800.0,6300.0,7200.0,0.0,0.0,200.0,33350.0,15350.0,13500.0,18000.0,33350.0
新北市立猴硐—蒙特梭利實驗小學附設幼兒園,公立,112,已申報,2,4,全日班|半日班,14000.0,1350.0,2700.0,1800.0,6300.0,7200.0,0.0,0.0,200.0,33350.0,15350.0,13500.0,18000.0,33350.0
新北市立猴硐—蒙特梭利實驗小學附設幼兒園,公立,113,已申報,2,4,全日班|半日班,14000.0,1350.0,2700.0,1800.0,6300.0,7200.0,0.0,0.0,200.0,33350.0,15350.0,13500.0,18000.0,33350.0
新北市立猴硐—蒙特梭利實驗小學附設幼兒園,公立,114,已申報,2,4,全日班|半日班,14000.0,1350.0,2700.0,1800.0,6300.0,7200.0,0.0,0.0,200.0,33350.0,15350.0,13500.0,18000.0,33350.0
新北市立瑞芳國民中學附設幼兒園,公立,109,已申報,2,3,全日班,14000.0,1350.0,2700.0,1800.0,6300.0,7200.0,,,200.0,33350.0,15350.0,13500.0,18000.0,33350.0
新北市立瑞芳國民中學附設幼兒園,公立,110,已申報,2,3,全日班,14000.0,1350.0,2700.0,1800.0,6300.0,7200.0,,,200.0,33350.0,15350.0,13500.0,18000.0,33350.0
新北市立瑞芳國民中學附設幼兒園,公立,111,已申報,2,3,全日班,14000.0,1350.0,2700.0,1800.0,6300.0,7200.0,,,200.0,33350.0,15350.0,13500.0,18000.0,33350.0
新北市立瑞芳國民中學附設幼兒園,公立,112,已申報,2,3,全日班,14000.0,1350.0,2700.0,1800.0,6300.0,7200.0,,,200.0,33350.0,15350.0,13500.0,18000.0,33350.0
新北市立瑞芳國民中學附設幼兒園,公立,113,已申報,2,3,全日班,14000.0,1350.0,2700.0,1800.0,6300.0,7200.0,,,200.0,33350.0,15350.0,13500.0,18000.0,33350.0
新北市立瑞芳國民中學附設幼兒園,公立,114,已申報,2,3,全日班,14000.0,1350.0,2700.0,1800.0,6300.0,7200.0,,,200.0,33350.0,15350.0,13500.0,18000.0,33350.0
新北市立瑞芳幼兒園,公立,109,已申報,2,4,全日班|半日班,10494.0,1350.0,2700.0,1800.0,6300.0,7200.0,0.0,0.0,0.0,29844.0,11844.0,13500.0,18000.0,29844.0
新北市立瑞芳幼兒園,公立,110,已申報,2,4,全日班|半日班,14000.0,1350.0,2700.0,1800.0,6300.0,7200.0,0.0,0.0,0.0,33350.0,15350.0,13500.0,18000.0,33350.0
新北市立瑞芳幼兒園,公立,111,已申報,2,4,全日班|半日班,14000.0,1350.0,2700.0,1800.0,6300.0,7200.0,0.0,0.0,0.0,33350.0,15350.0,13500.0,18000.0,33350.0
新北市立瑞芳幼兒園,公立,112,已申報,2,4,全日班|半日班,14000.0,1350.0,2700.0,1800.0,6300.0,7200.0,0.0,0.0,0.0,33350.0,15350.0,13500.0,18000.0,33350.0
新北市立瑞芳幼兒園,公立,113,未申報或鏡像未收錄,0,0,,,,,,,,,,,,,,,
新北市立瑞芳幼兒園,公立,114,未申報或鏡像未收錄,0,0,,,,,,,,,,,,,,,
新北市立瑞芳幼兒園爪峰分班,公立,109,已申報,2,4,全日班|半日班,10494.0,1350.0,2700.0,1800.0,6300.0,7200.0,0.0,0.0,0.0,29844.0,11844.0,13500.0,18000.0,29844.0
新北市立瑞芳幼兒園爪峰分班,公立,110,已申報,2,4,全日班|半日班,14000.0,1350.0,2700.0,1800.0,6300.0,7200.0,0.0,0.0,0.0,33350.0,15350.0,13500.0,18000.0,33350.0
新北市立瑞芳幼兒園爪峰分班,公立,111,已申報,2,4,全日班|半日班,14000.0,1350.0,2700.0,1800.0,6300.0,7200.0,0.0,0.0,0.0,33350.0,15350.0,13500.0,18000.0,33350.0
新北市立瑞芳幼兒園爪峰分班,公立,112,已申報,2,4,全日班|半日班,14000.0,1350.0,2700.0,1800.0,6300.0,7200.0,0.0,0.0,0.0,33350.0,15350.0,13500.0,18000.0,33350.0
新北市立瑞芳幼兒園爪峰分班,公立,113,未申報或鏡像未收錄,0,0,,,,,,,,,,,,,,,
新北市立瑞芳幼兒園爪峰分班,公立,114,未申報或鏡像未收錄,0,0,,,,,,,,,,,,,,,
新北市立碧華國民中學附設幼兒園,公立,109,已申報,2,3,全日班,14000.0,1350.0,2700.0,1800.0,6300.0,7200.0,,,,33350.0,15350.0,13500.0,18000.0,33350.0
新北市立碧華國民中學附設幼兒園,公立,110,已申報,2,3,全日班,14000.0,1350.0,2700.0,1800.0,6300.0,7200.0,,,200.0,33350.0,15350.0,13500.0,18000.0,33350.0
新北市立碧華國民中學附設幼兒園,公立,111,已申報,2,3,全日班,14000.0,1350.0,2700.0,1800.0,6300.0,7200.0,,,200.0,33350.0,15350.0,13500.0,18000.0,33350.0
新北市立碧華國民中學附設幼兒園,公立,112,已申報,2,3,全日班,14000.0,1350.0,2700.0,1800.0,6300.0,7200.0,,,200.0,33350.0,15350.0,13500.0,18000.0,33350.0
新北市立碧華國民中學附設幼兒園,公立,113,已申報,2,3,全日班,14000.0,1350.0,2700.0,1800.0,6300.0,7200.0,,,200.0,33350.0,15350.0,13500.0,18000.0,33350.0
新北市立碧華國民中學附設幼兒園,公立,114,已申報,2,3,全日班,14000.0,1350.0,2700.0,1800.0,6300.0,7200.0,,,200.0,33350.0,15350.0,13500.0,18000.0,33350.0
新北市立福和國民中學附設幼兒園,公立,109,已申報,2,3,全日班,14000.0,1350.0,2700.0,1800.0,6300.0,7200.0,,,200.0,33350.0,15350.0,13500.0,18000.0,33350.0
新北市立福和國民中學附設幼兒園,公立,110,已申報,2,3,全日班,14000.0,1350.0,2700.0,1800.0,6300.0,7200.0,,,200.0,33350.0,15350.0,13500.0,18000.0,33350.0
新北市立福和國民中學附設幼兒園,公立,111,已申報,2,3,全日班,14000.0,1350.0,2700.0,1800.0,6300.0,7200.0,,,200.0,33350.0,15350.0,13500.0,18000.0,33350.0
新北市立福和國民中學附設幼兒園,公立,112,已申報,2,3,全日班,14000.0,1350.0,2700.0,1800.0,6300.0,7200.0,,,200.0,33350.0,15350.0,13500.0,18000.0,33350.0
新北市立福和國民中學附設幼兒園,公立,113,已申報,2,3,全日班,14000.0,1350.0,2700.0,1800.0,6300.0,7200.0,,,200.0,33350.0,15350.0,13500.0,18000.0,33350.0
新北市立福和國民中學附設幼兒園,公立,114,已申報,2,3,全日班,14000.0,1350.0,2700.0,1800.0,6300.0,7200.0,,,200.0,33350.0,15350.0,13500.0,18000.0,33350.0
新北市立老梅實驗小學附設幼兒園,公立,109,未申報或鏡像未收錄,0,0,,,,,,,,,,,,,,,
新北市立老梅實驗小學附設幼兒園,公立,110,未申報或鏡像未收錄,0,0,,,,,,,,,,,,,,,
新北市立老梅實驗小學附設幼兒園,公立,111,未申報或鏡像未收錄,0,0,,,,,,,,,,,,,,,
新北市立老梅實驗小學附設幼兒園,公立,112,已申報,2,4,全日班,14000.0,1350.0,2700.0,1800.0,6300.0,7200.0,,,200.0,33350.0,15350.0,13500.0,18000.0,33350.0
新北市立老梅實驗小學附設幼兒園,公立,113,已申報,2,4,全日班,14000.0,1350.0,2700.0,1800.0,6300.0,7200.0,,,200.0,33350.0,15350.0,13500.0,18000.0,33350.0
新北市立老梅實驗小學附設幼兒園,公立,114,已申報,2,4,全日班,14000.0,1350.0,2700.0,1800.0,6300.0,7200.0,,,200.0,33350.0,15350.0,13500.0,18000.0,33350.0
新北市立自強國民中學附設幼兒園,公立,109,已申報,2,3,全日班,14000.0,1350.0,2700.0,1800.0,6300.0,7200.0,,,200.0,33350.0,15350.0,13500.0,18000.0,33350.0
新北市立自強國民中學附設幼兒園,公立,110,已申報,2,3,全日班,14000.0,1350.0,2700.0,1800.0,6300.0,7200.0,,,200.0,33350.0,15350.0,13500.0,18000.0,33350.0
新北市立自強國民中學附設幼兒園,公立,111,已申報,2,3,全日班,14000.0,1350.0,2700.0,1800.0,6300.0,7200.0,,,200.0,33350.0,15350.0,13500.0,18000.0,33350.0
新北市立自強國民中學附設幼兒園,公立,112,已申報,2,3,全日班,14000.0,1350.0,2700.0,1800.0,6300.0,7200.0,,,200.0,33350.0,15350.0,13500.0,18000.0,33350.0
新北市立自強國民中學附設幼兒園,公立,113,已申報,2,3,全日班,14000.0,1350.0,2700.0,1800.0,6300.0,7200.0,,,200.0,33350.0,15350.0,13500.0,18000.0,33350.0
新北市立自強國民中學附設幼兒園,公立,114,已申報,2,3,全日班,14000.0,1350.0,2700.0,1800.0,6300.0,7200.0,,,200.0,33350.0,15350.0,13500.0,18000.0,33350.0
新北市立萬里幼兒園,公立,109,已申報,2,3,全日班|半日班,14000.0,1350.0,2700.0,1800.0,6300.0,5250.0,,,,31400.0,15350.0,11550.0,16050.0,31400.0
新北市立萬里幼兒園,公立,110,已申報,2,3,全日班|半日班,14000.0,1350.0,2700.0,1800.0,6300.0,7200.0,,,,33350.0,15350.0,13500.0,18000.0,33350.0
新北市立萬里幼兒園,公立,111,已申報,2,3,全日班|半日班,14000.0,1350.0,2700.0,1800.0,6300.0,7200.0,,,,33350.0,15350.0,13500.0,18000.0,33350.0
新北市立萬里幼兒園,公立,112,已申報,2,3,全日班|半日班,14000.0,1350.0,2700.0,1800.0,6300.0,7200.0,,,,33350.0,15350.0,13500.0,18000.0,33350.0
新北市立萬里幼兒園,公立,113,已申報,2,3,全日班|半日班,14000.0,1350.0,2700.0,1800.0,6300.0,7200.0,,,,33350.0,15350.0,13500.0,18000.0,33350.0
新北市立萬里幼兒園,公立,114,已申報,2,3,全日班|半日班,14000.0,1350.0,2700.0,1800.0,6300.0,7200.0,,,,33350.0,15350.0,13500.0,18000.0,33350.0
新北市立蘆洲國民中學附設幼兒園,公立,109,已申報,2,4,全日班|半日班,14000.0,1350.0,2700.0,1800.0,6300.0,7200.0,0.0,0.0,200.0,33350.0,15350.0,13500.0,18000.0,33350.0
新北市立蘆洲國民中學附設幼兒園,公立,110,已申報,2,4,全日班|半日班,14000.0,1350.0,2700.0,1800.0,6300.0,7200.0,0.0,0.0,200.0,33350.0,15350.0,13500.0,18000.0,33350.0
新北市立蘆洲國民中學附設幼兒園,公立,111,已申報,2,4,全日班|半日班,14000.0,1350.0,2700.0,1800.0,6300.0,7200.0,0.0,0.0,200.0,33350.0,15350.0,13500.0,18000.0,33350.0
新北市立蘆洲國民中學附設幼兒園,公立,112,已申報,2,4,全日班|半日班,14000.0,1350.0,2700.0,1800.0,6300.0,7200.0,0.0,0.0,200.0,33350.0,15350.0,13500.0,18000.0,33350.0
新北市立蘆洲國民中學附設幼兒園,公立,113,已申報,2,4,全日班|半日班,14000.0,1350.0,2700.0,1800.0,6300.0,7200.0,0.0,0.0,200.0,33350.0,15350.0,13500.0,18000.0,33350.0
新北市立蘆洲國民中學附設幼兒園,公立,114,已申報,2,4,全日班|半日班,14000.0,1350.0,2700.0,1800.0,6300.0,7200.0,0.0,0.0,200.0,33350.0,15350.0,13500.0,18000.0,33350.0
新北市立蘆洲幼兒園,公立,109,已申報,2,3,全日班|半日班,14000.0,1350.0,2700.0,1800.0,6300.0,7200.0,,,,33350.0,15350.0,13500.0,18000.0,33350.0
新北市立蘆洲幼兒園,公立,110,已申報,2,3,全日班|半日班,14000.0,1350.0,2700.0,1800.0,6300.0,7200.0,,0.0,,33350.0,15350.0,13500.0,18000.0,33350.0
新北市立蘆洲幼兒園,公立,111,已申報,2,3,全日班|半日班,14000.0,1350.0,2700.0,1800.0,6300.0,7200.0,,0.0,,33350.0,15350.0,13500.0,18000.0,33350.0
新北市立蘆洲幼兒園,公立,112,已申報,2,3,全日班|半日班,14000.0,1350.0,2700.0,1800.0,6300.0,7200.0,,0.0,,33350.0,15350.0,13500.0,18000.0,33350.0
新北市立蘆洲幼兒園,公立,113,已申報,2,3,全日班|半日班,14000.0,1350.0,2700.0,1800.0,6300.0,7200.0,,0.0,,33350.0,15350.0,13500.0,18000.0,33350.0
新北市立蘆洲幼兒園,公立,114,已申報,2,3,全日班|半日班,14000.0,1350.0,2700.0,1800.0,6300.0,7200.0,,0.0,,33350.0,15350.0,13500.0,18000.0,33350.0
新北市立重慶國民中學附設幼兒園,公立,109,已申報,2,3,全日班,14000.0,1350.0,2700.0,1800.0,6300.0,7200.0,,,200.0,33350.0,15350.0,13500.0,18000.0,33350.0
新北市立重慶國民中學附設幼兒園,公立,110,已申報,2,3,全日班|半日班,14000.0,1350.0,2700.0,1800.0,6300.0,7200.0,0.0,0.0,200.0,33350.0,15350.0,13500.0,18000.0,33350.0
新北市立重慶國民中學附設幼兒園,公立,111,已申報,2,3,全日班|半日班,14000.0,1350.0,2700.0,1800.0,6300.0,7200.0,0.0,0.0,200.0,33350.0,15350.0,13500.0,18000.0,33350.0
新北市立重慶國民中學附設幼兒園,公立,112,已申報,2,3,全日班|半日班,14000.0,1350.0,2700.0,1800.0,6300.0,7200.0,0.0,0.0,200.0,33350.0,15350.0,13500.0,18000.0,33350.0
新北市立重慶國民中學附設幼兒園,公立,113,已申報,2,3,全日班|半日班,14000.0,1350.0,2700.0,1800.0,6300.0,7200.0,0.0,0.0,200.0,33350.0,15350.0,13500.0,18000.0,33350.0
新北市立重慶國民中學附設幼兒園,公立,114,已申報,2,3,全日班|半日班,14000.0,1350.0,2700.0,1800.0,6300.0,7200.0,0.0,0.0,200.0,33350.0,15350.0,13500.0,18000.0,33350.0
新北市立金山幼兒園,公立,109,已申報,2,3,全日班|半日班,12400.0,1350.0,2700.0,1800.0,6300.0,7200.0,,,,31750.0,13750.0,13500.0,18000.0,31750.0
新北市立金山幼兒園,公立,110,已申報,2,3,全日班|半日班,14000.0,1350.0,2700.0,1800.0,6300.0,7200.0,,,,33350.0,15350.0,13500.0,18000.0,33350.0
新北市立金山幼兒園,公立,111,已申報,2,3,全日班|半日班,14000.0,1350.0,2700.0,1800.0,6300.0,7200.0,,,,33350.0,15350.0,13500.0,18000.0,33350.0
新北市立金山幼兒園,公立,112,已申報,2,3,全日班|半日班,14000.0,1350.0,2700.0,1800.0,6300.0,7200.0,,,,33350.0,15350.0,13500.0,18000.0,33350.0
新北市立金山幼兒園,公立,113,已申報,2,3,全日班|半日班,14000.0,1350.0,2700.0,1800.0,6300.0,7200.0,,,,33350.0,15350.0,13500.0,18000.0,33350.0
新北市立金山幼兒園,公立,114,未申報或鏡像未收錄,0,0,,,,,,,,,,,,,,,
新北市立金山幼兒園中正中華分班,公立,109,已申報,2,4,全日班|半日班,12400.0,1350.0,2700.0,1800.0,6300.0,7200.0,,,,31750.0,13750.0,13500.0,18000.0,31750.0
新北市立金山幼兒園中正中華分班,公立,110,已申報,2,4,全日班|半日班,14000.0,1350.0,2700.0,1800.0,6300.0,7200.0,,,,33350.0,15350.0,13500.0,18000.0,33350.0
新北市立金山幼兒園中正中華分班,公立,111,已申報,2,4,全日班|半日班,14000.0,1350.0,2700.0,1800.0,6300.0,7200.0,,,,33350.0,15350.0,13500.0,18000.0,33350.0
新北市立金山幼兒園中正中華分班,公立,112,已申報,2,4,全日班|半日班,14000.0,1350.0,2700.0,1800.0,6300.0,7200.0,,,,33350.0,15350.0,13500.0,18000.0,33350.0
新北市立金山幼兒園中正中華分班,公立,113,已申報,2,4,全日班|半日班,14000.0,1350.0,2700.0,1800.0,6300.0,7200.0,,,,33350.0,15350.0,13500.0,18000.0,33350.0
新北市立金山幼兒園中正中華分班,公立,114,未申報或鏡像未收錄,0,0,,,,,,,,,,,,,,,
新北市立青山國民中小學附設幼兒園,公立,109,已申報,2,3,全日班,14000.0,1350.0,2700.0,1800.0,6300.0,7200.0,,,200.0,33350.0,15350.0,13500.0,18000.0,33350.0
新北市立青山國民中小學附設幼兒園,公立,110,已申報,2,3,全日班,14000.0,1350.0,2700.0,1800.0,6300.0,7200.0,,,200.0,33350.0,15350.0,13500.0,18000.0,33350.0
新北市立青山國民中小學附設幼兒園,公立,111,已申報,2,3,全日班,14000.0,1350.0,2700.0,1800.0,6300.0,7200.0,,,200.0,33350.0,15350.0,13500.0,18000.0,33350.0
新北市立青山國民中小學附設幼兒園,公立,112,已申報,2,3,全日班,14000.0,1350.0,2700.0,1800.0,6300.0,7200.0,,,200.0,33350.0,15350.0,13500.0,18000.0,33350.0
新北市立青山國民中小學附設幼兒園,公立,113,已申報,2,3,全日班,14000.0,1350.0,2700.0,1800.0,6300.0,7200.0,,,200.0,33350.0,15350.0,13500.0,18000.0,33350.0
新北市立青山國民中小學附設幼兒園,公立,114,已申報,2,3,全日班,14000.0,1350.0,2700.0,1800.0,6300.0,7200.0,,,200.0,33350.0,15350.0,13500.0,18000.0,33350.0
新北市立頭前國民中學附設幼兒園,公立,109,已申報,2,3,全日班,14000.0,1350.0,2700.0,1800.0,6300.0,7200.0,,,200.0,33350.0,15350.0,13500.0,18000.0,33350.0
新北市立頭前國民中學附設幼兒園,公立,110,已申報,2,3,全日班,14000.0,1350.0,2700.0,1800.0,6300.0,7200.0,,,200.0,33350.0,15350.0,13500.0,18000.0,33350.0
新北市立頭前國民中學附設幼兒園,公立,111,已申報,2,3,全日班,14000.0,1350.0,2700.0,1800.0,6300.0,7200.0,,,200.0,33350.0,15350.0,13500.0,18000.0,33350.0
新北市立頭前國民中學附設幼兒園,公立,112,已申報,2,3,全日班,14000.0,1350.0,2700.0,1800.0,6300.0,7200.0,,,200.0,33350.0,15350.0,13500.0,18000.0,33350.0
新北市立頭前國民中學附設幼兒園,公立,113,已申報,2,3,全日班,14000.0,1350.0,2700.0,1800.0,6300.0,7200.0,,,200.0,33350.0,15350.0,13500.0,18000.0,33350.0
新北市立頭前國民中學附設幼兒園,公立,114,已申報,2,3,全日班,14000.0,1350.0,2700.0,1800.0,6300.0,7200.0,,,200.0,33350.0,15350.0,13500.0,18000.0,33350.0
新北市立鳳鳴國民中學附設幼兒園,公立,109,已申報,2,3,全日班,14000.0,1350.0,2700.0,1800.0,6300.0,7200.0,,,433.33,33350.0,15350.0,13500.0,18000.0,33350.0
新北市立鳳鳴國民中學附設幼兒園,公立,110,已申報,2,3,全日班,14000.0,1350.0,2700.0,1800.0,6300.0,7200.0,,,200.0,33350.0,15350.0,13500.0,18000.0,33350.0
新北市立鳳鳴國民中學附設幼兒園,公立,111,已申報,2,3,全日班,14000.0,1350.0,2700.0,1800.0,6300.0,7200.0,,,200.0,33350.0,15350.0,13500.0,18000.0,33350.0
新北市立鳳鳴國民中學附設幼兒園,公立,112,已申報,2,4,全日班,14000.0,1350.0,2700.0,1800.0,6300.0,7200.0,,,200.0,33350.0,15350.0,13500.0,18000.0,33350.0
新北市立鳳鳴國民中學附設幼兒園,公立,113,已申報,2,4,全日班,14000.0,1350.0,2700.0,1800.0,6300.0,7200.0,,,200.0,33350.0,15350.0,13500.0,18000.0,33350.0
新北市立鳳鳴國民中學附設幼兒園,公立,114,已申報,2,4,全日班,14000.0,1350.0,2700.0,1800.0,6300.0,7200.0,,,200.0,33350.0,15350.0,13500.0,18000.0,33350.0
新北市立鶯歌國民中學附設幼兒園,公立,109,已申報,2,3,全日班,14000.0,1350.0,2700.0,1800.0,6300.0,7200.0,,,200.0,33350.0,15350.0,13500.0,18000.0,33350.0
新北市立鶯歌國民中學附設幼兒園,公立,110,已申報,2,3,全日班,14000.0,1350.0,2700.0,1800.0,6300.0,7200.0,,,200.0,33350.0,15350.0,13500.0,18000.0,33350.0
新北市立鶯歌國民中學附設幼兒園,公立,111,已申報,2,3,全日班,14000.0,1350.0,2700.0,1800.0,6300.0,7200.0,,,200.0,33350.0,15350.0,13500.0,18000.0,33350.0
新北市立鶯歌國民中學附設幼兒園,公立,112,已申報,2,4,全日班,14000.0,1350.0,2700.0,1800.0,6300.0,7200.0,,,200.0,33350.0,15350.0,13500.0,18000.0,33350.0
新北市立鶯歌國民中學附設幼兒園,公立,113,已申報,2,4,全日班,14000.0,1350.0,2700.0,1800.0,6300.0,7200.0,,,200.0,33350.0,15350.0,13500.0,18000.0,33350.0
新北市立鶯歌國民中學附設幼兒園,公立,114,已申報,2,4,全日班,14000.0,1350.0,2700.0,1800.0,6300.0,7200.0,,,200.0,33350.0,15350.0,13500.0,18000.0,33350.0
新北市立鶯歌幼兒園,公立,109,已申報,2,4,全日班|半日班,14000.0,1350.0,2700.0,1800.0,6300.0,7200.0,,,,33350.0,15350.0,13500.0,18000.0,33350.0
新北市立鶯歌幼兒園,公立,110,已申報,2,4,全日班|半日班,14000.0,1350.0,2700.0,1800.0,6300.0,7200.0,,,,33350.0,15350.0,13500.0,18000.0,33350.0
新北市立鶯歌幼兒園,公立,111,已申報,2,4,全日班|半日班,14000.0,1350.0,2700.0,1800.0,6300.0,7200.0,,,,33350.0,15350.0,13500.0,18000.0,33350.0
新北市立鶯歌幼兒園,公立,112,已申報,2,4,全日班|半日班,14000.0,1350.0,2700.0,1800.0,6300.0,7200.0,,,,33350.0,15350.0,13500.0,18000.0,33350.0
新北市立鶯歌幼兒園,公立,113,已申報,2,4,全日班|半日班,14000.0,1350.0,2700.0,1800.0,6300.0,7200.0,,,,33350.0,15350.0,13500.0,18000.0,33350.0
新北市立鶯歌幼兒園,公立,114,已申報,2,4,全日班|半日班,14000.0,1350.0,2700.0,1800.0,6300.0,7200.0,,,,33350.0,15350.0,13500.0,18000.0,33350.0
新北市翠中非營利幼兒園(委託財團法人三之三生命教育基金會辦理),非營利,109,未申報或鏡像未收錄,0,0,,,,,,,,,,,,,,,
新北市翠中非營利幼兒園(委託財團法人三之三生命教育基金會辦理),非營利,110,未申報或鏡像未收錄,0,0,,,,,,,,,,,,,,,
新北市翠中非營利幼兒園(委託財團法人三之三生命教育基金會辦理),非營利,111,未申報或鏡像未收錄,0,0,,,,,,,,,,,,,,,
新北市翠中非營利幼兒園(委託財團法人三之三生命教育基金會辦理),非營利,112,未申報或鏡像未收錄,0,0,,,,,,,,,,,,,,,
新北市翠中非營利幼兒園(委託財團法人三之三生命教育基金會辦理),非營利,113,未申報或鏡像未收錄,0,0,,,,,,,,,,,,,,,
新北市翠中非營利幼兒園(委託財團法人三之三生命教育基金會辦理),非營利,114,未申報或鏡像未收錄,0,0,,,,,,,,,,,,,,,
新北市育平非營利幼兒園（委託財團法人彭婉如文教基金會辦理）,非營利,109,未申報或鏡像未收錄,0,0,,,,,,,,,,,,,,,
新北市育平非營利幼兒園（委託財團法人彭婉如文教基金會辦理）,非營利,110,已申報,2,4,全日班,,,,,,,,,,111246.0,,,,
新北市育平非營利幼兒園（委託財團法人彭婉如文教基金會辦理）,非營利,111,未申報或鏡像未收錄,0,0,,,,,,,,,,,,,,,
新北市育平非營利幼兒園（委託財團法人彭婉如文教基金會辦理）,非營利,112,未申報或鏡像未收錄,0,0,,,,,,,,,,,,,,,
新北市育平非營利幼兒園（委託財團法人彭婉如文教基金會辦理）,非營利,113,未申報或鏡像未收錄,0,0,,,,,,,,,,,,,,,
新北市育平非營利幼兒園（委託財團法人彭婉如文教基金會辦理）,非營利,114,未申報或鏡像未收錄,0,0,,,,,,,,,,,,,,,
新北市菁湖非營利幼兒園(委託財團法人三之三生命教育基金會辦理),非營利,109,已申報,2,4,全日班,,,,,,,,,,101040.0,,,,
新北市菁湖非營利幼兒園(委託財團法人三之三生命教育基金會辦理),非營利,110,已申報,2,4,全日班,,,,,,,,,,101040.0,,,,
新北市菁湖非營利幼兒園(委託財團法人三之三生命教育基金會辦理),非營利,111,未申報或鏡像未收錄,0,0,,,,,,,,,,,,,,,
新北市菁湖非營利幼兒園(委託財團法人三之三生命教育基金會辦理),非營利,112,未申報或鏡像未收錄,0,0,,,,,,,,,,,,,,,
新北市菁湖非營利幼兒園(委託財團法人三之三生命教育基金會辦理),非營利,113,未申報或鏡像未收錄,0,0,,,,,,,,,,,,,,,
新北市菁湖非營利幼兒園(委託財團法人三之三生命教育基金會辦理),非營利,114,未申報或鏡像未收錄,0,0,,,,,,,,,,,,,,,
新北市萬里區大坪國民小學附設幼兒園,公立,109,已申報,2,3,全日班,14000.0,1350.0,2700.0,1800.0,6300.0,7200.0,,,200.0,33350.0,15350.0,13500.0,18000.0,33350.0
新北市萬里區大坪國民小學附設幼兒園,公立,110,已申報,2,3,全日班,14000.0,1350.0,2700.0,1800.0,6300.0,7200.0,,,200.0,33350.0,15350.0,13500.0,18000.0,33350.0
新北市萬里區大坪國民小學附設幼兒園,公立,111,已申報,2,3,全日班,14000.0,1350.0,2700.0,1800.0,6300.0,7200.0,,,200.0,33350.0,15350.0,13500.0,18000.0,33350.0
新北市萬里區大坪國民小學附設幼兒園,公立,112,已申報,2,3,全日班,14000.0,1350.0,2700.0,1800.0,6300.0,7200.0,,,200.0,33350.0,15350.0,13500.0,18000.0,33350.0
新北市萬里區大坪國民小學附設幼兒園,公立,113,已申報,2,3,全日班,14000.0,1350.0,2700.0,1800.0,6300.0,7200.0,,,200.0,33350.0,15350.0,13500.0,18000.0,33350.0
新北市萬里區大坪國民小學附設幼兒園,公立,114,已申報,2,3,全日班,14000.0,1350.0,2700.0,1800.0,6300.0,7200.0,,,200.0,33350.0,15350.0,13500.0,18000.0,33350.0
新北市萬里區大鵬國民小學附設幼兒園,公立,109,已申報,2,3,全日班,14000.0,1350.0,2700.0,1800.0,6300.0,7200.0,,,200.0,33350.0,15350.0,13500.0,18000.0,33350.0
新北市萬里區大鵬國民小學附設幼兒園,公立,110,已申報,2,3,全日班|半日班,14000.0,1350.0,2700.0,1800.0,6300.0,7200.0,0.0,0.0,200.0,33350.0,15350.0,13500.0,18000.0,33350.0
新北市萬里區大鵬國民小學附設幼兒園,公立,111,已申報,2,3,全日班|半日班,14000.0,1350.0,2700.0,1800.0,6300.0,7200.0,0.0,0.0,200.0,33350.0,15350.0,13500.0,18000.0,33350.0
新北市萬里區大鵬國民小學附設幼兒園,公立,112,已申報,2,3,全日班|半日班,14000.0,1350.0,2700.0,1800.0,6300.0,7200.0,0.0,0.0,200.0,33350.0,15350.0,13500.0,18000.0,33350.0
新北市萬里區大鵬國民小學附設幼兒園,公立,113,已申報,2,3,全日班|半日班,14000.0,1350.0,2700.0,1800.0,6300.0,7200.0,0.0,0.0,200.0,33350.0,15350.0,13500.0,18000.0,33350.0
新北市萬里區大鵬國民小學附設幼兒園,公立,114,已申報,2,3,全日班|半日班,14000.0,1350.0,2700.0,1800.0,6300.0,7200.0,0.0,0.0,200.0,33350.0,15350.0,13500.0,18000.0,33350.0
新北市萬里區萬里國民小學附設幼兒園,公立,109,已申報,2,4,全日班,14000.0,1350.0,2700.0,1800.0,6300.0,7200.0,,,200.0,33350.0,15350.0,13500.0,18000.0,33350.0
新北市萬里區萬里國民小學附設幼兒園,公立,110,已申報,2,4,全日班,14000.0,1350.0,2700.0,1800.0,6300.0,7200.0,,,200.0,33350.0,15350.0,13500.0,18000.0,33350.0
新北市萬里區萬里國民小學附設幼兒園,公立,111,已申報,2,4,全日班,14000.0,1350.0,2700.0,1800.0,6300.0,7200.0,,,200.0,33350.0,15350.0,13500.0,18000.0,33350.0
新北市萬里區萬里國民小學附設幼兒園,公立,112,已申報,2,4,全日班,14000.0,1350.0,2700.0,1800.0,6300.0,7200.0,,,200.0,33350.0,15350.0,13500.0,18000.0,33350.0
新北市萬里區萬里國民小學附設幼兒園,公立,113,已申報,2,4,全日班,14000.0,1350.0,2700.0,1800.0,6300.0,7200.0,,,200.0,33350.0,15350.0,13500.0,18000.0,33350.0
新北市萬里區萬里國民小學附設幼兒園,公立,114,已申報,2,4,全日班,14000.0,1350.0,2700.0,1800.0,6300.0,7200.0,,,200.0,33350.0,15350.0,13500.0,18000.0,33350.0
新北市萬里區野柳國民小學附設幼兒園,公立,109,已申報,2,3,全日班,14000.0,1350.0,2700.0,1800.0,6300.0,7200.0,,,200.0,33350.0,15350.0,13500.0,18000.0,33350.0
新北市萬里區野柳國民小學附設幼兒園,公立,110,已申報,2,3,全日班,14000.0,1350.0,2700.0,1800.0,6300.0,7200.0,,,200.0,33350.0,15350.0,13500.0,18000.0,33350.0
新北市萬里區野柳國民小學附設幼兒園,公立,111,已申報,2,3,全日班,14000.0,1350.0,2700.0,1800.0,6300.0,7200.0,,,200.0,33350.0,15350.0,13500.0,18000.0,33350.0
新北市萬里區野柳國民小學附設幼兒園,公立,112,已申報,2,3,全日班,14000.0,1350.0,2700.0,1800.0,6300.0,7200.0,,,200.0,33350.0,15350.0,13500.0,18000.0,33350.0
新北市萬里區野柳國民小學附設幼兒園,公立,113,已申報,2,3,全日班,14000.0,1350.0,2700.0,1800.0,6300.0,7200.0,,,200.0,33350.0,15350.0,13500.0,18000.0,33350.0
新北市萬里區野柳國民小學附設幼兒園,公立,114,已申報,2,3,全日班,14000.0,1350.0,2700.0,1800.0,6300.0,7200.0,,,200.0,33350.0,15350.0,13500.0,18000.0,33350.0
新北市蘆洲區仁愛國民小學附設幼兒園,公立,109,已申報,2,4,全日班,14000.0,1350.0,2700.0,1800.0,6300.0,7200.0,,,200.0,33350.0,15350.0,13500.0,18000.0,33350.0
新北市蘆洲區仁愛國民小學附設幼兒園,公立,110,已申報,2,4,全日班,14000.0,1350.0,2700.0,1800.0,6300.0,7200.0,,,200.0,33350.0,15350.0,13500.0,18000.0,33350.0
新北市蘆洲區仁愛國民小學附設幼兒園,公立,111,已申報,2,4,全日班,14000.0,1350.0,2700.0,1800.0,6300.0,7200.0,,,200.0,33350.0,15350.0,13500.0,18000.0,33350.0
新北市蘆洲區仁愛國民小學附設幼兒園,公立,112,已申報,2,4,全日班,14000.0,1350.0,2700.0,1800.0,6300.0,7200.0,,,200.0,33350.0,15350.0,13500.0,18000.0,33350.0
新北市蘆洲區仁愛國民小學附設幼兒園,公立,113,已申報,2,4,全日班,14000.0,1350.0,2700.0,1800.0,6300.0,7200.0,,,200.0,33350.0,15350.0,13500.0,18000.0,33350.0
新北市蘆洲區仁愛國民小學附設幼兒園,公立,114,已申報,2,4,全日班,14000.0,1350.0,2700.0,1800.0,6300.0,7200.0,,,200.0,33350.0,15350.0,13500.0,18000.0,33350.0
新北市蘆洲區忠義國民小學附設幼兒園,公立,109,已申報,2,3,全日班,14000.0,1350.0,2700.0,1800.0,6300.0,7200.0,,,200.0,33350.0,15350.0,13500.0,18000.0,33350.0
新北市蘆洲區忠義國民小學附設幼兒園,公立,110,已申報,2,3,全日班|半日班,14000.0,1350.0,2700.0,1800.0,6300.0,7200.0,,,200.0,33350.0,15350.0,13500.0,18000.0,33350.0
新北市蘆洲區忠義國民小學附設幼兒園,公立,111,已申報,2,3,全日班|半日班,14000.0,1350.0,2700.0,1800.0,6300.0,7200.0,,,200.0,33350.0,15350.0,13500.0,18000.0,33350.0
新北市蘆洲區忠義國民小學附設幼兒園,公立,112,已申報,2,3,全日班|半日班,14000.0,1350.0,2700.0,1800.0,6300.0,7200.0,,,200.0,33350.0,15350.0,13500.0,18000.0,33350.0
新北市蘆洲區忠義國民小學附設幼兒園,公立,113,已申報,2,3,全日班|半日班,14000.0,1350.0,2700.0,1800.0,6300.0,7200.0,,,200.0,33350.0,15350.0,13500.0,18000.0,33350.0
新北市蘆洲區忠義國民小學附設幼兒園,公立,114,已申報,2,3,全日班|半日班,14000.0,1350.0,2700.0,1800.0,6300.0,7200.0,,,200.0,33350.0,15350.0,13500.0,18000.0,33350.0
新北市蘆洲區成功國民小學附設幼兒園,公立,109,已申報,2,4,全日班,14000.0,1350.0,2700.0,1800.0,6300.0,7200.0,,,200.0,33350.0,15350.0,13500.0,18000.0,33350.0
新北市蘆洲區成功國民小學附設幼兒園,公立,110,已申報,2,4,全日班,14000.0,1350.0,2700.0,1800.0,6300.0,7200.0,,,200.0,33350.0,15350.0,13500.0,18000.0,33350.0
新北市蘆洲區成功國民小學附設幼兒園,公立,111,已申報,2,4,全日班,14000.0,1350.0,2700.0,1800.0,6300.0,7200.0,,,200.0,33350.0,15350.0,13500.0,18000.0,33350.0
新北市蘆洲區成功國民小學附設幼兒園,公立,112,已申報,2,4,全日班,14000.0,1350.0,2700.0,1800.0,6300.0,7200.0,,,200.0,33350.0,15350.0,13500.0,18000.0,33350.0
新北市蘆洲區成功國民小學附設幼兒園,公立,113,已申報,2,4,全日班,14000.0,1350.0,2700.0,1800.0,6300.0,7200.0,,,200.0,33350.0,15350.0,13500.0,18000.0,33350.0
新北市蘆洲區成功國民小學附設幼兒園,公立,114,已申報,2,4,全日班,14000.0,1350.0,2700.0,1800.0,6300.0,7200.0,,,200.0,33350.0,15350.0,13500.0,18000.0,33350.0
新北市蘆洲區蘆洲國民小學附設幼兒園,公立,109,已申報,2,4,全日班,14000.0,1350.0,2700.0,1800.0,6300.0,7200.0,,,200.0,33350.0,15350.0,13500.0,18000.0,33350.0
新北市蘆洲區蘆洲國民小學附設幼兒園,公立,110,已申報,2,4,全日班,14000.0,1350.0,2700.0,1800.0,6300.0,7200.0,,,200.0,33350.0,15350.0,13500.0,18000.0,33350.0
新北市蘆洲區蘆洲國民小學附設幼兒園,公立,111,已申報,2,4,全日班,14000.0,1350.0,2700.0,1800.0,6300.0,7200.0,,,200.0,33350.0,15350.0,13500.0,18000.0,33350.0
新北市蘆洲區蘆洲國民小學附設幼兒園,公立,112,已申報,2,4,全日班,14000.0,1350.0,2700.0,1800.0,6300.0,7200.0,,,200.0,33350.0,15350.0,13500.0,18000.0,33350.0
新北市蘆洲區蘆洲國民小學附設幼兒園,公立,113,已申報,2,4,全日班,14000.0,1350.0,2700.0,1800.0,6300.0,7200.0,,,200.0,33350.0,15350.0,13500.0,18000.0,33350.0
新北市蘆洲區蘆洲國民小學附設幼兒園,公立,114,已申報,2,4,全日班,14000.0,1350.0,2700.0,1800.0,6300.0,7200.0,,,200.0,33350.0,15350.0,13500.0,18000.0,33350.0
新北市蘆洲區鷺江國民小學附設幼兒園,公立,109,已申報,2,4,全日班,14000.0,1350.0,2700.0,1800.0,6300.0,7200.0,,,150.0,33350.0,15350.0,13500.0,18000.0,33350.0
新北市蘆洲區鷺江國民小學附設幼兒園,公立,110,已申報,2,4,全日班,14000.0,1350.0,2700.0,1800.0,6300.0,7200.0,,22275.0,200.0,33350.0,15350.0,13500.0,18000.0,33350.0
新北市蘆洲區鷺江國民小學附設幼兒園,公立,111,已申報,2,4,全日班,14000.0,1350.0,2700.0,1800.0,6300.0,7200.0,,22275.0,200.0,33350.0,15350.0,13500.0,18000.0,33350.0
新北市蘆洲區鷺江國民小學附設幼兒園,公立,112,已申報,2,4,全日班,14000.0,1350.0,2700.0,1800.0,6300.0,7200.0,,22275.0,200.0,33350.0,15350.0,13500.0,18000.0,33350.0
新北市蘆洲區鷺江國民小學附設幼兒園,公立,113,已申報,2,4,全日班,14000.0,1350.0,2700.0,1800.0,6300.0,7200.0,,22275.0,200.0,33350.0,15350.0,13500.0,18000.0,33350.0
新北市蘆洲區鷺江國民小學附設幼兒園,公立,114,已申報,2,4,全日班,14000.0,1350.0,2700.0,1800.0,6300.0,7200.0,,22275.0,200.0,33350.0,15350.0,13500.0,18000.0,33350.0
新北市貢寮區和美國民小學附設幼兒園,公立,109,已申報,2,3,全日班,14000.0,1350.0,2700.0,1800.0,6300.0,7200.0,,,200.0,33350.0,15350.0,13500.0,18000.0,33350.0
新北市貢寮區和美國民小學附設幼兒園,公立,110,已申報,2,3,全日班,14000.0,1350.0,2700.0,1800.0,6300.0,7200.0,,,200.0,33350.0,15350.0,13500.0,18000.0,33350.0
新北市貢寮區和美國民小學附設幼兒園,公立,111,已申報,2,3,全日班,14000.0,1350.0,2700.0,1800.0,6300.0,7200.0,,,200.0,33350.0,15350.0,13500.0,18000.0,33350.0
新北市貢寮區和美國民小學附設幼兒園,公立,112,已申報,2,3,全日班,14000.0,1350.0,2700.0,1800.0,6300.0,7200.0,,,200.0,33350.0,15350.0,13500.0,18000.0,33350.0
新北市貢寮區和美國民小學附設幼兒園,公立,113,已申報,2,3,全日班,14000.0,1350.0,2700.0,1800.0,6300.0,7200.0,,,200.0,33350.0,15350.0,13500.0,18000.0,33350.0
新北市貢寮區和美國民小學附設幼兒園,公立,114,已申報,2,3,全日班,14000.0,1350.0,2700.0,1800.0,6300.0,7200.0,,,200.0,33350.0,15350.0,13500.0,18000.0,33350.0
新北市貢寮區澳底國民小學附設幼兒園,公立,109,已申報,2,4,全日班,14000.0,1350.0,2700.0,1800.0,6300.0,7200.0,,,200.0,33350.0,15350.0,13500.0,18000.0,33350.0
新北市貢寮區澳底國民小學附設幼兒園,公立,110,已申報,2,4,全日班,14000.0,1350.0,2700.0,1800.0,6300.0,7200.0,,,200.0,33350.0,15350.0,13500.0,18000.0,33350.0
新北市貢寮區澳底國民小學附設幼兒園,公立,111,已申報,2,4,全日班,14000.0,1350.0,2700.0,1800.0,6300.0,7200.0,,,200.0,33350.0,15350.0,13500.0,18000.0,33350.0
新北市貢寮區澳底國民小學附設幼兒園,公立,112,已申報,2,4,全日班,14000.0,1350.0,2700.0,1800.0,6300.0,7200.0,,,200.0,33350.0,15350.0,13500.0,18000.0,33350.0
新北市貢寮區澳底國民小學附設幼兒園,公立,113,已申報,2,4,全日班,14000.0,1350.0,2700.0,1800.0,6300.0,7200.0,,,200.0,33350.0,15350.0,13500.0,18000.0,33350.0
新北市貢寮區澳底國民小學附設幼兒園,公立,114,已申報,2,4,全日班,14000.0,1350.0,2700.0,1800.0,6300.0,7200.0,,,200.0,33350.0,15350.0,13500.0,18000.0,33350.0
新北市貢寮區福隆國民小學附設幼兒園,公立,109,已申報,2,3,全日班|半日班,14000.0,1350.0,2700.0,1800.0,6300.0,7200.0,,,200.0,33350.0,15350.0,13500.0,18000.0,33350.0
新北市貢寮區福隆國民小學附設幼兒園,公立,110,已申報,2,3,全日班|半日班,14000.0,1350.0,2700.0,1800.0,6300.0,7200.0,,,200.0,33350.0,15350.0,13500.0,18000.0,33350.0
新北市貢寮區福隆國民小學附設幼兒園,公立,111,已申報,2,3,全日班|半日班,14000.0,1350.0,2700.0,1800.0,6300.0,7200.0,,,200.0,33350.0,15350.0,13500.0,18000.0,33350.0
新北市貢寮區福隆國民小學附設幼兒園,公立,112,已申報,2,3,全日班|半日班,14000.0,1350.0,2700.0,1800.0,6300.0,7200.0,,,200.0,33350.0,15350.0,13500.0,18000.0,33350.0
新北市貢寮區福隆國民小學附設幼兒園,公立,113,已申報,2,4,全日班|半日班,14000.0,1350.0,2700.0,1800.0,6300.0,7200.0,,,200.0,33350.0,15350.0,13500.0,18000.0,33350.0
新北市貢寮區福隆國民小學附設幼兒園,公立,114,已申報,2,4,全日班|半日班,14000.0,1350.0,2700.0,1800.0,6300.0,7200.0,,,200.0,33350.0,15350.0,13500.0,18000.0,33350.0
新北市貢寮區貢寮國民小學附設幼兒園,公立,109,已申報,2,4,全日班,14000.0,1350.0,2700.0,1800.0,6300.0,7200.0,,,200.0,33350.0,15350.0,13500.0,18000.0,33350.0
新北市貢寮區貢寮國民小學附設幼兒園,公立,110,已申報,2,4,全日班,14000.0,1350.0,2700.0,1800.0,6300.0,7200.0,,,200.0,33350.0,15350.0,13500.0,18000.0,33350.0
新北市貢寮區貢寮國民小學附設幼兒園,公立,111,已申報,2,4,全日班,14000.0,1350.0,2700.0,1800.0,6300.0,7200.0,,,200.0,33350.0,15350.0,13500.0,18000.0,33350.0
新北市貢寮區貢寮國民小學附設幼兒園,公立,112,已申報,2,4,全日班,14000.0,1350.0,2700.0,1800.0,6300.0,7200.0,,,200.0,33350.0,15350.0,13500.0,18000.0,33350.0
新北市貢寮區貢寮國民小學附設幼兒園,公立,113,已申報,2,4,全日班,14000.0,1350.0,2700.0,1800.0,6300.0,7200.0,,,200.0,33350.0,15350.0,13500.0,18000.0,33350.0
新北市貢寮區貢寮國民小學附設幼兒園,公立,114,已申報,2,4,全日班,14000.0,1350.0,2700.0,1800.0,6300.0,7200.0,,,200.0,33350.0,15350.0,13500.0,18000.0,33350.0
新北市貢寮區貢寮國民小學附設幼兒園龍門分班,公立,109,已申報,2,4,全日班,14000.0,1350.0,2700.0,1800.0,6300.0,7200.0,,,200.0,33350.0,15350.0,13500.0,18000.0,33350.0
新北市貢寮區貢寮國民小學附設幼兒園龍門分班,公立,110,已申報,2,4,全日班,14000.0,1350.0,2700.0,1800.0,6300.0,7200.0,,,200.0,33350.0,15350.0,13500.0,18000.0,33350.0
新北市貢寮區貢寮國民小學附設幼兒園龍門分班,公立,111,已申報,2,4,全日班,14000.0,1350.0,2700.0,1800.0,6300.0,7200.0,,,200.0,33350.0,15350.0,13500.0,18000.0,33350.0
新北市貢寮區貢寮國民小學附設幼兒園龍門分班,公立,112,已申報,2,4,全日班,14000.0,1350.0,2700.0,1800.0,6300.0,7200.0,,,200.0,33350.0,15350.0,13500.0,18000.0,33350.0
新北市貢寮區貢寮國民小學附設幼兒園龍門分班,公立,113,已申報,2,4,全日班,14000.0,1350.0,2700.0,1800.0,6300.0,7200.0,,,200.0,33350.0,15350.0,13500.0,18000.0,33350.0
新北市貢寮區貢寮國民小學附設幼兒園龍門分班,公立,114,已申報,2,4,全日班,14000.0,1350.0,2700.0,1800.0,6300.0,7200.0,,,200.0,33350.0,15350.0,13500.0,18000.0,33350.0
新北市金山區三和國民小學附設幼兒園,公立,109,已申報,2,3,全日班,14000.0,1350.0,2700.0,1800.0,6300.0,7200.0,,,200.0,33350.0,15350.0,13500.0,18000.0,33350.0
新北市金山區三和國民小學附設幼兒園,公立,110,已申報,2,3,全日班,14000.0,1350.0,2700.0,1800.0,6300.0,7200.0,,,200.0,33350.0,15350.0,13500.0,18000.0,33350.0
新北市金山區三和國民小學附設幼兒園,公立,111,已申報,2,3,全日班,14000.0,1350.0,2700.0,1800.0,6300.0,7200.0,,,200.0,33350.0,15350.0,13500.0,18000.0,33350.0
新北市金山區三和國民小學附設幼兒園,公立,112,已申報,2,3,全日班,14000.0,1350.0,2700.0,1800.0,6300.0,7200.0,,,200.0,33350.0,15350.0,13500.0,18000.0,33350.0
新北市金山區三和國民小學附設幼兒園,公立,113,已申報,2,3,全日班,14000.0,1350.0,2700.0,1800.0,6300.0,7200.0,,,200.0,33350.0,15350.0,13500.0,18000.0,33350.0
新北市金山區三和國民小學附設幼兒園,公立,114,已申報,2,3,全日班,14000.0,1350.0,2700.0,1800.0,6300.0,7200.0,,,200.0,33350.0,15350.0,13500.0,18000.0,33350.0
新北市金山區中角國民小學附設幼兒園,公立,109,已申報,2,3,全日班,14000.0,1350.0,2700.0,1800.0,6300.0,7200.0,,,200.0,33350.0,15350.0,13500.0,18000.0,33350.0
新北市金山區中角國民小學附設幼兒園,公立,110,已申報,2,3,全日班,14000.0,1350.0,2700.0,1800.0,6300.0,7200.0,,,200.0,33350.0,15350.0,13500.0,18000.0,33350.0
新北市金山區中角國民小學附設幼兒園,公立,111,已申報,2,3,全日班,14000.0,1350.0,2700.0,1800.0,6300.0,7200.0,,,200.0,33350.0,15350.0,13500.0,18000.0,33350.0
新北市金山區中角國民小學附設幼兒園,公立,112,已申報,2,3,全日班,14000.0,1350.0,2700.0,1800.0,6300.0,7200.0,,,200.0,33350.0,15350.0,13500.0,18000.0,33350.0
新北市金山區中角國民小學附設幼兒園,公立,113,已申報,2,3,全日班,14000.0,1350.0,2700.0,1800.0,6300.0,7200.0,,,200.0,33350.0,15350.0,13500.0,18000.0,33350.0
新北市金山區中角國民小學附設幼兒園,公立,114,已申報,2,3,全日班,14000.0,1350.0,2700.0,1800.0,6300.0,7200.0,,,200.0,33350.0,15350.0,13500.0,18000.0,33350.0
新北市金山區金山國民小學附設幼兒園,公立,109,已申報,2,3,全日班,14000.0,1350.0,2700.0,1800.0,6300.0,7200.0,,,200.0,33350.0,15350.0,13500.0,18000.0,33350.0
新北市金山區金山國民小學附設幼兒園,公立,110,已申報,2,3,全日班,14000.0,1350.0,2700.0,1800.0,6300.0,7200.0,,,200.0,33350.0,15350.0,13500.0,18000.0,33350.0
新北市金山區金山國民小學附設幼兒園,公立,111,已申報,2,3,全日班,14000.0,1350.0,2700.0,1800.0,6300.0,7200.0,,,200.0,33350.0,15350.0,13500.0,18000.0,33350.0
新北市金山區金山國民小學附設幼兒園,公立,112,已申報,2,3,全日班,14000.0,1350.0,2700.0,1800.0,6300.0,7200.0,,,200.0,33350.0,15350.0,13500.0,18000.0,33350.0
新北市金山區金山國民小學附設幼兒園,公立,113,已申報,2,4,全日班,14000.0,1350.0,2700.0,1800.0,6300.0,7200.0,,,200.0,33350.0,15350.0,13500.0,18000.0,33350.0
新北市金山區金山國民小學附設幼兒園,公立,114,已申報,2,4,全日班,14000.0,1350.0,2700.0,1800.0,6300.0,7200.0,,,200.0,33350.0,15350.0,13500.0,18000.0,33350.0
新北市金山區金山國民小學附設幼兒園美田分班,公立,109,未申報或鏡像未收錄,0,0,,,,,,,,,,,,,,,
新北市金山區金山國民小學附設幼兒園美田分班,公立,110,未申報或鏡像未收錄,0,0,,,,,,,,,,,,,,,
新北市金山區金山國民小學附設幼兒園美田分班,公立,111,未申報或鏡像未收錄,0,0,,,,,,,,,,,,,,,
新北市金山區金山國民小學附設幼兒園美田分班,公立,112,未申報或鏡像未收錄,0,0,,,,,,,,,,,,,,,
新北市金山區金山國民小學附設幼兒園美田分班,公立,113,已申報,2,3,全日班,14000.0,1350.0,2700.0,1800.0,6300.0,7200.0,,,200.0,33350.0,15350.0,13500.0,18000.0,33350.0
新北市金山區金山國民小學附設幼兒園美田分班,公立,114,已申報,2,3,全日班,14000.0,1350.0,2700.0,1800.0,6300.0,7200.0,,,200.0,33350.0,15350.0,13500.0,18000.0,33350.0
新北市金山區金美國民小學附設幼兒園,公立,109,已申報,2,4,全日班|半日班,14000.0,1350.0,2700.0,1800.0,6300.0,7200.0,,,200.0,33350.0,15350.0,13500.0,18000.0,33350.0
新北市金山區金美國民小學附設幼兒園,公立,110,已申報,2,4,全日班|半日班,14000.0,1350.0,2700.0,1800.0,6300.0,7200.0,,,200.0,33350.0,15350.0,13500.0,18000.0,33350.0
新北市金山區金美國民小學附設幼兒園,公立,111,已申報,2,4,全日班|半日班,14000.0,1350.0,2700.0,1800.0,6300.0,7200.0,,,200.0,33350.0,15350.0,13500.0,18000.0,33350.0
新北市金山區金美國民小學附設幼兒園,公立,112,已申報,2,4,全日班|半日班,14000.0,1350.0,2700.0,1800.0,6300.0,7200.0,,,200.0,33350.0,15350.0,13500.0,18000.0,33350.0
新北市金山區金美國民小學附設幼兒園,公立,113,已申報,2,4,全日班|半日班,14000.0,1350.0,2700.0,1800.0,6300.0,7200.0,,,200.0,33350.0,15350.0,13500.0,18000.0,33350.0
新北市金山區金美國民小學附設幼兒園,公立,114,已申報,2,4,全日班|半日班,14000.0,1350.0,2700.0,1800.0,6300.0,7200.0,,,200.0,33350.0,15350.0,13500.0,18000.0,33350.0
新北市雙溪區上林國民小學附設幼兒園,公立,109,已申報,2,4,全日班,14000.0,1350.0,2700.0,1800.0,6300.0,7200.0,,,200.0,33350.0,15350.0,13500.0,18000.0,33350.0
新北市雙溪區上林國民小學附設幼兒園,公立,110,已申報,2,4,全日班,14000.0,1350.0,2700.0,1800.0,6300.0,7200.0,,,200.0,33350.0,15350.0,13500.0,18000.0,33350.0
新北市雙溪區上林國民小學附設幼兒園,公立,111,已申報,2,4,全日班,14000.0,1350.0,2700.0,1800.0,6300.0,7200.0,,,200.0,33350.0,15350.0,13500.0,18000.0,33350.0
新北市雙溪區上林國民小學附設幼兒園,公立,112,已申報,2,4,全日班,14000.0,1350.0,2700.0,1800.0,6300.0,7200.0,,,200.0,33350.0,15350.0,13500.0,18000.0,33350.0
新北市雙溪區上林國民小學附設幼兒園,公立,113,已申報,2,4,全日班,14000.0,1350.0,2700.0,1800.0,6300.0,7200.0,,,200.0,33350.0,15350.0,13500.0,18000.0,33350.0
新北市雙溪區上林國民小學附設幼兒園,公立,114,已申報,2,4,全日班,14000.0,1350.0,2700.0,1800.0,6300.0,7200.0,,,200.0,33350.0,15350.0,13500.0,18000.0,33350.0
新北市雙溪區牡丹國民小學附設幼兒園,公立,109,已申報,2,4,全日班,14000.0,1350.0,2700.0,1800.0,6300.0,7200.0,,,200.0,33350.0,15350.0,13500.0,18000.0,33350.0
新北市雙溪區牡丹國民小學附設幼兒園,公立,110,已申報,2,4,全日班,14000.0,1350.0,2700.0,1800.0,6300.0,7200.0,,,200.0,33350.0,15350.0,13500.0,18000.0,33350.0
新北市雙溪區牡丹國民小學附設幼兒園,公立,111,已申報,2,4,全日班,14000.0,1350.0,2700.0,1800.0,6300.0,7200.0,,,200.0,33350.0,15350.0,13500.0,18000.0,33350.0
新北市雙溪區牡丹國民小學附設幼兒園,公立,112,已申報,2,4,全日班,14000.0,1350.0,2700.0,1800.0,6300.0,7200.0,,,200.0,33350.0,15350.0,13500.0,18000.0,33350.0
新北市雙溪區牡丹國民小學附設幼兒園,公立,113,已申報,2,4,全日班,14000.0,1350.0,2700.0,1800.0,6300.0,7200.0,,,200.0,33350.0,15350.0,13500.0,18000.0,33350.0
新北市雙溪區牡丹國民小學附設幼兒園,公立,114,已申報,2,4,全日班,14000.0,1350.0,2700.0,1800.0,6300.0,7200.0,,,200.0,33350.0,15350.0,13500.0,18000.0,33350.0
新北市雙溪區雙溪國民小學附設幼兒園,公立,109,已申報,2,4,全日班,14000.0,1350.0,2700.0,1800.0,6300.0,7200.0,,,200.0,33350.0,15350.0,13500.0,18000.0,33350.0
新北市雙溪區雙溪國民小學附設幼兒園,公立,110,已申報,2,4,全日班,14000.0,1350.0,2700.0,1800.0,6300.0,7200.0,,,200.0,33350.0,15350.0,13500.0,18000.0,33350.0
新北市雙溪區雙溪國民小學附設幼兒園,公立,111,已申報,2,4,全日班,14000.0,1350.0,2700.0,1800.0,6300.0,7200.0,,,200.0,33350.0,15350.0,13500.0,18000.0,33350.0
新北市雙溪區雙溪國民小學附設幼兒園,公立,112,已申報,2,4,全日班,14000.0,1350.0,2700.0,1800.0,6300.0,7200.0,,,200.0,33350.0,15350.0,13500.0,18000.0,33350.0
新北市雙溪區雙溪國民小學附設幼兒園,公立,113,已申報,2,4,全日班,14000.0,1350.0,2700.0,1800.0,6300.0,7200.0,,,200.0,33350.0,15350.0,13500.0,18000.0,33350.0
新北市雙溪區雙溪國民小學附設幼兒園,公立,114,已申報,2,4,全日班,14000.0,1350.0,2700.0,1800.0,6300.0,7200.0,,,200.0,33350.0,15350.0,13500.0,18000.0,33350.0
新北市鶯歌區中湖國民小學附設幼兒園,公立,109,已申報,2,3,全日班,14000.0,1350.0,2700.0,1800.0,6300.0,7200.0,,,200.0,33350.0,15350.0,13500.0,18000.0,33350.0
新北市鶯歌區中湖國民小學附設幼兒園,公立,110,已申報,2,3,全日班,14000.0,1350.0,2700.0,1800.0,6300.0,7200.0,,,200.0,33350.0,15350.0,13500.0,18000.0,33350.0
新北市鶯歌區中湖國民小學附設幼兒園,公立,111,已申報,2,4,全日班,14000.0,1350.0,2700.0,1800.0,6300.0,7200.0,,,200.0,33350.0,15350.0,13500.0,18000.0,33350.0
新北市鶯歌區中湖國民小學附設幼兒園,公立,112,已申報,2,4,全日班,14000.0,1350.0,2700.0,1800.0,6300.0,7200.0,,,200.0,33350.0,15350.0,13500.0,18000.0,33350.0
新北市鶯歌區中湖國民小學附設幼兒園,公立,113,已申報,2,4,全日班,14000.0,1350.0,2700.0,1800.0,6300.0,7200.0,,,200.0,33350.0,15350.0,13500.0,18000.0,33350.0
新北市鶯歌區中湖國民小學附設幼兒園,公立,114,已申報,2,4,全日班,14000.0,1350.0,2700.0,1800.0,6300.0,7200.0,,,200.0,33350.0,15350.0,13500.0,18000.0,33350.0
新北市鶯歌區二橋國民小學附設幼兒園,公立,109,已申報,2,3,全日班,14000.0,1350.0,2700.0,1800.0,6300.0,7200.0,,,200.0,33350.0,15350.0,13500.0,18000.0,33350.0
新北市鶯歌區二橋國民小學附設幼兒園,公立,110,已申報,2,3,全日班,14000.0,1350.0,2700.0,1800.0,6300.0,7200.0,,,200.0,33350.0,15350.0,13500.0,18000.0,33350.0
新北市鶯歌區二橋國民小學附設幼兒園,公立,111,已申報,2,3,全日班,14000.0,1350.0,2700.0,1800.0,6300.0,7200.0,,,200.0,33350.0,15350.0,13500.0,18000.0,33350.0
新北市鶯歌區二橋國民小學附設幼兒園,公立,112,已申報,2,3,全日班,14000.0,1350.0,2700.0,1800.0,6300.0,7200.0,,,200.0,33350.0,15350.0,13500.0,18000.0,33350.0
新北市鶯歌區二橋國民小學附設幼兒園,公立,113,已申報,2,3,全日班,14000.0,1350.0,2700.0,1800.0,6300.0,7200.0,,,200.0,33350.0,15350.0,13500.0,18000.0,33350.0
新北市鶯歌區二橋國民小學附設幼兒園,公立,114,已申報,2,3,全日班,14000.0,1350.0,2700.0,1800.0,6300.0,7200.0,,,200.0,33350.0,15350.0,13500.0,18000.0,33350.0
新北市鶯歌區建國國民小學附設幼兒園,公立,109,已申報,2,4,全日班,14000.0,1350.0,2700.0,1800.0,6300.0,7200.0,,,200.0,33350.0,15350.0,13500.0,18000.0,33350.0
新北市鶯歌區建國國民小學附設幼兒園,公立,110,已申報,2,4,全日班,14000.0,1350.0,2700.0,1800.0,6300.0,7200.0,,,200.0,33350.0,15350.0,13500.0,18000.0,33350.0
新北市鶯歌區建國國民小學附設幼兒園,公立,111,已申報,2,4,全日班,14000.0,1350.0,2700.0,1800.0,6300.0,7200.0,,,200.0,33350.0,15350.0,13500.0,18000.0,33350.0
新北市鶯歌區建國國民小學附設幼兒園,公立,112,已申報,2,4,全日班,14000.0,1350.0,2700.0,1800.0,6300.0,7200.0,,,200.0,33350.0,15350.0,13500.0,18000.0,33350.0
新北市鶯歌區建國國民小學附設幼兒園,公立,113,已申報,2,4,全日班,14000.0,1350.0,2700.0,1800.0,6300.0,7200.0,,,200.0,33350.0,15350.0,13500.0,18000.0,33350.0
新北市鶯歌區建國國民小學附設幼兒園,公立,114,已申報,2,4,全日班,14000.0,1350.0,2700.0,1800.0,6300.0,7200.0,,,200.0,33350.0,15350.0,13500.0,18000.0,33350.0
新北市鶯歌區永吉國民小學附設幼兒園,公立,109,已申報,2,3,全日班,14000.0,1350.0,2700.0,1800.0,6300.0,7200.0,,,200.0,33350.0,15350.0,13500.0,18000.0,33350.0
新北市鶯歌區永吉國民小學附設幼兒園,公立,110,已申報,2,3,全日班,14000.0,1350.0,2700.0,1800.0,6300.0,7200.0,,,200.0,33350.0,15350.0,13500.0,18000.0,33350.0
新北市鶯歌區永吉國民小學附設幼兒園,公立,111,已申報,2,3,全日班,14000.0,1350.0,2700.0,1800.0,6300.0,7200.0,,,200.0,33350.0,15350.0,13500.0,18000.0,33350.0
新北市鶯歌區永吉國民小學附設幼兒園,公立,112,已申報,2,3,全日班,14000.0,1350.0,2700.0,1800.0,6300.0,7200.0,,,200.0,33350.0,15350.0,13500.0,18000.0,33350.0
新北市鶯歌區永吉國民小學附設幼兒園,公立,113,已申報,2,3,全日班,14000.0,1350.0,2700.0,1800.0,6300.0,7200.0,,,200.0,33350.0,15350.0,13500.0,18000.0,33350.0
新北市鶯歌區永吉國民小學附設幼兒園,公立,114,已申報,2,3,全日班,14000.0,1350.0,2700.0,1800.0,6300.0,7200.0,,,200.0,33350.0,15350.0,13500.0,18000.0,33350.0
新北市鶯歌區鳳鳴國民小學附設幼兒園,公立,109,已申報,2,4,全日班,14000.0,1350.0,2700.0,1800.0,6300.0,7200.0,,,200.0,33350.0,15350.0,13500.0,18000.0,33350.0
新北市鶯歌區鳳鳴國民小學附設幼兒園,公立,110,已申報,2,4,全日班,14000.0,1350.0,2700.0,1800.0,6300.0,7200.0,,,200.0,33350.0,15350.0,13500.0,18000.0,33350.0
新北市鶯歌區鳳鳴國民小學附設幼兒園,公立,111,已申報,2,4,全日班,14000.0,1350.0,2700.0,1800.0,6300.0,7200.0,,,200.0,33350.0,15350.0,13500.0,18000.0,33350.0
新北市鶯歌區鳳鳴國民小學附設幼兒園,公立,112,已申報,2,4,全日班,14000.0,1350.0,2700.0,1800.0,6300.0,7200.0,,,200.0,33350.0,15350.0,13500.0,18000.0,33350.0
新北市鶯歌區鳳鳴國民小學附設幼兒園,公立,113,已申報,2,4,全日班,14000.0,1350.0,2700.0,1800.0,6300.0,7200.0,,,200.0,33350.0,15350.0,13500.0,18000.0,33350.0
新北市鶯歌區鳳鳴國民小學附設幼兒園,公立,114,已申報,2,4,全日班,14000.0,1350.0,2700.0,1800.0,6300.0,7200.0,,,200.0,33350.0,15350.0,13500.0,18000.0,33350.0
新北市鶯歌區鶯歌國民小學附設幼兒園,公立,109,已申報,2,3,全日班,14000.0,1350.0,2700.0,1800.0,6300.0,7200.0,,,200.0,33350.0,15350.0,13500.0,18000.0,33350.0
新北市鶯歌區鶯歌國民小學附設幼兒園,公立,110,已申報,2,3,全日班,14000.0,1350.0,2700.0,1800.0,6300.0,7200.0,,,200.0,33350.0,15350.0,13500.0,18000.0,33350.0
新北市鶯歌區鶯歌國民小學附設幼兒園,公立,111,已申報,2,3,全日班,14000.0,1350.0,2700.0,1800.0,6300.0,7200.0,,,200.0,33350.0,15350.0,13500.0,18000.0,33350.0
新北市鶯歌區鶯歌國民小學附設幼兒園,公立,112,已申報,2,3,全日班,14000.0,1350.0,2700.0,1800.0,6300.0,7200.0,,,200.0,33350.0,15350.0,13500.0,18000.0,33350.0
新北市鶯歌區鶯歌國民小學附設幼兒園,公立,113,已申報,2,3,全日班,14000.0,1350.0,2700.0,1800.0,6300.0,7200.0,,,200.0,33350.0,15350.0,13500.0,18000.0,33350.0
新北市鶯歌區鶯歌國民小學附設幼兒園,公立,114,已申報,2,3,全日班,14000.0,1350.0,2700.0,1800.0,6300.0,7200.0,,,200.0,33350.0,15350.0,13500.0,18000.0,33350.0
新北市鷺江非營利幼兒園(委託財團法人彭婉如文教基金會辦理),非營利,109,未申報或鏡像未收錄,0,0,,,,,,,,,,,,,,,
新北市鷺江非營利幼兒園(委託財團法人彭婉如文教基金會辦理),非營利,110,已申報,2,4,全日班,,,,,,,,,,108000.0,,,,
新北市鷺江非營利幼兒園(委託財團法人彭婉如文教基金會辦理),非營利,111,未申報或鏡像未收錄,0,0,,,,,,,,,,,,,,,
新北市鷺江非營利幼兒園(委託財團法人彭婉如文教基金會辦理),非營利,112,未申報或鏡像未收錄,0,0,,,,,,,,,,,,,,,
新北市鷺江非營利幼兒園(委託財團法人彭婉如文教基金會辦理),非營利,113,未申報或鏡像未收錄,0,0,,,,,,,,,,,,,,,
新北市鷺江非營利幼兒園(委託財團法人彭婉如文教基金會辦理),非營利,114,未申報或鏡像未收錄,0,0,,,,,,,,,,,,,,,
新北市龍埔成長非營利幼兒園(委託財團法人成長文教基金會辦理),非營利,109,已申報,2,3,全日班,,,,,,,,,,112020.0,,,,
新北市龍埔成長非營利幼兒園(委託財團法人成長文教基金會辦理),非營利,110,已申報,2,3,全日班,,,,,,,,,,112020.0,,,,
新北市龍埔成長非營利幼兒園(委託財團法人成長文教基金會辦理),非營利,111,未申報或鏡像未收錄,0,0,,,,,,,,,,,,,,,
新北市龍埔成長非營利幼兒園(委託財團法人成長文教基金會辦理),非營利,112,未申報或鏡像未收錄,0,0,,,,,,,,,,,,,,,
新北市龍埔成長非營利幼兒園(委託財團法人成長文教基金會辦理),非營利,113,未申報或鏡像未收錄,0,0,,,,,,,,,,,,,,,
新北市龍埔成長非營利幼兒園(委託財團法人成長文教基金會辦理),非營利,114,未申報或鏡像未收錄,0,0,,,,,,,,,,,,,,,
行政院新莊聯合辦公大樓各進駐機關員工子女非營利幼兒園(委託社團法人新竹市教保人員協會辦理),非營利,109,未申報或鏡像未收錄,0,0,,,,,,,,,,,,,,,
行政院新莊聯合辦公大樓各進駐機關員工子女非營利幼兒園(委託社團法人新竹市教保人員協會辦理),非營利,110,未申報或鏡像未收錄,0,0,,,,,,,,,,,,,,,
行政院新莊聯合辦公大樓各進駐機關員工子女非營利幼兒園(委託社團法人新竹市教保人員協會辦理),非營利,111,未申報或鏡像未收錄,0,0,,,,,,,,,,,,,,,
行政院新莊聯合辦公大樓各進駐機關員工子女非營利幼兒園(委託社團法人新竹市教保人員協會辦理),非營利,112,未申報或鏡像未收錄,0,0,,,,,,,,,,,,,,,
行政院新莊聯合辦公大樓各進駐機關員工子女非營利幼兒園(委託社團法人新竹市教保人員協會辦理),非營利,113,未申報或鏡像未收錄,0,0,,,,,,,,,,,,,,,
行政院新莊聯合辦公大樓各進駐機關員工子女非營利幼兒園(委託社團法人新竹市教保人員協會辦理),非營利,114,未申報或鏡像未收錄,0,0,,,,,,,,,,,,,,,
