code,short_name,academic_year,pdf_page,page_kind,table_index,section,title,context_heading,n_columns,n_rows,n_valued_rows,aligned
N01,安溪,110,5,balance_sheet,1,balance_sheet,資產負債表,,4,32,27,True
N01,安溪,110,6,income_statement,1,unrouted,收支結餘表,,4,23,20,True
N01,安溪,110,7,income_statement,1,income_statement,收支餘絀表,,4,22,19,True
N01,安溪,110,8,equity_change,1,equity_change,淨值變動表,,3,7,7,True
N01,安溪,110,9,cash_flow,1,cash_flow,現金流量表,,2,19,12,True
N01,安溪,110,14,note,1,cash_detail,,（一）現金及銀行存款,2,4,4,True
N01,安溪,110,14,note,2,severance_reserve,,1. 資遣費準備,2,3,3,True
N01,安溪,110,14,note,3,severance_reserve,,1. 資遣費準備,2,1,1,True
N01,安溪,110,14,note,4,development_reserve,,2. 業務發展準備,2,3,3,True
N01,安溪,110,14,note,5,development_reserve,,2. 業務發展準備,2,1,1,True
N01,安溪,110,15,note,1,property,,(三）營運資產 1. 代管財產,4,1,1,True
N01,安溪,110,15,note,2,property,,(三）營運資產 1. 代管財產,4,1,1,True
N01,安溪,110,15,note,3,property,,(三）營運資產 2. 購置財產,4,1,1,True
N01,安溪,110,15,note,4,property,,(三）營運資產 2. 購置財產,4,1,1,True
N01,安溪,110,15,note,5,unrouted,,(四）收支明細表 1. 教保費收入,2,10,8,True
N01,安溪,110,16,detail_schedule,1,personnel_detail,,2. 人事費,4,12,12,True
N01,安溪,110,16,detail_schedule,2,personnel_detail,,2. 人事費,4,12,12,True
N01,安溪,110,17,detail_schedule,1,operating_detail,,3. 業務費,4,16,16,True
N01,安溪,110,17,detail_schedule,2,operating_detail,,3. 業務費,4,16,16,True
N01,安溪,110,18,detail_schedule,1,material_detail,,4. 材料費,4,5,5,True
N01,安溪,110,18,detail_schedule,2,material_detail,,4. 材料費,4,5,5,True
N01,安溪,110,18,detail_schedule,3,maintenance_detail,,5. 維護費,4,4,4,True
N01,安溪,110,19,note,1,maintenance_detail,,維護費及修繕費明細,4,4,4,True
N01,安溪,110,19,note,2,other_income_expense,,6.  其他收入及其他支出,3,4,4,True
N01,安溪,110,19,note,3,other_income_expense,,6.  其他收入及其他支出,3,4,4,True
N01,安溪,110,19,note,4,project_subsidy,,(1)  專案補助收入及支出,3,8,8,True
N01,安溪,110,20,detail_schedule,1,unrouted,,,3,7,7,True
N01,安溪,110,20,detail_schedule,2,agency_subsidy,,(2)  代收補助收入及支出,3,3,3,True
N01,安溪,110,20,detail_schedule,3,agency_subsidy,,(2)  代收補助收入及支出,3,3,3,True
N01,安溪,110,20,detail_schedule,4,agency_passthrough,,(3)  代收代付收入及支出,3,3,3,True
N01,安溪,110,20,detail_schedule,5,agency_passthrough,,(3)  代收代付收入及支出,3,3,3,True
N01,安溪,110,21,note,1,surplus_execution,賸餘款執行概況表,,1,5,5,True
N01,安溪,110,21,note,2,admin_fee,行政管理費,,2,1,1,True
N01,安溪,110,21,note,3,payables,其他應付款,,2,1,1,True
N01,安溪,110,23,income_statement,1,income_by_function,收支餘絀表－功能別,附表一：收支餘絀表-功能別,1,18,16,True
N01,安溪,110,23,income_statement,2,income_by_function,,附表一：收支餘絀表-功能別,2,4,4,True
N01,安溪,110,24,detail_schedule,1,budget_transfer,經費流用及勻支檢查表,附表二：經費流用及勻支檢查表,5,30,30,True
N01,安溪,110,25,detail_schedule,1,multiyear_compare,各學年收支預決算比較表,附表三：各學年收支預決算比較表,12,30,30,True
N01,安溪,110,26,detail_schedule,1,unrouted,,,12,33,32,True
N01,安溪,110,27,property_list,1,property,財產清冊,,1,25,0,True
N01,安溪,110,28,property_list,1,unrouted,,,5,33,33,True
N01,安溪,110,29,property_list,1,property,購置財產,,7,9,9,True
N01,安溪,110,30,auditor_report,1,auditor_checklist,附表六：會計師查核附表,,3,22,19,True
N01,安溪,110,31,other,1,unrouted,,,3,26,26,True
N01,安溪,110,32,other,1,unrouted,,,3,13,13,True
N01,安溪,110,33,auditor_report,1,auditor_checklist,查核項目,,3,9,9,True
N01,安溪,110,34,auditor_report,1,unrouted,,,3,4,4,True
N01,安溪,110,35,detail_schedule,1,performance_review,110學年度績效考評,,1,13,2,True
N01,安溪,110,36,auditor_report,1,unrouted,考評指標評分表,,1,5,4,True
N01,安溪,111,8,equity_change,1,equity_change,淨值變動表,,3,7,7,True
N01,安溪,111,9,cash_flow,1,cash_flow,現金流量表,,2,19,12,True
N01,安溪,111,14,note,1,cash_detail,,(一) 現金及銀行存款,2,4,4,True
N01,安溪,111,14,note,2,severance_reserve,,1. 資遣費準備,2,3,3,True
N01,安溪,111,14,note,3,severance_reserve,,1. 資遣費準備,2,1,1,True
N01,安溪,111,14,note,4,development_reserve,,2. 業務發展準備,2,3,3,True
N01,安溪,111,15,note,1,development_reserve,,業務發展準備金,2,1,1,True
N01,安溪,111,15,note,2,property,,1. 代管財產,4,1,1,True
N01,安溪,111,15,note,3,property,,1. 代管財產,4,1,1,True
N01,安溪,111,15,note,4,property,,2. 購置財產,4,1,1,True
N01,安溪,111,15,note,5,property,,2. 購置財產,4,1,1,True
N01,安溪,111,15,note,6,unrouted,,1. 教保費收入,2,10,8,True
N01,安溪,111,16,detail_schedule,1,personnel_detail,,2. 人事費,4,12,12,True
N01,安溪,111,16,detail_schedule,2,personnel_detail,,2. 人事費,4,12,12,True
N01,安溪,111,17,detail_schedule,1,operating_detail,,3. 業務費,4,16,16,True
N01,安溪,111,17,detail_schedule,2,operating_detail,,3. 業務費,4,16,16,True
N01,安溪,111,18,detail_schedule,1,material_detail,,4. 材料費,4,5,5,True
N01,安溪,111,18,detail_schedule,2,material_detail,,4. 材料費,4,5,5,True
N01,安溪,111,18,detail_schedule,3,maintenance_detail,,5. 維護費,4,4,4,True
N01,安溪,111,19,note,1,maintenance_detail,,維護費及修繕購置費,4,4,4,True
N01,安溪,111,19,note,2,other_income_expense,,6. 其他收入及其他支出,3,4,4,True
N01,安溪,111,19,note,3,other_income_expense,,6. 其他收入及其他支出,3,4,4,True
N01,安溪,111,19,note,4,project_subsidy,,(1) 專案補助收入及支出,3,9,9,True
N01,安溪,111,23,detail_schedule,1,income_by_function,收支餘絀表－功能別,附表一：收支餘絀表-功能別,1,18,15,True
N01,安溪,111,23,detail_schedule,2,income_by_function,,附表一：收支餘絀表-功能別,2,4,3,True
N01,安溪,111,24,detail_schedule,1,budget_transfer,經費流用及勻支檢查表,附表二：經費流用及勻支檢查表,4,30,30,True
N01,安溪,111,25,detail_schedule,1,multiyear_compare,各學年收支預決算比較表,附表三：各學年收支預決算比較表,16,27,27,True
N01,安溪,111,26,detail_schedule,1,unrouted,,,16,36,35,True
N01,安溪,112,8,equity_change,1,equity_change,淨值變動表,,3,7,7,True
N01,安溪,112,9,cash_flow,1,cash_flow,現金流量表,,2,19,12,True
N01,安溪,112,14,note,1,cash_detail,,(一) 現金及銀行存款,2,4,4,True
N01,安溪,112,14,note,2,severance_reserve,,1. 資遣費準備,2,3,3,True
N01,安溪,112,15,note,1,severance_reserve,,資遣費準備金,2,1,1,True
N01,安溪,112,15,note,2,development_reserve,,2. 業務發展準備,2,3,3,True
N01,安溪,112,15,note,3,development_reserve,,2. 業務發展準備,2,1,1,True
N01,安溪,112,15,note,4,property,,1. 代管財產,4,1,1,True
N01,安溪,112,15,note,5,property,,1. 代管財產,4,1,1,True
N01,安溪,112,15,note,6,property,,2. 購置財產,4,1,1,True
N01,安溪,112,15,note,7,property,,2. 購置財產,4,1,1,True
N01,安溪,112,16,detail_schedule,1,unrouted,,(四) 收支明細表 1. 教保費收入,2,11,9,True
N01,安溪,112,16,detail_schedule,2,personnel_detail,,(四) 收支明細表 2. 人事費,4,12,12,True
N01,安溪,112,16,detail_schedule,3,personnel_detail,,(四) 收支明細表 2. 人事費,4,2,2,True
N01,安溪,112,16,detail_schedule,4,personnel_detail,,(四) 收支明細表 2. 人事費,1,0,0,True
N01,安溪,112,17,detail_schedule,1,personnel_detail,,人事費明細（續）,4,10,10,True
N01,安溪,112,17,detail_schedule,2,operating_detail,,3. 業務費,4,16,16,True
N01,安溪,112,18,detail_schedule,1,unrouted,,,4,16,16,True
N01,安溪,112,18,detail_schedule,2,material_detail,4. 材料費,,4,5,5,True
N01,安溪,112,18,detail_schedule,3,material_detail,,4. 材料費,4,5,5,True
N01,安溪,112,19,note,1,maintenance_detail,,5. 維護費,4,4,4,True
N01,安溪,112,19,note,2,maintenance_detail,,5. 維護費,4,4,4,True
N01,安溪,112,19,note,3,unrouted,,6. 延長照顧服務收支,2,5,5,True
N01,安溪,112,20,note,1,other_income_expense,,7. 其他收入及其他支出,3,4,4,True
N01,安溪,112,20,note,2,other_income_expense,,7. 其他收入及其他支出,3,4,4,True
N01,安溪,112,20,note,3,project_subsidy,,(1) 專案補助收入及支出,3,8,8,True
N01,安溪,112,20,note,4,project_subsidy,,(1) 專案補助收入及支出,3,9,9,True
N01,安溪,112,24,detail_schedule,1,income_by_function,收支餘絀表-功能別,附表一：收支餘絀表-功能別,1,18,15,True
N01,安溪,112,24,detail_schedule,2,income_by_function,,附表一：收支餘絀表-功能別,1,4,4,True
N01,安溪,112,25,detail_schedule,1,budget_transfer,經費流用及勻支檢查表,附表二：經費流用及勻支檢查表,5,30,30,True
N01,安溪,112,26,detail_schedule,1,multiyear_compare,各學年收支預決算比較表,附表三：各學年收支預決算比較表,4,31,31,True
N01,安溪,112,27,detail_schedule,1,unrouted,,,4,33,32,True
N01,安溪,113,5,balance_sheet,1,balance_sheet,資產負債表,,4,31,26,True
N01,安溪,113,6,income_statement,1,income_statement,收支餘絀表,,4,22,19,True
N01,安溪,113,7,income_statement,1,income_statement,收支餘絀表,,4,23,20,True
N01,安溪,113,8,equity_change,1,equity_change,淨值變動表,,3,7,7,True
N01,安溪,113,9,cash_flow,1,cash_flow,現金流量表,,2,20,13,True
N01,安溪,113,14,note,1,cash_detail,,(一) 現金及銀行存款,2,4,4,True
N01,安溪,113,14,note,2,severance_reserve,,1. 資遣費準備,2,3,3,True
N01,安溪,113,15,note,1,severance_reserve,,依據非營利幼兒園實施辦法之規定，提撥資遣費準備金餘額如下：,2,1,1,True
N01,安溪,113,15,note,2,development_reserve,,2. 業務發展準備,2,3,3,True
N01,安溪,113,15,note,3,development_reserve,,以專戶或定期存款提存之業務發展準備金餘額如下：,2,1,1,True
N01,安溪,113,15,note,4,property,,1. 代管財產,4,1,1,True
N01,安溪,113,15,note,5,property,,1. 代管財產,4,1,1,True
N01,安溪,113,15,note,6,property,,2. 購置財產,4,1,1,True
N01,安溪,113,15,note,7,property,,2. 購置財產,4,1,1,True
N01,安溪,113,16,detail_schedule,1,unrouted,教保費收入,(四) 收支明細表,2,11,9,True
N01,安溪,113,16,detail_schedule,2,personnel_detail,人事費,(四) 收支明細表,4,12,12,True
N01,安溪,113,17,detail_schedule,1,personnel_detail,,2. 人事費,4,12,12,True
N01,安溪,113,17,detail_schedule,2,operating_detail,,3. 業務費,4,7,7,True
N01,安溪,113,18,detail_schedule,1,unrouted,,,4,9,9,True
N01,安溪,113,18,detail_schedule,2,unrouted,,,4,16,16,True
N01,安溪,113,19,detail_schedule,1,material_detail,,4. 材料費,4,5,5,True
N01,安溪,113,19,detail_schedule,2,material_detail,,4. 材料費,4,5,5,True
N01,安溪,113,19,detail_schedule,3,maintenance_detail,,5. 維護費及修繕購置費,4,5,4,True
N01,安溪,113,19,detail_schedule,4,maintenance_detail,,5. 維護費及修繕購置費,4,1,1,True
N01,安溪,113,20,note,1,maintenance_detail,,維護費,4,4,4,True
N01,安溪,113,20,note,2,maintenance_detail,,維護費,4,1,1,True
N01,安溪,113,20,note,3,unrouted,,6.　延長照顧服務收支,2,5,5,True
N01,安溪,113,20,note,4,other_income_expense,,7.　其他收入及其他支出,3,4,4,True
N01,安溪,113,20,note,5,other_income_expense,,7.　其他收入及其他支出,3,4,4,True
N01,安溪,113,21,note,1,project_subsidy,,(1) 專案補助收入及支出,3,8,7,True
N01,安溪,113,21,note,2,project_subsidy,,(1) 專案補助收入及支出,3,9,8,True
N01,安溪,113,21,note,3,agency_subsidy,,(2) 代收補助收入及支出,3,2,1,True
N01,安溪,113,21,note,4,agency_subsidy,,(2) 代收補助收入及支出,3,5,4,True
N01,安溪,113,21,note,5,agency_passthrough,,(3) 代收代付收入及支出,3,2,1,True
N01,安溪,113,21,note,6,agency_passthrough,,(3) 代收代付收入及支出,3,2,1,True
N01,安溪,113,22,note,1,surplus_execution,安溪幼兒園之賸餘款執行概況表,,1,4,4,True
N01,安溪,113,22,note,2,related_party,關係人之名稱及關係,,1,1,0,True
N01,安溪,113,23,note,1,payables,其他應付款,,2,1,1,True
N01,安溪,113,24,detail_schedule,1,income_by_function,收支餘絀表－功能別,附表一：收支餘絀表-功能別,1,17,15,True
N01,安溪,113,24,detail_schedule,2,income_by_function,,附表一：收支餘絀表-功能別,1,4,4,True
N01,安溪,113,25,detail_schedule,1,budget_transfer,經費流用及勻支檢查表,附表二：經費流用及勻支檢查表,5,30,30,True
N01,安溪,113,26,detail_schedule,1,multiyear_compare,各學年收支預決算比較表,附表三：各學年收支預決算比較表,8,31,31,True
N01,安溪,113,27,detail_schedule,1,unrouted,,,8,33,32,True
N01,安溪,113,28,property_list,1,property,財產清冊,,1,60,0,True
N01,安溪,113,29,property_list,1,unrouted,,,5,36,36,True
N01,安溪,113,30,property_list,1,unrouted,,,5,41,41,True
N01,安溪,113,31,property_list,1,unrouted,,,5,34,34,True
N01,安溪,113,32,property_list,1,unrouted,,,1,10,10,True
N01,安溪,113,32,property_list,2,property,2. 購置財產,,1,12,12,True
N01,安溪,113,33,auditor_report,1,auditor_checklist,113學年度第2學期會計師查核附表,,3,22,19,True
N01,安溪,113,34,detail_schedule,1,auditor_checklist,查核項目,,3,18,18,True
N01,安溪,113,34,detail_schedule,2,personnel_detail,人事費補充說明,,4,3,3,True
N01,安溪,113,35,detail_schedule,1,unrouted,,,3,17,17,True
N01,安溪,113,35,detail_schedule,2,operating_detail,業務費補充說明,,4,1,1,True
N01,安溪,113,36,other,1,auditor_checklist,查核項目,,3,14,0,True
N01,安溪,113,37,auditor_report,1,auditor_checklist,查核項目,,3,8,8,True
N01,安溪,113,38,auditor_report,1,auditor_checklist,查核項目,,3,1,0,True
N01,安溪,113,39,detail_schedule,1,performance_review,113學年度績效考評,,1,5,3,True
N01,安溪,113,40,other,1,unrouted,考評指標評分表（續）,,1,4,4,True
N01,安溪,113,40,other,2,unrouted,其他特殊情形：（採總分外扣方式，扣至總分0分止）,,1,1,0,True
N01,安溪,113,41,detail_schedule,1,development_reserve,114年度業務發展準備金提列申請表(114.1.1~114.7.31),,5,1,1,True
N01,安溪,113,41,detail_schedule,2,unrouted,限額計算,,1,5,4,True
N01,安溪,113,42,detail_schedule,1,unrouted,業務發展費提列情形,,5,3,3,True
N01,安溪,113,42,detail_schedule,2,unrouted,民國113學年度經費分析,,3,8,8,True
N02,山北,110,5,balance_sheet,1,balance_sheet,資產負債表,,2,32,27,True
N02,山北,110,6,income_statement,1,unrouted,收支總表,,4,23,21,True
N02,山北,110,7,income_statement,1,income_statement,收支餘絀表,,4,23,21,True
N02,山北,110,8,equity_change,1,unrouted,,,3,7,7,True
N02,山北,110,9,cash_flow,1,cash_flow,現金流量表,,2,22,15,True
N02,山北,110,14,note,1,cash_detail,,(一) 現金及銀行存款,2,4,4,True
N02,山北,110,14,note,2,severance_reserve,,1. 資遣費準備,2,3,3,True
N02,山北,110,14,note,3,severance_reserve,,1. 資遣費準備,2,1,1,True
N02,山北,110,14,note,4,development_reserve,,2. 業務發展準備,2,3,3,True
N02,山北,110,15,note,1,development_reserve,,業務發展準備金,2,1,1,True
N02,山北,110,15,note,2,property,,1. 代管財產,4,1,1,True
N02,山北,110,15,note,3,property,,1. 代管財產,4,1,1,True
N02,山北,110,15,note,4,property,,2. 購置財產,4,1,1,True
N02,山北,110,15,note,5,property,,2. 購置財產,4,1,1,True
N02,山北,110,15,note,6,unrouted,,1. 教保費收入,2,9,7,True
N02,山北,110,16,detail_schedule,1,personnel_detail,,2. 人事費,4,12,12,True
N02,山北,110,16,detail_schedule,2,personnel_detail,,2. 人事費,4,12,12,True
N02,山北,110,17,detail_schedule,1,operating_detail,,3. 業務費,4,16,16,True
N02,山北,110,17,detail_schedule,2,operating_detail,,3. 業務費,4,16,16,True
N02,山北,110,18,detail_schedule,1,material_detail,材料費,4. 材料費,4,5,5,True
N02,山北,110,18,detail_schedule,2,material_detail,材料費,4. 材料費,4,5,5,True
N02,山北,110,18,detail_schedule,3,maintenance_detail,維護費,5. 維護費,4,4,4,True
N02,山北,110,19,note,1,other_income_expense,,6. 其他收入及其他支出,4,4,4,True
N02,山北,110,19,note,2,other_income_expense,,6. 其他收入及其他支出,3,4,4,True
N02,山北,110,19,note,3,other_income_expense,,6. 其他收入及其他支出,3,4,4,True
N02,山北,110,19,note,4,project_subsidy,,(1) 專案補助收入及支出,3,8,8,True
N02,山北,110,20,detail_schedule,1,agency_subsidy,,(2) 代收補助收入及支出,3,6,6,True
N02,山北,110,20,detail_schedule,2,agency_subsidy,,(2) 代收補助收入及支出,3,4,4,True
N02,山北,110,20,detail_schedule,3,agency_subsidy,,(2) 代收補助收入及支出,3,5,5,True
N02,山北,110,20,detail_schedule,4,agency_passthrough,,(3) 代收代付收入及支出,3,3,3,True
N02,山北,110,20,detail_schedule,5,agency_passthrough,,(3) 代收代付收入及支出,3,3,3,True
N02,山北,110,21,note,1,surplus_execution,山北幼兒園之賸餘款執行概況表,,1,5,5,True
N02,山北,110,21,note,2,admin_fee,五、關係人交易－(二)1. 行政管理費,,2,1,1,True
N02,山北,110,21,note,3,payables,五、關係人交易－(二)2. 其他應付款,,2,1,1,True
N02,山北,110,23,detail_schedule,1,income_by_function,收支餘絀表-功能別,附表一：收支餘絀表-功能別,1,17,15,True
N02,山北,110,23,detail_schedule,2,income_by_function,,附表一：收支餘絀表-功能別,1,4,4,True
N02,山北,110,24,detail_schedule,1,budget_transfer,經費流用及勻支檢查表,附表二：經費流用及勻支檢查表,4,31,31,True
N02,山北,110,25,detail_schedule,1,multiyear_compare,各學年收支預決算比較表,附表三：各學年收支預決算比較表,12,30,30,True
N02,山北,110,26,detail_schedule,1,unrouted,,,12,33,33,True
N02,山北,110,27,property_list,1,property,財產清冊,,5,21,21,True
N02,山北,110,28,property_list,1,unrouted,,,3,2,2,True
N02,山北,110,28,property_list,2,property,2.購置財產,,3,9,9,True
N02,山北,110,29,auditor_report,1,auditor_checklist,110學年度第2學期會計師查核附表,,3,2,0,True
N02,山北,110,30,detail_schedule,1,unrouted,,,3,23,23,True
N02,山北,110,30,detail_schedule,2,personnel_detail,人事費補充說明,,4,1,1,True
N02,山北,110,31,detail_schedule,1,auditor_checklist,查核項目,,3,12,12,True
N02,山北,110,31,detail_schedule,2,operating_detail,業務費補充說明,,4,1,1,True
N02,山北,110,32,auditor_report,1,unrouted,,,3,11,11,True
N02,山北,110,33,auditor_report,1,auditor_checklist,查核項目－負債部分及其他,,3,8,6,True
N02,山北,110,34,detail_schedule,1,performance_review,110學年度績效考評,,1,3,2,True
N02,山北,110,35,auditor_report,1,unrouted,,,1,4,4,True
N02,山北,111,8,equity_change,1,equity_change,淨值變動表,,3,7,7,True
N02,山北,111,9,cash_flow,1,cash_flow,現金流量表,,2,23,16,True
N02,山北,111,14,note,1,cash_detail,,(一) 現金及銀行存款,2,3,3,True
N02,山北,111,14,note,2,severance_reserve,,1. 資遣費準備,2,3,3,True
N02,山北,111,14,note,3,severance_reserve,,1. 資遣費準備,2,1,1,True
N02,山北,111,14,note,4,development_reserve,,2. 業務發展準備,2,3,3,True
N02,山北,111,15,note,1,development_reserve,,業務發展準備金,2,1,1,True
N02,山北,111,15,note,2,unrouted,,(三) 營運資產,4,1,1,True
N02,山北,111,15,note,3,unrouted,,(三) 營運資產,4,1,1,True
N02,山北,111,15,note,4,property,,2. 購置財產,4,1,1,True
N02,山北,111,15,note,5,property,,2. 購置財產,4,1,1,True
N02,山北,111,15,note,6,unrouted,,(四) 收支明細表,2,9,7,True
N02,山北,111,16,detail_schedule,1,personnel_detail,,2. 人事費,4,12,12,True
N02,山北,111,16,detail_schedule,2,personnel_detail,,2. 人事費,4,12,12,True
N02,山北,111,17,detail_schedule,1,operating_detail,,3. 業務費,4,16,16,True
N02,山北,111,17,detail_schedule,2,operating_detail,,3. 業務費,4,16,16,True
N02,山北,111,18,note,1,material_detail,,4. 材料費,4,5,5,True
N02,山北,111,18,note,2,material_detail,,4. 材料費,4,5,5,True
N02,山北,111,19,detail_schedule,1,maintenance_detail,,5. 維護費,4,4,4,True
N02,山北,111,19,detail_schedule,2,maintenance_detail,,5. 維護費,4,4,4,True
N02,山北,111,19,detail_schedule,3,other_income_expense,,6. 其他收入及其他支出,3,4,4,True
N02,山北,111,19,detail_schedule,4,other_income_expense,,6. 其他收入及其他支出,3,4,4,True
N02,山北,111,20,detail_schedule,1,project_subsidy,,(1)  專案補助收入及支出,3,9,9,True
N02,山北,111,20,detail_schedule,2,project_subsidy,,(1)  專案補助收入及支出,3,8,8,True
N02,山北,111,20,detail_schedule,3,agency_subsidy,,(2)  代收補助收入及支出,3,4,4,True
N02,山北,111,20,detail_schedule,4,agency_subsidy,,(2)  代收補助收入及支出,3,4,4,True
N02,山北,111,23,detail_schedule,1,income_by_function,收支餘絀表－功能別,附表一：收支餘絀表-功能別,1,17,14,True
N02,山北,111,23,detail_schedule,2,income_by_function,,附表一：收支餘絀表-功能別,2,4,4,True
N02,山北,111,24,detail_schedule,1,budget_transfer,經費流用及勻支檢查表,附表二：經費流用及勻支檢查表,4,31,31,True
N02,山北,111,25,detail_schedule,1,multiyear_compare,各學年收支預決算比較表,附表三：各學年收支預決算比較表,16,27,27,True
N02,山北,111,26,detail_schedule,1,unrouted,,,16,36,36,True
N02,山北,112,8,equity_change,1,equity_change,淨值變動表,,3,7,7,True
N02,山北,112,9,cash_flow,1,cash_flow,現金流量表,,2,21,14,True
N02,山北,112,14,note,1,cash_detail,,(一) 現金及銀行存款,2,3,3,True
N02,山北,112,14,note,2,severance_reserve,,1. 資遣費準備,2,3,3,True
N02,山北,112,14,note,3,severance_reserve,,1. 資遣費準備,2,1,1,True
N02,山北,112,15,note,1,development_reserve,,2. 業務發展準備,2,3,3,True
N02,山北,112,15,note,2,development_reserve,,2. 業務發展準備,2,1,1,True
N02,山北,112,15,note,3,property,,1. 代管財產,4,1,1,True
N02,山北,112,15,note,4,property,,1. 代管財產,4,1,1,True
N02,山北,112,15,note,5,property,,2. 購置財產,4,1,1,True
N02,山北,112,15,note,6,property,,2. 購置財產,4,1,1,True
N02,山北,112,16,detail_schedule,1,unrouted,,(四) 收支明細表 1. 教保費收入,2,10,8,True
N02,山北,112,16,detail_schedule,2,personnel_detail,,(四) 收支明細表 2. 人事費,4,11,11,True
N02,山北,112,16,detail_schedule,3,personnel_detail,,(四) 收支明細表 2. 人事費,4,6,6,True
N02,山北,112,17,detail_schedule,1,unrouted,,,4,6,6,True
N02,山北,112,17,detail_schedule,2,operating_detail,,3. 業務費,4,16,16,True
N02,山北,112,18,detail_schedule,1,operating_detail,,業務費,4,16,16,True
N02,山北,112,18,detail_schedule,2,material_detail,,4. 材料費,4,5,5,True
N02,山北,112,19,detail_schedule,1,material_detail,,材料費,4,5,5,True
N02,山北,112,19,detail_schedule,2,maintenance_detail,,5. 維護費,4,4,4,True
N02,山北,112,19,detail_schedule,3,maintenance_detail,,5. 維護費,4,4,4,True
N02,山北,112,20,note,1,unrouted,,6. 延長照顧服務收支,2,5,4,True
N02,山北,112,20,note,2,other_income_expense,,7. 其他收入及其他支出,3,4,4,True
N02,山北,112,20,note,3,other_income_expense,,7. 其他收入及其他支出,3,4,4,True
N02,山北,112,20,note,4,project_subsidy,,(1) 專案補助收入及支出,3,8,8,True
N02,山北,112,20,note,5,project_subsidy,,(1) 專案補助收入及支出,3,4,4,True
N02,山北,112,24,detail_schedule,1,income_by_function,收支餘絀表－功能別,附表一：收支餘絀表-功能別,1,17,15,True
N02,山北,112,24,detail_schedule,2,income_by_function,,附表一：收支餘絀表-功能別,1,4,4,True
N02,山北,112,25,detail_schedule,1,budget_transfer,經費流用及勻支檢查表,附表二：經費流用及勻支檢查表,4,31,31,True
N02,山北,112,26,detail_schedule,1,multiyear_compare,各學年收支預決算比較表,附表三：各學年收支預決算比較表,4,32,32,True
N02,山北,112,27,detail_schedule,1,unrouted,,,4,29,28,True
N02,山北,113,5,balance_sheet,1,balance_sheet,資產負債表,,4,30,25,True
N02,山北,113,6,income_statement,1,income_statement,"新北市山北非營利幼兒園
（委託財團法人三之三生命教育基金會辦理）
收支餘絀表
民國113年8月1日至114年7月31日",,4,23,20,True
N02,山北,113,7,income_statement,1,income_statement,收支餘絀表,,4,23,20,True
N02,山北,113,8,equity_change,1,equity_change,淨值變動表,,3,7,7,True
N02,山北,113,9,cash_flow,1,cash_flow,現金流量表,,2,20,13,True
N02,山北,113,14,note,1,cash_detail,,(一) 現金及銀行存款,2,3,3,True
N02,山北,113,14,note,2,severance_reserve,,1. 資遣費準備,2,3,3,True
N02,山北,113,15,note,1,severance_reserve,,依據非營利幼兒園實施辦法之規定，提撥資遣費準備金餘額如下：,2,1,1,True
N02,山北,113,15,note,2,development_reserve,,2. 業務發展準備,2,3,3,True
N02,山北,113,15,note,3,development_reserve,,2. 業務發展準備,2,1,1,True
N02,山北,113,15,note,4,property,,1. 代管財產,4,2,1,True
N02,山北,113,15,note,5,property,,1. 代管財產,4,2,1,True
N02,山北,113,15,note,6,property,,2. 購置財產,4,2,1,True
N02,山北,113,15,note,7,property,,2. 購置財產,4,2,1,True
N02,山北,113,16,detail_schedule,1,unrouted,,(四) 收支明細表 1. 教保費收入,2,10,8,True
N02,山北,113,16,detail_schedule,2,personnel_detail,,(四) 收支明細表 2. 人事費,4,11,11,True
N02,山北,113,16,detail_schedule,3,personnel_detail,,(四) 收支明細表 2. 人事費,4,6,6,True
N02,山北,113,17,detail_schedule,1,personnel_detail,,人事費明細表,4,5,5,True
N02,山北,113,17,detail_schedule,2,operating_detail,,3. 業務費,4,16,16,True
N02,山北,113,18,detail_schedule,1,operating_detail,,3. 業務費（續）,4,16,16,True
N02,山北,113,18,detail_schedule,2,material_detail,,4. 材料費,4,5,5,True
N02,山北,113,18,detail_schedule,3,material_detail,,4. 材料費,4,5,5,True
N02,山北,113,19,detail_schedule,1,maintenance_detail,,5. 維護費及修繕購置費,4,5,4,True
N02,山北,113,19,detail_schedule,2,maintenance_detail,,5. 維護費及修繕購置費,4,1,1,True
N02,山北,113,19,detail_schedule,3,maintenance_detail,,5. 維護費及修繕購置費,4,5,4,True
N02,山北,113,19,detail_schedule,4,maintenance_detail,,5. 維護費及修繕購置費,4,1,1,True
N02,山北,113,20,note,1,unrouted,,6. 延長照顧服務收支,2,5,4,True
N02,山北,113,20,note,2,other_income_expense,,7. 其他收入及其他支出,3,4,4,True
N02,山北,113,20,note,3,other_income_expense,,7. 其他收入及其他支出,3,4,4,True
N02,山北,113,20,note,4,project_subsidy,,(1) 專案補助收入及支出,3,6,6,True
N02,山北,113,21,detail_schedule,1,unrouted,,,3,8,8,True
N02,山北,113,21,detail_schedule,2,agency_subsidy,,(2) 代收補助收入及支出,3,3,3,True
N02,山北,113,21,detail_schedule,3,agency_subsidy,,(2) 代收補助收入及支出,3,3,3,True
N02,山北,113,21,detail_schedule,4,agency_passthrough,,(3) 代收代付收入及支出,3,1,1,True
N02,山北,113,21,detail_schedule,5,agency_passthrough,,(3) 代收代付收入及支出,3,1,1,True
N02,山北,113,22,note,1,surplus_execution,賸餘款執行概況表,,1,4,4,True
N02,山北,113,22,note,2,related_party,關係人之名稱及關係,,1,1,0,True
N02,山北,113,22,note,3,admin_fee,行政管理費,,2,1,1,True
N02,山北,113,23,note,1,payables,其他應付款,,2,1,1,True
N02,山北,113,24,detail_schedule,1,income_by_function,收支餘絀表-功能別,附表一：收支餘絀表-功能別,1,17,13,True
N02,山北,113,24,detail_schedule,2,income_by_function,,附表一：收支餘絀表-功能別,1,4,4,True
N02,山北,113,25,detail_schedule,1,budget_transfer,經費流用及勻支檢查表,附表二：經費流用及勻支檢查表,5,31,31,True
N02,山北,113,26,detail_schedule,1,multiyear_compare,各學年收支預決算比較表,附表三：各學年收支預決算比較表,8,30,30,True
N02,山北,113,27,detail_schedule,1,unrouted,,,8,31,30,True
N02,山北,113,28,property_list,1,property,財產清冊,,1,33,32,True
N02,山北,113,29,property_list,1,unrouted,,,3,8,8,True
N02,山北,113,29,property_list,2,property,2.購置財產,,3,11,11,True
N02,山北,113,30,auditor_report,1,auditor_checklist,113學年度第2學期會計師查核附表,,3,22,19,True
N02,山北,113,31,detail_schedule,1,unrouted,,,3,21,21,True
N02,山北,113,31,detail_schedule,2,personnel_detail,人事費補充說明,,4,2,2,True
N02,山北,113,32,other,1,unrouted,,,3,16,16,True
N02,山北,113,33,other,1,unrouted,,,3,9,9,True
N02,山北,113,34,other,1,auditor_checklist,查核項目,,3,13,1,True
N02,山北,113,35,auditor_report,1,auditor_checklist,查核項目,,3,4,0,True
N02,山北,113,36,detail_schedule,1,performance_review,113學年度績效考評,,1,5,3,True
N02,山北,113,37,other,1,unrouted,考評指標考評方式評分考評依據備註,,1,4,4,True
N02,山北,113,37,other,2,unrouted,其他特殊情形：（採總分外扣方式，扣至總分0分止）,,1,1,0,True
N03,龍埔成長,110,5,balance_sheet,1,balance_sheet,資產負債表,,4,34,29,True
N03,龍埔成長,110,6,income_statement,1,income_statement,收支餘絀表,,4,22,19,True
N03,龍埔成長,110,7,income_statement,1,income_statement,收支餘絀表,,4,22,19,True
N03,龍埔成長,110,8,equity_change,1,equity_change,淨值變動表,,3,7,7,True
N03,龍埔成長,110,9,cash_flow,1,cash_flow,現金流量表,,2,21,14,True
N03,龍埔成長,110,14,note,1,cash_detail,,（一）現金及銀行存款,2,4,4,True
N03,龍埔成長,110,14,note,2,severance_reserve,,1. 資遣費準備,2,3,3,True
N03,龍埔成長,110,14,note,3,severance_reserve,,1. 資遣費準備,2,1,1,True
N03,龍埔成長,110,14,note,4,development_reserve,,2. 業務發展準備,2,3,3,True
N03,龍埔成長,110,15,note,1,development_reserve,,業務發展準備金,2,1,1,True
N03,龍埔成長,110,15,note,2,unrouted,,(三) 營運資產,4,1,1,True
N03,龍埔成長,110,15,note,3,unrouted,,(三) 營運資產,4,1,1,True
N03,龍埔成長,110,15,note,4,property,,2. 購置財產,4,1,1,True
N03,龍埔成長,110,15,note,5,property,,2. 購置財產,4,1,1,True
N03,龍埔成長,110,15,note,6,unrouted,,(四) 收支明細表,2,10,8,True
N03,龍埔成長,110,16,detail_schedule,1,personnel_detail,,2. 人事費,4,12,12,True
N03,龍埔成長,110,16,detail_schedule,2,personnel_detail,,2. 人事費,4,12,12,True
N03,龍埔成長,110,17,detail_schedule,1,operating_detail,,3. 業務費,4,16,16,True
N03,龍埔成長,110,17,detail_schedule,2,operating_detail,,3. 業務費,4,16,16,True
N03,龍埔成長,110,18,detail_schedule,1,material_detail,,4. 材料費,4,5,5,True
N03,龍埔成長,110,18,detail_schedule,2,material_detail,,4. 材料費,4,5,5,True
N03,龍埔成長,110,19,note,1,maintenance_detail,,5. 維護費,4,4,4,True
N03,龍埔成長,110,19,note,2,maintenance_detail,,5. 維護費,4,4,4,True
N03,龍埔成長,110,19,note,3,other_income_expense,,6. 其他收入及其他支出,3,4,4,True
N03,龍埔成長,110,19,note,4,other_income_expense,,6. 其他收入及其他支出,3,4,4,True
N03,龍埔成長,110,20,detail_schedule,1,project_subsidy,,(1)　專案補助收入及支出,3,8,8,True
N03,龍埔成長,110,20,detail_schedule,2,project_subsidy,,(1)　專案補助收入及支出,3,7,7,True
N03,龍埔成長,110,20,detail_schedule,3,agency_subsidy,,(2)　代收補助收入及支出,3,3,3,True
N03,龍埔成長,110,20,detail_schedule,4,agency_subsidy,,(2)　代收補助收入及支出,3,3,3,True
N03,龍埔成長,110,20,detail_schedule,5,agency_passthrough,,(3)　代收代付收入及支出,3,5,5,True
N03,龍埔成長,110,21,note,1,unrouted,,,3,5,5,True
N03,龍埔成長,110,21,note,2,surplus_execution,龍埔成長幼兒園之賸餘款執行概況表,,1,4,4,True
N03,龍埔成長,110,21,note,3,admin_fee,行政管理費,,2,1,1,True
N03,龍埔成長,110,22,note,1,payables,其他應付款,,2,1,1,True
N03,龍埔成長,110,23,detail_schedule,1,income_by_function,收支餘絀表－功能別,附表一：收支餘絀表-功能別,1,17,13,True
N03,龍埔成長,110,23,detail_schedule,2,income_by_function,,附表一：收支餘絀表-功能別,1,4,4,True
N03,龍埔成長,110,24,detail_schedule,1,budget_transfer,經費流用及勻支檢查表,附表二：經費流用及勻支檢查表,4,30,30,True
N03,龍埔成長,110,25,detail_schedule,1,multiyear_compare,各學年收支預決算比較表,附表三：各學年收支預決算比較表,8,30,30,True
N03,龍埔成長,110,26,detail_schedule,1,unrouted,,,8,32,31,True
N03,龍埔成長,110,27,property_list,1,property,財產清冊,,5,31,31,True
N03,龍埔成長,110,28,property_list,1,unrouted,,,1,27,26,True
N03,龍埔成長,110,29,property_list,1,property,2.購置財產,,7,15,15,True
N03,龍埔成長,110,30,other,1,auditor_checklist,110學年度第2學期會計師查核附表,,3,23,19,True
N03,龍埔成長,110,31,detail_schedule,1,unrouted,,,4,3,3,True
N03,龍埔成長,110,32,detail_schedule,1,auditor_checklist,查核項目,,3,14,0,True
N03,龍埔成長,110,33,detail_schedule,1,unrouted,,,3,10,0,True
N03,龍埔成長,110,34,auditor_report,1,auditor_checklist,查核項目,,3,14,0,True
N03,龍埔成長,110,35,detail_schedule,1,performance_review,110學年度績效考評,,1,13,2,True
N03,龍埔成長,110,36,auditor_report,1,unrouted,,,3,7,4,True
N03,龍埔成長,111,8,equity_change,1,equity_change,淨值變動表,,3,7,7,True
N03,龍埔成長,111,9,cash_flow,1,cash_flow,現金流量表,,2,21,14,True
N03,龍埔成長,111,14,note,1,cash_detail,,(一) 現金及銀行存款,2,4,4,True
N03,龍埔成長,111,14,note,2,severance_reserve,,1. 資遣費準備,2,3,3,True
N03,龍埔成長,111,14,note,3,severance_reserve,,1. 資遣費準備,2,1,1,True
N03,龍埔成長,111,14,note,4,development_reserve,,2. 業務發展準備,2,3,3,True
N03,龍埔成長,111,15,note,1,development_reserve,,業務發展準備金,2,1,1,True
N03,龍埔成長,111,15,note,2,property,,1. 代管財產,4,1,1,True
N03,龍埔成長,111,15,note,3,property,,1. 代管財產,4,1,1,True
N03,龍埔成長,111,15,note,4,property,,2. 購置財產,4,1,1,True
N03,龍埔成長,111,15,note,5,property,,2. 購置財產,4,1,1,True
N03,龍埔成長,111,15,note,6,unrouted,,1. 教保費收入,2,10,8,True
N03,龍埔成長,111,16,detail_schedule,1,personnel_detail,,2. 人事費,4,12,12,True
N03,龍埔成長,111,16,detail_schedule,2,personnel_detail,,2. 人事費,4,12,12,True
N03,龍埔成長,111,17,detail_schedule,1,operating_detail,,3. 業務費,4,16,16,True
N03,龍埔成長,111,17,detail_schedule,2,operating_detail,,3. 業務費,4,16,16,True
N03,龍埔成長,111,18,detail_schedule,1,material_detail,,4. 材料費,4,5,5,True
N03,龍埔成長,111,18,detail_schedule,2,material_detail,,4. 材料費,4,5,5,True
N03,龍埔成長,111,18,detail_schedule,3,maintenance_detail,,5. 維護費,4,4,4,True
N03,龍埔成長,111,18,detail_schedule,4,maintenance_detail,,5. 維護費,4,4,4,True
N03,龍埔成長,111,19,note,1,other_income_expense,,6. 其他收入及其他支出,3,4,4,True
N03,龍埔成長,111,19,note,2,other_income_expense,,6. 其他收入及其他支出,3,4,4,True
N03,龍埔成長,111,19,note,3,project_subsidy,,(1) 專案補助收入及支出,3,10,10,True
N03,龍埔成長,111,23,detail_schedule,1,income_by_function,收支餘絀表-功能別,附表一：收支餘絀表-功能別,1,17,14,True
N03,龍埔成長,111,23,detail_schedule,2,income_by_function,,附表一：收支餘絀表-功能別,1,4,4,True
N03,龍埔成長,111,24,detail_schedule,1,budget_transfer,經費流用及勻支檢查表,附表二：經費流用及勻支檢查表,5,30,30,True
N03,龍埔成長,111,25,detail_schedule,1,multiyear_compare,各學年收支預決算比較表,附表三：各學年收支預決算比較表,12,32,31,True
N03,龍埔成長,111,26,detail_schedule,1,unrouted,,,12,31,30,True
N03,龍埔成長,112,8,equity_change,1,equity_change,淨值變動表,,3,7,7,True
N03,龍埔成長,112,9,cash_flow,1,cash_flow,現金流量表,,2,21,14,True
N03,龍埔成長,112,14,note,1,cash_detail,,(一) 現金及銀行存款,2,4,4,True
N03,龍埔成長,112,14,note,2,severance_reserve,,1. 資遣費準備,2,3,3,True
N03,龍埔成長,112,14,note,3,severance_reserve,,1. 資遣費準備,2,1,1,True
N03,龍埔成長,112,15,note,1,development_reserve,,2. 業務發展準備,2,3,3,True
N03,龍埔成長,112,15,note,2,development_reserve,,2. 業務發展準備,2,1,1,True
N03,龍埔成長,112,15,note,3,property,,1. 代管財產,4,1,1,True
N03,龍埔成長,112,15,note,4,property,,1. 代管財產,4,1,1,True
N03,龍埔成長,112,15,note,5,property,,2. 購置財產,4,1,1,True
N03,龍埔成長,112,15,note,6,property,,2. 購置財產,4,1,1,True
N03,龍埔成長,112,16,detail_schedule,1,unrouted,,(四) 收支明細表 1. 教保費收入,2,10,8,True
N03,龍埔成長,112,16,detail_schedule,2,personnel_detail,,(四) 收支明細表 2. 人事費,4,12,12,True
N03,龍埔成長,112,16,detail_schedule,3,personnel_detail,,(四) 收支明細表 2. 人事費,4,4,4,True
N03,龍埔成長,112,17,detail_schedule,1,personnel_detail,,人事費明細（續）,4,8,8,True
N03,龍埔成長,112,17,detail_schedule,2,operating_detail,,3. 業務費,4,16,16,True
N03,龍埔成長,112,18,detail_schedule,1,operating_detail,,業務費,4,16,16,True
N03,龍埔成長,112,18,detail_schedule,2,material_detail,,4. 材料費,4,5,5,True
N03,龍埔成長,112,18,detail_schedule,3,material_detail,,4. 材料費,4,5,5,True
N03,龍埔成長,112,19,detail_schedule,1,maintenance_detail,,5. 維護費,4,4,4,True
N03,龍埔成長,112,19,detail_schedule,2,maintenance_detail,,5. 維護費,4,4,4,True
N03,龍埔成長,112,19,detail_schedule,3,unrouted,,6. 延長照顧服務收支,2,5,5,True
N03,龍埔成長,112,20,note,1,other_income_expense,,7. 其他收入及其他支出,3,4,4,True
N03,龍埔成長,112,20,note,2,other_income_expense,,7. 其他收入及其他支出,3,4,4,True
N03,龍埔成長,112,20,note,3,project_subsidy,,(1) 專案補助收入及支出,3,10,10,True
N03,龍埔成長,112,20,note,4,project_subsidy,,(1) 專案補助收入及支出,3,10,10,True
N03,龍埔成長,112,24,detail_schedule,1,income_by_function,收支餘絀表-功能別,附表一：收支餘絀表-功能別,1,17,14,True
N03,龍埔成長,112,24,detail_schedule,2,unrouted,,"補充說明：教保費收支淨額金額為2,572,299元，分析如下：",1,4,4,True
N03,龍埔成長,112,25,detail_schedule,1,budget_transfer,經費流用及勻支檢查表,附表二：經費流用及勻支檢查表,4,30,30,True
N03,龍埔成長,112,26,detail_schedule,1,unrouted,各學年收支預算比較表,附表三：各學年收支預算比較表,16,26,26,True
N03,龍埔成長,112,27,detail_schedule,1,unrouted,,,16,36,35,True
N03,龍埔成長,113,5,balance_sheet,1,balance_sheet,資產負債表,,2,34,29,True
N03,龍埔成長,113,6,income_statement,1,income_statement,收支餘絀表,,4,22,19,True
N03,龍埔成長,113,7,income_statement,1,income_statement,收支餘絀表,,4,22,19,True
N03,龍埔成長,113,8,equity_change,1,equity_change,淨值變動表,,3,7,7,True
N03,龍埔成長,113,9,cash_flow,1,cash_flow,現金流量表,,2,21,14,True
N03,龍埔成長,113,14,note,1,cash_detail,,(一) 現金及銀行存款,2,4,4,True
N03,龍埔成長,113,14,note,2,severance_reserve,,1. 資遣費準備,2,3,3,True
N03,龍埔成長,113,15,note,1,severance_reserve,,資遣費準備金,2,1,1,True
N03,龍埔成長,113,15,note,2,development_reserve,,2. 業務發展準備,2,3,3,True
N03,龍埔成長,113,15,note,3,development_reserve,,2. 業務發展準備,2,1,1,True
N03,龍埔成長,113,15,note,4,property,,1. 代管財產,4,1,1,True
N03,龍埔成長,113,15,note,5,property,,1. 代管財產,4,1,1,True
N03,龍埔成長,113,15,note,6,property,,2. 購置財產,4,1,1,True
N03,龍埔成長,113,15,note,7,property,,2. 購置財產,4,1,1,True
N03,龍埔成長,113,16,detail_schedule,1,unrouted,,(四) 收支明細表 1. 教保費收入,2,11,9,True
N03,龍埔成長,113,16,detail_schedule,2,personnel_detail,,(四) 收支明細表 2. 人事費,4,11,11,True
N03,龍埔成長,113,16,detail_schedule,3,personnel_detail,,(四) 收支明細表 2. 人事費,4,5,5,True
N03,龍埔成長,113,17,detail_schedule,1,personnel_detail,,人事費明細表（上接前頁）,4,7,7,True
N03,龍埔成長,113,17,detail_schedule,2,operating_detail,業務費,3.　業務費,4,16,16,True
N03,龍埔成長,113,18,detail_schedule,1,operating_detail,,業務費,4,16,16,True
N03,龍埔成長,113,18,detail_schedule,2,material_detail,材料費,4. 材料費,4,5,5,True
N03,龍埔成長,113,19,detail_schedule,1,material_detail,,材料費,4,5,5,True
N03,龍埔成長,113,19,detail_schedule,2,maintenance_detail,維護費,5. 維護費及修繕購置費,4,4,4,True
N03,龍埔成長,113,19,detail_schedule,3,maintenance_detail,修繕購置費,5. 維護費及修繕購置費,4,1,1,True
N03,龍埔成長,113,19,detail_schedule,4,maintenance_detail,維護費,5. 維護費及修繕購置費,4,4,4,True
N03,龍埔成長,113,19,detail_schedule,5,maintenance_detail,修繕購置費,5. 維護費及修繕購置費,4,1,1,True
N03,龍埔成長,113,20,note,1,unrouted,,6. 延長照顧服務收支,2,5,5,True
N03,龍埔成長,113,20,note,2,other_income_expense,,7. 其他收入及其他支出,3,4,4,True
N03,龍埔成長,113,20,note,3,other_income_expense,,7. 其他收入及其他支出,3,4,4,True
N03,龍埔成長,113,20,note,4,project_subsidy,,(1) 專案補助收入及支出,3,7,7,True
N03,龍埔成長,113,21,note,1,unrouted,,,3,10,10,True
N03,龍埔成長,113,21,note,2,agency_subsidy,(2) 代收補助收入及支出,,3,1,1,True
N03,龍埔成長,113,21,note,3,unrouted,,,3,3,3,True
N03,龍埔成長,113,21,note,4,agency_passthrough,(3) 代收代付收入及支出,,3,1,1,True
N03,龍埔成長,113,21,note,5,unrouted,,,3,1,1,True
N03,龍埔成長,113,22,note,1,surplus_execution,龍埔成長幼兒園之賸餘款執行概況表,,1,3,3,True
N03,龍埔成長,113,22,note,2,related_party,(一)關係人之名稱及關係,,1,1,0,True
N03,龍埔成長,113,22,note,3,admin_fee,1. 行政管理費,,2,1,1,True
N03,龍埔成長,113,22,note,4,payables,2. 其他應付款,,2,1,1,True
N03,龍埔成長,113,24,detail_schedule,1,income_by_function,收支餘絀表-功能別,附表一：收支餘絀表-功能別,1,17,15,True
N03,龍埔成長,113,24,detail_schedule,2,unrouted,,"補充說明：教保費收支淨額金額為854,150元，分析如下：",1,4,4,True
N03,龍埔成長,113,25,detail_schedule,1,budget_transfer,經費流用及勻支檢查表,附表二：經費流用及勻支檢查表,4,30,30,True
N03,龍埔成長,113,26,detail_schedule,1,multiyear_compare,各學年收支預決算比較表,附表三：各學年收支預決算比較表,4,33,33,True
N03,龍埔成長,113,27,detail_schedule,1,unrouted,,,4,28,27,True
N03,龍埔成長,113,28,property_list,1,property,財產清冊,,1,31,0,True
N03,龍埔成長,113,29,property_list,1,unrouted,,,3,28,28,True
N03,龍埔成長,113,30,property_list,1,property,2. 購置財產,,5,27,27,True
N03,龍埔成長,113,31,auditor_report,1,auditor_checklist,113學年度第2學期會計師查核附表,,3,22,19,True
N03,龍埔成長,113,32,detail_schedule,1,auditor_checklist,查核項目（是否符合）,,3,21,21,True
N03,龍埔成長,113,32,detail_schedule,2,personnel_detail,人事費補充說明,,4,3,3,True
N03,龍埔成長,113,33,detail_schedule,1,unrouted,,,3,14,14,True
N03,龍埔成長,113,33,detail_schedule,2,operating_detail,業務費補充說明,,4,2,2,True
N03,龍埔成長,113,34,other,1,unrouted,,,3,15,11,True
N03,龍埔成長,113,35,auditor_report,1,unrouted,,,3,3,0,True
N03,龍埔成長,113,36,auditor_report,1,auditor_checklist,查核項目,,3,4,0,True
N03,龍埔成長,113,37,other,1,performance_review,113學年度績效考評,,1,5,3,True
N03,龍埔成長,113,38,auditor_report,1,unrouted,,,5,10,4,True
N03,龍埔成長,113,38,auditor_report,2,unrouted,其他特殊情形：（採總分外扣方式，扣至總分0分止）,,4,4,0,True
N04,海工,110,5,balance_sheet,1,balance_sheet,資產負債表,,4,29,24,True
N04,海工,110,6,income_statement,1,income_statement,收支餘絀表,,4,22,19,True
N04,海工,110,7,income_statement,1,income_statement,收支餘絀表,,4,22,20,True
N04,海工,110,8,equity_change,1,equity_change,淨值變動表,,3,7,7,True
N04,海工,110,9,cash_flow,1,cash_flow,現金流量表,,2,21,13,True
N04,海工,110,14,note,1,cash_detail,,(一) 現金及銀行存款,2,3,3,True
N04,海工,110,14,note,2,severance_reserve,,1. 資遣費準備,2,4,4,True
N04,海工,110,14,note,3,severance_reserve,,1. 資遣費準備,2,1,1,True
N04,海工,110,14,note,4,development_reserve,,2. 業務發展準備,2,3,3,True
N04,海工,110,15,note,1,development_reserve,,業務發展準備金,2,1,1,True
N04,海工,110,15,note,2,property,,1. 代管財產,4,1,1,True
N04,海工,110,15,note,3,property,,1. 代管財產,4,1,1,True
N04,海工,110,15,note,4,property,,2. 購置財產,4,1,1,True
N04,海工,110,15,note,5,property,,2. 購置財產,4,1,1,True
N04,海工,110,15,note,6,unrouted,,1. 教保費收入,2,9,7,True
N04,海工,110,16,detail_schedule,1,personnel_detail,,2. 人事費,4,11,11,True
N04,海工,110,16,detail_schedule,2,personnel_detail,,2. 人事費,4,11,11,True
N04,海工,110,17,detail_schedule,1,operating_detail,,3. 業務費,4,16,16,True
N04,海工,110,17,detail_schedule,2,operating_detail,,3. 業務費,4,16,16,True
N04,海工,110,18,detail_schedule,1,material_detail,,4.　材料費,4,5,5,True
N04,海工,110,18,detail_schedule,2,material_detail,,4.　材料費,4,5,5,True
N04,海工,110,19,note,1,maintenance_detail,,5. 維護費,4,4,4,True
N04,海工,110,19,note,2,maintenance_detail,,5. 維護費,4,4,4,True
N04,海工,110,19,note,3,other_income_expense,,6. 其他收入及其他支出,3,4,4,True
N04,海工,110,19,note,4,other_income_expense,,6. 其他收入及其他支出,3,4,4,True
N04,海工,110,20,detail_schedule,1,project_subsidy,,(1) 專案補助收入及支出,3,7,7,True
N04,海工,110,20,detail_schedule,2,project_subsidy,,(1) 專案補助收入及支出,3,4,4,True
N04,海工,110,20,detail_schedule,3,agency_subsidy,,(2) 代收補助收入及支出,3,3,3,True
N04,海工,110,20,detail_schedule,4,agency_subsidy,,(2) 代收補助收入及支出,3,4,4,True
N04,海工,110,20,detail_schedule,5,agency_passthrough,,(3) 代收代付收入及支出,3,1,1,True
N04,海工,110,20,detail_schedule,6,agency_passthrough,,(3) 代收代付收入及支出,3,1,1,True
N04,海工,110,21,note,1,surplus_execution,海工幼兒園之賸餘款執行概況表,,1,4,4,True
N04,海工,110,21,note,2,admin_fee,1. 行政管理費,,2,1,1,True
N04,海工,110,21,note,3,payables,2. 其他應付款,,2,1,1,True
N04,海工,110,23,detail_schedule,1,income_by_function,收支餘絀表-功能別,附表一：收支餘絀表-功能別,1,17,14,True
N04,海工,110,23,detail_schedule,2,unrouted,,補充說明：,1,4,4,True
N04,海工,110,24,detail_schedule,1,budget_transfer,經費流用及勻支檢查表,附表二：經費流用及勻支檢查表,4,30,30,True
N04,海工,110,25,detail_schedule,1,multiyear_compare,各學年收支預決算比較表,附表三：各學年收支預決算比較表,8,30,28,True
N04,海工,110,26,detail_schedule,1,unrouted,,,8,32,32,True
N04,海工,110,27,property_list,1,property,財產清冊　民國111年7月31日　1.代管財產,,3,36,35,True
N04,海工,110,28,property_list,1,property,2.購置財產,,8,10,10,True
N04,海工,110,29,other,1,unrouted,新北市海工非營利幼兒園 110 學年第 2 學期直轄市、縣（市）主管機關到園檢查表,,2,4,4,True
N04,海工,110,30,auditor_report,1,auditor_checklist,110學年度第2學期會計師查核附表,,3,22,19,True
N04,海工,110,31,detail_schedule,1,unrouted,,,3,23,23,True
N04,海工,110,31,detail_schedule,2,personnel_detail,人事費補充說明,,4,1,1,True
N04,海工,110,32,detail_schedule,1,operating_detail,業務費補充說明,,4,5,5,True
N04,海工,110,33,detail_schedule,1,unrouted,,,4,3,3,True
N04,海工,110,34,auditor_report,1,auditor_checklist,查核項目,,3,16,8,True
N04,海工,110,35,detail_schedule,1,performance_review,110學年度績效考評,,1,13,2,True
N04,海工,110,36,auditor_report,1,unrouted,,,3,7,4,True
N04,海工,111,8,equity_change,1,equity_change,淨值變動表,,3,7,7,True
N04,海工,111,9,cash_flow,1,cash_flow,現金流量表,,2,18,11,True
N04,海工,111,14,note,1,cash_detail,,(一) 現金及銀行存款,2,3,3,True
N04,海工,111,14,note,2,severance_reserve,,1. 資遣費準備,2,3,3,True
N04,海工,111,14,note,3,severance_reserve,,1. 資遣費準備,2,1,1,True
N04,海工,111,14,note,4,development_reserve,,2. 業務發展準備,2,3,3,True
N04,海工,111,14,note,5,development_reserve,,2. 業務發展準備,2,1,1,True
N04,海工,111,15,note,1,property,,(三) 營運資產 1. 代管財產,4,1,1,True
N04,海工,111,15,note,2,property,,(三) 營運資產 1. 代管財產,4,1,1,True
N04,海工,111,15,note,3,property,,(三) 營運資產 2. 購置財產,4,1,1,True
N04,海工,111,15,note,4,property,,(三) 營運資產 2. 購置財產,4,1,1,True
N04,海工,111,15,note,5,unrouted,,(四) 收支明細表 1. 教保費收入,2,9,7,True
N04,海工,111,16,detail_schedule,1,personnel_detail,,2. 人事費,4,11,11,True
N04,海工,111,16,detail_schedule,2,personnel_detail,,2. 人事費,4,11,11,True
N04,海工,111,17,detail_schedule,1,operating_detail,,3. 業務費,4,16,16,True
N04,海工,111,17,detail_schedule,2,operating_detail,,3. 業務費,4,16,16,True
N04,海工,111,18,detail_schedule,1,material_detail,,4. 材料費,4,5,5,True
N04,海工,111,18,detail_schedule,2,material_detail,,4. 材料費,4,5,5,True
N04,海工,111,19,note,1,maintenance_detail,,5. 維護費,4,4,4,True
N04,海工,111,19,note,2,maintenance_detail,,5. 維護費,4,4,4,True
N04,海工,111,19,note,3,other_income_expense,,6. 其他收入及其他支出,3,4,4,True
N04,海工,111,19,note,4,other_income_expense,,6. 其他收入及其他支出,3,4,4,True
N04,海工,111,20,detail_schedule,1,project_subsidy,,(1) 專案補助收入及支出,3,9,9,True
N04,海工,111,20,detail_schedule,2,project_subsidy,,(1) 專案補助收入及支出,3,7,7,True
N04,海工,111,20,detail_schedule,3,agency_subsidy,,(2) 代收補助收入及支出,3,3,3,True
N04,海工,111,20,detail_schedule,4,agency_subsidy,,(2) 代收補助收入及支出,3,3,3,True
N04,海工,111,20,detail_schedule,5,agency_passthrough,,(3) 代收代付收入及支出,3,1,1,True
N04,海工,111,23,detail_schedule,1,income_by_function,收支餘絀表-功能別,附表一：收支餘絀表-功能別,1,17,14,True
N04,海工,111,23,detail_schedule,2,unrouted,,補充說明：,1,4,4,True
N04,海工,111,24,detail_schedule,1,budget_transfer,經費流用及勻支檢查表,附表二：經費流用及勻支檢查表,4,30,30,True
N04,海工,111,25,detail_schedule,1,multiyear_compare,各學年收支預決算比較表,附表三：各學年收支預決算比較表,12,30,30,True
N04,海工,111,26,detail_schedule,1,unrouted,,,12,30,30,True
N04,海工,112,8,equity_change,1,equity_change,淨值變動表,,3,7,7,True
N04,海工,112,9,cash_flow,1,cash_flow,現金流量表,,2,18,11,True
N04,海工,112,14,note,1,cash_detail,,(一) 現金及銀行存款,2,3,3,True
N04,海工,112,14,note,2,severance_reserve,,1. 資遣費準備,2,3,3,True
N04,海工,112,14,note,3,severance_reserve,,1. 資遣費準備,2,1,1,True
N04,海工,112,14,note,4,development_reserve,,2. 業務發展準備,2,3,3,True
N04,海工,112,15,note,1,development_reserve,,戶或定期存款提存之業務發展準備金餘額如下：,2,1,1,True
N04,海工,112,15,note,2,property,,1. 代管財產,4,1,1,True
N04,海工,112,15,note,3,property,,1. 代管財產,4,1,1,True
N04,海工,112,15,note,4,property,,2. 購置財產,4,1,1,True
N04,海工,112,15,note,5,property,,2. 購置財產,4,1,1,True
N04,海工,112,15,note,6,unrouted,,1. 教保費收入,2,9,7,True
N04,海工,112,16,detail_schedule,1,personnel_detail,,2. 人事費,4,11,11,True
N04,海工,112,16,detail_schedule,2,personnel_detail,,2. 人事費,4,11,11,True
N04,海工,112,17,detail_schedule,1,operating_detail,,3. 業務費,4,16,16,True
N04,海工,112,17,detail_schedule,2,operating_detail,,3. 業務費,4,16,16,True
N04,海工,112,18,note,1,material_detail,,4.　材料費,4,5,5,True
N04,海工,112,18,note,2,material_detail,,4.　材料費,4,5,5,True
N04,海工,112,19,note,1,maintenance_detail,,5. 維護費,4,4,4,True
N04,海工,112,19,note,2,maintenance_detail,,5. 維護費,4,4,4,True
N04,海工,112,19,note,3,unrouted,,6. 延長照顧服務收支,2,5,5,True
N04,海工,112,19,note,4,other_income_expense,,7. 其他收入及其他支出,3,4,4,True
N04,海工,112,20,detail_schedule,1,project_subsidy,,(1) 專案補助收入及支出,3,4,4,True
N04,海工,112,20,detail_schedule,2,project_subsidy,,(1) 專案補助收入及支出,3,7,7,True
N04,海工,112,20,detail_schedule,3,project_subsidy,,(1) 專案補助收入及支出,3,9,9,True
N04,海工,112,20,detail_schedule,4,agency_subsidy,,(2) 代收補助收入及支出,3,3,3,True
N04,海工,112,20,detail_schedule,5,agency_subsidy,,(2) 代收補助收入及支出,3,3,3,True
N04,海工,112,24,detail_schedule,1,income_by_function,收支餘絀表-功能別,附表一：收支餘絀表-功能別,1,17,14,True
N04,海工,112,24,detail_schedule,2,income_by_function,,附表一：收支餘絀表-功能別,1,4,4,True
N04,海工,112,25,detail_schedule,1,budget_transfer,經費流用及勻支檢查表,附表二：經費流用及勻支檢查表,5,30,30,True
N04,海工,112,26,detail_schedule,1,multiyear_compare,各學年收支預決算比較表,附表三：各學年收支預決算比較表,16,26,26,True
N04,海工,112,27,detail_schedule,1,unrouted,,,16,35,35,True
N04,海工,113,5,balance_sheet,1,balance_sheet,資產負債表,,4,29,24,True
N04,海工,113,6,income_statement,1,income_statement,收支餘絀表,,4,22,19,True
N04,海工,113,7,income_statement,1,income_statement,收支餘絀表,,4,22,19,True
N04,海工,113,8,equity_change,1,equity_change,淨值變動表,,3,7,7,True
N04,海工,113,9,cash_flow,1,cash_flow,現金流量表,,2,19,12,True
N04,海工,113,14,note,1,cash_detail,,(一) 現金及銀行存款,2,3,3,True
N04,海工,113,14,note,2,severance_reserve,,1. 資遣費準備,2,3,3,True
N04,海工,113,15,note,1,severance_reserve,,資遣費準備金,2,1,1,True
N04,海工,113,15,note,2,development_reserve,,2. 業務發展準備,2,3,3,True
N04,海工,113,15,note,3,development_reserve,,2. 業務發展準備,2,1,1,True
N04,海工,113,15,note,4,property,,1. 代管財產,4,1,1,True
N04,海工,113,15,note,5,property,,1. 代管財產,4,1,1,True
N04,海工,113,15,note,6,property,,2. 購置財產,4,1,1,True
N04,海工,113,15,note,7,property,,2. 購置財產,4,1,1,True
N04,海工,113,16,detail_schedule,1,unrouted,,(四) 收支明細表,2,10,8,True
N04,海工,113,16,detail_schedule,2,personnel_detail,,2. 人事費,4,11,11,True
N04,海工,113,16,detail_schedule,3,personnel_detail,,2. 人事費,4,7,7,True
N04,海工,113,17,detail_schedule,1,personnel_detail,,人事費,4,4,4,True
N04,海工,113,17,detail_schedule,2,operating_detail,,3. 業務費,4,16,16,True
N04,海工,113,17,detail_schedule,3,operating_detail,,3. 業務費,4,4,4,True
N04,海工,113,18,detail_schedule,1,unrouted,,,4,12,12,True
N04,海工,113,18,detail_schedule,2,material_detail,,4. 材料費,4,5,5,True
N04,海工,113,19,detail_schedule,1,unrouted,,,4,5,5,True
N04,海工,113,19,detail_schedule,2,maintenance_detail,,5.　維護費及修繕購置費,4,5,4,True
N04,海工,113,19,detail_schedule,3,maintenance_detail,,5.　維護費及修繕購置費,4,1,1,True
N04,海工,113,20,note,1,maintenance_detail,,維護費,4,4,4,True
N04,海工,113,20,note,2,maintenance_detail,,維護費,4,1,1,True
N04,海工,113,20,note,3,unrouted,,6. 延長照顧服務收支,2,5,4,True
N04,海工,113,20,note,4,other_income_expense,,7. 其他收入及其他支出,3,4,4,True
N04,海工,113,21,detail_schedule,1,unrouted,,,3,4,4,True
N04,海工,113,21,detail_schedule,2,project_subsidy,,(1) 專案補助收入及支出,3,6,6,True
N04,海工,113,21,detail_schedule,3,project_subsidy,,(1) 專案補助收入及支出,3,7,7,True
N04,海工,113,21,detail_schedule,4,agency_subsidy,,(2) 代收補助收入及支出,3,1,1,True
N04,海工,113,21,detail_schedule,5,agency_subsidy,,(2) 代收補助收入及支出,3,3,3,True
N04,海工,113,21,detail_schedule,6,agency_passthrough,,(3) 代收代付收入及支出,3,1,1,True
N04,海工,113,22,note,1,unrouted,,,3,1,1,True
N04,海工,113,22,note,2,surplus_execution,海工幼兒園之賸餘款執行概況表,,1,3,3,True
N04,海工,113,22,note,3,admin_fee,1. 行政管理費,,2,1,1,True
N04,海工,113,23,note,1,payables,其他應付款,,2,1,1,True
N04,海工,113,24,detail_schedule,1,income_by_function,收支餘絀表-功能別,附表一：收支餘絀表-功能別,1,17,14,True
N04,海工,113,24,detail_schedule,2,unrouted,,"補充說明：教保費收支淨額金額為 608,237 元，分析如下：",1,4,4,True
N04,海工,113,25,detail_schedule,1,budget_transfer,經費流用及勻支檢查表,附表二：經費流用及勻支檢查表,4,30,30,True
N04,海工,113,26,detail_schedule,1,multiyear_compare,各學年收支預決算比較表,附表三：各學年收支預決算比較表,4,33,33,True
N04,海工,113,27,detail_schedule,1,unrouted,,,4,27,26,True
N04,海工,113,28,property_list,1,property,財產清冊,,5,30,30,True
N04,海工,113,29,property_list,1,unrouted,,,5,2,2,True
N04,海工,113,29,property_list,2,property,2.購置財產,,5,13,13,True
N04,海工,113,30,auditor_report,1,auditor_checklist,113學年度第2學期會計師查核附表,,3,22,19,True
N04,海工,113,31,detail_schedule,1,unrouted,,,3,14,14,True
N04,海工,113,31,detail_schedule,2,personnel_detail,人事費補充說明,,4,1,1,True
N04,海工,113,31,detail_schedule,3,unrouted,,,3,9,9,True
N04,海工,113,32,detail_schedule,1,unrouted,,,3,12,12,True
N04,海工,113,32,detail_schedule,2,operating_detail,業務費補充說明,,4,6,6,True
N04,海工,113,33,auditor_report,1,unrouted,,,4,2,2,True
N04,海工,113,34,auditor_report,1,unrouted,,,3,6,6,True
N04,海工,113,35,auditor_report,1,auditor_checklist,查核項目,,3,4,4,True
N04,海工,113,36,detail_schedule,1,performance_review,113學年度績效考評,,1,5,3,True
N04,海工,113,37,other,1,unrouted,,,1,4,4,True
N04,海工,113,37,other,2,unrouted,其他特殊情形：（採總分外扣方式，扣至總分0分止）,,1,1,0,True
N05,漢翔,110,5,balance_sheet,1,balance_sheet,資產負債表,,4,31,26,True
N05,漢翔,110,6,income_statement,1,income_statement,收支餘絀表,,4,22,20,True
N05,漢翔,110,7,income_statement,1,income_statement,收支餘絀表,,4,22,20,True
N05,漢翔,110,8,equity_change,1,equity_change,淨值變動表,,3,7,7,True
N05,漢翔,110,9,cash_flow,1,cash_flow,現金流量表,,2,21,14,True
N05,漢翔,110,14,note,1,cash_detail,,(一) 現金及銀行存款,2,3,3,True
N05,漢翔,110,14,note,2,severance_reserve,,1. 資遣費準備,2,3,3,True
N05,漢翔,110,14,note,3,severance_reserve,,1. 資遣費準備,2,1,1,True
N05,漢翔,110,14,note,4,development_reserve,,2. 業務發展準備,2,3,3,True
N05,漢翔,110,15,note,1,unrouted,,(三) 營運資產,2,1,1,True
N05,漢翔,110,15,note,2,property,,1. 代管財產,4,1,1,True
N05,漢翔,110,15,note,3,property,,1. 代管財產,4,1,1,True
N05,漢翔,110,15,note,4,property,,2. 購置財產,4,1,1,True
N05,漢翔,110,15,note,5,property,,2. 購置財產,4,1,1,True
N05,漢翔,110,15,note,6,unrouted,,1. 教保費收入,2,9,7,True
N05,漢翔,110,16,detail_schedule,1,personnel_detail,,2. 人事費,4,12,12,True
N05,漢翔,110,16,detail_schedule,2,personnel_detail,,2. 人事費,4,12,12,True
N05,漢翔,110,17,detail_schedule,1,operating_detail,,3. 業務費,4,16,16,True
N05,漢翔,110,17,detail_schedule,2,operating_detail,,3. 業務費,4,16,16,True
N05,漢翔,110,18,detail_schedule,1,material_detail,,4. 材料費,4,5,5,True
N05,漢翔,110,18,detail_schedule,2,material_detail,,4. 材料費,4,5,5,True
N05,漢翔,110,19,detail_schedule,1,maintenance_detail,,5. 維護費,4,4,4,True
N05,漢翔,110,19,detail_schedule,2,maintenance_detail,,5. 維護費,4,4,4,True
N05,漢翔,110,19,detail_schedule,3,other_income_expense,,6. 其他收入及其他支出,3,4,4,True
N05,漢翔,110,19,detail_schedule,4,other_income_expense,,6. 其他收入及其他支出,3,4,4,True
N05,漢翔,110,20,detail_schedule,1,project_subsidy,,(1) 專案補助收入及支出,3,9,9,True
N05,漢翔,110,20,detail_schedule,2,project_subsidy,,(1) 專案補助收入及支出,3,7,7,True
N05,漢翔,110,20,detail_schedule,3,agency_subsidy,,(2) 代收補助收入及支出,3,4,4,True
N05,漢翔,110,20,detail_schedule,4,agency_subsidy,,(2) 代收補助收入及支出,3,5,5,True
N05,漢翔,110,21,note,1,agency_passthrough,代收代付收入及支出,,3,3,3,True
N05,漢翔,110,21,note,2,agency_passthrough,代收代付收入及支出,,3,3,3,True
N05,漢翔,110,21,note,3,surplus_execution,漢翔幼兒園之賸餘款執行概況表,,1,4,4,True
N05,漢翔,110,22,note,1,related_party,(一）關係人之名稱及關係,,2,1,0,True
N05,漢翔,110,22,note,2,admin_fee,1. 行政管理費,,2,1,1,True
N05,漢翔,110,22,note,3,payables,2. 其他應付款,,2,1,1,True
N05,漢翔,110,24,detail_schedule,1,income_by_function,收支餘絀表－功能別,附表一：收支餘絀表-功能別,1,17,15,True
N05,漢翔,110,24,detail_schedule,2,income_by_function,,附表一：收支餘絀表-功能別,1,4,4,True
N05,漢翔,110,25,detail_schedule,1,budget_transfer,經費流用及勻支檢查表,附表二：經費流用及勻支檢查表,4,30,30,True
N05,漢翔,110,26,detail_schedule,1,multiyear_compare,各學年收支預決算比較表,附表三：各學年收支預決算比較表,8,29,29,True
N05,漢翔,110,27,detail_schedule,1,unrouted,,,8,31,31,True
N05,漢翔,110,28,property_list,1,property,財產清冊,,5,31,31,True
N05,漢翔,110,29,property_list,1,unrouted,,,8,39,39,True
N05,漢翔,110,30,property_list,1,unrouted,,,5,39,39,True
N05,漢翔,110,31,property_list,1,unrouted,,,5,39,39,True
N05,漢翔,110,32,property_list,1,unrouted,,,5,39,39,True
N05,漢翔,110,33,property_list,1,unrouted,,,5,39,39,True
N05,漢翔,110,34,property_list,1,unrouted,,,8,39,39,True
N05,漢翔,110,35,property_list,1,unrouted,,,1,22,22,True
N05,漢翔,110,35,property_list,2,property,2.購置財產,,1,14,14,True
N05,漢翔,110,36,auditor_report,1,auditor_checklist,110學年度第2學期會計師查核附表,,3,22,19,True
N05,漢翔,110,37,detail_schedule,1,unrouted,,,3,2,0,True
N05,漢翔,110,38,auditor_report,1,unrouted,,,3,13,13,True
N05,漢翔,110,39,other,1,unrouted,,,3,8,8,True
N05,漢翔,110,40,auditor_report,1,auditor_checklist,查核項目（續）,,3,7,0,True
N05,漢翔,110,41,detail_schedule,1,performance_review,110學年度績效考評,,3,13,2,True
N05,漢翔,110,42,auditor_report,1,unrouted,,,1,5,4,True
N05,漢翔,111,8,equity_change,1,equity_change,淨值變動表,,3,7,7,True
N05,漢翔,111,9,cash_flow,1,cash_flow,現金流量表,,2,21,14,True
N05,漢翔,111,14,note,1,cash_detail,,(一) 現金及銀行存款,2,3,3,True
N05,漢翔,111,14,note,2,severance_reserve,,1. 資遣費準備,2,3,3,True
N05,漢翔,111,14,note,3,severance_reserve,,1. 資遣費準備,2,1,1,True
N05,漢翔,111,14,note,4,development_reserve,,2. 業務發展準備,2,3,3,True
N05,漢翔,111,15,note,1,development_reserve,,業務發展準備金,2,1,1,True
N05,漢翔,111,15,note,2,property,,(三) 營運資產 1. 代管財產,4,1,1,True
N05,漢翔,111,15,note,3,property,,(三) 營運資產 1. 代管財產,4,1,1,True
N05,漢翔,111,15,note,4,property,,(三) 營運資產 2. 購置財產,4,1,1,True
N05,漢翔,111,15,note,5,property,,(三) 營運資產 2. 購置財產,4,1,1,True
N05,漢翔,111,15,note,6,unrouted,,(四) 收支明細表 1. 教保費收入,2,8,6,True
N05,漢翔,111,16,detail_schedule,1,personnel_detail,,2. 人事費,4,12,12,True
N05,漢翔,111,16,detail_schedule,2,personnel_detail,,2. 人事費,4,12,12,True
N05,漢翔,111,17,detail_schedule,1,operating_detail,,3. 業務費,4,16,16,True
N05,漢翔,111,17,detail_schedule,2,operating_detail,,3. 業務費,4,16,16,True
N05,漢翔,111,18,detail_schedule,1,material_detail,,4. 材料費,4,5,5,True
N05,漢翔,111,18,detail_schedule,2,material_detail,,4. 材料費,4,5,5,True
N05,漢翔,111,19,detail_schedule,1,maintenance_detail,,5. 維護費,4,4,4,True
N05,漢翔,111,19,detail_schedule,2,maintenance_detail,,5. 維護費,4,4,4,True
N05,漢翔,111,19,detail_schedule,3,other_income_expense,,6. 其他收入及其他支出,3,4,4,True
N05,漢翔,111,19,detail_schedule,4,other_income_expense,,6. 其他收入及其他支出,3,4,4,True
N05,漢翔,111,20,note,1,project_subsidy,,(1) 專案補助收入及支出,3,14,13,True
N05,漢翔,111,20,note,2,project_subsidy,,(1) 專案補助收入及支出,3,10,9,True
N05,漢翔,111,20,note,3,agency_subsidy,,(2) 代收補助收入及支出,3,5,4,True
N05,漢翔,111,20,note,4,agency_subsidy,,(2) 代收補助收入及支出,3,5,4,True
N05,漢翔,111,24,detail_schedule,1,income_by_function,收支餘絀表-功能別,附表一：收支餘絀表-功能別,1,17,14,True
N05,漢翔,111,24,detail_schedule,2,unrouted,,補充說明：,1,4,4,True
N05,漢翔,111,25,detail_schedule,1,budget_transfer,經費流用及勻支檢查表,附表二：經費流用及勻支檢查表,4,30,30,True
N05,漢翔,111,26,detail_schedule,1,multiyear_compare,各學年收支預決算比較表,附表三：各學年收支預決算比較表,12,29,29,True
N05,漢翔,111,27,detail_schedule,1,unrouted,,,12,31,31,True
N05,漢翔,112,8,equity_change,1,equity_change,淨值變動表,,3,7,7,True
N05,漢翔,112,9,cash_flow,1,cash_flow,現金流量表,,2,19,12,True
N05,漢翔,112,14,note,1,cash_detail,,(一) 現金及銀行存款,2,3,3,True
N05,漢翔,112,14,note,2,severance_reserve,,1. 資遣費準備,2,3,3,True
N05,漢翔,112,14,note,3,severance_reserve,,1. 資遣費準備,2,1,1,True
N05,漢翔,112,15,note,1,development_reserve,,2. 業務發展準備,2,3,3,True
N05,漢翔,112,15,note,2,development_reserve,,2. 業務發展準備,2,1,1,True
N05,漢翔,112,15,note,3,property,,1. 代管財產,4,1,1,True
N05,漢翔,112,15,note,4,property,,1. 代管財產,4,1,1,True
N05,漢翔,112,15,note,5,property,,2. 購置財產,4,1,1,True
N05,漢翔,112,15,note,6,property,,2. 購置財產,4,1,1,True
N05,漢翔,112,16,detail_schedule,1,unrouted,,(四) 收支明細表 1. 教保費收入,2,11,9,True
N05,漢翔,112,16,detail_schedule,2,personnel_detail,,(四) 收支明細表 2. 人事費,4,12,12,True
N05,漢翔,112,16,detail_schedule,3,personnel_detail,,(四) 收支明細表 2. 人事費,4,3,3,True
N05,漢翔,112,17,detail_schedule,1,unrouted,,,4,9,9,True
N05,漢翔,112,17,detail_schedule,2,operating_detail,,3.　業務費,4,16,16,True
N05,漢翔,112,18,detail_schedule,1,operating_detail,,業務費明細表,4,16,16,True
N05,漢翔,112,18,detail_schedule,2,material_detail,材料費,4. 材料費,4,5,5,True
N05,漢翔,112,18,detail_schedule,3,material_detail,材料費,4. 材料費,4,5,5,True
N05,漢翔,112,19,note,1,maintenance_detail,,5. 維護費,4,4,4,True
N05,漢翔,112,19,note,2,maintenance_detail,,5. 維護費,4,4,4,True
N05,漢翔,112,20,note,1,unrouted,,6. 延長照顧服務收支,2,5,4,True
N05,漢翔,112,20,note,2,other_income_expense,,7. 其他收入及其他支出,3,4,4,True
N05,漢翔,112,20,note,3,other_income_expense,,7. 其他收入及其他支出,3,4,4,True
N05,漢翔,112,20,note,4,project_subsidy,,(1) 專案補助收入及支出,3,12,12,True
N05,漢翔,112,24,detail_schedule,1,income_by_function,收支餘絀表-功能別,附表一：收支餘絀表-功能別,1,17,13,True
N05,漢翔,112,24,detail_schedule,2,income_by_function,,附表一：收支餘絀表-功能別,2,4,4,True
N05,漢翔,112,25,detail_schedule,1,budget_transfer,經費流用及勻支檢查表,附表二：經費流用及勻支檢查表,4,30,30,True
N05,漢翔,112,26,detail_schedule,1,multiyear_compare,各學年收支預決算比較表,附表三：各學年收支預決算比較表,16,27,27,True
N05,漢翔,112,27,detail_schedule,1,unrouted,,,16,35,35,True
N05,漢翔,113,5,balance_sheet,1,balance_sheet,資產負債表,,4,32,27,True
N05,漢翔,113,6,income_statement,1,income_statement,收支餘絀表,,4,22,19,True
N05,漢翔,113,7,income_statement,1,income_statement,收支餘絀表,,4,22,19,True
N05,漢翔,113,8,equity_change,1,equity_change,淨值變動表,,3,7,7,True
N05,漢翔,113,9,cash_flow,1,cash_flow,現金流量表,,2,19,12,True
N05,漢翔,113,14,note,1,cash_detail,,(一) 現金及銀行存款,2,3,3,True
N05,漢翔,113,14,note,2,severance_reserve,,1. 資遣費準備,2,3,3,True
N05,漢翔,113,15,note,1,severance_reserve,,依據非營利幼兒園實施辦法之規定，提撥資遣費準備金餘額如下：,2,1,1,True
N05,漢翔,113,15,note,2,development_reserve,,2. 業務發展準備,2,3,3,True
N05,漢翔,113,15,note,3,development_reserve,,依據非營利幼兒園實施辦法及非營利幼兒園會計財務及經費處理注意事項之規定，提列之業務發展準備金已報經主管機關同意。依該規定，以專戶或定期存款提存之業務發展準備金餘額如下：,2,1,1,True
N05,漢翔,113,15,note,4,property,,1. 代管財產,4,1,1,True
N05,漢翔,113,15,note,5,property,,1. 代管財產,4,1,1,True
N05,漢翔,113,15,note,6,property,,2. 購置財產,4,1,1,True
N05,漢翔,113,15,note,7,property,,2. 購置財產,4,1,1,True
N05,漢翔,113,16,detail_schedule,1,unrouted,,(四) 收支明細表 1. 教保費收入,2,11,9,True
N05,漢翔,113,16,detail_schedule,2,personnel_detail,,(四) 收支明細表 2. 人事費,4,11,11,True
N05,漢翔,113,16,detail_schedule,3,personnel_detail,,(四) 收支明細表 2. 人事費,4,4,4,True
N05,漢翔,113,17,detail_schedule,1,personnel_detail,,2. 人事費（續）,4,8,8,True
N05,漢翔,113,17,detail_schedule,2,operating_detail,3. 業務費,3. 業務費,4,16,16,True
N05,漢翔,113,18,detail_schedule,1,unrouted,,,4,16,16,True
N05,漢翔,113,18,detail_schedule,2,material_detail,材料費,4.　材料費,4,5,5,True
N05,漢翔,113,18,detail_schedule,3,material_detail,材料費,4.　材料費,4,5,5,True
N05,漢翔,113,19,note,1,maintenance_detail,,5. 維護費及修繕購置費,4,5,4,True
N05,漢翔,113,19,note,2,maintenance_detail,,5. 維護費及修繕購置費,4,1,1,True
N05,漢翔,113,19,note,3,maintenance_detail,,5. 維護費及修繕購置費,4,5,4,True
N05,漢翔,113,19,note,4,maintenance_detail,,5. 維護費及修繕購置費,4,1,1,True
N05,漢翔,113,20,note,1,unrouted,,6. 延長照顧服務收支,2,5,3,True
N05,漢翔,113,20,note,2,other_income_expense,,7. 其他收入及其他支出,1,5,0,True
N05,漢翔,113,20,note,3,other_income_expense,,7. 其他收入及其他支出,3,4,4,True
N05,漢翔,113,20,note,4,other_income_expense,,7. 其他收入及其他支出,3,4,4,True
N05,漢翔,113,20,note,5,project_subsidy,,(1) 專案補助收入及支出,3,6,6,True
N05,漢翔,113,21,detail_schedule,1,agency_subsidy,,(1) 代收補助收入及支出（延續上頁）,3,12,12,True
N05,漢翔,113,21,detail_schedule,2,agency_subsidy,,(2) 代收補助收入及支出,3,3,3,True
N05,漢翔,113,21,detail_schedule,3,agency_subsidy,,(2) 代收補助收入及支出,3,4,4,True
N05,漢翔,113,21,detail_schedule,4,agency_passthrough,,(3) 代收代付收入及支出,3,1,1,True
N05,漢翔,113,21,detail_schedule,5,agency_passthrough,,(3) 代收代付收入及支出,3,1,1,True
N05,漢翔,113,22,note,1,surplus_execution,漢翔幼兒園之賸餘款執行概況表,,1,3,3,True
N05,漢翔,113,22,note,2,admin_fee,1. 行政管理費,,2,1,1,True
N05,漢翔,113,23,note,1,payables,其他應付款,,2,1,1,True
N05,漢翔,113,24,detail_schedule,1,income_by_function,收支餘絀表-功能別,附表一：收支餘絀表-功能別,1,17,13,True
N05,漢翔,113,24,detail_schedule,2,unrouted,,補充說明：,2,4,4,True
N05,漢翔,113,25,detail_schedule,1,budget_transfer,經費流用及勻支檢查表,附表二：經費流用及勻支檢查表,4,30,30,True
N05,漢翔,113,26,detail_schedule,1,multiyear_compare,各學年收支預決算比較表,附表三：各學年收支預決算比較表,4,32,32,True
N05,漢翔,113,27,detail_schedule,1,unrouted,,,4,28,27,True
N05,漢翔,113,28,property_list,1,property,財產清冊,,1,32,32,True
N05,漢翔,113,29,property_list,1,unrouted,,,8,40,40,True
N05,漢翔,113,30,property_list,1,unrouted,,,8,40,40,True
N05,漢翔,113,31,property_list,1,unrouted,,,5,40,40,True
N05,漢翔,113,32,property_list,1,unrouted,,,8,39,39,True
N05,漢翔,113,33,property_list,1,unrouted,,,5,37,37,True
N05,漢翔,113,34,property_list,1,property,2. 購置財產,,7,16,16,True
N05,漢翔,113,35,auditor_report,1,auditor_checklist,113學年度第2學期會計師查核附表,,3,22,19,True
N05,漢翔,113,36,detail_schedule,1,unrouted,,,3,21,21,True
N05,漢翔,113,36,detail_schedule,2,personnel_detail,人事費補充說明,,4,2,2,True
N05,漢翔,113,37,detail_schedule,1,auditor_checklist,查核項目,,3,16,16,True
N05,漢翔,113,38,other,1,unrouted,,,3,9,0,True
N05,漢翔,113,39,auditor_report,1,auditor_checklist,查核項目,,3,2,0,True
N05,漢翔,113,40,auditor_report,1,auditor_checklist,查核項目,,3,2,0,True
N05,漢翔,113,41,other,1,performance_review,113學年度績效考評,,1,5,3,True
N05,漢翔,113,42,other,1,unrouted,,,1,4,4,True
N05,漢翔,113,42,other,2,unrouted,其他特殊情形：（採總分外扣方式，扣至總分０分止）,,1,1,0,True
N06,昌平,110,5,balance_sheet,1,balance_sheet,資產負債表,,4,34,29,True
N06,昌平,110,6,income_statement,1,unrouted,收支餘細表,,4,22,20,True
N06,昌平,110,7,income_statement,1,income_statement,收支餘絀表,,4,23,20,True
N06,昌平,110,8,equity_change,1,equity_change,淨值變動表,,3,7,7,True
N06,昌平,110,9,cash_flow,1,cash_flow,現金流量表,,2,24,18,True
N06,昌平,110,14,note,1,cash_detail,,(一) 現金及銀行存款,2,4,4,True
N06,昌平,110,14,note,2,severance_reserve,,1. 資遣費準備,2,3,3,True
N06,昌平,110,14,note,3,severance_reserve,,1. 資遣費準備,2,1,1,True
N06,昌平,110,14,note,4,development_reserve,,2. 業務發展準備,2,3,3,True
N06,昌平,110,14,note,5,development_reserve,,2. 業務發展準備,2,1,1,True
N06,昌平,110,15,note,1,property,,(三) 營運資產 1. 代管財產,4,1,1,True
N06,昌平,110,15,note,2,property,,(三) 營運資產 1. 代管財產,4,1,1,True
N06,昌平,110,15,note,3,property,,(三) 營運資產 2. 購置財產,4,1,1,True
N06,昌平,110,15,note,4,property,,(三) 營運資產 2. 購置財產,4,1,1,True
N06,昌平,110,15,note,5,unrouted,,(四) 收支明細表 1. 教保費收入,2,10,8,True
N06,昌平,110,16,detail_schedule,1,personnel_detail,,2. 人事費,4,11,11,True
N06,昌平,110,16,detail_schedule,2,personnel_detail,,2. 人事費,4,12,12,True
N06,昌平,110,17,detail_schedule,1,operating_detail,,3. 業務費,4,16,16,True
N06,昌平,110,17,detail_schedule,2,operating_detail,,3. 業務費,4,16,16,True
N06,昌平,110,18,detail_schedule,1,material_detail,,4. 材料費,4,5,5,True
N06,昌平,110,18,detail_schedule,2,material_detail,,4. 材料費,4,5,5,True
N06,昌平,110,19,note,1,maintenance_detail,,5. 維護費,4,4,4,True
N06,昌平,110,19,note,2,maintenance_detail,,5. 維護費,4,4,4,True
N06,昌平,110,19,note,3,other_income_expense,,6. 其他收入及其他支出,3,4,4,True
N06,昌平,110,19,note,4,other_income_expense,,6. 其他收入及其他支出,3,4,4,True
N06,昌平,110,20,detail_schedule,1,project_subsidy,,(1)  專案補助收入及支出,3,8,8,True
N06,昌平,110,20,detail_schedule,2,project_subsidy,,(1)  專案補助收入及支出,3,5,5,True
N06,昌平,110,20,detail_schedule,3,agency_subsidy,,(2)  代收補助收入及支出,3,3,3,True
N06,昌平,110,20,detail_schedule,4,agency_subsidy,,(2)  代收補助收入及支出,3,3,3,True
N06,昌平,110,20,detail_schedule,5,agency_passthrough,,(3)  代收代付收入及支出,3,3,3,True
N06,昌平,110,20,detail_schedule,6,agency_passthrough,,(3)  代收代付收入及支出,3,3,3,True
N06,昌平,110,21,note,1,surplus_execution,昌平幼兒園之賸餘款執行概況表,,1,3,3,True
N06,昌平,110,21,note,2,admin_fee,行政管理費,,2,1,1,True
N06,昌平,110,21,note,3,payables,其他應付款,,2,1,1,True
N06,昌平,110,23,detail_schedule,1,income_by_function,收支餘絀表-功能別,附表一：收支餘絀表-功能別,1,17,15,True
N06,昌平,110,23,detail_schedule,2,income_by_function,,附表一：收支餘絀表-功能別,1,4,4,True
N06,昌平,110,24,detail_schedule,1,budget_transfer,經費流用及勻支檢查表,附表二：經費流用及勻支檢查表,4,30,30,True
N06,昌平,110,25,detail_schedule,1,multiyear_compare,各學年收支預決算比較表,附表三：各學年收支預決算比較表,4,34,33,True
N06,昌平,110,26,detail_schedule,1,unrouted,,,4,26,26,True
N06,昌平,110,27,property_list,1,property,財產清冊,,5,32,32,True
N06,昌平,110,28,property_list,1,unrouted,,,5,40,40,True
N06,昌平,110,29,property_list,1,unrouted,,,5,40,40,True
N06,昌平,110,30,property_list,1,unrouted,,,5,10,10,True
N06,昌平,110,30,property_list,2,property,2. 購置財產,,5,19,19,True
N06,昌平,110,31,auditor_report,1,auditor_checklist,110學年度第2學期會計師查核附表,,3,22,19,True
N06,昌平,110,32,detail_schedule,1,unrouted,,,3,26,0,True
N06,昌平,110,33,other,1,unrouted,,,3,12,12,True
N06,昌平,110,34,other,1,auditor_checklist,查核項目,,3,16,10,True
N06,昌平,110,35,auditor_report,1,auditor_checklist,查核項目,,3,11,4,True
N06,昌平,110,36,other,1,performance_review,110學年度績效考評,,2,3,2,True
N06,昌平,110,37,auditor_report,1,unrouted,,,1,4,4,True
N06,昌平,111,8,equity_change,1,equity_change,淨值變動表,,3,7,7,True
N06,昌平,111,9,cash_flow,1,cash_flow,現金流量表,,2,22,15,True
N06,昌平,111,14,note,1,cash_detail,,(一) 現金及銀行存款,2,4,4,True
N06,昌平,111,14,note,2,severance_reserve,,1. 資遣費準備,2,4,4,True
N06,昌平,111,14,note,3,severance_reserve,,1. 資遣費準備,2,1,1,True
N06,昌平,111,14,note,4,development_reserve,,2. 業務發展準備,2,3,3,True
N06,昌平,111,15,note,1,development_reserve,,業務發展準備金,2,1,1,True
N06,昌平,111,15,note,2,property,,1. 代管財產,4,1,1,True
N06,昌平,111,15,note,3,property,,1. 代管財產,4,1,1,True
N06,昌平,111,15,note,4,property,,2. 購置財產,4,1,1,True
N06,昌平,111,15,note,5,property,,2. 購置財產,4,1,1,True
N06,昌平,111,15,note,6,unrouted,,1. 教保費收入,2,9,7,True
N06,昌平,111,16,detail_schedule,1,personnel_detail,,2. 人事費,4,11,11,True
N06,昌平,111,16,detail_schedule,2,personnel_detail,,2. 人事費,4,11,11,True
N06,昌平,111,17,detail_schedule,1,operating_detail,,3. 業務費,4,16,16,True
N06,昌平,111,17,detail_schedule,2,operating_detail,,3. 業務費,4,16,16,True
N06,昌平,111,18,detail_schedule,1,material_detail,材料費,4. 材料費,4,5,5,True
N06,昌平,111,18,detail_schedule,2,material_detail,材料費,4. 材料費,4,5,5,True
N06,昌平,111,18,detail_schedule,3,maintenance_detail,維護費,5. 維護費,4,4,4,True
N06,昌平,111,19,note,1,maintenance_detail,,維護費及修繕購置費各細項經費,4,4,4,True
N06,昌平,111,19,note,2,other_income_expense,,6. 其他收入及其他支出,3,4,4,True
N06,昌平,111,19,note,3,other_income_expense,,6. 其他收入及其他支出,3,4,4,True
N06,昌平,111,19,note,4,project_subsidy,,(1) 專案補助收入及支出,3,11,11,True
N06,昌平,111,23,detail_schedule,1,income_by_function,收支餘絀表－功能別,附表一：收支餘絀表-功能別,1,17,14,True
N06,昌平,111,23,detail_schedule,2,income_by_function,,附表一：收支餘絀表-功能別,1,4,4,True
N06,昌平,111,24,detail_schedule,1,budget_transfer,經費流用及勻支檢查表,附表二：經費流用及勻支檢查表,4,30,30,True
N06,昌平,111,25,detail_schedule,1,multiyear_compare,各學年收支預決算比較表,附表三：各學年收支預決算比較表,8,30,30,True
N06,昌平,111,26,detail_schedule,1,unrouted,,,8,29,29,True
N06,昌平,112,8,equity_change,1,equity_change,淨值變動表,,3,7,7,True
N06,昌平,112,9,cash_flow,1,cash_flow,現金流量表,,2,20,13,True
N06,昌平,112,14,note,1,cash_detail,,(一) 現金及銀行存款,2,3,3,True
N06,昌平,112,14,note,2,severance_reserve,,1. 資遣費準備,2,4,4,True
N06,昌平,112,14,note,3,severance_reserve,,1. 資遣費準備,2,1,1,True
N06,昌平,112,15,note,1,development_reserve,,2. 業務發展準備,2,3,3,True
N06,昌平,112,15,note,2,development_reserve,,2. 業務發展準備,2,1,1,True
N06,昌平,112,15,note,3,property,,1. 代管財產,4,1,1,True
N06,昌平,112,15,note,4,property,,1. 代管財產,4,1,1,True
N06,昌平,112,15,note,5,property,,2. 購置財產,4,1,1,True
N06,昌平,112,15,note,6,property,,2. 購置財產,4,1,1,True
N06,昌平,112,16,detail_schedule,1,unrouted,,(四) 收支明細表 1. 教保費收入,2,11,9,True
N06,昌平,112,16,detail_schedule,2,personnel_detail,,(四) 收支明細表 2. 人事費,4,11,11,True
N06,昌平,112,16,detail_schedule,3,personnel_detail,,(四) 收支明細表 2. 人事費,4,6,6,True
N06,昌平,112,17,detail_schedule,1,unrouted,,,4,5,5,True
N06,昌平,112,17,detail_schedule,2,operating_detail,,3.　業務費,4,16,16,True
N06,昌平,112,18,detail_schedule,1,unrouted,,,4,16,16,True
N06,昌平,112,18,detail_schedule,2,material_detail,,4.　材料費,4,5,5,True
N06,昌平,112,19,detail_schedule,1,material_detail,,材料費,4,5,5,True
N06,昌平,112,19,detail_schedule,2,maintenance_detail,,5. 維護費,4,4,4,True
N06,昌平,112,19,detail_schedule,3,maintenance_detail,,5. 維護費,4,4,4,True
N06,昌平,112,20,note,1,unrouted,,6. 延長照顧服務收支,2,5,4,True
N06,昌平,112,20,note,2,other_income_expense,,7. 其他收入及其他支出,3,4,4,True
N06,昌平,112,20,note,3,other_income_expense,,7. 其他收入及其他支出,3,4,4,True
N06,昌平,112,20,note,4,project_subsidy,,(1) 專案補助收入及支出,3,6,6,True
N06,昌平,112,20,note,5,project_subsidy,,(1) 專案補助收入及支出,3,8,8,True
N06,昌平,112,24,income_statement,1,income_by_function,收支餘絀表-功能別,附表一：收支餘絀表-功能別,1,17,14,True
N06,昌平,112,24,income_statement,2,unrouted,,"補充說明：教保費收支淨額金額為2,145,667元，分析如下：",1,4,4,True
N06,昌平,112,25,detail_schedule,1,budget_transfer,經費流用及勻支檢查表,附表二：經費流用及勻支檢查表,5,30,30,True
N06,昌平,112,26,detail_schedule,1,multiyear_compare,各學年收支預決算比較表,附表三：各學年收支預決算比較表,12,31,31,True
N06,昌平,112,27,detail_schedule,1,unrouted,,,12,30,30,True
N06,昌平,113,5,balance_sheet,1,balance_sheet,資產負債表,,4,34,29,True
N06,昌平,113,6,income_statement,1,income_statement,收支餘絀表,,4,22,19,True
N06,昌平,113,7,income_statement,1,income_statement,收支餘絀表,,4,22,19,True
N06,昌平,113,8,equity_change,1,equity_change,淨值變動表,,3,7,7,True
N06,昌平,113,9,cash_flow,1,cash_flow,現金流量表,,2,21,14,True
N06,昌平,113,14,note,1,cash_detail,,(一) 現金及銀行存款,2,3,3,True
N06,昌平,113,14,note,2,severance_reserve,,1. 資遣費準備,2,4,4,True
N06,昌平,113,15,note,1,severance_reserve,,資遣費準備金,2,1,1,True
N06,昌平,113,15,note,2,development_reserve,,2. 業務發展準備,2,3,3,True
N06,昌平,113,15,note,3,development_reserve,,2. 業務發展準備,2,1,1,True
N06,昌平,113,15,note,4,property,,1. 代管財產,4,1,1,True
N06,昌平,113,15,note,5,property,,1. 代管財產,4,1,1,True
N06,昌平,113,15,note,6,property,,2. 購置財產,4,1,1,True
N06,昌平,113,15,note,7,property,,2. 購置財產,4,1,1,True
N06,昌平,113,16,detail_schedule,1,unrouted,,(四) 收支明細表 1. 教保費收入,2,11,9,True
N06,昌平,113,16,detail_schedule,2,personnel_detail,,(四) 收支明細表 2. 人事費,4,11,11,True
N06,昌平,113,16,detail_schedule,3,personnel_detail,,(四) 收支明細表 2. 人事費,4,6,6,True
N06,昌平,113,17,detail_schedule,1,unrouted,,,4,5,5,True
N06,昌平,113,17,detail_schedule,2,operating_detail,業務費,3.　業務費,4,16,16,True
N06,昌平,113,18,detail_schedule,1,operating_detail,,業務費（續）,4,16,16,True
N06,昌平,113,18,detail_schedule,2,material_detail,,4. 材料費,4,5,5,True
N06,昌平,113,18,detail_schedule,3,material_detail,,4. 材料費,4,5,5,True
N06,昌平,113,19,detail_schedule,1,maintenance_detail,維護費,5. 維護費及修繕購置費,4,4,4,True
N06,昌平,113,19,detail_schedule,2,maintenance_detail,修繕購置費,5. 維護費及修繕購置費,4,1,1,True
N06,昌平,113,19,detail_schedule,3,maintenance_detail,維護費,5. 維護費及修繕購置費,4,4,4,True
N06,昌平,113,19,detail_schedule,4,maintenance_detail,修繕購置費,5. 維護費及修繕購置費,4,1,1,True
N06,昌平,113,20,note,1,unrouted,,6. 延長照顧服務收支,2,5,4,True
N06,昌平,113,20,note,2,other_income_expense,,7. 其他收入及其他支出,3,4,4,True
N06,昌平,113,20,note,3,other_income_expense,,7. 其他收入及其他支出,3,4,4,True
N06,昌平,113,20,note,4,project_subsidy,,(1) 專案補助收入及支出,3,7,7,True
N06,昌平,113,20,note,5,project_subsidy,,(1) 專案補助收入及支出,3,6,6,True
N06,昌平,113,21,note,1,agency_subsidy,(2) 代收補助收入及支出,,3,3,3,True
N06,昌平,113,21,note,2,agency_subsidy,(2) 代收補助收入及支出,,3,3,3,True
N06,昌平,113,21,note,3,agency_passthrough,(3) 代收代付收入及支出,,3,1,1,True
N06,昌平,113,21,note,4,agency_passthrough,(3) 代收代付收入及支出,,3,1,1,True
N06,昌平,113,21,note,5,surplus_execution,昌平幼兒園之賸餘款執行概況表,,1,6,6,True
N06,昌平,113,22,note,1,admin_fee,1. 行政管理費,,2,1,1,True
N06,昌平,113,22,note,2,payables,2. 其他應付款,,2,1,1,True
N06,昌平,113,24,detail_schedule,1,income_by_function,收支餘絀表-功能別,附表一：收支餘絀表-功能別,1,17,15,True
N06,昌平,113,24,detail_schedule,2,income_by_function,,附表一：收支餘絀表-功能別,1,4,4,True
N06,昌平,113,25,detail_schedule,1,budget_transfer,經費流用及勻支檢查表,附表二：經費流用及勻支檢查表,4,30,30,True
N06,昌平,113,26,detail_schedule,1,unrouted,各學年收支預算決算比較表,附表三：各學年收支預算比較表,16,28,28,True
N06,昌平,113,27,detail_schedule,1,unrouted,,,16,33,33,True
N06,昌平,113,28,property_list,1,property,財產清冊,,1,31,0,True
N06,昌平,113,29,property_list,1,unrouted,,,5,38,38,True
N06,昌平,113,30,property_list,1,unrouted,,,5,38,38,True
N06,昌平,113,31,property_list,1,unrouted,,,7,38,38,True
N06,昌平,113,32,property_list,1,unrouted,,,3,10,10,True
N06,昌平,113,32,property_list,2,property,2.購置財產,,3,21,21,True
N06,昌平,113,33,auditor_report,1,auditor_checklist,113學年度第2學期會計師查核附表（營運成本為政府與家長共同分攤者）,,3,22,19,True
N06,昌平,113,34,detail_schedule,1,unrouted,,,3,22,22,True
N06,昌平,113,34,detail_schedule,2,personnel_detail,人事費補充說明,,4,1,1,True
N06,昌平,113,35,detail_schedule,1,unrouted,,,3,19,15,True
N06,昌平,113,36,other,1,unrouted,,,3,9,0,True
N06,昌平,113,37,other,1,unrouted,,,3,8,8,True
N06,昌平,113,38,auditor_report,1,auditor_checklist,查核項目,,3,2,0,True
N06,昌平,113,39,detail_schedule,1,performance_review,113學年度績效考評,,1,5,3,True
N06,昌平,113,40,other,1,unrouted,考評指標表（會計查核簽證情形）,,1,4,4,True
N06,昌平,113,40,other,2,unrouted,其他特殊情形：（採總分外扣方式，扣至總分０分止）,,1,1,0,True
N07,北大,110,5,balance_sheet,1,unrouted,,,4,30,25,True
N07,北大,110,6,income_statement,1,unrouted,歲支徵絀表,,4,22,19,True
N07,北大,110,7,income_statement,1,unrouted,收支決算表,,4,23,20,True
N07,北大,110,8,equity_change,1,unrouted,,,3,7,7,True
N07,北大,110,9,cash_flow,1,unrouted,,,2,18,11,True
N07,北大,110,14,note,1,cash_detail,,(一) 現金及銀行存款,2,3,3,True
N07,北大,110,14,note,2,severance_reserve,,1. 資遣費準備,2,3,3,True
N07,北大,110,14,note,3,severance_reserve,,1. 資遣費準備,2,1,1,True
N07,北大,110,14,note,4,development_reserve,,2. 業務發展準備,2,3,3,True
N07,北大,110,14,note,5,development_reserve,,2. 業務發展準備,2,1,1,True
N07,北大,110,15,note,1,property,,(三) 營運資產 1. 代管財產,4,1,1,True
N07,北大,110,15,note,2,property,,(三) 營運資產 1. 代管財產,4,1,1,True
N07,北大,110,15,note,3,property,,(三) 營運資產 2. 購置財產,4,1,1,True
N07,北大,110,15,note,4,property,,(三) 營運資產 2. 購置財產,4,1,1,True
N07,北大,110,15,note,5,unrouted,,(四) 收支明細表 1. 教保費收入,2,10,8,True
N07,北大,110,16,detail_schedule,1,personnel_detail,,2. 人事費,4,11,11,True
N07,北大,110,16,detail_schedule,2,personnel_detail,,2. 人事費,4,12,12,True
N07,北大,110,17,detail_schedule,1,operating_detail,,3. 業務費,4,16,16,True
N07,北大,110,17,detail_schedule,2,operating_detail,,3. 業務費,4,16,16,True
N07,北大,110,18,note,1,material_detail,,4. 材料費,4,5,5,True
N07,北大,110,18,note,2,material_detail,,4. 材料費,4,5,5,True
N07,北大,110,19,detail_schedule,1,maintenance_detail,,5. 維護費,4,4,4,True
N07,北大,110,19,detail_schedule,2,maintenance_detail,,5. 維護費,4,4,4,True
N07,北大,110,19,detail_schedule,3,other_income_expense,,6. 其他收入及其他支出,3,4,4,True
N07,北大,110,19,detail_schedule,4,other_income_expense,,6. 其他收入及其他支出,3,4,4,True
N07,北大,110,20,detail_schedule,1,project_subsidy,,(1)  專案補助收入及支出,3,9,9,True
N07,北大,110,20,detail_schedule,2,project_subsidy,,(1)  專案補助收入及支出,3,7,7,True
N07,北大,110,20,detail_schedule,3,agency_subsidy,,(2)  代收補助收入及支出,3,3,3,True
N07,北大,110,20,detail_schedule,4,agency_subsidy,,(2)  代收補助收入及支出,3,4,4,True
N07,北大,110,20,detail_schedule,5,agency_passthrough,,(3)  代收代付收入及支出,3,4,4,True
N07,北大,110,21,note,1,unrouted,,,3,5,5,True
N07,北大,110,21,note,2,surplus_execution,北大幼兒園之賸餘款執行概況表,,1,3,3,True
N07,北大,110,22,note,1,admin_fee,行政管理費,,2,1,1,True
N07,北大,110,22,note,2,payables,其他應付款,,2,1,1,True
N07,北大,110,23,detail_schedule,1,income_by_function,收支餘絀表－功能別,附表一：收支餘絀表-功能別,1,17,14,True
N07,北大,110,23,detail_schedule,2,income_by_function,,附表一：收支餘絀表-功能別,1,4,4,True
N07,北大,110,24,detail_schedule,1,budget_transfer,經費流用及勻支檢查表,附表二：經費流用及勻支檢查表,5,30,30,True
N07,北大,110,25,detail_schedule,1,multiyear_compare,各學年收支預決算比較表,附表三：各學年收支預決算比較表,4,35,35,True
N07,北大,110,26,detail_schedule,1,unrouted,,,4,24,23,True
N07,北大,110,27,property_list,1,property,財產清冊,,5,30,30,True
N07,北大,110,28,property_list,1,unrouted,,,5,38,38,True
N07,北大,110,29,property_list,1,unrouted,,,5,38,38,True
N07,北大,110,30,property_list,1,unrouted,,,5,38,38,True
N07,北大,110,31,property_list,1,unrouted,,,5,38,38,True
N07,北大,110,32,property_list,1,unrouted,,,7,38,38,True
N07,北大,110,33,property_list,1,unrouted,,,1,20,20,True
N07,北大,110,33,property_list,2,property,2.購置財產,,1,14,14,True
N07,北大,110,34,detail_schedule,1,auditor_checklist,附表六：會計師查核附表 110學年度第2學期會計師查核附表,,3,22,19,True
N07,北大,110,35,other,1,unrouted,,,3,23,0,True
N07,北大,110,35,other,2,personnel_detail,人事費補充說明,,4,1,1,True
N07,北大,110,36,detail_schedule,1,unrouted,,,4,3,3,True
N07,北大,110,37,detail_schedule,1,unrouted,,,3,10,9,True
N07,北大,110,38,auditor_report,1,auditor_checklist,查核項目,,3,1,1,True
N07,北大,110,38,auditor_report,2,unrouted,,,3,9,7,True
N07,北大,110,39,detail_schedule,1,performance_review,110學年度績效考評,,1,13,2,True
N07,北大,110,40,auditor_report,1,unrouted,考評指標考評方式評分表,,1,5,4,True
N07,北大,111,8,equity_change,1,equity_change,淨值變動表,,3,7,7,True
N07,北大,111,9,cash_flow,1,cash_flow,現金流量表,,2,18,11,True
N07,北大,111,14,note,1,cash_detail,,(一) 現金及銀行存款,2,3,3,True
N07,北大,111,14,note,2,severance_reserve,,1. 資遣費準備,2,3,3,True
N07,北大,111,14,note,3,severance_reserve,,1. 資遣費準備,2,1,1,True
N07,北大,111,14,note,4,development_reserve,,2. 業務發展準備,2,3,3,True
N07,北大,111,15,note,1,development_reserve,,業務發展準備金,2,1,1,True
N07,北大,111,15,note,2,unrouted,,(三) 營運資產,4,1,1,True
N07,北大,111,15,note,3,unrouted,,(三) 營運資產,4,1,1,True
N07,北大,111,15,note,4,property,,2. 購置財產,4,1,1,True
N07,北大,111,15,note,5,property,,2. 購置財產,4,1,1,True
N07,北大,111,15,note,6,unrouted,,(四) 收支明細表,2,10,8,True
N07,北大,111,16,detail_schedule,1,personnel_detail,,2. 人事費,4,12,12,True
N07,北大,111,16,detail_schedule,2,personnel_detail,,2. 人事費,4,11,11,True
N07,北大,111,17,detail_schedule,1,operating_detail,,3. 業務費,4,16,16,True
N07,北大,111,17,detail_schedule,2,operating_detail,,3. 業務費,4,16,16,True
N07,北大,111,18,detail_schedule,1,material_detail,,4. 材料費,4,5,5,True
N07,北大,111,18,detail_schedule,2,material_detail,,4. 材料費,4,5,5,True
N07,北大,111,19,detail_schedule,1,maintenance_detail,,5. 維護費,4,4,4,True
N07,北大,111,19,detail_schedule,2,maintenance_detail,,5. 維護費,4,4,4,True
N07,北大,111,19,detail_schedule,3,other_income_expense,,6. 其他收入及其他支出,3,4,4,True
N07,北大,111,19,detail_schedule,4,other_income_expense,,6. 其他收入及其他支出,3,4,4,True
N07,北大,111,20,detail_schedule,1,project_subsidy,,(1) 專案補助收入及支出,3,8,8,True
N07,北大,111,20,detail_schedule,2,project_subsidy,,(1) 專案補助收入及支出,3,9,9,True
N07,北大,111,20,detail_schedule,3,agency_subsidy,,(2) 代收補助收入及支出,3,4,4,True
N07,北大,111,20,detail_schedule,4,agency_subsidy,,(2) 代收補助收入及支出,3,3,3,True
N07,北大,111,24,detail_schedule,1,income_by_function,收支餘絀表-功能別,附表一：收支餘絀表-功能別,1,18,14,True
N07,北大,111,24,detail_schedule,2,income_by_function,,附表一：收支餘絀表-功能別,2,4,4,True
N07,北大,111,25,detail_schedule,1,budget_transfer,經費流用及勻支檢查表,附表二：經費流用及勻支檢查表,5,30,30,True
N07,北大,111,26,detail_schedule,1,multiyear_compare,各學年收支預決算比較表,附表三：各學年收支預決算比較表,8,30,30,True
N07,北大,111,27,detail_schedule,1,unrouted,,,8,32,31,True
N07,北大,112,8,equity_change,1,unrouted,,,3,7,7,True
N07,北大,112,9,cash_flow,1,unrouted,,,2,18,11,True
N07,北大,112,14,note,1,cash_detail,,(一) 現金及銀行存款,2,3,3,True
N07,北大,112,14,note,2,severance_reserve,,1. 資遣費準備,2,3,3,True
N07,北大,112,14,note,3,severance_reserve,,1. 資遣費準備,2,1,1,True
N07,北大,112,15,note,1,development_reserve,,2. 業務發展準備,2,3,3,True
N07,北大,112,15,note,2,development_reserve,,2. 業務發展準備,2,1,1,True
N07,北大,112,15,note,3,property,,1. 代管財產,4,1,1,True
N07,北大,112,15,note,4,property,,1. 代管財產,4,1,1,True
N07,北大,112,15,note,5,property,,2. 購置財產,4,1,1,True
N07,北大,112,15,note,6,property,,2. 購置財產,4,1,1,True
N07,北大,112,16,detail_schedule,1,unrouted,教保費收入,(四) 收支明細表,2,10,8,True
N07,北大,112,16,detail_schedule,2,personnel_detail,,2. 人事費,4,12,12,True
N07,北大,112,16,detail_schedule,3,personnel_detail,,2. 人事費,4,3,3,True
N07,北大,112,17,detail_schedule,1,unrouted,,,4,9,9,True
N07,北大,112,17,detail_schedule,2,operating_detail,,3. 業務費,4,12,12,True
N07,北大,112,18,detail_schedule,1,unrouted,,,4,4,4,True
N07,北大,112,18,detail_schedule,2,unrouted,,,4,16,16,True
N07,北大,112,18,detail_schedule,3,material_detail,材料費,4. 材料費,4,5,5,True
N07,北大,112,19,detail_schedule,1,unrouted,,,4,5,5,True
N07,北大,112,19,detail_schedule,2,maintenance_detail,,5. 維護費,4,4,4,True
N07,北大,112,19,detail_schedule,3,maintenance_detail,,5. 維護費,4,4,4,True
N07,北大,112,20,note,1,unrouted,,6. 延長照顧服務收支,2,5,4,True
N07,北大,112,20,note,2,other_income_expense,,7. 其他收入及其他支出,3,4,4,True
N07,北大,112,20,note,3,other_income_expense,,7. 其他收入及其他支出,3,4,4,True
N07,北大,112,20,note,4,project_subsidy,,(1) 專案補助收入及支出,3,6,6,True
N07,北大,112,25,detail_schedule,1,income_by_function,收支餘絀表-功能別,附表一：收支餘絀表-功能別,1,17,15,True
N07,北大,112,25,detail_schedule,2,income_by_function,,附表一：收支餘絀表-功能別,1,4,4,True
N07,北大,112,26,detail_schedule,1,budget_transfer,經費流用及勻支檢查表,附表二：經費流用及勻支檢查表,5,30,30,True
N07,北大,112,27,detail_schedule,1,multiyear_compare,各學年收支預決算比較表,附表三：各學年收支預決算比較表,12,31,31,True
N07,北大,112,28,detail_schedule,1,unrouted,,,12,31,30,True
N07,北大,113,5,balance_sheet,1,balance_sheet,資產負債表,,2,32,27,True
N07,北大,113,6,income_statement,1,unrouted,收支預算與決算比較表,,4,23,21,True
N07,北大,113,7,income_statement,1,unrouted,收支結結表,,4,22,19,True
N07,北大,113,8,equity_change,1,equity_change,淨值變動表,,3,7,7,True
N07,北大,113,9,cash_flow,1,cash_flow,現金流量表,,2,19,12,True
N07,北大,113,14,note,1,cash_detail,,(一) 現金及銀行存款,2,3,3,True
N07,北大,113,14,note,2,severance_reserve,,1. 資遣費準備,2,4,4,True
N07,北大,113,15,note,1,severance_reserve,,資遣費準備金,2,1,1,True
N07,北大,113,15,note,2,development_reserve,,2. 業務發展準備,2,4,4,True
N07,北大,113,15,note,3,development_reserve,,2. 業務發展準備,2,1,1,True
N07,北大,113,15,note,4,property,,1. 代管財產,4,1,1,True
N07,北大,113,15,note,5,property,,1. 代管財產,4,1,1,True
N07,北大,113,16,detail_schedule,1,property,,2. 購置財產,4,1,1,True
N07,北大,113,16,detail_schedule,2,property,,2. 購置財產,4,1,1,True
N07,北大,113,16,detail_schedule,3,unrouted,教保費收入,1. 教保費收入,2,11,9,True
N07,北大,113,16,detail_schedule,4,personnel_detail,,2. 人事費,4,8,8,True
N07,北大,113,17,detail_schedule,1,unrouted,,,4,4,4,True
N07,北大,113,17,detail_schedule,2,unrouted,,,4,12,12,True
N07,北大,113,18,detail_schedule,1,operating_detail,,3. 業務費,4,16,16,True
N07,北大,113,18,detail_schedule,2,operating_detail,,3. 業務費,4,10,10,True
N07,北大,113,19,detail_schedule,1,operating_detail,,業務費（上接前頁）,4,6,6,True
N07,北大,113,19,detail_schedule,2,material_detail,,4. 材料費,4,5,5,True
N07,北大,113,19,detail_schedule,3,material_detail,,4. 材料費,4,5,5,True
N07,北大,113,20,note,1,maintenance_detail,,5. 維護費及修繕購置費,4,5,4,True
N07,北大,113,20,note,2,maintenance_detail,,5. 維護費及修繕購置費,4,1,1,True
N07,北大,113,20,note,3,maintenance_detail,,5. 維護費及修繕購置費,4,5,4,True
N07,北大,113,20,note,4,maintenance_detail,,5. 維護費及修繕購置費,4,1,1,True
N07,北大,113,21,note,1,unrouted,,6. 延長照顧服務收支,2,5,4,True
N07,北大,113,21,note,2,other_income_expense,,7. 其他收入及其他支出,1,5,0,True
N07,北大,113,21,note,3,other_income_expense,,7. 其他收入及其他支出,3,4,4,True
N07,北大,113,21,note,4,other_income_expense,,7. 其他收入及其他支出,3,4,4,True
N07,北大,113,21,note,5,project_subsidy,,(1) 專案補助收入及支出,3,10,10,True
N07,北大,113,21,note,6,project_subsidy,,(1) 專案補助收入及支出,3,3,3,True
N07,北大,113,22,note,1,unrouted,,(1) 代辦補助收入及支出（延續上頁）,3,6,6,True
N07,北大,113,22,note,2,agency_subsidy,,(2) 代收補助收入及支出,3,4,4,True
N07,北大,113,22,note,3,agency_subsidy,,(2) 代收補助收入及支出,3,4,4,True
N07,北大,113,22,note,4,agency_passthrough,,(3) 代收代付收入及支出,3,1,1,True
N07,北大,113,22,note,5,agency_passthrough,,(3) 代收代付收入及支出,3,1,1,True
N07,北大,113,22,note,6,unrouted,,8. 所得稅費用,1,3,3,True
N07,北大,113,23,note,1,surplus_execution,北大幼兒園之賸餘款執行概況表,,1,6,6,True
N07,北大,113,23,note,2,admin_fee,行政管理費,,2,1,1,True
N07,北大,113,24,note,1,payables,其他應付款,,2,1,1,True
N07,北大,113,25,detail_schedule,1,income_by_function,收支餘絀表-功能別,附表一：收支餘絀表-功能別,1,18,15,True
N07,北大,113,25,detail_schedule,2,income_by_function,,附表一：收支餘絀表-功能別,2,4,4,True
N07,北大,113,26,detail_schedule,1,budget_transfer,經費流用及勻支檢查表,附表二：經費流用及勻支檢查表,4,30,30,True
N07,北大,113,27,detail_schedule,1,multiyear_compare,各學年收支預決算比較表,附表三：各學年收支預決算比較表,16,27,27,True
N07,北大,113,28,detail_schedule,1,unrouted,,,16,37,37,True
N07,北大,113,29,property_list,1,property,財產清冊,,5,29,29,True
N07,北大,113,30,property_list,1,unrouted,,,5,37,37,True
N07,北大,113,31,property_list,1,unrouted,,,5,37,37,True
N07,北大,113,32,property_list,1,unrouted,,,5,37,37,True
N07,北大,113,33,property_list,1,unrouted,,,5,37,37,True
N07,北大,113,34,property_list,1,unrouted,,,5,37,37,True
N07,北大,113,35,property_list,1,unrouted,,,5,37,37,True
N07,北大,113,36,property_list,1,unrouted,,,5,37,37,True
N07,北大,113,37,property_list,1,unrouted,,,5,2,2,True
N07,北大,113,37,property_list,2,property,2.購置財產,,5,24,24,True
N07,北大,113,38,auditor_report,1,auditor_checklist,113學年度第2學期會計師查核附表,,3,22,19,True
N07,北大,113,39,detail_schedule,1,auditor_checklist,查核項目,,3,14,14,True
N07,北大,113,39,detail_schedule,2,personnel_detail,人事費補充說明,,4,6,5,True
N07,北大,113,40,detail_schedule,1,unrouted,,,3,17,17,True
N07,北大,113,40,detail_schedule,2,operating_detail,業務費補充說明,,4,1,1,True
N07,北大,113,41,detail_schedule,1,unrouted,,,3,13,0,True
N07,北大,113,41,detail_schedule,2,material_detail,材料費補充說明,,4,1,1,True
N07,北大,113,42,detail_schedule,1,unrouted,,,3,6,6,True
N07,北大,113,43,auditor_report,1,auditor_checklist,查核項目（是否符合）,,3,4,4,True
N07,北大,113,44,detail_schedule,1,performance_review,113學年度績效考評,,1,5,3,True
N07,北大,113,45,other,1,unrouted,,,1,4,4,True
N07,北大,113,45,other,2,unrouted,其他特殊情形：（採總分外扣方式，扣至總分0分止）,,1,1,0,True
N08,鷺江,110,8,equity_change,1,equity_change,淨值變動表,,3,7,7,True
N08,鷺江,110,9,cash_flow,1,cash_flow,現金流量表,,2,22,15,True
N08,鷺江,110,14,note,1,cash_detail,,(一) 現金及銀行存款,2,3,3,True
N08,鷺江,110,14,note,2,severance_reserve,,1. 資遣費準備,2,4,4,True
N08,鷺江,110,14,note,3,severance_reserve,,1. 資遣費準備,2,1,1,True
N08,鷺江,110,14,note,4,development_reserve,,2. 業務發展準備,2,3,3,True
N08,鷺江,110,14,note,5,development_reserve,,2. 業務發展準備,2,1,1,True
N08,鷺江,110,15,note,1,property,,(三) 營運資產 1. 代管財產,4,1,1,True
N08,鷺江,110,15,note,2,property,,(三) 營運資產 1. 代管財產,4,1,1,True
N08,鷺江,110,15,note,3,property,,(三) 營運資產 2. 購置財產,4,1,1,True
N08,鷺江,110,15,note,4,property,,(三) 營運資產 2. 購置財產,4,1,1,True
N08,鷺江,110,15,note,5,unrouted,,(四) 收支明細表 1. 教保費收入,2,10,8,True
N08,鷺江,110,16,detail_schedule,1,personnel_detail,,2. 人事費,4,11,11,True
N08,鷺江,110,16,detail_schedule,2,personnel_detail,,2. 人事費,4,11,11,True
N08,鷺江,110,17,detail_schedule,1,operating_detail,,3. 業務費,4,16,16,True
N08,鷺江,110,17,detail_schedule,2,operating_detail,,3. 業務費,4,15,15,True
N08,鷺江,110,18,detail_schedule,1,material_detail,,4. 材料費,4,5,5,True
N08,鷺江,110,18,detail_schedule,2,material_detail,,4. 材料費,4,5,5,True
N08,鷺江,110,18,detail_schedule,3,maintenance_detail,,5. 維護費,4,4,4,True
N08,鷺江,110,18,detail_schedule,4,maintenance_detail,,5. 維護費,4,4,4,True
N08,鷺江,110,19,note,1,other_income_expense,,6. 其他收入及其他支出,3,4,4,True
N08,鷺江,110,19,note,2,other_income_expense,,6. 其他收入及其他支出,3,4,4,True
N08,鷺江,110,19,note,3,project_subsidy,,(1) 專案補助收入及支出,3,9,9,True
N08,鷺江,110,19,note,4,project_subsidy,,(1) 專案補助收入及支出,3,5,5,True
N08,鷺江,110,20,note,1,agency_subsidy,(2) 代收補助收入及支出,,3,4,4,True
N08,鷺江,110,20,note,2,agency_subsidy,(2) 代收補助收入及支出,,3,6,6,True
N08,鷺江,110,20,note,3,agency_passthrough,(3) 代收代付收入及支出,,3,1,1,True
N08,鷺江,110,20,note,4,agency_passthrough,(3) 代收代付收入及支出,,3,1,1,True
N08,鷺江,110,20,note,5,surplus_execution,鷺江幼兒園之賸餘款執行概況表,,1,3,3,True
N08,鷺江,110,21,note,1,admin_fee,行政管理費,,2,1,1,True
N08,鷺江,110,21,note,2,payables,其他應付款,,2,1,1,True
N08,鷺江,110,23,detail_schedule,1,income_by_function,收支餘絀表－功能別,附表一：收支餘絀表-功能別,1,18,17,True
N08,鷺江,110,23,detail_schedule,2,unrouted,,"補充說明：教保費收支淨額金額為2,268,251元，分析如下：",1,4,4,True
N08,鷺江,110,24,detail_schedule,1,budget_transfer,經費流用及勻支檢查表,附表二：經費流用及勻支檢查表,4,30,30,True
N08,鷺江,110,25,detail_schedule,1,multiyear_compare,各學年收支預決算比較表,附表三：各學年收支預決算比較表,4,35,35,True
N08,鷺江,110,26,detail_schedule,1,unrouted,,,4,26,26,True
N08,鷺江,110,31,property_list,1,unrouted,,,1,2,2,True
N08,鷺江,110,31,property_list,2,property,2.購置財產,,3,11,11,True
N08,鷺江,111,8,equity_change,1,equity_change,淨值變動表,,3,7,7,True
N08,鷺江,111,9,cash_flow,1,cash_flow,現金流量表,,2,22,15,True
N08,鷺江,111,14,note,1,cash_detail,,(一) 現金及銀行存款,2,3,3,True
N08,鷺江,111,14,note,2,severance_reserve,,1. 資遣費準備,2,4,4,True
N08,鷺江,111,14,note,3,severance_reserve,,1. 資遣費準備,2,1,1,True
N08,鷺江,111,14,note,4,development_reserve,,2. 業務發展準備,2,3,3,True
N08,鷺江,111,15,note,1,development_reserve,,業務發展準備金,2,1,1,True
N08,鷺江,111,15,note,2,property,,1. 代管財產,4,1,1,True
N08,鷺江,111,15,note,3,property,,1. 代管財產,4,1,1,True
N08,鷺江,111,15,note,4,property,,2. 購置財產,4,1,1,True
N08,鷺江,111,15,note,5,property,,2. 購置財產,4,1,1,True
N08,鷺江,111,15,note,6,unrouted,,1. 教保費收入,2,11,9,True
N08,鷺江,111,16,detail_schedule,1,personnel_detail,,2. 人事費,4,11,11,True
N08,鷺江,111,16,detail_schedule,2,personnel_detail,,2. 人事費,4,11,11,True
N08,鷺江,111,17,detail_schedule,1,operating_detail,,3. 業務費,4,16,16,True
N08,鷺江,111,17,detail_schedule,2,operating_detail,,3. 業務費,4,16,16,True
N08,鷺江,111,18,detail_schedule,1,material_detail,,4. 材料費,4,5,5,True
N08,鷺江,111,18,detail_schedule,2,material_detail,,4. 材料費,4,5,5,True
N08,鷺江,111,18,detail_schedule,3,maintenance_detail,,5. 維護費,4,4,4,True
N08,鷺江,111,19,note,1,unrouted,,,4,4,4,True
N08,鷺江,111,19,note,2,other_income_expense,,6. 其他收入及其他支出,3,4,4,True
N08,鷺江,111,19,note,3,other_income_expense,,6. 其他收入及其他支出,3,4,4,True
N08,鷺江,111,19,note,4,project_subsidy,,(1) 專案補助收入及支出,3,9,9,True
N08,鷺江,111,23,detail_schedule,1,income_by_function,收支餘絀表－功能別,附表一：收支餘絀表－功能別,1,17,14,True
N08,鷺江,111,23,detail_schedule,2,income_by_function,,附表一：收支餘絀表－功能別,1,4,4,True
N08,鷺江,111,24,detail_schedule,1,budget_transfer,經費流用及勻支檢查表,附表二：經費流用及勻支檢查表,4,30,30,True
N08,鷺江,111,25,detail_schedule,1,multiyear_compare,各學年收支預決算比較表,附表三：各學年收支預決算比較表,8,30,30,True
N08,鷺江,111,26,detail_schedule,1,unrouted,,,8,33,33,True
N08,鷺江,112,8,equity_change,1,equity_change,淨值變動表,,3,7,7,True
N08,鷺江,112,9,cash_flow,1,cash_flow,現金流量表,,2,20,13,True
N08,鷺江,112,14,note,1,cash_detail,,(一) 現金及銀行存款,2,3,3,True
N08,鷺江,112,14,note,2,severance_reserve,,1. 資遣費準備,2,3,3,True
N08,鷺江,112,14,note,3,severance_reserve,,1. 資遣費準備,2,1,1,True
N08,鷺江,112,15,note,1,development_reserve,,2. 業務發展準備,2,3,3,True
N08,鷺江,112,15,note,2,development_reserve,,2. 業務發展準備,2,1,1,True
N08,鷺江,112,15,note,3,property,,1. 代管財產,4,1,1,True
N08,鷺江,112,15,note,4,property,,1. 代管財產,4,1,1,True
N08,鷺江,112,15,note,5,property,,2. 購置財產,4,1,1,True
N08,鷺江,112,15,note,6,property,,2. 購置財產,4,1,1,True
N08,鷺江,112,16,detail_schedule,1,unrouted,,(四) 收支明細表 1. 教保費收入,2,10,8,True
N08,鷺江,112,16,detail_schedule,2,personnel_detail,,(四) 收支明細表 2. 人事費,4,11,11,True
N08,鷺江,112,16,detail_schedule,3,personnel_detail,,(四) 收支明細表 2. 人事費,4,6,6,True
N08,鷺江,112,17,detail_schedule,1,unrouted,,,4,5,5,True
N08,鷺江,112,17,detail_schedule,2,operating_detail,,3. 業務費,4,16,16,True
N08,鷺江,112,18,detail_schedule,1,operating_detail,,3. 業務費（續）,4,16,16,True
N08,鷺江,112,18,detail_schedule,2,material_detail,,4. 材料費,4,5,5,True
N08,鷺江,112,18,detail_schedule,3,material_detail,,4. 材料費,4,5,5,True
N08,鷺江,112,19,note,1,maintenance_detail,,5. 維護費,4,4,4,True
N08,鷺江,112,19,note,2,maintenance_detail,,5. 維護費,4,4,4,True
N08,鷺江,112,19,note,3,unrouted,,6. 延長照顧服務收支,2,5,5,True
N08,鷺江,112,20,note,1,other_income_expense,,7. 其他收入及其他支出,3,4,4,True
N08,鷺江,112,20,note,2,other_income_expense,,7. 其他收入及其他支出,3,4,4,True
N08,鷺江,112,20,note,3,project_subsidy,,(1) 專案補助收入及支出,3,8,8,True
N08,鷺江,112,20,note,4,project_subsidy,,(1) 專案補助收入及支出,3,9,9,True
N08,鷺江,112,24,detail_schedule,1,income_by_function,收支餘絀表-功能別,附表一：收支餘絀表-功能別,1,16,14,True
N08,鷺江,112,24,detail_schedule,2,income_by_function,,附表一：收支餘絀表-功能別,1,4,4,True
N08,鷺江,112,25,detail_schedule,1,budget_transfer,經費流用及勻支檢查表,附表二：經費流用及勻支檢查表,4,30,30,True
N08,鷺江,112,26,detail_schedule,1,multiyear_compare,各學年收支預決算比較表,附表三：各學年收支預決算比較表,12,31,31,True
N08,鷺江,112,27,detail_schedule,1,unrouted,,,12,32,32,True
N08,鷺江,113,5,balance_sheet,1,balance_sheet,資產負債表,,4,31,26,True
N08,鷺江,113,6,income_statement,1,income_statement,收支餘絀表,,4,22,19,True
N08,鷺江,113,7,income_statement,1,income_statement,收支餘絀表,,4,22,19,True
N08,鷺江,113,8,equity_change,1,equity_change,淨值變動表,,3,7,7,True
N08,鷺江,113,9,cash_flow,1,cash_flow,現金流量表,,2,20,13,True
N08,鷺江,113,14,note,1,cash_detail,,(一) 現金及銀行存款,2,3,3,True
N08,鷺江,113,14,note,2,severance_reserve,,1. 資遣費準備,2,3,3,True
N08,鷺江,113,15,note,1,severance_reserve,,依據非營利幼兒園實施辦法之規定，提撥資遣費準備金餘額如下：,2,1,1,True
N08,鷺江,113,15,note,2,development_reserve,,2. 業務發展準備,2,3,3,True
N08,鷺江,113,15,note,3,development_reserve,,依據非營利幼兒園實施辦法及非營利幼兒園會計財務及經費處理注意事項之規定，提列之業務發展準備金已報經主管機關同意。依該規定，以專戶或定期存款提存之業務發展準備金餘額如下：,2,1,1,True
N08,鷺江,113,15,note,4,property,,1. 代管財產,4,1,1,True
N08,鷺江,113,15,note,5,property,,1. 代管財產,4,1,1,True
N08,鷺江,113,15,note,6,property,,2. 購置財產,4,1,1,True
N08,鷺江,113,15,note,7,property,,2. 購置財產,4,1,1,True
N08,鷺江,113,16,detail_schedule,1,unrouted,,(四) 收支明細表　1. 教保費收入,2,10,8,True
N08,鷺江,113,16,detail_schedule,2,personnel_detail,,(四) 收支明細表　2. 人事費,4,12,12,True
N08,鷺江,113,16,detail_schedule,3,personnel_detail,,(四) 收支明細表　2. 人事費,4,4,4,True
N08,鷺江,113,17,detail_schedule,1,personnel_detail,,人事費明細（續）,4,7,7,True
N08,鷺江,113,17,detail_schedule,2,operating_detail,,3.　業務費,4,14,14,True
N08,鷺江,113,18,detail_schedule,1,unrouted,,,4,2,2,True
N08,鷺江,113,18,detail_schedule,2,unrouted,,,4,16,16,True
N08,鷺江,113,19,detail_schedule,1,material_detail,,4. 材料費,4,5,5,True
N08,鷺江,113,19,detail_schedule,2,material_detail,,4. 材料費,4,5,5,True
N08,鷺江,113,19,detail_schedule,3,maintenance_detail,,5. 維護費及修繕購置費,4,5,4,True
N08,鷺江,113,19,detail_schedule,4,maintenance_detail,,5. 維護費及修繕購置費,4,1,1,True
N08,鷺江,113,20,note,1,maintenance_detail,,維護費,4,4,4,True
N08,鷺江,113,20,note,2,maintenance_detail,,修繕購置費,4,1,1,True
N08,鷺江,113,20,note,3,unrouted,,6. 延長照顧服務收支,2,5,5,True
N08,鷺江,113,20,note,4,other_income_expense,,7. 其他收入及其他支出,3,4,4,True
N08,鷺江,113,20,note,5,other_income_expense,,7. 其他收入及其他支出,3,4,4,True
N08,鷺江,113,21,detail_schedule,1,project_subsidy,,(1) 專案補助收入及支出,3,8,8,True
N08,鷺江,113,21,detail_schedule,2,project_subsidy,,(1) 專案補助收入及支出,3,8,8,True
N08,鷺江,113,21,detail_schedule,3,agency_subsidy,,(2) 代收補助收入及支出,3,3,3,True
N08,鷺江,113,21,detail_schedule,4,agency_subsidy,,(2) 代收補助收入及支出,3,4,4,True
N08,鷺江,113,21,detail_schedule,5,agency_passthrough,,(3) 代收代付收入及支出,3,1,1,True
N08,鷺江,113,22,note,1,unrouted,,,3,1,1,True
N08,鷺江,113,22,note,2,surplus_execution,鷺江幼兒園之賸餘款執行概況表,,1,6,6,True
N08,鷺江,113,22,note,3,unrouted,,,1,2,0,True
N08,鷺江,113,23,note,1,admin_fee,行政管理費,,2,1,1,True
N08,鷺江,113,23,note,2,project_subsidy,專案補助收入,,2,1,1,True
N08,鷺江,113,23,note,3,unrouted,其他應收款,,2,1,1,True
N08,鷺江,113,23,note,4,payables,其他應付款,,2,1,1,True
N08,鷺江,113,25,detail_schedule,1,income_by_function,收支餘絀表－功能別,附表一：收支餘絀表-功能別,1,17,15,True
N08,鷺江,113,25,detail_schedule,2,income_by_function,,附表一：收支餘絀表-功能別,1,4,4,True
N08,鷺江,113,26,detail_schedule,1,budget_transfer,經費流用及勻支檢查表,附表二：經費流用及勻支檢查表,4,30,30,True
N08,鷺江,113,27,detail_schedule,1,multiyear_compare,各學年收支預決算比較表,附表三：各學年收支預決算比較表,16,27,27,True
N08,鷺江,113,28,detail_schedule,1,unrouted,,,16,37,37,True
N08,鷺江,113,29,property_list,1,property,附表四：財產清冊　1.代管財產,,5,28,28,True
N08,鷺江,113,30,property_list,1,unrouted,,,5,38,38,True
N08,鷺江,113,31,property_list,1,unrouted,,,5,38,38,True
N08,鷺江,113,32,property_list,1,unrouted,,,5,39,39,True
N08,鷺江,113,33,property_list,1,property,2.購置財產,,7,18,18,True
N08,鷺江,113,34,auditor_report,1,auditor_checklist,113學年度第2學期會計師查核附表,,3,22,19,True
N08,鷺江,113,35,detail_schedule,1,auditor_checklist,查核項目,,3,20,20,True
N08,鷺江,113,35,detail_schedule,2,personnel_detail,人事費補充說明,,4,2,2,True
N08,鷺江,113,36,detail_schedule,1,auditor_checklist,查核項目,,3,15,15,True
N08,鷺江,113,36,detail_schedule,2,operating_detail,業務費補充說明,,4,3,3,True
N08,鷺江,113,37,other,1,unrouted,,,3,10,10,True
N08,鷺江,113,37,other,2,material_detail,材料費補充說明,,4,1,1,True
N08,鷺江,113,38,other,1,auditor_checklist,查核項目,,3,7,7,True
N08,鷺江,113,39,other,1,auditor_checklist,查核項目,,3,2,0,True
N08,鷺江,113,39,other,2,project_subsidy,其他補充說明 71-1 1.專案補助收入,,1,1,1,True
N08,鷺江,113,39,other,3,unrouted,其他補充說明 71-1 2.其他應收款,,1,1,1,True
N08,鷺江,113,40,detail_schedule,1,performance_review,113學年度績效考評,,1,5,3,True
N08,鷺江,113,41,other,1,unrouted,考評指標與考評方式,,1,4,4,True
N08,鷺江,113,41,other,2,unrouted,其他特殊情形（採總分外扣方式，扣至總分0分止）,,1,1,0,True
N09,安興,110,8,equity_change,1,equity_change,淨值變動表,,3,7,7,True
N09,安興,110,9,cash_flow,1,cash_flow,現金流量表,,2,20,14,True
N09,安興,110,14,note,1,cash_detail,,（一）現金及銀行存款,2,3,3,True
N09,安興,110,14,note,2,severance_reserve,,1. 資遣費準備,2,3,3,True
N09,安興,110,14,note,3,severance_reserve,,1. 資遣費準備,2,1,1,True
N09,安興,110,14,note,4,development_reserve,,2. 業務發展準備,2,3,3,True
N09,安興,110,14,note,5,development_reserve,,2. 業務發展準備,2,1,1,True
N09,安興,110,15,note,1,property,,（三）營運資產 1. 代管財產,4,1,1,True
N09,安興,110,15,note,2,property,,（三）營運資產 1. 代管財產,4,1,1,True
N09,安興,110,15,note,3,property,,（三）營運資產 2. 購置財產,4,1,1,True
N09,安興,110,15,note,4,property,,（三）營運資產 2. 購置財產,4,1,1,True
N09,安興,110,15,note,5,unrouted,,（四）收支明細表 1. 教保費收入,2,10,8,True
N09,安興,110,16,detail_schedule,1,personnel_detail,,2. 人事費,4,11,11,True
N09,安興,110,16,detail_schedule,2,personnel_detail,,2. 人事費,4,12,12,True
N09,安興,110,17,detail_schedule,1,operating_detail,,3. 業務費,4,16,16,True
N09,安興,110,17,detail_schedule,2,operating_detail,,3. 業務費,4,16,16,True
N09,安興,110,18,detail_schedule,1,material_detail,,4. 材料費,4,5,5,True
N09,安興,110,18,detail_schedule,2,material_detail,,4. 材料費,4,5,5,True
N09,安興,110,19,detail_schedule,1,maintenance_detail,,5. 維護費,4,4,4,True
N09,安興,110,19,detail_schedule,2,maintenance_detail,,5. 維護費,4,4,4,True
N09,安興,110,19,detail_schedule,3,other_income_expense,,6. 其他收入及其他支出,3,4,4,True
N09,安興,110,19,detail_schedule,4,other_income_expense,,6. 其他收入及其他支出,3,5,5,True
N09,安興,110,20,detail_schedule,1,project_subsidy,,(1) 專案補助收入及支出,3,9,9,True
N09,安興,110,20,detail_schedule,2,project_subsidy,,(1) 專案補助收入及支出,3,8,8,True
N09,安興,110,20,detail_schedule,3,agency_subsidy,,(2) 代收補助收入及支出,3,3,3,True
N09,安興,110,20,detail_schedule,4,agency_subsidy,,(2) 代收補助收入及支出,3,3,3,True
N09,安興,110,20,detail_schedule,5,agency_passthrough,,(3) 代收代付收入及支出,3,1,1,True
N09,安興,110,23,detail_schedule,1,income_by_function,收支餘絀表-功能別,附表一：收支餘絀表-功能別,1,17,15,True
N09,安興,110,23,detail_schedule,2,income_by_function,,附表一：收支餘絀表-功能別,1,4,4,True
N09,安興,110,24,detail_schedule,1,budget_transfer,經費流用及勻支檢查表,附表二：經費流用及勻支檢查表,4,31,31,True
N09,安興,110,25,detail_schedule,1,multiyear_compare,各學年收支預決算比較表,附表三：各學年收支預決算比較表,4,34,34,True
N09,安興,110,26,detail_schedule,1,unrouted,,,4,27,27,True
N09,安興,111,8,equity_change,1,equity_change,淨值變動表,,3,7,7,True
N09,安興,111,9,cash_flow,1,cash_flow,現金流量表,,2,21,15,True
N09,安興,111,14,note,1,note_items,,三、重要會計項目說明,2,3,3,True
N09,安興,111,14,note,2,severance_reserve,,1. 資遣費準備,2,3,3,True
N09,安興,111,14,note,3,severance_reserve,,1. 資遣費準備,2,1,1,True
N09,安興,111,14,note,4,development_reserve,,2. 業務發展準備,2,3,3,True
N09,安興,111,15,note,1,development_reserve,,業務發展準備金,2,1,1,True
N09,安興,111,15,note,2,property,,1. 代管財產,4,1,1,True
N09,安興,111,15,note,3,property,,1. 代管財產,4,1,1,True
N09,安興,111,15,note,4,property,,2. 購置財產,4,1,1,True
N09,安興,111,15,note,5,property,,2. 購置財產,4,1,1,True
N09,安興,111,15,note,6,unrouted,,1. 教保費收入,2,9,7,True
N09,安興,111,16,detail_schedule,1,personnel_detail,,2. 人事費,4,11,11,True
N09,安興,111,16,detail_schedule,2,personnel_detail,,2. 人事費,4,11,11,True
N09,安興,111,17,detail_schedule,1,operating_detail,,3. 業務費,4,16,16,True
N09,安興,111,17,detail_schedule,2,operating_detail,,3. 業務費,4,16,16,True
N09,安興,111,18,detail_schedule,1,material_detail,,4. 材料費,4,5,5,True
N09,安興,111,18,detail_schedule,2,material_detail,,4. 材料費,4,5,5,True
N09,安興,111,19,detail_schedule,1,maintenance_detail,,5. 維護費,4,4,4,True
N09,安興,111,19,detail_schedule,2,maintenance_detail,,5. 維護費,4,4,4,True
N09,安興,111,19,detail_schedule,3,other_income_expense,,6. 其他收入及其他支出,3,4,4,True
N09,安興,111,19,detail_schedule,4,other_income_expense,,6. 其他收入及其他支出,3,4,4,True
N09,安興,111,20,note,1,project_subsidy,,(1) 專案補助收入及支出,3,12,12,True
N09,安興,111,20,note,2,project_subsidy,,(1) 專案補助收入及支出,3,9,9,True
N09,安興,111,20,note,3,unrouted,,(2) 代補助收入及支出,3,3,3,True
N09,安興,111,20,note,4,unrouted,,(2) 代補助收入及支出,3,3,3,True
N09,安興,111,24,detail_schedule,1,income_by_function,收支餘絀表－功能別,附表一：收支餘絀表-功能別,1,17,14,True
N09,安興,111,24,detail_schedule,2,income_by_function,,附表一：收支餘絀表-功能別,2,4,4,True
N09,安興,111,25,detail_schedule,1,budget_transfer,經費流用及勻支檢查表,附表二：經費流用及勻支檢查表,5,31,31,True
N09,安興,111,26,detail_schedule,1,multiyear_compare,各學年收支預決算比較表,附表三：各學年收支預決算比較表,8,30,30,True
N09,安興,111,27,detail_schedule,1,unrouted,,,8,31,31,True
N09,安興,112,8,equity_change,1,equity_change,淨值變動表,,3,7,7,True
N09,安興,112,9,cash_flow,1,cash_flow,現金流量表,,2,19,12,True
N09,安興,112,14,note,1,cash_detail,,(一)現金及銀行存款,2,3,3,True
N09,安興,112,14,note,2,severance_reserve,,1. 資遣費準備,2,4,4,True
N09,安興,112,14,note,3,severance_reserve,,1. 資遣費準備,2,1,1,True
N09,安興,112,15,note,1,development_reserve,,2. 業務發展準備,2,3,3,True
N09,安興,112,15,note,2,development_reserve,,2. 業務發展準備,2,1,1,True
N09,安興,112,15,note,3,property,,1. 代管財產,4,1,1,True
N09,安興,112,15,note,4,property,,1. 代管財產,4,1,1,True
N09,安興,112,15,note,5,property,,2. 購置財產,4,1,1,True
N09,安興,112,15,note,6,property,,2. 購置財產,4,1,1,True
N09,安興,112,16,detail_schedule,1,unrouted,,(四)收支明細表 1. 教保費收入,2,11,9,True
N09,安興,112,16,detail_schedule,2,personnel_detail,,(四)收支明細表 2. 人事費,4,11,11,True
N09,安興,112,16,detail_schedule,3,personnel_detail,,(四)收支明細表 2. 人事費,4,4,4,True
N09,安興,112,17,detail_schedule,1,unrouted,,,4,7,7,True
N09,安興,112,17,detail_schedule,2,operating_detail,,3. 業務費,4,16,16,True
N09,安興,112,18,detail_schedule,1,operating_detail,,3. 業務費（或其上層章節）,4,16,16,True
N09,安興,112,18,detail_schedule,2,material_detail,4. 材料費,4. 材料費,4,5,5,True
N09,安興,112,19,detail_schedule,1,material_detail,,材料費,4,5,5,True
N09,安興,112,19,detail_schedule,2,maintenance_detail,,5. 維護費,4,4,4,True
N09,安興,112,19,detail_schedule,3,maintenance_detail,,5. 維護費,4,4,4,True
N09,安興,112,20,note,1,unrouted,,6. 延長照顧服務收支,2,5,5,True
N09,安興,112,20,note,2,other_income_expense,,7. 其他收入及其他支出,3,4,4,True
N09,安興,112,20,note,3,other_income_expense,,7. 其他收入及其他支出,3,4,4,True
N09,安興,112,20,note,4,project_subsidy,,(1) 專案補助收入及支出,3,9,9,True
N09,安興,112,20,note,5,project_subsidy,,(1) 專案補助收入及支出,3,4,4,True
N09,安興,112,24,detail_schedule,1,income_by_function,收支餘絀表－功能別,附表一：收支餘絀表-功能別,1,17,14,True
N09,安興,112,24,detail_schedule,2,unrouted,,"補充說明：教保費收支淨額金額為1,739,136元，分析如下：",1,4,4,True
N09,安興,112,25,detail_schedule,1,budget_transfer,經費流用及勻支檢查表,附表二：經費流用及勻支檢查表,4,31,31,True
N09,安興,112,26,detail_schedule,1,multiyear_compare,各學年收支預決算比較表,附表三：各學年收支預決算比較表,12,30,30,True
N09,安興,112,27,detail_schedule,1,unrouted,,,12,33,33,True
N09,安興,113,5,balance_sheet,1,balance_sheet,資產負債表,,4,31,26,True
N09,安興,113,6,income_statement,1,income_statement,收支餘絀表,,4,25,23,True
N09,安興,113,7,income_statement,1,income_statement,收支餘絀表,,4,23,20,True
N09,安興,113,8,equity_change,1,equity_change,淨值變動表,,3,7,7,True
N09,安興,113,9,cash_flow,1,cash_flow,現金流量表,,2,19,12,True
N09,安興,113,14,note,1,cash_detail,,（一）現金及銀行存款,2,3,3,True
N09,安興,113,14,note,2,severance_reserve,,1. 資遣費準備,2,4,4,True
N09,安興,113,14,note,3,severance_reserve,,1. 資遣費準備,2,1,1,True
N09,安興,113,15,note,1,development_reserve,,2. 業務發展準備,2,4,4,True
N09,安興,113,15,note,2,development_reserve,,2. 業務發展準備,2,1,1,True
N09,安興,113,15,note,3,property,,1. 代管財產,4,1,1,True
N09,安興,113,15,note,4,property,,1. 代管財產,4,1,1,True
N09,安興,113,16,detail_schedule,1,property,,2. 購置財產,4,1,1,True
N09,安興,113,16,detail_schedule,2,property,,2. 購置財產,4,1,1,True
N09,安興,113,16,detail_schedule,3,unrouted,,1. 教保費收入,2,11,9,True
N09,安興,113,16,detail_schedule,4,personnel_detail,,2. 人事費,4,11,11,True
N09,安興,113,17,detail_schedule,1,personnel_detail,,人事費明細表,4,11,11,True
N09,安興,113,17,detail_schedule,2,operating_detail,,3. 業務費,4,4,4,True
N09,安興,113,18,detail_schedule,1,unrouted,,,4,12,12,True
N09,安興,113,18,detail_schedule,2,unrouted,,,4,16,16,True
N09,安興,113,19,detail_schedule,1,material_detail,,4. 材料費,4,5,5,True
N09,安興,113,19,detail_schedule,2,material_detail,,4. 材料費,4,5,5,True
N09,安興,113,19,detail_schedule,3,maintenance_detail,,5. 維護費及修繕購置費,4,5,4,True
N09,安興,113,19,detail_schedule,4,maintenance_detail,,5. 維護費及修繕購置費,4,1,1,True
N09,安興,113,20,note,1,maintenance_detail,維護費,,4,4,4,True
N09,安興,113,20,note,2,maintenance_detail,修繕購置費,,4,1,1,True
N09,安興,113,20,note,3,unrouted,,6. 延長照顧服務收支,2,5,5,True
N09,安興,113,20,note,4,other_income_expense,,7. 其他收入及其他支出,3,4,4,True
N09,安興,113,21,detail_schedule,1,project_subsidy,,(1) 專案補助收入及支出,3,4,4,True
N09,安興,113,21,detail_schedule,2,project_subsidy,,(1) 專案補助收入及支出,3,8,8,True
N09,安興,113,21,detail_schedule,3,project_subsidy,,(1) 專案補助收入及支出,3,9,9,True
N09,安興,113,21,detail_schedule,4,agency_subsidy,,(2) 代收補助收入及支出,3,1,1,True
N09,安興,113,21,detail_schedule,5,agency_subsidy,,(2) 代收補助收入及支出,3,3,3,True
N09,安興,113,22,note,1,agency_passthrough,(3) 代收代付收入及支出,,3,1,1,True
N09,安興,113,22,note,2,agency_passthrough,(3) 代收代付收入及支出,,3,1,1,True
N09,安興,113,22,note,3,unrouted,8. 所得稅費用,,1,3,2,True
N09,安興,113,22,note,4,surplus_execution,安興幼兒園之賸餘款執行概況表,,1,6,6,True
N09,安興,113,23,note,1,admin_fee,行政管理費,,2,1,1,True
N09,安興,113,23,note,2,payables,其他應付款,,2,1,1,True
N09,安興,113,25,detail_schedule,1,income_by_function,收支餘絀表-功能別,附表一：收支餘絀表-功能別,1,19,17,True
N09,安興,113,25,detail_schedule,2,income_by_function,,附表一：收支餘絀表-功能別,1,4,4,True
N09,安興,113,26,detail_schedule,1,budget_transfer,經費流用及勻支檢查表,附表二：經費流用及勻支檢查表,4,31,31,True
N09,安興,113,27,detail_schedule,1,multiyear_compare,各學年收支預決算比較表,附表三：各學年收支預決算比較表,16,27,27,True
N09,安興,113,28,detail_schedule,1,unrouted,,,16,38,38,True
N09,安興,113,29,property_list,1,property,財產清冊,,5,31,31,True
N09,安興,113,30,property_list,1,unrouted,,,8,39,38,True
N09,安興,113,31,property_list,1,unrouted,,,5,39,39,True
N09,安興,113,32,property_list,1,unrouted,,,8,39,39,True
N09,安興,113,33,property_list,1,unrouted,,,1,9,9,True
N09,安興,113,33,property_list,2,property,2. 購置財產,,1,4,4,True
N09,安興,113,34,auditor_report,1,auditor_checklist,113學年度第2學期會計師查核附表,,3,22,19,True
N09,安興,113,35,detail_schedule,1,unrouted,,,3,16,16,True
N09,安興,113,35,detail_schedule,2,personnel_detail,人事費補充說明,,4,2,2,True
N09,安興,113,36,detail_schedule,1,unrouted,,,3,16,16,True
N09,安興,113,37,auditor_report,1,auditor_checklist,查核項目（是否符合）,,3,12,12,True
N09,安興,113,38,other,1,unrouted,,,3,6,6,True
N09,安興,113,39,auditor_report,1,auditor_checklist,查核項目,,3,5,0,True
N09,安興,113,40,detail_schedule,1,performance_review,113學年度績效考評,,1,5,3,True
N09,安興,113,41,auditor_report,1,unrouted,考評指標考評方式評分考評依據備註表,,1,4,4,True
N09,安興,113,41,auditor_report,2,unrouted,其他特殊情形：（採總分外加方式，扣至總分0分止）,,1,1,0,True
N10,大觀,110,8,equity_change,1,equity_change,淨值變動表,,3,7,7,True
N10,大觀,110,9,cash_flow,1,cash_flow,現金流量表,,2,22,15,True
N10,大觀,110,14,note,1,cash_detail,,（一）現金及銀行存款,2,3,3,True
N10,大觀,110,14,note,2,severance_reserve,,1. 資遣費準備,2,4,4,True
N10,大觀,110,14,note,3,severance_reserve,,1. 資遣費準備,2,1,1,True
N10,大觀,110,14,note,4,development_reserve,,2. 業務發展準備,2,3,3,True
N10,大觀,110,15,note,1,development_reserve,,業務發展準備金,2,1,1,True
N10,大觀,110,15,note,2,property,,1. 代管財產,4,1,1,True
N10,大觀,110,15,note,3,property,,1. 代管財產,4,1,1,True
N10,大觀,110,15,note,4,property,,2. 購置財產,4,1,1,True
N10,大觀,110,15,note,5,property,,2. 購置財產,4,1,1,True
N10,大觀,110,15,note,6,unrouted,,1. 教保費收入,2,11,9,True
N10,大觀,110,16,detail_schedule,1,personnel_detail,,2. 人事費,4,12,12,True
N10,大觀,110,16,detail_schedule,2,personnel_detail,,2. 人事費,4,12,12,True
N10,大觀,110,17,detail_schedule,1,operating_detail,,3. 業務費,4,16,16,True
N10,大觀,110,17,detail_schedule,2,operating_detail,,3. 業務費,4,16,16,True
N10,大觀,110,18,note,1,material_detail,,4. 材料費,4,5,5,True
N10,大觀,110,18,note,2,material_detail,,4. 材料費,4,5,5,True
N10,大觀,110,19,detail_schedule,1,maintenance_detail,,5. 維護費,4,4,4,True
N10,大觀,110,19,detail_schedule,2,maintenance_detail,,5. 維護費,4,4,4,True
N10,大觀,110,19,detail_schedule,3,other_income_expense,,6. 其他收入及其他支出,3,4,4,True
N10,大觀,110,19,detail_schedule,4,other_income_expense,,6. 其他收入及其他支出,3,4,4,True
N10,大觀,110,20,note,1,project_subsidy,,(1) 專案補助收入及支出,3,13,13,True
N10,大觀,110,20,note,2,project_subsidy,,(1) 專案補助收入及支出,3,9,9,True
N10,大觀,110,20,note,3,agency_subsidy,,(2) 代收補助收入及支出,3,3,3,True
N10,大觀,110,20,note,4,agency_subsidy,,(2) 代收補助收入及支出,3,5,5,True
N10,大觀,110,23,detail_schedule,1,income_by_function,收支餘絀表－功能別,附表一：收支餘絀表-功能別,1,17,15,True
N10,大觀,110,23,detail_schedule,2,income_by_function,,附表一：收支餘絀表-功能別,1,4,4,True
N10,大觀,110,24,detail_schedule,1,budget_transfer,經費流用及勻支檢查表,附表二：經費流用及勻支檢查表,4,30,30,True
N10,大觀,110,25,detail_schedule,1,multiyear_compare,各學年收支預決算比較表,附表三：各學年收支預算比較表,16,27,27,True
N10,大觀,110,26,detail_schedule,1,unrouted,,,16,36,36,True
N10,大觀,111,8,equity_change,1,unrouted,,,3,7,7,True
N10,大觀,111,9,cash_flow,1,cash_flow,現金流量表,,2,21,14,True
N10,大觀,111,14,note,1,cash_detail,,（一）現金及銀行存款,2,3,3,True
N10,大觀,111,14,note,2,severance_reserve,,1. 資遣費準備,2,4,4,True
N10,大觀,111,14,note,3,severance_reserve,,1. 資遣費準備,2,1,1,True
N10,大觀,111,14,note,4,development_reserve,,2. 業務發展準備,2,3,3,True
N10,大觀,111,15,note,1,unrouted,,,2,1,1,True
N10,大觀,111,15,note,2,property,,1. 代管財產,4,1,1,True
N10,大觀,111,15,note,3,property,,1. 代管財產,4,1,1,True
N10,大觀,111,15,note,4,property,,2. 購置財產,4,1,1,True
N10,大觀,111,15,note,5,property,,2. 購置財產,4,1,1,True
N10,大觀,111,15,note,6,unrouted,,1.　教保費收入,2,10,8,True
N10,大觀,111,16,detail_schedule,1,personnel_detail,,2. 人事費,4,11,11,True
N10,大觀,111,16,detail_schedule,2,personnel_detail,,2. 人事費,4,12,12,True
N10,大觀,111,17,detail_schedule,1,operating_detail,,3. 業務費,4,16,16,True
N10,大觀,111,17,detail_schedule,2,operating_detail,,3. 業務費,4,16,16,True
N10,大觀,111,18,note,1,material_detail,,4. 材料費,4,5,5,True
N10,大觀,111,18,note,2,material_detail,,4. 材料費,4,5,5,True
N10,大觀,111,19,note,1,maintenance_detail,,5. 維護費,4,4,4,True
N10,大觀,111,19,note,2,maintenance_detail,,5. 維護費,4,4,4,True
N10,大觀,111,19,note,3,other_income_expense,,6. 其他收入及其他支出,3,4,4,True
N10,大觀,111,19,note,4,other_income_expense,,6. 其他收入及其他支出,3,4,4,True
N10,大觀,111,20,note,1,project_subsidy,,(1) 專案補助收入及支出,3,15,14,True
N10,大觀,111,20,note,2,project_subsidy,,(1) 專案補助收入及支出,3,14,13,True
N10,大觀,111,20,note,3,agency_subsidy,,(2) 代收補助收入及支出,3,5,4,True
N10,大觀,111,24,detail_schedule,1,income_by_function,收支餘絀表－功能別,附表一：收支餘絀表-功能別,1,17,14,True
N10,大觀,111,24,detail_schedule,2,income_by_function,,附表一：收支餘絀表-功能別,2,4,4,True
N10,大觀,111,25,detail_schedule,1,budget_transfer,經費流用及勻支檢查表,附表二：經費流用及勻支檢查表,4,30,30,True
N10,大觀,111,26,detail_schedule,1,multiyear_compare,各學年收支預決算比較表,附表三：各學年收支預決算比較表,4,32,32,True
N10,大觀,111,27,detail_schedule,1,unrouted,,,4,28,27,True
N10,大觀,112,8,equity_change,1,equity_change,淨值變動表,,3,7,7,True
N10,大觀,112,9,cash_flow,1,cash_flow,現金流量表,,2,21,14,True
N10,大觀,112,14,note,1,cash_detail,,(一）現金及銀行存款,2,3,3,True
N10,大觀,112,14,note,2,severance_reserve,,1. 資遣費準備,2,3,3,True
N10,大觀,112,14,note,3,severance_reserve,,1. 資遣費準備,2,1,1,True
N10,大觀,112,15,note,1,development_reserve,,2. 業務發展準備,2,3,3,True
N10,大觀,112,15,note,2,development_reserve,,2. 業務發展準備,2,1,1,True
N10,大觀,112,15,note,3,property,,1. 代管財產,4,1,1,True
N10,大觀,112,15,note,4,property,,1. 代管財產,4,1,1,True
N10,大觀,112,15,note,5,property,,2. 購置財產,4,1,1,True
N10,大觀,112,15,note,6,property,,2. 購置財產,4,1,1,True
N10,大觀,112,16,detail_schedule,1,unrouted,,(四)收支明細表 1. 教保費收入,2,10,8,True
N10,大觀,112,16,detail_schedule,2,personnel_detail,,(四)收支明細表 2. 人事費,4,11,11,True
N10,大觀,112,16,detail_schedule,3,personnel_detail,,(四)收支明細表 2. 人事費,4,6,6,True
N10,大觀,112,17,detail_schedule,1,personnel_detail,,人事費明細表（延續）,4,5,5,True
N10,大觀,112,17,detail_schedule,2,operating_detail,業務費,3. 業務費,4,16,16,True
N10,大觀,112,18,detail_schedule,1,operating_detail,,3. 業務費（續）,4,16,16,True
N10,大觀,112,19,detail_schedule,1,material_detail,,材料費（111.8.1~112.7.31）,4,5,5,True
N10,大觀,112,19,detail_schedule,2,maintenance_detail,,5.　維護費,4,4,4,True
N10,大觀,112,19,detail_schedule,3,maintenance_detail,,5.　維護費,4,4,4,True
N10,大觀,112,20,note,1,unrouted,,6. 延長照顧服務收支,2,5,5,True
N10,大觀,112,20,note,2,other_income_expense,,7. 其他收入及其他支出,3,4,4,True
N10,大觀,112,20,note,3,other_income_expense,,7. 其他收入及其他支出,3,4,4,True
N10,大觀,112,20,note,4,project_subsidy,,(1) 專案補助收入及支出,3,11,11,True
N10,大觀,112,24,detail_schedule,1,income_by_function,收支餘絀表－功能別,附表一：收支餘絀表-功能別,1,17,13,True
N10,大觀,112,24,detail_schedule,2,income_by_function,,附表一：收支餘絀表-功能別,2,4,4,True
N10,大觀,112,25,detail_schedule,1,budget_transfer,經費流用及勻支檢查表,附表二：經費流用及勻支檢查表,4,30,30,True
N10,大觀,112,26,detail_schedule,1,multiyear_compare,各學年收支預決算比較表,附表三：各學年收支預決算比較表,8,30,30,True
N10,大觀,112,27,detail_schedule,1,unrouted,,,8,31,30,True
N10,大觀,113,5,balance_sheet,1,balance_sheet,資產負債表,,4,31,26,True
N10,大觀,113,6,income_statement,1,unrouted,收支綜合表,,4,22,19,True
N10,大觀,113,7,income_statement,1,unrouted,收支決算表,,4,22,19,True
N10,大觀,113,8,equity_change,1,unrouted,,,3,7,7,True
N10,大觀,113,9,cash_flow,1,cash_flow,現金流量表,,2,21,14,True
N10,大觀,113,14,note,1,cash_detail,,（一）現金及銀行存款,2,3,3,True
N10,大觀,113,14,note,2,severance_reserve,,1. 資遣費準備,2,4,4,True
N10,大觀,113,15,note,1,severance_reserve,,依據非營利幼兒園實施辦法之規定，提撥資遣費準備金餘額如下：,2,1,1,True
N10,大觀,113,15,note,2,development_reserve,,2. 業務發展準備,2,3,3,True
N10,大觀,113,15,note,3,development_reserve,,依據非營利幼兒園實施辦法及非營利幼兒園會計財務及經費處理注意事項之規定，提列之業務發展準備金已報經主管機關同意。依該規定，以專戶或定期存款提存之業務發展準備金餘額如下：,2,1,1,True
N10,大觀,113,15,note,4,property,,1. 代管財產,4,1,1,True
N10,大觀,113,15,note,5,property,,1. 代管財產,4,1,1,True
N10,大觀,113,15,note,6,property,,2. 購置財產,4,1,1,True
N10,大觀,113,15,note,7,property,,2. 購置財產,4,1,1,True
N10,大觀,113,16,detail_schedule,1,unrouted,,(四)收支明細表 1. 教保費收入,2,11,9,True
N10,大觀,113,16,detail_schedule,2,personnel_detail,,(四)收支明細表 2. 人事費,4,11,11,True
N10,大觀,113,16,detail_schedule,3,personnel_detail,,(四)收支明細表 2. 人事費,4,5,5,True
N10,大觀,113,17,detail_schedule,1,unrouted,,,4,6,6,True
N10,大觀,113,17,detail_schedule,2,operating_detail,業務費,3.　業務費,4,16,16,True
N10,大觀,113,18,detail_schedule,1,unrouted,,,4,16,16,True
N10,大觀,113,18,detail_schedule,2,material_detail,材料費,4.　材料費,4,5,5,True
N10,大觀,113,19,detail_schedule,1,unrouted,,,4,5,5,True
N10,大觀,113,19,detail_schedule,2,maintenance_detail,維護費及修繕購置費,5.　維護費及修繕購置費,4,5,4,True
N10,大觀,113,19,detail_schedule,3,maintenance_detail,,5.　維護費及修繕購置費,4,1,1,True
N10,大觀,113,19,detail_schedule,4,maintenance_detail,,5.　維護費及修繕購置費,4,5,4,True
N10,大觀,113,20,note,1,maintenance_detail,,修繕購置費,4,1,1,True
N10,大觀,113,20,note,2,unrouted,,6.　延長照顧服務收支,2,5,4,True
N10,大觀,113,20,note,3,other_income_expense,,7.　其他收入及其他支出,3,4,4,True
N10,大觀,113,20,note,4,other_income_expense,,7.　其他收入及其他支出,3,4,4,True
N10,大觀,113,21,note,1,project_subsidy,,(1) 專案補助收入及支出,3,14,14,True
N10,大觀,113,21,note,2,project_subsidy,,(1) 專案補助收入及支出,3,11,11,True
N10,大觀,113,21,note,3,agency_subsidy,,(2) 代收補助收入及支出,3,3,3,True
N10,大觀,113,22,note,1,unrouted,,,3,3,3,True
N10,大觀,113,22,note,2,agency_passthrough,(3) 代收代付收入及支出,,3,1,1,True
N10,大觀,113,22,note,3,unrouted,,,3,1,1,True
N10,大觀,113,22,note,4,surplus_execution,大觀幼兒園之賸餘款執行概況表,,1,5,5,True
N10,大觀,113,23,note,1,related_party,（一）關係人之名稱及關係,,1,1,0,True
N10,大觀,113,23,note,2,admin_fee,1. 行政管理費,,2,1,1,True
N10,大觀,113,23,note,3,payables,2. 其他應付款,,2,1,1,True
N10,大觀,113,25,detail_schedule,1,income_by_function,收支餘絀表－功能別,附表一：收支餘絀表-功能別,1,17,14,True
N10,大觀,113,25,detail_schedule,2,unrouted,,"補充說明：教保費收支淨額金額為 1,085,292 元，分析如下：",1,4,4,True
N10,大觀,113,26,detail_schedule,1,budget_transfer,經費流用及勻支檢查表,附表二：經費流用及勻支檢查表,4,30,30,True
N10,大觀,113,27,detail_schedule,1,multiyear_compare,各學年收支預決算比較表,附表三：各學年收支預決算比較表,12,29,29,True
N10,大觀,113,28,detail_schedule,1,unrouted,,,12,32,31,True
N10,大觀,113,29,property_list,1,property,財產清冊,,5,30,30,True
N10,大觀,113,30,property_list,1,unrouted,,,5,37,37,True
N10,大觀,113,31,property_list,1,unrouted,,,5,37,37,True
N10,大觀,113,32,property_list,1,unrouted,,,5,37,37,True
N10,大觀,113,33,property_list,1,unrouted,,,5,37,37,True
N10,大觀,113,34,property_list,1,unrouted,,,5,37,37,True
N10,大觀,113,35,property_list,1,unrouted,,,5,6,6,True
N10,大觀,113,35,property_list,2,property,2.購置財產,,5,15,15,True
N10,大觀,113,36,auditor_report,1,auditor_checklist,113學年度第2學期會計師查核附表,,3,20,17,True
N10,大觀,113,37,detail_schedule,1,auditor_checklist,查核項目,,3,22,22,True
N10,大觀,113,37,detail_schedule,2,personnel_detail,人事費補充說明,,4,1,1,True
N10,大觀,113,38,detail_schedule,1,unrouted,,,3,15,15,True
N10,大觀,113,38,detail_schedule,2,operating_detail,業務費補充說明,,4,2,2,True
N10,大觀,113,39,detail_schedule,1,unrouted,,,4,2,2,True
N10,大觀,113,40,detail_schedule,1,unrouted,,,3,5,5,True
N10,大觀,113,41,auditor_report,1,auditor_checklist,查核項目（其他）,,3,5,5,True
N10,大觀,113,42,detail_schedule,1,performance_review,113學年度績效考評,,1,5,3,True
N10,大觀,113,43,auditor_report,1,unrouted,,,1,4,4,True
N10,大觀,113,43,auditor_report,2,unrouted,其他特殊情形：（採總分外扣方式，扣至總分０分止）,,1,1,0,True
N11,新林,110,8,equity_change,1,equity_change,淨值變動表,,3,7,7,True
N11,新林,110,9,cash_flow,1,cash_flow,現金流量表,,2,20,13,True
N11,新林,110,14,note,1,cash_detail,,(一) 現金及銀行存款,2,3,3,True
N11,新林,110,14,note,2,severance_reserve,,1. 資遣費準備,2,4,4,True
N11,新林,110,14,note,3,severance_reserve,,1. 資遣費準備,2,1,1,True
N11,新林,110,14,note,4,development_reserve,,2. 業務發展準備,2,3,3,True
N11,新林,110,15,note,1,development_reserve,,業務發展準備金,2,1,1,True
N11,新林,110,15,note,2,property,,1. 代管財產,4,1,1,True
N11,新林,110,15,note,3,property,,1. 代管財產,4,1,1,True
N11,新林,110,15,note,4,property,,2. 購置財產,4,1,1,True
N11,新林,110,15,note,5,property,,2. 購置財產,4,1,1,True
N11,新林,110,15,note,6,unrouted,,1. 教保費收入,2,9,7,True
N11,新林,110,16,detail_schedule,1,personnel_detail,,2. 人事費,4,12,12,True
N11,新林,110,16,detail_schedule,2,personnel_detail,,2. 人事費,4,12,12,True
N11,新林,110,17,detail_schedule,1,operating_detail,,3. 業務費,4,16,16,True
N11,新林,110,17,detail_schedule,2,operating_detail,,3. 業務費,4,16,16,True
N11,新林,110,18,detail_schedule,1,material_detail,,4. 材料費,4,5,5,True
N11,新林,110,18,detail_schedule,2,material_detail,,4. 材料費,4,5,5,True
N11,新林,110,19,detail_schedule,1,maintenance_detail,,5. 維護費,4,4,4,True
N11,新林,110,19,detail_schedule,2,maintenance_detail,,5. 維護費,4,4,4,True
N11,新林,110,19,detail_schedule,3,other_income_expense,,6. 其他收入及其他支出,3,4,4,True
N11,新林,110,19,detail_schedule,4,other_income_expense,,6. 其他收入及其他支出,3,4,4,True
N11,新林,110,20,detail_schedule,1,project_subsidy,,(1) 專案補助收入及支出,3,9,9,True
N11,新林,110,20,detail_schedule,2,project_subsidy,,(1) 專案補助收入及支出,3,4,4,True
N11,新林,110,20,detail_schedule,3,agency_subsidy,,(2) 代收補助收入及支出,3,3,3,True
N11,新林,110,20,detail_schedule,4,agency_subsidy,,(2) 代收補助收入及支出,3,4,4,True
N11,新林,110,20,detail_schedule,5,agency_passthrough,,(3) 代收代付收入及支出,3,3,3,True
N11,新林,110,20,detail_schedule,6,agency_passthrough,,(3) 代收代付收入及支出,3,2,2,True
N11,新林,110,23,detail_schedule,1,income_by_function,收支餘絀表-功能別,附表一：收支餘絀表-功能別,1,17,13,True
N11,新林,110,23,detail_schedule,2,income_by_function,,附表一：收支餘絀表-功能別,1,4,4,True
N11,新林,110,24,detail_schedule,1,budget_transfer,經費流用及勻支檢查表,附表二：經費流用及勻支檢查表,4,30,30,True
N11,新林,110,25,detail_schedule,1,multiyear_compare,各學年收支預決算比較表,附表三：各學年收支預決算比較表,16,26,26,True
N11,新林,110,26,detail_schedule,1,unrouted,,,16,36,35,True
N11,新林,111,8,equity_change,1,equity_change,淨值變動表,,3,7,7,True
N11,新林,111,9,cash_flow,1,cash_flow,現金流量表,,2,19,12,True
N11,新林,111,14,note,1,cash_detail,,(一) 現金及銀行存款,2,3,3,True
N11,新林,111,14,note,2,severance_reserve,,1. 資遣費準備,2,3,3,True
N11,新林,111,14,note,3,severance_reserve,,1. 資遣費準備,2,1,1,True
N11,新林,111,14,note,4,development_reserve,,2. 業務發展準備,2,3,3,True
N11,新林,111,15,note,1,development_reserve,,業務發展準備金,2,1,1,True
N11,新林,111,15,note,2,property,,1. 代管財產,4,1,1,True
N11,新林,111,15,note,3,property,,1. 代管財產,4,1,1,True
N11,新林,111,15,note,4,property,,2. 購置財產,4,1,1,True
N11,新林,111,15,note,5,property,,2. 購置財產,4,1,1,True
N11,新林,111,15,note,6,unrouted,,1. 教保費收入,2,10,8,True
N11,新林,111,16,detail_schedule,1,personnel_detail,,2. 人事費,4,12,12,True
N11,新林,111,16,detail_schedule,2,personnel_detail,,2. 人事費,4,12,12,True
N11,新林,111,17,detail_schedule,1,operating_detail,,3. 業務費,4,16,16,True
N11,新林,111,17,detail_schedule,2,operating_detail,,3. 業務費,4,16,16,True
N11,新林,111,18,detail_schedule,1,material_detail,,4.　材料費,4,5,5,True
N11,新林,111,18,detail_schedule,2,material_detail,,4.　材料費,4,5,5,True
N11,新林,111,19,detail_schedule,1,maintenance_detail,,5. 維護費,4,4,4,True
N11,新林,111,19,detail_schedule,2,maintenance_detail,,5. 維護費,4,4,4,True
N11,新林,111,19,detail_schedule,3,other_income_expense,,6. 其他收入及其他支出,3,4,4,True
N11,新林,111,19,detail_schedule,4,other_income_expense,,6. 其他收入及其他支出,3,4,4,True
N11,新林,111,20,detail_schedule,1,project_subsidy,,(1) 專案補助收入及支出,3,9,9,True
N11,新林,111,20,detail_schedule,2,project_subsidy,,(1) 專案補助收入及支出,3,9,9,True
N11,新林,111,20,detail_schedule,3,agency_subsidy,,(2) 代收補助收入及支出,3,4,4,True
N11,新林,111,20,detail_schedule,4,agency_subsidy,,(2) 代收補助收入及支出,3,3,3,True
N11,新林,111,20,detail_schedule,5,agency_passthrough,,(3) 代收代付收入及支出,3,1,1,True
N11,新林,111,23,detail_schedule,1,income_by_function,收支餘絀表-功能別,附表一：收支餘絀表-功能別,1,17,13,True
N11,新林,111,23,detail_schedule,2,income_by_function,,附表一：收支餘絀表-功能別,1,4,4,True
N11,新林,111,24,detail_schedule,1,budget_transfer,經費流用及勻支檢查表,附表二：經費流用及勻支檢查表,4,30,30,True
N11,新林,111,25,detail_schedule,1,multiyear_compare,各學年收支預決算比較表,附表三：各學年收支預決算比較表,4,34,34,True
N11,新林,111,26,detail_schedule,1,unrouted,,,4,27,26,True
N11,新林,112,8,equity_change,1,unrouted,,,3,7,7,True
N11,新林,112,9,cash_flow,1,unrouted,,,2,19,12,True
N11,新林,112,14,note,1,cash_detail,,(一) 現金及銀行存款,2,3,3,True
N11,新林,112,14,note,2,severance_reserve,,1. 資遣費準備,2,3,3,True
N11,新林,112,14,note,3,severance_reserve,,1. 資遣費準備,2,1,1,True
N11,新林,112,15,note,1,development_reserve,,2. 業務發展準備,2,3,3,True
N11,新林,112,15,note,2,development_reserve,,2. 業務發展準備,2,1,1,True
N11,新林,112,15,note,3,property,,1. 代管財產,4,1,1,True
N11,新林,112,15,note,4,property,,1. 代管財產,4,1,1,True
N11,新林,112,15,note,5,property,,2. 購置財產,4,1,1,True
N11,新林,112,15,note,6,property,,2. 購置財產,4,1,1,True
N11,新林,112,16,detail_schedule,1,unrouted,,(四) 收支明細表,2,10,8,True
N11,新林,112,16,detail_schedule,2,personnel_detail,,2. 人事費,4,12,12,True
N11,新林,112,16,detail_schedule,3,personnel_detail,,2. 人事費,4,3,3,True
N11,新林,112,17,detail_schedule,1,personnel_detail,,人事費明細,4,9,9,True
N11,新林,112,17,detail_schedule,2,operating_detail,,3.　業務費,4,12,12,True
N11,新林,112,18,detail_schedule,1,operating_detail,,3. 業務費（續）,4,4,4,True
N11,新林,112,18,detail_schedule,2,operating_detail,,3. 業務費（續）,4,16,16,True
N11,新林,112,18,detail_schedule,3,material_detail,,4. 材料費,4,5,5,True
N11,新林,112,19,detail_schedule,1,material_detail,,材料費,4,5,5,True
N11,新林,112,19,detail_schedule,2,maintenance_detail,,5.　維護費,4,4,4,True
N11,新林,112,19,detail_schedule,3,maintenance_detail,,5.　維護費,4,4,4,True
N11,新林,112,20,note,1,unrouted,,6. 延長照顧服務收支,2,5,3,True
N11,新林,112,20,note,2,other_income_expense,,7. 其他收入及其他支出,3,4,4,True
N11,新林,112,20,note,3,other_income_expense,,7. 其他收入及其他支出,3,4,4,True
N11,新林,112,20,note,4,project_subsidy,,(1) 專案補助收入及支出,3,7,7,True
N11,新林,112,20,note,5,project_subsidy,,(1) 專案補助收入及支出,3,7,7,True
N11,新林,112,24,detail_schedule,1,income_by_function,收支餘絀表-功能別,附表一：收支餘絀表-功能別,1,17,13,True
N11,新林,112,24,detail_schedule,2,unrouted,,補充說明：,1,4,4,True
N11,新林,112,25,detail_schedule,1,budget_transfer,經費流用及勻支檢查表,附表二：經費流用及勻支檢查表,4,30,30,True
N11,新林,112,26,detail_schedule,1,multiyear_compare,各學年收支預決算比較表,附表三：各學年收支預決算比較表,8,30,30,True
N11,新林,112,27,detail_schedule,1,unrouted,,,8,31,30,True
N11,新林,113,5,balance_sheet,1,balance_sheet,資產負債表,,2,32,27,True
N11,新林,113,6,income_statement,1,income_statement,收支餘絀表,,4,22,19,True
N11,新林,113,7,income_statement,1,unrouted,收支結絀表,,4,22,19,True
N11,新林,113,8,equity_change,1,equity_change,淨值變動表,,3,7,7,True
N11,新林,113,9,cash_flow,1,cash_flow,現金流量表,,2,20,13,True
N11,新林,113,14,note,1,cash_detail,,(一) 現金及銀行存款,2,3,3,True
N11,新林,113,14,note,2,severance_reserve,,1. 資遣費準備,2,3,3,True
N11,新林,113,15,note,1,severance_reserve,,資遣費準備金,2,1,1,True
N11,新林,113,15,note,2,development_reserve,,2. 業務發展準備,2,3,3,True
N11,新林,113,15,note,3,development_reserve,,2. 業務發展準備,2,1,1,True
N11,新林,113,15,note,4,property,,1. 代管財產,4,1,1,True
N11,新林,113,15,note,5,property,,1. 代管財產,4,1,1,True
N11,新林,113,15,note,6,property,,2. 購置財產,4,1,1,True
N11,新林,113,15,note,7,property,,2. 購置財產,4,1,1,True
N11,新林,113,16,detail_schedule,1,unrouted,,(四) 收支明細表 1. 教保費收入,2,10,8,True
N11,新林,113,16,detail_schedule,2,personnel_detail,,(四) 收支明細表 2. 人事費,4,12,12,True
N11,新林,113,16,detail_schedule,3,personnel_detail,,(四) 收支明細表 2. 人事費,4,3,3,True
N11,新林,113,17,detail_schedule,1,personnel_detail,,人事費明細,4,9,9,True
N11,新林,113,17,detail_schedule,2,operating_detail,,3.　業務費,4,13,13,True
N11,新林,113,18,detail_schedule,1,unrouted,,,4,3,3,True
N11,新林,113,18,detail_schedule,2,unrouted,,,4,16,16,True
N11,新林,113,18,detail_schedule,3,material_detail,,4.　材料費,4,5,5,True
N11,新林,113,19,detail_schedule,1,unrouted,,,4,5,5,True
N11,新林,113,19,detail_schedule,2,maintenance_detail,,5. 維護費及修繕購置費,4,5,4,True
N11,新林,113,19,detail_schedule,3,maintenance_detail,,5. 維護費及修繕購置費,4,1,1,True
N11,新林,113,19,detail_schedule,4,maintenance_detail,,5. 維護費及修繕購置費,4,5,4,True
N11,新林,113,20,note,1,maintenance_detail,,修繕購置費,4,1,1,True
N11,新林,113,20,note,2,unrouted,,6.　延長照顧服務收支,2,5,3,True
N11,新林,113,20,note,3,other_income_expense,,7.　其他收入及其他支出,3,4,4,True
N11,新林,113,20,note,4,other_income_expense,,7.　其他收入及其他支出,3,4,4,True
N11,新林,113,20,note,5,project_subsidy,,(1)專案補助收入及支出,3,3,3,True
N11,新林,113,21,detail_schedule,1,unrouted,,,3,6,6,True
N11,新林,113,21,detail_schedule,2,unrouted,,,3,7,7,True
N11,新林,113,21,detail_schedule,3,agency_subsidy,,(2) 代收補助收入及支出,3,3,3,True
N11,新林,113,21,detail_schedule,4,agency_subsidy,,(2) 代收補助收入及支出,3,4,4,True
N11,新林,113,21,detail_schedule,5,agency_passthrough,,(3) 代收代付收入及支出,3,1,1,True
N11,新林,113,21,detail_schedule,6,agency_passthrough,,(3) 代收代付收入及支出,3,1,1,True
N11,新林,113,23,note,1,payables,其他應付款,,2,1,1,True
N11,新林,113,24,detail_schedule,1,income_by_function,收支餘絀表-功能別,附表一：收支餘絀表-功能別,1,17,14,True
N11,新林,113,24,detail_schedule,2,income_by_function,,附表一：收支餘絀表-功能別,1,4,4,True
N11,新林,113,25,detail_schedule,1,budget_transfer,經費流用及勻支檢查表,附表二：經費流用及勻支檢查表,5,30,30,True
N11,新林,113,26,detail_schedule,1,multiyear_compare,各學年收支預決算比較表,附表三：各學年收支預決算比較表,12,31,31,True
N11,新林,113,27,detail_schedule,1,unrouted,,,12,31,30,True
N12,昌福,110,8,equity_change,1,equity_change,淨值變動表,,3,7,7,True
N12,昌福,110,9,cash_flow,1,cash_flow,現金流量表,,2,18,11,True
N12,昌福,110,14,note,1,cash_detail,,(一) 現金及銀行存款,2,3,3,True
N12,昌福,110,14,note,2,severance_reserve,,1. 資遣費準備,2,4,4,True
N12,昌福,110,14,note,3,severance_reserve,,1. 資遣費準備,2,1,1,True
N12,昌福,110,14,note,4,development_reserve,,2. 業務發展準備,2,3,3,True
N12,昌福,110,15,note,1,development_reserve,,業務發展準備金,2,1,1,True
N12,昌福,110,15,note,2,unrouted,,(三) 營運資產,4,1,1,True
N12,昌福,110,15,note,3,property,,1. 代管財產,4,1,1,True
N12,昌福,110,15,note,4,property,,2. 購置財產,4,1,1,True
N12,昌福,110,15,note,5,property,,2. 購置財產,4,1,1,True
N12,昌福,110,15,note,6,unrouted,教保費收入,(四) 收支明細表,2,9,7,True
N12,昌福,110,16,detail_schedule,1,personnel_detail,,2. 人事費,4,12,12,True
N12,昌福,110,16,detail_schedule,2,personnel_detail,,2. 人事費,4,12,12,True
N12,昌福,110,17,detail_schedule,1,operating_detail,,3. 業務費,4,16,16,True
N12,昌福,110,17,detail_schedule,2,operating_detail,,3. 業務費,4,16,16,True
N12,昌福,110,18,detail_schedule,1,material_detail,,4. 材料費,4,5,5,True
N12,昌福,110,18,detail_schedule,2,material_detail,,4. 材料費,4,5,5,True
N12,昌福,110,18,detail_schedule,3,maintenance_detail,,5. 維護費,4,4,4,True
N12,昌福,110,19,note,1,maintenance_detail,,維護費及修繕購置費,4,4,4,True
N12,昌福,110,19,note,2,other_income_expense,,6. 其他收入及其他支出,3,4,4,True
N12,昌福,110,19,note,3,other_income_expense,,6. 其他收入及其他支出,3,4,4,True
N12,昌福,110,19,note,4,project_subsidy,,(1) 專案補助收入及支出,3,5,5,True
N12,昌福,110,19,note,5,project_subsidy,,(1) 專案補助收入及支出,3,3,3,True
N12,昌福,110,23,detail_schedule,1,income_by_function,收支餘絀表-功能別,附表一：收支餘絀表-功能別,1,17,15,True
N12,昌福,110,23,detail_schedule,2,income_by_function,,附表一：收支餘絀表-功能別,1,4,4,True
N12,昌福,110,24,detail_schedule,1,budget_transfer,經費流用及勻支檢查表,附表二：經費流用及勻支檢查表,4,30,30,True
N12,昌福,110,25,detail_schedule,1,multiyear_compare,各學年收支預決算比較表,附表三：各學年收支預決算比較表,16,29,28,True
N12,昌福,110,26,detail_schedule,1,unrouted,,,16,32,31,True
N12,昌福,111,8,equity_change,1,equity_change,淨值變動表,,3,7,7,True
N12,昌福,111,9,cash_flow,1,cash_flow,現金流量表,,2,18,11,True
N12,昌福,111,14,note,1,cash_detail,,(一) 現金及銀行存款,2,3,3,True
N12,昌福,111,14,note,2,severance_reserve,,1. 資遣費準備,2,3,3,True
N12,昌福,111,14,note,3,severance_reserve,,1. 資遣費準備,2,1,1,True
N12,昌福,111,14,note,4,development_reserve,,2. 業務發展準備,2,3,3,True
N12,昌福,111,15,note,1,development_reserve,,業務發展準備金,2,1,1,True
N12,昌福,111,15,note,2,property,,1. 代管財產,4,1,1,True
N12,昌福,111,15,note,3,property,,1. 代管財產,4,1,1,True
N12,昌福,111,15,note,4,property,,2. 購置財產,4,1,1,True
N12,昌福,111,15,note,5,property,,2. 購置財產,4,1,1,True
N12,昌福,111,15,note,6,unrouted,,1. 教保費收入,2,10,8,True
N12,昌福,111,16,detail_schedule,1,personnel_detail,,2. 人事費,4,12,12,True
N12,昌福,111,16,detail_schedule,2,personnel_detail,,2. 人事費,4,12,12,True
N12,昌福,111,17,detail_schedule,1,operating_detail,,3. 業務費,4,16,16,True
N12,昌福,111,17,detail_schedule,2,operating_detail,,3. 業務費,4,16,16,True
N12,昌福,111,18,detail_schedule,1,material_detail,,4. 材料費,4,5,5,True
N12,昌福,111,18,detail_schedule,2,material_detail,,4. 材料費,4,5,5,True
N12,昌福,111,18,detail_schedule,3,maintenance_detail,,5. 維護費,4,4,4,True
N12,昌福,111,19,detail_schedule,1,unrouted,,,4,4,4,True
N12,昌福,111,19,detail_schedule,2,other_income_expense,,6. 其他收入及其他支出,3,4,4,True
N12,昌福,111,19,detail_schedule,3,other_income_expense,,6. 其他收入及其他支出,3,4,4,True
N12,昌福,111,19,detail_schedule,4,project_subsidy,,(1) 專案補助收入及支出,3,5,5,True
N12,昌福,111,23,detail_schedule,1,income_by_function,收支餘絀表－功能別,附表一：收支餘絀表-功能別,1,17,14,True
N12,昌福,111,23,detail_schedule,2,income_by_function,,附表一：收支餘絀表-功能別,1,4,4,True
N12,昌福,111,24,detail_schedule,1,budget_transfer,經費流用及勻支檢查表,附表二：經費流用及勻支檢查表,4,30,30,True
N12,昌福,111,25,detail_schedule,1,multiyear_compare,各學年收支預決算比較表,附表三：各學年收支預決算比較表,4,32,32,True
N12,昌福,111,26,detail_schedule,1,unrouted,,,4,29,28,True
N12,昌福,112,8,equity_change,1,equity_change,淨值變動表,,3,7,7,True
N12,昌福,112,9,cash_flow,1,cash_flow,現金流量表,,2,17,10,True
N12,昌福,112,14,note,1,cash_detail,,(一) 現金及銀行存款,2,3,3,True
N12,昌福,112,14,note,2,severance_reserve,,"(二) 各項基金及準備
1. 資遣費準備",2,3,3,True
N12,昌福,112,14,note,3,severance_reserve,,"(二) 各項基金及準備
1. 資遣費準備",2,1,1,True
N12,昌福,112,15,note,1,development_reserve,,2. 業務發展準備,2,3,3,True
N12,昌福,112,15,note,2,development_reserve,,2. 業務發展準備,2,1,1,True
N12,昌福,112,15,note,3,property,,1. 代管財產,4,1,1,True
N12,昌福,112,15,note,4,property,,1. 代管財產,4,1,1,True
N12,昌福,112,15,note,5,property,,2. 購置財產,4,1,1,True
N12,昌福,112,15,note,6,property,,2. 購置財產,4,1,1,True
N12,昌福,112,16,detail_schedule,1,unrouted,,(四) 收支明細表　1. 教保費收入,2,11,9,True
N12,昌福,112,16,detail_schedule,2,personnel_detail,,(四) 收支明細表　2. 人事費,4,12,12,True
N12,昌福,112,16,detail_schedule,3,personnel_detail,,(四) 收支明細表　2. 人事費,4,3,3,True
N12,昌福,112,17,detail_schedule,1,unrouted,,,4,9,9,True
N12,昌福,112,17,detail_schedule,2,operating_detail,,3.　業務費,4,16,16,True
N12,昌福,112,18,detail_schedule,1,operating_detail,,業務費,4,16,16,True
N12,昌福,112,18,detail_schedule,2,material_detail,,4.　材料費,4,5,5,True
N12,昌福,112,18,detail_schedule,3,material_detail,,4.　材料費,4,5,5,True
N12,昌福,112,19,note,1,maintenance_detail,,5. 維護費,4,4,4,True
N12,昌福,112,19,note,2,maintenance_detail,,5. 維護費,4,4,4,True
N12,昌福,112,19,note,3,unrouted,,6. 延長照顧服務收支,2,5,4,True
N12,昌福,112,20,note,1,other_income_expense,,7. 其他收入及其他支出,3,4,4,True
N12,昌福,112,20,note,2,other_income_expense,,7. 其他收入及其他支出,3,4,4,True
N12,昌福,112,20,note,3,project_subsidy,,(1) 專案補助收入及支出,3,6,6,True
N12,昌福,112,20,note,4,project_subsidy,,(1) 專案補助收入及支出,3,5,5,True
N12,昌福,112,20,note,5,agency_subsidy,,(2) 代收補助收入及支出,3,3,3,True
N12,昌福,112,24,detail_schedule,1,income_by_function,收支餘絀表-功能別,附表一：收支餘絀表-功能別,1,17,14,True
N12,昌福,112,24,detail_schedule,2,unrouted,,補充說明：,1,4,4,True
N12,昌福,112,25,detail_schedule,1,budget_transfer,經費流用及勻支檢查表,附表二：經費流用及勻支檢查表,5,30,30,True
N12,昌福,112,26,detail_schedule,1,multiyear_compare,各學年收支預決算比較表,附表三：各學年收支預決算比較表,8,31,31,True
N12,昌福,112,27,detail_schedule,1,unrouted,,,8,31,30,True
N12,昌福,113,8,equity_change,1,equity_change,淨值變動表,,3,7,7,True
N12,昌福,113,9,cash_flow,1,cash_flow,現金流量表,,2,17,10,True
N12,昌福,113,14,note,1,cash_detail,,(一) 現金及銀行存款,2,3,3,True
N12,昌福,113,14,note,2,severance_reserve,,1. 資遣費準備,2,3,3,True
N12,昌福,113,15,note,1,severance_reserve,,依據非營利幼兒園實施辦法之規定，提撥資遣費準備金餘額如下：,2,1,1,True
N12,昌福,113,15,note,2,development_reserve,,2. 業務發展準備,2,3,3,True
N12,昌福,113,15,note,3,development_reserve,,2. 業務發展準備,2,1,1,True
N12,昌福,113,15,note,4,property,,1. 代管財產,4,2,1,True
N12,昌福,113,15,note,5,property,,1. 代管財產,4,2,1,True
N12,昌福,113,15,note,6,property,,2. 購置財產,4,2,1,True
N12,昌福,113,15,note,7,property,,2. 購置財產,4,2,1,True
N12,昌福,113,16,detail_schedule,1,unrouted,,(四) 收支明細表 1. 教保費收入,2,11,9,True
N12,昌福,113,16,detail_schedule,2,personnel_detail,,(四) 收支明細表 2. 人事費,4,12,12,True
N12,昌福,113,16,detail_schedule,3,personnel_detail,,(四) 收支明細表 2. 人事費,4,3,3,True
N12,昌福,113,17,detail_schedule,1,personnel_detail,,2. 人事費（續）,4,9,9,True
N12,昌福,113,17,detail_schedule,2,operating_detail,,3. 業務費,4,16,16,True
N12,昌福,113,18,detail_schedule,1,operating_detail,,業務費（續）,4,16,16,True
N12,昌福,113,18,detail_schedule,2,material_detail,材料費,4. 材料費,4,5,5,True
N12,昌福,113,18,detail_schedule,3,material_detail,材料費,4. 材料費,4,5,5,True
N12,昌福,113,19,detail_schedule,1,maintenance_detail,,5. 維護費及修繕購置費,4,5,4,True
N12,昌福,113,19,detail_schedule,2,maintenance_detail,,5. 維護費及修繕購置費,4,1,1,True
N12,昌福,113,19,detail_schedule,3,maintenance_detail,,5. 維護費及修繕購置費,4,5,4,True
N12,昌福,113,19,detail_schedule,4,maintenance_detail,,5. 維護費及修繕購置費,4,1,1,True
N12,昌福,113,20,note,1,unrouted,,6. 延長照顧服務收支,2,5,4,True
N12,昌福,113,20,note,2,other_income_expense,,7. 其他收入及其他支出,1,5,0,True
N12,昌福,113,20,note,3,other_income_expense,,7. 其他收入及其他支出,3,4,4,True
N12,昌福,113,20,note,4,other_income_expense,,7. 其他收入及其他支出,3,4,4,True
N12,昌福,113,20,note,5,project_subsidy,,(1) 專案補助收入及支出,3,5,5,True
N12,昌福,113,20,note,6,project_subsidy,,(1) 專案補助收入及支出,3,6,6,True
N12,昌福,113,24,detail_schedule,1,income_by_function,收支餘絀表-功能別,附表一：收支餘絀表-功能別,1,17,14,True
N12,昌福,113,24,detail_schedule,2,unrouted,,補充說明：,1,4,4,True
N12,昌福,113,25,detail_schedule,1,budget_transfer,經費流用及勻支檢查表,附表二：經費流用及勻支檢查表,4,30,30,True
N12,昌福,113,26,detail_schedule,1,multiyear_compare,各學年收支預決算比較表,附表三：各學年收支預決算比較表,12,32,31,True
N12,昌福,113,27,detail_schedule,1,unrouted,,,12,30,29,True
N13,三多,110,8,equity_change,1,equity_change,淨值變動表,,3,7,7,True
N13,三多,110,9,cash_flow,1,cash_flow,現金流量表,,2,19,12,True
N13,三多,110,14,note,1,cash_detail,,(一) 現金及銀行存款,2,3,3,True
N13,三多,110,14,note,2,severance_reserve,,1. 資遣費準備,2,3,3,True
N13,三多,110,14,note,3,severance_reserve,,1. 資遣費準備,2,1,1,True
N13,三多,110,14,note,4,development_reserve,,2. 業務發展準備,2,3,3,True
N13,三多,110,15,note,1,development_reserve,,業務發展準備金,2,1,1,True
N13,三多,110,15,note,2,property,,"(三) 營運資產
1. 代管財產",4,1,1,True
N13,三多,110,15,note,3,property,,"(三) 營運資產
1. 代管財產",4,1,1,True
N13,三多,110,15,note,4,property,,2. 購置財產,4,1,1,True
N13,三多,110,15,note,5,unrouted,1. 教保費收入,(四) 收支明細表,2,11,9,True
N13,三多,110,16,detail_schedule,1,personnel_detail,,2. 人事費,4,12,12,True
N13,三多,110,16,detail_schedule,2,personnel_detail,,2. 人事費,4,12,12,True
N13,三多,110,17,detail_schedule,1,operating_detail,,3. 業務費,4,16,16,True
N13,三多,110,17,detail_schedule,2,operating_detail,,3. 業務費,4,16,16,True
N13,三多,110,18,detail_schedule,1,material_detail,,4. 材料費,4,5,5,True
N13,三多,110,18,detail_schedule,2,material_detail,,4. 材料費,4,5,5,True
N13,三多,110,18,detail_schedule,3,maintenance_detail,,5. 維護費,4,4,4,True
N13,三多,110,18,detail_schedule,4,maintenance_detail,,5. 維護費,4,4,4,True
N13,三多,110,19,note,1,other_income_expense,,6. 其他收入及其他支出,3,4,4,True
N13,三多,110,19,note,2,other_income_expense,,6. 其他收入及其他支出,3,4,4,True
N13,三多,110,19,note,3,project_subsidy,,(1) 專案補助收入及支出,3,9,9,True
N13,三多,110,19,note,4,project_subsidy,,(1) 專案補助收入及支出,3,5,5,True
N13,三多,110,23,detail_schedule,1,income_by_function,收支餘絀表-功能別,附表一：收支餘絀表-功能別,1,17,14,True
N13,三多,110,23,detail_schedule,2,income_by_function,,附表一：收支餘絀表-功能別,2,4,4,True
N13,三多,110,24,detail_schedule,1,budget_transfer,經費流用及勻支檢查表,附表二：經費流用及勻支檢查表,5,30,30,True
N13,三多,110,25,detail_schedule,1,multiyear_compare,各學年收支預決算比較表,附表三：各學年收支預決算比較表,16,27,27,True
N13,三多,110,26,detail_schedule,1,unrouted,,,16,36,35,True
N13,三多,111,8,equity_change,1,equity_change,淨值變動表,,3,7,7,True
N13,三多,111,9,cash_flow,1,cash_flow,現金流量表,,2,19,12,True
N13,三多,111,14,note,1,cash_detail,,(一) 現金及銀行存款,2,3,3,True
N13,三多,111,14,note,2,severance_reserve,,1. 資遣費準備,2,3,3,True
N13,三多,111,14,note,3,severance_reserve,,1. 資遣費準備,2,1,1,True
N13,三多,111,14,note,4,development_reserve,,2. 業務發展準備,2,3,3,True
N13,三多,111,15,note,1,development_reserve,,業務發展準備金,2,1,1,True
N13,三多,111,15,note,2,property,,"(三) 營運資產
1. 代管財產",4,1,1,True
N13,三多,111,15,note,3,property,,"(三) 營運資產
1. 代管財產",4,1,1,True
N13,三多,111,15,note,4,property,,2. 購置財產,4,1,1,True
N13,三多,111,15,note,5,property,,2. 購置財產,4,1,1,True
N13,三多,111,15,note,6,unrouted,,"(四) 收支明細表
1. 教保費收入",2,10,8,True
N13,三多,111,16,detail_schedule,1,personnel_detail,,2. 人事費,4,12,12,True
N13,三多,111,16,detail_schedule,2,personnel_detail,,2. 人事費,4,12,12,True
N13,三多,111,17,detail_schedule,1,operating_detail,,3. 業務費,4,16,16,True
N13,三多,111,17,detail_schedule,2,operating_detail,,3. 業務費,4,16,16,True
N13,三多,111,18,detail_schedule,1,material_detail,,4. 材料費,4,5,5,True
N13,三多,111,18,detail_schedule,2,material_detail,,4. 材料費,4,5,5,True
N13,三多,111,18,detail_schedule,3,maintenance_detail,,5. 維護費,4,4,4,True
N13,三多,111,19,note,1,maintenance_detail,,5. 維護費及修繕費,4,4,4,True
N13,三多,111,19,note,2,other_income_expense,,6. 其他收入及其他支出,3,4,4,True
N13,三多,111,19,note,3,other_income_expense,,6. 其他收入及其他支出,3,4,4,True
N13,三多,111,19,note,4,project_subsidy,,(1) 專案補助收入及支出,3,8,8,True
N13,三多,111,23,income_statement,1,income_by_function,收支餘絀表-功能別,附表一：收支餘絀表-功能別,1,17,14,True
N13,三多,111,23,income_statement,2,unrouted,,"補充說明：教保費收支淨額金額為1,194,584元，分析如下：",1,4,4,True
N13,三多,111,24,detail_schedule,1,budget_transfer,經費流用及勻支檢查表,附表二：經費流用及勻支檢查表,5,30,30,True
N13,三多,111,25,detail_schedule,1,multiyear_compare,各學年收支預決算比較表,附表三：各學年收支預決算比較表,4,32,32,True
N13,三多,111,26,detail_schedule,1,unrouted,,,4,28,27,True
N13,三多,112,8,equity_change,1,equity_change,淨值變動表,,3,7,7,True
N13,三多,112,9,cash_flow,1,cash_flow,現金流量表,,2,20,13,True
N13,三多,112,14,note,1,cash_detail,,(一) 現金及銀行存款,2,3,3,True
N13,三多,112,14,note,2,unrouted,資遺費準備,(二) 各項基金及準備,2,3,3,True
N13,三多,112,14,note,3,unrouted,,(二) 各項基金及準備,2,1,1,True
N13,三多,112,15,note,1,development_reserve,,2. 業務發展準備,2,3,3,True
N13,三多,112,15,note,2,development_reserve,,2. 業務發展準備,2,1,1,True
N13,三多,112,15,note,3,property,,1. 代管財產,4,1,1,True
N13,三多,112,15,note,4,property,,1. 代管財產,4,1,1,True
N13,三多,112,15,note,5,property,,2. 購置財產,4,1,1,True
N13,三多,112,15,note,6,property,,2. 購置財產,4,1,1,True
N13,三多,112,16,detail_schedule,1,unrouted,,(四) 收支明細表 1. 教保費收入,2,10,8,True
N13,三多,112,16,detail_schedule,2,personnel_detail,,(四) 收支明細表 2. 人事費,4,12,12,True
N13,三多,112,16,detail_schedule,3,personnel_detail,,(四) 收支明細表 2. 人事費,4,3,3,True
N13,三多,112,17,detail_schedule,1,unrouted,,,4,9,9,True
N13,三多,112,17,detail_schedule,2,operating_detail,,3. 業務費,4,16,16,True
N13,三多,112,18,detail_schedule,1,operating_detail,,3. 業務費（承上頁）,4,16,16,True
N13,三多,112,18,detail_schedule,2,material_detail,4. 材料費,4. 材料費,4,5,5,True
N13,三多,112,19,detail_schedule,1,material_detail,,材料費,4,5,5,True
N13,三多,112,19,detail_schedule,2,maintenance_detail,,5. 維護費,4,4,4,True
N13,三多,112,19,detail_schedule,3,maintenance_detail,,5. 維護費,4,4,4,True
N13,三多,112,20,note,1,unrouted,,6. 延長照顧服務收支,2,5,4,True
N13,三多,112,20,note,2,other_income_expense,,7. 其他收入及其他支出,3,4,4,True
N13,三多,112,20,note,3,other_income_expense,,7. 其他收入及其他支出,3,4,4,True
N13,三多,112,20,note,4,project_subsidy,,(1) 專案補助收入及支出,3,8,8,True
N13,三多,112,20,note,5,project_subsidy,,(1) 專案補助收入及支出,3,4,4,True
N13,三多,112,24,detail_schedule,1,income_by_function,收支餘絀表-功能別,附表一：收支餘絀表-功能別,1,17,14,True
N13,三多,112,24,detail_schedule,2,income_by_function,,附表一：收支餘絀表-功能別,1,4,4,True
N13,三多,112,25,detail_schedule,1,budget_transfer,經費流用及勻支檢查表,附表二：經費流用及勻支檢查表,4,30,30,True
N13,三多,112,26,detail_schedule,1,multiyear_compare,各學年收支預決算比較表,附表三：各學年收支預決算比較表,8,30,29,True
N13,三多,112,27,detail_schedule,1,unrouted,,,8,31,30,True
N13,三多,113,8,equity_change,1,equity_change,淨值變動表,,3,7,7,True
N13,三多,113,9,cash_flow,1,cash_flow,現金流量表,,2,21,14,True
N13,三多,113,14,note,1,cash_detail,,(一) 現金及銀行存款,2,3,3,True
N13,三多,113,14,note,2,severance_reserve,,1. 資遣費準備,2,3,3,True
N13,三多,113,14,note,3,severance_reserve,,1. 資遣費準備,2,1,1,True
N13,三多,113,15,note,1,development_reserve,,2. 業務發展準備,2,3,3,True
N13,三多,113,15,note,2,development_reserve,,2. 業務發展準備,2,1,1,True
N13,三多,113,15,note,3,property,,1. 代管財產,4,1,1,True
N13,三多,113,15,note,4,property,,1. 代管財產,4,1,1,True
N13,三多,113,15,note,5,property,,2. 購置財產,4,1,1,True
N13,三多,113,15,note,6,property,,2. 購置財產,4,1,1,True
N13,三多,113,16,detail_schedule,1,unrouted,,(四) 收支明細表 1. 教保費收入,2,10,8,True
N13,三多,113,16,detail_schedule,2,personnel_detail,,(四) 收支明細表 2. 人事費,4,12,12,True
N13,三多,113,16,detail_schedule,3,personnel_detail,,(四) 收支明細表 2. 人事費,4,3,3,True
N13,三多,113,17,detail_schedule,1,personnel_detail,,人事費明細（續）,4,9,9,True
N13,三多,113,17,detail_schedule,2,operating_detail,,3. 業務費,4,16,16,True
N13,三多,113,18,detail_schedule,1,operating_detail,,業務費明細表,4,16,16,True
N13,三多,113,18,detail_schedule,2,material_detail,材料費,4. 材料費,4,5,5,True
N13,三多,113,19,detail_schedule,1,material_detail,,材料費明細,4,5,5,True
N13,三多,113,19,detail_schedule,2,maintenance_detail,5. 維護費及修繕購置費,5. 維護費及修繕購置費,4,5,4,True
N13,三多,113,19,detail_schedule,3,maintenance_detail,,5. 維護費及修繕購置費,4,1,1,True
N13,三多,113,19,detail_schedule,4,maintenance_detail,,5. 維護費及修繕購置費,4,5,4,True
N13,三多,113,20,note,1,maintenance_detail,,修繕購置費,4,1,1,True
N13,三多,113,20,note,2,unrouted,,6. 延長照顧服務收支,2,5,4,True
N13,三多,113,20,note,3,other_income_expense,,7. 其他收入及其他支出,3,4,4,True
N13,三多,113,20,note,4,other_income_expense,,7. 其他收入及其他支出,3,4,4,True
N13,三多,113,20,note,5,project_subsidy,,(1) 專案補助收入及支出,3,4,4,True
N13,三多,113,24,detail_schedule,1,income_by_function,收支餘絀表－功能別,附表一：收支餘絀表-功能別,1,16,14,True
N13,三多,113,24,detail_schedule,2,income_by_function,,附表一：收支餘絀表-功能別,1,4,4,True
N13,三多,113,25,detail_schedule,1,budget_transfer,經費流用及勻支檢查表,附表二：經費流用及勻支檢查表,4,30,30,True
N13,三多,113,26,detail_schedule,1,multiyear_compare,各學年收支預決算比較表,附表三：各學年收支預決算比較表,12,31,30,True
N13,三多,113,27,detail_schedule,1,unrouted,,,12,30,29,True
N14,積穗,110,8,equity_change,1,equity_change,淨值變動表,,3,7,7,True
N14,積穗,110,9,cash_flow,1,cash_flow,現金流量表,,2,23,16,True
N14,積穗,110,14,note,1,cash_detail,,(一) 現金及銀行存款,2,3,3,True
N14,積穗,110,14,note,2,unrouted,,(二) 各項基金及準備,2,3,3,True
N14,積穗,110,14,note,3,severance_reserve,,1. 資遣費準備,2,1,1,True
N14,積穗,110,14,note,4,development_reserve,,2. 業務發展準備,2,3,3,True
N14,積穗,110,15,note,1,development_reserve,,業務發展準備金,2,1,1,True
N14,積穗,110,15,note,2,property,,1. 代管財產,4,1,1,True
N14,積穗,110,15,note,3,property,,1. 代管財產,4,1,1,True
N14,積穗,110,15,note,4,property,,2. 購置財產,4,1,1,True
N14,積穗,110,15,note,5,property,,2. 購置財產,4,1,1,True
N14,積穗,110,15,note,6,unrouted,,1. 教保費收入,2,10,8,True
N14,積穗,110,16,detail_schedule,1,personnel_detail,,2. 人事費,4,12,12,True
N14,積穗,110,16,detail_schedule,2,personnel_detail,,2. 人事費,4,12,12,True
N14,積穗,110,17,detail_schedule,1,operating_detail,,3. 業務費,4,16,16,True
N14,積穗,110,17,detail_schedule,2,operating_detail,,3. 業務費,4,16,16,True
N14,積穗,110,18,detail_schedule,1,material_detail,,4. 材料費,4,5,5,True
N14,積穗,110,18,detail_schedule,2,material_detail,,4. 材料費,4,5,5,True
N14,積穗,110,18,detail_schedule,3,maintenance_detail,,5. 維護費,4,4,4,True
N14,積穗,110,19,detail_schedule,1,unrouted,,,4,4,4,True
N14,積穗,110,19,detail_schedule,2,other_income_expense,,6. 其他收入及其他支出,3,4,4,True
N14,積穗,110,19,detail_schedule,3,other_income_expense,,6. 其他收入及其他支出,3,5,5,True
N14,積穗,110,19,detail_schedule,4,project_subsidy,,(1) 專案補助收入及支出,3,10,10,True
N14,積穗,110,20,detail_schedule,1,unrouted,,,3,9,9,True
N14,積穗,110,20,detail_schedule,2,agency_subsidy,,(2) 代收補助收入及支出,3,4,4,True
N14,積穗,110,20,detail_schedule,3,agency_subsidy,,(2) 代收補助收入及支出,3,5,5,True
N14,積穗,110,20,detail_schedule,4,agency_passthrough,,(3) 代收代付收入及支出,3,3,3,True
N14,積穗,110,20,detail_schedule,5,agency_passthrough,,(3) 代收代付收入及支出,3,3,3,True
N14,積穗,110,23,detail_schedule,1,income_by_function,收支餘絀表－功能別,附表一：收支餘絀表-功能別,1,17,15,True
N14,積穗,110,23,detail_schedule,2,income_by_function,,附表一：收支餘絀表-功能別,1,4,4,True
N14,積穗,110,24,detail_schedule,1,budget_transfer,經費流用及勻支檢查表,附表二：經費流用及勻支檢查表,4,31,31,True
N14,積穗,110,25,detail_schedule,1,multiyear_compare,各學年收支預決算比較表,附表三：各學年收支預決算比較表,16,27,27,True
N14,積穗,110,26,detail_schedule,1,unrouted,,,16,35,35,True
N14,積穗,111,8,equity_change,1,equity_change,淨值變動表,,3,7,7,True
N14,積穗,111,9,cash_flow,1,cash_flow,現金流量表,,2,22,15,True
N14,積穗,111,14,note,1,cash_detail,,(一) 現金及銀行存款,2,3,3,True
N14,積穗,111,14,note,2,severance_reserve,,1. 資遣費準備,2,3,3,True
N14,積穗,111,14,note,3,severance_reserve,,1. 資遣費準備,2,1,1,True
N14,積穗,111,14,note,4,development_reserve,,2. 業務發展準備,2,3,3,True
N14,積穗,111,15,note,1,unrouted,,,2,1,1,True
N14,積穗,111,15,note,2,unrouted,,(三) 營運資產,4,1,1,True
N14,積穗,111,15,note,3,unrouted,,(三) 營運資產,4,1,1,True
N14,積穗,111,15,note,4,property,,2. 購置財產,4,1,1,True
N14,積穗,111,15,note,5,property,,2. 購置財產,4,1,1,True
N14,積穗,111,15,note,6,unrouted,,1. 教保費收入,2,10,8,True
N14,積穗,111,16,detail_schedule,1,personnel_detail,,2. 人事費,4,12,12,True
N14,積穗,111,16,detail_schedule,2,personnel_detail,,2. 人事費,4,12,12,True
N14,積穗,111,17,detail_schedule,1,operating_detail,,3. 業務費,4,16,16,True
N14,積穗,111,17,detail_schedule,2,operating_detail,,3. 業務費,4,11,11,True
N14,積穗,111,18,detail_schedule,1,operating_detail,,業務費明細（延續）,4,5,5,True
N14,積穗,111,18,detail_schedule,2,material_detail,,4. 材料費,4,5,5,True
N14,積穗,111,18,detail_schedule,3,material_detail,,4. 材料費,4,5,5,True
N14,積穗,111,19,detail_schedule,1,maintenance_detail,,5. 維護費,4,4,4,True
N14,積穗,111,19,detail_schedule,2,maintenance_detail,,5. 維護費,4,4,4,True
N14,積穗,111,19,detail_schedule,3,other_income_expense,,6. 其他收入及其他支出,3,4,4,True
N14,積穗,111,19,detail_schedule,4,other_income_expense,,6. 其他收入及其他支出,3,4,4,True
N14,積穗,111,20,note,1,project_subsidy,,(1) 專案補助收入及支出,3,10,10,True
N14,積穗,111,20,note,2,project_subsidy,,(1) 專案補助收入及支出,3,10,10,True
N14,積穗,111,20,note,3,agency_subsidy,,(2) 代收補助收入及支出,3,4,4,True
N14,積穗,111,20,note,4,agency_subsidy,,(2) 代收補助收入及支出,3,4,4,True
N14,積穗,111,24,detail_schedule,1,income_by_function,收支餘絀表-功能別,附表一：收支餘絀表-功能別,1,17,14,True
N14,積穗,111,24,detail_schedule,2,income_by_function,,附表一：收支餘絀表-功能別,1,4,4,True
N14,積穗,111,25,detail_schedule,1,budget_transfer,經費流用及勻支檢查表,附表二：經費流用及勻支檢查表,4,30,30,True
N14,積穗,111,26,detail_schedule,1,multiyear_compare,各學年收支預決算比較表,附表三：各學年收支預決算比較表,4,32,32,True
N14,積穗,111,27,detail_schedule,1,unrouted,,,4,29,28,True
N14,積穗,112,8,equity_change,1,equity_change,淨值變動表,,3,7,7,True
N14,積穗,112,9,cash_flow,1,cash_flow,現金流量表,,2,20,13,True
N14,積穗,112,14,note,1,cash_detail,,(一) 現金及銀行存款,2,3,3,True
N14,積穗,112,14,note,2,severance_reserve,,1. 資遣費準備,2,3,3,True
N14,積穗,112,14,note,3,severance_reserve,,1. 資遣費準備,2,1,1,True
N14,積穗,112,15,note,1,development_reserve,,2. 業務發展準備,2,3,3,True
N14,積穗,112,15,note,2,development_reserve,,2. 業務發展準備,2,1,1,True
N14,積穗,112,15,note,3,property,,1. 代管財產,4,2,1,True
N14,積穗,112,15,note,4,property,,1. 代管財產,4,2,1,True
N14,積穗,112,15,note,5,property,,2. 購置財產,4,2,1,True
N14,積穗,112,15,note,6,property,,2. 購置財產,4,2,1,True
N14,積穗,112,16,detail_schedule,1,unrouted,,(四) 收支明細表　1. 教保費收入,2,10,8,True
N14,積穗,112,16,detail_schedule,2,personnel_detail,,(四) 收支明細表　2. 人事費,4,12,12,True
N14,積穗,112,16,detail_schedule,3,personnel_detail,,(四) 收支明細表　2. 人事費,4,3,3,True
N14,積穗,112,17,detail_schedule,1,unrouted,,,4,9,9,True
N14,積穗,112,17,detail_schedule,2,operating_detail,,3. 業務費,4,12,12,True
N14,積穗,112,18,detail_schedule,1,unrouted,,,4,4,4,True
N14,積穗,112,18,detail_schedule,2,unrouted,,,4,16,16,True
N14,積穗,112,19,detail_schedule,1,material_detail,,4. 材料費,4,5,5,True
N14,積穗,112,19,detail_schedule,2,material_detail,,4. 材料費,4,5,5,True
N14,積穗,112,19,detail_schedule,3,maintenance_detail,,5. 維護費,4,4,4,True
N14,積穗,112,19,detail_schedule,4,maintenance_detail,,5. 維護費,4,4,4,True
N14,積穗,112,20,note,1,unrouted,,6. 延長照顧服務收支,2,5,4,True
N14,積穗,112,20,note,2,other_income_expense,,7. 其他收入及其他支出,1,5,4,False
N14,積穗,112,20,note,3,other_income_expense,,7. 其他收入及其他支出,1,5,4,False
N14,積穗,112,20,note,4,project_subsidy,,(1) 專案補助收入及支出,1,10,9,False
N14,積穗,112,21,detail_schedule,1,agency_subsidy,,(2) 代收補助收入及支出,3,10,10,True
N14,積穗,112,21,detail_schedule,2,agency_subsidy,,(2) 代收補助收入及支出,3,4,4,True
N14,積穗,112,21,detail_schedule,3,agency_subsidy,,(2) 代收補助收入及支出,3,4,4,True
N14,積穗,112,21,detail_schedule,4,agency_passthrough,,(3) 代收代付收入及支出,3,1,1,True
N14,積穗,112,21,detail_schedule,5,agency_passthrough,,(3) 代收代付收入及支出,3,1,1,True
N14,積穗,112,24,detail_schedule,1,income_by_function,收支餘絀表－功能別,附表一：收支餘絀表-功能別,1,17,13,True
N14,積穗,112,24,detail_schedule,2,unrouted,,"補充說明：教保費收支淨額金額為697,008元，分析如下：",1,4,4,True
N14,積穗,112,25,detail_schedule,1,budget_transfer,經費流用及勻支檢查表,附表二：經費流用及勻支檢查表,4,30,30,True
N14,積穗,112,26,detail_schedule,1,multiyear_compare,各學年收支預決算比較表,附表三：各學年收支預決算比較表,8,30,30,True
N14,積穗,112,27,detail_schedule,1,unrouted,,,8,31,30,True
N14,積穗,113,8,equity_change,1,equity_change,淨值變動表,,3,7,7,True
N14,積穗,113,9,cash_flow,1,cash_flow,現金流量表,,2,20,13,True
N14,積穗,113,14,note,1,cash_detail,,(一) 現金及銀行存款,2,3,3,True
N14,積穗,113,14,note,2,severance_reserve,,1. 資遣費準備,2,3,3,True
N14,積穗,113,15,note,1,severance_reserve,,資遣費準備金,2,1,1,True
N14,積穗,113,15,note,2,development_reserve,,2. 業務發展準備,2,3,3,True
N14,積穗,113,15,note,3,development_reserve,,2. 業務發展準備,2,1,1,True
N14,積穗,113,15,note,4,property,,1. 代管財產,4,1,1,True
N14,積穗,113,15,note,5,property,,1. 代管財產,4,1,1,True
N14,積穗,113,15,note,6,property,,2. 購置財產,4,1,1,True
N14,積穗,113,15,note,7,property,,2. 購置財產,4,1,1,True
N14,積穗,113,16,detail_schedule,1,unrouted,,(四) 收支明細表 1. 教保費收入,2,10,8,True
N14,積穗,113,16,detail_schedule,2,personnel_detail,,(四) 收支明細表 2. 人事費,4,12,12,True
N14,積穗,113,16,detail_schedule,3,personnel_detail,,(四) 收支明細表 2. 人事費,4,3,3,True
N14,積穗,113,17,detail_schedule,1,personnel_detail,,人事費明細,4,9,9,True
N14,積穗,113,17,detail_schedule,2,operating_detail,,3. 業務費,4,13,13,True
N14,積穗,113,18,detail_schedule,1,unrouted,,,4,3,3,True
N14,積穗,113,18,detail_schedule,2,unrouted,,,4,16,16,True
N14,積穗,113,19,detail_schedule,1,material_detail,,4. 材料費,4,5,5,True
N14,積穗,113,19,detail_schedule,2,material_detail,,4. 材料費,4,5,5,True
N14,積穗,113,19,detail_schedule,3,maintenance_detail,,5. 維護費及修繕購置費,4,5,4,True
N14,積穗,113,19,detail_schedule,4,maintenance_detail,,5. 維護費及修繕購置費,4,1,1,True
N14,積穗,113,20,note,1,maintenance_detail,維護費,,4,4,4,True
N14,積穗,113,20,note,2,maintenance_detail,修繕購置費,,4,1,1,True
N14,積穗,113,20,note,3,unrouted,,6. 延長照顧服務收支,2,5,4,True
N14,積穗,113,20,note,4,other_income_expense,,7. 其他收入及其他支出,3,4,4,True
N14,積穗,113,21,detail_schedule,1,project_subsidy,,(1) 專案補助收入及支出,3,4,4,True
N14,積穗,113,21,detail_schedule,2,project_subsidy,,(1) 專案補助收入及支出,3,7,7,True
N14,積穗,113,21,detail_schedule,3,project_subsidy,,(1) 專案補助收入及支出,3,9,9,True
N14,積穗,113,21,detail_schedule,4,agency_subsidy,,(2) 代收補助收入及支出,3,3,3,True
N14,積穗,113,21,detail_schedule,5,agency_subsidy,,(2) 代收補助收入及支出,3,4,4,True
N14,積穗,113,25,detail_schedule,1,income_by_function,收支餘絀表－功能別,附表一：收支餘絀表-功能別,1,17,14,True
N14,積穗,113,25,detail_schedule,2,unrouted,,補充說明：,2,4,4,True
N14,積穗,113,26,detail_schedule,1,budget_transfer,經費流用及勻支檢查表,附表二：經費流用及勻支檢查表,4,30,30,True
N14,積穗,113,27,detail_schedule,1,multiyear_compare,各學年收支預決算比較表,附表三：各學年收支預決算比較表,12,31,31,True
N14,積穗,113,28,detail_schedule,1,unrouted,,,12,30,29,True
N15,新月,110,8,equity_change,1,unrouted,,,3,7,7,True
N15,新月,110,9,cash_flow,1,cash_flow,現金流量表,,2,23,17,True
N15,新月,110,14,note,1,cash_detail,,(一) 現金及銀行存款,2,3,3,True
N15,新月,110,14,note,2,severance_reserve,,1. 資遣費準備,2,4,4,True
N15,新月,110,14,note,3,severance_reserve,,1. 資遣費準備,2,1,1,True
N15,新月,110,14,note,4,development_reserve,,2. 業務發展準備,2,3,3,True
N15,新月,110,15,note,1,development_reserve,,業務發展準備金,2,1,1,True
N15,新月,110,15,note,2,property,,(三) 營運資產 1. 代管財產,4,1,1,True
N15,新月,110,15,note,3,property,,(三) 營運資產 1. 代管財產,4,1,1,True
N15,新月,110,15,note,4,property,,(三) 營運資產 2. 購置財產,4,1,1,True
N15,新月,110,15,note,5,property,,(三) 營運資產 2. 購置財產,4,1,1,True
N15,新月,110,15,note,6,unrouted,,(四) 收支明細表 1. 教保費收入,2,11,9,True
N15,新月,110,16,note,1,personnel_detail,,2. 人事費,4,12,12,True
N15,新月,110,16,note,2,personnel_detail,,2. 人事費,4,12,12,True
N15,新月,110,17,detail_schedule,1,operating_detail,,3. 業務費,4,15,15,True
N15,新月,110,17,detail_schedule,2,operating_detail,,3. 業務費,4,15,15,True
N15,新月,110,18,detail_schedule,1,material_detail,,4. 材料費,4,5,5,True
N15,新月,110,18,detail_schedule,2,material_detail,,4. 材料費,4,5,5,True
N15,新月,110,18,detail_schedule,3,maintenance_detail,,5. 維護費,4,4,4,True
N15,新月,110,19,note,1,unrouted,,,4,4,4,True
N15,新月,110,19,note,2,other_income_expense,,6. 其他收入及其他支出,3,4,4,True
N15,新月,110,19,note,3,other_income_expense,,6. 其他收入及其他支出,3,4,4,True
N15,新月,110,19,note,4,project_subsidy,,(1) 專案補助收入及支出,3,8,8,True
N15,新月,110,23,detail_schedule,1,income_by_function,收支餘絀表－功能別,附表一：收支餘絀表-功能別,1,17,15,True
N15,新月,110,23,detail_schedule,2,unrouted,,"補充說明：教保費收支淨額金額為2,511,899元，分析如下：",1,4,4,True
N15,新月,110,24,detail_schedule,1,budget_transfer,經費流用及勻支檢查表,附表二：經費流用及勻支檢查表,4,30,30,True
N15,新月,110,25,detail_schedule,1,multiyear_compare,各學年收支預決算比較表,附表三：各學年收支預決算比較表,16,27,27,True
N15,新月,110,26,detail_schedule,1,unrouted,,,16,35,35,True
N15,新月,111,8,equity_change,1,equity_change,淨值變動表,,3,7,7,True
N15,新月,111,9,cash_flow,1,cash_flow,現金流量表,,2,21,14,True
N15,新月,111,14,note,1,cash_detail,,(一) 現金及銀行存款,2,3,3,True
N15,新月,111,14,note,2,severance_reserve,1. 資遣費準備,(二) 各項基金及準備,2,3,3,True
N15,新月,111,14,note,3,severance_reserve,,1. 資遣費準備,2,1,1,True
N15,新月,111,14,note,4,development_reserve,2. 業務發展準備,(二) 各項基金及準備,2,3,3,True
N15,新月,111,15,note,1,development_reserve,,業務發展準備金,2,1,1,True
N15,新月,111,15,note,2,property,,1. 代管財產,4,1,1,True
N15,新月,111,15,note,3,property,,1. 代管財產,4,1,1,True
N15,新月,111,15,note,4,property,,2. 購置財產,4,1,1,True
N15,新月,111,15,note,5,property,,2. 購置財產,4,1,1,True
N15,新月,111,15,note,6,unrouted,,1. 教保費收入,2,10,8,True
N15,新月,111,16,detail_schedule,1,personnel_detail,,2. 人事費,4,12,12,True
N15,新月,111,16,detail_schedule,2,personnel_detail,,2. 人事費,4,12,12,True
N15,新月,111,17,detail_schedule,1,operating_detail,,3. 業務費,4,16,16,True
N15,新月,111,17,detail_schedule,2,operating_detail,,3. 業務費,4,15,15,True
N15,新月,111,18,detail_schedule,1,material_detail,,4. 材料費,4,5,5,True
N15,新月,111,18,detail_schedule,2,material_detail,,4. 材料費,4,5,5,True
N15,新月,111,18,detail_schedule,3,maintenance_detail,,5. 維護費,4,4,4,True
N15,新月,111,19,detail_schedule,1,unrouted,,,4,4,4,True
N15,新月,111,19,detail_schedule,2,other_income_expense,,6. 其他收入及其他支出,3,4,4,True
N15,新月,111,19,detail_schedule,3,other_income_expense,,6. 其他收入及其他支出,3,4,4,True
N15,新月,111,19,detail_schedule,4,project_subsidy,,(1) 專案補助收入及支出,3,13,13,True
N15,新月,111,23,detail_schedule,1,income_by_function,收支餘絀表-功能別,附表一：收支餘絀表-功能別,1,17,14,True
N15,新月,111,23,detail_schedule,2,income_by_function,,附表一：收支餘絀表-功能別,1,4,4,True
N15,新月,111,24,detail_schedule,1,budget_transfer,經費流用及勻支檢查表,附表二：經費流用及勻支檢查表,4,30,30,True
N15,新月,111,25,detail_schedule,1,multiyear_compare,各學年收支預決算比較表,附表三：各學年收支預決算比較表,4,34,34,True
N15,新月,111,26,detail_schedule,1,unrouted,,,4,27,26,True
N15,新月,112,8,equity_change,1,equity_change,淨值變動表,,3,7,7,True
N15,新月,112,9,cash_flow,1,cash_flow,現金流量表,,2,19,12,True
N15,新月,112,14,note,1,cash_detail,,(一) 現金及銀行存款,2,3,3,True
N15,新月,112,14,note,2,severance_reserve,,"(二) 各項基金及準備
1. 資遣費準備",2,3,3,True
N15,新月,112,14,note,3,severance_reserve,,"(二) 各項基金及準備
1. 資遣費準備",2,1,1,True
N15,新月,112,15,note,1,development_reserve,,2. 業務發展準備,2,3,3,True
N15,新月,112,15,note,2,development_reserve,,2. 業務發展準備,2,1,1,True
N15,新月,112,15,note,3,property,,1. 代管財產,4,1,1,True
N15,新月,112,15,note,4,property,,1. 代管財產,4,1,1,True
N15,新月,112,15,note,5,property,,2. 購置財產,4,1,1,True
N15,新月,112,15,note,6,property,,2. 購置財產,4,1,1,True
N15,新月,112,16,detail_schedule,1,unrouted,,(四) 收支明細表 1. 教保費收入,2,11,9,True
N15,新月,112,16,detail_schedule,2,personnel_detail,,(四) 收支明細表 2. 人事費,4,12,12,True
N15,新月,112,16,detail_schedule,3,personnel_detail,,(四) 收支明細表 2. 人事費,4,3,3,True
N15,新月,112,17,detail_schedule,1,unrouted,,,4,9,9,True
N15,新月,112,17,detail_schedule,2,operating_detail,,3. 業務費,4,16,16,True
N15,新月,112,18,detail_schedule,1,operating_detail,,3. 業務費,4,16,16,True
N15,新月,112,18,detail_schedule,2,material_detail,,4. 材料費,4,5,5,True
N15,新月,112,19,detail_schedule,1,material_detail,,材料費,4,5,5,True
N15,新月,112,19,detail_schedule,2,maintenance_detail,,5. 維護費,4,4,4,True
N15,新月,112,19,detail_schedule,3,maintenance_detail,,5. 維護費,4,4,4,True
N15,新月,112,20,note,1,unrouted,,6. 延長照顧服務收支,2,5,5,True
N15,新月,112,20,note,2,other_income_expense,,7. 其他收入及其他支出,3,4,4,True
N15,新月,112,20,note,3,other_income_expense,,7. 其他收入及其他支出,3,4,4,True
N15,新月,112,20,note,4,project_subsidy,,(1) 專案補助收入及支出,3,10,10,True
N15,新月,112,20,note,5,project_subsidy,,(1) 專案補助收入及支出,3,3,3,True
N15,新月,112,24,detail_schedule,1,income_by_function,收支餘絀表－功能別,附表一：收支餘絀表-功能別,1,17,14,True
N15,新月,112,24,detail_schedule,2,income_by_function,,附表一：收支餘絀表-功能別,1,4,4,True
N15,新月,112,25,detail_schedule,1,budget_transfer,經費流用及勻支檢查表,附表二：經費流用及勻支檢查表,4,30,30,True
N15,新月,112,26,detail_schedule,1,multiyear_compare,各學年收支預決算比較表,附表三：各學年收支預決算比較表,8,31,30,True
N15,新月,112,27,detail_schedule,1,unrouted,,,8,32,31,True
N15,新月,113,8,equity_change,1,equity_change,淨值變動表,,3,7,7,True
N15,新月,113,9,cash_flow,1,cash_flow,現金流量表,,2,20,13,True
N15,新月,113,14,note,1,cash_detail,,（一）現金及銀行存款,2,3,3,True
N15,新月,113,14,note,2,severance_reserve,,1. 資遣費準備,2,3,3,True
N15,新月,113,15,note,1,severance_reserve,,資遣費準備金,2,1,1,True
N15,新月,113,15,note,2,development_reserve,,2. 業務發展準備,2,3,3,True
N15,新月,113,15,note,3,development_reserve,,2. 業務發展準備,2,1,1,True
N15,新月,113,15,note,4,property,,1. 代管財產,4,1,1,True
N15,新月,113,15,note,5,property,,1. 代管財產,4,1,1,True
N15,新月,113,15,note,6,property,,2. 購置財產,4,1,1,True
N15,新月,113,15,note,7,property,,2. 購置財產,4,1,1,True
N15,新月,113,16,detail_schedule,1,unrouted,,(四) 收支明細表 1. 教保費收入,2,10,8,True
N15,新月,113,16,detail_schedule,2,personnel_detail,,(四) 收支明細表 2. 人事費,4,12,12,True
N15,新月,113,16,detail_schedule,3,personnel_detail,,(四) 收支明細表 2. 人事費,4,4,4,True
N15,新月,113,17,detail_schedule,1,personnel_detail,,2. 人事費,4,8,8,True
N15,新月,113,17,detail_schedule,2,operating_detail,,3. 業務費,4,16,16,True
N15,新月,113,18,detail_schedule,1,operating_detail,,業務費,4,16,16,True
N15,新月,113,18,detail_schedule,2,material_detail,,4. 材料費,4,5,5,True
N15,新月,113,19,detail_schedule,1,unrouted,,,4,5,5,True
N15,新月,113,19,detail_schedule,2,maintenance_detail,,5. 維護費及修繕購置費,4,5,4,True
N15,新月,113,19,detail_schedule,3,maintenance_detail,,5. 維護費及修繕購置費,4,1,1,True
N15,新月,113,19,detail_schedule,4,maintenance_detail,,5. 維護費及修繕購置費,4,5,4,True
N15,新月,113,19,detail_schedule,5,maintenance_detail,,5. 維護費及修繕購置費,4,1,1,True
N15,新月,113,20,note,1,unrouted,,6. 延長照顧服務收支,2,5,5,True
N15,新月,113,20,note,2,other_income_expense,,7. 其他收入及其他支出,3,4,4,True
N15,新月,113,20,note,3,other_income_expense,,7. 其他收入及其他支出,3,4,4,True
N15,新月,113,20,note,4,project_subsidy,,(1) 專案補助收入及支出,3,8,8,True
N15,新月,113,21,detail_schedule,1,unrouted,,,3,3,3,True
N15,新月,113,21,detail_schedule,2,unrouted,,,3,10,10,True
N15,新月,113,21,detail_schedule,3,agency_subsidy,,(2) 代收補助收入及支出,3,3,3,True
N15,新月,113,21,detail_schedule,4,agency_subsidy,,(2) 代收補助收入及支出,3,4,4,True
N15,新月,113,21,detail_schedule,5,agency_passthrough,,(3) 代收代付收入及支出,3,1,1,True
N15,新月,113,21,detail_schedule,6,agency_passthrough,,(3) 代收代付收入及支出,3,1,1,True
N15,新月,113,25,detail_schedule,1,income_by_function,收支餘絀表－功能別,附表一：收支餘絀表-功能別,1,17,14,True
N15,新月,113,25,detail_schedule,2,income_by_function,,附表一：收支餘絀表-功能別,1,4,4,True
N15,新月,113,26,detail_schedule,1,budget_transfer,經費流用及勻支檢查表,附表二：經費流用及勻支檢查表,4,30,30,True
N15,新月,113,27,detail_schedule,1,multiyear_compare,各學年收支預決算比較表,附表三：各學年收支預決算比較表,12,32,32,True
N15,新月,113,28,detail_schedule,1,unrouted,,,12,31,30,True
N16,中平,110,8,equity_change,1,equity_change,淨值變動表,,3,7,7,True
N16,中平,110,9,cash_flow,1,cash_flow,現金流量表,,2,21,14,True
N16,中平,110,14,note,1,cash_detail,,(一) 現金及銀行存款,2,3,3,True
N16,中平,110,14,note,2,severance_reserve,,1. 資遣費準備,2,3,3,True
N16,中平,110,14,note,3,severance_reserve,,1. 資遣費準備,2,1,1,True
N16,中平,110,14,note,4,development_reserve,,2. 業務發展準備,2,3,3,True
N16,中平,110,15,note,1,development_reserve,,業務發展準備金,2,1,1,True
N16,中平,110,15,note,2,property,,1. 代管財產,4,1,1,True
N16,中平,110,15,note,3,property,,1. 代管財產,4,1,1,True
N16,中平,110,15,note,4,property,,2. 購置財產,4,1,1,True
N16,中平,110,15,note,5,property,,2. 購置財產,4,1,1,True
N16,中平,110,15,note,6,unrouted,,1. 教保費收入,2,9,7,True
N16,中平,110,16,detail_schedule,1,personnel_detail,,2. 人事費,4,12,12,True
N16,中平,110,16,detail_schedule,2,personnel_detail,,2. 人事費,4,12,12,True
N16,中平,110,17,detail_schedule,1,operating_detail,,3. 業務費,4,16,16,True
N16,中平,110,17,detail_schedule,2,operating_detail,,3. 業務費,4,16,16,True
N16,中平,110,18,detail_schedule,1,material_detail,,4. 材料費,4,5,5,True
N16,中平,110,18,detail_schedule,2,material_detail,,4. 材料費,4,5,5,True
N16,中平,110,18,detail_schedule,3,maintenance_detail,,5. 維護費,4,4,4,True
N16,中平,110,18,detail_schedule,4,maintenance_detail,,5. 維護費,4,4,4,True
N16,中平,110,19,note,1,other_income_expense,,6. 其他收入及其他支出,3,4,4,True
N16,中平,110,19,note,2,other_income_expense,,6. 其他收入及其他支出,3,4,4,True
N16,中平,110,19,note,3,project_subsidy,,(1) 專案補助收入及支出,3,11,11,True
N16,中平,110,19,note,4,project_subsidy,,(1) 專案補助收入及支出,3,8,8,True
N16,中平,110,23,detail_schedule,1,income_by_function,收支餘絀表-功能別,附表一：收支餘絀表-功能別,1,17,15,True
N16,中平,110,23,detail_schedule,2,income_by_function,,附表一：收支餘絀表-功能別,1,4,4,True
N16,中平,110,24,detail_schedule,1,budget_transfer,經費流用及勻支檢查表,附表二：經費流用及勻支檢查表,5,30,30,True
N16,中平,110,25,detail_schedule,1,unrouted,各學年收支預算決算比較表,附表三：各學年收支預算決算比較表,16,27,27,True
N16,中平,110,26,detail_schedule,1,unrouted,,,16,36,36,True
N16,中平,111,8,equity_change,1,equity_change,淨值變動表,,3,7,7,True
N16,中平,111,9,cash_flow,1,cash_flow,現金流量表,,2,20,13,True
N16,中平,111,14,note,1,cash_detail,,(一) 現金及銀行存款,2,3,3,True
N16,中平,111,14,note,2,severance_reserve,,1. 資遣費準備,2,3,3,True
N16,中平,111,14,note,3,severance_reserve,,1. 資遣費準備,2,1,1,True
N16,中平,111,14,note,4,development_reserve,,2. 業務發展準備,2,3,3,True
N16,中平,111,15,note,1,unrouted,,,2,1,1,True
N16,中平,111,15,note,2,unrouted,,(三) 營運資產,4,2,1,True
N16,中平,111,15,note,3,unrouted,,(三) 營運資產,4,2,1,True
N16,中平,111,15,note,4,property,,2. 購置財產,4,2,1,True
N16,中平,111,15,note,5,property,,2. 購置財產,4,2,1,True
N16,中平,111,15,note,6,unrouted,,1. 教保費收入,2,8,6,True
N16,中平,111,16,detail_schedule,1,personnel_detail,,2. 人事費,4,12,12,True
N16,中平,111,16,detail_schedule,2,personnel_detail,,2. 人事費,4,12,12,True
N16,中平,111,17,detail_schedule,1,operating_detail,,3. 業務費,4,16,16,True
N16,中平,111,17,detail_schedule,2,operating_detail,,3. 業務費,4,16,16,True
N16,中平,111,18,detail_schedule,1,material_detail,,4. 材料費,4,5,5,True
N16,中平,111,18,detail_schedule,2,material_detail,,4. 材料費,4,5,5,True
N16,中平,111,18,detail_schedule,3,maintenance_detail,,5. 維護費,4,4,4,True
N16,中平,111,18,detail_schedule,4,maintenance_detail,,5. 維護費,4,4,4,True
N16,中平,111,19,note,1,other_income_expense,,6. 其他收入及其他支出,3,4,4,True
N16,中平,111,19,note,2,other_income_expense,,6. 其他收入及其他支出,3,4,4,True
N16,中平,111,19,note,3,project_subsidy,,(1) 專案補助收入及支出,3,11,11,True
N16,中平,111,20,detail_schedule,1,agency_subsidy,,(2) 代收補助收入及支出,3,11,11,True
N16,中平,111,20,detail_schedule,2,agency_subsidy,,(2) 代收補助收入及支出,3,4,4,True
N16,中平,111,20,detail_schedule,3,agency_subsidy,,(2) 代收補助收入及支出,3,3,3,True
N16,中平,111,20,detail_schedule,4,agency_passthrough,,(3) 代收代付收入及支出,3,3,3,True
N16,中平,111,20,detail_schedule,5,agency_passthrough,,(3) 代收代付收入及支出,3,3,3,True
N16,中平,111,23,detail_schedule,1,income_by_function,收支餘絀表-功能別,附表一：收支餘絀表-功能別,1,17,13,True
N16,中平,111,23,detail_schedule,2,income_by_function,,附表一：收支餘絀表-功能別,1,4,4,True
N16,中平,111,24,detail_schedule,1,budget_transfer,經費流用及勻支檢查表,附表二：經費流用及勻支檢查表,4,30,30,True
N16,中平,111,25,detail_schedule,1,multiyear_compare,各學年收支預決算比較表,附表三：各學年收支預決算比較表,4,34,34,True
N16,中平,111,26,detail_schedule,1,unrouted,,,4,26,25,True
N16,中平,112,8,equity_change,1,equity_change,淨值變動表,,3,7,7,True
N16,中平,112,9,cash_flow,1,cash_flow,現金流量表,,2,19,12,True
N16,中平,112,14,note,1,cash_detail,,(一) 現金及銀行存款,2,3,3,True
N16,中平,112,14,note,2,severance_reserve,,1. 資遣費準備,2,3,3,True
N16,中平,112,14,note,3,severance_reserve,,1. 資遣費準備,2,1,1,True
N16,中平,112,15,note,1,development_reserve,,2. 業務發展準備,2,3,3,True
N16,中平,112,15,note,2,development_reserve,,2. 業務發展準備,2,1,1,True
N16,中平,112,15,note,3,property,,1. 代管財產,4,1,1,True
N16,中平,112,15,note,4,property,,1. 代管財產,4,1,1,True
N16,中平,112,15,note,5,property,,2. 購置財產,4,1,1,True
N16,中平,112,15,note,6,property,,2. 購置財產,4,1,1,True
N16,中平,112,16,detail_schedule,1,unrouted,,(四) 收支明細表 1. 教保費收入,2,10,8,True
N16,中平,112,16,detail_schedule,2,personnel_detail,,(四) 收支明細表 2. 人事費,4,12,12,True
N16,中平,112,16,detail_schedule,3,personnel_detail,,(四) 收支明細表 2. 人事費,4,3,3,True
N16,中平,112,17,detail_schedule,1,unrouted,,,4,9,9,True
N16,中平,112,17,detail_schedule,2,operating_detail,,3. 業務費,4,16,16,True
N16,中平,112,18,detail_schedule,1,unrouted,,,4,16,16,True
N16,中平,112,18,detail_schedule,2,material_detail,材料費,4.　材料費,4,5,5,True
N16,中平,112,19,detail_schedule,1,unrouted,,,4,5,5,True
N16,中平,112,19,detail_schedule,2,maintenance_detail,,5.　維護費,4,4,4,True
N16,中平,112,19,detail_schedule,3,maintenance_detail,,5.　維護費,4,4,4,True
N16,中平,112,20,note,1,unrouted,,6. 延長照顧服務收支,2,5,4,True
N16,中平,112,20,note,2,other_income_expense,,7. 其他收入及其他支出,3,4,4,True
N16,中平,112,20,note,3,other_income_expense,,7. 其他收入及其他支出,3,4,4,True
N16,中平,112,20,note,4,project_subsidy,,(1) 專案補助收入及支出,3,9,9,True
N16,中平,112,20,note,5,project_subsidy,,(1) 專案補助收入及支出,3,4,4,True
N16,中平,112,24,detail_schedule,1,income_by_function,收支餘絀表-功能別,附表一：收支餘絀表-功能別,1,17,14,True
N16,中平,112,24,detail_schedule,2,unrouted,,補充說明：,1,4,4,True
N16,中平,112,25,detail_schedule,1,budget_transfer,經費流用及勻支檢查表,附表二：經費流用及勻支檢查表,4,30,30,True
N16,中平,112,26,detail_schedule,1,multiyear_compare,各學年收支預決算比較表,附表三：各學年收支預決算比較表,8,30,29,True
N16,中平,112,27,detail_schedule,1,unrouted,,,8,32,31,True
N16,中平,113,8,equity_change,1,equity_change,淨值變動表,,3,7,7,True
N16,中平,113,9,cash_flow,1,cash_flow,現金流量表,,2,19,12,True
N16,中平,113,14,note,1,cash_detail,,(一) 現金及銀行存款,2,3,3,True
N16,中平,113,14,note,2,severance_reserve,,1. 資遣費準備,2,3,3,True
N16,中平,113,15,note,1,severance_reserve,,依據非營利幼兒園實施辦法之規定，提撥資遣費準備金餘額如下：,2,1,1,True
N16,中平,113,15,note,2,development_reserve,,2. 業務發展準備,2,3,3,True
N16,中平,113,15,note,3,development_reserve,,2. 業務發展準備,2,1,1,True
N16,中平,113,15,note,4,property,,1. 代管財產,4,1,1,True
N16,中平,113,15,note,5,property,,1. 代管財產,4,1,1,True
N16,中平,113,15,note,6,property,,2. 購置財產,4,1,1,True
N16,中平,113,15,note,7,property,,2. 購置財產,4,1,1,True
N16,中平,113,16,detail_schedule,1,unrouted,,(四) 收支明細表 1. 教保費收入,2,10,8,True
N16,中平,113,16,detail_schedule,2,personnel_detail,,(四) 收支明細表 2. 人事費,4,12,12,True
N16,中平,113,16,detail_schedule,3,personnel_detail,,(四) 收支明細表 2. 人事費,4,3,3,True
N16,中平,113,17,detail_schedule,1,personnel_detail,,人事費明細表,4,9,9,True
N16,中平,113,17,detail_schedule,2,operating_detail,,3. 業務費,4,12,12,True
N16,中平,113,18,detail_schedule,1,operating_detail,,業務費（113.8.1~114.7.31）,4,4,4,True
N16,中平,113,18,detail_schedule,2,operating_detail,,業務費（112.8.1~113.7.31）,4,16,16,True
N16,中平,113,18,detail_schedule,3,material_detail,,4. 材料費,4,5,5,True
N16,中平,113,19,detail_schedule,1,material_detail,,材料費,4,5,5,True
N16,中平,113,19,detail_schedule,2,maintenance_detail,5. 維護費及修繕購置費,5. 維護費及修繕購置費,4,5,4,True
N16,中平,113,19,detail_schedule,3,maintenance_detail,,5. 維護費及修繕購置費,4,1,1,True
N16,中平,113,19,detail_schedule,4,maintenance_detail,,5. 維護費及修繕購置費,4,5,4,True
N16,中平,113,19,detail_schedule,5,maintenance_detail,,5. 維護費及修繕購置費,4,1,1,True
N16,中平,113,20,note,1,unrouted,,6. 延長照顧服務收支,2,5,4,True
N16,中平,113,20,note,2,other_income_expense,,7. 其他收入及其他支出,3,4,4,True
N16,中平,113,20,note,3,other_income_expense,,7. 其他收入及其他支出,3,4,4,True
N16,中平,113,20,note,4,project_subsidy,,(1) 專案補助收入及支出,3,4,4,True
N16,中平,113,21,note,1,unrouted,,,3,6,6,True
N16,中平,113,21,note,2,unrouted,,,3,9,9,True
N16,中平,113,21,note,3,agency_subsidy,,(2) 代收補助收入及支出,3,1,1,True
N16,中平,113,21,note,4,agency_subsidy,,(2) 代收補助收入及支出,3,3,3,True
N16,中平,113,21,note,5,agency_passthrough,,(3) 代收代付收入及支出,3,1,1,True
N16,中平,113,21,note,6,agency_passthrough,,(3) 代收代付收入及支出,3,1,1,True
N16,中平,113,24,detail_schedule,1,income_by_function,收支餘絀表-功能別,附表一：收支餘絀表-功能別,1,17,13,True
N16,中平,113,24,detail_schedule,2,income_by_function,,附表一：收支餘絀表-功能別,2,4,4,True
N16,中平,113,25,detail_schedule,1,budget_transfer,經費流用及勻支檢查表,附表二：經費流用及勻支檢查表,4,30,30,True
N16,中平,113,26,detail_schedule,1,multiyear_compare,各學年收支預決算比較表,附表三：各學年收支預決算比較表,12,31,30,True
N16,中平,113,27,detail_schedule,1,unrouted,,,12,31,30,True
N17,中正,110,8,equity_change,1,equity_change,淨值變動表,,3,7,7,True
N17,中正,110,9,cash_flow,1,cash_flow,現金流量表,,2,21,14,True
N17,中正,110,14,note,1,cash_detail,,(一) 現金及銀行存款,2,4,4,True
N17,中正,110,14,note,2,severance_reserve,,1. 資遣費準備,2,3,3,True
N17,中正,110,14,note,3,severance_reserve,,1. 資遣費準備,2,1,1,True
N17,中正,110,14,note,4,development_reserve,,2. 業務發展準備,2,3,3,True
N17,中正,110,15,note,1,development_reserve,,業務發展準備金,2,1,1,True
N17,中正,110,15,note,2,property,,(三) 營運資產 1. 代管財產,4,1,1,True
N17,中正,110,15,note,3,property,,(三) 營運資產 1. 代管財產,4,1,1,True
N17,中正,110,15,note,4,property,,(三) 營運資產 2. 購置財產,4,1,1,True
N17,中正,110,15,note,5,property,,(三) 營運資產 2. 購置財產,4,1,1,True
N17,中正,110,15,note,6,unrouted,,(四) 收支明細表 1. 教保費收入,2,9,7,True
N17,中正,110,16,detail_schedule,1,personnel_detail,,2. 人事費,4,11,11,True
N17,中正,110,16,detail_schedule,2,personnel_detail,,2. 人事費,4,11,11,True
N17,中正,110,17,detail_schedule,1,operating_detail,,3. 業務費,4,16,16,True
N17,中正,110,17,detail_schedule,2,operating_detail,,3. 業務費,4,16,16,True
N17,中正,110,18,detail_schedule,1,material_detail,,4. 材料費,4,5,5,True
N17,中正,110,18,detail_schedule,2,material_detail,,4. 材料費,4,5,5,True
N17,中正,110,19,detail_schedule,1,maintenance_detail,,5. 維護費,4,4,4,True
N17,中正,110,19,detail_schedule,2,maintenance_detail,,5. 維護費,4,4,4,True
N17,中正,110,19,detail_schedule,3,other_income_expense,,6. 其他收入及其他支出,3,4,4,True
N17,中正,110,19,detail_schedule,4,other_income_expense,,6. 其他收入及其他支出,3,4,4,True
N17,中正,110,20,detail_schedule,1,project_subsidy,,(1) 專案補助收入及支出,3,9,9,True
N17,中正,110,20,detail_schedule,2,project_subsidy,,(1) 專案補助收入及支出,3,5,5,True
N17,中正,110,20,detail_schedule,3,agency_subsidy,,(2) 代收補助收入及支出,3,3,3,True
N17,中正,110,20,detail_schedule,4,agency_subsidy,,(2) 代收補助收入及支出,3,4,4,True
N17,中正,110,20,detail_schedule,5,agency_passthrough,,(3) 代收代付收入及支出,3,3,3,True
N17,中正,110,23,detail_schedule,1,income_by_function,收支餘絀表-功能別,附表一：收支餘絀表-功能別,1,17,15,True
N17,中正,110,23,detail_schedule,2,income_by_function,,附表一：收支餘絀表-功能別,1,4,4,True
N17,中正,110,24,detail_schedule,1,budget_transfer,經費流用及勻支檢查表,附表二：經費流用及勻支檢查表,4,31,31,True
N17,中正,110,25,detail_schedule,1,multiyear_compare,各學年收支預決算比較表,附表三：各學年收支預決算比較表,16,28,27,True
N17,中正,110,26,detail_schedule,1,unrouted,,,16,35,35,True
N17,中正,111,8,equity_change,1,equity_change,淨值變動表,,3,7,7,True
N17,中正,111,9,cash_flow,1,cash_flow,現金流量表,,2,21,14,True
N17,中正,111,14,note,1,cash_detail,,(一) 現金及銀行存款,2,3,3,True
N17,中正,111,14,note,2,severance_reserve,,1. 資遣費準備,2,3,3,True
N17,中正,111,14,note,3,severance_reserve,,1. 資遣費準備,2,1,1,True
N17,中正,111,14,note,4,development_reserve,,2. 業務發展準備,2,3,3,True
N17,中正,111,15,note,1,development_reserve,,業務發展準備金,2,1,1,True
N17,中正,111,15,note,2,unrouted,,(三) 營運資產,4,1,1,True
N17,中正,111,15,note,3,unrouted,,(三) 營運資產,4,1,1,True
N17,中正,111,15,note,4,property,,2. 購置財產,4,1,1,True
N17,中正,111,15,note,5,property,,2. 購置財產,4,1,1,True
N17,中正,111,15,note,6,unrouted,,(四) 收支明細表,2,10,8,True
N17,中正,111,16,detail_schedule,1,personnel_detail,,2. 人事費,4,12,12,True
N17,中正,111,16,detail_schedule,2,personnel_detail,,2. 人事費,4,11,11,True
N17,中正,111,17,detail_schedule,1,operating_detail,,3. 業務費,4,16,16,True
N17,中正,111,17,detail_schedule,2,operating_detail,,3. 業務費,4,16,16,True
N17,中正,111,18,detail_schedule,1,material_detail,,4. 材料費,4,5,5,True
N17,中正,111,18,detail_schedule,2,material_detail,,4. 材料費,4,5,5,True
N17,中正,111,19,detail_schedule,1,maintenance_detail,,5. 維護費,4,4,4,True
N17,中正,111,19,detail_schedule,2,maintenance_detail,,5. 維護費,4,4,4,True
N17,中正,111,19,detail_schedule,3,other_income_expense,,6. 其他收入及其他支出,3,4,4,True
N17,中正,111,19,detail_schedule,4,other_income_expense,,6. 其他收入及其他支出,3,4,4,True
N17,中正,111,20,note,1,project_subsidy,,(1) 專案補助收入及支出,3,8,8,True
N17,中正,111,20,note,2,project_subsidy,,(1) 專案補助收入及支出,3,9,9,True
N17,中正,111,20,note,3,agency_subsidy,,(2) 代收補助收入及支出,3,4,4,True
N17,中正,111,20,note,4,agency_subsidy,,(2) 代收補助收入及支出,3,3,3,True
N17,中正,111,20,note,5,agency_passthrough,,(3) 代收代付收入及支出,3,1,1,True
N17,中正,111,23,detail_schedule,1,income_by_function,收支餘絀表-功能別,附表一：收支餘絀表-功能別,1,17,15,True
N17,中正,111,23,detail_schedule,2,unrouted,,"補充說明：教保費收支淨額金額為1,605,341元，分析如下：",1,4,4,True
N17,中正,111,24,detail_schedule,1,budget_transfer,經費流用及勻支檢查表,附表二：經費流用及勻支檢查表,4,30,30,True
N17,中正,111,25,detail_schedule,1,multiyear_compare,各學年收支預決算比較表,附表三：各學年收支預決算比較表,4,34,34,True
N17,中正,111,26,detail_schedule,1,unrouted,,,4,28,27,True
N17,中正,112,8,equity_change,1,equity_change,淨值變動表,,3,7,7,True
N17,中正,112,9,cash_flow,1,cash_flow,現金流量表,,2,19,12,True
N17,中正,112,14,note,1,cash_detail,,(一) 現金及銀行存款,2,3,3,True
N17,中正,112,14,note,2,severance_reserve,,1. 資遣費準備,2,4,4,True
N17,中正,112,14,note,3,severance_reserve,,1. 資遣費準備,2,1,1,True
N17,中正,112,15,note,1,development_reserve,,2. 業務發展準備,2,3,3,True
N17,中正,112,15,note,2,development_reserve,,2. 業務發展準備,2,1,1,True
N17,中正,112,15,note,3,property,,1. 代管財產,4,1,1,True
N17,中正,112,15,note,4,property,,1. 代管財產,4,1,1,True
N17,中正,112,15,note,5,property,,2. 購置財產,4,1,1,True
N17,中正,112,15,note,6,property,,2. 購置財產,4,1,1,True
N17,中正,112,16,detail_schedule,1,unrouted,,(四) 收支明細表 1. 教保費收入,2,11,9,True
N17,中正,112,16,detail_schedule,2,personnel_detail,,(四) 收支明細表 2. 人事費,4,12,12,True
N17,中正,112,16,detail_schedule,3,personnel_detail,,(四) 收支明細表 2. 人事費,4,3,3,True
N17,中正,112,17,detail_schedule,1,personnel_detail,,人事費明細,4,9,9,True
N17,中正,112,17,detail_schedule,2,operating_detail,,3. 業務費,4,16,16,True
N17,中正,112,18,detail_schedule,1,operating_detail,,業務費,4,16,16,True
N17,中正,112,18,detail_schedule,2,material_detail,,4.　材料費,4,5,5,True
N17,中正,112,18,detail_schedule,3,material_detail,,4.　材料費,4,5,5,True
N17,中正,112,19,note,1,maintenance_detail,,5. 維護費,4,4,4,True
N17,中正,112,19,note,2,maintenance_detail,,5. 維護費,4,4,4,True
N17,中正,112,19,note,3,unrouted,,6. 延長照顧服務收支,2,5,5,True
N17,中正,112,20,note,1,other_income_expense,,7. 其他收入及其他支出,3,4,4,True
N17,中正,112,20,note,2,other_income_expense,,7. 其他收入及其他支出,3,4,4,True
N17,中正,112,20,note,3,project_subsidy,,(1) 專案補助收入及支出,3,7,7,True
N17,中正,112,20,note,4,project_subsidy,,(1) 專案補助收入及支出,3,8,8,True
N17,中正,112,24,detail_schedule,1,income_by_function,收支餘絀表-功能別,附表一：收支餘絀表-功能別,1,17,15,True
N17,中正,112,24,detail_schedule,2,income_by_function,,附表一：收支餘絀表-功能別,1,4,4,True
N17,中正,112,25,detail_schedule,1,budget_transfer,經費流用及勻支檢查表,附表二：經費流用及勻支檢查表,4,30,30,True
N17,中正,112,26,detail_schedule,1,multiyear_compare,各學年收支預決算比較表,附表三：各學年收支預決算比較表,8,30,30,True
N17,中正,112,27,detail_schedule,1,unrouted,,,8,33,32,True
N17,中正,113,8,equity_change,1,equity_change,淨值變動表,,3,7,7,True
N17,中正,113,9,cash_flow,1,cash_flow,現金流量表,,2,20,13,True
N17,中正,113,14,note,1,cash_detail,,(一) 現金及銀行存款,2,3,3,True
N17,中正,113,14,note,2,severance_reserve,,1. 資遣費準備,2,4,4,True
N17,中正,113,15,note,1,severance_reserve,,資遣費準備金,2,1,1,True
N17,中正,113,15,note,2,development_reserve,,2. 業務發展準備,2,3,3,True
N17,中正,113,15,note,3,development_reserve,,2. 業務發展準備,2,1,1,True
N17,中正,113,15,note,4,property,,1. 代管財產,4,1,1,True
N17,中正,113,15,note,5,property,,1. 代管財產,4,1,1,True
N17,中正,113,15,note,6,property,,2. 購置財產,4,1,1,True
N17,中正,113,15,note,7,property,,2. 購置財產,4,1,1,True
N17,中正,113,16,detail_schedule,1,unrouted,,(四) 收支明細表 1. 教保費收入,2,11,9,True
N17,中正,113,16,detail_schedule,2,personnel_detail,,(四) 收支明細表 2. 人事費,4,12,12,True
N17,中正,113,16,detail_schedule,3,personnel_detail,,(四) 收支明細表 2. 人事費,4,3,3,True
N17,中正,113,17,detail_schedule,1,unrouted,,,4,9,9,True
N17,中正,113,17,detail_schedule,2,operating_detail,業務費,3.　業務費,4,16,16,True
N17,中正,113,18,detail_schedule,1,unrouted,,,4,16,16,True
N17,中正,113,18,detail_schedule,2,material_detail,,4. 材料費,4,5,5,True
N17,中正,113,18,detail_schedule,3,material_detail,,4. 材料費,4,5,5,True
N17,中正,113,19,note,1,maintenance_detail,,5. 維護費及修繕購置費,4,5,4,True
N17,中正,113,19,note,2,maintenance_detail,,5. 維護費及修繕購置費,4,1,1,True
N17,中正,113,19,note,3,maintenance_detail,,5. 維護費及修繕購置費,4,5,4,True
N17,中正,113,19,note,4,maintenance_detail,,5. 維護費及修繕購置費,4,1,1,True
N17,中正,113,20,note,1,unrouted,,6. 延長照顧服務收支,2,5,5,True
N17,中正,113,20,note,2,other_income_expense,,7. 其他收入及其他支出,3,4,4,True
N17,中正,113,20,note,3,other_income_expense,,7. 其他收入及其他支出,3,4,4,True
N17,中正,113,20,note,4,project_subsidy,,(1) 專案補助收入及支出,3,7,7,True
N17,中正,113,20,note,5,project_subsidy,,(1) 專案補助收入及支出,3,7,7,True
N17,中正,113,24,detail_schedule,1,income_by_function,收支餘絀表-功能別,附表一：收支餘絀表-功能別,1,17,14,True
N17,中正,113,24,detail_schedule,2,unrouted,,補充說明：,1,4,4,True
N17,中正,113,25,detail_schedule,1,budget_transfer,經費流用及勻支檢查表,附表二：經費流用及勻支檢查表,4,30,30,True
N17,中正,113,26,detail_schedule,1,multiyear_compare,各學年收支預決算比較表,附表三：各學年收支預決算比較表,12,30,30,True
N17,中正,113,27,detail_schedule,1,unrouted,,,12,33,32,True
N18,福營,110,8,equity_change,1,equity_change,淨值變動表,,3,7,7,True
N18,福營,110,9,cash_flow,1,cash_flow,現金流量表,,2,22,16,True
N18,福營,110,14,note,1,cash_detail,,(一) 現金及銀行存款,2,3,3,True
N18,福營,110,14,note,2,severance_reserve,,1. 資遣費準備,2,3,3,True
N18,福營,110,14,note,3,severance_reserve,,1. 資遣費準備,2,1,1,True
N18,福營,110,14,note,4,development_reserve,,2. 業務發展準備,2,3,3,True
N18,福營,110,15,note,1,development_reserve,,業務發展準備金,2,1,1,True
N18,福營,110,15,note,2,property,,1. 代管財產,4,1,1,True
N18,福營,110,15,note,3,property,,1. 代管財產,4,1,1,True
N18,福營,110,15,note,4,property,,2. 購置財產,4,1,1,True
N18,福營,110,15,note,5,property,,2. 購置財產,4,1,1,True
N18,福營,110,15,note,6,unrouted,,1. 教保費收入,2,10,8,True
N18,福營,110,16,detail_schedule,1,personnel_detail,,2. 人事費,4,12,12,True
N18,福營,110,16,detail_schedule,2,personnel_detail,,2. 人事費,4,12,12,True
N18,福營,110,17,detail_schedule,1,operating_detail,,3. 業務費,4,16,16,True
N18,福營,110,17,detail_schedule,2,operating_detail,,3. 業務費,4,16,16,True
N18,福營,110,18,detail_schedule,1,material_detail,材料費,4. 材料費,4,5,5,True
N18,福營,110,18,detail_schedule,2,material_detail,材料費,4. 材料費,4,5,5,True
N18,福營,110,19,note,1,maintenance_detail,,5. 維護費,4,4,4,True
N18,福營,110,19,note,2,maintenance_detail,,5. 維護費,4,4,4,True
N18,福營,110,19,note,3,other_income_expense,,6. 其他收入及其他支出,3,4,4,True
N18,福營,110,19,note,4,other_income_expense,,6. 其他收入及其他支出,3,4,4,True
N18,福營,110,20,detail_schedule,1,project_subsidy,,(1) 專案補助收入及支出,3,11,11,True
N18,福營,110,20,detail_schedule,2,project_subsidy,,(1) 專案補助收入及支出,3,6,6,True
N18,福營,110,20,detail_schedule,3,agency_subsidy,,(2) 代收補助收入及支出,3,3,3,True
N18,福營,110,20,detail_schedule,4,agency_subsidy,,(2) 代收補助收入及支出,3,3,3,True
N18,福營,110,20,detail_schedule,5,agency_passthrough,,(3) 代收代付收入及支出,3,1,1,True
N18,福營,110,23,detail_schedule,1,income_by_function,收支餘絀表－功能別,附表一：收支餘絀表-功能別,1,17,15,True
N18,福營,110,23,detail_schedule,2,income_by_function,,附表一：收支餘絀表-功能別,1,4,4,True
N18,福營,110,24,detail_schedule,1,budget_transfer,經費流用及勻支檢查表,附表二：經費流用及勻支檢查表,4,30,30,True
N18,福營,110,25,detail_schedule,1,multiyear_compare,各學年收支預決算比較表,附表三：各學年收支預決算比較表,16,27,26,True
N18,福營,110,26,detail_schedule,1,unrouted,,,16,36,36,True
N18,福營,111,8,equity_change,1,equity_change,淨值變動表,,3,7,7,True
N18,福營,111,9,cash_flow,1,cash_flow,現金流量表,,2,23,17,True
N18,福營,111,14,note,1,cash_detail,,(一) 現金及銀行存款,2,3,3,True
N18,福營,111,14,note,2,severance_reserve,,1. 資遣費準備,2,4,4,True
N18,福營,111,14,note,3,severance_reserve,,1. 資遣費準備,2,1,1,True
N18,福營,111,14,note,4,development_reserve,,2. 業務發展準備,2,3,3,True
N18,福營,111,15,note,1,development_reserve,,業務發展準備金,2,1,1,True
N18,福營,111,15,note,2,property,,1. 代管財產,4,1,1,True
N18,福營,111,15,note,3,property,,1. 代管財產,4,1,1,True
N18,福營,111,15,note,4,property,,2. 購置財產,4,1,1,True
N18,福營,111,15,note,5,property,,2. 購置財產,4,1,1,True
N18,福營,111,15,note,6,unrouted,,1. 教保費收入,2,9,7,True
N18,福營,111,16,detail_schedule,1,personnel_detail,,2. 人事費,4,12,12,True
N18,福營,111,16,detail_schedule,2,personnel_detail,,2. 人事費,4,12,12,True
N18,福營,111,17,detail_schedule,1,operating_detail,,3. 業務費,4,16,16,True
N18,福營,111,17,detail_schedule,2,operating_detail,,3. 業務費,4,16,16,True
N18,福營,111,18,detail_schedule,1,material_detail,,4. 材料費,4,5,5,True
N18,福營,111,18,detail_schedule,2,material_detail,,4. 材料費,4,5,5,True
N18,福營,111,19,detail_schedule,1,maintenance_detail,,5. 維護費,4,4,4,True
N18,福營,111,19,detail_schedule,2,maintenance_detail,,5. 維護費,4,4,4,True
N18,福營,111,19,detail_schedule,3,other_income_expense,,6. 其他收入及其他支出,3,4,4,True
N18,福營,111,19,detail_schedule,4,other_income_expense,,6. 其他收入及其他支出,3,4,4,True
N18,福營,111,20,detail_schedule,1,project_subsidy,,(1) 專案補助收入及支出,3,10,10,True
N18,福營,111,20,detail_schedule,2,project_subsidy,,(1) 專案補助收入及支出,3,11,11,True
N18,福營,111,20,detail_schedule,3,agency_subsidy,,(2) 代收補助收入及支出,3,3,3,True
N18,福營,111,20,detail_schedule,4,agency_subsidy,,(2) 代收補助收入及支出,3,3,3,True
N18,福營,111,23,detail_schedule,1,income_by_function,收支餘絀表－功能別,附表一：收支餘絀表-功能別,1,17,15,True
N18,福營,111,23,detail_schedule,2,unrouted,,補充說明：,1,4,4,True
N18,福營,111,24,detail_schedule,1,budget_transfer,經費流用及勻支檢查表,附表二：經費流用及勻支檢查表,4,30,30,True
N18,福營,111,25,detail_schedule,1,multiyear_compare,各學年收支預決算比較表,附表三：各學年收支預決算比較表,4,34,34,True
N18,福營,111,26,detail_schedule,1,unrouted,,,4,26,26,True
N18,福營,112,8,equity_change,1,equity_change,淨值變動表,,3,7,7,True
N18,福營,112,9,cash_flow,1,cash_flow,現金流量表,,2,23,17,True
N18,福營,112,14,note,1,cash_detail,,(一) 現金及銀行存款,2,3,3,True
N18,福營,112,14,note,2,severance_reserve,,1. 資遣費準備,2,4,4,True
N18,福營,112,14,note,3,severance_reserve,,1. 資遣費準備,2,1,1,True
N18,福營,112,15,note,1,development_reserve,,2. 業務發展準備,2,3,3,True
N18,福營,112,15,note,2,development_reserve,,2. 業務發展準備,2,1,1,True
N18,福營,112,15,note,3,property,,1. 代管財產,4,1,1,True
N18,福營,112,15,note,4,property,,1. 代管財產,4,1,1,True
N18,福營,112,15,note,5,property,,2. 購置財產,4,1,1,True
N18,福營,112,15,note,6,property,,2. 購置財產,4,1,1,True
N18,福營,112,16,detail_schedule,1,unrouted,教保費收入,(四) 收支明細表,2,10,8,True
N18,福營,112,16,detail_schedule,2,personnel_detail,,2. 人事費,4,12,12,True
N18,福營,112,16,detail_schedule,3,personnel_detail,,2. 人事費,4,3,3,True
N18,福營,112,17,detail_schedule,1,unrouted,,,4,9,9,True
N18,福營,112,17,detail_schedule,2,operating_detail,,3. 業務費,4,16,16,True
N18,福營,112,18,detail_schedule,1,operating_detail,,業務費,4,16,16,True
N18,福營,112,18,detail_schedule,2,material_detail,,4. 材料費,4,5,5,True
N18,福營,112,19,detail_schedule,1,material_detail,,材料費,4,5,5,True
N18,福營,112,19,detail_schedule,2,maintenance_detail,,5. 維護費,4,4,4,True
N18,福營,112,19,detail_schedule,3,maintenance_detail,,5. 維護費,4,4,4,True
N18,福營,112,20,note,1,unrouted,,6. 延長照顧服務收支,2,5,4,True
N18,福營,112,20,note,2,other_income_expense,,7. 其他收入及其他支出,3,4,4,True
N18,福營,112,20,note,3,other_income_expense,,7. 其他收入及其他支出,3,4,4,True
N18,福營,112,20,note,4,project_subsidy,,(1) 專案補助收入及支出,3,11,11,True
N18,福營,112,24,detail_schedule,1,income_by_function,收支餘絀表-功能別,附表一：收支餘絀表-功能別,1,17,14,True
N18,福營,112,24,detail_schedule,2,income_by_function,,附表一：收支餘絀表-功能別,1,4,4,True
N18,福營,112,25,detail_schedule,1,budget_transfer,經費流用及勻支檢查表,附表二：經費流用及勻支檢查表,4,30,30,True
N18,福營,112,26,detail_schedule,1,multiyear_compare,各學年收支預決算比較表,附表三：各學年收支預決算比較表,8,30,30,True
N18,福營,112,27,detail_schedule,1,unrouted,,,8,31,31,True
N18,福營,113,8,equity_change,1,equity_change,淨值變動表,,3,7,7,True
N18,福營,113,9,cash_flow,1,cash_flow,現金流量表,,2,20,14,True
N18,福營,113,14,note,1,cash_detail,,(一) 現金及銀行存款,2,3,3,True
N18,福營,113,14,note,2,severance_reserve,,1. 資遣費準備,2,3,3,True
N18,福營,113,15,note,1,severance_reserve,,資遣費準備金,2,1,1,True
N18,福營,113,15,note,2,development_reserve,,2. 業務發展準備,2,3,3,True
N18,福營,113,15,note,3,development_reserve,,2. 業務發展準備,2,1,1,True
N18,福營,113,15,note,4,property,,1. 代管財產,4,1,1,True
N18,福營,113,15,note,5,property,,1. 代管財產,4,1,1,True
N18,福營,113,15,note,6,property,,2. 購置財產,4,1,1,True
N18,福營,113,15,note,7,property,,2. 購置財產,4,1,1,True
N18,福營,113,16,detail_schedule,1,unrouted,,(四) 收支明細表 1. 教保費收入,2,11,9,True
N18,福營,113,16,detail_schedule,2,personnel_detail,,(四) 收支明細表 2. 人事費,4,12,12,True
N18,福營,113,16,detail_schedule,3,personnel_detail,,(四) 收支明細表 2. 人事費,4,2,2,True
N18,福營,113,17,detail_schedule,1,personnel_detail,,人事費明細,4,10,10,True
N18,福營,113,17,detail_schedule,2,operating_detail,,3. 業務費,4,11,11,True
N18,福營,113,18,detail_schedule,1,unrouted,,,4,5,5,True
N18,福營,113,18,detail_schedule,2,unrouted,,,4,16,16,True
N18,福營,113,19,detail_schedule,1,material_detail,,4. 材料費,4,5,5,True
N18,福營,113,19,detail_schedule,2,material_detail,,4. 材料費,4,5,5,True
N18,福營,113,19,detail_schedule,3,maintenance_detail,,5. 維護費及修繕購置費,4,5,4,True
N18,福營,113,20,note,1,maintenance_detail,,修繕購置費,4,1,1,True
N18,福營,113,20,note,2,maintenance_detail,,維護費,4,4,4,True
N18,福營,113,20,note,3,maintenance_detail,,修繕購置費,4,1,1,True
N18,福營,113,20,note,4,unrouted,,6. 延長照顧服務收支,2,5,3,True
N18,福營,113,20,note,5,other_income_expense,,7. 其他收入及其他支出,3,4,4,True
N18,福營,113,21,detail_schedule,1,unrouted,,,3,4,4,True
N18,福營,113,21,detail_schedule,2,project_subsidy,,(1) 專案補助收入及支出,3,11,11,True
N18,福營,113,21,detail_schedule,3,project_subsidy,,(1) 專案補助收入及支出,3,10,10,True
N18,福營,113,21,detail_schedule,4,agency_subsidy,,(2) 代收補助收入及支出,3,1,1,True
N18,福營,113,25,detail_schedule,1,income_by_function,收支餘絀表-功能別,附表一：收支餘絀表-功能別,1,17,14,True
N18,福營,113,25,detail_schedule,2,income_by_function,,附表一：收支餘絀表-功能別,1,4,4,True
N18,福營,113,26,detail_schedule,1,budget_transfer,經費流用及勻支檢查表,附表二：經費流用及勻支檢查表,5,30,30,True
N18,福營,113,27,detail_schedule,1,multiyear_compare,各學年收支預決算比較表,附表三：各學年收支預決算比較表,12,31,31,True
N18,福營,113,28,detail_schedule,1,unrouted,,,12,31,31,True
N19,中園,110,8,equity_change,1,equity_change,淨值變動表,,3,7,7,True
N19,中園,110,9,cash_flow,1,cash_flow,現金流量表,,2,20,13,True
N19,中園,110,14,note,1,cash_detail,,(一) 現金及銀行存款,2,4,4,True
N19,中園,110,14,note,2,severance_reserve,,1. 資遣費準備,2,3,3,True
N19,中園,110,14,note,3,severance_reserve,,1. 資遣費準備,2,1,1,True
N19,中園,110,14,note,4,development_reserve,,2. 業務發展準備,2,3,3,True
N19,中園,110,15,note,1,development_reserve,,業務發展準備金,2,1,1,True
N19,中園,110,15,note,2,property,,(三) 營運資產 1. 代管財產,4,1,1,True
N19,中園,110,15,note,3,property,,(三) 營運資產 1. 代管財產,4,1,1,True
N19,中園,110,15,note,4,property,,(三) 營運資產 2. 購置財產,4,1,1,True
N19,中園,110,15,note,5,property,,(三) 營運資產 2. 購置財產,4,1,1,True
N19,中園,110,15,note,6,unrouted,,(四) 收支明細表 1. 教保費收入,2,10,8,True
N19,中園,110,16,detail_schedule,1,personnel_detail,,2. 人事費,4,11,11,True
N19,中園,110,16,detail_schedule,2,personnel_detail,,2. 人事費,4,11,11,True
N19,中園,110,17,detail_schedule,1,operating_detail,,3. 業務費,4,16,16,True
N19,中園,110,17,detail_schedule,2,operating_detail,,3. 業務費,4,16,16,True
N19,中園,110,18,note,1,material_detail,,4. 材料費,4,5,5,True
N19,中園,110,18,note,2,material_detail,,4. 材料費,4,5,5,True
N19,中園,110,19,detail_schedule,1,maintenance_detail,,5. 維護費,4,4,4,True
N19,中園,110,19,detail_schedule,2,maintenance_detail,,5. 維護費,4,4,4,True
N19,中園,110,19,detail_schedule,3,other_income_expense,,6. 其他收入及其他支出,3,4,4,True
N19,中園,110,19,detail_schedule,4,other_income_expense,,6. 其他收入及其他支出,3,4,4,True
N19,中園,110,20,detail_schedule,1,project_subsidy,,(1) 專案補助收入及支出,3,9,9,True
N19,中園,110,20,detail_schedule,2,project_subsidy,,(1) 專案補助收入及支出,3,5,5,True
N19,中園,110,20,detail_schedule,3,agency_subsidy,,(2) 代收補助收入及支出,3,4,4,True
N19,中園,110,20,detail_schedule,4,agency_subsidy,,(2) 代收補助收入及支出,3,3,3,True
N19,中園,110,20,detail_schedule,5,agency_passthrough,,(3) 代收代付收入及支出,3,4,4,True
N19,中園,110,23,detail_schedule,1,income_by_function,收支餘絀表-功能別,附表一：收支餘絀表-功能別,1,17,14,True
N19,中園,110,23,detail_schedule,2,income_by_function,,附表一：收支餘絀表-功能別,1,4,4,True
N19,中園,110,24,detail_schedule,1,budget_transfer,經費流用及勻支檢查表,附表二：經費流用及勻支檢查表,5,30,30,True
N19,中園,110,25,detail_schedule,1,multiyear_compare,各學年收支預決算比較表,附表三：各學年收支預決算比較表,12,30,30,True
N19,中園,110,26,detail_schedule,1,unrouted,,,12,31,30,True
N19,中園,111,8,equity_change,1,equity_change,淨值變動表,,3,7,7,True
N19,中園,111,9,cash_flow,1,cash_flow,現金流量表,,2,20,13,True
N19,中園,111,14,note,1,cash_detail,,(一) 現金及銀行存款,2,4,4,True
N19,中園,111,14,note,2,severance_reserve,,1. 資遣費準備,2,3,3,True
N19,中園,111,14,note,3,severance_reserve,,1. 資遣費準備,2,1,1,True
N19,中園,111,14,note,4,development_reserve,,2. 業務發展準備,2,3,3,True
N19,中園,111,15,note,1,development_reserve,,業務發展準備金,2,1,1,True
N19,中園,111,15,note,2,property,,1. 代管財產,4,1,1,True
N19,中園,111,15,note,3,property,,1. 代管財產,4,1,1,True
N19,中園,111,15,note,4,property,,2. 購置財產,4,1,1,True
N19,中園,111,15,note,5,property,,2. 購置財產,4,1,1,True
N19,中園,111,15,note,6,unrouted,,1. 教保費收入,2,9,7,True
N19,中園,111,16,detail_schedule,1,personnel_detail,人事費,2. 人事費,4,11,11,True
N19,中園,111,16,detail_schedule,2,personnel_detail,人事費,2. 人事費,4,11,11,True
N19,中園,111,17,detail_schedule,1,operating_detail,,3. 業務費,4,16,16,True
N19,中園,111,17,detail_schedule,2,operating_detail,,3. 業務費,4,16,16,True
N19,中園,111,18,note,1,material_detail,,4. 材料費,4,5,5,True
N19,中園,111,18,note,2,material_detail,,4. 材料費,4,5,5,True
N19,中園,111,19,detail_schedule,1,maintenance_detail,,5. 維護費,4,4,4,True
N19,中園,111,19,detail_schedule,2,maintenance_detail,,5. 維護費,4,4,4,True
N19,中園,111,19,detail_schedule,3,other_income_expense,,6. 其他收入及其他支出,3,4,4,True
N19,中園,111,19,detail_schedule,4,other_income_expense,,6. 其他收入及其他支出,3,4,4,True
N19,中園,111,20,detail_schedule,1,project_subsidy,,(1) 專案補助收入及支出,3,8,8,True
N19,中園,111,20,detail_schedule,2,project_subsidy,,(1) 專案補助收入及支出,3,9,9,True
N19,中園,111,20,detail_schedule,3,agency_subsidy,,(2) 代收補助收入及支出,3,4,4,True
N19,中園,111,20,detail_schedule,4,agency_subsidy,,(2) 代收補助收入及支出,3,4,4,True
N19,中園,111,23,detail_schedule,1,income_by_function,收支餘絀表-功能別,附表一：收支餘絀表-功能別,1,17,15,True
N19,中園,111,23,detail_schedule,2,unrouted,,"補充說明：教保費收支淨額金額為984,767元，分析如下：",1,4,4,True
N19,中園,111,24,detail_schedule,1,budget_transfer,經費流用及勻支檢查表,附表二：經費流用及勻支檢查表,4,30,30,True
N19,中園,111,25,detail_schedule,1,multiyear_compare,各學年收支預決算比較表,附表三：各學年收支預決算比較表,16,27,27,True
N19,中園,111,26,detail_schedule,1,unrouted,,,16,34,33,True
N19,中園,112,8,equity_change,1,equity_change,淨值變動表,,3,7,7,True
N19,中園,112,9,cash_flow,1,cash_flow,現金流量表,,2,21,14,True
N19,中園,112,14,note,1,cash_detail,,(一) 現金及銀行存款,2,4,4,True
N19,中園,112,14,note,2,unrouted,,(二) 各項基金及準備,2,3,3,True
N19,中園,112,14,note,3,unrouted,,(二) 各項基金及準備,2,1,1,True
N19,中園,112,15,note,1,development_reserve,,2. 業務發展準備,2,3,3,True
N19,中園,112,15,note,2,development_reserve,,2. 業務發展準備,2,1,1,True
N19,中園,112,15,note,3,property,,1. 代管財產,4,1,1,True
N19,中園,112,15,note,4,property,,1. 代管財產,4,1,1,True
N19,中園,112,15,note,5,property,,2. 購置財產,4,1,1,True
N19,中園,112,15,note,6,property,,2. 購置財產,4,1,1,True
N19,中園,112,16,detail_schedule,1,unrouted,,(四) 收支明細表 1. 教保費收入,2,10,8,True
N19,中園,112,16,detail_schedule,2,personnel_detail,,(四) 收支明細表 2. 人事費,4,12,12,True
N19,中園,112,16,detail_schedule,3,personnel_detail,,(四) 收支明細表 2. 人事費,4,3,3,True
N19,中園,112,17,detail_schedule,1,unrouted,,,4,8,8,True
N19,中園,112,17,detail_schedule,2,operating_detail,,3. 業務費,4,16,16,True
N19,中園,112,18,detail_schedule,1,unrouted,,,4,16,16,True
N19,中園,112,18,detail_schedule,2,material_detail,材料費,4. 材料費,4,5,5,True
N19,中園,112,19,detail_schedule,1,material_detail,,材料費,4,5,5,True
N19,中園,112,19,detail_schedule,2,maintenance_detail,,5. 維護費,4,4,4,True
N19,中園,112,19,detail_schedule,3,maintenance_detail,,5. 維護費,4,4,4,True
N19,中園,112,20,note,1,unrouted,,6. 延長照顧服務收支,2,5,5,True
N19,中園,112,20,note,2,other_income_expense,,7. 其他收入及其他支出,3,4,4,True
N19,中園,112,20,note,3,other_income_expense,,7. 其他收入及其他支出,3,4,4,True
N19,中園,112,20,note,4,project_subsidy,,(1) 專案補助收入及支出,3,7,7,True
N19,中園,112,24,detail_schedule,1,income_by_function,收支餘絀表-功能別,附表一：收支餘絀表-功能別,1,17,14,True
N19,中園,112,24,detail_schedule,2,income_by_function,,附表一：收支餘絀表-功能別,2,4,4,True
N19,中園,112,25,detail_schedule,1,budget_transfer,經費流用及勻支檢查表,附表二：經費流用及勻支檢查表,4,30,30,True
N19,中園,112,26,detail_schedule,1,multiyear_compare,各學年收支預決算比較表,附表三：各學年收支預決算比較表,4,31,31,True
N19,中園,112,27,detail_schedule,1,unrouted,,,4,31,30,True
N19,中園,113,8,equity_change,1,equity_change,淨值變動表,,3,7,7,True
N19,中園,113,9,cash_flow,1,cash_flow,現金流量表,,2,21,14,True
N19,中園,113,14,note,1,cash_detail,,(一) 現金及銀行存款,2,4,4,True
N19,中園,113,14,note,2,severance_reserve,,1. 資遣費準備,2,3,3,True
N19,中園,113,15,note,1,severance_reserve,,依據非營利幼兒園實施辦法之規定，提撥資遣費準備金餘額如下：,2,1,1,True
N19,中園,113,15,note,2,development_reserve,,2. 業務發展準備,2,3,3,True
N19,中園,113,15,note,3,development_reserve,,2. 業務發展準備,2,1,1,True
N19,中園,113,15,note,4,property,,1. 代管財產,4,1,1,True
N19,中園,113,15,note,5,property,,1. 代管財產,4,1,1,True
N19,中園,113,15,note,6,property,,2. 購置財產,4,1,1,True
N19,中園,113,15,note,7,property,,2. 購置財產,4,1,1,True
N19,中園,113,16,detail_schedule,1,unrouted,,(四) 收支明細表　1. 教保費收入,2,11,9,True
N19,中園,113,16,detail_schedule,2,personnel_detail,,(四) 收支明細表　2. 人事費,4,12,12,True
N19,中園,113,16,detail_schedule,3,personnel_detail,,(四) 收支明細表　2. 人事費,4,3,3,True
N19,中園,113,17,detail_schedule,1,personnel_detail,,人事費明細,4,9,9,True
N19,中園,113,17,detail_schedule,2,operating_detail,,3. 業務費,4,13,13,True
N19,中園,113,18,detail_schedule,1,operating_detail,,業務費,4,3,3,True
N19,中園,113,18,detail_schedule,2,operating_detail,,業務費,4,16,16,True
N19,中園,113,18,detail_schedule,3,material_detail,,4. 材料費,4,5,5,True
N19,中園,113,19,detail_schedule,1,material_detail,,4. 材料費（上半部，112.8.1~113.7.31）,4,5,5,True
N19,中園,113,19,detail_schedule,2,maintenance_detail,,5. 維護費及修繕購置費,4,5,4,True
N19,中園,113,19,detail_schedule,3,maintenance_detail,,5. 維護費及修繕購置費,4,1,1,True
N19,中園,113,19,detail_schedule,4,maintenance_detail,,5. 維護費及修繕購置費,4,5,4,True
N19,中園,113,20,note,1,maintenance_detail,,修繕購置費,4,1,1,True
N19,中園,113,20,note,2,unrouted,,6. 延長照顧服務收支,2,5,5,True
N19,中園,113,20,note,3,other_income_expense,,7. 其他收入及其他支出,3,4,4,True
N19,中園,113,20,note,4,other_income_expense,,7. 其他收入及其他支出,3,4,4,True
N19,中園,113,20,note,5,project_subsidy,,(1) 專案補助收入及支出,3,5,5,True
N19,中園,113,24,detail_schedule,1,income_by_function,收支餘絀表-功能別,附表一：收支餘絀表-功能別,1,17,14,True
N19,中園,113,24,detail_schedule,2,income_by_function,,附表一：收支餘絀表-功能別,2,4,4,True
N19,中園,113,25,detail_schedule,1,budget_transfer,經費流用及勻支檢查表,附表二：經費流用及勻支檢查表,5,30,30,True
N19,中園,113,26,detail_schedule,1,multiyear_compare,各學年收支預決算比較表,附表三：各學年收支預決算比較表,8,31,31,True
N19,中園,113,27,detail_schedule,1,unrouted,,,8,32,31,True
N20,柏翠,110,8,equity_change,1,unrouted,,,3,7,7,True
N20,柏翠,110,9,cash_flow,1,cash_flow,現金流量表,,2,18,11,True
N20,柏翠,110,14,note,1,cash_detail,,(一) 現金及銀行存款,2,3,3,True
N20,柏翠,110,14,note,2,severance_reserve,,1. 資遣費準備,2,3,3,True
N20,柏翠,110,14,note,3,severance_reserve,,1. 資遣費準備,2,1,1,True
N20,柏翠,110,14,note,4,property,,1. 代管財產,4,1,1,True
N20,柏翠,110,14,note,5,property,,1. 代管財產,4,1,1,True
N20,柏翠,110,15,detail_schedule,1,property,,2. 購置財產,4,1,1,True
N20,柏翠,110,15,detail_schedule,2,property,,2. 購置財產,4,1,1,True
N20,柏翠,110,15,detail_schedule,3,unrouted,,1. 教保費收入,2,9,7,True
N20,柏翠,110,15,detail_schedule,4,personnel_detail,,2. 人事費,4,12,12,True
N20,柏翠,110,16,detail_schedule,1,unrouted,,,4,12,12,True
N20,柏翠,110,16,detail_schedule,2,operating_detail,,3. 業務費,4,16,16,True
N20,柏翠,110,17,detail_schedule,1,unrouted,,,4,16,16,True
N20,柏翠,110,17,detail_schedule,2,material_detail,,4. 材料費,4,4,4,True
N20,柏翠,110,18,detail_schedule,1,material_detail,,4. 材料費（承上頁）,3,1,1,True
N20,柏翠,110,18,detail_schedule,2,material_detail,,4. 材料費,4,5,5,True
N20,柏翠,110,18,detail_schedule,3,maintenance_detail,,5. 維護費,4,4,4,True
N20,柏翠,110,18,detail_schedule,4,maintenance_detail,,5. 維護費,4,4,4,True
N20,柏翠,110,19,note,1,other_income_expense,,6. 其他收入及其他支出,3,4,4,True
N20,柏翠,110,19,note,2,other_income_expense,,6. 其他收入及其他支出,3,4,4,True
N20,柏翠,110,19,note,3,project_subsidy,,(1) 專案補助收入及支出,3,9,9,True
N20,柏翠,110,19,note,4,project_subsidy,,(1) 專案補助收入及支出,3,6,6,True
N20,柏翠,110,23,detail_schedule,1,income_by_function,收支餘絀表－功能別,附表一：收支餘絀表-功能別,1,17,13,True
N20,柏翠,110,23,detail_schedule,2,income_by_function,,附表一：收支餘絀表-功能別,1,4,4,True
N20,柏翠,110,24,detail_schedule,1,budget_transfer,經費流用及勻支檢查表,附表二：經費流用及勻支檢查表,5,30,30,True
N20,柏翠,110,25,detail_schedule,1,multiyear_compare,各學年收支預決算比較表,附表三：各學年收支預決算比較表,12,30,30,True
N20,柏翠,110,26,detail_schedule,1,unrouted,,,12,30,29,True
N20,柏翠,111,8,equity_change,1,equity_change,淨值變動表,,3,7,7,True
N20,柏翠,111,9,cash_flow,1,cash_flow,現金流量表,,2,19,12,True
N20,柏翠,111,14,note,1,cash_detail,,(一) 現金及銀行存款,2,3,3,True
N20,柏翠,111,14,note,2,severance_reserve,,1. 資遣費準備,2,3,3,True
N20,柏翠,111,14,note,3,severance_reserve,,1. 資遣費準備,2,1,1,True
N20,柏翠,111,14,note,4,property,,1. 代管財產,1,2,1,True
N20,柏翠,111,14,note,5,property,,1. 代管財產,1,1,1,True
N20,柏翠,111,14,note,6,property,,1. 代管財產,4,2,2,True
N20,柏翠,111,15,detail_schedule,1,property,,2. 購置財產,4,1,1,True
N20,柏翠,111,15,detail_schedule,2,property,,2. 購置財產,4,1,1,True
N20,柏翠,111,15,detail_schedule,3,unrouted,,(四) 收支明細表,2,9,7,True
N20,柏翠,111,15,detail_schedule,4,personnel_detail,,2. 人事費,4,12,12,True
N20,柏翠,111,16,detail_schedule,1,unrouted,,,4,12,12,True
N20,柏翠,111,16,detail_schedule,2,operating_detail,,3. 業務費,4,16,16,True
N20,柏翠,111,17,detail_schedule,1,unrouted,,,4,16,16,True
N20,柏翠,111,17,detail_schedule,2,material_detail,,4. 材料費,4,5,5,True
N20,柏翠,111,18,detail_schedule,1,material_detail,,4. 材料費（續）,4,5,5,True
N20,柏翠,111,18,detail_schedule,2,maintenance_detail,,5. 維護費,4,4,4,True
N20,柏翠,111,18,detail_schedule,3,maintenance_detail,,5. 維護費,4,4,4,True
N20,柏翠,111,19,note,1,other_income_expense,,6. 其他收入及其他支出,3,4,4,True
N20,柏翠,111,19,note,2,other_income_expense,,6. 其他收入及其他支出,3,4,4,True
N20,柏翠,111,19,note,3,project_subsidy,,(1) 專案補助收入及支出,3,7,7,True
N20,柏翠,111,19,note,4,project_subsidy,,(1) 專案補助收入及支出,3,9,9,True
N20,柏翠,111,22,detail_schedule,1,income_by_function,收支餘絀表－功能別,附表一：收支餘絀表-功能別,1,17,14,True
N20,柏翠,111,22,detail_schedule,2,income_by_function,,附表一：收支餘絀表-功能別,1,4,4,True
N20,柏翠,111,23,detail_schedule,1,budget_transfer,經費流用及勻支檢查表,附表二：經費流用及勻支檢查表,4,30,30,True
N20,柏翠,111,24,detail_schedule,1,multiyear_compare,各學年收支預決算比較表,附表三：各學年收支預決算比較表,16,26,26,True
N20,柏翠,111,25,detail_schedule,1,unrouted,,,16,34,33,True
N20,柏翠,112,8,equity_change,1,equity_change,淨值變動表,,3,7,7,True
N20,柏翠,112,9,cash_flow,1,cash_flow,現金流量表,,2,20,13,True
N20,柏翠,112,14,note,1,cash_detail,,(一) 現金及銀行存款,2,3,3,True
N20,柏翠,112,14,note,2,severance_reserve,,1. 資遣費準備,2,3,3,True
N20,柏翠,112,14,note,3,severance_reserve,,1. 資遣費準備,2,1,1,True
N20,柏翠,112,15,note,1,property,,(三) 營運資產 1. 代管財產,4,1,1,True
N20,柏翠,112,15,note,2,property,,(三) 營運資產 1. 代管財產,4,1,1,True
N20,柏翠,112,15,note,3,property,,(三) 營運資產 2. 購置財產,4,1,1,True
N20,柏翠,112,15,note,4,property,,(三) 營運資產 2. 購置財產,4,1,1,True
N20,柏翠,112,15,note,5,unrouted,,(四) 收支明細表 1. 教保費收入,2,10,8,True
N20,柏翠,112,16,detail_schedule,1,personnel_detail,,2. 人事費,4,12,12,True
N20,柏翠,112,16,detail_schedule,2,personnel_detail,,2. 人事費,4,12,12,True
N20,柏翠,112,17,detail_schedule,1,operating_detail,,3. 業務費,4,16,16,True
N20,柏翠,112,17,detail_schedule,2,operating_detail,,3. 業務費,4,16,16,True
N20,柏翠,112,18,detail_schedule,1,material_detail,,4. 材料費,4,5,5,True
N20,柏翠,112,18,detail_schedule,2,material_detail,,4. 材料費,4,5,5,True
N20,柏翠,112,18,detail_schedule,3,maintenance_detail,,5. 維護費,4,4,4,True
N20,柏翠,112,19,note,1,unrouted,,,4,4,4,True
N20,柏翠,112,19,note,2,unrouted,,6. 延長照顧服務收支,2,5,5,True
N20,柏翠,112,19,note,3,other_income_expense,,7. 其他收入及其他支出,3,4,4,True
N20,柏翠,112,19,note,4,other_income_expense,,7. 其他收入及其他支出,3,4,4,True
N20,柏翠,112,20,detail_schedule,1,project_subsidy,,(1) 專案補助收入及支出,3,6,6,True
N20,柏翠,112,20,detail_schedule,2,project_subsidy,,(1) 專案補助收入及支出,3,7,7,True
N20,柏翠,112,20,detail_schedule,3,agency_subsidy,,(2) 代收補助收入及支出,3,4,4,True
N20,柏翠,112,20,detail_schedule,4,agency_subsidy,,(2) 代收補助收入及支出,3,4,4,True
N20,柏翠,112,20,detail_schedule,5,agency_passthrough,,(3) 代收代付收入及支出,3,1,1,True
N20,柏翠,112,20,detail_schedule,6,agency_passthrough,,(3) 代收代付收入及支出,3,1,1,True
N20,柏翠,112,23,detail_schedule,1,income_by_function,收支餘絀表－功能別,附表一：收支餘絀表-功能別,1,17,13,True
N20,柏翠,112,23,detail_schedule,2,income_by_function,,附表一：收支餘絀表-功能別,2,4,4,True
N20,柏翠,112,24,detail_schedule,1,budget_transfer,經費流用及勻支檢查表,附表二：經費流用及勻支檢查表,4,31,31,True
N20,柏翠,112,25,detail_schedule,1,multiyear_compare,各學年收支預決算比較表,附表三：各學年收支預決算比較表,4,31,31,True
N20,柏翠,112,26,detail_schedule,1,unrouted,,,4,31,30,True
N20,柏翠,113,8,equity_change,1,equity_change,淨值變動表,,3,7,7,True
N20,柏翠,113,9,cash_flow,1,cash_flow,現金流量表,,2,21,15,True
N20,柏翠,113,14,note,1,cash_detail,,(一) 現金及銀行存款,2,3,3,True
N20,柏翠,113,14,note,2,severance_reserve,,1. 資遣費準備,2,3,3,True
N20,柏翠,113,14,note,3,severance_reserve,,1. 資遣費準備,2,1,1,True
N20,柏翠,113,15,note,1,property,,(三) 營運資產 1. 代管財產,4,1,1,True
N20,柏翠,113,15,note,2,property,,(三) 營運資產 1. 代管財產,4,1,1,True
N20,柏翠,113,15,note,3,property,,(三) 營運資產 2. 購置財產,4,1,1,True
N20,柏翠,113,15,note,4,property,,(三) 營運資產 2. 購置財產,4,1,1,True
N20,柏翠,113,15,note,5,unrouted,,(四) 收支明細表 1. 教保費收入,2,11,9,True
N20,柏翠,113,16,detail_schedule,1,personnel_detail,,2. 人事費,4,12,12,True
N20,柏翠,113,16,detail_schedule,2,personnel_detail,,2. 人事費,4,12,12,True
N20,柏翠,113,17,detail_schedule,1,operating_detail,,3. 業務費,4,16,16,True
N20,柏翠,113,17,detail_schedule,2,operating_detail,,3. 業務費,4,16,16,True
N20,柏翠,113,18,detail_schedule,1,material_detail,,4. 材料費,4,5,5,True
N20,柏翠,113,18,detail_schedule,2,material_detail,,4. 材料費,4,5,5,True
N20,柏翠,113,19,note,1,maintenance_detail,,5. 維護費及修繕費購置費,4,5,4,True
N20,柏翠,113,19,note,2,maintenance_detail,,5. 維護費及修繕費購置費,4,1,1,True
N20,柏翠,113,19,note,3,maintenance_detail,,5. 維護費及修繕費購置費,4,5,4,True
N20,柏翠,113,19,note,4,maintenance_detail,,5. 維護費及修繕費購置費,4,1,1,True
N20,柏翠,113,19,note,5,unrouted,,6. 延長照顧服務收支,2,5,5,True
N20,柏翠,113,20,note,1,other_income_expense,,7. 其他收入及其他支出,3,4,4,True
N20,柏翠,113,20,note,2,other_income_expense,,7. 其他收入及其他支出,3,4,4,True
N20,柏翠,113,20,note,3,project_subsidy,,(1) 專案補助收入及支出,3,8,8,True
N20,柏翠,113,20,note,4,project_subsidy,,(1) 專案補助收入及支出,3,6,6,True
N20,柏翠,113,20,note,5,agency_subsidy,,(2) 代收補助收入及支出,3,3,3,True
N20,柏翠,113,24,income_statement,1,income_by_function,收支餘絀表－功能別,附表一：收支餘絀表-功能別,1,17,13,True
N20,柏翠,113,24,income_statement,2,income_by_function,,附表一：收支餘絀表-功能別,1,4,4,True
N20,柏翠,113,25,detail_schedule,1,budget_transfer,經費流用及勻支檢查表,附表二：經費流用及勻支檢查表,5,31,31,True
N20,柏翠,113,26,detail_schedule,1,multiyear_compare,各學年收支預決算比較表,附表三：各學年收支預決算比較表,8,29,29,True
N20,柏翠,113,27,detail_schedule,1,unrouted,,,8,34,33,True
N21,文創,110,8,equity_change,1,equity_change,淨值變動表,,3,7,7,True
N21,文創,110,9,cash_flow,1,cash_flow,現金流量表,,2,23,16,True
N21,文創,110,14,note,1,cash_detail,,(一) 現金及銀行存款,2,3,3,True
N21,文創,110,14,note,2,severance_reserve,,1. 資遣費準備,2,4,4,True
N21,文創,110,14,note,3,severance_reserve,,1. 資遣費準備,2,1,1,True
N21,文創,110,14,note,4,development_reserve,,2. 業務發展準備,2,3,3,True
N21,文創,110,15,note,1,development_reserve,,業務發展準備金,2,1,1,True
N21,文創,110,15,note,2,property,,(三) 營運資產 1. 代管財產,4,1,1,True
N21,文創,110,15,note,3,property,,(三) 營運資產 1. 代管財產,4,1,1,True
N21,文創,110,15,note,4,property,,(三) 營運資產 2. 購置財產,4,1,1,True
N21,文創,110,15,note,5,unrouted,,(四) 收支明細表 1. 教保費收入,2,9,7,True
N21,文創,110,16,detail_schedule,1,personnel_detail,,2. 人事費,4,11,11,True
N21,文創,110,16,detail_schedule,2,personnel_detail,,2. 人事費,4,11,11,True
N21,文創,110,17,detail_schedule,1,operating_detail,,3. 業務費,4,16,16,True
N21,文創,110,17,detail_schedule,2,operating_detail,,3. 業務費,4,16,16,True
N21,文創,110,18,detail_schedule,1,material_detail,,4. 材料費,4,5,5,True
N21,文創,110,18,detail_schedule,2,material_detail,,4. 材料費,4,5,5,True
N21,文創,110,18,detail_schedule,3,maintenance_detail,,5. 維護費,4,4,4,True
N21,文創,110,18,detail_schedule,4,maintenance_detail,,5. 維護費,4,4,4,True
N21,文創,110,19,note,1,other_income_expense,,6. 其他收入及其他支出,3,4,4,True
N21,文創,110,19,note,2,other_income_expense,,6. 其他收入及其他支出,3,4,4,True
N21,文創,110,19,note,3,project_subsidy,,(1) 專案補助收入及支出,3,8,8,True
N21,文創,110,19,note,4,project_subsidy,,(1) 專案補助收入及支出,3,7,7,True
N21,文創,110,23,detail_schedule,1,income_by_function,收支餘絀表－功能別,附表一：收支餘絀表-功能別,1,17,15,True
N21,文創,110,23,detail_schedule,2,income_by_function,,附表一：收支餘絀表-功能別,1,4,4,True
N21,文創,110,24,detail_schedule,1,budget_transfer,經費流用及勻支檢查表,附表二：經費流用及勻支檢查表,4,32,32,True
N21,文創,110,25,detail_schedule,1,multiyear_compare,各學年收支預決算比較表,附表三：各學年收支預決算比較表,12,30,30,True
N21,文創,110,26,detail_schedule,1,unrouted,,,12,32,32,True
N21,文創,111,8,income_statement,1,income_statement,收支餘絀表,,4,24,22,True
N21,文創,111,9,equity_change,1,equity_change,淨值變動表,,3,7,7,True
N21,文創,111,15,note,1,cash_detail,,(一) 現金及銀行存款,2,3,3,True
N21,文創,111,15,note,2,severance_reserve,,1. 資遣費準備,2,4,4,True
N21,文創,111,15,note,3,severance_reserve,,1. 資遣費準備,2,1,1,True
N21,文創,111,15,note,4,development_reserve,,2. 業務發展準備,2,3,3,True
N21,文創,111,16,note,1,development_reserve,,業務發展準備金,2,1,1,True
N21,文創,111,16,note,2,property,,1. 代管財產,4,1,1,True
N21,文創,111,16,note,3,property,,1. 代管財產,4,1,1,True
N21,文創,111,16,note,4,property,,2. 購置財產,4,1,1,True
N21,文創,111,16,note,5,property,,2. 購置財產,4,1,1,True
N21,文創,111,16,note,6,unrouted,,1. 教保費收入,2,10,8,True
N21,文創,111,17,detail_schedule,1,personnel_detail,,2. 人事費,4,11,11,True
N21,文創,111,17,detail_schedule,2,personnel_detail,,2. 人事費,4,11,11,True
N21,文創,111,18,detail_schedule,1,operating_detail,,3. 業務費,4,16,16,True
N21,文創,111,18,detail_schedule,2,operating_detail,,3. 業務費,4,16,16,True
N21,文創,111,19,detail_schedule,1,material_detail,,4. 材料費,4,5,5,True
N21,文創,111,19,detail_schedule,2,material_detail,,4. 材料費,4,5,5,True
N21,文創,111,19,detail_schedule,3,maintenance_detail,,5. 維護費,4,4,4,True
N21,文創,111,19,detail_schedule,4,maintenance_detail,,5. 維護費,4,4,4,True
N21,文創,111,20,note,1,other_income_expense,,6. 其他收入及其他支出,3,4,4,True
N21,文創,111,20,note,2,other_income_expense,,6. 其他收入及其他支出,3,4,4,True
N21,文創,111,20,note,3,project_subsidy,,(1) 專案補助收入及支出,3,10,10,True
N21,文創,111,24,detail_schedule,1,income_by_function,收支餘絀表－功能別,附表一：收支餘絀表-功能別,1,17,14,True
N21,文創,111,24,detail_schedule,2,unrouted,,"補充說明：教保費收支淨額金額為2,344,534元，分析如下：",1,4,4,True
N21,文創,111,25,detail_schedule,1,budget_transfer,經費流用及勻支檢查表,附表二：經費流用及勻支檢查表,4,32,32,True
N21,文創,111,26,detail_schedule,1,multiyear_compare,各學年收支預決算比較表,附表三：各學年收支預決算比較表,16,27,27,True
N21,文創,112,8,equity_change,1,equity_change,淨值變動表,,3,7,7,True
N21,文創,112,9,cash_flow,1,cash_flow,現金流量表,,2,19,12,True
N21,文創,112,14,note,1,cash_detail,,(一) 現金及銀行存款,2,3,3,True
N21,文創,112,14,note,2,severance_reserve,,1. 資遣費準備,2,3,3,True
N21,文創,112,14,note,3,severance_reserve,,1. 資遣費準備,2,1,1,True
N21,文創,112,15,note,1,development_reserve,,2. 業務發展準備,2,3,3,True
N21,文創,112,15,note,2,development_reserve,,2. 業務發展準備,2,1,1,True
N21,文創,112,15,note,3,property,,1. 代管財產,4,1,1,True
N21,文創,112,15,note,4,property,,1. 代管財產,4,1,1,True
N21,文創,112,15,note,5,property,,2. 購置財產,4,1,1,True
N21,文創,112,15,note,6,property,,2. 購置財產,4,1,1,True
N21,文創,112,16,detail_schedule,1,unrouted,,(四) 收支明細表 1. 教保費收入,2,10,8,True
N21,文創,112,16,detail_schedule,2,personnel_detail,,(四) 收支明細表 2. 人事費,4,11,11,True
N21,文創,112,16,detail_schedule,3,personnel_detail,,(四) 收支明細表 2. 人事費,4,5,5,True
N21,文創,112,17,detail_schedule,1,unrouted,,,4,6,6,True
N21,文創,112,17,detail_schedule,2,operating_detail,,3. 業務費,4,16,16,True
N21,文創,112,18,detail_schedule,1,operating_detail,,業務費,4,16,16,True
N21,文創,112,18,detail_schedule,2,material_detail,,4. 材料費,4,5,5,True
N21,文創,112,18,detail_schedule,3,material_detail,,4. 材料費,4,5,5,True
N21,文創,112,19,note,1,maintenance_detail,,5. 維護費,4,4,4,True
N21,文創,112,19,note,2,maintenance_detail,,5. 維護費,4,4,4,True
N21,文創,112,19,note,3,unrouted,,6. 延長照顧服務收支,2,5,4,True
N21,文創,112,20,note,1,other_income_expense,,7. 其他收入及其他支出,3,4,4,True
N21,文創,112,20,note,2,other_income_expense,,7. 其他收入及其他支出,3,4,4,True
N21,文創,112,20,note,3,project_subsidy,,(1) 專案補助收入及支出,3,8,8,True
N21,文創,112,20,note,4,project_subsidy,,(1) 專案補助收入及支出,3,10,10,True
N21,文創,112,24,detail_schedule,1,income_by_function,收支餘絀表－功能別,附表一：收支餘絀表-功能別,1,17,14,True
N21,文創,112,24,detail_schedule,2,unrouted,,"補充說明：教保費收支淨額金額為1,752,546元，分析如下：",1,4,4,True
N21,文創,112,25,detail_schedule,1,budget_transfer,經費流用及勻支檢查表,附表二：經費流用及勻支檢查表,5,32,32,True
N21,文創,112,26,detail_schedule,1,multiyear_compare,各學年收支預決算比較表,附表三：各學年收支預決算比較表,4,32,32,True
N21,文創,112,27,detail_schedule,1,unrouted,,,4,30,29,True
N21,文創,113,8,equity_change,1,equity_change,淨值變動表,,3,7,7,True
N21,文創,113,9,cash_flow,1,cash_flow,現金流量表,,2,19,12,True
N21,文創,113,14,note,1,cash_detail,,(一) 現金及銀行存款,2,3,3,True
N21,文創,113,14,note,2,severance_reserve,,1. 資遣費準備,2,3,3,True
N21,文創,113,14,note,3,severance_reserve,,1. 資遣費準備,2,1,1,True
N21,文創,113,15,note,1,development_reserve,,2. 業務發展準備,2,3,3,True
N21,文創,113,15,note,2,development_reserve,,2. 業務發展準備,2,1,1,True
N21,文創,113,15,note,3,property,,1. 代管財產,4,1,1,True
N21,文創,113,15,note,4,property,,1. 代管財產,4,1,1,True
N21,文創,113,15,note,5,property,,2. 購置財產,4,1,1,True
N21,文創,113,15,note,6,property,,2. 購置財產,4,1,1,True
N21,文創,113,16,detail_schedule,1,unrouted,,(四) 收支明細表 1. 教保費收入,2,10,8,True
N21,文創,113,16,detail_schedule,2,personnel_detail,,(四) 收支明細表 2. 人事費,3,11,11,True
N21,文創,113,16,detail_schedule,3,personnel_detail,,(四) 收支明細表 2. 人事費,3,5,5,True
N21,文創,113,17,detail_schedule,1,personnel_detail,,人事費明細（續）,4,6,6,True
N21,文創,113,17,detail_schedule,2,operating_detail,業務費,3. 業務費,4,16,16,True
N21,文創,113,18,detail_schedule,1,operating_detail,,業務費（延續上頁）,3,16,16,True
N21,文創,113,19,detail_schedule,1,maintenance_detail,,5. 維護費及修繕費購置費,4,5,4,True
N21,文創,113,19,detail_schedule,2,maintenance_detail,,5. 維護費及修繕費購置費,4,1,1,True
N21,文創,113,19,detail_schedule,3,maintenance_detail,,5. 維護費及修繕費購置費,4,5,4,True
N21,文創,113,19,detail_schedule,4,maintenance_detail,,5. 維護費及修繕費購置費,4,1,1,True
N21,文創,113,20,note,1,unrouted,,6. 延長照顧服務收支,2,5,4,True
N21,文創,113,20,note,2,other_income_expense,,7. 其他收入及其他支出,3,4,4,True
N21,文創,113,20,note,3,other_income_expense,,7. 其他收入及其他支出,3,4,4,True
N21,文創,113,20,note,4,project_subsidy,,(1) 專案補助收入及支出,3,8,8,True
N21,文創,113,20,note,5,project_subsidy,,(1) 專案補助收入及支出,3,3,3,True
N21,文創,113,24,detail_schedule,1,income_by_function,收支餘絀表－功能別,附表一：收支餘絀表－功能別,1,17,15,True
N21,文創,113,24,detail_schedule,2,income_by_function,,附表一：收支餘絀表－功能別,2,4,4,True
N21,文創,113,25,detail_schedule,1,budget_transfer,經費流用及勻支檢查表,附表二：經費流用及勻支檢查表,4,32,32,True
N22,文仁,110,8,equity_change,1,equity_change,淨值變動表,,3,7,7,True
N22,文仁,110,9,cash_flow,1,cash_flow,現金流量表,,2,20,13,True
N22,文仁,110,14,note,1,cash_detail,,(一) 現金及銀行存款,2,3,3,True
N22,文仁,110,14,note,2,severance_reserve,,1. 資遣費準備,2,3,3,True
N22,文仁,110,14,note,3,severance_reserve,,1. 資遣費準備,2,1,1,True
N22,文仁,110,14,note,4,development_reserve,,2. 業務發展準備,2,3,3,True
N22,文仁,110,15,note,1,unrouted,,,2,1,1,True
N22,文仁,110,15,note,2,property,,1. 代管財產,4,1,1,True
N22,文仁,110,15,note,3,property,,1. 代管財產,4,1,1,True
N22,文仁,110,15,note,4,unrouted,,1. 教保費收入,2,10,8,True
N22,文仁,110,16,detail_schedule,1,personnel_detail,,2. 人事費,4,12,12,True
N22,文仁,110,16,detail_schedule,2,personnel_detail,,2. 人事費,4,12,12,True
N22,文仁,110,17,detail_schedule,1,operating_detail,,3. 業務費,4,16,16,True
N22,文仁,110,17,detail_schedule,2,operating_detail,,3. 業務費,4,16,16,True
N22,文仁,110,18,detail_schedule,1,material_detail,,4. 材料費,4,5,5,True
N22,文仁,110,18,detail_schedule,2,material_detail,,4. 材料費,4,5,5,True
N22,文仁,110,19,detail_schedule,1,maintenance_detail,,5. 維護費,4,4,4,True
N22,文仁,110,19,detail_schedule,2,maintenance_detail,,5. 維護費,4,4,4,True
N22,文仁,110,19,detail_schedule,3,other_income_expense,,6. 其他收入及其他支出,3,4,4,True
N22,文仁,110,19,detail_schedule,4,other_income_expense,,6. 其他收入及其他支出,3,5,5,True
N22,文仁,110,20,note,1,project_subsidy,,(1)   專案補助收入及支出,3,10,10,True
N22,文仁,110,20,note,2,project_subsidy,,(1)   專案補助收入及支出,3,8,8,True
N22,文仁,110,20,note,3,agency_subsidy,,(2)   代收補助收入及支出,3,3,3,True
N22,文仁,110,20,note,4,agency_subsidy,,(2)   代收補助收入及支出,3,4,4,True
N22,文仁,110,23,detail_schedule,1,income_by_function,收支餘絀表－功能別,附表一：收支餘絀表-功能別,1,17,15,True
N22,文仁,110,23,detail_schedule,2,income_by_function,,附表一：收支餘絀表-功能別,1,4,4,True
N22,文仁,110,24,detail_schedule,1,budget_transfer,經費流用及勻支檢查表,附表二：經費流用及勻支檢查表,4,31,31,True
N22,文仁,110,25,detail_schedule,1,multiyear_compare,各學年收支預決算比較表,附表三：各學年收支預決算比較表,12,30,29,False
N22,文仁,110,26,detail_schedule,1,unrouted,,,12,34,34,True
N22,文仁,111,8,equity_change,1,equity_change,淨值變動表,,3,7,7,True
N22,文仁,111,9,cash_flow,1,cash_flow,現金流量表,,2,20,13,True
N22,文仁,111,14,note,1,cash_detail,,(一) 現金及銀行存款,2,3,3,True
N22,文仁,111,14,note,2,severance_reserve,,1. 資遣費準備,2,3,3,True
N22,文仁,111,14,note,3,severance_reserve,,1. 資遣費準備,2,1,1,True
N22,文仁,111,14,note,4,development_reserve,,2. 業務發展準備,2,3,3,True
N22,文仁,111,15,note,1,unrouted,,,2,1,1,True
N22,文仁,111,15,note,2,unrouted,,(三) 營運資產,4,1,1,True
N22,文仁,111,15,note,3,unrouted,,(三) 營運資產,4,1,1,True
N22,文仁,111,15,note,4,property,,2. 購置財產,4,1,1,True
N22,文仁,111,15,note,5,property,,2. 購置財產,4,1,1,True
N22,文仁,111,15,note,6,unrouted,,1. 教保費收入,2,10,8,True
N22,文仁,111,16,detail_schedule,1,personnel_detail,,2. 人事費,4,12,12,True
N22,文仁,111,16,detail_schedule,2,personnel_detail,,2. 人事費,4,12,12,True
N22,文仁,111,17,detail_schedule,1,operating_detail,,3. 業務費,4,16,16,True
N22,文仁,111,17,detail_schedule,2,operating_detail,,3. 業務費,4,16,16,True
N22,文仁,111,18,detail_schedule,1,material_detail,,4. 材料費,4,5,5,True
N22,文仁,111,18,detail_schedule,2,material_detail,,4. 材料費,4,5,5,True
N22,文仁,111,18,detail_schedule,3,maintenance_detail,,5. 維護費,4,4,4,True
N22,文仁,111,19,detail_schedule,1,unrouted,,,4,4,4,True
N22,文仁,111,19,detail_schedule,2,other_income_expense,,6. 其他收入及其他支出,3,4,4,True
N22,文仁,111,19,detail_schedule,3,other_income_expense,,6. 其他收入及其他支出,3,4,4,True
N22,文仁,111,19,detail_schedule,4,project_subsidy,,(1) 專案補助收入及支出,3,11,11,True
N22,文仁,111,20,detail_schedule,1,unrouted,,,3,4,4,True
N22,文仁,111,20,detail_schedule,2,unrouted,,,3,10,10,True
N22,文仁,111,20,detail_schedule,3,agency_subsidy,,(2) 代收補助收入及支出,3,3,3,True
N22,文仁,111,20,detail_schedule,4,agency_subsidy,,(2) 代收補助收入及支出,3,3,3,True
N22,文仁,111,20,detail_schedule,5,agency_passthrough,,(3) 代收代付收入及支出,3,1,1,True
N22,文仁,111,20,detail_schedule,6,agency_passthrough,,(3) 代收代付收入及支出,3,1,1,True
N22,文仁,111,23,detail_schedule,1,income_by_function,收支餘絀表－功能別,附表一：收支餘絀表-功能別,1,17,15,True
N22,文仁,111,23,detail_schedule,2,income_by_function,,附表一：收支餘絀表-功能別,1,4,4,True
N22,文仁,111,24,detail_schedule,1,budget_transfer,經費流用及勻支檢查表,附表二：經費流用及勻支檢查表,5,31,31,True
N22,文仁,111,25,detail_schedule,1,multiyear_compare,各學年收支預決算比較表,附表三：各學年收支預決算比較表,16,29,29,True
N22,文仁,111,26,detail_schedule,1,unrouted,,,16,35,34,True
N22,文仁,112,8,equity_change,1,equity_change,淨值變動表,,3,7,7,True
N22,文仁,112,9,cash_flow,1,cash_flow,現金流量表,,2,18,11,True
N22,文仁,112,14,note,1,cash_detail,,(一) 現金及銀行存款,2,3,3,True
N22,文仁,112,14,note,2,severance_reserve,,1. 資遣費準備,2,3,3,True
N22,文仁,112,14,note,3,severance_reserve,,1. 資遣費準備,2,1,1,True
N22,文仁,112,15,note,1,development_reserve,,2. 業務發展準備,2,3,3,True
N22,文仁,112,15,note,2,development_reserve,,2. 業務發展準備,2,1,1,True
N22,文仁,112,15,note,3,property,,1. 代管財產,4,1,1,True
N22,文仁,112,15,note,4,property,,1. 代管財產,4,1,1,True
N22,文仁,112,15,note,5,property,,2. 購置財產,4,1,1,True
N22,文仁,112,15,note,6,property,,2. 購置財產,4,1,1,True
N22,文仁,112,16,detail_schedule,1,unrouted,,(四) 收支明細表 1. 教保費收入,2,11,9,True
N22,文仁,112,16,detail_schedule,2,personnel_detail,,(四) 收支明細表 2. 人事費,4,11,11,True
N22,文仁,112,16,detail_schedule,3,personnel_detail,,(四) 收支明細表 2. 人事費,4,4,4,True
N22,文仁,112,17,detail_schedule,1,personnel_detail,,人事費（續）,4,8,8,True
N22,文仁,112,17,detail_schedule,2,operating_detail,,3. 業務費,4,16,16,True
N22,文仁,112,18,detail_schedule,1,operating_detail,,業務費明細表,4,16,16,True
N22,文仁,112,18,detail_schedule,2,material_detail,,4. 材料費,4,5,5,True
N22,文仁,112,18,detail_schedule,3,material_detail,,4. 材料費,4,5,5,True
N22,文仁,112,19,note,1,maintenance_detail,,5. 維護費,4,4,4,True
N22,文仁,112,19,note,2,maintenance_detail,,5. 維護費,4,4,4,True
N22,文仁,112,19,note,3,unrouted,,6. 延長照顧服務收支,2,5,5,True
N22,文仁,112,20,note,1,other_income_expense,,7. 其他收入及其他支出,3,4,4,True
N22,文仁,112,20,note,2,other_income_expense,,7. 其他收入及其他支出,3,4,4,True
N22,文仁,112,20,note,3,project_subsidy,,(1) 專案補助收入及支出,3,10,10,True
N22,文仁,112,20,note,4,project_subsidy,,(1) 專案補助收入及支出,3,10,10,True
N22,文仁,112,24,income_statement,1,income_by_function,收支餘絀表－功能別,附表一：收支餘絀表－功能別,1,17,14,True
N22,文仁,112,24,income_statement,2,income_by_function,,附表一：收支餘絀表－功能別,1,4,4,True
N22,文仁,112,25,detail_schedule,1,budget_transfer,經費流用及勻支檢查表,附表二：經費流用及勻支檢查表,5,32,32,True
N22,文仁,112,26,detail_schedule,1,multiyear_compare,各學年收支預決算比較表,附表三：各學年收支預決算比較表,4,31,31,True
N22,文仁,112,27,detail_schedule,1,unrouted,,,4,33,32,True
N22,文仁,113,8,equity_change,1,equity_change,淨值變動表,,3,7,7,True
N22,文仁,113,9,cash_flow,1,cash_flow,現金流量表,,2,18,11,True
N22,文仁,113,14,note,1,cash_detail,,(一) 現金及銀行存款,2,3,3,True
N22,文仁,113,14,note,2,severance_reserve,,1. 資遣費準備,2,3,3,True
N22,文仁,113,15,note,1,severance_reserve,,依據非營利幼兒園實施辦法之規定，提撥資遣費準備金餘額如下：,2,1,1,True
N22,文仁,113,15,note,2,development_reserve,,2. 業務發展準備,2,3,3,True
N22,文仁,113,15,note,3,development_reserve,,依據非營利幼兒園實施辦法及非營利幼兒園會計財務及經費處理注意事項之規定，提列之業務發展準備金已報經主管機關同意。依該規定，以專戶或定期存款提存之業務發展準備金餘額如下：,2,1,1,True
N22,文仁,113,15,note,4,property,,1. 代管財產,4,1,1,True
N22,文仁,113,15,note,5,property,,1. 代管財產,4,1,1,True
N22,文仁,113,15,note,6,property,,2. 購置財產,4,1,1,True
N22,文仁,113,15,note,7,property,,2. 購置財產,4,1,1,True
N22,文仁,113,16,detail_schedule,1,unrouted,,(四) 收支明細表 1. 教保費收入,2,11,9,True
N22,文仁,113,16,detail_schedule,2,personnel_detail,,(四) 收支明細表 2. 人事費,4,11,11,True
N22,文仁,113,16,detail_schedule,3,personnel_detail,,(四) 收支明細表 2. 人事費,4,5,5,True
N22,文仁,113,17,detail_schedule,1,personnel_detail,,2. 人事費（承前頁）,4,6,6,True
N22,文仁,113,17,detail_schedule,2,operating_detail,,3. 業務費,4,16,16,True
N22,文仁,113,18,detail_schedule,1,unrouted,,,4,16,16,True
N22,文仁,113,18,detail_schedule,2,material_detail,,4. 材料費,4,5,5,True
N22,文仁,113,18,detail_schedule,3,material_detail,,4. 材料費,4,5,5,True
N22,文仁,113,19,detail_schedule,1,maintenance_detail,,5. 維護費及修繕費購置費,4,5,4,True
N22,文仁,113,19,detail_schedule,2,maintenance_detail,,5. 維護費及修繕費購置費,4,1,1,True
N22,文仁,113,19,detail_schedule,3,maintenance_detail,,5. 維護費及修繕費購置費,4,5,4,True
N22,文仁,113,19,detail_schedule,4,maintenance_detail,,5. 維護費及修繕費購置費,4,1,1,True
N22,文仁,113,20,note,1,unrouted,,6. 延長照顧服務收支,2,5,4,True
N22,文仁,113,20,note,2,other_income_expense,,7. 其他收入及其他支出,1,5,0,True
N22,文仁,113,20,note,3,other_income_expense,,7. 其他收入及其他支出,3,4,4,True
N22,文仁,113,20,note,4,other_income_expense,,7. 其他收入及其他支出,3,4,4,True
N22,文仁,113,20,note,5,project_subsidy,,(1) 專案補助收入及支出,3,9,9,True
N22,文仁,113,20,note,6,project_subsidy,,(1) 專案補助收入及支出,3,4,4,True
N22,文仁,113,24,detail_schedule,1,income_by_function,收支餘絀表－功能別,附表一：收支餘絀表-功能別,1,17,14,True
N22,文仁,113,24,detail_schedule,2,income_by_function,,附表一：收支餘絀表-功能別,1,4,4,True
N22,文仁,113,25,detail_schedule,1,budget_transfer,經費流用及勻支檢查表,附表二：經費流用及勻支檢查表,4,32,32,True
N22,文仁,113,26,detail_schedule,1,multiyear_compare,各學年收支預決算比較表,附表三：各學年收支預決算比較表,8,31,31,True
N22,文仁,113,27,detail_schedule,1,unrouted,,,8,33,32,True
N23,菁湖,110,8,equity_change,1,equity_change,淨值變動表,,3,6,5,True
N23,菁湖,110,9,cash_flow,1,cash_flow,現金流量表,,2,24,18,True
N23,菁湖,110,14,note,1,cash_detail,,(一) 現金及銀行存款,2,3,3,True
N23,菁湖,110,14,note,2,severance_reserve,,1. 資遣費準備,2,3,3,True
N23,菁湖,110,14,note,3,severance_reserve,,1. 資遣費準備,2,1,1,True
N23,菁湖,110,14,note,4,development_reserve,,2. 業務發展準備,2,3,2,True
N23,菁湖,110,15,note,1,development_reserve,,業務發展準備金,2,1,1,True
N23,菁湖,110,15,note,2,property,,1. 代管財產,4,1,1,True
N23,菁湖,110,15,note,3,property,,1. 代管財產,4,1,1,True
N23,菁湖,110,15,note,4,property,,2. 購置財產,4,1,1,True
N23,菁湖,110,15,note,5,property,,2. 購置財產,4,1,1,True
N23,菁湖,110,15,note,6,unrouted,,1. 教保費收入,2,10,8,True
N23,菁湖,110,16,detail_schedule,1,personnel_detail,,2. 人事費,4,11,11,True
N23,菁湖,110,16,detail_schedule,2,personnel_detail,,2. 人事費,4,11,11,True
N23,菁湖,110,17,detail_schedule,1,operating_detail,,3. 業務費,4,16,16,True
N23,菁湖,110,17,detail_schedule,2,operating_detail,,3. 業務費,4,16,16,True
N23,菁湖,110,18,detail_schedule,1,material_detail,,4. 材料費,4,5,5,True
N23,菁湖,110,18,detail_schedule,2,material_detail,,4. 材料費,4,5,5,True
N23,菁湖,110,19,detail_schedule,1,maintenance_detail,,5. 維護費,4,4,4,True
N23,菁湖,110,19,detail_schedule,2,maintenance_detail,,5. 維護費,4,4,4,True
N23,菁湖,110,19,detail_schedule,3,other_income_expense,,6. 其他收入及其他支出,3,4,4,True
N23,菁湖,110,19,detail_schedule,4,other_income_expense,,6. 其他收入及其他支出,3,4,4,True
N23,菁湖,110,20,detail_schedule,1,project_subsidy,,(1) 專案補助收入及支出,3,8,8,True
N23,菁湖,110,20,detail_schedule,2,project_subsidy,,(1) 專案補助收入及支出,3,3,3,True
N23,菁湖,110,20,detail_schedule,3,agency_subsidy,,(2) 代收補助收入及支出,3,3,3,True
N23,菁湖,110,20,detail_schedule,4,agency_subsidy,,(2) 代收補助收入及支出,3,4,4,True
N23,菁湖,110,20,detail_schedule,5,agency_passthrough,,(3) 代收代付收入及支出,3,3,3,True
N23,菁湖,110,20,detail_schedule,6,agency_passthrough,,(3) 代收代付收入及支出,3,3,3,True
N23,菁湖,110,23,detail_schedule,1,income_by_function,收支餘絀表－功能別,附表一：收支餘絀表-功能別,1,17,15,True
N23,菁湖,110,23,detail_schedule,2,income_by_function,,附表一：收支餘絀表-功能別,1,4,4,True
N23,菁湖,110,24,detail_schedule,1,budget_transfer,經費流用及勻支檢查表,附表二：經費流用及勻支檢查表,5,30,30,True
N23,菁湖,110,25,detail_schedule,1,multiyear_compare,各學年收支預決算比較表,附表三：各學年收支預決算比較表,8,30,30,True
N23,菁湖,110,26,detail_schedule,1,unrouted,,,8,30,30,True
N23,菁湖,111,8,equity_change,1,equity_change,淨值變動表,,3,7,7,True
N23,菁湖,111,9,cash_flow,1,cash_flow,現金流量表,,2,23,16,True
N23,菁湖,111,14,note,1,cash_detail,,(一) 現金及銀行存款,2,3,3,True
N23,菁湖,111,14,note,2,severance_reserve,,"(二) 各項基金及準備
1. 資遣費準備",2,4,4,True
N23,菁湖,111,14,note,3,severance_reserve,,"(二) 各項基金及準備
1. 資遣費準備",2,1,1,True
N23,菁湖,111,14,note,4,development_reserve,,"(二) 各項基金及準備
2. 業務發展準備",2,3,3,True
N23,菁湖,111,15,note,1,development_reserve,,業務發展準備金,2,1,1,True
N23,菁湖,111,15,note,2,property,,1. 代管財產,4,1,1,True
N23,菁湖,111,15,note,3,property,,1. 代管財產,4,1,1,True
N23,菁湖,111,15,note,4,property,,2. 購置財產,4,1,1,True
N23,菁湖,111,15,note,5,property,,2. 購置財產,4,1,1,True
N23,菁湖,111,15,note,6,unrouted,,1. 教保費收入,2,11,9,True
N23,菁湖,111,16,detail_schedule,1,personnel_detail,,2. 人事費,4,11,11,True
N23,菁湖,111,16,detail_schedule,2,personnel_detail,,2. 人事費,4,11,11,True
N23,菁湖,111,17,detail_schedule,1,operating_detail,,3. 業務費,4,16,16,True
N23,菁湖,111,17,detail_schedule,2,operating_detail,,3. 業務費,4,16,16,True
N23,菁湖,111,18,detail_schedule,1,material_detail,,4. 材料費,4,5,5,True
N23,菁湖,111,18,detail_schedule,2,material_detail,,4. 材料費,4,5,5,True
N23,菁湖,111,18,detail_schedule,3,maintenance_detail,,5. 維護費,4,4,4,True
N23,菁湖,111,19,note,1,other_income_expense,,6. 其他收入及其他支出,3,4,4,True
N23,菁湖,111,19,note,2,other_income_expense,,6. 其他收入及其他支出,3,4,4,True
N23,菁湖,111,19,note,3,other_income_expense,,6. 其他收入及其他支出,3,4,4,True
N23,菁湖,111,19,note,4,project_subsidy,,(1) 專案補助收入及支出,3,10,10,True
N23,菁湖,111,23,detail_schedule,1,income_by_function,收支餘絀表－功能別,附表一：收支餘絀表-功能別,1,17,14,True
N23,菁湖,111,23,detail_schedule,2,income_by_function,,附表一：收支餘絀表-功能別,1,4,4,True
N23,菁湖,111,24,detail_schedule,1,budget_transfer,經費流用及勻支檢查表,附表二：經費流用及勻支檢查表,5,30,30,True
N23,菁湖,111,25,detail_schedule,1,multiyear_compare,各學年收支預決算比較表,附表三：各學年收支預決算比較表,12,30,30,True
N23,菁湖,111,26,detail_schedule,1,unrouted,,,12,31,31,True
N23,菁湖,112,8,equity_change,1,equity_change,淨值變動表,,3,7,7,True
N23,菁湖,112,9,cash_flow,1,cash_flow,現金流量表,,2,19,13,True
N23,菁湖,112,14,note,1,cash_detail,,(一) 現金及銀行存款,2,3,3,True
N23,菁湖,112,14,note,2,severance_reserve,,1. 資遣費準備,2,4,4,True
N23,菁湖,112,14,note,3,severance_reserve,,1. 資遣費準備,2,1,1,True
N23,菁湖,112,14,note,4,development_reserve,,2. 業務發展準備,2,3,3,True
N23,菁湖,112,15,note,1,development_reserve,,業務發展準備金,2,1,1,True
N23,菁湖,112,15,note,2,property,,(三) 營運資產 1. 代管財產,4,1,1,True
N23,菁湖,112,15,note,3,property,,(三) 營運資產 1. 代管財產,4,1,1,True
N23,菁湖,112,15,note,4,property,,(三) 營運資產 2. 購置財產,4,1,1,True
N23,菁湖,112,15,note,5,property,,(三) 營運資產 2. 購置財產,4,1,1,True
N23,菁湖,112,15,note,6,unrouted,,(四) 收支明細表 1. 教保費收入,2,4,3,True
N23,菁湖,112,16,detail_schedule,1,unrouted,,教保費收入減項,2,7,6,True
N23,菁湖,112,16,detail_schedule,2,personnel_detail,,2. 人事費,4,11,11,True
N23,菁湖,112,16,detail_schedule,3,personnel_detail,,2. 人事費,4,11,11,True
N23,菁湖,112,17,detail_schedule,1,operating_detail,,3. 業務費,4,16,16,True
N23,菁湖,112,17,detail_schedule,2,operating_detail,,3. 業務費,4,8,8,True
N23,菁湖,112,18,detail_schedule,1,unrouted,,,4,8,8,True
N23,菁湖,112,18,detail_schedule,2,material_detail,,4. 材料費,4,5,5,True
N23,菁湖,112,18,detail_schedule,3,material_detail,,4. 材料費,4,5,5,True
N23,菁湖,112,19,note,1,maintenance_detail,,5. 維護費,4,4,4,True
N23,菁湖,112,19,note,2,maintenance_detail,,5. 維護費,4,4,4,True
N23,菁湖,112,19,note,3,unrouted,,6. 延長照顧服務收支,2,5,4,True
N23,菁湖,112,19,note,4,other_income_expense,,7. 其他收入及其他支出,3,4,4,True
N23,菁湖,112,20,detail_schedule,1,agency_passthrough,,(3) 代收代付收入及支出,3,4,4,True
N23,菁湖,112,20,detail_schedule,2,project_subsidy,,(1) 專案補助收入及支出,3,7,7,True
N23,菁湖,112,20,detail_schedule,3,project_subsidy,,(1) 專案補助收入及支出,3,10,10,True
N23,菁湖,112,20,detail_schedule,4,agency_subsidy,,(2) 代收補助收入及支出,3,5,5,True
N23,菁湖,112,23,detail_schedule,1,income_by_function,收支餘絀表－功能別,附表一：收支餘絀表-功能別,1,17,14,True
N23,菁湖,112,23,detail_schedule,2,income_by_function,,附表一：收支餘絀表-功能別,1,4,4,True
N23,菁湖,112,24,detail_schedule,1,budget_transfer,經費流用及勻支檢查表,附表二：經費流用及勻支檢查表,5,30,30,True
N23,菁湖,112,25,detail_schedule,1,multiyear_compare,各學年收支預決算比較表,附表三：各學年收支預決算比較表,16,26,26,True
N23,菁湖,112,26,detail_schedule,1,unrouted,,,16,35,35,True
N23,菁湖,113,8,equity_change,1,equity_change,淨值變動表,,3,7,7,True
N23,菁湖,113,9,cash_flow,1,cash_flow,現金流量表,,2,20,14,True
N23,菁湖,113,14,note,1,cash_detail,,(一) 現金及銀行存款,2,3,3,True
N23,菁湖,113,14,note,2,severance_reserve,,1. 資遣費準備,2,3,3,True
N23,菁湖,113,15,note,1,severance_reserve,,依據非營利幼兒園實施辦法之規定，提撥資遣費準備金餘額如下：,2,1,1,True
N23,菁湖,113,15,note,2,development_reserve,,2. 業務發展準備,2,3,3,True
N23,菁湖,113,15,note,3,development_reserve,,依據非營利幼兒園實施辦法及非營利幼兒園會計財務及經費處理注意事項之規定，提列之業務發展準備金已報經主管機關同意。依該規定，以專戶或定期存款提存之業務發展準備金餘額如下：,2,1,1,True
N23,菁湖,113,15,note,4,property,,1. 代管財產,4,1,1,True
N23,菁湖,113,15,note,5,property,,1. 代管財產,4,1,1,True
N23,菁湖,113,15,note,6,property,,2. 購置財產,4,1,1,True
N23,菁湖,113,15,note,7,property,,2. 購置財產,4,1,1,True
N23,菁湖,113,16,detail_schedule,1,unrouted,,(四) 收支明細表 1. 教保費收入,2,11,9,True
N23,菁湖,113,16,detail_schedule,2,personnel_detail,,(四) 收支明細表 2. 人事費,4,11,11,True
N23,菁湖,113,16,detail_schedule,3,personnel_detail,,(四) 收支明細表 2. 人事費,4,5,5,True
N23,菁湖,113,17,detail_schedule,1,personnel_detail,,人事費明細（續）,4,6,6,True
N23,菁湖,113,17,detail_schedule,2,operating_detail,,3. 業務費,4,16,16,True
N23,菁湖,113,18,detail_schedule,1,unrouted,,,4,16,16,True
N23,菁湖,113,18,detail_schedule,2,material_detail,材料費,4. 材料費,4,5,5,True
N23,菁湖,113,18,detail_schedule,3,material_detail,材料費,4. 材料費,4,5,5,True
N23,菁湖,113,19,detail_schedule,1,maintenance_detail,,5. 維護費及修繕購置費,4,5,4,True
N23,菁湖,113,19,detail_schedule,2,maintenance_detail,,5. 維護費及修繕購置費,4,1,1,True
N23,菁湖,113,19,detail_schedule,3,maintenance_detail,,5. 維護費及修繕購置費,4,5,4,True
N23,菁湖,113,19,detail_schedule,4,maintenance_detail,,5. 維護費及修繕購置費,4,1,1,True
N23,菁湖,113,20,note,1,unrouted,,6. 延長照顧服務收支,2,5,3,True
N23,菁湖,113,20,note,2,other_income_expense,,7. 其他收入及其他支出,3,4,4,True
N23,菁湖,113,20,note,3,other_income_expense,,7. 其他收入及其他支出,3,4,4,True
N23,菁湖,113,20,note,4,project_subsidy,,(1) 專案補助收入及支出,3,7,7,True
N23,菁湖,113,20,note,5,project_subsidy,,(1) 專案補助收入及支出,3,7,7,True
N23,菁湖,113,24,detail_schedule,1,income_by_function,收支餘絀表-功能別,附表一：收支餘絀表-功能別,1,17,14,True
N23,菁湖,113,24,detail_schedule,2,income_by_function,,附表一：收支餘絀表-功能別,2,4,4,True
N23,菁湖,113,25,detail_schedule,1,budget_transfer,經費流用及勻支檢查表,附表二：經費流用及勻支檢查表,4,30,30,True
N23,菁湖,113,26,detail_schedule,1,multiyear_compare,各學年收支預決算比較表,附表三：各學年收支預決算比較表,4,32,31,True
N23,菁湖,113,27,detail_schedule,1,unrouted,,,4,29,28,True
N24,佳林,110,7,equity_change,1,equity_change,淨值變動表,,3,3,2,True
N24,佳林,110,8,cash_flow,1,cash_flow,現金流量表,,1,18,10,True
N24,佳林,110,13,note,1,cash_detail,,(一) 現金及銀行存款,1,3,3,True
N24,佳林,110,13,note,2,severance_reserve,,1. 資遣費準備,1,3,2,True
N24,佳林,110,13,note,3,severance_reserve,,1. 資遣費準備,1,1,1,True
N24,佳林,110,13,note,4,development_reserve,,2. 業務發展準備,1,3,2,True
N24,佳林,110,13,note,5,development_reserve,,2. 業務發展準備,1,1,1,True
N24,佳林,110,14,detail_schedule,1,property,,(三) 營運資產 1. 代管財產,4,1,1,True
N24,佳林,110,14,detail_schedule,2,property,,(三) 營運資產 2. 購置財產,4,1,1,True
N24,佳林,110,14,detail_schedule,3,unrouted,收支明細表,(四) 收支明細表 1. 教保費收入,1,9,7,True
N24,佳林,110,14,detail_schedule,4,personnel_detail,,(四) 收支明細表 2. 人事費,4,11,11,True
N24,佳林,110,15,detail_schedule,1,operating_detail,,3. 業務費,4,16,16,True
N24,佳林,110,15,detail_schedule,2,material_detail,,4. 材料費,4,5,5,True
N24,佳林,110,16,detail_schedule,1,maintenance_detail,,5.　維護費,4,4,4,True
N24,佳林,110,16,detail_schedule,2,other_income_expense,,6.　其他收入及其他支出,3,4,4,True
N24,佳林,110,16,detail_schedule,3,project_subsidy,,(1) 專案補助收入及支出,3,8,8,True
N24,佳林,110,19,detail_schedule,1,income_by_function,收支餘絀表－功能別,附表一：收支餘絀表-功能別,1,17,15,True
N24,佳林,110,19,detail_schedule,2,income_by_function,,附表一：收支餘絀表-功能別,1,4,4,True
N24,佳林,110,20,detail_schedule,1,budget_transfer,經費流用及勻支檢查表,附表二：經費流用及勻支檢查表,4,30,30,True
N24,佳林,110,21,detail_schedule,1,multiyear_compare,各學年收支預決算比較表,附表三：各學年收支預決算比較表,4,34,34,True
N24,佳林,110,22,detail_schedule,1,unrouted,,,4,26,26,True
N24,佳林,111,8,equity_change,1,equity_change,淨值變動表,,3,6,5,True
N24,佳林,111,9,cash_flow,1,cash_flow,現金流量表,,2,19,12,True
N24,佳林,111,14,note,1,cash_detail,,(一) 現金及銀行存款,2,3,3,True
N24,佳林,111,14,note,2,severance_reserve,,1. 資遣費準備,2,3,3,True
N24,佳林,111,14,note,3,severance_reserve,,1. 資遣費準備,2,1,1,True
N24,佳林,111,14,note,4,development_reserve,,2. 業務發展準備,2,3,3,True
N24,佳林,111,15,note,1,unrouted,,,2,1,1,True
N24,佳林,111,15,note,2,unrouted,,(三) 營運資產,4,2,1,True
N24,佳林,111,15,note,3,unrouted,,(三) 營運資產,4,2,1,True
N24,佳林,111,15,note,4,property,,2. 購置財產,4,2,1,True
N24,佳林,111,15,note,5,property,,2. 購置財產,4,2,1,True
N24,佳林,111,15,note,6,unrouted,,1. 教保費收入,2,10,8,True
N24,佳林,111,16,detail_schedule,1,personnel_detail,,2. 人事費,4,11,11,True
N24,佳林,111,16,detail_schedule,2,personnel_detail,,2. 人事費,4,11,11,True
N24,佳林,111,17,detail_schedule,1,operating_detail,,3. 業務費,4,16,16,True
N24,佳林,111,17,detail_schedule,2,operating_detail,,3. 業務費,4,16,16,True
N24,佳林,111,18,detail_schedule,1,material_detail,,4. 材料費,4,5,5,True
N24,佳林,111,18,detail_schedule,2,material_detail,,4. 材料費,4,5,5,True
N24,佳林,111,18,detail_schedule,3,maintenance_detail,,5. 維護費,4,4,4,True
N24,佳林,111,18,detail_schedule,4,maintenance_detail,,5. 維護費,4,4,4,True
N24,佳林,111,19,note,1,other_income_expense,,6. 其他收入及其他支出,3,4,4,True
N24,佳林,111,19,note,2,other_income_expense,,6. 其他收入及其他支出,3,4,4,True
N24,佳林,111,19,note,3,project_subsidy,,(1) 專案補助收入及支出,3,11,11,True
N24,佳林,111,23,detail_schedule,1,income_by_function,收支餘絀表－功能別,附表一：收支餘絀表-功能別,1,17,15,True
N24,佳林,111,23,detail_schedule,2,unrouted,,"補充說明：教保費收支淨額金額為1,864,482元，分析如下：",1,4,4,True
N24,佳林,111,24,detail_schedule,1,budget_transfer,經費流用及勻支檢查表,附表二：經費流用及勻支檢查表,5,30,30,True
N24,佳林,112,8,equity_change,1,equity_change,淨值變動表,,3,7,7,True
N24,佳林,112,9,cash_flow,1,cash_flow,現金流量表,,2,17,10,True
N24,佳林,112,14,note,1,cash_detail,,(一) 現金及銀行存款,2,3,3,True
N24,佳林,112,14,note,2,severance_reserve,,1. 資遣費準備,2,3,3,True
N24,佳林,112,14,note,3,severance_reserve,,1. 資遣費準備,2,1,1,True
N24,佳林,112,15,note,1,development_reserve,,2. 業務發展準備,2,3,3,True
N24,佳林,112,15,note,2,development_reserve,,2. 業務發展準備,2,1,1,True
N24,佳林,112,15,note,3,property,,1. 代管財產,4,1,1,True
N24,佳林,112,15,note,4,property,,1. 代管財產,4,1,1,True
N24,佳林,112,15,note,5,property,,2. 購置財產,4,1,1,True
N24,佳林,112,15,note,6,property,,2. 購置財產,4,1,1,True
N24,佳林,112,16,detail_schedule,1,unrouted,,(四) 收支明細表 1. 教保費收入,2,10,8,True
N24,佳林,112,16,detail_schedule,2,personnel_detail,,(四) 收支明細表 2. 人事費,4,11,11,True
N24,佳林,112,16,detail_schedule,3,personnel_detail,,(四) 收支明細表 2. 人事費,4,6,6,True
N24,佳林,112,17,detail_schedule,1,unrouted,,,4,5,5,True
N24,佳林,112,17,detail_schedule,2,operating_detail,,3. 業務費,4,16,16,True
N24,佳林,112,18,detail_schedule,1,operating_detail,,3. 業務費（續）,4,16,16,True
N24,佳林,112,18,detail_schedule,2,material_detail,4. 材料費,4. 材料費,4,5,5,True
N24,佳林,112,18,detail_schedule,3,material_detail,,4. 材料費,4,5,5,True
N24,佳林,112,19,note,1,maintenance_detail,,5. 維護費,4,4,4,True
N24,佳林,112,19,note,2,maintenance_detail,,5. 維護費,4,4,4,True
N24,佳林,112,19,note,3,unrouted,,6. 延長照顧服務收支,2,5,5,True
N24,佳林,112,20,note,1,other_income_expense,,7. 其他收入及其他支出,3,4,4,True
N24,佳林,112,20,note,2,other_income_expense,,7. 其他收入及其他支出,3,4,4,True
N24,佳林,112,20,note,3,project_subsidy,,(1) 專案補助收入及支出,3,7,7,True
N24,佳林,112,20,note,4,project_subsidy,,(1) 專案補助收入及支出,3,11,11,True
N24,佳林,112,23,detail_schedule,1,income_by_function,收支餘絀表－功能別,附表一：收支餘絀表-功能別,1,17,14,True
N24,佳林,112,23,detail_schedule,2,income_by_function,,附表一：收支餘絀表-功能別,1,4,4,True
N24,佳林,112,24,detail_schedule,1,budget_transfer,經費流用及勻支檢查表,附表二：經費流用及勻支檢查表,4,30,30,True
N24,佳林,112,25,detail_schedule,1,multiyear_compare,各學年收支預決算比較表,附表三：各學年收支預決算比較表,12,31,31,True
N24,佳林,112,26,detail_schedule,1,unrouted,,,12,31,31,True
N24,佳林,113,8,equity_change,1,equity_change,淨值變動表,,3,7,7,True
N24,佳林,113,9,cash_flow,1,cash_flow,現金流量表,,2,19,12,True
N24,佳林,113,14,note,1,cash_detail,,(一) 現金及銀行存款,2,3,3,True
N24,佳林,113,14,note,2,severance_reserve,,1. 資遣費準備,2,3,3,True
N24,佳林,113,14,note,3,severance_reserve,,1. 資遣費準備,2,1,1,True
N24,佳林,113,15,note,1,development_reserve,,2. 業務發展準備,2,3,3,True
N24,佳林,113,15,note,2,development_reserve,,2. 業務發展準備,2,1,1,True
N24,佳林,113,15,note,3,property,,1. 代管財產,4,1,1,True
N24,佳林,113,15,note,4,property,,1. 代管財產,4,1,1,True
N24,佳林,113,15,note,5,property,,2. 購置財產,4,1,1,True
N24,佳林,113,15,note,6,property,,2. 購置財產,4,1,1,True
N24,佳林,113,16,detail_schedule,1,unrouted,,(四) 收支明細表 1. 教保費收入,2,10,8,True
N24,佳林,113,16,detail_schedule,2,personnel_detail,,(四) 收支明細表 2. 人事費,4,12,12,True
N24,佳林,113,16,detail_schedule,3,personnel_detail,,(四) 收支明細表 2. 人事費,4,4,4,True
N24,佳林,113,17,detail_schedule,1,personnel_detail,,人事費明細（延續）,4,8,8,True
N24,佳林,113,17,detail_schedule,2,operating_detail,,3. 業務費,4,16,16,True
N24,佳林,113,18,detail_schedule,1,operating_detail,,3. 業務費（續）,4,16,16,True
N24,佳林,113,18,detail_schedule,2,material_detail,,4. 材料費,4,5,5,True
N24,佳林,113,18,detail_schedule,3,material_detail,,4. 材料費,4,5,5,True
N24,佳林,113,19,detail_schedule,1,maintenance_detail,,5. 維護費及修繕購置費,4,5,4,True
N24,佳林,113,19,detail_schedule,2,maintenance_detail,,5. 維護費及修繕購置費,4,1,1,True
N24,佳林,113,19,detail_schedule,3,maintenance_detail,,5. 維護費及修繕購置費,4,5,4,True
N24,佳林,113,19,detail_schedule,4,maintenance_detail,,5. 維護費及修繕購置費,4,1,1,True
N24,佳林,113,20,note,1,unrouted,,6. 延長照顧服務收支,2,5,5,True
N24,佳林,113,20,note,2,other_income_expense,,7. 其他收入及其他支出,3,4,4,True
N24,佳林,113,20,note,3,other_income_expense,,7. 其他收入及其他支出,3,4,4,True
N24,佳林,113,20,note,4,project_subsidy,,(1) 專案補助收入及支出,3,9,9,True
N24,佳林,113,20,note,5,project_subsidy,,(1) 專案補助收入及支出,3,4,4,True
N24,佳林,113,24,income_statement,1,income_by_function,收支餘絀表－功能別,附表一：收支餘絀表-功能別,1,17,16,True
N24,佳林,113,24,income_statement,2,unrouted,,補充說明：,1,4,4,True
N24,佳林,113,25,detail_schedule,1,budget_transfer,經費流用及勻支檢查表,附表二：經費流用及勻支檢查表,5,30,30,True
N25,碧城,110,7,equity_change,1,equity_change,淨值變動表,,3,3,2,True
N25,碧城,110,8,cash_flow,1,cash_flow,現金流量表,,1,18,11,True
N25,碧城,110,13,note,1,cash_detail,,(一) 現金及銀行存款,1,3,3,True
N25,碧城,110,13,note,2,severance_reserve,,1. 資遣費準備,1,3,2,True
N25,碧城,110,13,note,3,severance_reserve,,1. 資遣費準備,1,1,1,True
N25,碧城,110,13,note,4,development_reserve,,2. 業務發展準備,1,3,2,True
N25,碧城,110,13,note,5,development_reserve,,2. 業務發展準備,1,1,1,True
N25,碧城,110,14,detail_schedule,1,property,,"(三) 營運資產
1. 代管財產",4,1,1,True
N25,碧城,110,14,detail_schedule,2,property,,"(三) 營運資產
2. 購置財產",4,1,1,True
N25,碧城,110,14,detail_schedule,3,unrouted,教保費收入,"(四) 收支明細表
1. 教保費收入",1,9,7,True
N25,碧城,110,14,detail_schedule,4,personnel_detail,,"(四) 收支明細表
2. 人事費",4,8,8,True
N25,碧城,110,15,detail_schedule,1,personnel_detail,,人事費,4,4,4,True
N25,碧城,110,15,detail_schedule,2,operating_detail,,3. 業務費,4,16,16,True
N25,碧城,110,16,detail_schedule,1,material_detail,,4. 材料費,4,5,5,True
N25,碧城,110,16,detail_schedule,2,maintenance_detail,,5. 維護費,4,4,4,True
N25,碧城,110,16,detail_schedule,3,other_income_expense,,6. 其他收入及其他支出,3,4,4,True
N25,碧城,110,19,detail_schedule,1,income_by_function,收支餘絀表-功能別,附表一：收支餘絀表-功能別,1,17,14,True
N25,碧城,110,19,detail_schedule,2,unrouted,,補充說明：,1,4,4,True
N25,碧城,110,20,detail_schedule,1,budget_transfer,經費流用及勻支檢查表,附表二：經費流用及勻支檢查表,4,30,30,True
N25,碧城,110,21,detail_schedule,1,multiyear_compare,各學年收支預決算比較表,附表三：各學年收支預決算比較表,4,33,33,True
N25,碧城,110,22,detail_schedule,1,unrouted,,,4,27,26,True
N25,碧城,111,8,equity_change,1,equity_change,淨值變動表,,3,6,5,True
N25,碧城,111,9,cash_flow,1,cash_flow,現金流量表,,2,20,14,True
N25,碧城,111,14,note,1,cash_detail,,(一) 現金及銀行存款,2,3,3,True
N25,碧城,111,14,note,2,severance_reserve,,1. 資遣費準備,2,4,4,True
N25,碧城,111,14,note,3,severance_reserve,,1. 資遣費準備,2,1,1,True
N25,碧城,111,14,note,4,development_reserve,,2. 業務發展準備,2,3,3,True
N25,碧城,111,15,note,1,development_reserve,,業務發展準備金,2,1,1,True
N25,碧城,111,15,note,2,property,,(三) 營運資產 1. 代管財產,4,1,1,True
N25,碧城,111,15,note,3,property,,(三) 營運資產 1. 代管財產,4,1,1,True
N25,碧城,111,15,note,4,property,,(三) 營運資產 2. 購置財產,4,1,1,True
N25,碧城,111,15,note,5,property,,(三) 營運資產 2. 購置財產,4,1,1,True
N25,碧城,111,15,note,6,unrouted,,(四) 收支明細表 1. 教保費收入,2,10,8,True
N25,碧城,111,16,detail_schedule,1,personnel_detail,,2. 人事費,4,12,12,True
N25,碧城,111,16,detail_schedule,2,personnel_detail,,2. 人事費,4,12,12,True
N25,碧城,111,17,detail_schedule,1,operating_detail,,3. 業務費,4,16,16,True
N25,碧城,111,17,detail_schedule,2,operating_detail,,3. 業務費,4,16,16,True
N25,碧城,111,18,detail_schedule,1,material_detail,,4. 材料費,4,5,5,True
N25,碧城,111,18,detail_schedule,2,material_detail,,4. 材料費,4,5,5,True
N25,碧城,111,19,detail_schedule,1,maintenance_detail,,5. 維護費,4,4,4,True
N25,碧城,111,19,detail_schedule,2,maintenance_detail,,5. 維護費,4,4,4,True
N25,碧城,111,19,detail_schedule,3,other_income_expense,,6. 其他收入及其他支出,3,4,4,True
N25,碧城,111,19,detail_schedule,4,other_income_expense,,6. 其他收入及其他支出,3,4,4,True
N25,碧城,111,20,detail_schedule,1,project_subsidy,,(1) 專案補助收入及支出,3,10,10,True
N25,碧城,111,20,detail_schedule,2,project_subsidy,,(1) 專案補助收入及支出,3,6,6,True
N25,碧城,111,20,detail_schedule,3,agency_subsidy,,(2) 代收補助收入及支出,3,3,3,True
N25,碧城,111,20,detail_schedule,4,agency_subsidy,,(2) 代收補助收入及支出,3,3,3,True
N25,碧城,111,20,detail_schedule,5,agency_passthrough,,(3) 代收代付收入及支出,3,1,1,True
N25,碧城,111,23,detail_schedule,1,income_by_function,收支餘絀表－功能別,附表一：收支餘絀表-功能別,1,17,15,True
N25,碧城,111,23,detail_schedule,2,income_by_function,,附表一：收支餘絀表-功能別,1,4,4,True
N25,碧城,111,24,detail_schedule,1,budget_transfer,經費流用及勻支檢查表,附表二：經費流用及勻支檢查表,4,30,30,True
N25,碧城,111,25,detail_schedule,1,multiyear_compare,各學年收支預決算比較表,附表三：各學年收支預決算比較表,8,29,29,True
N25,碧城,111,26,detail_schedule,1,unrouted,,,8,32,31,True
N25,碧城,112,8,equity_change,1,equity_change,淨值變動表,,3,7,7,True
N25,碧城,112,9,cash_flow,1,cash_flow,現金流量表,,2,20,14,True
N25,碧城,112,14,note,1,cash_detail,,(一) 現金及銀行存款,2,3,3,True
N25,碧城,112,14,note,2,severance_reserve,,1. 資遣費準備,2,4,4,True
N25,碧城,112,14,note,3,severance_reserve,,1. 資遣費準備,2,1,1,True
N25,碧城,112,15,note,1,development_reserve,,2. 業務發展準備,2,3,3,True
N25,碧城,112,15,note,2,development_reserve,,2. 業務發展準備,2,1,1,True
N25,碧城,112,15,note,3,property,,1. 代管財產,4,1,1,True
N25,碧城,112,15,note,4,property,,1. 代管財產,4,1,1,True
N25,碧城,112,15,note,5,property,,2. 購置財產,4,1,1,True
N25,碧城,112,15,note,6,property,,2. 購置財產,4,1,1,True
N25,碧城,112,16,detail_schedule,1,unrouted,,(四) 收支明細表 1. 教保費收入,2,10,8,True
N25,碧城,112,16,detail_schedule,2,personnel_detail,,(四) 收支明細表 2. 人事費,4,12,12,True
N25,碧城,112,16,detail_schedule,3,personnel_detail,,(四) 收支明細表 2. 人事費,4,2,2,True
N25,碧城,112,17,detail_schedule,1,personnel_detail,,人事費明細,4,10,10,True
N25,碧城,112,17,detail_schedule,2,operating_detail,,3. 業務費,4,16,16,True
N25,碧城,112,18,detail_schedule,1,unrouted,,,4,16,16,True
N25,碧城,112,18,detail_schedule,2,material_detail,材料費,4. 材料費,4,5,5,True
N25,碧城,112,19,detail_schedule,1,material_detail,,4. 材料費（頁面延續）,4,5,5,True
N25,碧城,112,19,detail_schedule,2,maintenance_detail,,5. 維護費,4,4,4,True
N25,碧城,112,19,detail_schedule,3,maintenance_detail,,5. 維護費,4,4,4,True
N25,碧城,112,20,note,1,unrouted,,6. 延長照顧服務收支,2,5,4,True
N25,碧城,112,20,note,2,other_income_expense,,7. 其他收入及其他支出,3,4,4,True
N25,碧城,112,20,note,3,other_income_expense,,7. 其他收入及其他支出,3,4,4,True
N25,碧城,112,20,note,4,project_subsidy,,(1) 專案補助收入及支出,3,7,7,True
N25,碧城,112,20,note,5,project_subsidy,,(1) 專案補助收入及支出,3,5,5,True
N25,碧城,112,24,detail_schedule,1,income_by_function,收支餘絀表-功能別,附表一：收支餘絀表-功能別,1,17,14,True
N25,碧城,112,24,detail_schedule,2,income_by_function,,附表一：收支餘絀表-功能別,1,4,4,True
N25,碧城,112,25,detail_schedule,1,budget_transfer,經費流用及勻支檢查表,附表二：經費流用及勻支檢查表,4,30,30,True
N25,碧城,112,26,detail_schedule,1,multiyear_compare,各學年收支預決算比較表,附表三：各學年收支預決算比較表,12,31,31,True
N25,碧城,112,27,detail_schedule,1,unrouted,,,12,30,29,True
N25,碧城,113,8,equity_change,1,equity_change,淨值變動表,,3,7,7,True
N25,碧城,113,9,cash_flow,1,cash_flow,現金流量表,,2,20,14,True
N25,碧城,113,14,note,1,cash_detail,,(一) 現金及銀行存款,2,3,3,True
N25,碧城,113,14,note,2,severance_reserve,,1. 資遣費準備,2,4,4,True
N25,碧城,113,14,note,3,severance_reserve,,1. 資遣費準備,2,1,1,True
N25,碧城,113,15,note,1,development_reserve,,2. 業務發展準備,2,4,4,True
N25,碧城,113,15,note,2,development_reserve,,2. 業務發展準備,2,1,1,True
N25,碧城,113,15,note,3,property,,1. 代管財產,4,1,1,True
N25,碧城,113,15,note,4,property,,1. 代管財產,4,1,1,True
N25,碧城,113,15,note,5,property,,2. 購置財產,4,1,1,True
N25,碧城,113,15,note,6,property,,2. 購置財產,4,1,1,True
N25,碧城,113,16,detail_schedule,1,unrouted,教保費收入,(四) 收支明細表,2,11,9,True
N25,碧城,113,16,detail_schedule,2,personnel_detail,人事費,(四) 收支明細表,4,12,12,True
N25,碧城,113,17,detail_schedule,1,unrouted,,,4,12,12,True
N25,碧城,113,18,detail_schedule,1,operating_detail,,3. 業務費,4,16,16,True
N25,碧城,113,18,detail_schedule,2,operating_detail,,3. 業務費,4,16,16,True
N25,碧城,113,19,detail_schedule,1,material_detail,,4. 材料費,4,5,5,True
N25,碧城,113,19,detail_schedule,2,material_detail,,4. 材料費,4,5,5,True
N25,碧城,113,20,detail_schedule,1,maintenance_detail,,5. 維護費及修繕購置費,4,5,4,True
N25,碧城,113,20,detail_schedule,2,maintenance_detail,,5. 維護費及修繕購置費,4,1,1,True
N25,碧城,113,20,detail_schedule,3,maintenance_detail,,5. 維護費及修繕購置費,4,5,4,True
N25,碧城,113,20,detail_schedule,4,maintenance_detail,,5. 維護費及修繕購置費,4,1,1,True
N25,碧城,113,20,detail_schedule,5,unrouted,,6. 延長照顧服務收支,2,5,4,True
N25,碧城,113,21,note,1,other_income_expense,,7. 其他收入及其他支出,3,4,4,True
N25,碧城,113,21,note,2,other_income_expense,,7. 其他收入及其他支出,3,4,4,True
N25,碧城,113,21,note,3,project_subsidy,,(1) 專案補助收入及支出,3,8,8,True
N25,碧城,113,21,note,4,project_subsidy,,(1) 專案補助收入及支出,3,7,7,True
N25,碧城,113,21,note,5,agency_subsidy,,(2) 代收補助收入及支出,3,1,1,True
N25,碧城,113,25,detail_schedule,1,income_by_function,收支餘絀表-功能別,附表一：收支餘絀表-功能別,1,18,17,True
N25,碧城,113,25,detail_schedule,2,income_by_function,,附表一：收支餘絀表-功能別,1,4,4,True
N25,碧城,113,26,detail_schedule,1,budget_transfer,經費流用及勻支檢查表,附表二：經費流用及勻支檢查表,4,30,30,True
N25,碧城,113,27,detail_schedule,1,unrouted,各學年收支預算比較表,附表三：各學年收支預算比較表,16,27,27,True
N25,碧城,113,28,detail_schedule,1,unrouted,,,16,36,36,True
N26,新店及人,110,7,equity_change,1,unrouted,,,3,3,2,True
N26,新店及人,110,8,cash_flow,1,unrouted,,,1,19,11,True
N26,新店及人,110,13,note,1,cash_detail,,(一) 現金及銀行存款,1,3,3,True
N26,新店及人,110,13,note,2,unrouted,,1. 資遺費準備,1,3,2,True
N26,新店及人,110,13,note,3,unrouted,,1. 資遺費準備,1,1,0,True
N26,新店及人,110,13,note,4,development_reserve,,2. 業務發展準備,1,3,2,True
N26,新店及人,110,13,note,5,development_reserve,,2. 業務發展準備,1,1,0,True
N26,新店及人,110,14,detail_schedule,1,property,,(三) 營運資產 1. 代管財產,4,1,1,True
N26,新店及人,110,14,detail_schedule,2,property,,(三) 營運資產 2. 購置財產,4,1,1,True
N26,新店及人,110,14,detail_schedule,3,unrouted,教保費收入,(四) 收支明細表 1. 教保費收入,1,10,8,True
N26,新店及人,110,14,detail_schedule,4,personnel_detail,,(四) 收支明細表 2. 人事費,4,7,7,True
N26,新店及人,110,15,detail_schedule,1,personnel_detail,,2. 人事費（續）,4,5,5,True
N26,新店及人,110,15,detail_schedule,2,operating_detail,,3. 業務費,4,16,16,True
N26,新店及人,110,16,detail_schedule,1,material_detail,材料費,4. 材料費,4,5,5,True
N26,新店及人,110,16,detail_schedule,2,maintenance_detail,維護費,5. 維護費,4,4,4,True
N26,新店及人,110,16,detail_schedule,3,other_income_expense,,6. 其他收入及其他支出,3,4,4,True
N26,新店及人,110,19,detail_schedule,1,income_by_function,收支餘絀表－功能別,附表一：收支餘絀表-功能別,1,17,15,True
N26,新店及人,110,19,detail_schedule,2,income_by_function,,附表一：收支餘絀表-功能別,1,4,4,True
N26,新店及人,110,20,detail_schedule,1,budget_transfer,經費流用及勻支檢查表,附表二：經費流用及勻支檢查表,4,30,30,True
N26,新店及人,110,21,detail_schedule,1,multiyear_compare,各學年收支預決算比較表,附表三：各學年收支預決算比較表,4,33,33,True
N26,新店及人,110,22,detail_schedule,1,unrouted,,,4,28,27,True
N26,新店及人,111,8,equity_change,1,equity_change,淨值變動表,,3,6,5,True
N26,新店及人,111,9,cash_flow,1,cash_flow,現金流量表,,2,20,13,True
N26,新店及人,111,14,note,1,cash_detail,,(一) 現金及銀行存款,2,3,3,True
N26,新店及人,111,14,note,2,severance_reserve,,1. 資遣費準備,2,3,3,True
N26,新店及人,111,14,note,3,severance_reserve,,1. 資遣費準備,2,1,1,True
N26,新店及人,111,14,note,4,development_reserve,,2. 業務發展準備,2,3,3,True
N26,新店及人,111,15,detail_schedule,1,development_reserve,,業務發展準備金,2,1,1,True
N26,新店及人,111,15,detail_schedule,2,unrouted,,(三) 營運資產,4,1,1,True
N26,新店及人,111,15,detail_schedule,3,unrouted,,(三) 營運資產,4,1,1,True
N26,新店及人,111,15,detail_schedule,4,property,,2. 購置財產,4,1,1,True
N26,新店及人,111,15,detail_schedule,5,property,,2. 購置財產,4,1,1,True
N26,新店及人,111,15,detail_schedule,6,unrouted,,1. 教保費收入,2,11,9,True
N26,新店及人,111,16,detail_schedule,1,personnel_detail,,2. 人事費,4,12,12,True
N26,新店及人,111,16,detail_schedule,2,personnel_detail,,2. 人事費,4,12,12,True
N26,新店及人,111,17,detail_schedule,1,operating_detail,,3. 業務費,4,16,16,True
N26,新店及人,111,17,detail_schedule,2,operating_detail,,3. 業務費,4,16,16,True
N26,新店及人,111,18,detail_schedule,1,material_detail,,4. 材料費,4,5,5,True
N26,新店及人,111,18,detail_schedule,2,material_detail,,4. 材料費,4,5,5,True
N26,新店及人,111,19,note,1,maintenance_detail,,5. 維護費,4,4,4,True
N26,新店及人,111,19,note,2,maintenance_detail,,5. 維護費,4,4,4,True
N26,新店及人,111,19,note,3,other_income_expense,,6. 其他收入及其他支出,3,4,4,True
N26,新店及人,111,19,note,4,other_income_expense,,6. 其他收入及其他支出,3,4,4,True
N26,新店及人,111,23,detail_schedule,1,income_by_function,收支餘絀表－功能別,附表一：收支餘絀表-功能別,1,17,13,True
N26,新店及人,111,23,detail_schedule,2,income_by_function,,附表一：收支餘絀表-功能別,1,4,4,True
N26,新店及人,111,24,detail_schedule,1,budget_transfer,經費流用及勻支檢查表,附表二：經費流用及勻支檢查表,4,30,30,True
N26,新店及人,111,25,detail_schedule,1,multiyear_compare,各學年收支預決算比較表,附表三：各學年收支預決算比較表,8,30,30,True
N26,新店及人,111,26,detail_schedule,1,unrouted,,,8,32,31,True
N26,新店及人,112,8,equity_change,1,unrouted,,新北市新店及人非營利幼兒園（財團法人新北市私立及人高級中學申請辦理）,3,7,7,True
N26,新店及人,112,9,cash_flow,1,cash_flow,現金流量表,,2,20,13,True
N26,新店及人,112,14,note,1,cash_detail,,(一) 現金及銀行存款,2,3,3,True
N26,新店及人,112,14,note,2,severance_reserve,資遣費準備,(二) 各項基金及準備,2,3,3,True
N26,新店及人,112,14,note,3,unrouted,,(二) 各項基金及準備,2,1,1,True
N26,新店及人,112,15,note,1,development_reserve,,2. 業務發展準備,2,3,2,True
N26,新店及人,112,15,note,2,development_reserve,,2. 業務發展準備,2,1,1,True
N26,新店及人,112,15,note,3,property,,1. 代管財產,4,1,1,True
N26,新店及人,112,15,note,4,property,,1. 代管財產,4,1,1,True
N26,新店及人,112,15,note,5,property,,2. 購置財產,4,1,1,True
N26,新店及人,112,15,note,6,property,,2. 購置財產,4,1,1,True
N26,新店及人,112,16,detail_schedule,1,unrouted,教保費收入,(四) 收支明細表,2,10,8,True
N26,新店及人,112,16,detail_schedule,2,personnel_detail,,2. 人事費,4,12,12,True
N26,新店及人,112,16,detail_schedule,3,personnel_detail,,2. 人事費,4,2,2,True
N26,新店及人,112,17,detail_schedule,1,unrouted,,,4,10,10,True
N26,新店及人,112,17,detail_schedule,2,operating_detail,,3. 業務費,4,16,16,True
N26,新店及人,112,18,detail_schedule,1,unrouted,,,4,16,16,True
N26,新店及人,112,18,detail_schedule,2,material_detail,材料費,4. 材料費,4,5,5,True
N26,新店及人,112,19,detail_schedule,1,material_detail,,材料費,4,5,5,True
N26,新店及人,112,19,detail_schedule,2,maintenance_detail,,5. 維護費,4,4,4,True
N26,新店及人,112,19,detail_schedule,3,maintenance_detail,,5. 維護費,4,4,4,True
N26,新店及人,112,20,note,1,unrouted,,6. 延長照顧服務收支,2,5,4,True
N26,新店及人,112,20,note,2,other_income_expense,,7. 其他收入及其他支出,3,4,4,True
N26,新店及人,112,20,note,3,other_income_expense,,7. 其他收入及其他支出,3,4,4,True
N26,新店及人,112,20,note,4,project_subsidy,,(1) 專案補助收入及支出,3,6,6,True
N26,新店及人,112,24,detail_schedule,1,income_by_function,收支餘絀表－功能別,附表一：收支餘絀表-功能別,1,17,13,True
N26,新店及人,112,24,detail_schedule,2,income_by_function,,附表一：收支餘絀表-功能別,1,4,4,True
N26,新店及人,112,25,detail_schedule,1,budget_transfer,經費流用及勻支檢查表,附表二：經費流用及勻支檢查表,4,30,30,True
N26,新店及人,112,26,detail_schedule,1,multiyear_compare,各學年收支預決算比較表,附表三：各學年收支預決算比較表,12,31,31,True
N26,新店及人,112,27,detail_schedule,1,unrouted,,,12,31,30,True
N26,新店及人,113,8,equity_change,1,unrouted,淨資產變動表,,3,7,7,True
N26,新店及人,113,9,cash_flow,1,cash_flow,現金流量表,,2,17,10,True
N26,新店及人,113,14,note,1,cash_detail,,(一) 現金及銀行存款,2,3,3,True
N26,新店及人,113,14,note,2,severance_reserve,,1. 資遣費準備,2,4,4,True
N26,新店及人,113,14,note,3,severance_reserve,,1. 資遣費準備,2,1,1,True
N26,新店及人,113,15,note,1,development_reserve,,2. 業務發展準備,2,3,3,True
N26,新店及人,113,15,note,2,development_reserve,,2. 業務發展準備,2,1,1,True
N26,新店及人,113,15,note,3,property,,1. 代管財產,4,1,1,True
N26,新店及人,113,15,note,4,property,,1. 代管財產,4,1,1,True
N26,新店及人,113,15,note,5,property,,2. 購置財產,4,1,1,True
N26,新店及人,113,15,note,6,property,,2. 購置財產,4,1,1,True
N26,新店及人,113,16,detail_schedule,1,unrouted,,(四) 收支明細表 1. 教保費收入,2,11,9,True
N26,新店及人,113,16,detail_schedule,2,personnel_detail,,(四) 收支明細表 2. 人事費,4,12,12,True
N26,新店及人,113,17,detail_schedule,1,personnel_detail,,人事費明細表,4,12,12,True
N26,新店及人,113,18,detail_schedule,1,operating_detail,,3. 業務費,4,16,16,True
N26,新店及人,113,18,detail_schedule,2,operating_detail,,3. 業務費,4,16,16,True
N26,新店及人,113,19,detail_schedule,1,material_detail,,4. 材料費,4,5,5,True
N26,新店及人,113,19,detail_schedule,2,material_detail,,4. 材料費,4,5,5,True
N26,新店及人,113,20,detail_schedule,1,maintenance_detail,,5. 維護費及修繕購置費,4,5,4,True
N26,新店及人,113,20,detail_schedule,2,maintenance_detail,,5. 維護費及修繕購置費,4,1,1,True
N26,新店及人,113,20,detail_schedule,3,maintenance_detail,,5. 維護費及修繕購置費,4,5,4,True
N26,新店及人,113,20,detail_schedule,4,maintenance_detail,,5. 維護費及修繕購置費,4,1,1,True
N26,新店及人,113,20,detail_schedule,5,unrouted,,6. 延長照顧服務收支,2,5,5,True
N26,新店及人,113,21,note,1,other_income_expense,,7. 其他收入及其他支出,3,4,4,True
N26,新店及人,113,21,note,2,other_income_expense,,7. 其他收入及其他支出,3,4,4,True
N26,新店及人,113,21,note,3,project_subsidy,,(1) 專案補助收入及支出,3,5,5,True
N26,新店及人,113,21,note,4,project_subsidy,,(1) 專案補助收入及支出,3,6,6,True
N26,新店及人,113,21,note,5,agency_subsidy,,(2) 代收補助收入及支出,3,1,1,True
N26,新店及人,113,21,note,6,agency_subsidy,,(2) 代收補助收入及支出,3,3,3,True
N26,新店及人,113,24,detail_schedule,1,income_by_function,收支餘絀表-功能別,附表一：收支餘絀表-功能別,1,18,13,True
N26,新店及人,113,24,detail_schedule,2,income_by_function,,附表一：收支餘絀表-功能別,1,4,4,True
N26,新店及人,113,25,detail_schedule,1,budget_transfer,經費流用及勻支檢查表,附表二：經費流用及勻支檢查表,5,30,30,True
N26,新店及人,113,26,detail_schedule,1,unrouted,各學年收支預算比較表,附表三：各學年收支預算比較表,16,30,30,True
N26,新店及人,113,27,detail_schedule,1,unrouted,,,16,34,33,True
N27,育平,110,7,equity_change,1,equity_change,淨值變動表,,3,3,2,True
N27,育平,110,8,cash_flow,1,cash_flow,現金流量表,,1,22,14,True
N27,育平,110,13,note,1,cash_detail,,(一) 現金及銀行存款,1,3,3,True
N27,育平,110,13,note,2,unrouted,,1. 資遺費準備,1,3,2,True
N27,育平,110,13,note,3,unrouted,,1. 資遺費準備,1,1,1,True
N27,育平,110,13,note,4,development_reserve,,2. 業務發展準備,1,3,2,True
N27,育平,110,13,note,5,development_reserve,,2. 業務發展準備,1,1,1,True
N27,育平,110,14,detail_schedule,1,property,,(三) 營運資產 代管財產,4,1,1,True
N27,育平,110,14,detail_schedule,2,unrouted,,(四) 收支明細表 1. 教保費收入,1,9,7,True
N27,育平,110,14,detail_schedule,3,personnel_detail,,(四) 收支明細表 2. 人事費,4,12,12,True
N27,育平,110,15,detail_schedule,1,operating_detail,,3. 業務費,4,16,16,True
N27,育平,110,15,detail_schedule,2,material_detail,,4. 材料費,4,5,5,True
N27,育平,110,16,detail_schedule,1,maintenance_detail,,5. 維護費,4,4,4,True
N27,育平,110,16,detail_schedule,2,other_income_expense,,6. 其他收入及其他支出,3,4,4,True
N27,育平,110,16,detail_schedule,3,project_subsidy,,(1) 專案補助收入及支出,3,7,7,True
N27,育平,110,19,detail_schedule,1,income_by_function,收支餘絀表-功能別,附表一：收支餘絀表-功能別,1,17,15,True
N27,育平,110,19,detail_schedule,2,unrouted,,"補充說明：教保費收支淨額金額為3,106,369元，分析如下：",1,4,4,True
N27,育平,110,20,detail_schedule,1,budget_transfer,經費流用及勻支檢查表,附表二：經費流用及勻支檢查表,4,30,30,True
N27,育平,110,21,detail_schedule,1,multiyear_compare,各學年收支預決算比較表,附表三：各學年收支預決算比較表,4,33,33,True
N27,育平,110,22,detail_schedule,1,unrouted,,,4,28,28,True
N27,育平,111,8,equity_change,1,equity_change,淨值變動表,,3,6,5,True
N27,育平,111,9,cash_flow,1,cash_flow,現金流量表,,2,22,15,True
N27,育平,111,14,note,1,cash_detail,,(一) 現金及銀行存款,2,3,3,True
N27,育平,111,14,note,2,severance_reserve,,1. 資遣費準備,2,3,3,True
N27,育平,111,14,note,3,severance_reserve,,1. 資遣費準備,2,1,1,True
N27,育平,111,14,note,4,development_reserve,,2. 業務發展準備,2,3,3,True
N27,育平,111,15,note,1,development_reserve,,業務發展準備金,2,1,1,True
N27,育平,111,15,note,2,property,,1. 代管財產,4,1,1,True
N27,育平,111,15,note,3,property,,1. 代管財產,4,1,1,True
N27,育平,111,15,note,4,property,,2. 購置財產,4,1,1,True
N27,育平,111,15,note,5,unrouted,,1. 教保費收入,2,11,9,True
N27,育平,111,16,detail_schedule,1,personnel_detail,人事費,2. 人事費,4,12,12,True
N27,育平,111,16,detail_schedule,2,personnel_detail,人事費,2. 人事費,4,12,12,True
N27,育平,111,17,detail_schedule,1,operating_detail,,3. 業務費,4,16,16,True
N27,育平,111,17,detail_schedule,2,operating_detail,,3. 業務費,4,16,16,True
N27,育平,111,18,detail_schedule,1,material_detail,,4. 材料費,4,5,5,True
N27,育平,111,18,detail_schedule,2,material_detail,,4. 材料費,4,5,5,True
N27,育平,111,19,detail_schedule,1,maintenance_detail,,5. 維護費,4,4,4,True
N27,育平,111,19,detail_schedule,2,maintenance_detail,,5. 維護費,4,4,4,True
N27,育平,111,19,detail_schedule,3,other_income_expense,,6. 其他收入及其他支出,3,4,4,True
N27,育平,111,19,detail_schedule,4,other_income_expense,,6. 其他收入及其他支出,3,4,4,True
N27,育平,111,20,note,1,project_subsidy,,(1) 專案補助收入及支出,3,8,8,True
N27,育平,111,20,note,2,project_subsidy,,(1) 專案補助收入及支出,3,7,7,True
N27,育平,111,20,note,3,agency_subsidy,,(2) 代收補助收入及支出,3,3,3,True
N27,育平,111,20,note,4,agency_subsidy,,(2) 代收補助收入及支出,3,5,5,True
N27,育平,111,20,note,5,agency_passthrough,,(3) 代收代付收入及支出,3,1,1,True
N27,育平,111,23,detail_schedule,1,income_by_function,收支餘絀表－功能別,附表一：收支餘絀表-功能別,1,17,14,True
N27,育平,111,23,detail_schedule,2,income_by_function,,附表一：收支餘絀表-功能別,1,4,4,True
N27,育平,111,24,detail_schedule,1,budget_transfer,經費流用及勻支檢查表,附表二：經費流用及勻支檢查表,5,30,30,True
N27,育平,111,25,detail_schedule,1,multiyear_compare,各學年收支預決算比較表,附表三：各學年收支預決算比較表,8,30,30,True
N27,育平,111,26,detail_schedule,1,unrouted,,,8,33,33,True
N27,育平,112,8,equity_change,1,equity_change,淨值變動表,,3,7,7,True
N27,育平,112,9,cash_flow,1,cash_flow,現金流量表,,2,19,12,True
N27,育平,112,14,note,1,cash_detail,,(一) 現金及銀行存款,2,3,3,True
N27,育平,112,14,note,2,unrouted,,(二) 各項基金及準備,2,3,3,True
N27,育平,112,14,note,3,severance_reserve,,1. 資遣費準備,2,1,1,True
N27,育平,112,15,note,1,development_reserve,,2. 業務發展準備,2,3,3,True
N27,育平,112,15,note,2,development_reserve,,2. 業務發展準備,2,1,1,True
N27,育平,112,15,note,3,property,,1. 代管財產,4,1,1,True
N27,育平,112,15,note,4,property,,1. 代管財產,4,1,1,True
N27,育平,112,15,note,5,property,,2. 購置財產,4,1,1,True
N27,育平,112,15,note,6,property,,2. 購置財產,4,1,1,True
N27,育平,112,16,detail_schedule,1,unrouted,,(四) 收支明細表 1. 教保費收入,2,11,9,True
N27,育平,112,16,detail_schedule,2,personnel_detail,,(四) 收支明細表 2. 人事費,4,12,12,True
N27,育平,112,16,detail_schedule,3,personnel_detail,,(四) 收支明細表 2. 人事費,4,4,4,True
N27,育平,112,17,detail_schedule,1,personnel_detail,,人事費明細,4,8,8,True
N27,育平,112,17,detail_schedule,2,operating_detail,,3. 業務費,4,16,16,True
N27,育平,112,18,detail_schedule,1,unrouted,,,4,16,16,True
N27,育平,112,18,detail_schedule,2,material_detail,材料費,4. 材料費,4,5,5,True
N27,育平,112,19,detail_schedule,1,unrouted,,,4,5,5,True
N27,育平,112,19,detail_schedule,2,maintenance_detail,,5. 維護費,4,4,4,True
N27,育平,112,19,detail_schedule,3,maintenance_detail,,5. 維護費,4,4,4,True
N27,育平,112,20,note,1,unrouted,,6. 延長照顧服務收支,2,5,5,True
N27,育平,112,20,note,2,other_income_expense,,7. 其他收入及其他支出,3,4,4,True
N27,育平,112,20,note,3,other_income_expense,,7. 其他收入及其他支出,3,4,4,True
N27,育平,112,20,note,4,project_subsidy,,(1) 專案補助收入及支出,3,8,8,True
N27,育平,112,20,note,5,project_subsidy,,(1) 專案補助收入及支出,3,5,5,True
N27,育平,112,24,detail_schedule,1,income_by_function,收支餘絀表－功能別,附表一：收支餘絀表-功能別,1,17,15,True
N27,育平,112,24,detail_schedule,2,income_by_function,,附表一：收支餘絀表-功能別,1,4,4,True
N27,育平,112,25,detail_schedule,1,budget_transfer,經費流用及勻支檢查表,附表二：經費流用及勻支檢查表,4,30,30,True
N27,育平,112,26,detail_schedule,1,multiyear_compare,各學年收支預決算比較表,附表三：各學年收支預決算比較表,12,30,30,True
N27,育平,112,27,detail_schedule,1,unrouted,,,12,33,33,True
N27,育平,113,8,equity_change,1,equity_change,淨值變動表,,3,7,7,True
N27,育平,113,9,cash_flow,1,cash_flow,現金流量表,,2,20,13,True
N27,育平,113,14,note,1,cash_detail,,(一) 現金及銀行存款,2,3,3,True
N27,育平,113,14,note,2,severance_reserve,,1. 資遣費準備,2,3,3,True
N27,育平,113,14,note,3,severance_reserve,,1. 資遣費準備,2,1,1,True
N27,育平,113,15,note,1,development_reserve,,2. 業務發展準備,2,3,3,True
N27,育平,113,15,note,2,development_reserve,,2. 業務發展準備,2,1,1,True
N27,育平,113,15,note,3,property,,1. 代管財產,4,1,1,True
N27,育平,113,15,note,4,property,,1. 代管財產,4,1,1,True
N27,育平,113,15,note,5,property,,2. 購置財產,4,1,1,True
N27,育平,113,15,note,6,property,,2. 購置財產,4,1,1,True
N27,育平,113,16,detail_schedule,1,unrouted,,(四) 收支明細表 1. 教保費收入,2,11,9,True
N27,育平,113,16,detail_schedule,2,personnel_detail,,(四) 收支明細表 2. 人事費,4,12,12,True
N27,育平,113,16,detail_schedule,3,personnel_detail,,(四) 收支明細表 2. 人事費,4,3,3,True
N27,育平,113,16,detail_schedule,4,personnel_detail,,(四) 收支明細表 2. 人事費,1,0,0,True
N27,育平,113,16,detail_schedule,5,personnel_detail,,(四) 收支明細表 2. 人事費,1,0,0,True
N27,育平,113,17,detail_schedule,1,unrouted,,,4,9,9,True
N27,育平,113,17,detail_schedule,2,operating_detail,,3. 業務費,4,16,16,True
N27,育平,113,18,detail_schedule,1,operating_detail,,業務費明細,4,16,16,True
N27,育平,113,18,detail_schedule,2,material_detail,,4. 材料費,4,5,5,True
N27,育平,113,19,detail_schedule,1,material_detail,,(材料費明細表，延續上頁),4,5,5,True
N27,育平,113,19,detail_schedule,2,maintenance_detail,5. 維護費及修繕購置費,5. 維護費及修繕購置費,4,5,4,True
N27,育平,113,19,detail_schedule,3,maintenance_detail,,5. 維護費及修繕購置費,4,1,1,True
N27,育平,113,19,detail_schedule,4,maintenance_detail,,5. 維護費及修繕購置費,4,5,4,True
N27,育平,113,19,detail_schedule,5,maintenance_detail,,5. 維護費及修繕購置費,4,1,1,True
N27,育平,113,20,note,1,unrouted,,6. 延長照顧服務收支,2,5,5,True
N27,育平,113,20,note,2,other_income_expense,,7. 其他收入及其他支出,3,4,4,True
N27,育平,113,20,note,3,other_income_expense,,7. 其他收入及其他支出,3,4,4,True
N27,育平,113,20,note,4,project_subsidy,,(1) 專案補助收入及支出,3,8,8,True
N27,育平,113,24,detail_schedule,1,income_by_function,收支餘絀表－功能別,附表一：收支餘絀表-功能別,1,17,15,True
N27,育平,113,24,detail_schedule,2,income_by_function,,附表一：收支餘絀表-功能別,1,4,4,True
N27,育平,113,25,detail_schedule,1,budget_transfer,經費流用及勻支檢查表,附表二：經費流用及勻支檢查表,5,30,30,True
N27,育平,113,26,detail_schedule,1,multiyear_compare,各學年收支預算比較表,附表三：各學年收支預決算比較表,16,26,26,True
N27,育平,113,27,detail_schedule,1,unrouted,,,16,37,37,True
N28,新樂,110,7,equity_change,1,equity_change,淨值變動表,,3,3,2,True
N28,新樂,110,8,cash_flow,1,cash_flow,現金流量表,,1,18,11,True
N28,新樂,110,13,note,1,cash_detail,,(一) 現金及銀行存款,1,3,3,True
N28,新樂,110,13,note,2,severance_reserve,,1. 資遣費準備,1,3,2,True
N28,新樂,110,13,note,3,severance_reserve,,1. 資遣費準備,1,1,1,True
N28,新樂,110,13,note,4,property,,1. 代管財產,1,2,0,True
N28,新樂,110,13,note,5,property,,2. 購置財產,1,1,0,True
N28,新樂,110,14,detail_schedule,1,unrouted,教保費收入,(四) 收支明細表,1,10,8,True
N28,新樂,110,14,detail_schedule,2,personnel_detail,人事費,(四) 收支明細表,4,12,12,True
N28,新樂,110,15,detail_schedule,1,operating_detail,,3. 業務費,4,16,16,True
N28,新樂,110,15,detail_schedule,2,material_detail,,4. 材料費,4,5,5,True
N28,新樂,110,16,detail_schedule,1,maintenance_detail,維護費,5. 維護費,4,4,4,True
N28,新樂,110,16,detail_schedule,2,other_income_expense,,6. 其他收入及其他支出,3,4,4,True
N28,新樂,110,16,detail_schedule,3,project_subsidy,,(1) 專案補助收入及支出,3,4,4,True
N28,新樂,110,19,detail_schedule,1,income_by_function,收支餘絀表-功能別,附表一：收支餘絀表-功能別,1,17,13,True
N28,新樂,110,19,detail_schedule,2,income_by_function,,附表一：收支餘絀表-功能別,1,4,4,True
N28,新樂,110,20,detail_schedule,1,budget_transfer,經費流用及勻支檢查表,附表二：經費流用及勻支檢查表,4,30,30,True
N28,新樂,110,21,detail_schedule,1,multiyear_compare,各學年收支預決算比較表,附表三：各學年收支預決算比較表,4,33,33,True
N28,新樂,110,22,detail_schedule,1,unrouted,,,4,27,26,True
N28,新樂,111,8,equity_change,1,equity_change,淨值變動表,,3,6,5,True
N28,新樂,111,9,cash_flow,1,cash_flow,現金流量表,,2,19,13,True
N28,新樂,111,14,note,1,cash_detail,,(一) 現金及銀行存款,2,3,3,True
N28,新樂,111,14,note,2,severance_reserve,,1. 資遣費準備,2,4,4,True
N28,新樂,111,14,note,3,severance_reserve,,1. 資遣費準備,2,1,1,True
N28,新樂,111,14,note,4,development_reserve,,2. 業務發展準備,2,3,2,True
N28,新樂,111,15,note,1,development_reserve,,業務發展準備金,2,1,1,True
N28,新樂,111,15,note,2,property,,(三) 營運資產　1. 代管財產,4,1,1,True
N28,新樂,111,15,note,3,property,,(三) 營運資產　1. 代管財產,4,1,1,True
N28,新樂,111,15,note,4,property,,(三) 營運資產　2. 購置財產,4,1,1,True
N28,新樂,111,15,note,5,property,,(三) 營運資產　2. 購置財產,4,1,1,True
N28,新樂,111,15,note,6,unrouted,,(四) 收支明細表　1. 教保費收入,2,11,9,True
N28,新樂,111,16,detail_schedule,1,personnel_detail,,2. 人事費,4,12,12,True
N28,新樂,111,16,detail_schedule,2,personnel_detail,,2. 人事費,4,12,12,True
N28,新樂,111,17,detail_schedule,1,operating_detail,,3. 業務費,4,16,16,True
N28,新樂,111,17,detail_schedule,2,operating_detail,,3. 業務費,4,16,16,True
N28,新樂,111,18,detail_schedule,1,material_detail,,4. 材料費,4,5,5,True
N28,新樂,111,18,detail_schedule,2,material_detail,,4. 材料費,4,5,5,True
N28,新樂,111,19,note,1,maintenance_detail,,5. 維護費,4,4,4,True
N28,新樂,111,19,note,2,maintenance_detail,,5. 維護費,4,4,4,True
N28,新樂,111,19,note,3,other_income_expense,,6. 其他收入及其他支出,3,4,4,True
N28,新樂,111,19,note,4,other_income_expense,,6. 其他收入及其他支出,3,4,4,True
N28,新樂,111,20,detail_schedule,1,project_subsidy,,(1) 專案補助收入及支出,3,11,11,True
N28,新樂,111,20,detail_schedule,2,project_subsidy,,(1) 專案補助收入及支出,3,4,4,True
N28,新樂,111,20,detail_schedule,3,agency_subsidy,,(2) 代收補助收入及支出,3,5,5,True
N28,新樂,111,20,detail_schedule,4,agency_subsidy,,(2) 代收補助收入及支出,3,4,4,True
N28,新樂,111,23,detail_schedule,1,income_by_function,收支餘絀表－功能別,附表一：收支餘絀表-功能別,1,17,15,True
N28,新樂,111,23,detail_schedule,2,income_by_function,,附表一：收支餘絀表-功能別,1,4,4,True
N28,新樂,111,24,detail_schedule,1,budget_transfer,經費流用及勻支檢查表,附表二：經費流用及勻支檢查表,4,30,30,True
N28,新樂,111,25,detail_schedule,1,multiyear_compare,各學年收支預決算比較表,附表三：各學年收支預決算比較表,8,30,30,True
N28,新樂,111,26,detail_schedule,1,unrouted,,,8,32,31,True
N28,新樂,112,8,equity_change,1,equity_change,淨值變動表,,3,7,7,True
N28,新樂,112,9,cash_flow,1,cash_flow,現金流量表,,2,18,11,True
N28,新樂,112,14,note,1,cash_detail,,(一) 現金及銀行存款,2,3,3,True
N28,新樂,112,14,note,2,severance_reserve,,1. 資遣費準備,2,4,4,True
N28,新樂,112,14,note,3,severance_reserve,,1. 資遣費準備,2,1,1,True
N28,新樂,112,15,note,1,development_reserve,,2. 業務發展準備,2,3,3,True
N28,新樂,112,15,note,2,development_reserve,,2. 業務發展準備,2,1,1,True
N28,新樂,112,15,note,3,property,,1. 代管財產,4,1,1,True
N28,新樂,112,15,note,4,property,,1. 代管財產,4,1,1,True
N28,新樂,112,15,note,5,property,,2. 購置財產,4,1,1,True
N28,新樂,112,15,note,6,property,,2. 購置財產,4,1,1,True
N28,新樂,112,16,detail_schedule,1,unrouted,,(四) 收支明細表 1. 教保費收入,2,11,9,True
N28,新樂,112,16,detail_schedule,2,personnel_detail,,(四) 收支明細表 2. 人事費,4,12,12,True
N28,新樂,112,16,detail_schedule,3,personnel_detail,,(四) 收支明細表 2. 人事費,4,3,3,True
N28,新樂,112,17,detail_schedule,1,personnel_detail,,人事費明細,4,9,9,True
N28,新樂,112,17,detail_schedule,2,operating_detail,,3. 業務費,4,16,16,True
N28,新樂,112,18,detail_schedule,1,operating_detail,,業務費明細（111.8.1~112.7.31）,4,16,16,True
N28,新樂,112,18,detail_schedule,2,material_detail,,4. 材料費,4,5,5,True
N28,新樂,112,19,detail_schedule,1,material_detail,,材料費,4,5,5,True
N28,新樂,112,19,detail_schedule,2,maintenance_detail,,5. 維護費,4,4,4,True
N28,新樂,112,19,detail_schedule,3,maintenance_detail,,5. 維護費,4,4,4,True
N28,新樂,112,20,note,1,unrouted,,6. 延長照顧服務收支,2,5,5,True
N28,新樂,112,20,note,2,other_income_expense,,7. 其他收入及其他支出,1,5,0,True
N28,新樂,112,20,note,3,other_income_expense,,7. 其他收入及其他支出,3,4,4,True
N28,新樂,112,20,note,4,other_income_expense,,7. 其他收入及其他支出,3,4,4,True
N28,新樂,112,20,note,5,project_subsidy,,(1) 專案補助收入及支出,3,7,7,True
N28,新樂,112,20,note,6,project_subsidy,,(1) 專案補助收入及支出,3,5,5,True
N28,新樂,112,24,detail_schedule,1,income_by_function,收支餘絀表－功能別,附表一：收支餘絀表-功能別,1,17,14,True
N28,新樂,112,24,detail_schedule,2,income_by_function,,附表一：收支餘絀表-功能別,1,4,4,True
N28,新樂,112,25,detail_schedule,1,budget_transfer,經費流用及勻支檢查表,附表二：經費流用及勻支檢查表,4,30,30,True
N28,新樂,112,26,detail_schedule,1,multiyear_compare,各學年收支預決算比較表,附表三：各學年收支預決算比較表,12,31,31,True
N28,新樂,112,27,detail_schedule,1,unrouted,,,12,32,31,True
N28,新樂,113,8,equity_change,1,equity_change,淨值變動表,,3,7,7,True
N28,新樂,113,9,cash_flow,1,cash_flow,現金流量表,,2,20,13,True
N28,新樂,113,14,note,1,cash_detail,,(一) 現金及銀行存款,2,3,3,True
N28,新樂,113,14,note,2,severance_reserve,,1. 資遣費準備,2,4,4,True
N28,新樂,113,14,note,3,severance_reserve,,1. 資遣費準備,2,1,1,True
N28,新樂,113,15,note,1,development_reserve,,2. 業務發展準備,2,3,3,True
N28,新樂,113,15,note,2,development_reserve,,2. 業務發展準備,2,1,1,True
N28,新樂,113,15,note,3,property,,1. 代管財產,4,1,1,True
N28,新樂,113,15,note,4,property,,1. 代管財產,4,1,1,True
N28,新樂,113,15,note,5,property,,2. 購置財產,4,1,1,True
N28,新樂,113,15,note,6,property,,2. 購置財產,4,1,1,True
N28,新樂,113,16,detail_schedule,1,unrouted,,(四) 收支明細表,2,11,9,True
N28,新樂,113,16,detail_schedule,2,personnel_detail,,2. 人事費,4,12,12,True
N28,新樂,113,16,detail_schedule,3,personnel_detail,,2. 人事費,4,3,3,True
N28,新樂,113,17,detail_schedule,1,personnel_detail,,人事費明細（續）,4,9,9,True
N28,新樂,113,17,detail_schedule,2,operating_detail,,3. 業務費,4,16,16,True
N28,新樂,113,18,detail_schedule,1,unrouted,,,4,16,16,True
N28,新樂,113,19,detail_schedule,1,material_detail,,4. 材料費,4,5,5,True
N28,新樂,113,19,detail_schedule,2,material_detail,,4. 材料費,4,5,5,True
N28,新樂,113,19,detail_schedule,3,maintenance_detail,,5. 維護費及修繕購置費,4,5,4,True
N28,新樂,113,19,detail_schedule,4,maintenance_detail,,5. 維護費及修繕購置費,4,1,1,True
N28,新樂,113,19,detail_schedule,5,maintenance_detail,,5. 維護費及修繕購置費,4,5,4,True
N28,新樂,113,20,note,1,maintenance_detail,,修繕購置費,4,1,1,True
N28,新樂,113,20,note,2,unrouted,,6. 延長照顧服務收支,2,5,5,True
N28,新樂,113,20,note,3,other_income_expense,,7. 其他收入及其他支出,3,4,4,True
N28,新樂,113,20,note,4,other_income_expense,,7. 其他收入及其他支出,3,4,4,True
N28,新樂,113,20,note,5,project_subsidy,,(1) 專案補助收入及支出,3,4,4,True
N28,新樂,113,21,detail_schedule,1,unrouted,,,3,4,4,True
N28,新樂,113,21,detail_schedule,2,unrouted,,,3,7,7,True
N28,新樂,113,21,detail_schedule,3,agency_subsidy,,(2) 代收補助收入及支出,3,3,3,True
N28,新樂,113,21,detail_schedule,4,agency_subsidy,,(2) 代收補助收入及支出,3,5,5,True
N28,新樂,113,21,detail_schedule,5,agency_passthrough,,(3) 代收代付收入及支出,3,1,1,True
N28,新樂,113,21,detail_schedule,6,agency_passthrough,,(3) 代收代付收入及支出,3,1,1,True
N28,新樂,113,24,detail_schedule,1,income_by_function,收支餘絀表－功能別,附表一：收支餘絀表-功能別,1,17,14,True
N28,新樂,113,24,detail_schedule,2,income_by_function,,附表一：收支餘絀表-功能別,1,4,4,True
N28,新樂,113,25,detail_schedule,1,budget_transfer,經費流用及勻支檢查表,附表二：經費流用及勻支檢查表,4,30,30,True
N28,新樂,113,26,detail_schedule,1,multiyear_compare,各學年收支預決算比較表,附表三：各學年收支預決算比較表,16,26,26,True
N28,新樂,113,27,detail_schedule,1,unrouted,,,16,37,36,True
N29,東湖,111,7,equity_change,1,surplus_execution,賸餘款變動表,,3,3,2,True
N29,東湖,111,8,cash_flow,1,cash_flow,現金流量表,,1,22,14,True
N29,東湖,111,13,note,1,cash_detail,,(一) 現金及銀行存款,1,3,3,True
N29,東湖,111,13,note,2,severance_reserve,,1. 資遣費準備,1,3,2,True
N29,東湖,111,13,note,3,severance_reserve,,1. 資遣費準備,1,1,0,True
N29,東湖,111,13,note,4,development_reserve,,2. 業務發展準備,1,3,2,True
N29,東湖,111,14,note,1,development_reserve,,業務發展準備金,1,1,1,True
N29,東湖,111,14,note,2,property,,1.代管財產,4,1,1,True
N29,東湖,111,14,note,3,property,,2.購置財產,4,1,1,True
N29,東湖,111,14,note,4,unrouted,,1. 教保費收入,1,11,9,True
N29,東湖,111,14,note,5,personnel_detail,,2. 人事費,4,2,2,True
N29,東湖,111,15,detail_schedule,1,personnel_detail,,人事費明細,4,10,10,True
N29,東湖,111,15,detail_schedule,2,operating_detail,,3.　業務費,4,16,16,True
N29,東湖,111,16,detail_schedule,1,material_detail,,4.　材料費,4,5,5,True
N29,東湖,111,16,detail_schedule,2,maintenance_detail,,5.　維護費,4,4,4,True
N29,東湖,111,20,detail_schedule,1,income_by_function,收支餘絀表－功能別,附表一：收支餘絀表-功能別,1,17,16,True
N29,東湖,111,20,detail_schedule,2,income_by_function,,附表一：收支餘絀表-功能別,1,4,4,True
N29,東湖,111,21,detail_schedule,1,budget_transfer,經費流用及勻支檢查表,附表二：經費流用及勻支檢查表,5,30,30,True
N29,東湖,111,22,detail_schedule,1,multiyear_compare,各學年收支預決算比較表,附表三：各學年收支預決算比較表,4,33,33,True
N29,東湖,111,23,detail_schedule,1,unrouted,,,4,30,30,True
N29,東湖,112,8,equity_change,1,equity_change,淨值變動表,,3,6,5,True
N29,東湖,112,9,cash_flow,1,cash_flow,現金流量表,,2,22,15,True
N29,東湖,112,14,note,1,cash_detail,,(一) 現金及銀行存款,2,3,3,True
N29,東湖,112,14,note,2,severance_reserve,,1. 資遣費準備,2,3,3,True
N29,東湖,112,14,note,3,severance_reserve,,1. 資遣費準備,2,1,1,True
N29,東湖,112,15,note,1,development_reserve,,2. 業務發展準備,2,3,3,True
N29,東湖,112,15,note,2,development_reserve,,2. 業務發展準備,2,1,1,True
N29,東湖,112,15,note,3,property,,1. 代管財產,4,1,1,True
N29,東湖,112,15,note,4,property,,1. 代管財產,4,1,1,True
N29,東湖,112,15,note,5,property,,2. 購置財產,4,1,1,True
N29,東湖,112,15,note,6,property,,2. 購置財產,4,1,1,True
N29,東湖,112,16,detail_schedule,1,unrouted,,(四) 收支明細表 1. 教保費收入,2,11,9,True
N29,東湖,112,16,detail_schedule,2,personnel_detail,,(四) 收支明細表 2. 人事費,4,12,12,True
N29,東湖,112,16,detail_schedule,3,personnel_detail,,(四) 收支明細表 2. 人事費,4,2,2,True
N29,東湖,112,17,detail_schedule,1,personnel_detail,,人事費明細表（續）,4,10,10,True
N29,東湖,112,17,detail_schedule,2,operating_detail,,3. 業務費,4,16,16,True
N29,東湖,112,18,detail_schedule,1,operating_detail,,業務費,4,16,16,True
N29,東湖,112,18,detail_schedule,2,material_detail,,4. 材料費,4,5,5,True
N29,東湖,112,19,detail_schedule,1,unrouted,,,4,5,5,True
N29,東湖,112,19,detail_schedule,2,maintenance_detail,,5. 維護費,4,4,4,True
N29,東湖,112,19,detail_schedule,3,maintenance_detail,,5. 維護費,4,4,4,True
N29,東湖,112,20,note,1,unrouted,,6. 延長照顧服務收支,2,5,5,True
N29,東湖,112,20,note,2,other_income_expense,,7. 其他收入及其他支出,3,4,4,True
N29,東湖,112,20,note,3,other_income_expense,,7. 其他收入及其他支出,3,4,4,True
N29,東湖,112,20,note,4,project_subsidy,,(1) 專案補助收入及支出,3,7,7,True
N29,東湖,112,24,detail_schedule,1,income_by_function,收支餘絀表-功能別,附表一：收支餘絀表-功能別,1,17,14,True
N29,東湖,112,24,detail_schedule,2,income_by_function,,附表一：收支餘絀表-功能別,2,4,4,True
N29,東湖,112,25,detail_schedule,1,budget_transfer,經費流用及勻支檢查表,附表二：經費流用及勻支檢查表,4,30,30,True
N29,東湖,112,26,detail_schedule,1,multiyear_compare,各學年收支預決算比較表,附表三：各學年收支預決算比較表,8,30,30,True
N29,東湖,112,27,detail_schedule,1,unrouted,,,8,33,33,True
N29,東湖,113,8,equity_change,1,equity_change,淨值變動表,,3,7,7,True
N29,東湖,113,9,cash_flow,1,cash_flow,現金流量表,,2,20,13,True
N29,東湖,113,14,note,1,cash_detail,,(一) 現金及銀行存款,2,3,3,True
N29,東湖,113,14,note,2,severance_reserve,,1. 資遣費準備,2,3,3,True
N29,東湖,113,14,note,3,severance_reserve,,1. 資遣費準備,2,1,1,True
N29,東湖,113,15,note,1,development_reserve,,2. 業務發展準備,2,3,3,True
N29,東湖,113,15,note,2,development_reserve,,2. 業務發展準備,2,1,1,True
N29,東湖,113,15,note,3,property,,1. 代管財產,4,1,1,True
N29,東湖,113,15,note,4,property,,1. 代管財產,4,1,1,True
N29,東湖,113,15,note,5,property,,2. 購置財產,4,1,1,True
N29,東湖,113,15,note,6,property,,2. 購置財產,4,1,1,True
N29,東湖,113,16,detail_schedule,1,unrouted,,(四) 收支明細表 1. 教保費收入,2,11,9,True
N29,東湖,113,16,detail_schedule,2,personnel_detail,,(四) 收支明細表 2. 人事費,4,12,12,True
N29,東湖,113,16,detail_schedule,3,personnel_detail,,(四) 收支明細表 2. 人事費,4,2,2,True
N29,東湖,113,17,detail_schedule,1,personnel_detail,,人事費明細,4,10,10,True
N29,東湖,113,17,detail_schedule,2,operating_detail,,3. 業務費,4,13,13,True
N29,東湖,113,18,detail_schedule,1,unrouted,,,4,3,3,True
N29,東湖,113,18,detail_schedule,2,unrouted,,,4,16,16,True
N29,東湖,113,19,detail_schedule,1,material_detail,,4. 材料費,4,5,5,True
N29,東湖,113,19,detail_schedule,2,material_detail,,4. 材料費,4,5,5,True
N29,東湖,113,19,detail_schedule,3,maintenance_detail,,5. 維護費及修繕購置費,4,4,4,True
N29,東湖,113,20,detail_schedule,1,maintenance_detail,,維護費及修繕購置費,4,1,1,True
N29,東湖,113,20,detail_schedule,2,maintenance_detail,,維護費,4,4,4,True
N29,東湖,113,20,detail_schedule,3,maintenance_detail,,維護費及修繕購置費,4,1,1,True
N29,東湖,113,20,detail_schedule,4,unrouted,,6. 延長照顧服務收支,2,5,5,True
N29,東湖,113,20,detail_schedule,5,other_income_expense,,7. 其他收入及其他支出,3,4,4,True
N29,東湖,113,21,detail_schedule,1,unrouted,,,3,4,4,True
N29,東湖,113,21,detail_schedule,2,project_subsidy,,(1) 專案補助收入及支出,3,11,11,True
N29,東湖,113,21,detail_schedule,3,project_subsidy,,(1) 專案補助收入及支出,3,7,7,True
N29,東湖,113,21,detail_schedule,4,agency_subsidy,,(2) 代收補助收入及支出,3,3,3,True
N29,東湖,113,24,detail_schedule,1,income_by_function,收支餘絀表-功能別,附表一：收支餘絀表-功能別,1,17,16,True
N29,東湖,113,24,detail_schedule,2,income_by_function,,附表一：收支餘絀表-功能別,1,4,4,True
N29,東湖,113,25,detail_schedule,1,budget_transfer,經費流用及勻支檢查表,附表二：經費流用及勻支檢查表,4,30,30,True
N29,東湖,113,26,detail_schedule,1,multiyear_compare,各學年收支預決算比較表,附表三：各學年收支預決算比較表,12,30,30,True
N29,東湖,113,27,detail_schedule,1,unrouted,,,12,33,33,True
N30,文中,111,7,equity_change,1,equity_change,淨值變動表,,3,3,2,True
N30,文中,111,8,cash_flow,1,cash_flow,現金流量表,,1,18,10,True
N30,文中,111,13,note,1,cash_detail,,(一) 現金及銀行存款,1,3,3,True
N30,文中,111,13,note,2,severance_reserve,,1. 資遣費準備,1,3,2,True
N30,文中,111,13,note,3,severance_reserve,,1. 資遣費準備,1,1,1,True
N30,文中,111,13,note,4,property,,購置財產,4,1,1,True
N30,文中,111,14,detail_schedule,1,unrouted,,(四) 收支明細表 1. 教保費收入,1,10,8,True
N30,文中,111,14,detail_schedule,2,personnel_detail,,(四) 收支明細表 2. 人事費,4,12,12,True
N30,文中,111,15,detail_schedule,1,operating_detail,,3. 業務費,4,16,16,True
N30,文中,111,15,detail_schedule,2,material_detail,,4. 材料費,4,5,5,True
N30,文中,111,16,note,1,maintenance_detail,,5. 維護費,4,4,4,True
N30,文中,111,16,note,2,other_income_expense,,6. 其他收入及其他支出,3,4,4,True
N30,文中,111,16,note,3,project_subsidy,,(1) 專案補助收入及支出,3,1,1,True
N30,文中,111,16,note,4,agency_subsidy,,(2) 代收補助收入及支出,3,1,1,True
N30,文中,111,16,note,5,agency_passthrough,,(3) 代收代付收入及支出,3,1,1,True
N30,文中,111,18,detail_schedule,1,income_by_function,收支餘絀表－功能別,附表一：收支餘絀表-功能別,1,17,13,True
N30,文中,111,18,detail_schedule,2,income_by_function,,附表一：收支餘絀表-功能別,2,4,4,True
N30,文中,111,19,detail_schedule,1,budget_transfer,經費流用及勻支檢查表,附表二：經費流用及勻支檢查表,5,30,30,True
N30,文中,111,20,detail_schedule,1,multiyear_compare,各學年收支預決算比較表,附表三：各學年收支預決算比較表,4,33,33,True
N30,文中,111,21,detail_schedule,1,unrouted,,,4,27,26,True
N30,文中,112,8,equity_change,1,equity_change,淨值變動表,,3,6,5,True
N30,文中,112,9,cash_flow,1,cash_flow,現金流量表,,2,19,12,True
N30,文中,112,14,note,1,cash_detail,,(一) 現金及銀行存款,2,3,3,True
N30,文中,112,14,note,2,severance_reserve,,1. 資遣費準備,2,3,3,True
N30,文中,112,14,note,3,severance_reserve,,1. 資遣費準備,2,1,1,True
N30,文中,112,15,note,1,development_reserve,,2. 業務發展準備,2,3,2,True
N30,文中,112,15,note,2,development_reserve,,2. 業務發展準備,2,1,1,True
N30,文中,112,15,note,3,property,,1. 代管財產,1,2,0,True
N30,文中,112,15,note,4,property,,1. 代管財產,5,1,1,True
N30,文中,112,15,note,5,property,,2. 購置財產,4,2,2,True
N30,文中,112,15,note,6,unrouted,,(四) 收支明細表 1. 教保費收入,2,3,3,True
N30,文中,112,16,detail_schedule,1,unrouted,,教保費收入減項,2,7,6,True
N30,文中,112,16,detail_schedule,2,personnel_detail,,2. 人事費,4,12,12,True
N30,文中,112,16,detail_schedule,3,personnel_detail,,2. 人事費,4,8,8,True
N30,文中,112,17,detail_schedule,1,unrouted,,,4,4,4,True
N30,文中,112,17,detail_schedule,2,operating_detail,,3. 業務費,4,16,16,True
N30,文中,112,18,detail_schedule,1,unrouted,,,4,16,16,True
N30,文中,112,18,detail_schedule,2,material_detail,,4. 材料費,4,5,5,True
N30,文中,112,19,detail_schedule,1,material_detail,,材料費（上方延續表格）,4,5,5,True
N30,文中,112,19,detail_schedule,2,maintenance_detail,,5. 維護費,4,4,4,True
N30,文中,112,19,detail_schedule,3,maintenance_detail,,5. 維護費,4,4,4,True
N30,文中,112,20,note,1,unrouted,,6. 延長照顧服務收支,2,5,5,True
N30,文中,112,20,note,2,other_income_expense,,7. 其他收入及其他支出,3,4,4,True
N30,文中,112,20,note,3,other_income_expense,,7. 其他收入及其他支出,3,4,4,True
N30,文中,112,20,note,4,project_subsidy,,(1) 專案補助收入及支出,3,4,4,True
N30,文中,112,20,note,5,project_subsidy,,(1) 專案補助收入及支出,3,1,1,True
N30,文中,112,20,note,6,agency_subsidy,,(2) 代收補助收入及支出,3,1,1,True
N30,文中,112,20,note,7,agency_subsidy,,(2) 代收補助收入及支出,3,1,1,True
N30,文中,112,23,detail_schedule,1,income_by_function,收支餘絀表-功能別,附表一：收支餘絀表-功能別,1,17,14,True
N30,文中,112,23,detail_schedule,2,income_by_function,,附表一：收支餘絀表-功能別,2,4,4,True
N30,文中,112,24,detail_schedule,1,budget_transfer,經費流用及勻支檢查表,附表二：經費流用及勻支檢查表,4,30,30,True
N30,文中,112,25,detail_schedule,1,multiyear_compare,各學年收支預決算比較表,附表三：各學年收支預決算比較表,8,30,30,True
N30,文中,112,26,detail_schedule,1,unrouted,,,8,33,32,True
N30,文中,113,8,equity_change,1,equity_change,淨值變動表,,3,7,7,True
N30,文中,113,9,cash_flow,1,cash_flow,現金流量表,,2,20,13,True
N30,文中,113,14,note,1,cash_detail,,（一）現金及銀行存款,2,3,3,True
N30,文中,113,14,note,2,severance_reserve,,1. 資遣費準備,2,3,3,True
N30,文中,113,14,note,3,severance_reserve,,1. 資遣費準備,2,1,1,True
N30,文中,113,15,note,1,development_reserve,,2. 業務發展準備,2,3,3,True
N30,文中,113,15,note,2,development_reserve,,2. 業務發展準備,2,1,1,True
N30,文中,113,15,note,3,property,,1. 代管財產,4,2,1,True
N30,文中,113,15,note,4,property,,1. 代管財產,4,2,1,True
N30,文中,113,15,note,5,property,,2. 購置財產,4,2,1,True
N30,文中,113,15,note,6,property,,2. 購置財產,4,2,1,True
N30,文中,113,16,detail_schedule,1,unrouted,,(四) 收支明細表 1. 教保費收入,2,11,9,True
N30,文中,113,16,detail_schedule,2,personnel_detail,,(四) 收支明細表 2. 人事費,4,12,12,True
N30,文中,113,16,detail_schedule,3,personnel_detail,,(四) 收支明細表 2. 人事費,4,3,3,True
N30,文中,113,17,detail_schedule,1,personnel_detail,,人事費明細（承上頁）,4,9,9,True
N30,文中,113,17,detail_schedule,2,operating_detail,,3. 業務費,4,16,16,True
N30,文中,113,18,detail_schedule,1,unrouted,,,4,16,16,True
N30,文中,113,18,detail_schedule,2,material_detail,材料費,4. 材料費,4,5,5,True
N30,文中,113,19,detail_schedule,1,material_detail,,4. 材料費（承上頁）,4,5,5,True
N30,文中,113,19,detail_schedule,2,maintenance_detail,,5. 維護費及修繕購置費,4,5,4,True
N30,文中,113,19,detail_schedule,3,maintenance_detail,,5. 維護費及修繕購置費,4,1,1,True
N30,文中,113,19,detail_schedule,4,maintenance_detail,,5. 維護費及修繕購置費,4,5,4,True
N30,文中,113,19,detail_schedule,5,maintenance_detail,,5. 維護費及修繕購置費,4,1,1,True
N30,文中,113,20,note,1,unrouted,,6. 延長照顧服務收支,2,5,5,True
N30,文中,113,20,note,2,other_income_expense,,7. 其他收入及其他支出,3,4,4,True
N30,文中,113,20,note,3,other_income_expense,,7. 其他收入及其他支出,3,4,4,True
N30,文中,113,24,detail_schedule,1,income_by_function,收支餘絀表－功能別,附表一：收支餘絀表-功能別,1,17,15,True
N30,文中,113,24,detail_schedule,2,income_by_function,,附表一：收支餘絀表-功能別,2,4,4,True
N30,文中,113,25,detail_schedule,1,budget_transfer,經費流用及勻支檢查表,附表二：經費流用及勻支檢查表,5,30,30,True
N30,文中,113,26,detail_schedule,1,multiyear_compare,各學年收支預決算比較表,附表三：各學年收支預決算比較表,12,31,31,True
N30,文中,113,27,detail_schedule,1,unrouted,,,12,32,31,True
N31,翠中,111,7,equity_change,1,equity_change,淨值變動表,,3,3,2,True
N31,翠中,111,8,cash_flow,1,cash_flow,現金流量表,,1,19,12,True
N31,翠中,111,13,note,1,cash_detail,,(一) 現金及銀行存款,1,3,3,True
N31,翠中,111,13,note,2,severance_reserve,,1. 資遣費準備,1,4,3,True
N31,翠中,111,13,note,3,severance_reserve,,1. 資遣費準備,1,1,1,True
N31,翠中,111,13,note,4,unrouted,,(三) 營運資產,4,1,1,True
N31,翠中,111,14,detail_schedule,1,unrouted,教保費收入,(四) 收支明細表,1,11,9,True
N31,翠中,111,14,detail_schedule,2,personnel_detail,人事費,(四) 收支明細表,4,12,12,True
N31,翠中,111,15,detail_schedule,1,operating_detail,,3. 業務費,4,16,16,True
N31,翠中,111,15,detail_schedule,2,material_detail,,4. 材料費,4,5,5,True
N31,翠中,111,16,detail_schedule,1,maintenance_detail,,5. 維護費,4,4,4,True
N31,翠中,111,16,detail_schedule,2,other_income_expense,,6. 其他收入及其他支出,3,4,4,True
N31,翠中,111,16,detail_schedule,3,project_subsidy,,(1) 專案補助收入及支出,3,5,5,True
N31,翠中,111,19,detail_schedule,1,income_by_function,收支餘絀表-功能別,附表一：收支餘絀表-功能別,1,17,12,True
N31,翠中,111,19,detail_schedule,2,income_by_function,,附表一：收支餘絀表-功能別,1,4,4,True
N31,翠中,111,20,detail_schedule,1,budget_transfer,經費流用及勻支檢查表,附表二：經費流用及勻支檢查表,4,30,30,True
N31,翠中,111,21,detail_schedule,1,multiyear_compare,各學年收支預決算比較表,附表三：各學年收支預決算比較表,4,33,33,True
N31,翠中,111,22,detail_schedule,1,unrouted,,,4,28,27,True
N31,翠中,112,8,equity_change,1,equity_change,淨值變動表,,3,6,5,True
N31,翠中,112,9,cash_flow,1,cash_flow,現金流量表,,2,21,15,True
N31,翠中,112,14,note,1,cash_detail,,(一) 現金及銀行存款,2,3,3,True
N31,翠中,112,14,note,2,severance_reserve,,1. 資遣費準備,2,4,4,True
N31,翠中,112,14,note,3,severance_reserve,,1. 資遣費準備,2,1,1,True
N31,翠中,112,15,note,1,development_reserve,,2. 業務發展準備,2,3,2,True
N31,翠中,112,15,note,2,development_reserve,,2. 業務發展準備,2,1,1,True
N31,翠中,112,15,note,3,property,,1. 代管財產,4,1,1,True
N31,翠中,112,15,note,4,property,,2. 購置財產,4,1,1,True
N31,翠中,112,15,note,5,property,,2. 購置財產,4,1,1,True
N31,翠中,112,15,note,6,unrouted,,1. 教保費收入,2,4,3,True
N31,翠中,112,16,detail_schedule,1,unrouted,,教保費收入減項,2,6,6,True
N31,翠中,112,16,detail_schedule,2,personnel_detail,,2. 人事費,4,12,12,True
N31,翠中,112,16,detail_schedule,3,personnel_detail,,2. 人事費,4,8,8,True
N31,翠中,112,17,detail_schedule,1,unrouted,,,4,4,4,True
N31,翠中,112,17,detail_schedule,2,operating_detail,,3. 業務費,4,16,16,True
N31,翠中,112,18,detail_schedule,1,operating_detail,,業務費,4,16,16,True
N31,翠中,112,18,detail_schedule,2,material_detail,,4. 材料費,4,5,5,True
N31,翠中,112,19,detail_schedule,1,material_detail,,材料費,4,5,5,True
N31,翠中,112,19,detail_schedule,2,maintenance_detail,,5. 維護費,4,4,4,True
N31,翠中,112,19,detail_schedule,3,maintenance_detail,,5. 維護費,4,4,4,True
N31,翠中,112,20,note,1,unrouted,,6. 延長照顧服務收支,2,5,5,True
N31,翠中,112,20,note,2,other_income_expense,,7. 其他收入及其他支出,1,5,0,True
N31,翠中,112,20,note,3,other_income_expense,,7. 其他收入及其他支出,3,4,4,True
N31,翠中,112,20,note,4,other_income_expense,,7. 其他收入及其他支出,3,4,4,True
N31,翠中,112,20,note,5,project_subsidy,,(1) 專案補助收入及支出,3,7,7,True
N31,翠中,112,24,detail_schedule,1,income_by_function,收支餘絀表-功能別,附表一：收支餘絀表-功能別,1,17,15,True
N31,翠中,112,24,detail_schedule,2,income_by_function,,附表一：收支餘絀表-功能別,1,4,4,True
N31,翠中,112,25,detail_schedule,1,budget_transfer,經費流用及勻支檢查表,附表二：經費流用及勻支檢查表,4,30,30,True
N31,翠中,112,26,detail_schedule,1,multiyear_compare,各學年收支預決算比較表,附表三：各學年收支預決算比較表,8,30,30,True
N31,翠中,112,27,detail_schedule,1,unrouted,,,8,33,32,True
N31,翠中,113,8,equity_change,1,equity_change,淨值變動表,,3,7,7,True
N31,翠中,113,9,cash_flow,1,cash_flow,現金流量表,,2,20,13,True
N31,翠中,113,14,note,1,cash_detail,,(一) 現金及銀行存款,2,3,3,True
N31,翠中,113,14,note,2,severance_reserve,,1. 資遣費準備,2,3,3,True
N31,翠中,113,14,note,3,severance_reserve,,1. 資遣費準備,2,1,1,True
N31,翠中,113,15,note,1,development_reserve,,2. 業務發展準備,2,3,3,True
N31,翠中,113,15,note,2,development_reserve,,2. 業務發展準備,2,1,1,True
N31,翠中,113,15,note,3,property,,1. 代管財產,4,1,1,True
N31,翠中,113,15,note,4,property,,1. 代管財產,4,1,1,True
N31,翠中,113,15,note,5,property,,2. 購置財產,4,1,1,True
N31,翠中,113,15,note,6,property,,2. 購置財產,4,1,1,True
N31,翠中,113,16,detail_schedule,1,unrouted,,(四) 收支明細表 1. 教保費收入,2,10,8,True
N31,翠中,113,16,detail_schedule,2,personnel_detail,,(四) 收支明細表 2. 人事費,4,12,12,True
N31,翠中,113,16,detail_schedule,3,personnel_detail,,(四) 收支明細表 2. 人事費,4,4,4,True
N31,翠中,113,17,detail_schedule,1,personnel_detail,,人事費明細表,4,8,8,True
N31,翠中,113,17,detail_schedule,2,operating_detail,業務費,3. 業務費,4,16,16,True
N31,翠中,113,18,detail_schedule,1,operating_detail,,業務費（延續上方業務費明細表）,4,16,16,True
N31,翠中,113,18,detail_schedule,2,material_detail,,4. 材料費,4,5,5,True
N31,翠中,113,19,detail_schedule,1,material_detail,,4. 材料費（上接前頁）,4,5,5,True
N31,翠中,113,19,detail_schedule,2,maintenance_detail,維護費及修繕購置費,5. 維護費及修繕購置費,4,5,4,True
N31,翠中,113,19,detail_schedule,3,maintenance_detail,,5. 維護費及修繕購置費,4,1,1,True
N31,翠中,113,20,note,1,maintenance_detail,,維護費,4,4,4,True
N31,翠中,113,20,note,2,maintenance_detail,,維護費,4,1,1,True
N31,翠中,113,20,note,3,unrouted,,6. 延長照顧服務收支,2,5,5,True
N31,翠中,113,20,note,4,other_income_expense,,7. 其他收入及其他支出,3,4,4,True
N31,翠中,113,21,detail_schedule,1,agency_passthrough,,(3) 代收代付收入及支出,3,4,4,True
N31,翠中,113,21,detail_schedule,2,project_subsidy,,(1) 專案補助收入及支出,3,8,8,True
N31,翠中,113,21,detail_schedule,3,project_subsidy,,(1) 專案補助收入及支出,3,7,7,True
N31,翠中,113,21,detail_schedule,4,agency_subsidy,,(2) 代收補助收入及支出,3,1,1,True
N31,翠中,113,21,detail_schedule,5,agency_subsidy,,(2) 代收補助收入及支出,3,3,3,True
N31,翠中,113,24,detail_schedule,1,income_by_function,收支餘絀表-功能別,附表一：收支餘絀表-功能別,1,17,14,True
N31,翠中,113,24,detail_schedule,2,income_by_function,,附表一：收支餘絀表-功能別,1,4,4,True
N31,翠中,113,25,detail_schedule,1,budget_transfer,經費流用及勻支檢查表,附表二：經費流用及勻支檢查表,5,30,30,True
N31,翠中,113,26,detail_schedule,1,multiyear_compare,各學年收支預決算比較表,附表三：各學年收支預決算比較表,12,31,31,True
N31,翠中,113,27,detail_schedule,1,unrouted,,,12,32,31,True
N32,板橋員工子女,111,7,equity_change,1,equity_change,淨值變動表,,3,3,2,True
N32,板橋員工子女,111,8,cash_flow,1,cash_flow,現金流量表,,1,19,11,True
N32,板橋員工子女,111,13,note,1,cash_detail,,(一) 現金及銀行存款,1,3,3,True
N32,板橋員工子女,111,13,note,2,severance_reserve,,1. 資遣費準備,1,3,2,True
N32,板橋員工子女,111,13,note,3,severance_reserve,,1. 資遣費準備,1,1,0,True
N32,板橋員工子女,111,13,note,4,development_reserve,,2. 業務發展準備,1,3,2,True
N32,板橋員工子女,111,13,note,5,development_reserve,,2. 業務發展準備,1,1,1,True
N32,板橋員工子女,111,14,detail_schedule,1,property,購置財產,(三) 營運資產,4,1,1,True
N32,板橋員工子女,111,14,detail_schedule,2,unrouted,,(四) 收支明細表 1. 教保費收入,1,10,8,True
N32,板橋員工子女,111,14,detail_schedule,3,personnel_detail,,(四) 收支明細表 2. 人事費,4,12,12,True
N32,板橋員工子女,111,15,detail_schedule,1,operating_detail,,3.　業務費,4,14,14,True
N32,板橋員工子女,111,15,detail_schedule,2,material_detail,,4.　材料費,4,5,5,True
N32,板橋員工子女,111,16,detail_schedule,1,maintenance_detail,,5.　維護費,4,4,4,True
N32,板橋員工子女,111,16,detail_schedule,2,other_income_expense,,6.　其他收入及其他支出,3,4,4,True
N32,板橋員工子女,111,20,detail_schedule,1,income_by_function,收支餘絀表-功能別,附表一：收支餘絀表-功能別,1,17,13,True
N32,板橋員工子女,111,20,detail_schedule,2,income_by_function,,附表一：收支餘絀表-功能別,2,4,4,True
N32,板橋員工子女,111,21,detail_schedule,1,budget_transfer,經費流用及勻支檢查表,附表二：經費流用及勻支檢查表,4,28,28,True
N32,板橋員工子女,111,22,detail_schedule,1,multiyear_compare,各學年收支預決算比較表,附表三：各學年收支預決算比較表,4,33,33,True
N32,板橋員工子女,111,23,detail_schedule,1,unrouted,,,4,26,25,True
N32,板橋員工子女,112,8,equity_change,1,equity_change,淨值變動表,,3,6,5,True
N32,板橋員工子女,112,9,cash_flow,1,cash_flow,現金流量表,,2,19,12,True
N32,板橋員工子女,112,14,note,1,cash_detail,,(一) 現金及銀行存款,2,3,3,True
N32,板橋員工子女,112,14,note,2,severance_reserve,,1. 資遣費準備,2,3,3,True
N32,板橋員工子女,112,14,note,3,severance_reserve,,1. 資遣費準備,2,1,1,True
N32,板橋員工子女,112,15,note,1,development_reserve,,2. 業務發展準備,2,3,3,True
N32,板橋員工子女,112,15,note,2,development_reserve,,2. 業務發展準備,2,1,1,True
N32,板橋員工子女,112,15,note,3,property,,1. 購置財產,4,1,1,True
N32,板橋員工子女,112,15,note,4,property,,1. 購置財產,4,1,1,True
N32,板橋員工子女,112,15,note,5,unrouted,,1. 教保費收入,2,10,8,True
N32,板橋員工子女,112,16,detail_schedule,1,personnel_detail,,2. 人事費,4,12,12,True
N32,板橋員工子女,112,16,detail_schedule,2,personnel_detail,,2. 人事費,4,12,12,True
N32,板橋員工子女,112,17,detail_schedule,1,operating_detail,,3. 業務費,4,14,14,True
N32,板橋員工子女,112,17,detail_schedule,2,operating_detail,,3. 業務費,4,14,14,True
N32,板橋員工子女,112,18,note,1,material_detail,,4. 材料費,4,5,5,True
N32,板橋員工子女,112,18,note,2,material_detail,,4. 材料費,4,5,5,True
N32,板橋員工子女,112,19,note,1,maintenance_detail,維護費,5. 維護費,4,4,4,True
N32,板橋員工子女,112,19,note,2,maintenance_detail,維護費,5. 維護費,4,4,4,True
N32,板橋員工子女,112,19,note,3,unrouted,,6. 延長照顧服務收支,2,5,3,True
N32,板橋員工子女,112,19,note,4,other_income_expense,,7. 其他收入及其他支出,3,4,4,True
N32,板橋員工子女,112,20,detail_schedule,1,unrouted,,,3,4,4,True
N32,板橋員工子女,112,20,detail_schedule,2,project_subsidy,,(1)　專案補助收入及支出,3,6,6,True
N32,板橋員工子女,112,20,detail_schedule,3,project_subsidy,,(1)　專案補助收入及支出,3,7,7,True
N32,板橋員工子女,112,20,detail_schedule,4,agency_subsidy,,(2)　代收補助收入及支出,3,1,1,True
N32,板橋員工子女,112,20,detail_schedule,5,agency_subsidy,,(2)　代收補助收入及支出,3,3,3,True
N32,板橋員工子女,112,20,detail_schedule,6,agency_passthrough,,(3)　代收代付收入及支出,3,1,1,True
N32,板橋員工子女,112,23,detail_schedule,1,income_by_function,收支餘絀表－功能別,附表一：收支餘絀表-功能別,1,17,13,True
N32,板橋員工子女,112,23,detail_schedule,2,income_by_function,,附表一：收支餘絀表-功能別,2,4,4,True
N32,板橋員工子女,112,24,detail_schedule,1,budget_transfer,經費流用及勻支檢查表,附表二：經費流用及勻支檢查表,4,28,28,True
N32,板橋員工子女,112,25,detail_schedule,1,unrouted,各學年收支預算決算比較表,附表三：各學年收支預算決算比較表,8,29,29,True
N32,板橋員工子女,112,26,detail_schedule,1,unrouted,,,8,30,29,True
N32,板橋員工子女,113,8,equity_change,1,equity_change,淨值變動表,,3,7,7,True
N32,板橋員工子女,113,9,cash_flow,1,cash_flow,現金流量表,,2,20,13,True
N32,板橋員工子女,113,14,note,1,cash_detail,,(一) 現金及銀行存款,2,3,3,True
N32,板橋員工子女,113,14,note,2,severance_reserve,,1. 資遣費準備,2,3,3,True
N32,板橋員工子女,113,14,note,3,severance_reserve,,1. 資遣費準備,2,1,1,True
N32,板橋員工子女,113,15,note,1,development_reserve,,2. 業務發展準備,2,3,3,True
N32,板橋員工子女,113,15,note,2,development_reserve,,2. 業務發展準備,2,1,1,True
N32,板橋員工子女,113,15,note,3,property,,1. 購置財產,4,1,1,True
N32,板橋員工子女,113,15,note,4,property,,1. 購置財產,4,1,1,True
N32,板橋員工子女,113,15,note,5,unrouted,,1. 教保費收入,2,11,9,True
N32,板橋員工子女,113,16,detail_schedule,1,personnel_detail,,1. 人事費,4,12,12,True
N32,板橋員工子女,113,16,detail_schedule,2,personnel_detail,,1. 人事費,4,12,12,True
N32,板橋員工子女,113,17,detail_schedule,1,operating_detail,,2. 業務費,4,14,14,True
N32,板橋員工子女,113,17,detail_schedule,2,operating_detail,,2. 業務費,4,14,14,True
N32,板橋員工子女,113,18,detail_schedule,1,material_detail,,3. 材料費,4,5,5,True
N32,板橋員工子女,113,18,detail_schedule,2,material_detail,,3. 材料費,4,5,5,True
N32,板橋員工子女,113,19,note,1,maintenance_detail,,4. 維護費及修繕購置費,4,5,4,True
N32,板橋員工子女,113,19,note,2,maintenance_detail,,4. 維護費及修繕購置費,4,1,1,True
N32,板橋員工子女,113,19,note,3,maintenance_detail,,4. 維護費及修繕購置費,4,5,4,True
N32,板橋員工子女,113,19,note,4,maintenance_detail,,4. 維護費及修繕購置費,4,1,1,True
N32,板橋員工子女,113,19,note,5,unrouted,,5. 延長照顧服務收支,2,5,3,True
N32,板橋員工子女,113,20,detail_schedule,1,other_income_expense,,6. 其他收入及其他支出,3,4,4,True
N32,板橋員工子女,113,20,detail_schedule,2,other_income_expense,,6. 其他收入及其他支出,3,4,4,True
N32,板橋員工子女,113,20,detail_schedule,3,project_subsidy,,(1) 專案補助收入及支出,3,8,8,True
N32,板橋員工子女,113,20,detail_schedule,4,project_subsidy,,(1) 專案補助收入及支出,3,6,6,True
N32,板橋員工子女,113,20,detail_schedule,5,agency_subsidy,,(2) 代收補助收入及支出,3,1,1,True
N32,板橋員工子女,113,23,detail_schedule,1,income_by_function,收支餘絀表－功能別,附表一：收支餘絀表-功能別,1,17,13,True
N32,板橋員工子女,113,23,detail_schedule,2,income_by_function,,附表一：收支餘絀表-功能別,1,4,4,True
N32,板橋員工子女,113,24,detail_schedule,1,budget_transfer,經費流用及勻支檢查表,附表二：經費流用及勻支檢查表,4,28,28,True
N32,板橋員工子女,113,25,detail_schedule,1,multiyear_compare,各學年收支預決算比較表,附表三：各學年收支預決算比較表,12,30,30,True
N32,板橋員工子女,113,26,detail_schedule,1,unrouted,,,12,30,29,True
N33,淡海,112,7,equity_change,1,equity_change,淨值變動表,,3,3,2,True
N33,淡海,112,8,cash_flow,1,cash_flow,現金流量表,,1,22,14,True
N33,淡海,112,13,note,1,cash_detail,,(一) 現金及銀行存款,1,3,3,True
N33,淡海,112,13,note,2,severance_reserve,,1. 資遣費準備,1,3,2,True
N33,淡海,112,13,note,3,severance_reserve,,1. 資遣費準備,1,1,1,True
N33,淡海,112,14,note,1,development_reserve,,2. 業務發展準備,1,3,2,True
N33,淡海,112,14,note,2,development_reserve,,2. 業務發展準備,1,1,1,True
N33,淡海,112,14,note,3,property,,"(三) 營運資產
1.代管財產",4,1,1,True
N33,淡海,112,14,note,4,property,,"(三) 營運資產
2.購置財產",4,1,1,True
N33,淡海,112,14,note,5,unrouted,,"(四) 收支明細表
1. 教保費收入",1,11,9,True
N33,淡海,112,15,detail_schedule,1,personnel_detail,,2. 人事費,4,12,12,True
N33,淡海,112,15,detail_schedule,2,operating_detail,,3. 業務費,4,8,8,True
N33,淡海,112,16,detail_schedule,1,unrouted,,,4,8,8,True
N33,淡海,112,16,detail_schedule,2,material_detail,,4.　材料費,4,5,5,True
N33,淡海,112,17,note,1,maintenance_detail,,5. 維護費,4,4,4,True
N33,淡海,112,17,note,2,unrouted,,6. 延長照顧服務收支,1,5,4,True
N33,淡海,112,17,note,3,other_income_expense,,7. 其他收入及其他支出,3,4,4,True
N33,淡海,112,17,note,4,project_subsidy,,(1) 專案補助收入及支出,3,5,5,True
N33,淡海,112,20,detail_schedule,1,income_by_function,收支餘絀表－功能別,附表一：收支餘絀表-功能別,1,17,15,True
N33,淡海,112,20,detail_schedule,2,income_by_function,,附表一：收支餘絀表-功能別,1,4,4,True
N33,淡海,112,21,detail_schedule,1,budget_transfer,經費流用及勻支檢查表,附表二：經費流用及勻支檢查表,4,30,30,True
N33,淡海,112,22,detail_schedule,1,multiyear_compare,各學年收支預決算比較表,附表三：各學年收支預決算比較表,4,33,33,True
N33,淡海,112,23,detail_schedule,1,unrouted,,,4,29,29,True
N33,淡海,113,8,equity_change,1,equity_change,淨值變動表,,3,6,5,True
N33,淡海,113,9,cash_flow,1,cash_flow,現金流量表,,2,22,15,True
N33,淡海,113,14,note,1,cash_detail,,(一) 現金及銀行存款,2,3,3,True
N33,淡海,113,14,note,2,severance_reserve,,1. 資遣費準備,2,3,3,True
N33,淡海,113,14,note,3,severance_reserve,,1. 資遣費準備,2,1,1,True
N33,淡海,113,15,note,1,development_reserve,,2. 業務發展準備,2,3,3,True
N33,淡海,113,15,note,2,development_reserve,,2. 業務發展準備,2,1,1,True
N33,淡海,113,15,note,3,property,,1. 代管財產,4,1,1,True
N33,淡海,113,15,note,4,property,,1. 代管財產,4,1,1,True
N33,淡海,113,15,note,5,property,,2. 購置財產,4,1,1,True
N33,淡海,113,15,note,6,property,,2. 購置財產,4,1,1,True
N33,淡海,113,16,detail_schedule,1,unrouted,,(四) 收支明細表 1. 教保費收入,2,11,9,True
N33,淡海,113,16,detail_schedule,2,personnel_detail,,(四) 收支明細表 2. 人事費,4,12,12,True
N33,淡海,113,16,detail_schedule,3,personnel_detail,,(四) 收支明細表 2. 人事費,4,3,3,True
N33,淡海,113,17,detail_schedule,1,unrouted,,,4,9,9,True
N33,淡海,113,17,detail_schedule,2,operating_detail,,3. 業務費,4,16,16,True
N33,淡海,113,18,detail_schedule,1,unrouted,,,4,16,16,True
N33,淡海,113,18,detail_schedule,2,material_detail,材料費,4. 材料費,4,5,5,True
N33,淡海,113,19,detail_schedule,1,material_detail,,材料費各細項經費,4,5,5,True
N33,淡海,113,19,detail_schedule,2,maintenance_detail,維護費及修繕費購置費,5. 維護費及修繕費購置費,4,5,4,True
N33,淡海,113,19,detail_schedule,3,maintenance_detail,,5. 維護費及修繕費購置費,4,1,1,True
N33,淡海,113,19,detail_schedule,4,maintenance_detail,,5. 維護費及修繕費購置費,4,5,4,True
N33,淡海,113,20,detail_schedule,1,maintenance_detail,,修繕購置費,4,1,1,True
N33,淡海,113,20,detail_schedule,2,unrouted,,6. 延長照顧服務收支,2,5,4,True
N33,淡海,113,20,detail_schedule,3,other_income_expense,,7. 其他收入及其他支出,3,4,4,True
N33,淡海,113,20,detail_schedule,4,other_income_expense,,7. 其他收入及其他支出,3,4,4,True
N33,淡海,113,21,detail_schedule,1,project_subsidy,,(1) 專案補助收入及支出,3,7,7,True
N33,淡海,113,21,detail_schedule,2,project_subsidy,,(1) 專案補助收入及支出,3,5,5,True
N33,淡海,113,21,detail_schedule,3,agency_subsidy,,(2) 代收補助收入及支出,3,3,3,True
N33,淡海,113,21,detail_schedule,4,agency_subsidy,,(2) 代收補助收入及支出,3,4,4,True
N33,淡海,113,21,detail_schedule,5,agency_passthrough,,(3) 代收代付收入及支出,3,1,1,True
N33,淡海,113,21,detail_schedule,6,agency_passthrough,,(3) 代收代付收入及支出,3,1,1,True
N33,淡海,113,24,detail_schedule,1,income_by_function,收支餘絀表－功能別,附表一：收支餘絀表-功能別,1,17,15,True
N33,淡海,113,24,detail_schedule,2,income_by_function,,附表一：收支餘絀表-功能別,2,4,4,True
N33,淡海,113,25,detail_schedule,1,budget_transfer,經費流用及勻支檢查表,附表二：經費流用及勻支檢查表,5,30,30,True
N33,淡海,113,26,detail_schedule,1,multiyear_compare,各學年收支預決算比較表,附表三：各學年收支預決算比較表,8,30,30,True
N33,淡海,113,27,detail_schedule,1,unrouted,,,8,32,32,True
N34,佳和,112,7,equity_change,1,unrouted,學值變動表,,3,3,2,True
N34,佳和,112,8,cash_flow,1,cash_flow,現金流量表,,1,21,13,True
N34,佳和,112,13,note,1,cash_detail,,(一）現金及銀行存款,1,3,3,True
N34,佳和,112,13,note,2,severance_reserve,,1. 資遣費準備,1,3,2,True
N34,佳和,112,13,note,3,severance_reserve,,1. 資遣費準備,1,1,0,True
N34,佳和,112,14,note,1,development_reserve,,2. 業務發展準備,1,3,2,True
N34,佳和,112,14,note,2,development_reserve,,2. 業務發展準備,1,1,0,True
N34,佳和,112,14,note,3,property,,1.代管財產,4,1,1,True
N34,佳和,112,14,note,4,property,,2.購置財產,4,1,1,True
N34,佳和,112,14,note,5,unrouted,,1. 教保費收入,1,11,9,True
N34,佳和,112,15,detail_schedule,1,personnel_detail,,2. 人事費,4,12,12,True
N34,佳和,112,15,detail_schedule,2,operating_detail,,3. 業務費,4,9,9,True
N34,佳和,112,16,detail_schedule,1,unrouted,,,4,7,7,True
N34,佳和,112,16,detail_schedule,2,material_detail,,4.　材料費,4,5,5,True
N34,佳和,112,16,detail_schedule,3,maintenance_detail,,5.　維護費,4,4,4,True
N34,佳和,112,17,note,1,unrouted,,6. 延長照顧服務收支,1,5,4,True
N34,佳和,112,17,note,2,other_income_expense,,7. 其他收入及其他支出,3,5,4,True
N34,佳和,112,17,note,3,project_subsidy,,(1) 專案補助收入及支出,3,6,5,True
N34,佳和,112,17,note,4,agency_subsidy,,(2) 代收補助收入及支出,3,4,3,True
N34,佳和,112,17,note,5,agency_passthrough,,(3) 代收代付收入及支出,3,2,1,True
N34,佳和,112,20,detail_schedule,1,income_by_function,收支餘絀表－功能別,附表一：收支餘絀表-功能別,1,17,14,True
N34,佳和,112,20,detail_schedule,2,income_by_function,,附表一：收支餘絀表-功能別,1,4,4,True
N34,佳和,112,21,detail_schedule,1,budget_transfer,經費流用及勻支檢查表,附表二：經費流用及勻支檢查表,5,31,31,True
N34,佳和,112,22,detail_schedule,1,multiyear_compare,各學年收支預決算比較表,附表三：各學年收支預決算比較表,4,33,33,True
N34,佳和,112,23,detail_schedule,1,unrouted,,,4,30,29,True
N34,佳和,113,8,equity_change,1,equity_change,淨值變動表,,3,6,4,True
N34,佳和,113,9,cash_flow,1,cash_flow,現金流量表,,2,21,14,True
N34,佳和,113,14,note,1,cash_detail,,(一) 現金及銀行存款,2,3,3,True
N34,佳和,113,14,note,2,severance_reserve,,1. 資遣費準備,2,3,3,True
N34,佳和,113,14,note,3,severance_reserve,,1. 資遣費準備,2,1,1,True
N34,佳和,113,15,note,1,development_reserve,,2. 業務發展準備,2,3,3,True
N34,佳和,113,15,note,2,development_reserve,,2. 業務發展準備,2,1,1,True
N34,佳和,113,15,note,3,property,,1. 代管財產,4,2,1,True
N34,佳和,113,15,note,4,property,,1. 代管財產,4,2,1,True
N34,佳和,113,15,note,5,property,,2. 購置財產,4,2,1,True
N34,佳和,113,15,note,6,property,,2. 購置財產,4,2,1,True
N34,佳和,113,16,detail_schedule,1,unrouted,,(四) 收支明細表 1. 教保費收入,2,11,9,True
N34,佳和,113,16,detail_schedule,2,personnel_detail,,(四) 收支明細表 2. 人事費,4,12,12,True
N34,佳和,113,16,detail_schedule,3,personnel_detail,,(四) 收支明細表 2. 人事費,4,4,4,True
N34,佳和,113,17,detail_schedule,1,personnel_detail,,人事費明細（續）,4,8,8,True
N34,佳和,113,17,detail_schedule,2,operating_detail,,3. 業務費,4,16,16,True
N34,佳和,113,18,detail_schedule,1,operating_detail,,業務費,4,16,16,True
N34,佳和,113,18,detail_schedule,2,material_detail,材料費,4. 材料費,4,5,5,True
N34,佳和,113,19,detail_schedule,1,material_detail,,材料費,4,5,5,True
N34,佳和,113,19,detail_schedule,2,maintenance_detail,維護費及修繕費購置費,5. 維護費及修繕費購置費,4,5,4,True
N34,佳和,113,19,detail_schedule,3,maintenance_detail,,5. 維護費及修繕費購置費,4,1,1,True
N34,佳和,113,19,detail_schedule,4,maintenance_detail,,5. 維護費及修繕費購置費,4,5,4,True
N34,佳和,113,19,detail_schedule,5,maintenance_detail,,5. 維護費及修繕費購置費,4,1,1,True
N34,佳和,113,20,note,1,unrouted,,6. 延長照顧服務收支,2,5,5,True
N34,佳和,113,20,note,2,other_income_expense,,7. 其他收入及其他支出,3,4,4,True
N34,佳和,113,20,note,3,other_income_expense,,7. 其他收入及其他支出,3,4,4,True
N34,佳和,113,20,note,4,project_subsidy,,(1) 專案補助收入及支出,3,6,6,True
N34,佳和,113,24,detail_schedule,1,income_by_function,收支餘絀表－功能別,附表一：收支餘絀表-功能別,1,17,13,True
N34,佳和,113,24,detail_schedule,2,unrouted,,"補充說明：教保費收支淨額金額為2,554,558元，分析如下：",1,4,4,True
N34,佳和,113,25,detail_schedule,1,budget_transfer,經費流用及勻支檢查表,附表二：經費流用及勻支檢查表,5,31,31,True
N34,佳和,113,26,detail_schedule,1,multiyear_compare,各學年收支預決算比較表,附表三：各學年收支預決算比較表,8,30,30,True
N34,佳和,113,27,detail_schedule,1,unrouted,,,8,34,33,True
N35,桃子腳,113,7,equity_change,1,equity_change,淨值變動表,,3,3,2,True
N35,桃子腳,113,8,cash_flow,1,cash_flow,現金流量表,,1,20,13,True
N35,桃子腳,113,13,note,1,cash_detail,,(一) 現金及銀行存款,1,3,3,True
N35,桃子腳,113,13,note,2,severance_reserve,,1. 資遣費準備,1,3,2,True
N35,桃子腳,113,13,note,3,severance_reserve,,1. 資遣費準備,1,1,1,True
N35,桃子腳,113,14,note,1,development_reserve,,2. 業務發展準備,1,3,2,True
N35,桃子腳,113,14,note,2,development_reserve,,2. 業務發展準備,1,1,1,True
N35,桃子腳,113,14,note,3,property,,1.代管財產,1,2,1,True
N35,桃子腳,113,14,note,4,property,,1.代管財產,4,1,1,True
N35,桃子腳,113,14,note,5,property,,2.購置財產,4,1,1,True
N35,桃子腳,113,14,note,6,unrouted,,1. 教保費收入,1,11,9,True
N35,桃子腳,113,15,detail_schedule,1,personnel_detail,,2. 人事費,4,12,12,True
N35,桃子腳,113,15,detail_schedule,2,operating_detail,,3. 業務費,4,8,8,True
N35,桃子腳,113,16,detail_schedule,1,operating_detail,,業務費（續）,4,8,8,True
N35,桃子腳,113,16,detail_schedule,2,material_detail,,4.　材料費,4,5,5,True
N35,桃子腳,113,17,detail_schedule,1,maintenance_detail,,5. 維護費及修繕購置費,4,5,4,True
N35,桃子腳,113,17,detail_schedule,2,maintenance_detail,,5. 維護費及修繕購置費,4,1,1,True
N35,桃子腳,113,17,detail_schedule,3,unrouted,,6. 延長照顧服務收支,1,5,3,True
N35,桃子腳,113,17,detail_schedule,4,other_income_expense,,7. 其他收入及其他支出,3,4,4,True
N35,桃子腳,113,20,detail_schedule,1,income_by_function,收支餘絀表-功能別,附表一：收支餘絀表-功能別,1,17,14,True
N35,桃子腳,113,20,detail_schedule,2,unrouted,,"補充說明：教保費收支淨額金額為4,052,675元，分析如下：",1,4,4,True
N35,桃子腳,113,21,detail_schedule,1,budget_transfer,經費流用及勻支檢查表,附表二：經費流用及勻支檢查表,5,30,30,True
N35,桃子腳,113,22,detail_schedule,1,multiyear_compare,各學年收支預決算比較表,附表三：各學年收支預決算比較表,4,33,33,True
N35,桃子腳,113,23,detail_schedule,1,unrouted,,,4,29,28,True
N36,明德,113,7,equity_change,1,equity_change,淨值變動表,,3,3,2,True
N36,明德,113,8,cash_flow,1,cash_flow,現金流量表,,1,17,9,True
N36,明德,113,13,note,1,cash_detail,,(一) 現金及銀行存款,1,3,3,True
N36,明德,113,13,note,2,severance_reserve,,1. 資遣費準備,1,3,2,True
N36,明德,113,13,note,3,severance_reserve,,1. 資遣費準備,1,1,1,True
N36,明德,113,14,detail_schedule,1,property,,(三) 營運資產 1.代管財產,4,1,1,True
N36,明德,113,14,detail_schedule,2,property,,(三) 營運資產 2.購置財產,4,1,1,True
N36,明德,113,14,detail_schedule,3,unrouted,,(四) 收支明細表 1. 教保費收入,1,11,9,True
N36,明德,113,14,detail_schedule,4,personnel_detail,,(四) 收支明細表 2. 人事費,4,5,5,True
N36,明德,113,15,detail_schedule,1,personnel_detail,,人事費明細,4,7,7,True
N36,明德,113,15,detail_schedule,2,operating_detail,業務費,3.　業務費,4,16,16,True
N36,明德,113,16,detail_schedule,1,material_detail,材料費,4. 材料費,4,5,5,True
N36,明德,113,17,detail_schedule,1,maintenance_detail,維護費,5. 維護費及修繕購置費,4,4,4,True
N36,明德,113,17,detail_schedule,2,maintenance_detail,修繕購置費,5. 維護費及修繕購置費,4,1,1,True
N36,明德,113,17,detail_schedule,3,unrouted,,6. 延長照顧服務收支,1,5,4,True
N36,明德,113,17,detail_schedule,4,other_income_expense,,7. 其他收入及其他支出,3,4,4,True
N36,明德,113,20,detail_schedule,1,income_by_function,收支餘絀表－功能別,附表一：收支餘絀表-功能別,1,17,12,True
N36,明德,113,20,detail_schedule,2,unrouted,,"補充說明：教保費收支淨額金額為1,355,898元，分析如下：",1,4,4,True
N36,明德,113,21,detail_schedule,1,budget_transfer,經費流用及勻支檢查表,附表二：經費流用及勻支檢查表,4,31,31,True
N37,清水高中,113,7,equity_change,1,equity_change,淨值變動表,,3,3,2,True
N37,清水高中,113,8,cash_flow,1,cash_flow,現金流量表,,1,19,11,True
N37,清水高中,113,13,note,1,cash_detail,,(一) 現金及銀行存款,1,4,4,True
N37,清水高中,113,13,note,2,severance_reserve,,1. 資遣費準備,1,3,2,True
N37,清水高中,113,13,note,3,severance_reserve,,1. 資遣費準備,1,1,1,True
N37,清水高中,113,14,note,1,development_reserve,,2. 業務發展準備,1,3,2,True
N37,清水高中,113,14,note,2,development_reserve,,2. 業務發展準備,1,1,1,True
N37,清水高中,113,14,note,3,property,,1.代管財產,1,1,0,True
N37,清水高中,113,14,note,4,property,,1.代管財產,4,1,1,True
N37,清水高中,113,14,note,5,property,,2.購置財產,4,1,1,True
N37,清水高中,113,14,note,6,unrouted,,1. 教保費收入,1,11,9,True
N37,清水高中,113,15,detail_schedule,1,personnel_detail,,2. 人事費,4,12,12,True
N37,清水高中,113,15,detail_schedule,2,operating_detail,,3. 業務費,4,10,10,True
N37,清水高中,113,16,detail_schedule,1,unrouted,,,4,6,6,True
N37,清水高中,113,16,detail_schedule,2,material_detail,,4. 材料費,4,5,5,True
N37,清水高中,113,17,detail_schedule,1,maintenance_detail,維護費及修繕購置費,5. 維護費及修繕購置費,4,5,4,True
N37,清水高中,113,17,detail_schedule,2,maintenance_detail,修繕購置費,5. 維護費及修繕購置費,4,1,1,True
N37,清水高中,113,17,detail_schedule,3,unrouted,,6. 延長照顧服務收支,1,5,5,True
N37,清水高中,113,17,detail_schedule,4,other_income_expense,,7. 其他收入及其他支出,3,5,5,True
N37,清水高中,113,20,detail_schedule,1,income_by_function,收支餘絀表-功能別,附表一：收支餘絀表-功能別,1,17,15,True
N37,清水高中,113,20,detail_schedule,2,income_by_function,,附表一：收支餘絀表-功能別,2,4,4,True
N37,清水高中,113,21,detail_schedule,1,budget_transfer,經費流用及勻支檢查表,附表二：經費流用及勻支檢查表,5,30,30,True
N37,清水高中,113,22,detail_schedule,1,multiyear_compare,各學年收支預決算比較表,附表三：各學年收支預決算比較表,4,33,33,True
N37,清水高中,113,23,detail_schedule,1,unrouted,,,4,30,29,True
N38,崁頂,113,7,equity_change,1,equity_change,淨值變動表,,3,3,2,True
N38,崁頂,113,8,cash_flow,1,cash_flow,現金流量表,,1,17,9,True
N38,崁頂,113,13,note,1,cash_detail,,(一) 現金及銀行存款,1,3,3,True
N38,崁頂,113,13,note,2,severance_reserve,,1. 資遣費準備,1,4,3,True
N38,崁頂,113,13,note,3,severance_reserve,,1. 資遣費準備,1,1,1,True
N38,崁頂,113,14,note,1,development_reserve,,2. 業務發展準備,1,3,2,True
N38,崁頂,113,14,note,2,development_reserve,,2. 業務發展準備,1,1,1,True
N38,崁頂,113,14,note,3,property,,1. 代管財產,1,1,0,True
N38,崁頂,113,14,note,4,property,,1. 代管財產,4,1,1,True
N38,崁頂,113,14,note,5,property,,2. 購置財產,4,1,1,True
N38,崁頂,113,14,note,6,unrouted,,3. 教保費收入,1,10,8,True
N38,崁頂,113,15,detail_schedule,1,personnel_detail,,4. 人事費,4,12,12,True
N38,崁頂,113,15,detail_schedule,2,operating_detail,,5. 業務費,4,9,9,True
N38,崁頂,113,16,detail_schedule,1,unrouted,,,4,7,7,True
N38,崁頂,113,16,detail_schedule,2,material_detail,,6. 材料費,4,5,5,True
N38,崁頂,113,16,detail_schedule,3,maintenance_detail,,7. 維護費及修繕購置費,4,4,4,True
N38,崁頂,113,17,note,1,maintenance_detail,,修繕購置費,4,1,1,True
N38,崁頂,113,17,note,2,unrouted,,8. 延長照顧服務收支,1,5,4,True
N38,崁頂,113,17,note,3,other_income_expense,,9. 其他收入及其他支出,3,4,4,True
N38,崁頂,113,17,note,4,project_subsidy,,(1) 專案補助收入及支出,3,6,6,True
N38,崁頂,113,20,detail_schedule,1,income_by_function,收支餘絀表－功能別,附表一：收支餘絀表-功能別,1,17,14,True
N38,崁頂,113,20,detail_schedule,2,income_by_function,,附表一：收支餘絀表-功能別,1,4,4,True
N38,崁頂,113,21,detail_schedule,1,budget_transfer,經費流用及勻支檢查表,附表二：經費流用及勻支檢查表,4,31,31,True
N38,崁頂,113,22,detail_schedule,1,multiyear_compare,各學年收支預決算比較表,附表三：各學年收支預決算比較表,4,33,33,True
N38,崁頂,113,23,detail_schedule,1,unrouted,,,4,29,28,True
