id,title,type,town,place_id,google_name,google_address,rating,review_count,match_basis
8731db07-330b-449b-bb0f-ed6c3f040101,新北市私立智盛幼兒園,私立,林口區,ChIJw8Yznd-mQjQRQaLxkeYR_4Q,智盛幼兒園,244台灣新北市林口區仁愛里文化一路一段120號林口國宅黃昏市場,1.8,5,Google 名稱含可辨識名稱
b4982ad9-ae8e-4528-8232-e922ee0eca31,新北市私立幼苗國際幼兒園,私立,三重區,ChIJrc0-w8KoQjQRWjdal2zkAEY,幼苗國際幼兒園,241台灣新北市三重區培德里中正北路165巷2號,4.7,220,Google 名稱含可辨識名稱
d3529bca-98d5-4761-9ff3-40ee3716d1dc,新北市私立景光幼兒園,私立,中和區,ChIJgRK58q8DaDQRxGmtrUg3Xc4,新北市私立景光幼兒園,23577台灣新北市中和區景南里景新街437巷10號,4.8,4,Google 名稱含可辨識名稱
148001c6-5150-43d5-8a64-5937a9dd2e3a,新北市私立維珍妮幼兒園,私立,五股區,ChIJ1WWa7lSvQjQRjLZdDTnmTrY,新北市私立維珍妮幼兒園,248台灣新北市五股區成州里西雲路288號,4.6,12,Google 名稱含可辨識名稱
4273705a-5297-4025-a88b-f133cf5f6bca,新北市私立吉尼爾幼兒園,私立,新莊區,ChIJpWF6tX2oQjQRK9mtnJEdnRU,邦仁國際文教機構吉尼爾幼兒園,242台灣新莊區中隆里中華路二段159號,4.4,19,Google 名稱含可辨識名稱
60ff647e-9f81-40a8-8f7e-9aa54cac7dc8,新北市私立學仕幼兒園,私立,三重區,ChIJZTGIFOKoQjQRHxq5IBmFuHA,新北市私立學仕幼兒園,241台灣新北市三重區重新路三段202號,3,6,Google 名稱含可辨識名稱
d1593649-cd42-4325-a826-900e719f0680,新北市私立南蒂亞幼兒園,私立,林口區,ChIJj1VoRjunQjQRhlKFIP8zHck,南蒂亞國際幼兒園｜林口雙語幼兒園｜芝麻街認證機構｜Nadia Kindergarten｜Sesame Street Linkou,244台灣新北市林口區南勢里三民路73號,4.9,58,Google 名稱含可辨識名稱
d61a1eba-cf26-4627-b11a-15bf04a64a57,新北市私立緹家寶幼兒園,私立,板橋區,ChIJmXB1YBKoQjQRtma6BXijfL0,緹家寶幼兒園,220台灣新北市板橋區吉翠里新海路416號,3.7,3,Google 名稱含可辨識名稱
00ac631e-b98e-428f-9d79-d10a4ed4ed9a,新北市私立嘉府幼兒園,私立,土城區,ChIJRxdwA8kCaDQRgQq9d-oWdQ0,嘉府幼兒園,236台灣新北市土城區學府里學府路一段155巷2號2樓,3,2,Google 名稱含可辨識名稱
30f43a37-8653-43fb-bc32-9ded0c010e9a,新北市私立兆元幼兒園,私立,中和區,ChIJOTgTDkwDaDQRRDoKWuspU3w,新北市私立兆元幼兒園,235台灣新北市中和區復興里復興路280巷46弄3號1樓,4.9,12,Google 名稱含可辨識名稱
90ed51b5-00b2-4cc8-ba4a-3d15d0ad1901,新北市私立興南幼兒園,私立,中和區,ChIJRRqRUysDaDQRiNUzr5yCBWw,何嘉仁興南幼兒園,235台灣新北市中和區景本里景新街347號2樓,4.5,46,Google 名稱含可辨識名稱
a4a2f21d-fcaf-4d5c-bde3-149c18f95955,新北市私立民生幼兒園,私立,新莊區,ChIJ3akItGSoQjQR-eRT4z01lKU,新北市私立民生幼兒園,24254台灣新北市新莊區自立里自立街214巷9弄3號1樓,3.2,29,Google 名稱含可辨識名稱
c9db2acc-ec78-4809-b1a6-e4f4483a3e4b,新北市私立汐止名人幼兒園,私立,汐止區,ChIJSaBEbGtTXTQROXzNABLWuQc,新北市私立汐止名人幼兒園,221台灣汐止區大同里大同路二段240號,3.7,15,Google 名稱含可辨識名稱
d6323aea-bb9f-43fd-9065-afda30b807fe,新北市私立及仁幼兒園,私立,鶯歌區,ChIJByZOzsEeaDQR-UiiUbTx7iU,新北市私立及仁幼兒園,239台灣新北市鶯歌區鳳福里鳳吉一街172號,3.5,17,Google 名稱含可辨識名稱
df65b2a1-e05d-420e-aa85-8a752e351c9d,新北市私立皇佳幼兒園,私立,板橋區,,,,,,Google 回傳 1 筆但名稱皆不含「皇佳」
600d045a-d2b3-4e9d-af52-fc8e4f43804f,新北市私立華納幼兒園,私立,三重區,ChIJh5SZMeSoQjQRq4ACnoyMsJs,新北市私立華納托兒所,241台灣新北市三重區光田里新北大道一段115號B1,4.2,44,Google 名稱含可辨識名稱
82171ef0-86b6-4c61-bef8-d6f4079bd78d,新北市私立土城育全幼兒園,私立,土城區,ChIJv-GE5LcCaDQRoI_9pgMpwXw,新北市私立土城育全幼兒園,236台灣新北市土城區埤林里學府路一段98巷32號,3.4,40,Google 名稱含可辨識名稱
9c2ca516-0873-41f6-939b-1d8d50aa9f35,新北市私立心慈幼兒園,私立,新莊區,ChIJ_7wM642nQjQR26G6qfZCddM,私立 心慈幼兒園,242台灣新北市新莊區中正路700之14號,4.2,10,Google 名稱含可辨識名稱
a456fd33-3ab5-4ca5-b729-7a2cca1478de,新北市私立幼禾幼兒園,私立,新店區,ChIJM_7hQx4CaDQRj9XxfXH3OTU,菲力安華(幼禾)幼兒園,231台灣新北市新店區百忍里平等街48巷19號,4.8,25,Google 名稱含可辨識名稱
b5c310cc-71bc-43b1-a86d-54db9d97f62e,新北市私立肯恩土城幼兒園,私立,土城區,ChIJwz6kBAADaDQRExpmBJ99630,肯恩土城幼兒園,236台灣新北市土城區學士里學士路12巷16號,3.6,9,Google 名稱含可辨識名稱
00957c83-0061-4581-a587-97629968f371,新北市私立文德幼兒園,私立,蘆洲區,ChIJVVVVVcqoQjQRyzIx1_aBaj8,文德幼兒園,247台灣新北市蘆洲區水湳里民義街35巷14號1 . 2樓,4,11,Google 名稱含可辨識名稱
015041c0-b0f2-4796-8059-9326dc635995,新北市新莊區豐年國民小學附設幼兒園,公立,新莊區,ChIJTRLBnQyoQjQRyr2fpBBr4vI,新北市新莊區豐年國民小學,242台灣新北市新莊區豐年里瓊泰路116號,,,Google 名稱含可辨識名稱
01c2d147-101d-49e1-8893-0f6e977ac804,新北市私立尼斯堡幼兒園,私立,新店區,ChIJxWxhWBgCaDQRb4mxiieR7L0,新北市私立尼斯堡幼兒園,231台灣新北市新店區中央里中央一街20號,5,1,Google 名稱含可辨識名稱
01eb50e6-fdd8-446b-965b-c8743840996b,新北市樹林區育林國民小學附設幼兒園,公立,樹林區,ChIJ8bQ6FRodaDQRDzFiHN8h3Sk,新北市樹林區育林國民小學,238台灣新北市樹林區東昇里復興路395號,,,Google 名稱含可辨識名稱
0206afa6-30a0-4c84-ab75-7517cd9c17c6,財團法人天主教瑪利亞方濟各傳教女修會附設新北市私立曉明幼兒園,私立,泰山區,,,,,,Google 回傳 1 筆但名稱皆不含「天主教瑪利亞方濟各傳教女修會曉明」
02d6d62d-c603-40fb-9216-e32b0dbc529b,新北市私立雙成幼兒園,私立,板橋區,ChIJ2yanWzioQjQRfhKW_H_LpI4,雙成幼兒園,220台灣新北市板橋區永安里縣民大道三段133巷22號,3.1,9,Google 名稱含可辨識名稱
02f02585-4ed6-4760-8378-aa0d1dc24592,新北市私立嘉維幼兒園,私立,汐止區,ChIJ7RJxWG1TXTQRfSOpmsJlkK4,新北市私立嘉維幼兒園,221台灣汐止區福安里新台五路二段102號,5,1,Google 名稱含可辨識名稱
03270d23-e743-49e7-a553-5374c02f3c2a,新北市立崇林國民中學附設幼兒園,公立,林口區,ChIJSWvLkCanQjQRROFFIhCEiN8,新北市立崇林國民中學,244台灣新北市林口區麗園里文化一路一段20號,,,Google 名稱含可辨識名稱
036a7238-a59b-4510-93c7-2faa94842fa3,新北市私立秀明幼兒園,私立,永和區,ChIJn5otlOOpQjQR19vTizqcN3M,新北市私立秀明幼兒園,234台灣新北市永和區民權里民權路1巷24號,3.3,9,Google 名稱含可辨識名稱
03825d7c-3ee1-4a49-9faf-e5a31f9ea091,新北市立萬里幼兒園,公立,萬里區,ChIJNaUnSkRMXTQRfBjL0mQeAoU,新北市立萬里幼兒園,207台灣新北市万里区万里里瑪鋉路221號2樓,4.4,9,Google 名稱含可辨識名稱
047084ac-b09b-4bbc-b26c-48038f6eb3c2,新北市私立諾亞幼兒園,私立,板橋區,ChIJ4QBz1ASoQjQRO3nnQLMhP2k,板橋諾亞幼兒園,220台灣新北市板橋區建國里建國街1號,4.5,16,Google 名稱含可辨識名稱
047189d5-c1c1-473b-ad95-28a89393f152,新北市私立橡樹園幼兒園,私立,樹林區,ChIJxzURbR8daDQRLOhyD0yY-9E,橡樹園幼兒園,238台灣新北市樹林區彭興里八德街154號,4.2,17,Google 名稱含可辨識名稱
04e11b3c-18be-462a-8051-605d19f099d5,新北市私立童苑幼兒園,私立,板橋區,ChIJ05o-9LMCaDQRWNWcd5BgaiA,私立童苑幼兒園,220台灣新北市板橋區華東里南雅南路二段144巷57號,3.9,33,Google 名稱含可辨識名稱
04e13797-848b-44bf-b8cd-6560b75ea6c2,新北市私立禾力幼兒園,私立,新店區,ChIJ7Y_iWkgCaDQRPP72rZ1RnHc,禾力幼兒園,231台灣新北市新店區公崙里安康路二段142巷14號,5,1,Google 名稱含可辨識名稱
051090ca-0490-409c-9325-c3c6b864fb44,新北市私立維妮爾國際幼兒園,私立,土城區,ChIJUX4XbAADaDQRegyRc6N8x3g,維妮爾國際幼兒園,236台灣新北市土城區莊園街167號,4.7,22,Google 名稱含可辨識名稱
0523237d-55c3-45db-a2c1-2992e24c994e,新北市私立寶貝媽咪資優幼兒園,私立,板橋區,,,,,,Google 回傳 1 筆但名稱皆不含「寶貝媽咪資優」
0565243e-7cbe-4e7b-bbdd-af5681fb3cd6,新北市私立蘆洲北大幼兒園,私立,蘆洲區,ChIJMTBKB8yoQjQRSBgguGZXPTI,新北市私立蘆洲北大幼兒園,247台灣新北市蘆洲區鷺江里三民路86號,4.6,28,Google 名稱含可辨識名稱
057c3fba-aa93-4565-b6a3-538934701761,新北市私立柏克萊幼兒園,私立,樹林區,ChIJ58EP8xwdaDQRBe7r9ohdXAI,柏克萊幼兒園,238台灣新北市樹林區東陽里東陽街59號,4.9,226,Google 名稱含可辨識名稱
05836c61-7743-4587-af34-47fb426d94cd,新北市私立上綸幼兒園,私立,三重區,ChIJnQAMOBmpQjQRrrS5B0pz_oc,新北市私立上綸幼兒園,241台灣新北市三重區忠孝里正義南路105巷13號,5,5,Google 名稱含可辨識名稱
06097a7f-62a8-408a-b006-05b4a54330cf,新北市私立安尼爾幼兒園,私立,三重區,ChIJRdBQ2impQjQRZ7RigsFhL_M,安尼爾幼兒園,241台灣新北市三重區溪美里仁政街111號,4.8,113,Google 名稱含可辨識名稱
00636d3d-0a8e-411c-bef6-eaeb6d4b8153,財團法人新北市私立竹林高級中學附設新北市私立竹林幼兒園,私立,中和區,,,,,,Google 回傳 1 筆但名稱皆不含「竹林高級中學竹林」
00d30196-28bb-4e56-939e-29e2936fb7b9,新北市私立小綠芽幼兒園,私立,新店區,ChIJk_SRpx0CaDQRyElXoLsRPVY,小綠芽幼兒園,"1號, 中正路382巷百和里新店區新北市台灣 231",,,Google 名稱含可辨識名稱
01442eb5-9fc6-4547-bb2c-1b8fceadd759,新北市私立嘉傑幼兒園,私立,林口區,ChIJ-a22WGmnQjQR5ix9q_Sfxkg,新北市私立嘉傑幼兒園,244台灣新北市林口區麗林里文化一路一段23號,,,Google 名稱含可辨識名稱
017b0a72-fa5e-45eb-b115-b846c664659d,新北市私立培揚幼兒園,私立,板橋區,ChIJeWtzWa8CaDQRIDb3QFpeOD0,培揚幼兒園,220台灣新北市板橋區華興里貴興路62號,,,Google 名稱含可辨識名稱
021f761f-1453-478b-acef-67ba962aefc4,新北市私立福樂幼兒園,私立,中和區,ChIJDdvrS3ACaDQRUFkcw44lM6Q,新北市私立福樂幼兒園,235台灣新北市中和區中興里中興街200號,,,Google 名稱含可辨識名稱
0236265a-afaa-4f10-a39b-57875f4e33d3,新北市私立強生幼兒園,私立,五股區,ChIJCwBJ51SvQjQRUUEagm7rkRs,強生幼兒園,248台灣新北市五股區成州里西雲路231號,,,Google 名稱含可辨識名稱
025bf32e-2472-4b0c-8788-35d6f2a8408d,新北市私立小天才幼兒園,私立,新店區,ChIJFaaSjfsBaDQRgagRApOfjtM,新北市私立小天才幼兒園,231台灣新北市新店區寶安里文化路73巷8號,,,Google 名稱含可辨識名稱
02a9b22e-24c1-4697-b811-4e71ca41e32c,新北市私立美樂蒂幼兒園,私立,蘆洲區,ChIJSVyoa8moQjQRKD1JNf2V4qQ,美樂蒂幼兒園,247台灣新北市蘆洲區得勝里中央路97號,,,Google 名稱含可辨識名稱
03175d8f-1bef-4e67-9672-a81ef3d0efa4,新北市私立俏媽咪幼兒園,私立,新店區,ChIJD9zDefcBaDQR8OHR-BbZH4s,俏媽咪幼兒園（炫媽咪-民族分校）,231台灣新北市新店區明德里民族路55號,,,Google 名稱含可辨識名稱
03708867-73a4-4ecf-b4bd-5fc56bb89533,新北市私立幸福幼兒園,私立,板橋區,ChIJ1fhK2xCoQjQR8RS1PWmfqtw,幸福幼兒園,220台灣新北市板橋區幸福里幸福路32巷2弄2號,,,Google 名稱含可辨識名稱
03ab7b24-d3c2-42e9-8529-f11ef9f872dd,新北市私立樂童幼兒園,私立,新店區,ChIJ82FLuvkBaDQRHft7F-wIeGw,樂童幼兒園,231台灣新北市新店區大同里大豐路16巷9號,,,Google 名稱含可辨識名稱
03eb9a65-0d42-449e-89c4-55e132541b72,新北市私立名人幼兒園,私立,樹林區,ChIJZd3F7SEdaDQRDJWihIrfG3E,新北市樹林區私立名人幼兒園,238台灣新北市樹林區彭福里國凱街136巷48號,,,Google 名稱含可辨識名稱
050e21d5-d9ea-459e-8b0d-27d23f33c46e,新北市私立鴻園幼兒園,私立,板橋區,ChIJtR51oyOoQjQR-usFqgXnxXc,鴻園準公共幼兒園,220台灣新北市板橋區東安里長安街331巷77-79號1-2樓,,,Google 名稱含可辨識名稱
05251e4e-d9c7-4d7f-92c4-826600837171,新北市私立凱文幼兒園,私立,蘆洲區,ChIJO6IjcLCoQjQR2zZTkW2cNsI,新北市私立凱文幼兒園(準公共幼兒園),247台灣新北市蘆洲區永德里長安街178號1樓,,,Google 名稱含可辨識名稱
066d09b6-1db4-4fc7-a897-fa95c5ac85a2,新北市私立愛迪生幼兒園,私立,鶯歌區,ChIJ_YX6vEwZaDQRqwcXbIaZ4dM,愛迪生托兒所,239台灣新北市鶯歌區永昌里建國路556號,,,Google 名稱含可辨識名稱
0672f4e2-4339-4c18-819d-a3eb7fe096fd,新北市私立巧可麗幼兒園,私立,永和區,ChIJGQzq4eqpQjQRkzicBqB9hFc,巧可麗國際幼兒園 永和校區,234台灣新北市永和區勵行里竹林路30-1號,,,Google 名稱含可辨識名稱
06e366dd-480f-4c0b-86ba-eb292df929c6,新北市私立新永福幼兒園,私立,三重區,ChIJXYdwwdqoQjQRgfRKVdpNlb4,新北市私立新永福幼兒園,241台灣新北市三重區永福里力行路二段136巷23弄24號,,,Google 名稱含可辨識名稱
06e694a9-1cfb-4e3e-a4ce-15efde3fd78c,新北市私立宏米優質幼兒園,私立,汐止區,ChIJnxjn8Q1TXTQRIsIfxHKIolA,新北市私立宏米優質幼兒園,221台灣新北市汐止區仁德里和平街10、18、20號1樓,,,Google 名稱含可辨識名稱
0730f616-9521-46ec-b831-0d993606fe5f,新北市深坑區深坑國民小學附設幼兒園,公立,深坑區,,,,,,Google 回傳 2 筆但名稱皆不含「深坑區深坑國民小學」
0731e5ee-c386-4de4-9217-5f7409e6cf3b,新北市淡水區水源國民小學附設幼兒園,公立,淡水區,ChIJkcZR3zqwQjQRdzDc6fQEK2o,新北市淡水區水源國民小學,251台灣新北市淡水區水源里北新路二段15號,,,Google 名稱含可辨識名稱
0757c89e-fa4c-4392-a504-1fdcd50b2906,新北市立新店幼兒園雙城分班,公立,新店區,,,,,,Google 回傳 1 筆但名稱皆不含「立新店雙城分班」
07ed3cd3-7d1b-4b62-a7ec-00a03b6cda3c,新北市私立心兒園幼兒園,私立,林口區,ChIJq8SPcSanQjQRZ7YBdnWAuXM,心兒園幼兒園,244台灣新北市林口區麗林里八德路48巷37號,,,Google 名稱含可辨識名稱
07f2384a-52ca-4a43-8b96-71b67e545462,新北市私立漢斯堡國際幼兒園,私立,淡水區,,,,,,Google 回傳 1 筆但名稱皆不含「漢斯堡國際」
0841a89b-e5f0-49b6-8586-cd8ff5065ab3,新北市私立娃娃國幼兒園,私立,三峽區,ChIJg0g-1XQcaDQRyIvNbLV8tms,娃娃國幼兒園,237台灣新北市三峽區龍學里大義路239號號,,,Google 名稱含可辨識名稱
0868f6a3-b2b8-402c-a03c-63f78d32b2c5,新北市私立幼育成幼兒園,私立,蘆洲區,ChIJ93xoJ7ioQjQRHa6VloWeNb8,幼育成幼兒園,247台灣新北市蘆洲區中路里和平路160號,,,Google 名稱含可辨識名稱
086c4c0c-9253-433d-853e-7ee5b927c91d,新北市私立維多莉爾幼兒園,私立,土城區,ChIJ8Wxpl78CaDQRxY29YVxF9wg,維多莉爾幼兒園,236台灣新北市土城區金城里金城路三段64號,,,Google 名稱含可辨識名稱
08917a82-ed8e-42ec-b59f-c2e756852234,新北市私立欣勵德幼兒園,私立,板橋區,ChIJJ7JfvjsdaDQRP1O8B1Lo_Co,欣勵德幼兒園,220台灣新北市板橋區溪福里篤行路二段161巷18號,,,Google 名稱含可辨識名稱
08cc687b-a0bc-4d36-899d-67b98e572c60,新北市立重慶國民中學附設幼兒園,公立,板橋區,,,,,,Google 回傳 1 筆但名稱皆不含「立重慶國民中學」
08e74596-075e-4961-ab2d-50301e2f186f,新北市政府板橋員工子女非營利幼兒園（委託財團法人台北基督教女青年會辦理）,非營利,板橋區,,,,,,Google 回傳 1 筆但名稱皆不含「政府板橋員工子女」
094e6561-88ab-43e1-9acf-41a9ddb507dd,新北市私立吉的堡英群幼兒園,私立,三重區,,,,,,Google 回傳 4 筆但名稱皆不含「吉的堡英群」
097d4932-435e-484a-8e39-351017c3f667,新北市林口區麗林國民小學附設幼兒園,公立,林口區,ChIJU-U49SanQjQRWT6bNSI3uNI,新北市林口區麗林國民小學,24453台灣新北市林口區麗林里公園路46號,,,Google 名稱含可辨識名稱
09846f04-3a58-4c54-b222-722a0fcc2b85,新北市私立育全三峽幼兒園,私立,三峽區,ChIJyQOUnZIbaDQRdz8HdqIGFhI,新北市私立育全三峽幼兒園,237台灣新北市三峽區礁溪里長泰街24號,,,Google 名稱含可辨識名稱
099f7cc7-d0bf-4fdd-b281-7df64dbea080,新北市私立德寶幼兒園,私立,五股區,ChIJoV4uqzymQjQRLY0eWEvgP_o,新北市私立德寶幼兒園（準公共幼兒園）,248台灣新北市五股區水碓里水碓路16巷33號,,,Google 名稱含可辨識名稱
09be1cb5-c75e-4fdd-907a-4e7853adcd7e,新北市私立全國幼兒園,私立,蘆洲區,ChIJSyfvDsaoQjQR4JU3o17SIdE,新北市私立全國幼兒園,247台灣新北市蘆洲區樹德里民生街101號,,,Google 名稱含可辨識名稱
09d521bc-f7f5-420a-bcac-953e0a4827ad,新北市私立松林幼兒園,私立,淡水區,ChIJGRDxrKu6QjQR5D4arSG8Ekw,新北市私立松林幼兒園,251台灣新北市淡水區崁頂里中山北路二段189巷100號甲山林水公園E棟,,,Google 名稱含可辨識名稱
09ea5a8f-fbe7-40b8-9067-931089945675,新北市瑞芳區瑞芳國民小學附設幼兒園東和分班,公立,瑞芳區,,,,,,Google 回傳 2 筆但名稱皆不含「瑞芳區瑞芳國民小學東和分班」
09f6e448-aa45-4a1c-b5b3-4add442db7f0,新北市私立邦仁幼兒園,私立,三重區,ChIJ3WA3sSqpQjQRfITkadQqTrI,邦仁國際文教機構-邦仁幼兒園(五華分校),241台灣新北市三重區碧華里溪尾街328號,,,Google 名稱含可辨識名稱
09f708ff-ad35-4f07-be19-d57c712a7188,新北市萬里區萬里國民小學附設幼兒園,公立,萬里區,ChIJCUULek9MXTQRmsrb3c9yEbw,新北市萬里區萬里國民小學,207台灣新北市萬里區萬里里瑪鋉路18號,,,Google 名稱含可辨識名稱
0a054b45-4dd0-4bb6-8735-0f8e796ba42a,新北市貢寮區澳底國民小學附設幼兒園,公立,貢寮區,,,,,,Google 回傳 1 筆但名稱皆不含「貢寮區澳底國民小學」
0a0da41f-bca0-469f-86a9-98526c16e4c4,新北市私立連城幼兒園,私立,中和區,ChIJ1_h7MIUCaDQRlQWMNBgPE2I,何嘉仁中和連城幼兒園,23553台灣新北市中和區嘉慶里連城路535號1樓,,,Google 名稱含可辨識名稱
0a416012-cf0a-4b40-b2b3-875b3b1a2a31,新北市私立芝蔴城幼兒園,私立,汐止區,,,,,,Google 回傳 1 筆但名稱皆不含「芝蔴城」
0a570d8a-b251-49fc-ab19-b093539a51b0,新北市私立民治藝術幼兒園,私立,中和區,ChIJ6fowUCeoQjQRyeTKndGHi58,民治藝術幼兒園,235台灣新北市中和區民有里民治街4號2樓,,,Google 名稱含可辨識名稱
0afcfc9f-3765-4071-b651-5eebd2cd45c3,新北市中平非營利幼兒園(委託社團法人新北市中華國際嬰幼兒發展學會辦理),非營利,新莊區,ChIJ758DKIynQjQRqKTSlRlIdms,中平非營利幼兒園,242台灣新北市新莊區立廷里中平路385號,,,Google 名稱含可辨識名稱
0b18d748-fc34-495f-820b-80c97f99f756,新北市林口區頭湖國民小學附設幼兒園,公立,林口區,ChIJkWyrNcOmQjQRpySNnZmhwQY,新北市林口區頭湖國民小學,244台灣新北市林口區湖南里民權路101號,,,Google 名稱含可辨識名稱
0b544379-755b-42a0-81fb-e16afcd97895,新北市私立山姆叔叔幼兒園,私立,三峽區,ChIJHdYe4akeaDQRxlj5yycyikQ,山姆叔叔美國學校鶯歌校區,239台灣新北市鶯歌區中鶯里仁愛路66號,,,Google 名稱含可辨識名稱
0b8c0c9c-df8b-458b-a9df-0c853a62554d,新北市新店區大豐國民小學附設幼兒園,公立,新店區,,,,,,Google 回傳 1 筆但名稱皆不含「新店區大豐國民小學」
0bafeeb6-dc1d-4592-894d-9528af8f629c,新北市私立企鵝家族幼兒園,私立,樹林區,ChIJB5cCDBcdaDQRK7zV_k3txdc,新北市私立企鵝家族幼兒園,238台灣新北市樹林區育英里文化街24號,,,Google 名稱含可辨識名稱
0bd4921c-773e-4760-b546-b4345270ddec,新北市新店區新店國民小學附設幼兒園,公立,新店區,ChIJIy7rOYcBaDQRVeyIqJaA9uc,新北市新店區新店國民小學,231台灣新北市新店區國校里新店路2號,,,Google 名稱含可辨識名稱
0bdb1178-783e-4c1d-88d4-bf629d4a2852,新北市私立何嘉仁幼兒園,私立,新莊區,ChIJvRglcn-oQjQRxiHFxv2HFJA,私立何嘉仁幼兒園,242台灣新北市新莊區中平里中和街155巷24弄26號,,,Google 名稱含可辨識名稱
0c29f5ef-a1dc-4a2e-b4fb-69e88d7203a7,新北市板橋區莒光國民小學附設幼兒園,公立,板橋區,ChIJ6TUFtzioQjQRMqYW1CvD0lU,新北市板橋區莒光國民小學,220台灣新北市板橋區華翠里莒光路163號,,,Google 名稱含可辨識名稱
0c2f255a-591c-4fc0-b2f8-0b673fc821ef,新北市私立捧馨園幼兒園,私立,板橋區,ChIJqRtQiqYCaDQRvB2oDKVM52I,捧馨園托嬰中心,220台灣新北市板橋區福星里四川路一段151號,,,Google 名稱含可辨識名稱
0c756e37-94fb-4fac-b532-37953641a384,新北市新莊區新莊國民小學附設幼兒園,公立,新莊區,ChIJdfm553GoQjQRn-Qt7kig__M,新北市新莊區新莊國民小學,242台灣新北市新莊區立人里中正路86號,,,Google 名稱含可辨識名稱
0c77ddec-2329-4903-89ad-c0a3bbf41f46,新北市私立丹力幼兒園,私立,三重區,ChIJG5TWoN-oQjQRB6iJRpqHrYg,新北市私立丹力幼兒園,241台灣新北市三重區重陽路三段154號,,,Google 名稱含可辨識名稱
0c78938e-e7c8-4f59-a38e-652d9b97931b,新北市私立芮嘉幼兒園,私立,五股區,ChIJt0AYrSSmQjQRjPYUE4fhI0k,芮嘉幼兒園,248台灣新北市五股區水碓里成泰路一段155巷,,,Google 名稱含可辨識名稱
0c7d724a-e0f5-4b38-9ed2-b9cc705b1f3d,新北市私立漢華幼兒園,私立,新店區,ChIJUe0HPEoCaDQR8DNe-HV4MBQ,漢華幼兒園,231台灣新北市新店區公崙里安忠路57巷26弄29號,,,Google 名稱含可辨識名稱
0cc06644-bdee-4b85-8100-ce2d9c1cc0c5,新北市私立人文幼兒園,私立,八里區,ChIJMxwbTAWlQjQRbqbJGB6MR1M,新北市私立人文幼兒園,249台灣新北市八里區仁一街1號,,,Google 名稱含可辨識名稱
0d50df65-ee81-462d-88ea-e9604da3fed6,新北市私立班博士幼兒園,私立,三重區,ChIJYzQLMiOpQjQR7nUnxXxd7BY,新北市私立班博士托兒所,241台灣新北市三重區大德里三和路一段48號,,,Google 名稱含可辨識名稱
0d963dcb-e8f7-4013-ba2f-793c8acc35d7,新北市私立碧安幼兒園,私立,新店區,ChIJqb54Jz8CaDQR1Re5zd7J190,新北市私立碧安幼兒園,23159台灣新北市新店區光華街20號22 號 1 樓,,,Google 名稱含可辨識名稱
0dab6b26-9031-44ec-87e8-3378c1b43b07,新北市立八里幼兒園龍源分班,公立,八里區,,,,,,Google 回傳 1 筆但名稱皆不含「立八里龍源分班」
0dacc7c1-cd8a-42b0-acff-e1ceacdc5255,新北市私立佳辰幼兒園,私立,蘆洲區,ChIJob79WM2oQjQRroMSE_Bf1Lk,佳辰幼兒園,247台灣新北市蘆洲區玉清里民族路218號,,,Google 名稱含可辨識名稱
0dafa1c3-187d-4672-999c-1b16768a7c82,新北市樹林區武林國民小學附設幼兒園,公立,樹林區,,,,,,Google 回傳 1 筆但名稱皆不含「樹林區武林國民小學」
0de9a70f-d8b3-497b-84b7-95f3c54cf342,國防部陸軍司令部第六軍團指揮部前鋒職場互助教保服務中心(委託財團法人三之三生命教育基金會辦理),私立,五股區,ChIJrcZqzQCnQjQRFX79PQ20Aks,國防部陸軍司令部第六軍團指揮部前鋒職場互助教保服務中心,248台灣新北市五股區陸一里六合街41、43、45號,,,Google 名稱含可辨識名稱
0e702c3b-1483-4347-a88e-1b31274146b7,新北市安興非營利幼兒園(委託社團法人臺灣兒童教育發展協會辦理),非營利,新店區,ChIJrWZM1ewDaDQRwy056rc1Unk,新北市安興非營利幼兒園,23159台灣新北市新店區安和里安興路129號,,,Google 名稱含可辨識名稱
0efd221a-9504-43f5-b066-4c8e5d17c88b,新北市瑞芳區濂洞國民小學附設幼兒園,公立,瑞芳區,ChIJSVYc7_5EXTQRoQBdo1hGJRI,新北市瑞芳區濂洞國民小學,22451台灣新北市瑞芳區濂洞里洞頂路101巷80號,,,Google 名稱含可辨識名稱
0f4df6b9-d3e5-4bfe-9f04-288270ff36e7,新北市私立卡爾威特幼兒園,私立,板橋區,ChIJa3tYDCOoQjQRAtTURrpAcyQ,卡爾威特專業嬰幼教育機構,220台灣新北市板橋區長安里板新路101號1-2樓,,,Google 名稱含可辨識名稱
0f57fead-e491-4569-8eb1-83341a6df287,新北市私立欣園幼兒園,私立,新莊區,ChIJc0XceHqoQjQRY6r4sLS5pr8,私立欣園幼兒園,242台灣新北市新莊區中美里中港路207巷14號,,,Google 名稱含可辨識名稱
0f9602d3-afb7-42df-8261-eb69a9f96bba,新北市淡水區淡水國民小學附設幼兒園,公立,淡水區,ChIJi-aYP1elQjQRL3RoZzA_vD8,新北市淡水區淡水國民小學,251台灣新北市淡水區協元里中山路160號,,,Google 名稱含可辨識名稱
0fe8f8be-e19a-456c-ae12-6a05bb56e68c,新北市私立名亮幼兒園,私立,土城區,ChIJB9CRG8YCaDQRd1xvcN3LjE0,名亮幼兒園,236台灣新北市土城區柑林里金城路二段260號2樓,,,Google 名稱含可辨識名稱
10bf79f2-6226-4a1a-972c-5ae04e85c0c9,新北市私立常春藤幼兒園,私立,土城區,ChIJpfzcZsQCaDQRo9hTHmPUxjg,常春藤幼兒園,236台灣新北市土城區清水里青仁路1號,,,Google 名稱含可辨識名稱
10e2ec54-a5ac-4b44-b86c-3a41c76fd067,新北市土城區廣福國民小學附設幼兒園,公立,土城區,,,,,,Google 回傳 1 筆但名稱皆不含「土城區廣福國民小學」
1107bf72-dca2-4c4d-8090-017df5b1e102,新北市私立芝柏幼兒園,私立,三芝區,ChIJy_JBMMm2QjQRK6vSe1FlkzM,私立芝柏幼兒園,252台灣新北市三芝區埔坪里觀海街1號,,,Google 名稱含可辨識名稱
110f7d07-8411-4f60-9d59-5bbf8bcfbfd4,新北市三重區修德國民小學附設幼兒園,公立,三重區,ChIJlVon1N-oQjQR_MUp0V34ZJs,新北市三重區修德國民小學,241台灣新北市三重區重陽里重陽路三段3號,,,Google 名稱含可辨識名稱
1199b44f-884e-4fbe-98b1-8b0b485093f5,新北市私立邦喬妮幼兒園,私立,三重區,ChIJW5r5xCupQjQRrhbX6tdY1GM,邦喬妮幼兒園,241台灣新北市三重區五順里五華街21巷3號,,,Google 名稱含可辨識名稱
11aac97d-ba70-4e33-8d78-1093f5d9cf98,新北市私立惠群幼兒園,私立,新莊區,ChIJscbqzGGoQjQR_5h3GbTKG2Q,惠群幼兒園,242台灣新北市新莊區化成里化成路143號,,,Google 名稱含可辨識名稱
11f7549c-fb3e-4e62-bd8f-556cfbfb1368,新北市私立淡水松柏幼兒園,私立,淡水區,ChIJDVHzIlWlQjQRoyrV19e1pis,新北市私立淡水松柏幼兒園,251台灣新北市淡水區新興里新春街172號,,,Google 名稱含可辨識名稱
11f7ba32-ceeb-4e4f-a101-8dee6f9c35ee,新北市私立建和幼兒園,私立,新莊區,ChIJjyJ85XGoQjQRlEmBNIXlStk,喬幼國際幼兒學校(建和幼兒園),242台灣新北市新莊區文明里中正路149號1樓,,,Google 名稱含可辨識名稱
12108b51-cfd5-48b4-a1e4-43970b1bcc59,新北市私立艾法貝爾幼兒園,私立,板橋區,ChIJLT2UEB-oQjQRP3uXV4YDhf0,ALPHABELLE新北市私立艾法貝爾幼兒園,220台灣新北市板橋區深丘里區運路43號,,,Google 名稱含可辨識名稱
125c0989-7417-4e95-9d0d-05c030b4c396,新北市私立李氏姐妹幼兒園,私立,新店區,ChIJIQ5HO4sBaDQRm3Q45yaHecQ,新北市私立李氏姐妹托兒所附設課後托育中心,231台灣新北市新店區新德里中華路9號1樓,,,Google 名稱含可辨識名稱
12a65098-9668-481c-8445-2f9824a8c6bb,新北市私立良華幼兒園,私立,五股區,ChIJfwIlyFavQjQRo_XULT-aiDk,私立良華幼兒園,248台灣新北市五股區成德里成泰路三段543巷9號2 樓,,,Google 名稱含可辨識名稱
12c7dcdf-7f8b-4708-8574-3999bdd4f2e6,新北市私立幼祥幼兒園,私立,板橋區,ChIJR8s7Mg6oQjQRV4hUu37apeg,新北市私立幼祥幼兒園,220台灣新北市板橋區新生里中正路360巷49號,,,Google 名稱含可辨識名稱
12e13348-be68-4038-bc53-b123a74ee353,新北市私立卡兒堡幼兒園,私立,永和區,ChIJ1zTJEMKpQjQRlZRZSiREnTI,新北市私立卡兒堡幼兒園,234台灣新北市永和區信義里信義路17巷24號,,,Google 名稱含可辨識名稱
130d35d4-6b73-4a4a-942f-5b6bf6f027f0,新北市私立英嘉幼兒園,私立,三重區,ChIJNVZsgFipQjQRqMOVO_VpdYo,吉的堡資優幼兒園三重英嘉分園-三重美語幼兒園｜雙語教學｜幼兒美語｜在地人氣幼兒園｜三重幼兒園｜幼小銜接,241台灣新北市三重區三安里三和路三段16巷2號,,,Google 名稱含可辨識名稱
13139b3b-c2dd-493f-b23f-6a47fa47ce0b,新北市汐止區北港國民小學附設幼兒園,公立,汐止區,ChIJDeYY1SBTXTQRTIBvy31hzdc,新北市汐止區北港國民小學,221台灣新北市汐止區拱北里汐萬路二段279號,,,Google 名稱含可辨識名稱
131f7ce0-8226-4ceb-a412-3d8be943d4f7,新北市私立三重忠孝幼兒園,私立,三重區,ChIJC9TNFw6pQjQRPBbSxclWyWA,私立三重忠孝幼兒園,241台灣新北市三重區六福里中正北路145巷6弄1號1樓,,,Google 名稱含可辨識名稱
1356fdaa-9960-4660-a2d3-01ec0d1aa046,財團法人享翔葉克膜教育基金會附設新北市私立翔耀幼兒園,私立,三峽區,,,,,,Google 回傳 1 筆但名稱皆不含「享翔葉克膜教育翔耀」
135cf610-4b12-4d39-a571-14348cb1634c,新北市私立宜德幼兒園,私立,三重區,ChIJJb3qhdWoQjQRjp8riPrutWI,宜德幼兒園,241台灣新北市三重區富福里仁愛街445巷35號,,,Google 名稱含可辨識名稱
1380519e-c032-409f-b6e3-1cae67f0edc7,新北市泰山區明志國民小學附設幼兒園,公立,泰山區,,,,,,Google 回傳 1 筆但名稱皆不含「泰山區明志國民小學」
13a401e6-bb30-4a85-9633-bc6fed8e2130,新北市蘆洲區仁愛國民小學附設幼兒園,公立,蘆洲區,ChIJm-arLzWvQjQRqOr8LEerOHk,新北市蘆洲區仁愛國民小學,247台灣新北市蘆洲區水湳里民族路488號,,,Google 名稱含可辨識名稱
13b5ae47-69e7-48e4-8122-8feea339718f,社團法人新竹市教保人員協會附設新北市私立新莊聯合幼兒園,私立,新莊區,,,,,,Google 回傳 20 筆但名稱皆不含「新竹市教保人員協會新莊聯合」
1491ce09-9d8d-4a95-b40f-b7b2644942fd,財團法人新北市樹林基督長老教會附設新北市私立牧人幼兒園,私立,樹林區,,,,,,Google 回傳 20 筆但名稱皆不含「樹林基督長老教會牧人」
14bf14e5-0d43-454d-9211-4703a1c60b9b,新北市私立實踐菁英幼兒園,私立,中和區,ChIJURHxidSpQjQRBT6p10rnGwY,實踐菁英幼兒園,235台灣新北市中和區中原里中山路二段332巷76號,,,Google 名稱含可辨識名稱
14fb4d1a-738c-4c97-9829-2d98bb5bfe37,新北市私立榮欣幼兒園,私立,新莊區,ChIJGb9jCn-oQjQRgfgFnjktAD0,榮欣幼兒園,242台灣新北市新莊區中平里中和街191巷25號,,,Google 名稱含可辨識名稱
158e4a00-dc41-4292-9af2-942b357677bc,新北市私立吉的堡南雅幼兒園,私立,板橋區,,,,,,Google 回傳 1 筆但名稱皆不含「吉的堡南雅」
15ab21b9-e681-43d9-941b-a06a3726c398,財團法人臺灣省天主教道明傳教修女會附設新北市私立道明幼兒園,私立,泰山區,,,,,,Google 回傳 6 筆但名稱皆不含「臺灣省天主教道明傳教修女會道明」
15bf45de-27f8-4367-8446-6f2fd3439851,新北市私立葳肯幼兒園,私立,板橋區,ChIJuVUgJAWoQjQRM9RH8X9eHkU,葳肯幼兒園,220台灣新北市板橋區社後里中正路213號2樓,,,Google 名稱含可辨識名稱
15ec1920-1054-4c4d-ad7e-e1190f28284a,新北市私立正隆幼兒園,私立,板橋區,ChIJoXwipyWoQjQRvBk66YvTzoA,新北市私立正隆幼兒園,220台灣新北市板橋區福壽里三民路二段204之17號,,,Google 名稱含可辨識名稱
15efd19a-3408-4f84-b0b2-babfd10d4d6d,新北市私立英群幼兒園,私立,三重區,ChIJE-4rUeOoQjQROGbqrOWJ3CA,吉的堡資優幼兒園三重英群國際園-三重美語幼兒園｜雙語教學｜幼兒美語｜在地人氣幼兒園｜三重幼兒園｜幼小銜接,241台灣新北市三重區重明里捷運路43號,,,Google 名稱含可辨識名稱
16089acb-3c92-412b-8c47-5f48466e97d2,新北市私立林肯幼兒園,私立,新店區,ChIJQXd7D6kDaDQR75Q8mWmsZEU,新北市私立林肯幼兒園,23156台灣新北市新店區玫瑰里玫瑰路29號,,,Google 名稱含可辨識名稱
16510117-52e3-4f06-943e-45c2dfe2cc9d,新北市私立愛唯兒幼兒園,私立,板橋區,ChIJvxBGwUeoQjQRiBv1DaD6lnY,愛唯兒幼兒園,220台灣新北市板橋區龍翠里大同街50巷18號,,,Google 名稱含可辨識名稱
16d21171-c2af-4e60-8478-df98b13c60d0,新北市立瑞芳幼兒園,公立,瑞芳區,ChIJUXpqa_pPXTQRhlw73Lw1DTs,新北市立瑞芳國小附設幼兒園東和分班,224台灣新北市瑞芳區東和里中山路48之10號,,,Google 名稱含可辨識名稱
16d2f560-8468-4c43-b75b-a73c3fbb36a8,新北市私立道欣幼兒園,私立,新店區,ChIJC2nkzacDaDQRta3COkhQYjo,道欣蒙特梭利美語學校,231台灣新北市新店區玫瑰里玫瑰路58巷33號,,,Google 名稱含可辨識名稱
16e7020f-0ece-4bad-a0e5-3d30fef608fb,新北市私立吾米幼兒園,私立,淡水區,ChIJTw_8pFW7QjQRDCclN_4bCNE,新北市私立吾米幼兒園 Warm-Me Preschool,251台灣新北市淡水區崁頂里後洲路一段111號,,,Google 名稱含可辨識名稱
176614a5-6766-4db1-812c-4497e114a1ab,新北市私立新仁愛幼兒園,私立,泰山區,ChIJwfMjM82nQjQR3mT_35MeOWc,新仁愛幼兒園,243台灣新北市泰山區全興里福興二街37號1號樓號 2鄰,,,Google 名稱含可辨識名稱
18087f97-a944-441c-96cd-0d01f80eafbc,新北市瑞芳區瓜山國民小學附設幼兒園,公立,瑞芳區,ChIJSeRaBeJEXTQRaMWlH6NdYRE,新北市瑞芳區瓜山國民小學,224台灣新北市瑞芳區五號路306號,,,Google 名稱含可辨識名稱
183276c3-2665-4503-af18-4f2ad53f9acf,新北市私立奇異鳥米蘭幼兒園,私立,樹林區,,,,,,Google 回傳 1 筆但名稱皆不含「奇異鳥米蘭」
1859a3e0-b28f-4d58-a369-db13047b4f0f,新北市樹林區育德國民小學附設幼兒園,公立,樹林區,ChIJIRzqd1ocaDQRo-LPxTA_1d8,新北市樹林區育德國民小學,238台灣新北市樹林區中山里佳園路一段34號,,,Google 名稱含可辨識名稱
18eda382-e1ad-4d79-8bbb-f85aa3609387,新北市林口區嘉寶國民小學附設幼兒園,公立,林口區,,,,,,Google 回傳 1 筆但名稱皆不含「林口區嘉寶國民小學」
18f61e0e-c279-4550-8e68-5eebe8aba5b3,新北市私立新惠幼幼兒園,私立,永和區,ChIJjwJnMcSpQjQR5HbpE3aWtwc,新惠幼蒙特梭利幼兒園,234台灣新北市永和區下溪里保安路252巷2號1樓,,,Google 名稱含可辨識名稱
18f7a431-ab91-46d6-b1ff-96fcbc31dedd,新北市私立蘋果苑幼兒園,私立,淡水區,ChIJs1yGmVSlQjQRvNhyl4l6AjM,新北市私立蘋果苑藝術幼兒園,251台灣新北市淡水區新興里新春街126巷9號,,,Google 名稱含可辨識名稱
191cf44e-403f-4a05-b2a2-1d0c9090b390,新北市私立欣明幼兒園,私立,中和區,ChIJHQxeiogCaDQRitgpj8dk4bY,新北市私立欣明托兒所,235台灣中和區錦中里圓通路294巷11弄6號,,,Google 名稱含可辨識名稱
1944b465-0b1a-416c-bbb0-f6e70c55c81c,新北市板橋區中山國民小學附設幼兒園,公立,板橋區,ChIJ62pzEq0CaDQRfRTEmgggiA4,新北市板橋區中山國民小學,220台灣新北市板橋區中山里大觀路二段59巷31號,,,Google 名稱含可辨識名稱
195475f3-7ccf-466b-a5c5-b37f5d6f59cf,新北市立三峽幼兒園,公立,三峽區,ChIJ7eZ6ZXwbaDQRNZwvjgPvb2E,新北市立三峽幼兒園,237台灣新北市三峽區溪東里溪東路218巷1號,,,Google 名稱含可辨識名稱
19b9ac96-ebb8-49f7-97d0-9d88b2dad1ed,新北市立深坑國民中學附設幼兒園,公立,深坑區,ChIJCcGAmM-qQjQRrGRwkjveMfs,新北市立深坑國民中學,22242台灣新北市深坑區深坑里文化街41號,,,Google 名稱含可辨識名稱
19c1a589-4d00-4b3a-b37d-15bd98cc953e,新北市私立椰林幼兒園,私立,中和區,ChIJl9C3R4YDaDQRub16-EMb2Fk,新北市私立椰林幼兒園,235台灣新北市中和區安順里安平路68號,,,Google 名稱含可辨識名稱
1a2e36e8-a011-45f3-89fe-be7074dbc814,新北市新店區屈尺國民小學附設幼兒園,公立,新店區,,,,,,Google 回傳 1 筆但名稱皆不含「新店區屈尺國民小學」
1a4557fa-c0f2-42d3-86da-37fd98c5fab3,新北市立泰山國民中學附設幼兒園,公立,泰山區,ChIJeTQhcTamQjQRCSpHKRvMhdw,新北市立泰山國民中學,243台灣新北市泰山區山腳里泰林路二段498號,,,Google 名稱含可辨識名稱
1a80a785-86b6-4d93-bffb-4ec244bbe68e,新北市私立心語仁愛幼兒園,私立,林口區,ChIJAfFPxwynQjQRcrHM8bK6y1I,心語仁愛幼兒園,24443台灣新北市林口區湖南里仁愛路二段596號,,,Google 名稱含可辨識名稱
1ac90d57-47b4-4298-bae7-9ef432d81329,新北市私立野聲幼兒園,私立,永和區,ChIJC3vPdOmpQjQRYl3SzNAhrJA,新北市私立野聲幼兒園,234台灣新北市永和區豫溪里豫溪街74巷7弄2號,,,Google 名稱含可辨識名稱
1aeb1b0d-48c7-49d0-80d9-554ba10c1a95,新北市私立親親袋鼠幼兒園,私立,新莊區,ChIJ90SkYGWoQjQRYeIVRyxME5Q,親親袋鼠幼兒園,242台灣新北市新莊區思源里思源路87巷11號,,,Google 名稱含可辨識名稱
1b10e186-c28e-4ea6-8405-6be92b6ba8c4,天主教聖心學校財團法人新北市聖心國民小學附設私立善牧園幼兒園,私立,八里區,,,,,,Google 回傳 1 筆但名稱皆不含「天主教聖心聖心國民小學善牧園」
1b52e758-e9a7-49c0-aacf-8cb74c18e62c,新北市私立福祿貝爾大有幼兒園,私立,樹林區,ChIJKblS8VMdaDQRrE26aJQ5lGg,新北市私立福祿貝爾大有幼兒園,238台灣新北市樹林區南園里大有路36號,,,Google 名稱含可辨識名稱
1b66b96d-fc59-4939-a91d-0f1cfe627978,新北市私立天愛幼兒園,私立,板橋區,ChIJW0NIUKECaDQRaPfqFDV8a-k,天愛幼兒園,220台灣新北市板橋區福德里光明街120號,,,Google 名稱含可辨識名稱
1b7412f1-13f5-4a8c-a5ca-154cecbfb162,新北市私立新林幼兒園,私立,林口區,ChIJfZQISSunQjQR0WpTcgx2tLQ,新林非營利幼兒園,244台灣新北市林口區南勢里三民路101號,,,Google 名稱含可辨識名稱
1b96c15c-c710-4185-9c6f-9794f5852b3d,新北市私立向日園幼兒園,私立,新店區,ChIJKUQV7xkCaDQRParQ2XUG1KQ,向日園幼兒園,231台灣新北市新店區中央里中央五街84號,,,Google 名稱含可辨識名稱
1b9a086a-a27b-4669-8259-75864828e6b5,新北市私立君格綠園道幼兒園,私立,汐止區,ChIJ0Qxep0dTXTQRu_uNq89vE90,君格綠園道幼兒園,221台灣新北市汐止區山光里樟樹二路330巷76號,,,Google 名稱含可辨識名稱
1bccb4da-f81d-4c79-b1ca-45d120d2d0be,新北市北大非營利幼兒園(委託明新學校財團法人明新科技大學辦理),非營利,三峽區,ChIJb_ZpbfQbaDQReNfGlDrDHiI,北大非營利幼兒園,237台灣新北市三峽區龍埔里國光街100號A棟,,,Google 名稱含可辨識名稱
1bed194b-2261-4284-9397-ddc2d6c67d51,新北市私立佳盈幼兒園,私立,汐止區,ChIJ4Rg2A2lTXTQR8B27fXxyDuY,佳盈幼兒園＆佳盈英語,221台灣新北市汐止區自強里莊敬街130號2樓,,,Google 名稱含可辨識名稱
1bf70674-f432-44f9-b054-e0f995de88da,新北市私立華兒園精緻幼兒園,私立,三重區,ChIJlU8VgCSpQjQRThw04262MQs,新北市私立華兒園精緻幼兒園,241台灣新北市三重區長泰里三和路二段75號二樓,,,Google 名稱含可辨識名稱
1c85aae3-c95c-4733-a0a9-6836126476bc,新北市私立小博士幼兒園,私立,中和區,ChIJ-4ywGIICaDQRS-OtePnDbDI,新北市私立小博士幼兒園,235台灣中和區平河里中正路792號,,,Google 名稱含可辨識名稱
1ca62a1e-7925-4f51-98f2-e1f3e021f8ac,新北市石碇區石碇國民小學附設幼兒園,公立,石碇區,ChIJYRsyHBFVXTQRXy6tzqOyjyo,新北市石碇區石碇國民小學,223台灣新北市石碇區石碇里石碇西街15號,,,Google 名稱含可辨識名稱
1cff3c7f-bdde-47a8-bd74-783c69e219a2,新北市私立幼心園幼兒園,私立,三峽區,ChIJrYZWbZMbaDQRiNiJEHjrBV8,幼心園幼兒園,237台灣新北市三峽區介壽里介壽路一段276巷108弄38號,,,Google 名稱含可辨識名稱
1d07c669-62b8-4810-995a-f75f297d7cef,行政院新莊聯合辦公大樓各進駐機關員工子女非營利幼兒園(委託社團法人新竹市教保人員協會辦理),非營利,新莊區,,,,,,Google 回傳 11 筆但名稱皆不含「行政院新莊聯合辦公大樓各進駐機關員工子女」
1d307668-1a56-464a-9546-a92e51187cb4,新北市立淡水幼兒園竹圍分班,公立,淡水區,,,,,,Google 回傳 1 筆但名稱皆不含「立淡水竹圍分班」
1d6d422b-e67a-451c-b8c1-7951ac5e4f27,新北市私立立大幼兒園,私立,新店區,ChIJvfsczuQBaDQRvDrWdMMPKbg,幼幼立大幼兒園,231台灣新北市新店區北新路二段29巷1弄1號,,,Google 名稱含可辨識名稱
1d8a884d-520e-4ece-8ff3-76ddc4f82666,新北市立中和幼兒園碧湖分班,公立,中和區,,,,,,Google 回傳 1 筆但名稱皆不含「立中和碧湖分班」
1dc12f64-2a96-458c-a4e9-4c6cd9ec274c,新北市私立幼愛幼兒園,私立,新莊區,ChIJhWHIY9-nQjQRRyjAtyxnzsE,幼愛幼兒園,242台灣新北市新莊區忠孝里建中街126號,,,Google 名稱含可辨識名稱
1e133a1e-f41b-4c9f-a706-02a4585c03a0,新北市私立小甜甜幼兒園,私立,三峽區,ChIJjavGqNsbaDQR8qvgfnm0nSY,新北市私立小甜甜幼兒園(準公共幼兒園),237台灣新北市三峽區鳶山里中山路106巷17弄14號,,,Google 名稱含可辨識名稱
1e5ca79c-2cac-44b8-9474-346a7555064d,新北市清水高中非營利幼兒園(委託財團法人台北市中華基督教青年會辦理),非營利,土城區,ChIJUUAgKxUDaDQRhzYeeMtU450,新北市清水高中非營利幼兒園（委託財團法人台北市中華基督教青年會辦理）,236台灣新北市土城區明德路一段72號靠近手信坊公車站,,,Google 名稱含可辨識名稱
1eb5842d-5e62-4777-ba95-6051a5e5cfa7,新北市私立謙禧幼兒園,私立,中和區,ChIJTfcGfdqpQjQRnfnhUjHojBk,私立謙禧幼兒園,235台灣新北市中和區中山路二段64巷12弄1號,,,Google 名稱含可辨識名稱
1ef11ca7-994f-4fc8-8757-0bc422967021,新北市私立菁英幼兒園,私立,淡水區,ChIJUxCwWP-vQjQRc4Gi0BLuao0,菁英幼兒園,251台灣新北市淡水區水碓里大忠街75號75之1號2樓,,,Google 名稱含可辨識名稱
1ef21201-707b-40b2-9e07-1710f5f69e96,新北市私立吉優幼兒園,私立,汐止區,,,,,,Google 回傳 20 筆但名稱皆不含「吉優」
1efbdd20-20a4-4751-8500-a777d9ef60f1,新北市私立天心幼兒園,私立,萬里區,ChIJ7WZ1ATBNXTQRPZfvOTCSZbQ,新北市私立天心幼兒園,207台灣新北市萬里區萬里里瑪鋉下街17號,,,Google 名稱含可辨識名稱
1f24bd95-2d34-4de9-93c1-ba1198b2f6d4,新北市立永和幼兒園忠孝分班,公立,永和區,,,,,,Google 回傳 1 筆但名稱皆不含「立永和忠孝分班」
1f5965d3-a5cb-4988-9044-27ea0605cf76,新北市中和區興南國民小學附設幼兒園,公立,中和區,ChIJra4BE3ICaDQRfDN6zx6DZ7U,新北市中和區興南國民小學,235台灣新北市中和區忠孝里興南路一段135巷24號,,,Google 名稱含可辨識名稱
1f5c5076-404b-4cbd-929a-27ba0c15b36f,新北市私立雨果幼兒園,私立,淡水區,ChIJyxEaPPivQjQReeY7rfXzEmc,新北市私立雨果幼兒園,251台灣新北市淡水區學府里水源街一段124號2樓,,,Google 名稱含可辨識名稱
1fbc2160-6c3a-4c34-9d89-4989e9eb311c,新北市私立景新幼兒園,私立,中和區,ChIJjZ54fnYCaDQRw1TkXDUAYoU,景新幼兒園,235台灣新北市中和區景安里景新街231之6號,,,Google 名稱含可辨識名稱
1fdbe55b-77a7-4357-9677-d50b29ac90df,新北市立猴硐—蒙特梭利實驗小學附設幼兒園,公立,瑞芳區,,,,,,Google 回傳 1 筆但名稱皆不含「立猴硐—蒙特梭利實驗小學」
1ff04a14-59b9-4537-b84c-31be0cf1bd01,新北市私立小親親幼兒園,私立,淡水區,,,,,,Google 回傳 1 筆但名稱皆不含「小親親」
1ff0e2db-4e9e-4e65-a8a2-20513d655330,新北市私立淯馨幼兒園,私立,永和區,ChIJM2BjHuWpQjQRJldLxi-X6IY,新北市私立淯馨幼兒園,234台灣新北市永和區秀林里秀朗路二段98號,,,Google 名稱含可辨識名稱
201270ee-418d-451e-9220-a0670c3fd257,新北市私立童心幼兒園,私立,板橋區,ChIJ616JsQ4DaDQRRLB-UhxhXqY,新北市私立實栽童心幼兒園,23159台灣新北市新店區光華街20號22 號 1 樓,,,Google 名稱含可辨識名稱
211d9561-1287-4e21-8893-9ea56e3e0863,新北市私立春福幼兒園,私立,深坑區,ChIJV_KYN86qQjQRYo191C5jT88,春福幼兒園,222台灣新北市深坑區埔新里文化街10號,,,Google 名稱含可辨識名稱
21531b5d-6f2e-4579-bb33-69e6b696f1b1,新北市私立雅格幼兒園,私立,新店區,ChIJBz5hWUgCaDQRMifn7v6Fvaw,雅格幼兒園,23154台灣新北市新店區安昌里安德街40號,,,Google 名稱含可辨識名稱
21a24ff7-584f-4b1d-9378-87976ec68ef3,新北市立林口幼兒園湖北分班,公立,林口區,,,,,,Google 回傳 1 筆但名稱皆不含「立林口湖北分班」
21b31ad5-c236-40d6-90c5-0fb17a31df6f,新北市三重區三重國民小學附設幼兒園,公立,三重區,ChIJ2_qUJCSpQjQRwpamJ1cz-NA,新北市三重區三重國民小學,241台灣新北市三重區奕壽里三和路三段1號,,,Google 名稱含可辨識名稱
21ecfdec-e787-4743-8eee-d723acd88121,新北市淡水區鄧公國民小學附設幼兒園,公立,淡水區,ChIJ7Wu5x_mvQjQRaRR98c11MYI,新北市淡水區鄧公國民小學,251台灣新北市淡水區學府里學府路99號,,,Google 名稱含可辨識名稱
226e12ea-7849-43aa-8b5d-3c8625c2bf06,新北市私立華邇街感恩幼兒園,私立,林口區,ChIJS2G4YFCnQjQRD8gEJErLsv0,華邇街感恩幼兒園,244台灣新北市林口區麗園里忠孝路542巷11弄10號,,,Google 名稱含可辨識名稱
229662e6-3d38-44c4-9862-098b4bfae61b,新北市中正非營利幼兒園(委託財團法人三之三生命教育基金會辦理),非營利,土城區,ChIJ6w8RUOsDaDQRaUMJ2zMc5_A,新北市中正非營利幼兒園（委託財團法人三之三生命教育基金會辦理),236台灣新北市土城區中正里金城路二段247號1樓,,,Google 名稱含可辨識名稱
22a21be5-c879-4cc7-a118-61f93ebbe586,新北市立樹林幼兒園,公立,樹林區,ChIJKwXDChcdaDQRc7V9rv2ypO4,新北市立樹林幼兒園,238台灣新北市樹林區育英里文化街15號,,,Google 名稱含可辨識名稱
22adff3d-3807-4663-ba69-023f24039731,新北市私立林口啟文幼兒園,私立,林口區,,,,,,Google 回傳 1 筆但名稱皆不含「林口啟文」
22de9110-5265-4c1a-aa32-6198fc901fbc,新北市文創非營利幼兒園(委託財團法人三之三生命教育基金會辦理),非營利,林口區,ChIJW7y3AbanQjQRJeelZLNvP6E,新北市林口區文創非營利幼兒園,244台灣新北市林口區湖南里文化一路一段201號,,,Google 名稱含可辨識名稱
22e543e9-6393-4670-8b77-33c8e339440e,新北市私立禾稼幼兒園,私立,板橋區,ChIJw4qsPDwdaDQR07x1n9VSXNU,禾稼人文雙語資優幼兒園,220台灣新北市板橋區溪洲里溪崑二街98號,,,Google 名稱含可辨識名稱
2356b4d4-4a46-42be-b750-1be146d81325,新北市私立凱撒琳幼兒園,私立,新店區,ChIJpSETqkkCaDQRlrsEd41WkNw,凱撒琳幼兒園,231台灣新店區安昌里安德街57巷15號,,,Google 名稱含可辨識名稱
236d4037-865a-4aa4-a9e6-7ce461468a6a,新北市私立茁壯園幼兒園,私立,土城區,ChIJgQMBeDIdaDQRqAWqteusnJE,新北市私立茁壯園土城幼兒園,236台灣新北市土城區員福里福祥街42巷9號,,,Google 名稱含可辨識名稱
23905c3f-41b1-4d5d-be17-cc3f6ec7fbba,新北市私立溫德爾林口幼兒園,私立,林口區,ChIJT5TGofqmQjQRJUccfQntiQc,新北市私立溫德爾林口幼兒園,244台灣新北市林口區湖南里中正路518號之一,,,Google 名稱含可辨識名稱
2395f107-e342-41d1-9057-be5b2afe8b16,新北市私立威頓皇家幼兒園,私立,汐止區,ChIJkYQwjnJTXTQRySLqb0v92Nk,威頓皇家幼兒園,221台灣新北市汐止區福安里仁愛路170號,,,Google 名稱含可辨識名稱
239fee84-962a-43e8-99e2-1e70272ac307,新北市私立新冠鈞幼兒園,私立,蘆洲區,,,,,,Google 回傳 2 筆但名稱皆不含「新冠鈞」
23f36b27-fcbc-4b5b-84c4-c2bead986afc,新北市私立佳南幼兒園,私立,中和區,ChIJP0wdHxIDaDQRjT1cELstxNo,新北市私立佳南幼兒園,235台灣台灣省中和區民安街42巷32號,,,Google 名稱含可辨識名稱
24173fbf-513d-4937-b6f8-5aa8d98a68b8,新北市私立吉而堡幼兒園,私立,林口區,,,,,,Google 回傳 2 筆但名稱皆不含「吉而堡」
24b7a6a5-ac83-47b0-a7f2-2316b4e3bfe7,新北市私立藍天永和幼兒園,私立,永和區,ChIJ84PoKtmpQjQRfoSGkwbTWUc,藍天永和雙語幼兒園｜專業幼稚園｜小班制｜幼兒美語課程｜蒙特梭利教學,234台灣新北市永和區泰安里中和路375號三樓,,,Google 名稱含可辨識名稱
24d42d8b-b793-4746-81fb-8eee65d6ff6e,新北市私立立強幼兒園,私立,汐止區,ChIJISg4V0tTXTQRCU_yQvtkHt8,私立立強幼兒園,221台灣新北市汐止區北峰里民族三街56號,,,Google 名稱含可辨識名稱
24fef8f8-97ea-4d1b-a102-f1ed9d4f6296,新北市私立哈佛園幼兒園,私立,三重區,,,,,,Google 回傳 4 筆但名稱皆不含「哈佛園」
2501b654-cf62-4631-a6b7-adefed791260,新北市中和區秀山國民小學附設幼兒園,公立,中和區,,,,,,Google 回傳 1 筆但名稱皆不含「中和區秀山國民小學」
25085963-bc7c-4c63-84e3-35785148a108,新北市私立惟柰米幼兒園,私立,汐止區,ChIJLS5WOENTXTQRFjVzlEEfQxk,私立惟柰米幼兒園,221台灣新北市汐止區文化里新台五路一段82號2樓,,,Google 名稱含可辨識名稱
255c6ee1-561c-4325-854a-31bcda1ca1e0,新北市私立圓心坊幼兒園,私立,板橋區,ChIJh9zUzEeoQjQR9Su3MwVy878,圓心坊幼兒園,220台灣新北市板橋區文聖里大同街59號,,,Google 名稱含可辨識名稱
257592a7-2642-49df-baa7-61e687035dbe,新北市私立育人幼兒園,私立,板橋區,ChIJsSci5z6oQjQRrF0QWFPIxs0,板橋育人幼兒園,220台灣新北市板橋區華翠里莒光路114巷3號,,,Google 名稱含可辨識名稱
259297c9-ce55-4026-839d-08eed210c671,新北市板橋區江翠國民小學附設幼兒園,公立,板橋區,,,,,,Google 回傳 3 筆但名稱皆不含「板橋區江翠國民小學」
25c7bba4-1ffe-4901-8b30-88dbb0180125,新北市私立愛樂幼兒園,私立,汐止區,ChIJ-Y6eC0tTXTQRJ1vLGtB1T9w,新北市私立愛樂幼兒園,221台灣新北市汐止區金龍里民族三街1號,,,Google 名稱含可辨識名稱
25e9f797-5731-42e9-b979-e04f249dbfaa,新北市立三和國民中學附設幼兒園,公立,三重區,,,,,,Google 回傳 1 筆但名稱皆不含「立三和國民中學」
25fc064f-c79c-4eaf-9740-6f82c55c91bf,新北市私立邦妮幼兒園,私立,蘆洲區,ChIJ1RVTXGOpQjQRgEgqbRGZ6a8,邦妮幼兒園,247台灣新北市蘆洲區延平里中華街85號,,,Google 名稱含可辨識名稱
264b6367-4203-4264-9788-849556ea87da,新北市私立蘋果樹仁政幼兒園,私立,三重區,ChIJTamTMCipQjQR2C-G_NelKWE,蘋果樹仁政幼兒園,241台灣新北市三重區溪美里仁政街76巷10號,,,Google 名稱含可辨識名稱
264c0186-84bb-4816-9c06-2b44304b3896,新北市私立忠山幼兒園,私立,板橋區,ChIJZb1osQWoQjQRAIHOxpPq0cA,新北市私立忠山幼兒園,220台灣新北市板橋區香社里中正路275巷62弄1號,,,Google 名稱含可辨識名稱
266ffc3e-6d59-4211-a611-2b082143568d,新北市瑞芳區吉慶國民小學附設幼兒園,公立,瑞芳區,,,,,,Google 回傳 1 筆但名稱皆不含「瑞芳區吉慶國民小學」
272e4405-f3fe-49fc-88f3-15d0903815a9,清福長照社團法人附設新北市私立清福幼兒園,私立,三峽區,,,,,,Google 回傳 1 筆但名稱皆不含「清福長照清福」
2754276d-1ff2-4e75-9f81-6695de738418,新北市私立復國幼兒園,私立,三重區,ChIJbyB3fyypQjQRHKEKYHw3ntw,復國幼兒園,241台灣新北市三重區五常里仁義街211巷3號,,,Google 名稱含可辨識名稱
27639079-9c97-4584-b2f2-234f2fd2fc0a,新北市立忠孝國民中學附設幼兒園,公立,板橋區,,,,,,Google 回傳 1 筆但名稱皆不含「立忠孝國民中學」
27ac1e37-5c63-4cce-bbd9-088b58169814,新北市私立喬幼國際幼兒園,私立,永和區,ChIJ9wgDvN6pQjQR-AsPBUE4baI,喬幼國際幼兒園,234台灣新北市永和区永和區中和路435號1樓,,,Google 名稱含可辨識名稱
27f73fa1-9966-4293-85ed-350848b8ec0a,新北市平溪區平溪國民小學附設幼兒園,公立,平溪區,ChIJAX_1V0tRXTQR6emDO2rovNA,新北市平溪區平溪國民小學,226台灣新北市平溪區平溪里平溪街56號,,,Google 名稱含可辨識名稱
280894f5-62a5-4162-a769-de8f0cfdc736,新北市雙溪區牡丹國民小學附設幼兒園,公立,雙溪區,,,,,,Google 回傳 1 筆但名稱皆不含「雙溪區牡丹國民小學」
29deedd8-5915-4415-8124-566c94d2667e,新北市私立瑪莉亞蒙特梭利幼兒園,私立,三峽區,ChIJgdqxnQscaDQR7tzIx-pRkCI,瑪莉亞蒙特梭利幼兒園,237台灣新北市三峽區龍學里大德路493號,,,Google 名稱含可辨識名稱
2a03089f-d89a-400b-9758-188c64400c43,新北市石門區石門國民小學附設幼兒園,公立,石門區,ChIJQaRea7q1QjQRaxgNjp7pVdE,新北市石門區石門國民小學,253台灣新北市石門區尖鹿里中央路9號,,,Google 名稱含可辨識名稱
2a071751-89a0-473d-b310-2ac3fbc8e857,新北市樹林區彭福國民小學附設幼兒園,公立,樹林區,ChIJU9QdaSIdaDQR_bvXougdsCU,新北市立樹林區彭福國民小學,238台灣新北市樹林區彭福里忠孝街30號,,,Google 名稱含可辨識名稱
2a17e374-788f-4ebe-90e6-3a39dc9ab1ce,奇異莊股份有限公司附設新北市私立奇異鳥幼兒園,私立,新莊區,,,,,,Google 回傳 13 筆但名稱皆不含「奇異莊奇異鳥」
2a5829a6-b423-4744-afd3-30f9e32ad453,新北市立五股幼兒園成州分班,公立,五股區,,,,,,Google 回傳 4 筆但名稱皆不含「立五股成州分班」
2a6ffe0d-21c8-4cd9-942d-b45f57929392,新北市私立全能愛彌兒板橋幼兒園,私立,板橋區,ChIJSYxzYjuoQjQRmrt8K6oviL8,全能愛彌兒板橋幼兒園,220台灣新北市板橋區玉光里永豐街43號,,,Google 名稱含可辨識名稱
2a971bfe-707e-4a79-ad1d-0ad5da741c2a,新北市私立博士兒幼兒園,私立,淡水區,ChIJdeO0YkqlQjQR-lzjbksw2Fg,博士兒幼兒園,251台灣新北市淡水區大庄里沙崙路151巷12弄9號,,,Google 名稱含可辨識名稱
2aa9e54f-2b5d-4271-bfce-3da63480a1b7,新北市私立太陽花幼兒園,私立,新莊區,ChIJHSF5wt-nQjQRgboT1lpnAHs,新北市私立太陽花幼兒園,242台灣新北市新莊區海山里中正路425號,,,Google 名稱含可辨識名稱
2ad11ed7-68b6-4fe8-b18e-e26817ebbee1,新北市新店區雙峰國民小學附設幼兒園,公立,新店區,ChIJocJBvLEBaDQR-rF2AV0aNLE,新北市新店區雙峰國民小學,231台灣新北市新店區雙坑里北宜路三段66號,,,Google 名稱含可辨識名稱
2b49b756-435f-4f32-b88f-1129ff82e3d8,新北市私立育苗幼兒園,私立,永和區,ChIJu9Nr3O-pQjQRfJ3e7QNaSmk,育苗幼兒園,234台灣新北市永和區林森路40巷6弄2號,,,Google 名稱含可辨識名稱
2ba5208c-7438-4216-95eb-6e6b2ac29280,新北市龍埔成長非營利幼兒園(委託財團法人成長文教基金會辦理),非營利,三峽區,ChIJbUNzMfUbaDQR3S5HUY5jL9c,龍埔成長幼兒園,237台灣新北市三峽區龍學里大學路66號,,,Google 名稱含可辨識名稱
2bbeb328-66ea-4f68-85bd-d806148bd95f,新北市新莊區光華國民小學附設幼兒園,公立,新莊區,,,,,,Google 回傳 1 筆但名稱皆不含「新莊區光華國民小學」
2bf5ccee-d543-4cbe-b6fd-daf08c1bf7a9,新北市新莊區中信國民小學附設幼兒園,公立,新莊區,ChIJQ6upU4CoQjQRSmxJW0jvl6c,新北市新莊區中信國民小學,242台灣新北市新莊區中原里中信街168號,,,Google 名稱含可辨識名稱
2bfd018c-4cac-42af-820c-d25612853abb,新北市萬里區大鵬國民小學附設幼兒園,公立,萬里區,ChIJHcOon6JMXTQRtIknc0NCsGE,新北市萬里區大鵬國民小學,207台灣新北市萬里區大鵬里加投路14號,,,Google 名稱含可辨識名稱
2c345793-0ba4-4fb6-aabd-55790eeed4a0,新北市蘆洲區鷺江國民小學附設幼兒園,公立,蘆洲區,ChIJr0EHNcyoQjQRJSA3MJbQEic,新北市蘆洲區鷺江國民小學,247台灣新北市蘆洲區鷺江里民族路7號,,,Google 名稱含可辨識名稱
2c34e04d-9e22-4e81-a6b9-0da6f5429618,新北市私立勁寶兒林口幼兒園,私立,林口區,,,,,,Google 回傳 4 筆但名稱皆不含「勁寶兒林口」
2c49b63e-e2e5-4a52-a92d-a1f606f34557,新北市樹林區樹林國民小學附設幼兒園,公立,樹林區,ChIJk1Pl2hYdaDQRuyBUW9WTii8,新北市樹林區樹林國民小學,238台灣新北市樹林區樹興里育英街176號,,,Google 名稱含可辨識名稱
2cd10247-28de-45c6-a6aa-1266d8d6ba52,新北市私立育誠幼兒園,私立,新莊區,ChIJtRzbgoCoQjQRzb7R3qTOmlA,新北市私立育誠幼兒園,242台灣新北市新莊區中原里中榮街56巷13弄2號,,,Google 名稱含可辨識名稱
2d4ca00d-66c8-4268-9b80-78453e20e8ca,新北市三芝區興華國民小學附設幼兒園,公立,三芝區,ChIJvTM_a6-xQjQR1wVejycccjA,新北市三芝區興華國民小學,252台灣新北市三芝區興華里興華里1鄰田心子5號,,,Google 名稱含可辨識名稱
2db2c984-9327-4e20-9f7f-a6eba27ffec5,新北市立深坑幼兒園土庫分班,公立,深坑區,,,,,,Google 回傳 1 筆但名稱皆不含「立深坑土庫分班」
2dbe4bf8-9111-4c45-8942-5f3e6b5e3954,新北市私立安安幼兒園,私立,新莊區,ChIJAYPTf18daDQR1SZ5CqBLU4Q,私立安安幼稚園,242台灣新北市新莊區光明里民安西路150巷1號,,,Google 名稱含可辨識名稱
2e7c6993-f77a-4165-a4a7-b04e3d75e584,新北市私立日光幼兒園,私立,中和區,ChIJgcwBh3kCaDQRVUTNcNk7zqM,新北市私立日光幼兒園,235台灣新北市中和區中正路80號,,,Google 名稱含可辨識名稱
2ea5a0ce-936a-4560-a093-48cd9e175396,新北市私立忠孝幼兒園,私立,板橋區,ChIJlQzAsqECaDQRk7rHsLL6HNA,新北市私立忠孝幼兒園,220台灣新北市板橋區福德里忠孝路忠義巷19弄9.11號,,,Google 名稱含可辨識名稱
2ec019c8-41d0-4b9e-b28a-52ed2027e3c2,新北市立尖山國民中學附設幼兒園,公立,鶯歌區,ChIJUSEWI04ZaDQROCMxxTU4DkE,新北市立尖山國民中學,239台灣新北市鶯歌區尖山里國中街1號,,,Google 名稱含可辨識名稱
304555dc-0298-435e-95c1-dab30a9f6d0b,新北市私立育全幼兒園,私立,新莊區,ChIJP15YZoynQjQRpgABp-_Cm1s,新北市私立育全幼兒園,242台灣新北市新莊區裕民里裕民街55巷14號,,,Google 名稱含可辨識名稱
304e7b1e-4709-4576-bdc0-d39d3cd7544a,新北市私立悅淨幼兒園,私立,板橋區,ChIJ72rY7acCaDQR-45FeTjRX7k,悅欣&悅淨幼兒園,220台灣新北市板橋區挹秀里東門街30之2號1號樓之60,,,Google 名稱含可辨識名稱
3056da2e-59d5-4884-93f4-7c7ff2ebdf53,南山學校財團法人新北市南山高級中學附設私立員工幼兒園,私立,中和區,,,,,,Google 回傳 1 筆但名稱皆不含「南山南山高級中學員工」
305fc171-973f-4705-90b0-ed4f8e43d311,新北市私立佩思幼兒園,私立,三峽區,ChIJ15qnO78baDQRx60eNyw8uac,佩思幼兒園,237台灣新北市三峽區礁溪里中華路25號,,,Google 名稱含可辨識名稱
3069be5c-d1bf-4003-9824-66bec04b5783,新北市三峽區插角國民小學附設幼兒園,公立,三峽區,ChIJQWNGVIsaaDQRAJ304o0kxI8,新北市三峽區插角國民小學,237台灣新北市三峽區插角里39號,,,Google 名稱含可辨識名稱
30d29a31-46e9-474c-adcf-f81178ec88b0,新北市立永和幼兒園大同分班,公立,永和區,,,,,,Google 回傳 1 筆但名稱皆不含「立永和大同分班」
311fd89e-984f-4532-8b68-1e5ced7a7a34,新北市淡海非營利幼兒園(委託財團法人三之三生命教育基金會辦理),非營利,淡水區,ChIJIfhfCgS7QjQRBiz2zt3D3P4,三之三淡海非營利幼兒園,25172台灣新北市淡水區崁頂里崁頂三路1號,,,Google 名稱含可辨識名稱
31a684a5-06f9-4e1b-8a13-cfd545907722,財團法人天主教聖母聖心會附設新北市私立天仁幼兒園,私立,金山區,,,,,,Google 回傳 1 筆但名稱皆不含「天主教聖母聖心會天仁」
31d95ae6-3b97-485a-9fb8-20fd78317f1e,新北市私立三之三幼兒園,私立,新店區,ChIJdysT6IcBaDQRO7aI8cySSyQ,新北市私立三之三幼兒園,231台灣新店區文中里北宜路一段35號,,,Google 名稱含可辨識名稱
31fdebf4-824c-4c97-96ec-5e243d928dc6,新北市私立勁寶兒長樂幼兒園,私立,蘆洲區,ChIJp70B2raoQjQRYEguuxlzld4,蘆洲勁寶兒長樂幼兒園,247台灣新北市蘆洲區光復路247號新 北市 區34號 No. 34,,,Google 名稱含可辨識名稱
31ff1615-999a-4508-9656-9d1bb4e0c051,新北市鶯歌區二橋國民小學附設幼兒園,公立,鶯歌區,ChIJXYXB-kUZaDQRoPGS3wu0ZGk,新北市鶯歌區二橋國民小學,239台灣新北市鶯歌區二橋里中正三路106號,,,Google 名稱含可辨識名稱
322a3978-1c5e-42cb-ade5-82348f3dd4e6,新北市私立安特幼兒園,私立,中和區,ChIJr9NYuHkCaDQRE7dcJubxK6Y,安特幼兒園 Enter Preschool,235台灣新北市中和區新南里景平路431巷1號,,,Google 名稱含可辨識名稱
325023a2-4fe8-4c84-b8c5-0b349afc3321,財團法人新北市私立竹林國民小學附設幼兒園,私立,永和區,ChIJoUYBUmypQjQR3lcuw8bCoZY,新北市私立竹林國民小學,23441台灣新北市永和區勵行里竹林路34號,,,Google 名稱含可辨識名稱
325315a4-ab13-4536-b488-8df18910a2e6,新北市立三重幼兒園,公立,三重區,ChIJDdpdl-GoQjQRk7U-Cs2cH4w,新北市立三重幼兒園,241台灣新北市三重區過田里新北大道一段9號2樓,,,Google 名稱含可辨識名稱
32979b65-ef25-4c02-a4ea-7beca3323da0,新北市新莊區興化國民小學附設幼兒園,公立,新莊區,ChIJI5KVSJGoQjQRzb7egALoTYg,新北市新莊區興化國民小學,242台灣新北市新莊區福興里五工二路50巷2號,,,Google 名稱含可辨識名稱
32edc944-e6ab-42c3-87a8-3659bbba3575,新北市私立兜群育資優幼兒園,私立,蘆洲區,,,,,,Google 回傳 1 筆但名稱皆不含「兜群育資優」
334d64c6-33f6-4e04-b6e9-431323bef7d8,新北市私立寶貝家族幼兒園,私立,新莊區,ChIJKTH9zHSoQjQRfQuV906J6Fw,新北市私立寶貝家族幼兒園,242台灣新北市新莊區文衡里新泰路17號,,,Google 名稱含可辨識名稱
3385550b-ae53-46f0-870e-72b8caca005a,新北市立頭前國民中學附設幼兒園,公立,新莊區,,,,,,Google 回傳 2 筆但名稱皆不含「立頭前國民中學」
3396d2bc-2588-406e-9beb-43ede03d96f2,新北市私立育誠中榮幼兒園,私立,新莊區,,,,,,Google 回傳 1 筆但名稱皆不含「育誠中榮」
339da5ec-6fbc-4e8b-9ed4-4ce9b94a1477,新北市立烏來國民中小學附設幼兒園,公立,烏來區,ChIJSWHH44sGaDQRV8BANZSo8Es,新北市立烏來國民中小學附設幼兒園,233台灣新北市烏來區烏來里啦卡路5號,,,Google 名稱含可辨識名稱
341c4824-12e0-434b-9841-530384230cd5,新北市私立皇家貴族幼兒園,私立,板橋區,ChIJMY6p77QdaDQRYAFdHWJws40,新北市私立皇家貴族幼兒園,220台灣新北市板橋區堂春里金門街215巷10號1樓,,,Google 名稱含可辨識名稱
34567ea7-cf0d-441c-a31c-1557ec7d975a,新北市私立星莆幼兒園,私立,八里區,ChIJO2hP9lSkQjQRV8VK4jrWFiw,新北市私立星莆幼兒園,249台灣新北市八里區訊塘里中山路二段540巷28號,,,Google 名稱含可辨識名稱
347c8be8-1ab1-43ed-a4d0-cdba52c6a9b7,新北市昌福非營利幼兒園（委託明新學校財團法人明新科技大學辦理）,非營利,鶯歌區,ChIJdwEXybMeaDQR0jR6FP-NJrw,新北市昌福非營利幼兒園（委託明新學校財團法人明新科技大學辦理),239台灣新北市鶯歌區永昌里永明街22號,,,Google 名稱含可辨識名稱
348398a1-1f14-42da-bc82-c7f6fb874e96,新北市私立朱徠德幼兒園,私立,鶯歌區,,,,,,Google 回傳 1 筆但名稱皆不含「朱徠德」
34a549d6-1cf4-494c-8f80-ddef9e3332c5,新北市貢寮區和美國民小學附設幼兒園,公立,貢寮區,ChIJ40Xxy1pDXTQRBRUzYWDSaOU,新北市貢寮區和美國民小學,228台灣新北市貢寮區和美里龍洞街1-9號,,,Google 名稱含可辨識名稱
34aef4fb-aead-46d2-a5f2-ee9229949f03,新北市私立微笑幼兒園,私立,林口區,ChIJuYoe2iWnQjQR-gnRplLdPgI,新北市私立微笑幼兒園,244台灣新北市林口區麗林里八德路18號,,,Google 名稱含可辨識名稱
34dddb0d-8983-45d2-a0e9-ec317d3470c7,新北市私立菲蒙思幼兒園,私立,板橋區,ChIJOV2TEbsCaDQRF9XgVWKd810,新北市私立菲蒙思幼兒園,220台灣新北市板橋區重慶里國慶路126巷1號,,,Google 名稱含可辨識名稱
34e647b9-6c1c-406b-a43d-15620cd4f203,新北市私立田園幼兒園,私立,板橋區,ChIJC-GP6r4CaDQRlkWpvqSCZMM,私立田園幼兒園,220台灣新北市板橋區廣福里信義路279巷19號,,,Google 名稱含可辨識名稱
35141b6f-91f4-43df-a419-3e90c29ff78b,建豐國際資產管理股份有限公司附設新北市私立卡爾維德幼兒園,私立,新莊區,,,,,,Google 回傳 20 筆但名稱皆不含「建豐國際資產管理卡爾維德」
35be58a7-e52b-48ab-81f4-7467716b43bd,新北市新林非營利幼兒園(委託社團法人中華音樂舞蹈暨表演藝術教育協會辦理),非營利,林口區,ChIJfZQISSunQjQR0WpTcgx2tLQ,新林非營利幼兒園,244台灣新北市林口區南勢里三民路101號,,,Google 名稱含可辨識名稱
35c0cfe2-2b27-492d-946c-f20317e89fef,新北市私立花仙子幼兒園,私立,汐止區,,,,,,Google 回傳 20 筆但名稱皆不含「花仙子」
35e531de-ac1c-45b1-af51-fe5cf845bbba,新北市立插角森林實驗小學附設幼兒園,公立,三峽區,,,,,,Google 回傳 2 筆但名稱皆不含「立插角森林實驗小學」
36a014b1-3d58-4545-8278-e55f113ade7b,翰科教育股份有限公司附設新北市私立林口夏恩國際幼兒園,私立,林口區,,,,,,Google 回傳 1 筆但名稱皆不含「翰科教育林口夏恩國際」
36bd8abf-2adf-4647-a040-edc63819b189,新北市私立夏哲森幼兒園,私立,林口區,ChIJB9sXMwCnQjQRMoV7IOF9Jbs,夏哲森幼兒園,244台灣新北市林口區南勢里忠孝路95號,,,Google 名稱含可辨識名稱
36c1f7c1-fb02-48f3-941d-61154aa4025b,新北市私立尼爾生幼兒園,私立,新莊區,ChIJSTRxwdenQjQRGm5njxptMX8,尼爾生幼兒園,242台灣新北市新莊區立基里中平路81巷4號,,,Google 名稱含可辨識名稱
36de5e6f-85ae-402a-af0a-b601d517e48d,新北市私立儒林幼兒園,私立,新莊區,ChIJ4WUY3IunQjQRR5gl_2Ps3Js,新北市私立儒林幼兒園,"號 No, No. 73中正路新生巷裕民里新莊區新北市台灣 242",,,Google 名稱含可辨識名稱
36e80338-35a4-4fb7-910d-66071feaa1b3,新北市私立史丹力幼兒園,私立,蘆洲區,ChIJcVzQbrSoQjQRP2xb1e8F0ZY,史丹力幼兒園,247台灣新北市蘆洲區正義里光榮路96號,,,Google 名稱含可辨識名稱
36eb695c-41ad-419c-8535-682995c67d8d,新北市私立冠軍幼兒園,私立,樹林區,ChIJU2V34RsdaDQR0VJFcaW2ToI,冠軍幼兒園,238台灣新北市樹林區三福里忠愛街15號,,,Google 名稱含可辨識名稱
36f8cf74-1740-478f-8419-7bfca90f8bb9,新北市平溪區菁桐國民小學附設幼兒園,公立,平溪區,ChIJ_9Vb6a5WXTQRnVhnD84ipv8,新北市平溪區菁桐國民小學,226台灣新北市平溪區菁桐里菁桐街45號,,,Google 名稱含可辨識名稱
3749105d-59be-4352-8235-99e388ec1d4c,新北市菁湖非營利幼兒園(委託財團法人三之三生命教育基金會辦理),非營利,林口區,ChIJz48tMUOnQjQRNGBYM7sRap4,新北市菁湖非營利幼兒園,244台灣新北市林口區菁湖里林口路70號,,,Google 名稱含可辨識名稱
374c62cc-c4af-48b3-8d45-a06de44a204f,新北市私立凱達格蘭幼兒園,私立,新莊區,ChIJBT6c5IeoQjQRsH0ONDpLI4M,凱達格蘭幼兒園,242台灣新北市新莊區昌明里昌明街32號,,,Google 名稱含可辨識名稱
3755c6ec-d8b2-4b31-b041-58123f255b20,新北市私立東光幼兒園,私立,三重區,ChIJPZnyuy-pQjQRxbVTSARsDpk,私立東光幼兒園,241台灣新北市三重區承德里仁壽街200號,,,Google 名稱含可辨識名稱
378d2e25-f8b2-42da-8b88-3531577f7f13,新北市立永和幼兒園保生分班,公立,永和區,,,,,,Google 回傳 1 筆但名稱皆不含「立永和保生分班」
379894b6-e3ad-4ecf-bb81-e9315d0c5049,新北市三峽區民義國民小學附設幼兒園,公立,三峽區,ChIJh0Ju3ccbaDQRzCk4-5phmUA,新北市三峽區民義國民小學,237台灣新北市三峽區嘉添里白雞路40號,,,Google 名稱含可辨識名稱
37afce56-ce91-4490-9fbc-b8f14ae9428c,新北市板橋區文聖國民小學附設幼兒園,公立,板橋區,ChIJhzDKYEaoQjQRfCe39zOBBfs,新北市板橋區文聖國民小學,220台灣新北市板橋區松柏里文聖街86號,,,Google 名稱含可辨識名稱
37b0a62e-913b-465e-8eee-dfbcb7ed684a,新北市私立快樂芝麻幼兒園,私立,八里區,ChIJ206t_2ulQjQR9at8Cvkkzc4,快樂芝麻幼兒園,249台灣新北市八里區大崁里龍米路三段38號號,,,Google 名稱含可辨識名稱
38c96456-339e-4944-90b4-aebdf938f412,新北市私立育林幼兒園,私立,三重區,ChIJOR-NR-ioQjQRY0CRB4IOFhc,私立育林幼兒園,241台灣新北市三重區博愛里頂崁街187巷6號,,,Google 名稱含可辨識名稱
38dafd4a-0a5b-4a4d-8478-26c207673146,新北市私立萊恩思幼兒園,私立,林口區,ChIJh1eqg1CnQjQRvYew-k5W7So,萊恩思幼兒園【林口私立幼兒園推薦】評價高幼兒園｜雙語幼兒園｜國際幼兒園｜全美語幼兒園,244台灣新北市林口區仁愛里文化二路一段260巷7-4號,,,Google 名稱含可辨識名稱
38f483d9-2536-4ef5-b24a-0b49f64ca432,新北市私立樹林育林幼兒園,私立,樹林區,ChIJYWgqDBcdaDQRZMKeMQykuyk,私立樹林育林幼兒園,238台灣新北市樹林區育英里文化街28號,,,Google 名稱含可辨識名稱
392872aa-20dd-4716-80a4-8b170461525b,新北市立江翠國民中學附設幼兒園,公立,板橋區,ChIJuUqEn2qoQjQRLnUEBbtKIYU,新北市立江翠國民中學附設幼兒園,220台灣新北市板橋區文化里松江街63之2號,,,Google 名稱含可辨識名稱
3941e605-bac6-41da-bf5a-d66235497094,新北市三重區正義國民小學附設幼兒園,公立,三重區,ChIJKeja7iGpQjQRA7FvbzPcn40,新北市三重區正義國民小學,241台灣新北市三重區正義里信義西街31號,,,Google 名稱含可辨識名稱
39611f58-bb9d-4ff5-9313-3f6083e5947d,新北市土城區土城國民小學附設幼兒園,公立,土城區,ChIJh64vYSodaDQRtlgspRVOKc0,新北市土城區土城國民小學,236台灣新北市土城區埤塘里興城路17號,,,Google 名稱含可辨識名稱
39e9493e-41e2-430c-9146-ce679079b04d,新北市淡水區竹圍國民小學附設幼兒園,公立,淡水區,ChIJXRtuYpCvQjQRB1mDEShPeYY,新北市淡水區竹圍國民小學,25159台灣新北市淡水區八勢里中正東路二段145號,,,Google 名稱含可辨識名稱
39eb94bb-6061-40c2-853d-64cc5cbd1c23,新北市私立新育幼幼兒園,私立,新莊區,ChIJS4AzRWWoQjQR0Yc3ffGLmo8,新北市私立新育幼幼兒園,242台灣新北市新莊區思源里民樂街55號,,,Google 名稱含可辨識名稱
3a8754a5-e6e1-47ce-9ffb-7f8c67a417d4,新北市私立水星幼兒園,私立,新店區,ChIJy2jB_vEBaDQRRniDhCCwF4c,水星幼兒園,231台灣新北市新店區寶福里寶興路42巷25 號,,,Google 名稱含可辨識名稱
3a9a706c-72f8-4a8b-ba1f-cfb8766ec6f2,新北市萬里區大坪國民小學附設幼兒園,公立,萬里區,,,,,,Google 回傳 1 筆但名稱皆不含「萬里區大坪國民小學」
3aa3c56a-79da-4c20-8f9c-371a36ef6a3b,新北市私立育全鶯歌幼兒園,私立,鶯歌區,ChIJ18_J9kQZaDQRkbjhyA9TRQ8,新北市私立育全鶯歌幼兒園,239台灣新北市鶯歌區二甲里二甲路25號,,,Google 名稱含可辨識名稱
3aa8e358-47e8-426a-a5ef-437653d6a6ef,新北市私立北大迦美幼兒園,私立,樹林區,ChIJs9hxynMcaDQR5yMnIbnNPjA,北大迦美蒙特梭利幼兒園,238台灣新北市樹林區南園里大成路361號,,,Google 名稱含可辨識名稱
3ab40852-000b-4669-977d-6a3b29c20bbe,新北市私立雅德賽思幼兒園,私立,永和區,ChIJza2RMRobaDQRFyyo51I4vJ0,雅德賽思教育協會,237台灣新北市三峽區插角里182號,,,Google 名稱含可辨識名稱
3abca323-8baf-44f4-b535-f027eac53a2e,新北市立三重幼兒園崇德分班,公立,三重區,,,,,,Google 回傳 1 筆但名稱皆不含「立三重崇德分班」
3ac9af40-d4e3-41c9-a218-4af0587d47ae,新北市私立淡水啟文幼兒園,私立,淡水區,ChIJWbcBav6vQjQRaikNf8x3hMQ,淡水啟文幼兒園,251台灣新北市淡水區北新里北新路188號,,,Google 名稱含可辨識名稱
3af8c360-397b-4afe-8eb9-1462d8429af9,新北市私立快樂地幼兒園,私立,樹林區,ChIJU8fUOx8daDQR_foH0f4vICo,快樂地幼兒園,238台灣新北市樹林區彭福里八德街118號,,,Google 名稱含可辨識名稱
3b37e092-91d0-47aa-a524-f6e26c5c3b45,新北市三重區重陽國民小學附設幼兒園,公立,三重區,ChIJBbCLX-eoQjQRG0zhwMsMuuo,新北市三重區重陽國民小學,241台灣新北市三重區六福里中正北路113號,,,Google 名稱含可辨識名稱
3b74f059-fa08-48db-8787-d4b0b6f64f79,新北市私立吉的堡北馨園幼兒園,私立,淡水區,ChIJHQNmc_-vQjQREWSZLb_Aubk,吉的堡北馨園幼兒園,251台灣新北市淡水區水碓里北新路92號,,,Google 名稱含可辨識名稱
3bbf8a2b-27c5-4383-80be-94b8a937d203,新北市私立勵輝國際幼兒園,私立,新莊區,,,,,,Google 回傳 1 筆但名稱皆不含「勵輝國際」
3c288002-d579-4ece-9a1b-9f2a5e1f3ee7,新北市私立弘儒幼兒園,私立,中和區,ChIJoZ-0gM6pQjQRaTHXu8sfP94,弘儒幼兒園,235063台灣新北市中和區安樂里宜安路56-1號,,,Google 名稱含可辨識名稱
3c71aa5a-67b2-4954-b94a-49c6ef6fb16f,新北市私立慈園幼兒園,私立,土城區,ChIJC0q3_csCaDQRuZz4kW31ydo,私立慈園幼兒園,236台灣新北市土城區樂利里學府路一段270巷4號,,,Google 名稱含可辨識名稱
3c81572a-5000-4715-a051-0af4d164cdca,新北市私立晨星幼兒園,私立,新莊區,ChIJew46DACpQjQROtkKs1OXEIs,新北市私立晨星幼兒園,242台灣新北市新莊區昌隆里昌隆街7號,,,Google 名稱含可辨識名稱
3cbbaa70-6a5b-46d3-8f35-9b1a278b9021,新北市私立永松幼兒園,私立,新莊區,ChIJsWNnUlkdaDQRJDwmjtvHNXk,永松幼兒園,242台灣新北市新莊區光華里光華街24號,,,Google 名稱含可辨識名稱
3ccc71a2-183d-4699-955e-08b1ff4efb3d,新北市私立夢不落幼兒園,私立,泰山區,ChIJMRdD1FOnQjQRzNMbsRS9NGI,夢不落幼兒園,243078台灣新北市泰山區義仁里信華三街61號,,,Google 名稱含可辨識名稱
3cf2caec-cbce-4a2d-bc44-971e11ec758b,新北市私立妙博士幼兒園,私立,新莊區,ChIJIeXC5nSoQjQRO6tKjMAXaBE,妙博士幼兒園,242台灣新北市新莊區文衡里景德路212號,,,Google 名稱含可辨識名稱
3cf90a13-95fc-490e-8563-0bde3b735db3,新北市私立巨星幼兒園,私立,中和區,ChIJ0WqXXtmpQjQRbW1FbROI2So,雙和巨星幼兒園,235台灣新北市中和區瓦磘里光華街100號,,,Google 名稱含可辨識名稱
3d124323-b77e-4c6f-84d1-022b345007dd,新北市新莊區國泰國民小學附設幼兒園,公立,新莊區,ChIJ7zQTJt6nQjQRVPJk7clUyZw,新北市新莊區國泰國民小學,242台灣新北市新莊區營盤里中正路386號,,,Google 名稱含可辨識名稱
3d2f0593-3df4-4cd2-812d-a97d4f404814,新北市私立景文幼兒園,私立,新店區,ChIJiaJkTEkCaDQR3AfMcPfmnO0,景文幼兒園,231台灣新北市新店區德安里安德街120巷16號,,,Google 名稱含可辨識名稱
3d3058c8-48b5-4c8b-b2a8-4fd7e519afd8,新北市私立育安園幼兒園,私立,樹林區,,,,,,Google 回傳 1 筆但名稱皆不含「育安園」
3d7e824a-6823-4580-aca4-4d243fb45941,新北市私立佳欣幼兒園,私立,新店區,ChIJ6dtiC_QBaDQRwrOaBQV7Dgc,新北市私立佳欣幼兒園,231台灣新北市新店區仁愛里中正路128巷9弄1號,,,Google 名稱含可辨識名稱
3e535f7e-a3e4-49c1-a0b8-426ef0854398,新北市私立聯合幼兒園,私立,汐止區,ChIJCegRBzxTXTQR4egEO5bt2U8,聯合幼稚園,221台灣新北市汐止區湖興里翠峰街2巷2號,,,Google 名稱含可辨識名稱
3e5ae222-940c-43e0-971e-4bdd50ca72a3,新北市私立寶貝媽咪幼兒園,私立,板橋區,ChIJP1yNvECoQjQR8lh3bAAiCWA,寶貝媽咪-托嬰中心/幼兒園,220台灣新北市板橋區忠翠里莊敬路34-2/46號,,,Google 名稱含可辨識名稱
3e6651d6-4091-4754-9012-f4c56d960f2b,新北市私立菩提幼兒園,私立,板橋區,ChIJn0NvhTkdaDQRW0zcl1nYhlI,新北市私立菩提幼兒園,220台灣新北市板橋區堂春里金門街251號,,,Google 名稱含可辨識名稱
3ead8e5e-3287-4a40-90a9-5bb706874d3b,新北市私立板橋育安幼兒園,私立,板橋區,ChIJ-Tjx_0SoQjQR5MS4rh167ck,新北市私立板橋育安幼兒園,220台灣新北市板橋區文翠里文化路二段548巷29號,,,Google 名稱含可辨識名稱
3ec47483-9047-45d5-8202-5e5feeebe5d1,新北市私立班尼迪克幼兒園,私立,板橋區,ChIJtXLElKMCaDQRK3F1aNM2Dvs,班尼迪克幼兒園,220台灣新北市板橋區廣德里重慶路245巷15號 1號2.3樓,,,Google 名稱含可辨識名稱
3ee45fe7-413a-4bec-b938-786be73f75ee,新北市新莊區頭前國民小學附設幼兒園,公立,新莊區,,,,,,Google 回傳 1 筆但名稱皆不含「新莊區頭前國民小學」
3f04a887-9c3a-4fbf-888e-2f5583965f63,新北市私立智晶幼兒園,私立,淡水區,ChIJ21r5l_mvQjQRTxRQbTGM3rc,新北市私立智晶幼兒園,251台灣新北市淡水區學府里學府路113號號 2 樓,,,Google 名稱含可辨識名稱
3f1701e1-366d-41ca-8b93-e1a864ee9949,新北市三重區集美國民小學附設幼兒園,公立,三重區,,,,,,Google 回傳 1 筆但名稱皆不含「三重區集美國民小學」
3f5d0f89-5a6d-4be6-9e2a-23f9a9715b85,國家教育研究院員工子女非營利幼兒園(委託財團法人彭婉如文教基金會辦理),非營利,三峽區,,,,,,Google 回傳 8 筆但名稱皆不含「國家教育研究院員工子女」
3f612038-8097-4d90-8d7f-809e180b8946,新北市新店區龜山國民小學附設幼兒園,公立,新店區,ChIJ5dyZr0wBaDQRXxs5ySbucI4,新北市新店區龜山國民小學,231台灣新北市新店區龜山里新烏路三段99巷10號,,,Google 名稱含可辨識名稱
3fb3a0bc-4a76-4c72-9673-13ddb434b3c7,新北市立鳳鳴國民中學附設幼兒園,公立,鶯歌區,ChIJEaI3l7geaDQRaA5xhIsaZYk,新北市立鳳鳴國民中學,239台灣新北市鶯歌區鳳鳴里永和街33號,,,Google 名稱含可辨識名稱
3fc4aedf-30eb-47d9-953d-45011415c9f6,新北市三峽區介壽國民小學附設幼兒園,公立,三峽區,ChIJVVCB55IbaDQR7ldKA_2pQNQ,新北市三峽區介壽國民小學,237台灣新北市三峽區介壽里大同路1號,,,Google 名稱含可辨識名稱
3fe2d8ef-dd98-47c4-89c3-10c62242412a,新北市私立方圓幼兒園,私立,新店區,ChIJH7rNdN0faDQReBq1Tx6Mmko,桃園市私立方圓幼兒園,338台灣桃園市蘆竹區順興里奉化路29號,,,Google 名稱含可辨識名稱
3fe58231-3cce-4c82-b9ab-cdbac3f48706,新北市私立文愛幼兒園,私立,五股區,ChIJTxS3ZRqmQjQRJHQprBYA0Go,新北市私立文愛幼兒園（準公共）,248台灣新北市五股區民義里民義路一段112號,,,Google 名稱含可辨識名稱
402f7507-3aca-4c3d-913c-71648f2127ba,新北市林口區興福國民小學附設幼兒園,公立,林口區,ChIJ68vEwzShQjQRNuPx41IxOeM,新北市林口區興福國民小學,244台灣新北市林口區下福里10-1號,,,Google 名稱含可辨識名稱
403ade7b-d824-4391-b10e-61fd745e66fc,財團法人新北市私立一信幼兒園,私立,淡水區,ChIJ8UICEUilQjQRL4LKR7YkIKQ,私立一信幼稚園,251台灣新北市淡水區油車里中正路一段63巷9號,,,Google 名稱含可辨識名稱
404d2966-663a-4e8c-8d65-1810d3e944ce,新北市立新莊幼兒園中心分班,公立,新莊區,,,,,,Google 回傳 1 筆但名稱皆不含「立新莊中心分班」
4070131c-eafc-48f3-93a1-a174aa2314bd,新北市私立臻寶園幼兒園,私立,淡水區,,,,,,Google 回傳 1 筆但名稱皆不含「臻寶園」
407e6aaf-77f1-4802-8be1-9b3fbb9f286f,新北市淡水區新市國民小學附設幼兒園,公立,淡水區,ChIJudgrFKq6QjQRK_koBNa4Shs,新北市淡水區新市國民小學,251台灣新北市淡水區崁頂里中山北路二段200號,,,Google 名稱含可辨識名稱
40b1cf2b-5e68-454b-bd73-02e4b5f4dc79,新北市私立聯華幼兒園,私立,新店區,ChIJTwyO0fABaDQRT1am4mTlZiQ,聯華幼兒園,231台灣新北市新店區新安里北新路二段186號,,,Google 名稱含可辨識名稱
41e1cf5c-4fb8-4789-a791-af925567dee1,新北市私立成功幼兒園,私立,新莊區,ChIJ9VGvOvOnQjQRFCo2QKqDdUk,新北市私立成功幼兒園,242台灣新北市新莊區南港里四維路20號,,,Google 名稱含可辨識名稱
420bfa2a-7cc4-4a93-a1b5-6c6e44927dbb,新北市私立博安幼兒園,私立,新店區,ChIJn6ntNlcDaDQR1L_YZB3wlts,新北市私立博安幼兒園,231台灣新北市新店區柴埕里光華街20號22號,,,Google 名稱含可辨識名稱
422005e5-bb7e-4f43-8625-eb8080d91eef,新北市私立民治園幼兒園,私立,中和區,ChIJX7OWUSeoQjQRCsy0SCV1_pA,民治園幼兒園,235台灣新北市中和區民有里民治街4號,,,Google 名稱含可辨識名稱
426e2c9b-5023-49da-a735-36cd65748b4f,新北市立五股幼兒園,公立,五股區,ChIJP9SvkaqoQjQR0K-J4bjyzqM,新北市立五股幼兒園(本園),248台灣新北市五股區成功里西雲路165號,,,Google 名稱含可辨識名稱
429c5a73-1630-4d63-bf17-934713a8202a,新北市私立比陽幼兒園,私立,泰山區,,,,,,Google 回傳 2 筆但名稱皆不含「比陽」
43180470-8920-4811-980b-4230fd4c495a,新北市私立鹿兒堡幼兒園,私立,板橋區,ChIJWdWCDqMCaDQR3f0MbZomUCI,鹿兒堡幼兒園,220台灣新北市板橋區廣德里重慶路269巷18號,,,Google 名稱含可辨識名稱
432f8a3b-c175-458c-826c-df59f05d22c6,財團法人耕莘健康管理專科學校附設新北市私立實驗幼兒園,私立,新店區,,,,,,Google 回傳 20 筆但名稱皆不含「耕莘健康管理專科學校實驗」
4339f6eb-8ae3-45ba-bc84-3a47bbd22b1b,新北市金山區三和國民小學附設幼兒園,公立,金山區,ChIJsVqDGKhMXTQR9tZv7zjPXo8,新北市金山區三和國民小學,20842台灣新北市金山區重和里38號,,,Google 名稱含可辨識名稱
4364b579-747e-47d9-b6c2-6d8f630e33da,新北市安興非營利幼兒園(委託財團法人仁德醫護管理專科學校辦理),非營利,新店區,ChIJrWZM1ewDaDQRwy056rc1Unk,新北市安興非營利幼兒園,23159台灣新北市新店區安和里安興路129號,,,Google 名稱含可辨識名稱
43bd6e3e-0526-4c76-934d-e8cd58e7b0ed,新北市私立康橋幼兒園,私立,蘆洲區,ChIJU0QRgc6oQjQRlwsUWKOmrRM,康橋幼兒園,247台灣新北市蘆洲區仁德里鷺江街97號,,,Google 名稱含可辨識名稱
43e6455b-1620-40c2-840d-5005980bfd37,新北市私立千愛幼兒園,私立,林口區,ChIJG6qBpR-nQjQReqyGe0BJ2gM,千愛幼兒園,244台灣新北市林口區東勢里忠孝路646巷9號,,,Google 名稱含可辨識名稱
43fd123b-00c7-4310-862f-e46e797b5824,新北市立德拉楠民族實驗小學附設幼兒園,公立,烏來區,,,,,,Google 回傳 2 筆但名稱皆不含「立德拉楠民族實驗小學」
4427290e-4d85-48e4-abb5-f9e1d3b5468a,新北市私立泰山慈惠幼兒園,私立,泰山區,ChIJv0p7cZOnQjQR80t2fB9Pk9w,新北市私立泰山慈惠幼兒園,243台灣新北市泰山區貴和里明志路三段454巷6號,,,Google 名稱含可辨識名稱
447a5067-eb22-441d-ae18-ba052fe22550,新北市私立德明幼兒園,私立,中和區,ChIJ848DtdWpQjQRX7h6IcezlOI,私立德明幼兒園,235台灣新北市中和區福真里中山路二段312巷3弄7號,,,Google 名稱含可辨識名稱
44f32f53-dac5-4590-bf26-bfa6d259e02d,嘉聲文教事業股份有限公司附設新北市私立嘉聲幼兒園,私立,林口區,,,,,,Google 回傳 1 筆但名稱皆不含「嘉聲文教事業嘉聲」
4515ce65-195a-42c3-87f6-128d59f9aade,新北市漢翔非營利幼兒園(委託財團法人三之三生命教育基金會辦理),非營利,三峽區,ChIJk0_CRAocaDQRwirFJO0Ecmc,財團法人三之三生命教育基金會附設新北市私立漢翔非營利幼兒園,237台灣新北市三峽區龍學里大學路218號,,,Google 名稱含可辨識名稱
452566f0-0bf7-47f1-b72d-6f17d2f00bd5,新北市私立長青幼兒園,私立,鶯歌區,ChIJtynDQrEeaDQRFNKdH6xTYmM,長青幼兒園,239台灣新北市鶯歌區永吉里鶯桃路188號,,,Google 名稱含可辨識名稱
4542d7c4-9ddc-44bf-b53d-d7870eb5ac6c,新北市立八里幼兒園,公立,八里區,ChIJn3JsMqulQjQRWVqouybMgic,新北市立八里幼兒園,249台灣新北市八里區舊城里舊城路19號2樓,,,Google 名稱含可辨識名稱
4552d0c8-7f4d-4402-a61b-e66bcb3cd9bc,新北市三重區興穀國民小學附設幼兒園,公立,三重區,ChIJ_a9KjfaoQjQRpxeYETYgcTk,新北市三重區興穀國民小學,241台灣新北市三重區五谷里神農街101號,,,Google 名稱含可辨識名稱
456bc54d-fcd4-4f67-a5dc-bf48a04721d4,新北市福營非營利幼兒園(委託社團法人中華兆陽文教發展協會辦理),非營利,新莊區,ChIJp8SPNfCnQjQROF4iAhrzS5U,福營非營利幼兒園（新北市政府委託中華兆陽文教發展協會辦理）,242台灣新北市新莊區南港里民安路98巷23號對面幼兒園門,,,Google 名稱含可辨識名稱
458dd761-94c6-43c9-913f-d1424b410e70,新北市立瑞芳幼兒園爪峰分班,公立,瑞芳區,,,,,,Google 回傳 1 筆但名稱皆不含「立瑞芳爪峰分班」
45a53079-154a-4a6f-b5f7-e64c1031a17f,新北市私立祐昇幼兒園,私立,蘆洲區,ChIJLUAgFy2vQjQRGGlaw-hRtAk,祐昇幼兒園,247台灣新北市蘆洲區樓厝里中興街177號,,,Google 名稱含可辨識名稱
45b6376b-6c77-420e-a544-e4de7acca0f5,新北市私立路亞幼兒園,私立,林口區,ChIJM0Chlh2nQjQR89IHrcFj-r8,LUYA Kindy 路亞國際幼兒園,244台灣新北市林口區南勢里文化北路一段498號1F,,,Google 名稱含可辨識名稱
45ead89b-1543-41c4-839f-6aca0a4681fd,新北市私立合安幼兒園,私立,永和區,ChIJ81McePupQjQRdSg_ziLpPw4,合安幼兒園,234台灣新北市永和區民富里民樂街59巷15號,,,Google 名稱含可辨識名稱
45ee61dd-6e97-41ad-ad0e-91c3322baaaf,新北市立安溪國民中學附設幼兒園,公立,三峽區,ChIJ-yEewOsbaDQRGskXV2e3bsk,新北市立安溪國民中學,237台灣新北市三峽區中正里大同路135號,,,Google 名稱含可辨識名稱
465120db-023f-47f3-a50b-c4918ef6af63,新北市私立愷僑幼兒園,私立,板橋區,ChIJEXwe96MCaDQRRK79vcsXIs0,私立愷僑幼兒園 CareMore Kinderland,220台灣新北市板橋區廣德里重慶路207號,,,Google 名稱含可辨識名稱
46beaff5-3393-4fef-b230-198296a384b4,新北市私立西雅圖幼兒園,私立,蘆洲區,ChIJSz2TaLSoQjQR2G01z3ZUvPo,西雅圖幼兒園,247台灣新北市蘆洲區正義里光榮路96號,,,Google 名稱含可辨識名稱
47243483-2120-48d7-accc-8b992948d7b9,新北市私立快樂靜思園幼兒園,私立,三峽區,ChIJibpRou0baDQR4m8lxje6B8k,快樂靜思園幼兒園,237台灣新北市三峽區礁溪里中華路15巷5號,,,Google 名稱含可辨識名稱
473fc5a9-a0a1-4f7e-860e-39152ae43dfb,新北市新店民安非營利幼兒園（委託康寧學校財團法人康寧大學辦理）,非營利,新店區,ChIJ5bX4a34DaDQRREVaWCiW0G8,新北市新店民安非營利幼兒園（委託康寧學校財團法人康寧大學辦理）,231台灣新北市新店區安民街3巷10號,,,Google 名稱含可辨識名稱
4752477a-9fa5-4f86-bded-e24a7827de25,新北市私立愛迪爾國際幼兒園,私立,土城區,ChIJP2blb8QDaDQRBTuGE82SfW8,愛迪爾國際幼兒園,236台灣新北市土城区柑林里青福街235號,,,Google 名稱含可辨識名稱
47707b31-7ea4-45bc-8e31-26700d17a6d0,新北市私立森堡幼兒園,私立,中和區,ChIJw___8t-pQjQRfl5ov8gCK3o,森堡幼兒園,235台灣新北市中和區安順里保健路123號,,,Google 名稱含可辨識名稱
4787abd9-937a-49fe-b11a-0cac6f97e748,新北市柏翠非營利幼兒園(委託財團法人心路社會福利基金會辦理),非營利,板橋區,ChIJ2RQunkSoQjQRFdv-ys9A77U,心路基金會-柏翠非營利幼兒園(新北市),220台灣新北市板橋區柏翠里華江一路150號,,,Google 名稱含可辨識名稱
4799786c-53b9-4c85-8bd9-7aab89eed5b9,新北市山北非營利幼兒園（委託財團法人三之三生命教育基金會辦理）,非營利,中和區,ChIJn1uzjdCpQjQRdwoO4GNxNFQ,新北市山北非營利幼兒園,235台灣新北市中和區福美里莊敬路49巷29弄2號,,,Google 名稱含可辨識名稱
479c0546-86aa-45fd-ae73-d5b55e3faf18,新北市私立金祥慈幼兒園,私立,三峽區,ChIJO2MGZfEbaDQR3l04-hWNERs,金祥慈幼兒園,237台灣新北市三峽區永舘里和平街36巷7弄1號,,,Google 名稱含可辨識名稱
47dddae5-4ced-43d0-91a3-2eae44b0eb0b,新北市私立吉智幼兒園,私立,板橋區,ChIJU6XGJjkdaDQRS5vJGErM_z4,吉智幼兒園,220台灣新北市板橋區崑崙里存德街20號,,,Google 名稱含可辨識名稱
47ed892c-5cbe-43f9-838c-e62b18c99bd5,新北市瑞芳區瑞亭國民小學附設幼兒園,公立,瑞芳區,ChIJm3Ke-idQXTQRv2SO2KnquYI,新北市瑞芳區瑞亭國民小學,224台灣新北市瑞芳區上天里四腳亭埔路23號,,,Google 名稱含可辨識名稱
47f413c9-8223-43c3-980f-da40791fe8c8,新北市私立科見幼兒園,私立,永和區,ChIJu8zuuB2oQjQRAjtMd70Jw-8,科見板橋幼兒園 KOJEN Preschool,220台灣新北市板橋區福丘里中山路一段69號2 樓,,,Google 名稱含可辨識名稱
48ca7ef9-2087-4394-8a65-71b6463d8412,新北市私立時代幼兒園,私立,中和區,ChIJq4kw4J4CaDQRTbwhmiXqihA,新北市私立時代幼兒園,235台灣新北市中和區莒光路120巷14號1樓,,,Google 名稱含可辨識名稱
49403098-8455-4804-a7d9-1c88b402b7e4,新北市私立小紅豆幼兒園,私立,永和區,,,,,,Google 回傳 20 筆但名稱皆不含「小紅豆」
49b6037e-0e67-42b9-bfb8-2b12033abdd2,新北市私立大恩幼兒園,私立,板橋區,ChIJmRxXKRaoQjQRLWId40zbnL0,大恩幼兒園,220台灣新北市板橋區介壽里介壽街23號,,,Google 名稱含可辨識名稱
49c0430a-d4bd-4045-bab2-7dcc641684e6,新北市私立培英幼兒園,私立,新店區,ChIJ9ZJYlB8CaDQRBtedZ5iyZO8,培英幼兒園,231台灣新北市新店區中華里三民路75巷12號,,,Google 名稱含可辨識名稱
4a0013ac-6406-4c6a-97fd-87fc5ee6dc00,新北市私立寶媽媽幼兒園,私立,新店區,ChIJycRzWg8DaDQRNwaOUDqy0Oo,寶媽媽幼兒園,231台灣新北市新店區日興里安康路三段355巷40號,,,Google 名稱含可辨識名稱
4a3a5512-2139-4e86-8416-5f4f5c9c5e67,新北市私立南蒂亞新林幼兒園,私立,林口區,,,,,,Google 回傳 11 筆但名稱皆不含「南蒂亞新林」
4a4008f9-dc4c-401f-8a0d-a0ee8f3c14e6,新北市立泰山幼兒園貴和分班,公立,泰山區,,,,,,Google 回傳 1 筆但名稱皆不含「立泰山貴和分班」
4abfa281-5e6c-4777-88c5-349ae47d2a9f,新北市私立嘉樂幼兒園,私立,永和區,ChIJUdVGOdypQjQRZ_ToeRedTW8,私立嘉樂幼兒園,234台灣新北市永和區安和里中和路501巷17號,,,Google 名稱含可辨識名稱
4b81b32f-a96f-4ea8-bd8e-91bbab60454b,新北市私立翊華幼兒園民族分班,私立,蘆洲區,,,,,,Google 回傳 1 筆但名稱皆不含「翊華民族分班」
4bc549a2-b0d0-41bc-ac2d-93c776ff6957,新北市私立微笑太陽幼兒園,私立,永和區,ChIJf9A-PdmpQjQRdArpDOGdj1M,新北市私立微笑太陽幼兒園,234台灣新北市永和區雙和里中和路305巷10弄1號,,,Google 名稱含可辨識名稱
4bee1786-2005-4953-8cb7-d89ae7ae7674,新北市私立文揚幼兒園,私立,永和區,ChIJQT_Wdu6pQjQRLtD3Rgt9498,新北市私立文揚幼兒園,234台灣新北市永和區福林里豫溪街162巷12號,,,Google 名稱含可辨識名稱
4bf18dc4-942a-4828-9148-cfa150085748,新北市東湖非營利幼兒園(委託社團法人新北市巧湖溫馨關懷發展協會辦理),非營利,林口區,ChIJf6Bu9LenQjQRA0mnJpmHhdk,新北市東湖非營利幼兒園,244台灣新北市林口區西林里四維路201號1樓,,,Google 名稱含可辨識名稱
4c7c0177-a2d0-4d4c-9e5f-61d3860e81d1,新北市私立柏克力幼兒園,私立,汐止區,ChIJYys43E5TXTQR8lhk6dSA42U,柏克力幼兒園（汐止）,221台灣新北市汐止區興福里福德一路157號,,,Google 名稱含可辨識名稱
4c9d503c-0996-4dc1-8e95-4174c286285b,新北市私立育安幼兒園,私立,樹林區,ChIJfQKxVRgdaDQRBgQ_gVM7G18,新北市私立育安幼兒園,238台灣新北市樹林區和平里中華路12巷11號,,,Google 名稱含可辨識名稱
4cd41136-bdf0-4175-87cc-e822d2dd0cdb,新北市私立鶯歌芝麻村幼兒園,私立,鶯歌區,ChIJfxklmK0eaDQRjaBLv1g3Zbw,新北市私立鶯歌芝麻村幼兒園,239台灣新北市鶯歌區建國里國華路103之1號,,,Google 名稱含可辨識名稱
4cdc5924-0f16-48dd-b794-768940bf0884,新北市私立大鵬幼兒園,私立,萬里區,ChIJvXA9paZMXTQRWewHi02wEHk,新北市私立大鵬幼兒園,207台灣新北市萬里區大鵬里加投路70-3號,,,Google 名稱含可辨識名稱
4d43a9de-5a9c-4984-961e-e8541853c72a,新北市私立成泰幼兒園,私立,五股區,ChIJ--LIthumQjQRbA0Ve_QIXRw,新北市私立成泰幼兒園,248台灣新北市五股區五股里成泰路二段91巷17號,,,Google 名稱含可辨識名稱
4d48a511-d0e6-45e4-86ba-4d800531c7d6,新北市私立塏地安幼兒園,私立,新莊區,ChIJcfx5el6pQjQRCGiIyqnjdqQ,新北市私立塏地安幼兒園,242台灣新北市新莊區頭前里化成路492巷10號1樓,,,Google 名稱含可辨識名稱
4e18251f-f8cb-4da6-9686-15cdec2af7b0,新北市新店及人非營利幼兒園(財團法人新北市私立及人高級中學申請辦理),非營利,新店區,ChIJ0X9pRKgDaDQR-cTMUq9d1y0,新北市新店及人非營利幼兒園(財團法人新北市私立及人高級中學申請辦理),231台灣新北市新店區柴埕里安興路1號,,,Google 名稱含可辨識名稱
4e46f68a-104d-4e4a-a75a-e9fc2342f7d9,新北市私立嘉煌幼兒園,私立,中和區,ChIJZbrbP9qpQjQRh9zNFt7m9bc,嘉煌幼兒園,235台灣新北市中和區瓦磘里中山路二段63號,,,Google 名稱含可辨識名稱
4e67c253-b1e0-49b0-898f-749f03456f46,新北市私立喬幼幼兒園,私立,板橋區,ChIJAd1-5TmoQjQR1Cjr0pOd7KA,喬幼國際幼兒學校,220台灣新北市板橋區雙玉里三民路一段126號2樓,,,Google 名稱含可辨識名稱
4e6a428f-7436-4921-9e13-312788824de7,新北市立八里幼兒園大埤頂分班,公立,八里區,,,,,,Google 回傳 1 筆但名稱皆不含「立八里大埤頂分班」
4ea2c7a7-39f7-4a60-bfbe-591e5501978a,新北市私立永佳幼兒園,私立,永和區,ChIJlzEcmsOpQjQRor0zTFtHebA,新北市私立永佳幼兒園,234台灣新北市永和區永平路218巷2號,,,Google 名稱含可辨識名稱
4ee41785-7456-4294-9166-45b5152e3314,新北市桃子腳非營利幼兒園(委託財團法人三之三生命教育基金會辦理),非營利,樹林區,ChIJP-cqMAAdaDQR8nsCDpwZ-vU,新北市桃子腳非營利幼兒園（委託財團法人三之三生命教育基金會辦理）,238台灣新北市樹林區南園里學勤路555之1號,,,Google 名稱含可辨識名稱
4fca915d-62bb-4293-a7a6-b2614b121cd8,新北市私立薇吉妮亞幼兒園,私立,板橋區,ChIJyzRDPLoCaDQRxROF3MaMrdE,新北市私立薇吉妮亞幼兒園,220台灣新北市板橋區廣福里和平路6巷1號,,,Google 名稱含可辨識名稱
4fd16ce0-4141-4447-ba26-c0254bd0e884,新北市私立愛麗斯幼兒園,私立,蘆洲區,ChIJBQpObDWvQjQRM-Yw2CgBeW0,新北市私立愛麗斯托兒所,247台灣蘆洲區水湳里水湳街104號,,,Google 名稱含可辨識名稱
4fe8fe6c-2543-4e7b-a737-c3b7608958ed,新北市私立向詮幼兒園,私立,蘆洲區,ChIJvRMVHLKoQjQRisDVMXgeIbg,新北市私立向詮幼兒園,247台灣蘆洲區永樂里永樂街38巷11號,,,Google 名稱含可辨識名稱
4ff95ae8-a274-4db8-92fc-3dfdbcd7d9dd,新北市私立博聖幼兒園,私立,蘆洲區,ChIJ2YUYB66oQjQR1TeqHn9ORvQ,博聖幼兒園,247台灣新北市蘆洲區永樂里永樂街80號,,,Google 名稱含可辨識名稱
503a2327-afe1-416d-b253-1e71007db1de,新北市私立國花幼兒園,私立,淡水區,ChIJ90vot1alQjQRTFbwCHBZhP8,國花幼兒園,251台灣新北市淡水區新義里新生街51巷31弄5號,,,Google 名稱含可辨識名稱
504ae586-196a-4272-9e52-7411b1ab7105,新北市私立東橙幼兒園,私立,三峽區,ChIJn0kOUXUcaDQRJwTpPx_JrrY,東橙幼兒園-三峽北大安心幼兒園|口碑幼稚園|推薦幼兒園|學齡教育|雙語幼兒園|幼兒園推薦|政府立案幼稚園|在地推薦幼兒園,237台灣新北市三峽區龍學里大德路70號,,,Google 名稱含可辨識名稱
5064eaec-72ba-47c4-9ca0-c6aa6bd17720,新北市私立中仁幼兒園,私立,中和區,ChIJm4VXUZkCaDQRYglC8cua_r0,私立中仁幼兒園,235台灣新北市中和區明穗里民享街92巷23號,,,Google 名稱含可辨識名稱
50f67678-8c34-4491-94fa-c3d6c0a3d8ef,新北市板橋區信義國民小學附設幼兒園,公立,板橋區,ChIJHwIMi7YCaDQRvIeCV1L7ats,新北市板橋區信義國民小學,220台灣新北市板橋區華德里四川路二段245巷60號,,,Google 名稱含可辨識名稱
51651518-d8fd-4385-9a51-4071d32b23b2,新北市私立新大智幼兒園,私立,蘆洲區,ChIJcy8-3dKoQjQRxlHiH2w0Lfk,新大智幼兒園,247台灣新北市蘆洲區樓厝里集賢路224巷12號,,,Google 名稱含可辨識名稱
51762c3e-6378-4f48-b21c-1ff11b646169,新北市私立仁慈幼兒園,私立,三重區,ChIJR7iTjyupQjQRp02LbCdYR3Y,仁慈幼兒園,241台灣新北市三重區五常里五華街21巷39號,,,Google 名稱含可辨識名稱
51d0d7e5-d2cd-415c-b397-3216d1fc26fc,新北市私立致理幼兒園,私立,板橋區,ChIJX70JbT2oQjQR7R7t3B-kC2I,致理幼兒園,220台灣新北市板橋區介壽里介壽街80號,,,Google 名稱含可辨識名稱
51df8cf4-2263-4dc1-ab2b-609b9119b97d,新北市立樹林幼兒園彭厝分班,公立,樹林區,,,,,,Google 回傳 1 筆但名稱皆不含「立樹林彭厝分班」
521389c9-7477-40ab-aef9-28d9ad3b4dca,新北市石門區乾華國民小學附設幼兒園,公立,石門區,ChIJTWH9Yvu0QjQR9WwCw011lHQ,新北市石門區乾華國民小學,253台灣新北市石門區茂林里茂林社區74號,,,Google 名稱含可辨識名稱
52a97392-2223-4034-84fc-74296f6cb9fb,新北市私立裕民幼兒園,私立,土城區,ChIJu6r8SssCaDQR35XaII6h91Y,裕民幼兒園,236台灣新北市土城區日新里中央路一段223號,,,Google 名稱含可辨識名稱
5341113f-80c4-4c14-ab6d-11f2693bf5e4,新北市私立卓越幼兒園,私立,淡水區,ChIJq9yXN_ivQjQR_vgZB1wwPd4,新北市私立卓越幼兒園,251台灣新北市淡水區學府里水源街一段157號,,,Google 名稱含可辨識名稱
53a57131-7f3f-4676-83e9-0e0d07592e7f,新北市汐止區農會附設新北市私立汐農幼兒園,私立,汐止區,,,,,,Google 回傳 1 筆但名稱皆不含「汐止區農會汐農」
540dc5bf-15c5-479c-8356-bcf049fa1b8e,新北市私立雨農幼兒園,私立,板橋區,ChIJPbIgYBGoQjQRyanpK23ZArg,何嘉仁雨農幼兒園,220台灣新北市板橋區新翠里雨農路27巷2號2樓,,,Google 名稱含可辨識名稱
5434e90c-0349-48b3-b730-19766a662308,新北市私立芫銘幼兒園,私立,中和區,ChIJJ4HpxgoCaDQRxIHjIRc_W0c,芫銘幼兒園,235台灣新北市中和區秀明里大勇街25巷29弄4號,,,Google 名稱含可辨識名稱
543b91a6-3d80-4fe2-9273-d42ba92b43fe,新北市私立文笙幼兒園,私立,新莊區,ChIJK3ArQX2oQjQRt6QwT3OGMF8,邦仁國際文教機構-文笙幼兒園,242台灣新北市新莊區幸福里昌隆街86號,,,Google 名稱含可辨識名稱
557076d4-60a1-4dfa-9b32-140dce817963,新北市新莊區裕民國民小學附設幼兒園,公立,新莊區,ChIJwxpkwYunQjQRmj3luyCB3Lc,新北市新莊區裕民國民小學,242台灣新北市新莊區裕民里裕民街123號,,,Google 名稱含可辨識名稱
56553eed-a5ad-482a-bcb4-ba9f0a0ed8ca,新北市私立佳兒幼兒園,私立,三峽區,ChIJp7RCUewbaDQR1wg3wYFXvqc,新北市私立佳兒幼兒園,237台灣新北市三峽區安溪里中正路一段108巷30號,,,Google 名稱含可辨識名稱
565a7911-6e1d-4904-91a0-2708b24def41,新北市私立新華德幼兒園,私立,汐止區,ChIJeSA45xFTXTQRWo2tctsnY8M,新華德幼兒園,221台灣新北市汐止區城中里建成路150號,,,Google 名稱含可辨識名稱
565e3362-b5ef-4dd1-8d52-023678171b71,新北市私立安佳國際幼兒園,私立,土城區,,,,,,Google 回傳 1 筆但名稱皆不含「安佳國際」
566b54f4-4785-4d87-a6be-5c0eb819a3eb,新北市私立翊華幼兒園,私立,蘆洲區,ChIJlZBaRs2oQjQR79ftYpiUupU,翊華幼兒園,247台灣新北市蘆洲區信義里民族路167巷3號,,,Google 名稱含可辨識名稱
56872455-2d88-4a2e-a7d2-9c4e3724a1de,新北市私立立群幼兒園,私立,樹林區,ChIJYZGpGEEdaDQR5q_3aFZXhG4,私立立群幼兒園 Lichiun Preschool,238台灣新北市樹林區保安里千歲街108號,,,Google 名稱含可辨識名稱
5691b486-ecc9-47ce-abbf-445309b4b98c,新北市私立名欣幼兒園,私立,樹林區,ChIJCREc010daDQRxVFrE5TZaRQ,名欣幼兒園,238台灣新北市樹林區圳民里俊英街238-6號,,,Google 名稱含可辨識名稱
56b544bf-35bf-496f-ab73-0019b9f9e6e6,新北市私立小小幼兒園,私立,中和區,ChIJ__0BCgoCaDQR6DR8xfUBkuw,小小幼兒園,235台灣新北市中和區秀仁里大勇街60巷16號,,,Google 名稱含可辨識名稱
5782c769-d0ee-4091-81d4-ce673d2e38ae,新北市私立大自然幼兒園,私立,板橋區,ChIJcZDfTaQCaDQRUMnVPkq1y9Y,大自然皮亞傑幼兒園(純私幼、獨家),220台灣新北市板桥区福星里忠孝路48巷2弄8號1樓10號1樓,,,Google 名稱含可辨識名稱
579c7b5f-0eaf-4604-97cb-c4b1f1553015,新北市立永和幼兒園博愛分班,公立,永和區,,,,,,Google 回傳 1 筆但名稱皆不含「立永和博愛分班」
57a05b41-dc1f-4634-9bab-ac07d4067b14,新北市私立新蘆洲北大幼兒園,私立,蘆洲區,,,,,,Google 回傳 1 筆但名稱皆不含「新蘆洲北大」
57ca0fe9-f49d-4a17-af33-a68a45788c29,新北市私立劍聲樹林幼兒園,私立,樹林區,ChIJYZ2qd3wdaDQRGzxtM54Pjok,新北市私立劍聲樹林幼兒園,23875台灣新北市樹林區三福里三福街47巷18號,,,Google 名稱含可辨識名稱
57db5735-a7e7-4cea-8a18-63fb6a35169f,新北市私立新榮富新莊幼兒園,私立,新莊區,ChIJhdpvAH-oQjQR_DlQfwVy-68,新榮富新莊幼兒園,242台灣新北市新莊區中信里中和街204巷7弄1號,,,Google 名稱含可辨識名稱
57fa89ca-a0ba-4dc6-80f1-ab6cf85fdfd6,新北市立新莊幼兒園,公立,新莊區,ChIJBVR05nuoQjQRFgBkco5wUcw,新北市立新莊幼兒園,242台灣新莊區中華里中港路350號,,,Google 名稱含可辨識名稱
5800b050-f193-4a16-9ba0-12de20fa0e56,新北市瑞芳區瑞芳國民小學附設幼兒園爪峰分班,公立,瑞芳區,,,,,,Google 回傳 1 筆但名稱皆不含「瑞芳區瑞芳國民小學爪峰分班」
58793408-a677-46c0-b5cf-d1951e8d84e9,新北市海工非營利幼兒園(委託社團法人新北市幼兒成長協會辦理),非營利,土城區,ChIJqx9uR8wCaDQRpJao5motifU,海工非營利幼兒園,236台灣新北市土城區新北市土城區學府路一段241號,,,Google 名稱含可辨識名稱
58c8528d-3852-431c-b633-7f91d0575477,新北市私立艾維恩幼兒園,私立,樹林區,ChIJM05lsQ0caDQRg57n9RdrIEo,新北市私立艾維恩幼兒園,238台灣新北市樹林區南園里大成路373號,,,Google 名稱含可辨識名稱
58d13496-b54a-4b72-8323-a3868b09c16c,新北市板橋區大觀國民小學附設幼兒園,公立,板橋區,,,,,,Google 回傳 1 筆但名稱皆不含「板橋區大觀國民小學」
58dd27cc-d6a4-4156-8e08-ef4b2fc62388,新北市蘆洲區蘆洲國民小學附設幼兒園,公立,蘆洲區,,,,,,Google 回傳 2 筆但名稱皆不含「蘆洲區蘆洲國民小學」
58e3e31d-1e4c-4cc1-9b71-700efe0b7e22,新北市私立江翠幼兒園,私立,板橋區,ChIJM7zp7UGoQjQRcN-LSOAR6oo,江翠幼兒園,220台灣新北市板橋區江翠里宏國路64巷1號,,,Google 名稱含可辨識名稱
58ed5a99-b649-4984-91c2-e8bcc17ab573,新北市私立悅嘉幼兒園,私立,板橋區,ChIJtZd0MUeoQjQRICis_myADtg,新北市私立悅嘉幼兒園,220台灣板橋區忠翠里雙十路二段149號,,,Google 名稱含可辨識名稱
5946964a-7c5f-44a6-bef7-e5a3821d61b5,新北市私立童妍幼兒園,私立,三峽區,ChIJa-FwRv8daDQRUZpfVdFrLrI,新北市私立童妍幼兒園,237台灣新北市三峽區龍恩里大學路151號皓月樓1樓,,,Google 名稱含可辨識名稱
5a918cf0-54f4-4b35-b5c8-443c4200277a,新北市私立建丞幼兒園,私立,樹林區,ChIJQSwxCnwdaDQRuHytu0pTCn4,新北市私立建丞托兒所,238台灣新北市樹林區三福里三寶街6號,,,Google 名稱含可辨識名稱
5aaf5e6f-5970-448a-8038-37a9c26c2b03,新北市雙溪區上林國民小學附設幼兒園,公立,雙溪區,ChIJ40fbXE9bXTQRr3p8XjHPHXs,新北市雙溪區上林國民小學,227台灣新北市雙溪區上林里60號,,,Google 名稱含可辨識名稱
5af4badf-1839-4954-a74f-a26dd28b5645,新北市私立東北藝園幼兒園,私立,三峽區,ChIJ3epr_e4baDQRRqhUGoMDT6Y,新北市私立東北藝園幼兒園,237台灣新北市三峽區八張里民族街28巷9弄12號,,,Google 名稱含可辨識名稱
5b39f9ed-7683-43b7-b3f8-87d0d420e5c5,中信國際學校財團法人新北市私立中信高級中等學校附設幼兒園,私立,新店區,,,,,,Google 回傳 5 筆但名稱皆不含「中信國際中信高級中等學校」
5b795786-6427-4289-99ac-1f6c1c8bc6de,新北市私立有一天幼兒園,私立,土城區,ChIJnSsaG4YDaDQR8bKU3yiK00E,新北市私立有一天幼兒園,236台灣新北市土城區廣興里廣福街2號,,,Google 名稱含可辨識名稱
5bc3b38f-4d54-4277-8998-6b8ada28648c,新北市中和區復興國民小學附設幼兒園,公立,中和區,,,,,,Google 回傳 1 筆但名稱皆不含「中和區復興國民小學」
5bfadeed-2d31-43af-b091-6f904fa11e9f,新北市私立容石園幼兒園,私立,新店區,ChIJIZkuQvYBaDQRpFO4XxEhh-0,容石園幼兒園,231台灣新店區建國里建安街35號,,,Google 名稱含可辨識名稱
5c5300f4-4a82-421f-a5a0-d507e43f5b14,新北市私立綺莉絲幼兒園,私立,蘆洲區,,,,,,Google 回傳 20 筆但名稱皆不含「綺莉絲」
5cbbc708-6d5c-466e-939f-caacf2bdca59,新北市私立勁寶兒喜星園幼兒園,私立,三重區,ChIJ004Ywf2oQjQRDzi7kt05gOI,新北市私立勁寶兒喜星園幼兒園,241台灣新北市三重區成功里成功路28號1樓,,,Google 名稱含可辨識名稱
5cc25593-a6fe-4f4f-9720-b2d524bfa3ed,新北市私立幼幼立大幼兒園,私立,新店區,ChIJvfsczuQBaDQRvDrWdMMPKbg,幼幼立大幼兒園,231台灣新北市新店區北新路二段29巷1弄1號,,,Google 名稱含可辨識名稱
5cf641e0-f9cc-4fe4-b176-98d07c4c2730,新北市私立思源幼兒園,私立,新莊區,ChIJj2ftbGOoQjQRqCEOjyYkfe4,私立思源幼稚園,242台灣新北市新莊區仁義里思源路287巷1弄88號,,,Google 名稱含可辨識名稱
5d03db47-2285-4c61-bf6f-d1e2de6c5a13,新北市板橋區溪洲國民小學附設幼兒園,公立,板橋區,ChIJzVNSyTsdaDQRFcJpd0boSb4,新北市板橋區溪洲國民小學,220台灣新北市板橋區溪福里金門街289號,,,Google 名稱含可辨識名稱
5df108e3-1f77-42be-bbbc-e588d225e968,新北市私立永錡裕民幼兒園,私立,新莊區,ChIJ_S6e5oqnQjQRdHzPn3fSM_w,新北市私立永錡裕民幼兒園,242台灣新北市新莊區龍鳳里龍安路67號,,,Google 名稱含可辨識名稱
5e1ac800-bc0e-432c-b09d-43935bae5899,新北市私立太平洋幼兒園,私立,新店區,ChIJYxvJ4h4CaDQRgtgT9-kIanE,太平洋幼兒園,231台灣新北市新店區福民里福園街5巷2號,,,Google 名稱含可辨識名稱
5e289f7e-3dcf-4257-b3d8-e25ca4fd3a58,康橋學校財團法人新北市康橋高級中學附屬新北市私立康橋幼兒園,私立,新店區,,,,,,Google 回傳 3 筆但名稱皆不含「康橋康橋高級中學附屬康橋」
5e4ad622-6022-49f3-abb7-2ab735594078,新北市私立白兔幼兒園,私立,中和區,ChIJU2szZtCpQjQR4l8lIpl5zhU,私立白兔幼兒園,23555台灣新北市中和區佳和里中山路二段2巷77-79號,,,Google 名稱含可辨識名稱
5e69bf48-dd43-4215-8227-555ca4909676,新北市立三芝幼兒園福成分班,公立,三芝區,,,,,,Google 回傳 1 筆但名稱皆不含「立三芝福成分班」
5e69ff8c-05a0-4619-ba0b-44f1fc33cd01,新北市三峽區大埔國民小學附設幼兒園,公立,三峽區,ChIJV93Fd80baDQRf8iPW1URrj0,新北市三峽區大埔國民小學,237台灣新北市三峽區大埔里大埔路130號,,,Google 名稱含可辨識名稱
5e9adeb8-1403-4f0f-88e3-31092adb99af,新北市私立樹德幼兒園,私立,土城區,ChIJffyXw8sCaDQRdV1sHu6p4xs,樹德幼兒園,236台灣新北市土城區樂利里裕民路114巷25號,,,Google 名稱含可辨識名稱
5f325386-5ff9-4b2a-bc24-3a78e7a71092,新北市私立翰尼永和幼兒園,私立,永和區,ChIJMYLIksKpQjQRR8PorU_5F_8,新北市私立翰尼永和幼兒園,234台灣永和區協和里永平路51號,,,Google 名稱含可辨識名稱
5f3269f0-721a-4ae3-907b-f50d1f80e8d1,新北市鶯歌區建國國民小學附設幼兒園,公立,鶯歌區,ChIJxRj-I6weaDQRrT3G54GhsVY,新北市鶯歌區建國國民小學,239台灣新北市鶯歌區育英街2號,,,Google 名稱含可辨識名稱
5fccf220-28eb-4b7b-bf79-7f6e70211b37,新北市私立興名陽幼兒園,私立,板橋區,ChIJE1vAxlQdaDQRy5Che2lYDcs,新北市私立興名陽幼兒園,220台灣板橋區僑中里僑中二街102巷37號,,,Google 名稱含可辨識名稱
5fde7e92-ef52-413d-9a4f-a1a24c3aae33,新北市私立文強幼兒園,私立,三峽區,ChIJfyTGGPsbaDQROjjU6OF20p0,文強幼兒園,237台灣新北市三峽區鳶山里中山路257巷2號,,,Google 名稱含可辨識名稱
5ffc42be-ae19-4bcf-8b89-ca936497bf23,新北市石碇區和平國民小學附設幼兒園,公立,石碇區,ChIJ8fcbUGFVXTQRdGasmKRalLs,新北市石碇區和平國民小學附設幼兒園,223台灣新北市石碇區豐林里楓子林路32-1號1樓,,,Google 名稱含可辨識名稱
61054a80-a32e-4124-9e84-64cb24a943b4,新北市私立悠幼幼兒園,私立,新莊區,ChIJi4idS36oQjQRKLxh_Zh5LZs,悠幼幼兒園,242台灣新北市新莊區中信里中信街68號,,,Google 名稱含可辨識名稱
6117ae1c-f5b2-4f3e-99a2-c7bddcd510ab,新北市私立靜立幼兒園,私立,板橋區,ChIJlUOpPxOoQjQRCQBKzsra4f4,靜立幼兒園,220台灣新北市板橋區仁翠里四維路289巷38號,,,Google 名稱含可辨識名稱
6129ae4a-e2e3-41c1-990c-637296c0001e,新北市私立榮光幼兒園,私立,汐止區,ChIJyR3s4ImuQjQR5QmjelIGZcw,榮光幼兒園,112台灣臺北市北投區永欣里石牌路二段201號,,,Google 名稱含可辨識名稱
61354b93-5d59-4c6f-8e5d-b2158ce51bcc,新北市私立心萬美幼兒園,私立,林口區,ChIJPaGflsKnQjQRyrzAsyuOE04,心萬美幼兒園,244台灣新北市林口區中湖里文化一路二段169號1樓,,,Google 名稱含可辨識名稱
613e8aef-8ff3-4776-a944-6d67b419f427,新北市立新埔國民中學附設幼兒園,公立,板橋區,ChIJe3aGLBKoQjQR5SXO0ghaauo,新北市立新埔國民中學附設幼兒園,220台灣板橋區新海里新海路181號,,,Google 名稱含可辨識名稱
61ff5d3f-631b-4ffa-b3f5-a592c6a295db,新北市私立僑治亞幼兒園中港分班,私立,新莊區,,,,,,Google 回傳 1 筆但名稱皆不含「僑治亞中港分班」
620b6fb7-f2aa-4908-aa63-43cd88945d04,新北市立三重幼兒園厚德分班,公立,三重區,,,,,,Google 回傳 1 筆但名稱皆不含「立三重厚德分班」
6222faa7-3ddc-4b56-b34f-579311f363d2,新北市碧城非營利幼兒園(委託財團法人仁德醫護管理專科學校辦理),非營利,三重區,ChIJp3X7E5GvQjQRhsy7dd9fH4Q,碧城非營利幼兒園,241台灣新北市三重區富貴里三信路166號,,,Google 名稱含可辨識名稱
622db54b-1498-47ca-9133-cc895426b5e5,新北市私立珈和幼兒園,私立,樹林區,,,,,,Google 回傳 15 筆但名稱皆不含「珈和」
6247b2e0-cc1c-4a3b-8771-638bd283d18f,新北市板橋區新埔國民小學附設幼兒園,公立,板橋區,ChIJMQGqgxOoQjQRz7v7TjTUwys,新北市板橋區新埔國民小學,220台灣新北市板橋區新翠里陽明街206號,,,Google 名稱含可辨識名稱
631c8d20-251c-4a90-9047-7b39102a8d34,新北市私立新時代幼兒園,私立,中和區,,,,,,Google 回傳 2 筆但名稱皆不含「新時代」
6335cd95-09ff-41e5-9287-177d94e49f7d,新北市立五股幼兒園水碓分班,公立,五股區,,,,,,Google 回傳 3 筆但名稱皆不含「立五股水碓分班」
6346023f-5ad6-46dc-b81a-78bcf98fffdb,財團法人天主教會台北教區附設新北市私立鳴遠幼兒園,私立,新莊區,,,,,,Google 回傳 1 筆但名稱皆不含「天主教會台北教區鳴遠」
6369ee15-bfde-47de-98fb-d72ca63c20d0,新北市私立佳佳安長榮幼兒園,私立,蘆洲區,ChIJ_V3KKLKoQjQRAa7_R-rue08,佳佳安長榮幼兒園,24765台灣新北市蘆洲區正義里長榮路369號,,,Google 名稱含可辨識名稱
637b3485-2fe3-4551-9b56-75c5b8fa39e2,新北市私立漢東幼兒園,私立,板橋區,ChIJBY2XECKoQjQRxHer9r9UI2U,何嘉仁漢東幼校,220台灣新北市板橋區長安里漢生東路175號,,,Google 名稱含可辨識名稱
63830602-e7f0-4f09-8b17-576e3ad46f78,新北市私立華邇街幼兒園,私立,林口區,ChIJC4kMQiGnQjQRxc_kxRmAAE0,新北市私立華邇街幼兒園,244台灣新北市林口區麗園里忠孝路542巷8號,,,Google 名稱含可辨識名稱
63894143-b185-4e79-b372-1624ed1b7cd2,新北市私立偉仁幼兒園,私立,板橋區,ChIJJR1gxkOoQjQRdVx2RIU3o6Q,新北市私立偉仁幼兒園,220台灣新北市板橋區溪頭里江寧路三段85巷10號,,,Google 名稱含可辨識名稱
638b877e-fbeb-45dd-aa28-6bab88c38199,新北市私立振德幼兒園,私立,泰山區,,,,,,Google 回傳 20 筆但名稱皆不含「振德」
63c70bdf-8655-456e-be21-073855ea7cf3,財團法人新北市大觀書社附設新北市私立大觀幼兒園,私立,板橋區,,,,,,Google 回傳 1 筆但名稱皆不含「大觀書社大觀」
63d36526-6924-401b-b3ab-5516dae4f48c,新北市立三峽幼兒園中興分班,公立,三峽區,,,,,,Google 回傳 1 筆但名稱皆不含「立三峽中興分班」
63dbe953-46be-436b-bec5-1bf352d6881e,新北市私立天翔幼兒園,私立,土城區,ChIJ-f9xjskCaDQR0q241lZ9tPA,土城天翔幼兒園,236台灣新北市土城區埤林里學享街47號,,,Google 名稱含可辨識名稱
646d7822-df59-43b7-8206-e9ad9106a889,新北市新店區北新國民小學附設幼兒園,公立,新店區,,,,,,Google 回傳 1 筆但名稱皆不含「新店區北新國民小學」
64a0b98d-74c8-4981-8b23-41f1afd581b5,新北市私立新榮富幼兒園,私立,新莊區,ChIJhdpvAH-oQjQR_DlQfwVy-68,新榮富新莊幼兒園,242台灣新北市新莊區中信里中和街204巷7弄1號,,,Google 名稱含可辨識名稱
6566c522-5ef1-4a2e-b196-255c00df53a1,新北市私立大業幼兒園,私立,板橋區,ChIJuX30kaQCaDQR5wLuqJKwZfA,大業幼兒園,220台灣新北市板橋區大豐里重慶路278巷17號,,,Google 名稱含可辨識名稱
656849ac-e277-484a-b31f-2c6acd2fa72a,新北市私立華慶幼兒園,私立,汐止區,ChIJi8sMjA5TXTQResPwY4Daar4,私立華慶托兒所,221台灣新北市汐止區橋東里忠孝東路449號,,,Google 名稱含可辨識名稱
65b61543-6d18-4210-844e-32ee9c68b4c7,新北市私立欣和幼兒園,私立,土城區,ChIJkfivPcACaDQRzev_bkG1RAk,欣和幼兒園,236台灣新北市土城區廷寮里延吉街253巷18弄3號,,,Google 名稱含可辨識名稱
65b850b7-3a53-437f-ac5e-c66435996798,新北市永和區秀朗國民小學附設幼兒園,公立,永和區,,,,,,Google 回傳 1 筆但名稱皆不含「永和區秀朗國民小學」
6631915f-54c2-4f2b-ae34-2ea9c6af1cea,新北市板橋區重慶國民小學附設幼兒園,公立,板橋區,ChIJW0l4frsCaDQRXiO4fJyvQ1U,新北市板橋區重慶國民小學,220台灣新北市板橋區五權里廣和街31號,,,Google 名稱含可辨識名稱
66555bb3-366d-42fe-b5b8-c0f9bd190e12,新北市私立喬合幼兒園,私立,永和區,ChIJ51ekPzmpQjQRnqTMgN6WMm4,新北市私立喬合幼兒園,234台灣新北市永和區秀成里成功路一段93巷13弄39號,,,Google 名稱含可辨識名稱
668ff3b2-8dd7-4532-b541-d18f207a6f67,新北市私立華興幼兒園,私立,汐止區,ChIJhYh4iEVTXTQRakPznNpr_L8,華興幼兒園,221台灣新北市汐止區忠孝里樟樹二路112號,,,Google 名稱含可辨識名稱
66deb801-17f8-4f7f-9676-2aca8f4e219a,新北市私立萬美憶月幼兒園,私立,林口區,ChIJJXcwOVCnQjQR-e9n5GaR028,萬美憶月幼兒園,244台灣新北市林口區文化一路二段175號,,,Google 名稱含可辨識名稱
67bb9a80-c403-408b-a0a5-a5303ec9ff38,新北市立新店幼兒園新店分班,公立,新店區,,,,,,Google 回傳 2 筆但名稱皆不含「立新店新店分班」
680fe201-d194-4b69-9600-9499a916f3d3,新北市私立鑫立群幼兒園,私立,樹林區,,,,,,Google 回傳 1 筆但名稱皆不含「鑫立群」
68858ac0-2407-4d98-953d-3ee4c9986042,新北市北大非營利幼兒園(委託社團法人中華音樂舞蹈暨表演藝術教育協會辦理),非營利,三峽區,ChIJb_ZpbfQbaDQReNfGlDrDHiI,北大非營利幼兒園,237台灣新北市三峽區龍埔里國光街100號A棟,,,Google 名稱含可辨識名稱
68c0aad1-e8da-463c-bf20-20d3b2dbd691,新北市私立中中幼兒園,私立,永和區,ChIJ0QJ6TMOpQjQRvl3vb7icbas,中中幼兒園,234台灣新北市永和區和平里中山路一段191巷15弄8號,,,Google 名稱含可辨識名稱
68ffc11c-17f1-41ca-9d11-408cb9591f3a,新北市私立啟育幼兒園,私立,三峽區,ChIJvXgfF_MbaDQRpkb3DJoJoQ4,啟育藝術幼兒園,237台灣新北市三峽區龍埔里民生街59號,,,Google 名稱含可辨識名稱
6918136f-6f90-483a-9701-0c984f7439ba,新北市私立奧林匹克幼兒園,私立,中和區,ChIJ6WaTOoUCaDQRkF3IVo_6TqA,奧林匹克幼兒園,23549台灣新北市中和區連城路533號2樓,,,Google 名稱含可辨識名稱
694de2db-d20f-4fdc-9de3-d6da2603f574,新北市私立及人幼兒園,私立,新莊區,ChIJ6xIyzX6oQjQRemgfzyGA45g,及人幼兒園,242台灣新北市新莊區中誠街118巷,,,Google 名稱含可辨識名稱
69ba31ea-acec-42fa-a294-4a9dadf2303f,新北市私立陽光聖谷幼兒園,私立,新店區,ChIJscYtc9sDaDQRudfFDdQqFEw,新北市私立陽光聖谷幼兒園,231台灣新北市新店區安興路91巷5號1樓,,,Google 名稱含可辨識名稱
69edc735-e2ab-429a-ae9d-595289a3d905,新北市私立國儷幼兒園,私立,板橋區,ChIJf_wUui-oQjQRWmYfEpnwkro,新北市私立國儷幼兒園,220台灣新北市板橋區福壽里三民路二段245巷62號,,,Google 名稱含可辨識名稱
69ef2561-1a90-4156-8c64-b47c82973f51,新北市私立芯琦幼兒園,私立,新店區,ChIJP-2k1KcDaDQRqrLmYFvggqY,吉的堡資優幼兒園芯琦分園,231台灣新北市新店區玫瑰里如意街63號,,,Google 名稱含可辨識名稱
6a041030-5f41-4a4f-b718-51fcd84b5029,新北市中和區積穗國民小學附設幼兒園,公立,中和區,ChIJ0fQcaoMCaDQRuoULz_wknu0,新北市中和區積穗國民小學,235台灣新北市中和區文元里員山路154號,,,Google 名稱含可辨識名稱
6a0412fc-d87b-4a18-af63-07b658b758af,新北市私立環愛幼兒園,私立,蘆洲區,ChIJEylazbGoQjQRvNfSlZU6l6E,環愛國際教育,247台灣新北市蘆洲區成功里長安街240號,,,Google 名稱含可辨識名稱
6a053f78-15ef-4031-959b-3d148aa2439b,新北市私立維格爾幼兒園,私立,汐止區,ChIJiy8phGtTXTQRHbiUa88b3q8,新北市私立維格爾幼兒園(本館),221台灣新北市汐止區復興里新興路3號3號樓之1,,,Google 名稱含可辨識名稱
6a8a7c53-8479-4dae-a6b2-53ffab98fb98,新北市私立吉的堡佳樂幼兒園,私立,永和區,ChIJQTOu-u6pQjQRuiJe866Tc5M,吉的堡佳樂幼兒園,234台灣新北市永和區永福里福和路95號,,,Google 名稱含可辨識名稱
6aa84d75-3e5b-4d92-a3ce-0d8b2813bc60,新北市私立培幼幼兒園,私立,土城區,,,,,,Google 回傳 20 筆但名稱皆不含「培幼」
6ad6cab6-74fa-459b-86e8-786bcd74a4cc,新北市私立真理蒙特梭利幼兒園,私立,中和區,ChIJ9ZsFeXQCaDQRd7rAK_FhPOs,真理蒙特梭利幼兒園,235台灣新北市中和區景新里興南路一段34巷2號,,,Google 名稱含可辨識名稱
6af0a4c2-a188-4535-8097-99ead88907a4,新北市萬里區野柳國民小學附設幼兒園,公立,萬里區,,,,,,Google 回傳 1 筆但名稱皆不含「萬里區野柳國民小學」
6b15a10a-1603-423f-92f4-4ea3df0c2351,新北市私立凱樂蒂幼兒園,私立,淡水區,ChIJX7vKW3avQjQR53PPvs5qVKw,新北市私立凱樂蒂托兒所,251台灣新北市淡水區民權里民權路187巷36號1樓,,,Google 名稱含可辨識名稱
6b1c388c-e415-492d-95b4-cd635a10478c,新北市私立薇妮幼兒園,私立,五股區,ChIJTVsnrSSmQjQRHqWHe250oUE,薇妮幼兒園,248台灣新北市五股區水碓里水碓路2號,,,Google 名稱含可辨識名稱
6c6e9735-1c8b-4260-8b4d-567d4d26bac4,新北市私立愛霖幼兒園,私立,林口區,,,,,,Google 回傳 1 筆但名稱皆不含「愛霖」
6c8bc868-9c54-479b-8a14-036867031795,新北市私立新豐幼兒園,私立,汐止區,ChIJfVm7rxJTXTQRJTdatipexoE,私立新豐幼兒園,221台灣新北市汐止區新昌里新昌路18號,,,Google 名稱含可辨識名稱
6d700ec8-125a-4d52-b0cb-600b5b68eea1,新北市雙溪區雙溪國民小學附設幼兒園,公立,雙溪區,ChIJ27r1Wq9bXTQRuXK1AQYHHrI,新北市雙溪區雙溪國民小學,227台灣新北市雙溪區共和里東榮街54號,,,Google 名稱含可辨識名稱
6e0ea08e-661f-4c9d-85fc-b82931a992eb,新北市私立捷群幼兒園,私立,新莊區,ChIJEzB7_-2nQjQRHStebkVa7H0,捷群幼兒園,242台灣新北市新莊區後港里建安街16巷6號,,,Google 名稱含可辨識名稱
6e117a3a-298e-4257-9c37-aa55331fa005,新北市立淡水幼兒園,公立,淡水區,ChIJOW6-v1WlQjQRbBJACxemSyE,新北市立淡水幼兒園,251台灣新北市淡水區水碓里中山北路一段158號,,,Google 名稱含可辨識名稱
6e3cf8db-2d42-436d-9286-2777aad3b19c,新北市私立向日葵幼兒園,私立,汐止區,ChIJwRWQ4W5TXTQRyg-O49au4HE,新北市私立向日葵幼兒園,"89號, 秀峰路秀峰里汐止區新北市台灣 221",,,Google 名稱含可辨識名稱
6e54fc70-5470-4428-a996-90797343d34a,新北市私立璽悅幼兒園,私立,蘆洲區,,,,,,Google 回傳 20 筆但名稱皆不含「璽悅」
6e677694-9d84-4b8c-aa08-a894002d16e1,新北市三重區光興國民小學附設幼兒園,公立,三重區,ChIJhWawbBmpQjQRlVq4vAPrWyg,新北市三重區光興國民小學,241台灣新北市三重區光輝里正義南路62號,,,Google 名稱含可辨識名稱
6ea977d2-d7f2-4adf-b2a6-8bbdbbdffc48,新北市私立巨堡幼兒園,私立,永和區,ChIJWQJPluipQjQRpV9v9TK3JXk,巨堡幼兒園,234台灣新北市永和區福和里永寧街115巷1號,,,Google 名稱含可辨識名稱
6f2834da-05f3-47d7-a4e5-e92500c377d9,新北市私立茁壯園板橋幼兒園,私立,板橋區,ChIJzYxpSmKpQjQRCNDlTeK3aUc,新北市私立茁壯園板橋幼兒園 蒙特梭利,220台灣新北市板橋區民族里民族路87號2樓,,,Google 名稱含可辨識名稱
6f52e67b-f02d-498d-921e-0c3f0d20afeb,新北市立中和幼兒園秀山分班,公立,中和區,,,,,,Google 回傳 1 筆但名稱皆不含「立中和秀山分班」
6f8baeb0-a053-4224-adfc-06b5ca808088,新北市私立通泉草幼兒園,私立,新店區,ChIJS4r1NG4BaDQR-nzMnmikY4E,新北市私立通泉草幼兒園,231台灣新北市新店區粗坑里花園一路一段3號,,,Google 名稱含可辨識名稱
6ffe76fa-780d-4da2-8819-ab204578ac0e,新北市汐止區崇德國民小學附設幼兒園,公立,汐止區,,,,,,Google 回傳 1 筆但名稱皆不含「汐止區崇德國民小學」
701f2542-9ee7-4d75-9752-5e6c49f9897c,新北市私立政達幼兒園,私立,樹林區,ChIJD9qyqH4daDQRAxt5OMrcvk0,政達幼兒園,238台灣新北市樹林區三福里三福街56巷5號,,,Google 名稱含可辨識名稱
70297042-e8d6-4c86-ad30-b9bc6681ea7e,新北市私立新惠幼幼兒園保安分班,私立,永和區,,,,,,Google 回傳 3 筆但名稱皆不含「新惠幼保安分班」
7051510f-adcb-4102-8d9e-519c27e307a8,新北市私立勵輝幼兒園,私立,新莊區,ChIJ0yJ-N4uoQjQRj93EqH0b54g,勵輝幼兒園,242台灣新北市新莊區頭前里頭前路26號,,,Google 名稱含可辨識名稱
70658f6e-2849-40d1-a3ca-ec19419dac24,新北市私立文堡幼兒園,私立,板橋區,ChIJyx6cezmoQjQRoNvc9rf_zLA,文堡幼兒園,220台灣新北市板橋區廣新里永豐街122號,,,Google 名稱含可辨識名稱
70793858-8907-4e8e-a9ef-44bb1119933e,財團法人台北市中華基督教青年會附設新北市私立板新幼兒園,私立,板橋區,,,,,,Google 回傳 1 筆但名稱皆不含「台北市中華基督教青年會板新」
70bf8bcd-486f-4c0f-9129-251ce89be091,新北市私立傑瑞兒童村幼兒園,私立,新莊區,ChIJI_-ISYmnQjQR6w375mPqD9c,新北市私立傑瑞兒童村幼兒園,242台灣新北市新莊區裕民里中正路887-27號,,,Google 名稱含可辨識名稱
70c642c9-2bcb-4848-bdae-be336babcbe0,新北市私立文達幼兒園,私立,林口區,ChIJsStNZeamQjQRAnp6vlU0RhM,文達托兒所,244台灣新北市林口區湖南里中正路514巷4弄2號,,,Google 名稱含可辨識名稱
714c7934-98bc-4b1d-8286-e5d6127bad06,新北市五股區成州國民小學附設幼兒園,公立,五股區,ChIJzSOwElSvQjQRHHXuBAiLCDg,新北市五股區成州國民小學,248台灣新北市五股區成州里成泰路三段493號,,,Google 名稱含可辨識名稱
71748a8a-8b75-46f3-8e62-abc9431709dd,新北市私立何嘉仁昌隆幼兒園,私立,新莊區,,,,,,Google 回傳 1 筆但名稱皆不含「何嘉仁昌隆」
7196f653-1692-4cdc-9408-0ec0514cd563,新北市私立福音幼兒園,私立,板橋區,ChIJrSU_wR2oQjQRo0kyg7K-p-o,福音幼兒園,220台灣新北市板橋區福丘里民族路8號2樓,,,Google 名稱含可辨識名稱
719d4452-278e-46fd-afd9-6dca48e6be06,新北市私立米亞藝術幼兒園,私立,土城區,ChIJ_ZAH_SwdaDQRQbLi2YIfbR4,米亞藝術幼兒園,236台灣新北市土城區員林里員林街16號,,,Google 名稱含可辨識名稱
71b5222c-7a41-420f-99a2-89d9dec189ba,新北市私立金幼聲幼兒園,私立,瑞芳區,ChIJgdPFqyxQXTQRphJJUaFx2Js,私立金幼聲托兒所,224台灣瑞芳區瑞芳區大埔路吉慶公園城6號1樓,,,Google 名稱含可辨識名稱
71c11a34-b991-4466-a9ff-e95d50682084,新北市私立華人幼兒園,私立,中和區,ChIJOU43iQkCaDQRz5PbI7qsUc8,私立華人幼兒園,235台灣新北市中和區秀水里大仁街10巷52號,,,Google 名稱含可辨識名稱
721a03dc-2f6f-42ea-b46f-842e7bfb3551,新北市私立晨光幼兒園,私立,新莊區,ChIJjwfaNY6nQjQRyOVa6F1oTP0,新北市私立晨光幼兒園,242台灣新北市新莊區合鳳里雙鳳路90巷3弄5號,,,Google 名稱含可辨識名稱
7222dcca-41c3-4200-82c0-d580829097af,新北市私立板橋大華幼兒園,私立,板橋區,ChIJKfkT-DeoQjQR4fPxeR2qHbk,私立板橋大華幼兒園,220台灣新北市板橋區港嘴里三民路一段1巷32號,,,Google 名稱含可辨識名稱
723a2473-af95-4fca-921e-3b2622a04073,新北市私立日日安幼兒園,私立,蘆洲區,ChIJ8QfGzpSpQjQR7QyO9nsaCQo,私立日日安幼兒園,247台灣新北市蘆洲區正義里光榮路120巷22弄12號,,,Google 名稱含可辨識名稱
724fbbd5-486a-4c02-bf60-fd471dd7ae8e,國防部陸軍司令部前鋒員工子女非營利幼兒園（委託社團法人中華音樂舞蹈暨表演藝術教育協會辦理）,非營利,中和區,ChIJPeXMXqgDaDQRyfREOKQx2ZM,國防部陸軍司令部前鋒員工子女非營利幼兒園,235台灣新北市中和區連和里連城路152號,,,Google 名稱含可辨識名稱
726841eb-f9af-465f-bb10-e0896a0c5d40,新北市立蘆洲國民中學附設幼兒園,公立,蘆洲區,,,,,,Google 回傳 2 筆但名稱皆不含「立蘆洲國民中學」
73089b32-5cb3-48d6-b488-642f0059cab3,新北市私立陽光天使幼兒園,私立,新店區,ChIJ-3kC0f-pQjQRU56YixkxUGw,新北市私立陽光天使幼兒園,231台灣新北市新店區大鵬里中正路700巷26號,,,Google 名稱含可辨識名稱
7319d09d-87d3-4021-83cb-49d17cd3d0a8,新北市私立三民幼兒園,私立,新店區,ChIJt8HMXfkBaDQRg3yxPihMtxI,私立三民幼稚園,231台灣新北市新店區寶安里民權路11巷3號,,,Google 名稱含可辨識名稱
73764d5b-7e05-4a49-b0d6-36397d72fa43,新北市私立僑治亞幼兒園,私立,新莊區,ChIJKZRJsYCoQjQR34QCm45hoHI,私立僑治亞幼兒園,242台灣新北市新莊區中原里中港路629號,,,Google 名稱含可辨識名稱
73a63aca-30b9-454c-b048-8e06d10ae917,新北市樹林區大同國民小學附設幼兒園,公立,樹林區,,,,,,Google 回傳 1 筆但名稱皆不含「樹林區大同國民小學」
73d3065a-ea2d-4edb-ad24-570557289b7a,新北市私立格林幼兒園,私立,中和區,ChIJY135O3ICaDQRWYQjxquVLBA,新北市私立格林幼兒園,235台灣新北市中和區忠孝里興南路一段105巷2號,,,Google 名稱含可辨識名稱
73df977f-e339-4cc0-92ca-5f79ebd74f7b,新北市私立青樺幼兒園,私立,泰山區,ChIJy5ROBpCnQjQRHUvbc-7dGPw,新北市私立青樺幼兒園,243台灣新北市泰山區義仁里民生路17巷35號,,,Google 名稱含可辨識名稱
7428e9de-21be-44b3-b64f-1c2c7caa10a3,新北市私立山姆叔叔板橋幼兒園,私立,板橋區,,,,,,Google 回傳 1 筆但名稱皆不含「山姆叔叔板橋」
74412644-e1b9-4368-bc59-3015142aa2ae,新北市蘆洲區成功國民小學附設幼兒園,公立,蘆洲區,ChIJeY07LLCoQjQRm8B2cPxjtLU,新北市蘆洲區成功國民小學,247台灣新北市蘆洲區成功里長安街311號,,,Google 名稱含可辨識名稱
74670790-1bf5-4d0e-aee3-12b41d4213ca,新北市私立嘉盛幼兒園,私立,板橋區,ChIJ0TCh3KACaDQRoB7j8d1eAN0,何嘉仁實踐幼校 (嘉盛幼兒園),220台灣新北市板橋區後埔里實踐路76號,,,Google 名稱含可辨識名稱
74bd1bbc-00c1-4c18-a7f0-ce9157995bde,新北市私立心象園幼兒園,私立,新店區,ChIJ1fK_8PcBaDQRAPCqMyVJTic,心象園幼兒園,231台灣新北市新店區大豐里自立街13號,,,Google 名稱含可辨識名稱
74df6b44-a7ba-4318-aec8-0466a393fbc9,新北市私立惠文幼兒園,私立,三重區,ChIJGfaXZ9WoQjQRDLlVgQ5OT_k,新北市私立惠文幼兒園,241台灣三重區富貴里五華街149號,,,Google 名稱含可辨識名稱
75332d54-be2b-4526-b8f5-664a89da1078,天億文教事業股份有限公司附設新北市私立皇家幼兒園,私立,新莊區,,,,,,Google 回傳 20 筆但名稱皆不含「天億文教事業皇家」
754d43de-94c2-4759-bd27-3b3267ded745,新北市私立古典幼兒園,私立,板橋區,ChIJV2AhDEGoQjQRJgsuxtrifys,古典幼兒園,220台灣新北市板橋區柏翠里雙十路三段12號,,,Google 名稱含可辨識名稱
756f0b61-e9d3-4670-9d2c-178092a7e70d,新北市私立幼華幼兒園,私立,板橋區,ChIJeTXp9ASoQjQRESeY_rnrczo,新北巿幼華幼兒園,220台灣新北市板橋區香雅里大仁街68號,,,Google 名稱含可辨識名稱
758d054a-246d-494c-b004-aaf292b8967b,陽光森林文教股份有限公司臺北縣分公司附設新北市私立陽光小子幼兒園,私立,板橋區,,,,,,Google 回傳 2 筆但名稱皆不含「陽光森林文教臺北縣分公司陽光小子」
75c979e7-2b33-40ab-9538-a3cced0cde39,新北市新店區安坑國民小學附設幼兒園,公立,新店區,ChIJnfe_zjcCaDQRUy03e1ojQ4w,新北市新店區安坑國民小學,231台灣新北市新店區公崙里安忠路36號,,,Google 名稱含可辨識名稱
76a33422-0b58-405e-941b-c913e5fa9831,新北市私立嘉聲幼兒園,私立,林口區,ChIJ_XU05XqnQjQR3Z3D-jskfHs,新北市私立嘉聲幼兒園,244台灣新北市林口區南勢里三民路111號1樓,,,Google 名稱含可辨識名稱
76dc701a-4c46-4ce6-a748-471686fe86b4,新北市私立艾力克幼兒園,私立,三重區,ChIJa7R8ZCOpQjQRmOE91WDJDvk,艾力克幼兒園,241台灣新北市三重區長元里三和路二段37號,,,Google 名稱含可辨識名稱
7702c144-31d2-40d8-8f15-85b4ecec61f5,新北市私立板橋天翔幼兒園,私立,板橋區,,,,,,Google 回傳 4 筆但名稱皆不含「板橋天翔」
771f9416-0c15-4ab1-8898-dc5fdaea2d81,新北市私立康大幼兒園,私立,汐止區,ChIJgVJMkkhTXTQREVCmv_GKVTU,新北市私立康大幼兒園,221台灣新北市汐止區康福里福德一路86巷46號,,,Google 名稱含可辨識名稱
7743711e-466a-43aa-b46b-9e16b1816192,新北市私立康華幼兒園,私立,汐止區,ChIJRR0212tTXTQRMdCPp6xiT88,康華幼兒園,221台灣新北市汐止區復興里龍安路38號,,,Google 名稱含可辨識名稱
7782c6d2-9218-4420-b9fe-802b319061e2,新北市私立芯品幼兒園,私立,新店區,ChIJXW8fMUgCaDQRcBacQyBK940,芯品幼兒園,231台灣新北市新店區公崙里安康路二段91巷9號,,,Google 名稱含可辨識名稱
7809948e-1c15-4b6e-b347-5e827fa73ac7,新北市私立新七賢幼兒園,私立,永和區,ChIJbWYgQeupQjQR0BNWfc04MR0,新七賢幼兒園,234台灣新北市永和區復興里竹林路39巷17號,,,Google 名稱含可辨識名稱
781ef1a5-e52d-4fa5-a761-b74885ea25d2,新北市私立文心幼兒園,私立,蘆洲區,ChIJ-70G3dKoQjQRGL-e5Av7260,新北市私立文心幼兒園,247台灣新北市蘆洲區樓厝里集賢路222巷5號,,,Google 名稱含可辨識名稱
78b66292-425a-4c93-8542-75e9e5dec3b7,新北市私立夏恩雙響幼兒園,私立,板橋區,ChIJTZDY6ECoQjQRc1O-54xse7g,新北市私立夏恩雙響托兒所,220台灣板橋區忠翠里文化路二段182巷3弄50號,,,Google 名稱含可辨識名稱
790bf7aa-d77f-4a64-b3e9-70bcebb8f336,新北市私立愛森堡幼兒園,私立,板橋區,ChIJdSElhzyoQjQRaYROfpZvFTQ,愛森堡幼兒園,22070台灣新北市板橋區玉光里永豐街59號,,,Google 名稱含可辨識名稱
790ca435-d9fe-44dc-af25-924d582ee5c0,新北市私立新新幼兒園,私立,永和區,ChIJo4c0f9upQjQRpKoB3PtNTso,新北市私立新新幼兒園 蒙特梭利,234台灣新北市永和區保平里保平路292巷36弄5號,,,Google 名稱含可辨識名稱
7925b208-0c2c-42cb-8f59-b7ac7fba1a13,新北市私立童心圓幼兒園,私立,新店區,ChIJpUePZokBaDQRDXH5vRx6ixo,童心圓幼兒園,231台灣新北市新店區文明里中興路一段101號,,,Google 名稱含可辨識名稱
792eb71e-c7cf-4b24-ad9b-98beceb1df83,新北市私立傑安幼兒園,私立,新莊區,ChIJ5XeZjnGoQjQR1fD1eevSKEA,新北市私立傑安幼兒園,242台灣新北市新莊區文明里中正路161號,,,Google 名稱含可辨識名稱
796afbe2-f9d3-44f9-9c07-7f4ead099064,新北市私立優質幼兒園,私立,五股區,ChIJW-1duA-mQjQREk43tHOKphc,優質幼兒園,248台灣新北市五股區六福里五福路105號,,,Google 名稱含可辨識名稱
79a05cd7-8a6d-438e-a7c7-c45209c515e6,新北市私立台大幼兒園,私立,板橋區,,,,,,Google 回傳 1 筆但名稱皆不含「台大」
79ef45d0-92bf-457c-8290-9bd33f81d8b6,新北市私立新邦仁幼兒園,私立,五股區,ChIJPYXU7DmmQjQRKX0uUnIu6Vc,新邦仁幼兒園,248台灣新北市五股區福德里登林路81號,,,Google 名稱含可辨識名稱
7a045f7d-9fd9-4869-a3bf-e6f8d4d24e62,新北市新莊區丹鳳國民小學附設幼兒園,公立,新莊區,,,,,,Google 回傳 1 筆但名稱皆不含「新莊區丹鳳國民小學」
7a6ad621-a452-40bc-a971-09b93f01ee6a,新北市私立青園幼兒園,私立,新莊區,ChIJy7LnwnuoQjQRoThCqVpFhaY,新北市私立青園幼兒園,242台灣新北市新莊區中華里中港路338-1號,,,Google 名稱含可辨識名稱
7ab6c0de-99d5-406b-9b84-857c685b34de,新北市私立恆育幼兒園,私立,三峽區,ChIJb_5U438baDQRHbDJMrv9B3A,新北市私立恆育幼兒園,237台灣新北市三峽區溪東里橫溪路99巷80號,,,Google 名稱含可辨識名稱
7ae6df38-9d94-4821-9dac-c8b23da5a25a,財團法人天主教會台北教區附設新北市私立母心幼兒園,私立,三重區,,,,,,Google 回傳 16 筆但名稱皆不含「天主教會台北教區母心」
7b334513-3cdd-4019-82b9-d4d92963eaf8,品哲文化股份有限公司附設新北市私立英群幼兒園,私立,三重區,,,,,,Google 回傳 20 筆但名稱皆不含「品哲文化英群」
7b539675-8fe9-4f05-942f-92c9627fbc2a,新北市私立艾法薇爾幼兒園,私立,板橋區,ChIJVzwqQkeoQjQRMYdJ2MNgl0Y,新北市私立艾法薇爾幼兒園,220台灣新北市板橋區忠翠里雙十路二段85號,,,Google 名稱含可辨識名稱
7c003cfb-93bc-442c-8b7f-2b9a3db63b8d,新北市瑞芳區義方國民小學附設幼兒園,公立,瑞芳區,ChIJEWuAgPFPXTQRxz22__7ZMSI,新北市瑞芳區義方國民小學,224台灣新北市瑞芳區龍山里逢甲路360號,,,Google 名稱含可辨識名稱
7c6dd548-d71f-4818-8a91-f7a641f783d7,新北市私立喬安幼兒園.,私立,新店區,,,,,,Google 回傳 1 筆但名稱皆不含「喬安.」
7c855dcc-b8a9-4646-83c1-e7cfa303bd20,新北市私立安和幼兒園,私立,土城區,ChIJUWzFC74CaDQRdT8_cVmrNnE,安和幼兒園,236台灣新北市土城區平和里延和路105巷1弄4號,,,Google 名稱含可辨識名稱
7cc0771a-080a-4d41-86b6-1c626349e844,新北市立福和國民中學附設幼兒園,公立,永和區,ChIJozoP7uWpQjQRYhzEczR_IWQ,新北市立福和國民中學,234台灣新北市永和區秀和里永利路71號,,,Google 名稱含可辨識名稱
7d3ab1f7-6454-46cd-9aa0-9636d9273696,新北市私立和平幼兒園,私立,板橋區,ChIJpa6Cr0mpQjQReCPyBspgBuw,新北市私立和平幼兒園,220台灣新北市板橋區民權里民權路202巷17弄70號,,,Google 名稱含可辨識名稱
7d72d332-351e-4342-9050-09672d9f599d,新北市新月非營利幼兒園(委託財團法人彭婉如文教基金會辦理),非營利,板橋區,ChIJoYbtnlypQjQR09YkAlNXhw0,新北市新月非營利幼兒園,220台灣新北市板橋區中正里中正路437號,,,Google 名稱含可辨識名稱
7d806d65-d9b2-454e-8776-2dc61bc39750,新北市私立景平幼兒園,私立,中和區,ChIJc-R0_XMCaDQRTVe4rNOaRP8,私立景平幼兒園,235台灣新北市中和區景福里和平街54巷1弄4號,,,Google 名稱含可辨識名稱
7d8efc23-4d4f-4c86-acd8-8cc579875679,新北市私立吉德幼兒園,私立,三重區,ChIJN9l1pQKpQjQR8DbE-zZV-QI,吉德幼兒園,241台灣新北市三重區福民里新興路30號32號,,,Google 名稱含可辨識名稱
7db0512b-9b5e-4de3-8896-0dec4a7e4761,新北市五股區德音國民小學附設幼兒園,公立,五股區,ChIJY1rNuSSmQjQRnEystOj9dy8,新北市五股區德音國民小學,248台灣新北市五股區水碓里明德路2號,,,Google 名稱含可辨識名稱
7dd10969-9eca-470c-b6e4-25f205cf1791,新北市私立益智幼兒園,私立,三重區,ChIJ9RB0FuOoQjQRxHp6_cd4Jcc,長頸鹿益智幼兒園,241台灣新北市三重區福祉里集美街5號,,,Google 名稱含可辨識名稱
7e4091bb-f0ee-4a6a-80f5-3c14da4077b9,新北市私立森林幼兒園,私立,土城區,ChIJLQJ9EcgCaDQRHai91SlN2ME,森林幼兒園,236台灣新北市土城區廣福里學府路一段115巷13號,,,Google 名稱含可辨識名稱
7e6126eb-0622-4c32-9e7c-52564930b49f,新北市私立幼暉幼兒園,私立,板橋區,ChIJK_-wjCCoQjQR3_5BmUeW8G4,新北市私立幼暉幼兒園,220台灣新北市板橋區民族里民族路289巷2號,,,Google 名稱含可辨識名稱
7e99f2fc-51cc-4a33-8c0f-9d3218ae283e,新北市私立榕榕園幼兒園,私立,蘆洲區,ChIJ1bHR7tGoQjQREangaCplnvU,榕榕園幼兒園,247台灣新北市蘆洲區恆德里重陽街17號,,,Google 名稱含可辨識名稱
7ea53564-9e3d-4426-80a4-55b55bd743e1,新北市新店區直潭國民小學附設幼兒園,公立,新店區,ChIJDyQK-dkDaDQRcbL_1nEX_IQ,新北市新店區直潭國民小學,231台灣新北市新店區直潭里直潭路92號,,,Google 名稱含可辨識名稱
7ec27714-ca0b-4bec-bac0-7bb7ea0a2d22,新北市私立彤恩幼兒園,私立,土城區,ChIJ09feer8CaDQRa4L_zn6vt50,彤恩幼兒園,236台灣新北市土城區延和里金城路三段19號,,,Google 名稱含可辨識名稱
7edc91b8-0641-46a8-bdca-55b6227c4bdc,新北市私立維尼芽幼兒園,私立,新莊區,ChIJORD1FPKnQjQR4lN8TB1eH7o,新莊維尼芽幼兒園,242台灣新北市新莊區後港里後港一路76巷14弄3號,,,Google 名稱含可辨識名稱
7ef13d36-3b25-4567-9afe-a26320a10eed,新北市私立漂亮寶貝幼兒園,私立,板橋區,,,,,,Google 回傳 1 筆但名稱皆不含「漂亮寶貝」
7f008a17-cf7f-4d48-9810-14d53d43bccf,新北市貢寮區福隆國民小學附設幼兒園,公立,貢寮區,,,,,,Google 回傳 1 筆但名稱皆不含「貢寮區福隆國民小學」
7f50368b-06f5-45d7-bc79-8970cb8496e2,新北市立溪崑國民中學附設幼兒園,公立,板橋區,ChIJtV1_VkYdaDQRX7RkpNWOAOc,新北市立溪崑國民中學,220台灣新北市板橋區崑崙里大觀路三段50巷30號,,,Google 名稱含可辨識名稱
7fa290c1-dd31-492b-a2db-e76477d3c802,新北市私立征洋幼兒園,私立,土城區,ChIJb4KlS8QCaDQRT1L6GJkTRB0,征洋幼兒園,236台灣新北市土城區清水里仁愛路16巷3弄7號,,,Google 名稱含可辨識名稱
7fc87612-1a5d-443c-b6b4-2415e8638795,新北市私立萊恩得幼兒園,私立,淡水區,ChIJL5AQNXavQjQRZWaATNWTLWo,新北市私立萊恩得幼兒園(準公共幼兒園),251台灣新北市淡水區民權里民權路181巷7號,,,Google 名稱含可辨識名稱
8018ff80-cd38-4e2b-86c0-90297b81f52e,新北市私立啟育藝術幼兒園,私立,三峽區,ChIJvXgfF_MbaDQRpkb3DJoJoQ4,啟育藝術幼兒園,237台灣新北市三峽區龍埔里民生街59號,,,Google 名稱含可辨識名稱
805799c2-8be8-466d-a454-581b3d892afc,財團法人天主教會台北教區附設新北市私立聖言幼兒園,私立,樹林區,,,,,,Google 回傳 14 筆但名稱皆不含「天主教會台北教區聖言」
80f53df3-89c9-4966-b901-4678f91b35fe,新北市文中非營利幼兒園(委託財團法人三之三生命教育基金會辦理),非營利,新店區,ChIJez1m5uABaDQRJc3bDmtyn6A,文中非營利幼兒園,231台灣新北市新店區文中里231,,,Google 名稱含可辨識名稱
811f0046-2ae4-438d-bc8a-291fc9e98485,新北市淡水區天生國民小學附設幼兒園,公立,淡水區,,,,,,Google 回傳 1 筆但名稱皆不含「淡水區天生國民小學」
8130099f-1615-4cb5-b948-cf1995cc8730,新北市立樹林幼兒園圳安分班,公立,樹林區,,,,,,Google 回傳 9 筆但名稱皆不含「立樹林圳安分班」
813cf136-6759-4528-afc6-bbac6a57636f,新北市立泰山幼兒園明志分班,公立,泰山區,,,,,,Google 回傳 1 筆但名稱皆不含「立泰山明志分班」
8163bf08-3dd1-4788-b10c-f2427daa8860,新北市私立雅立福幼兒園,私立,樹林區,ChIJWXe6cnwdaDQRSxp1ei5GBgc,私立雅立福幼兒園,238台灣新北市樹林區三福里三福街85巷2-1號,,,Google 名稱含可辨識名稱
818ed658-8295-4b49-a727-ce5e3d4e623e,新北市私立溫特爾幼兒園,私立,三峽區,ChIJkZPf7oobaDQRuLfPBjM94aw,新北市私立溫特爾幼兒園,237台灣新北市三峽區龍埔里三樹路336號,,,Google 名稱含可辨識名稱
81dc71b4-2059-42fc-93b4-5a350a78286d,新北市佳家非營利幼兒園(委託財團法人享翔葉克膜教育基金會辦理),非營利,三峽區,ChIJZ6nWoG0ZaDQRu2HMvXKNSv8,佳家 非營利幼兒園,237台灣新北市三峽區國北街2號,,,Google 名稱含可辨識名稱
82394a26-2933-4adb-9f32-97f6000060f9,新北市立土城幼兒園,公立,土城區,ChIJ26JrJMkCaDQR5-92ZfvKuc4,新北市立土城幼兒園,236台灣新北市土城區中正里裕民路193-1號,,,Google 名稱含可辨識名稱
8255a4db-d5b0-4875-8057-87587203d0c1,新北市私立安康幼兒園,私立,新店區,ChIJMcg0o0kCaDQRi5W1S_ZI6qM,安康幼兒園,231台灣新北市新店區公崙里安康路二段168號,,,Google 名稱含可辨識名稱
82738d3e-6fc2-4c0a-a6b2-080508be769f,新北市淡水區文化國民小學附設幼兒園,公立,淡水區,ChIJl1X6i1ClQjQR35LB74LluCI,新北市淡水區文化國民小學,251台灣新北市淡水區文化里真理街6號,,,Google 名稱含可辨識名稱
827c5813-1b6b-4ba6-8a8c-f398e091e0cb,新北市永和區永和國民小學附設幼兒園,公立,永和區,ChIJxWrytuepQjQRlf4IOYRlSkU,新北市永和區永和國民小學,234台灣新北市永和區潭墘里秀朗路一段120號,,,Google 名稱含可辨識名稱
827dedcf-299d-4a83-a08c-f6623cd84f59,新北市立新莊幼兒園三合分班,公立,新莊區,,,,,,Google 回傳 4 筆但名稱皆不含「立新莊三合分班」
82fb7ba0-f833-44c2-96b6-e7030824af30,新北市私立嘉慶幼兒園,私立,新店區,ChIJx-z5SEgCaDQROkB2XGizkKI,嘉慶幼兒園,231台灣新北市新店區公崙里安康路二段136號,,,Google 名稱含可辨識名稱
832e9999-ae48-400d-a39e-276d657dea61,新北市私立佳恩幼兒園,私立,新店區,ChIJMSNpLvIBaDQRi1EMrvl7hXo,私立佳恩幼稚園,231台灣新北市新店區張北里德正街27巷29弄8號,,,Google 名稱含可辨識名稱
832f17b4-5007-4f13-9443-6847547e0d90,新北市私立聖母幼兒園,私立,三峽區,ChIJQ3Q_TOgbaDQRedsJZ2su3Ng,新北市私立聖母幼兒園,237台灣新北市三峽區中園街71-1號,,,Google 名稱含可辨識名稱
83389027-a400-4152-bca6-f3d2b928e1e4,新北市私立蘆洲來來幼兒園,私立,蘆洲區,,,,,,Google 回傳 20 筆但名稱皆不含「蘆洲來來」
83cd8ff0-1463-496d-be98-7573ca4ce370,新北市私立夏綠蒂幼兒園,私立,三重區,ChIJ_-7swSupQjQRIvuqBbrsHBg,夏綠蒂幼兒園-推薦幼稚園 兒童雙語 夏恩英語 小一先修 優質口碑安親班 正音班 夏令營,241台灣新北市三重區五順里五華街21巷15號,,,Google 名稱含可辨識名稱
840fb2c1-e993-4db8-85d5-b3f64ede1912,新北市私立康大創藝幼兒園,私立,汐止區,ChIJozPe-6JTXTQRqzUh06_hPq8,私立康大創藝幼兒園《推薦幼兒園》汐止區專業幼稚園老師｜幼兒美語課程｜雙語幼兒園｜幼兒安親班｜英語幼稚園｜優質幼兒園,221台灣新北市汐止區湖蓮里湖前街110巷97弄1號1樓,,,Google 名稱含可辨識名稱
8460fc75-3623-4777-8a71-4d1f0e406e8d,新北市私立普林斯頓幼兒園,私立,中和區,ChIJpyvNcYICaDQRvkk1-_NTPe4,普林斯頓幼兒園,235台灣新北市中和區平河里中正路839巷31號,,,Google 名稱含可辨識名稱
849d672b-2842-4761-b184-59fea37b8fa2,新北市永和區網溪國民小學附設幼兒園,公立,永和區,ChIJXVM8dQCpQjQRD67vnenQSnI,新北市永和區網溪國民小學附設幼兒園,234台灣新北市永和區上林里竹林路75巷25弄1號,,,Google 名稱含可辨識名稱
84cccc5d-15cd-478b-8f4e-13715ffa9b7c,新北市立中和幼兒園飛駝分班,公立,中和區,,,,,,Google 回傳 1 筆但名稱皆不含「立中和飛駝分班」
84dec3bc-a585-4f77-98de-a1f74ed3b18d,新北市私立強森園幼兒園,私立,三重區,ChIJk9KRvN6oQjQRGAgZqNRCcoE,強森園幼兒園,241台灣新北市三重區立德里三張街149巷16號,,,Google 名稱含可辨識名稱
8549f509-2db5-4fd0-bf58-03fa4afdb67b,新北市私立遠東幼兒園,私立,板橋區,ChIJ5cTQcTuoQjQRufksK4HPLTM,新北市私立遠東托兒所,220台灣板橋區光仁里成功路33號,,,Google 名稱含可辨識名稱
85795761-6d05-4d62-aba2-e5c495aec105,嘉聲文教事業股份有限公司附設新北市私立佳呈幼兒園,私立,林口區,,,,,,Google 回傳 4 筆但名稱皆不含「嘉聲文教事業佳呈」
857c4368-1eb0-452e-8aaf-1393accc7ee0,新北市私立普薪幼兒園,私立,蘆洲區,ChIJEXkDTMuoQjQR9lTwIWCC4gU,普薪幼兒園,24745台灣新北市蘆洲區忠孝里民義街70號,,,Google 名稱含可辨識名稱
85c9f44c-0347-4396-a9fc-223e1aef47f6,新北市私立弘恩幼兒園,私立,中和區,ChIJGW7-DCioQjQRnjj6_eamGBw,弘恩幼兒園,235台灣新北市中和區積穗里員山路406號,,,Google 名稱含可辨識名稱
85e094d3-4ea5-49a2-bddd-81e2cfc24d79,財團法人天主教會台北教區附設新北市私立三芝幼兒園,私立,三芝區,,,,,,Google 回傳 6 筆但名稱皆不含「天主教會台北教區三芝」
8615d6e6-85fc-462f-85e9-1b748e955cfc,新北市私立愛妮爾國際幼兒園,私立,土城區,ChIJ4S98JdccaDQRsbzNQh_q6N4,愛妮爾國際幼兒園,236台灣新北市土城區大安里中央路三段99號,,,Google 名稱含可辨識名稱
862cc998-efb8-41c7-a119-97fee0c76edc,新北市私立格登幼兒園,私立,新莊區,ChIJn6_ud4CoQjQRiPKJDdE0nqc,格登幼兒園,242台灣新北市新莊區中原里中信街109號,,,Google 名稱含可辨識名稱
863bef3e-0edd-43a0-98f6-6d331bfe3209,新北市私立吉恩幼兒園,私立,土城區,ChIJd4LG_SkdaDQRdd5gRSfxGqs,私立吉恩幼兒園、禾碩兒童課後照顧服務中心、徐薇英文(吉恩分校),236台灣新北市土城區員仁里中央路二段392-1號,,,Google 名稱含可辨識名稱
864db84f-ddfc-4a36-9b47-61ef471b1214,新北市私立心辰幼兒園,私立,林口區,ChIJG5knKx6nQjQRum1Gocy64B8,新北市私立心辰幼兒園 林口區,244台灣新北市林口區菁湖里竹林路326巷12號,,,Google 名稱含可辨識名稱
869a115c-a3de-4044-b949-60e1acf9eae3,新北市八里區大崁國民小學附設幼兒園,公立,八里區,ChIJbRPNmxOlQjQRQxvHDbTv8QY,新北市八里區大崁國民小學,249台灣新北市八里區大崁里忠八街2號,,,Google 名稱含可辨識名稱
86b871c0-bf3f-45f7-905b-9f395b8f0067,新北市政府新北捷運員工子女非營利幼兒園(委託康寧學校財團法人康寧大學辦理),非營利,新店區,,,,,,Google 回傳 2 筆但名稱皆不含「政府新北捷運員工子女」
86bbb86c-b24e-43a3-b4e6-ef09671cdfd6,新北市私立華菂幼兒園,私立,泰山區,ChIJz-flnc6nQjQRJuxTVHKXna8,新北市私立華菂幼兒園,243台灣新北市泰山區義仁里民生路20號,,,Google 名稱含可辨識名稱
86d7e17f-6108-4930-b06e-25cdf20fb901,新北市立忠山實驗小學附設幼兒園,公立,淡水區,ChIJydzX-EWwQjQRHAgsh15RNh0,新北市立忠山實驗小學,251台灣新北市淡水區忠山里行忠路899號,,,Google 名稱含可辨識名稱
86e5fab6-1d52-47c9-ac83-813293d5447a,新北市私立童話村幼兒園,私立,三峽區,ChIJe0Vtu-wbaDQRCx7XRoOkFek,童話村幼兒園,237台灣新北市三峽區中正里光明路100之6號2樓,,,Google 名稱含可辨識名稱
86ebbd61-434f-4835-8af6-38c171744d79,新北市私立底格里思幼兒園,私立,中和區,ChIJcS2RGoQCaDQRBYWAaaXV5ho,喬幼國際幼兒學校(底格里思幼兒園),235台灣新北市中和區平河里中正路675號1樓,,,Google 名稱含可辨識名稱
87032329-dd8e-4e07-95ee-dafe5968e041,新北市私立三元幼兒園,私立,板橋區,ChIJ6Y7BjxWoQjQRr6yS9ckhbv8,新北市私立三元幼兒園,220台灣新北市板橋區聯翠里民生路三段10號,,,Google 名稱含可辨識名稱
87221d1d-627a-4338-a685-e60bc7af9fa4,新北市立蘆洲幼兒園,公立,蘆洲區,ChIJbYkA_LKoQjQRAtmZFu9mBJY,新北市立蘆洲幼兒園蘆洲分所,247台灣蘆洲區南港里永平街1號,,,Google 名稱含可辨識名稱
87327405-ef1e-4422-9154-d84a780dc1f2,新北市瑞芳區瑞芳國民小學附設幼兒園,公立,瑞芳區,ChIJCZ98tPBPXTQRtx5WFSxTfUY,新北市瑞芳區瑞芳國民小學,224台灣新北市瑞芳區龍川里中山路2號,,,Google 名稱含可辨識名稱
87394a30-4964-40e8-b99b-0eb41fdefc18,新北市私立超群幼兒園,私立,汐止區,ChIJQYM1_lCrQjQRTZLm4ugMg9o,私立超群幼兒園,221台灣新北市汐止區福山里民權街二段81巷5號,,,Google 名稱含可辨識名稱
87499978-d658-43c5-ba24-987192d12507,新北市私立童圓幼兒園,私立,汐止區,ChIJaQZAwUlTXTQRhfmRVDozKF0,童圓幼兒園,221台灣新北市汐止區湖光里民族二街16號,,,Google 名稱含可辨識名稱
87ac6735-28c9-4597-930b-e7d45674c802,新北市私立慷乃兒幼兒園,私立,新莊區,ChIJR_MXGNanQjQR0g-StZXGhiM,新北市私立慷乃兒幼兒園,242台灣新北市新莊區立廷里中平路182號,,,Google 名稱含可辨識名稱
884712c9-f9ac-472b-8f29-95b2164738cb,新北市私立辰修幼兒園,私立,中和區,ChIJw1ZfYnoCaDQRxYjGXJ5lr_Q,辰修幼兒園,235台灣新北市中和區復興里復興路280巷3弄9號,,,Google 名稱含可辨識名稱
88715302-1745-44ec-9d35-afcf5ece835e,新北市私立曼哈頓幼兒園,私立,汐止區,ChIJEb8NLrCsQjQR8XQFVdQuy4A,新北市私立曼哈頓幼兒園,221台灣新北市汐止區北山里康寧街61巷1號,,,Google 名稱含可辨識名稱
88ba0d01-b13f-4f4e-86b1-c1a5bdb74de6,新北市私立巧可麗雙和幼兒園,私立,永和區,,,,,,Google 回傳 2 筆但名稱皆不含「巧可麗雙和」
88df5fa9-1c12-4291-8afc-25f74cfc64f8,新北市私立金城幼兒園,私立,土城區,ChIJnXHg_JUCaDQRZ8IbIKDrB44,金城幼兒園,236台灣新北市土城區延祿里延和路180號,,,Google 名稱含可辨識名稱
88ecdc9b-a873-4014-9d33-e7dd4e32a59e,財團法人中華民國佛教慈濟慈善事業基金會附設新北市私立臺北大愛幼兒園,私立,新店區,,,,,,Google 回傳 1 筆但名稱皆不含「中華民國佛教慈濟慈善事業臺北大愛」
8900bdee-b258-46f5-81f9-cc6c9925eb78,新北市私立新中幼兒園,私立,新店區,ChIJbQ_VwR0CaDQR5dAuLzRew_Q,新中幼兒園,231台灣新北市新店區百和里中正路360號2樓,,,Google 名稱含可辨識名稱
891fa4c5-bc43-4465-a393-f50a37593be1,新北市永和區頂溪國民小學附設幼兒園,公立,永和區,ChIJz6v0G8GpQjQRoR0yUmwGa-w,新北市永和區頂溪國民小學附設幼兒園,234台灣新北市永和區文化里文化路135巷9號,,,Google 名稱含可辨識名稱
893e426e-bf9a-4414-a344-f959dc7e2fdd,新北市私立康園幼兒園,私立,板橋區,ChIJIROmdkaoQjQR4gwfvDu-HQo,康園幼兒園,220台灣新北市板橋區嵐翠里文聖街89巷17號2樓,,,Google 名稱含可辨識名稱
89422f67-8b2c-4af9-adca-69fe4f6a3f69,新北市石門區老梅國民小學附設幼兒園,公立,石門區,,,,,,Google 回傳 2 筆但名稱皆不含「石門區老梅國民小學」
895ba81e-791e-4cc8-b4c9-25b7428eceec,新北市私立發現小熊森林幼兒園,私立,板橋區,ChIJzxZrokCoQjQRLdQz-0Jfvbk,私立發現小熊森林幼兒園,220台灣新北市板橋區忠翠里文化路二段182巷3弄11號3F,,,Google 名稱含可辨識名稱
896210ed-3171-4980-b2f3-962ffa15b6e1,新北市私立星星幼兒園,私立,瑞芳區,ChIJ--W3zVtFXTQResNgqViNK08,新北市私立星星幼兒園,224台灣新北市瑞芳區國中新村18號,,,Google 名稱含可辨識名稱
899d7cca-7d38-460a-a27b-69e58ad61d74,新北市私立日恩幼兒園,私立,土城區,ChIJQUTyB5YCaDQRBcBIFUiLGdQ,Rih En 日恩幼兒園,236台灣新北市土城區延祿里延和路185號,,,Google 名稱含可辨識名稱
899fd63e-9ae3-446e-aefc-aa452609aec0,新北市立板橋幼兒園和平分班,公立,板橋區,,,,,,Google 回傳 1 筆但名稱皆不含「立板橋和平分班」
89def7f5-8972-4056-ab86-2bce5b5e6a3c,新北市私立新二重幼兒園,私立,三重區,ChIJuVyviOioQjQRulk4GETeIUY,新北市私立新二重幼兒園,241台灣新北市三重区二重里忠孝路三段93巷6號1樓,,,Google 名稱含可辨識名稱
8ae6976c-37c4-47cb-9c56-8d1cdec82fa1,新北市私立及幼幼兒園,私立,泰山區,ChIJQTwBmqynQjQRXj-BfY0xyNE,新北市私立及幼幼兒園,243台灣新北市泰山區義仁里仁愛路6巷9號,,,Google 名稱含可辨識名稱
8b143010-7879-4756-b57b-fb8a1012e89f,新北市私立好好幼兒園,私立,新店區,ChIJs5apIT8DaDQRxF-EOU2RPyY,新北市私立好好幼兒園《雙語幼兒園》新店專業幼兒園｜在地幼稚園｜優質師資｜啟蒙教育｜幼兒教學｜教育銜接,23155台灣新北市新店區達觀里達觀路6號1樓.2樓,,,Google 名稱含可辨識名稱
8b394672-9045-4408-bc7e-7b8f918f0dea,新北市私立傳動幼兒園,私立,永和區,ChIJhQKhzeapQjQR2LCku5ZLE08,私立傳動幼兒園,234台灣新北市永和區得和里中正路344號,,,Google 名稱含可辨識名稱
8bd1767f-f40f-4d5c-83a1-ba0647c9d541,新北市私立北極星幼兒園,私立,土城區,ChIJgx78iMoCaDQRn7guzNulT30,新北市私立北極星幼兒園,236台灣新北市土城區學成路165號,,,Google 名稱含可辨識名稱
8c45852f-0b40-4341-8cc9-1390da4876d6,新北市私立鼎群幼兒園,私立,三重區,ChIJp-hxJSOpQjQR9RI__goytnw,鼎群幼兒園,241台灣新北市三重區光華里福德北路50號,,,Google 名稱含可辨識名稱
8c663438-ae6b-4e57-bf70-1a28962ab285,新北市私立福祿貝爾幼兒園,私立,林口區,ChIJaYDXIMOmQjQRKkO3jOXLYpw,新北市私立福祿貝爾幼兒園,244台灣新北市林口區湖南里民權路110號,,,Google 名稱含可辨識名稱
8c9f81b6-9984-41b7-9430-5121ba2c0fd0,新北市私立大鵬鳥幼兒園,私立,新莊區,ChIJSYfJyYeoQjQRhE438SFm7PA,新北市私立大鵬鳥幼兒園,242台灣新北市新莊區昌信里中原路105號,,,Google 名稱含可辨識名稱
8cc440cb-a560-4a73-a61f-3877509200aa,新北市立瑞芳國民中學附設幼兒園,公立,瑞芳區,,,,,,Google 回傳 2 筆但名稱皆不含「立瑞芳國民中學」
8d062a0a-1381-4c0e-a8a6-544ce1efb934,新北市坪林區坪林國民小學附設幼兒園,公立,坪林區,ChIJ7UX6AE__ZzQR5-nxcQP5Caw,新北市坪林區坪林國民小學,23241台灣新北市坪林區坪林街114號,,,Google 名稱含可辨識名稱
8d5f9c27-6348-40b4-8062-6c2ddcbe27d4,新北市立坪林實驗國民中學附設幼兒園,公立,坪林區,ChIJKyMnnVH_ZzQRcAHkOrPERzA,新北市立坪林實驗國民中學附設幼兒園,232台灣新北市坪林區坪林里國中路2號,,,Google 名稱含可辨識名稱
8d9f6d02-a023-4b7a-8c2f-6f29fc437f09,新北市金山區金美國民小學附設幼兒園,公立,金山區,ChIJicxq06lMXTQRmyzj7pSS9o8,新北市金山區金美國民小學,20842台灣新北市金山區忠孝一路111號,,,Google 名稱含可辨識名稱
8dad8c8c-b455-428a-910e-29deb8e3f51d,新北市汐止區長安國民小學附設幼兒園,公立,汐止區,ChIJ_w8TK2hTXTQRFSD4yDk3y80,新北市汐止區長安國民小學,221台灣新北市汐止區長安里長興街一段80號,,,Google 名稱含可辨識名稱
8ddba3fa-d297-4f27-83da-656f04edd12c,新北市私立中華兒童幼兒園,私立,蘆洲區,ChIJOQJbB7CoQjQRsM5MDSB6WSU,新北市私立中華兒童幼兒園,247台灣蘆洲區永康里長安街267巷24弄1號,,,Google 名稱含可辨識名稱
8e155d23-5aee-4302-88d8-072bfcae1bdd,新北市私立新天地國際蒙特梭利幼兒園,私立,中和區,ChIJa6sMvNipQjQRxPd4vdgxQcQ,新天地國際蒙特梭利幼兒園,235台灣新北市中和區泰安里景安路49號,,,Google 名稱含可辨識名稱
8e1ab98c-5485-4b38-a606-066690944fde,新北市私立蘆幼幼兒園,私立,蘆洲區,ChIJQ8ZD1rKoQjQRV2Qpuh05XOk,蘆幼幼兒園,247台灣新北市蘆洲區南港里永平街32巷57弄2號,,,Google 名稱含可辨識名稱
8e299ebb-2d64-43b9-a2df-0b998ad348da,新北市私立慈德幼兒園,私立,中和區,ChIJUYSxSHqpQjQRCTPrNfMv0Ew,慈德幼兒園,235台灣新北市中和區中原里立德街30號,,,Google 名稱含可辨識名稱
8e3b7107-dcaa-4e1e-a693-ea255607f93c,新北市私立佳宜幼兒園,私立,三峽區,ChIJX-Z3sNkbaDQRtK1-q2KMp_s,新北市私立佳宜幼兒園,237台灣新北市三峽區礁溪里介壽路一段183號,,,Google 名稱含可辨識名稱
8f4dc715-c261-4045-a15b-45929598a107,新北市私立永錡板橋幼兒園,私立,板橋區,ChIJ7auasDwdaDQRuhfFU-QzaCU,新北市私立永錡板橋幼兒園,220台灣新北市板橋區溪福里金門街372巷34號,,,Google 名稱含可辨識名稱
8f7e2dd8-739b-4e56-959b-41bdf53682ef,新北市板橋區國光國民小學附設幼兒園,公立,板橋區,ChIJ2zNYuAWoQjQRha-rlg_IxE8,新北市板橋區國光國民小學,220台灣新北市板橋區香社里中正路325巷30號,,,Google 名稱含可辨識名稱
8fa733e9-7d77-4e2c-90aa-8c564d34211e,台電公司林口發電廠職場互助教保服務中心(委託社團法人台灣公共托育協會辦理),私立,林口區,ChIJJe0NWMenQjQRTn8TDPN-Gf8,台電公司林口發電廠職場互助教保服務中心（委託社團法人台灣公共托育協會辦理）,244台灣新北市林口區5號,,,Google 名稱含可辨識名稱
8fc15b27-cc27-4dd7-8cab-9b31bc37ae8b,新北市私立新佳美幼兒園,私立,永和區,ChIJCa0DwOapQjQR8u4F2HJHvtk,私立新佳美幼兒園,234台灣新北市永和區得和里中正路412巷4弄14號,,,Google 名稱含可辨識名稱
9016ac64-f9fe-4e76-b915-a291669823fd,新北市私立青山幼兒園,私立,汐止區,ChIJU7QQT2lTXTQRcNKe1CU0w50,新北市私立青山幼兒園,221台灣新北市汐止區自強里青山路8號,,,Google 名稱含可辨識名稱
90315eaf-e9ec-4c19-88c6-b05d7af3557c,新北市私立培賢幼兒園,私立,永和區,ChIJ9e76I-ypQjQRFvN2B8XOrDA,培賢幼兒園,234台灣新北市永和區竹林里竹林路179巷25號,,,Google 名稱含可辨識名稱
90505bf2-3550-4297-994c-685e7bb04d28,新北市私立優時代幼兒園,私立,新店區,ChIJZb2o5_EBaDQRvh92SoLMKUU,優時代幼兒園,231台灣新北市新店區中興路二段189號1樓,,,Google 名稱含可辨識名稱
90e8aab9-a2f4-4da9-b931-288b14e8b75b,新北市私立大同幼兒園,私立,板橋區,ChIJgbejcRaoQjQRZMtTf_hFXjM,新北市私立大同幼兒園,220台灣新北市板橋區新埔里自由路26巷26號,,,Google 名稱含可辨識名稱
91b21342-a397-46aa-8088-b4bf6f7047aa,新北市私立悅欣幼兒園,私立,板橋區,ChIJ72rY7acCaDQR-45FeTjRX7k,悅欣&悅淨幼兒園,220台灣新北市板橋區挹秀里東門街30之2號1號樓之60,,,Google 名稱含可辨識名稱
91bb8a71-63d1-48ef-8b27-804cf3f370e1,新北市私立神奇小子幼兒園,私立,汐止區,ChIJ1ZfMGw5TXTQRW1VZyvRJK14,神奇小子托嬰中心,221台灣新北市汐止區城中里建成路39號2F,,,Google 名稱含可辨識名稱
92164d20-23fa-40c5-a50b-176788279728,新北市瑞芳區瑞柑國民小學附設幼兒園,公立,瑞芳區,ChIJlSJ9PENFXTQRAAQXcBdMzeU,新北市瑞芳區瑞柑國民小學,224台灣新北市瑞芳區柑坪里明燈路一段18巷13號,,,Google 名稱含可辨識名稱
92379b9b-984e-4e7a-a998-3553323c5534,新北市汐止區保長國民小學附設幼兒園,公立,汐止區,ChIJVU566qVTXTQRX_8asuHultE,新北市汐止區保長國民小學,221台灣新北市汐止區保安里大同路三段553號,,,Google 名稱含可辨識名稱
927e3a97-e752-4667-935f-7b431851db1e,新北市私立亞特幼兒園,私立,板橋區,ChIJx-X6wBqoQjQRTHUJ8JhWU4Y,亞特幼兒園,220台灣新北市板橋區國光里國光路53號,,,Google 名稱含可辨識名稱
9307748c-3174-41b4-a581-926ae1dc1a5a,新北市文仁非營利幼兒園(委託社團法人臺灣兒童教育發展協會辦理),非營利,林口區,ChIJ_WLRNMCnQjQRAMGIKL-vS44,新北市文仁非營利幼兒園（委託社團法人臺灣兒童教育發展協會辦理）,244019台灣新北市林口區湖南里民治路3號世大運社宅A區,,,Google 名稱含可辨識名稱
934245b6-6578-4bdc-9ed6-98b561353049,新北市私立愛箂兒幼兒園,私立,三重區,ChIJB7TbaP2oQjQRzcwE7BZ3rcU,愛箂兒幼兒園,241台灣新北市三重區福民里集美街121號,,,Google 名稱含可辨識名稱
934a7446-000f-4d05-96f3-7430918aea13,新北市板橋區海山國民小學附設幼兒園,公立,板橋區,,,,,,Google 回傳 1 筆但名稱皆不含「板橋區海山國民小學」
939cfcd8-07d6-48db-af1b-e86ea2f9922a,新北市私立惠園幼兒園,私立,新莊區,ChIJ5_jpQIynQjQRsqd0U7KXyhk,惠園托兒所,242台灣台灣省新莊區新莊區中正路新雅巷20號2樓,,,Google 名稱含可辨識名稱
9423b80a-77bf-4bf9-a9f1-45cb4438408b,新北市私立菲米力幼兒園,私立,五股區,ChIJYQLrYhqmQjQRXPJG5q_ys2U,菲米力幼兒園,248台灣新北市五股區民義里民義路一段120號2樓,,,Google 名稱含可辨識名稱
944c4b68-f147-442e-ad4f-94e0aa582c80,交通部航港局臺北港行政大樓職場互助教保服務中心(委託財團法人三之三生命教育基金會辦理),私立,八里區,ChIJQ8QR1gOlQjQRz5YeTGQLs3Q,交通部航港局臺北港行政大樓職場互助教保服務中心(委託財團法人三之三生命教育基金會辦理),249台灣新北市八里區訊塘里商港路123號1 樓,,,Google 名稱含可辨識名稱
94cedf73-dc3b-4aea-af19-7a9839ee288e,新北市私立小木屋蒙特梭利幼兒園,私立,林口區,ChIJpaJG39emQjQRCkrq2V9iw_o,新北市私立小木屋蒙特梭利幼兒園,244台灣新北市林口區南勢里民族路9號,,,Google 名稱含可辨識名稱
94d076cb-0ffd-4bd1-a7af-1ee33c9e0bed,新北市私立菲力中興幼兒園,私立,新店區,ChIJ4abpSzsBaDQRz7AdQdHfzJc,菲力中興幼兒園,231台灣新北市新店區五峯里中興路一段266-1號2樓,,,Google 名稱含可辨識名稱
94d3801f-37d1-42d3-b1db-77922f84830e,新北市立板橋幼兒園,公立,板橋區,ChIJrblvhgWoQjQRHkfJuc5TJ0w,新北市立板橋幼兒園,220台灣新北市板橋區中正里中正路375巷48號,,,Google 名稱含可辨識名稱
95086c0c-b216-4140-a2ba-69c71ec0b7bb,新北市新莊區新泰國民小學附設幼兒園,公立,新莊區,ChIJrfB8Nt-nQjQRHQ4i5iBn5JU,新北市新莊區新泰國民小學,242台灣新北市新莊區立言里公園一路91號,,,Google 名稱含可辨識名稱
9567eb0b-f638-4cc1-836e-0d5bece7e7df,新北市私立新學林幼兒園,私立,三重區,ChIJcbLNOCupQjQRPlPiiwr1wAU,新學林幼兒園,241台灣新北市三重區五福里仁義街307號,,,Google 名稱含可辨識名稱
95a28881-5893-4a12-b3a4-81749501840a,新北市私立若仁幼兒園,私立,板橋區,ChIJS7c1lkCoQjQRxqZ2_wb9P-s,若仁幼兒園,220台灣新北市板橋區忠翠里莊敬路46號,,,Google 名稱含可辨識名稱
95cd5167-79de-4f4f-85a4-9e65c05d23e0,新北市私立育才幼兒園,私立,中和區,ChIJk2N9EdipQjQRDgqqbUNw-5Q,育才幼兒園,235台灣新北市中和區漳和里景新街48號,,,Google 名稱含可辨識名稱
95eb6c52-42e7-4fae-b8f3-0ce76dd3c6c8,新北市立林口幼兒園忠孝分班,公立,林口區,,,,,,Google 回傳 2 筆但名稱皆不含「立林口忠孝分班」
960ac56c-b94d-4a50-995a-6655f8f86633,新北市中和區自強國民小學附設幼兒園,公立,中和區,ChIJ-fgtG5kCaDQRB4ASMj2UneY,新北市中和區自強國民小學,235台灣新北市中和區自強里莒光路200號,,,Google 名稱含可辨識名稱
96247b6a-7517-4ba7-8496-416d167b0c1f,新北市私立安邦幼兒園,私立,中和區,ChIJe3Jrq4UCaDQRAC7w53EqW2s,安邦幼兒園,235台灣新北市中和區仁和里連城路477巷6弄1號,,,Google 名稱含可辨識名稱
963ea442-cfb9-48df-94c5-b949f833bf20,新北市中和區光復國民小學附設幼兒園,公立,中和區,ChIJWTh2NDCoQjQRg1HXhkC93Gw,新北市中和區光復國民小學,235台灣新北市中和區中原里光環路二段1號,,,Google 名稱含可辨識名稱
967b5756-78f1-4415-8b52-9c883e2473e3,新北市私立可爾威德幼兒園,私立,淡水區,,,,,,Google 回傳 1 筆但名稱皆不含「可爾威德」
969acc4d-fc0c-4cf1-865e-e54e49cdcf59,新北市私立邱吉爾幼兒園,私立,八里區,ChIJaxEMtVSkQjQRct48c6fkJjI,邱吉爾幼兒園,249台灣新北市八里區舊城里中華路二段520號,,,Google 名稱含可辨識名稱
96c2d902-4819-43a2-91d8-1d6b008503c9,新北市私立三暉幼兒園,私立,永和區,ChIJ3e3Yje-pQjQRcSDIo1MftoE,新北市私立三暉幼兒園,234台灣新北市永和區秀和里永亨路115巷2號,,,Google 名稱含可辨識名稱
96ef36d1-1015-49bc-a314-3d06d6fb477d,新北市私立文聖幼兒園,私立,板橋區,ChIJg7zcb0GoQjQRYULmpQ-zjKs,新北市板橋區文聖幼兒園,220台灣新北市板橋區柏翠里雙十路三段10巷1弄8號,,,Google 名稱含可辨識名稱
97320624-d2b0-489c-93c0-9f74f783af46,新北市私立金吉邇幼兒園,私立,三重區,ChIJd_-wYZypQjQRchJc-1L5Aaw,金吉邇幼兒園,241台灣新北市三重區田心里洛陽街55巷14號,,,Google 名稱含可辨識名稱
97521d7f-b4cc-4e19-967e-3220c1efecb7,新北市明德非營利幼兒園（委託社團法人中華幼兒創造思考教育學會辦理）,非營利,土城區,ChIJeekwf9EDaDQRpk6I-HDeq3c,新北市明德非營利幼兒園(委託社團法人中華幼兒創造思考教育學會辦理),236台灣新北市土城區柑林里學士路153號1樓,,,Google 名稱含可辨識名稱
97526871-ce13-4729-98e3-82bda0879a13,新北市私立啟蒙幼兒園,私立,淡水區,ChIJEZ120lClQjQRmB1A-xYgsHk,新北市私立啟蒙幼兒園,"1樓, No. 2號新生街90巷協元里淡水區新北市台灣 251",,,Google 名稱含可辨識名稱
975681c7-8722-4a31-b2c9-4743f6bf7f32,新北市私立幼幼立大幼兒園,私立,新店區,ChIJvfsczuQBaDQRvDrWdMMPKbg,幼幼立大幼兒園,231台灣新北市新店區北新路二段29巷1弄1號,,,Google 名稱含可辨識名稱
976c7cac-419b-4c33-b769-98293026f935,新北市私立威爾斯幼兒園,私立,五股區,ChIJ7do_whumQjQR2wLVkLAtgvQ,威爾斯幼兒園,248台灣新北市五股區五股里中興路四段48巷15號2樓,,,Google 名稱含可辨識名稱
978a3cb0-1b4b-48f1-9083-8a4a8173511e,財團法人天主教新北市私立育新幼兒園,私立,新店區,,,,,,Google 回傳 1 筆但名稱皆不含「天主教育新」
9887b59a-62b4-4a74-9a0d-a07ec117edba,新北市私立喬治亞幼兒園,私立,板橋區,ChIJj6cp_D6oQjQRJixKmPdklCQ,新北市私立喬治亞幼兒園,220台灣新北市板橋區華翠里莒光路137號,,,Google 名稱含可辨識名稱
98dd921a-95e8-45dd-b69b-64361caa7599,新北市新樂非營利幼兒園(委託財團法人三之三生命教育基金會辦理),非營利,新莊區,ChIJ849ZgqypQjQRkOhVntJrPRk,新北市新樂非營利幼兒園,242台灣新北市新莊區立德里中華路一段75號,,,Google 名稱含可辨識名稱
992b473e-f9ea-440b-a981-a4ff6165edb9,新北市私立幼學館幼兒園,私立,永和區,ChIJgzWV0-apQjQRpOE77Hhv-0c,幼學館幼兒園,234台灣新北市永和區潭安里中正路259號,,,Google 名稱含可辨識名稱
993ca2d5-e46e-4567-ae61-5cd46bcff397,新北市私立安馨新店幼兒園,私立,新店區,,,,,,Google 回傳 1 筆但名稱皆不含「安馨新店」
99543d81-20b2-4756-bcab-dba1b5131588,新北市私立育勝幼兒園,私立,新莊區,,,,,,Google 回傳 17 筆但名稱皆不含「育勝」
9964b703-c847-4041-aa17-2066a070634c,新北市三多非營利幼兒園(委託社團法人中華巧耕多元教育發展協會辦理),非營利,樹林區,ChIJD3AYLZ0daDQRk4uS8KFXD50,新北市三多非營利幼兒園(委託中華巧耕教育發展協會辦理),238台灣新北市樹林區獇寮里三多路101號,,,Google 名稱含可辨識名稱
99895adf-5e90-485c-b7f9-9e16a389cf08,新北市私立布朗尼幼兒園,私立,中和區,ChIJbflG-nkCaDQRxHiTQVRsPdM,布朗尼幼兒園,235台灣新北市中和區和興里中正路31號,,,Google 名稱含可辨識名稱
99adf680-7739-4bcc-a767-74368cd98934,新北市私立溫德爾幼兒園,私立,五股區,ChIJaRMl3yKmQjQRrbYHhlDuK-E,新北市私立溫德爾幼兒園,248台灣新北市五股區德音里成泰路一段132號,,,Google 名稱含可辨識名稱
9a4b7bf1-e63c-44cd-8dca-b0c97ddf748d,新北市立土城幼兒園大頂埔分班,公立,土城區,,,,,,Google 回傳 1 筆但名稱皆不含「立土城大頂埔分班」
9a9fb5a5-451f-42ea-ba87-4aebad5d5aaa,新北市立老梅實驗小學附設幼兒園,公立,石門區,ChIJhReWttO1QjQRkoltDDk4nVQ,新北市立老梅實驗小學,253台灣新北市石門區老梅里老梅路10號,,,Google 名稱含可辨識名稱
9ab572f1-6f45-497d-b001-757a59047aed,財團法人華山愛德教育基金會附設新北市私立林口愛德幼兒園,私立,林口區,,,,,,Google 回傳 1 筆但名稱皆不含「華山愛德教育林口愛德」
9ad2058a-ffcc-402c-83b8-2b60dc44db49,新北市私立凱思莉幼兒園,私立,板橋區,ChIJ05jKSUaoQjQRVHjE-vWHMxU,凱思莉幼兒園,220台灣新北市板橋區文聖里文聖街137號,,,Google 名稱含可辨識名稱
9b06fe0f-4849-47fa-92c6-4abce102cfe3,新北市私立天藍幼兒園,私立,板橋區,ChIJGdNc4_-nQjQRGbe12-bPOWs,私立天藍幼稚園,220台灣新北市板橋區華中里僑中一街124巷3弄16號,,,Google 名稱含可辨識名稱
9b381e64-ea03-42cb-8474-cc5f4b068a1d,新北市私立傑出幼兒園,私立,新莊區,ChIJ_azv8ouoQjQREdeF1d61_Kg,傑出幼兒園,242台灣新北市新莊區頭前里中原東路50號,,,Google 名稱含可辨識名稱
9b406d28-e3e4-4ba8-a7ea-1fda96744306,新北市私立喬幼光明幼兒園,私立,板橋區,ChIJMQizH6QCaDQRqlOlSR9h3OY,喬幼光明幼兒園,220台灣新北市板橋區福星里光明街68號,,,Google 名稱含可辨識名稱
9b6342d9-1181-4c56-afa1-20e0510c56ce,新北市私立蓮育幼兒園,私立,新莊區,ChIJPZuKMOKnQjQRJrHI5CBELCY,新北市私立蓮育幼兒園,242台灣新莊區瓊林里瓊林路瓊英巷7號,,,Google 名稱含可辨識名稱
9b63fcbd-59aa-4441-beba-a2d5343a8318,新北市新店區中正國民小學附設幼兒園,公立,新店區,,,,,,Google 回傳 1 筆但名稱皆不含「新店區中正國民小學」
9b8a0797-8e2c-4006-82cb-e9228472f969,新北市平溪區十分國民小學附設幼兒園,公立,平溪區,ChIJfWFJvuhQXTQROZWaRobkFoE,新北市平溪區十分國民小學,226台灣新北市平溪區十分里十分街157號,,,Google 名稱含可辨識名稱
9c4bf503-e512-44f7-ad36-bf7a17003ffa,新北市私立全能愛彌兒板橋幼兒園永豐分班,私立,板橋區,,,,,,Google 回傳 1 筆但名稱皆不含「全能愛彌兒板橋永豐分班」
9c99d6ee-31c4-472c-bdd4-14549f8f6103,新北市私立實踐幼兒園,私立,中和區,ChIJhYnFZtSpQjQR5rU2v7AZpaw,新北市私立實踐幼兒園,235台灣新北市中和區福真里中山路二段312巷45弄13號,,,Google 名稱含可辨識名稱
9cbdf581-4c71-4ce1-8dd0-b72e1585dba8,新北市私立健群幼兒園,私立,新莊區,ChIJw6ceKYqnQjQRFnpEBXLqT5o,健群幼兒園,242台灣新北市新莊區龍鳳里龍安路80號,,,Google 名稱含可辨識名稱
9d0ccc0e-0cb2-4097-aadd-923ae85612a4,新北市私立新華園幼兒園,私立,土城區,ChIJ_yiLyMACaDQRTfqf1D3YM_0,新北市私立新華園幼兒園,236台灣新北市土城區永豐里清水路267號,,,Google 名稱含可辨識名稱
9d2a2dee-6862-4e36-a861-0ad9d46c3760,新北市私立和智幼兒園,私立,新莊區,ChIJX7YKDYeoQjQRFcvAb2wemL4,新北市私立和智幼兒園-準公共幼兒園,242台灣新北市新莊區昌平里昌平街71巷20號1樓,,,Google 名稱含可辨識名稱
9d2b781b-5aec-4c91-9ad7-e74cd22286b0,新北市淡水區坪頂國民小學附設幼兒園,公立,淡水區,ChIJ8Q4pcvKvQjQRvVzSntNcqQU,新北市淡水區坪頂國民小學,251台灣新北市淡水區坪頂里坪頂路757號,,,Google 名稱含可辨識名稱
9db381ed-39f5-4ddf-8c72-ee00135d7a6e,新北市立漳和國民中學附設幼兒園,公立,中和區,ChIJnVvzfdmpQjQRnoXKn6MhTvY,新北市立漳和國民中學,235台灣新北市中和區枋寮里廣福路39號,,,Google 名稱含可辨識名稱
9dbd6bb2-3657-4c92-9ab8-c7d0e5b3774c,新北市私立恩佑幼兒園,私立,汐止區,ChIJ3-v_U41TXTQRA_pugMLP3so,新北市私立恩佑幼兒園,221026台灣新北市汐止區大同路二段196號3樓,,,Google 名稱含可辨識名稱
9e0779be-6ca8-4951-b4c1-1988ad031f2d,新北市立青山國民中小學附設幼兒園,公立,汐止區,ChIJNZXbJGlTXTQRffnhVFi_gPk,新北市立青山國民中小學,221台灣新北市汐止區自強里莊敬街33號,,,Google 名稱含可辨識名稱
9e923ae1-15ce-4114-88bd-e7514891d3d2,新北市私立來得幼兒園,私立,蘆洲區,ChIJucavV8yoQjQRXEMD1IPk12E,來得幼兒園,247台灣新北市蘆洲區鷺江里民權路38巷7號,,,Google 名稱含可辨識名稱
9eb02385-0735-4ac3-bdb7-1a3cd5cc249f,新北市私立宇和幼兒園,私立,三重區,,,,,,Google 回傳 1 筆但名稱皆不含「宇和」
9ec62de3-e71d-4298-ba3e-76d67d6a3edf,新北市土城區樂利國民小學附設幼兒園,公立,土城區,,,,,,Google 回傳 1 筆但名稱皆不含「土城區樂利國民小學」
9edd9f64-dd47-4c5c-90db-77aebc082427,新北市私立立仁幼兒園,私立,土城區,ChIJTV_koMsCaDQR_vKKIY1cCmM,私立立仁幼稚園,236台灣新北市土城區裕生里樂利街5號,,,Google 名稱含可辨識名稱
9ef530da-7a7a-4f30-a4dd-8bdf215d91ee,新北市私立莘莘幼兒園,私立,新店區,ChIJV6oxA_YBaDQR38MYKpDE4Tw,莘莘幼兒園,231台灣新北市新店區建國里中正路284巷4弄3號,,,Google 名稱含可辨識名稱
9f18a0e4-12e2-43f8-a74d-122ac44dfb90,新北市立新店幼兒園,公立,新店區,ChIJzzkzLfYBaDQRV8tSBbqvOQw,新北市立新店幼兒園,231台灣新北市新店區新和里新和街109號,,,Google 名稱含可辨識名稱
9f1aa196-4552-4f73-84b9-a30719c6e287,新北市淡水區中泰國民小學附設幼兒園,公立,淡水區,,,,,,Google 回傳 1 筆但名稱皆不含「淡水區中泰國民小學」
9f58da60-f141-45f1-be49-5ccf7ac691e6,新北市淡水區屯山國民小學附設幼兒園,公立,淡水區,ChIJ-eTsHZqwQjQRPmwOCc3JmfU,新北市淡水區屯山國民小學,251台灣新北市淡水區屯山里淡金路五段111號,,,Google 名稱含可辨識名稱
9f8530cf-5b75-4e21-bd38-7f5ca275ef36,新北市私立敦品幼兒園,私立,三芝區,ChIJd43NOdK2QjQRmN7BcG4LM_4,敦品幼兒園,252台灣新北市三芝區埔頭里中山路一段39號,,,Google 名稱含可辨識名稱
9fc7e4ca-96c3-4a6b-8827-1a733573cc4e,新北市育平非營利幼兒園（委託財團法人彭婉如文教基金會辦理）,非營利,永和區,ChIJi5MrwPepQjQRIit2-s66FQg,新北市育平非營利幼兒園,234台灣新北市永和區保安里保生路25號,,,Google 名稱含可辨識名稱
9ff66df9-136b-4249-9857-e96e902d972f,財團法人天主教會台北教區附設新北市私立恆毅幼兒園,私立,新莊區,,,,,,Google 回傳 1 筆但名稱皆不含「天主教會台北教區恆毅」
a00e6e51-2d7a-4fa8-872e-7bea21716a17,新北市私立富群幼兒園,私立,三重區,,,,,,Google 回傳 2 筆但名稱皆不含「富群」
a0541100-35f1-45bc-9070-5664f75b2f87,新北市立金山幼兒園,公立,金山區,ChIJH2okAlZLXTQRM57Cvbo2L-0,新北市立金山幼兒園,208台灣新北市金山區美田里中正路134號,,,Google 名稱含可辨識名稱
a0724e56-a9fc-4f10-88f8-3ca4b2d2e0e1,新北市土城區頂埔國民小學附設幼兒園,公立,土城區,ChIJEbgA2uwcaDQRVRFYf7reFqM,新北市土城區頂埔國民小學,236台灣新北市土城區頂福里中央路四段205號,,,Google 名稱含可辨識名稱
a07a496e-ee97-4a5d-8b66-7062910f3dce,新北市立林口幼兒園,公立,林口區,ChIJrfXBlPemQjQR4nTFMO__Fx8,新北市立林口幼兒園,244台灣新北市林口區麗園里文化一路一段142號,,,Google 名稱含可辨識名稱
a0b41cf3-101a-444b-a8f2-033b51b9b09a,新北市立鶯歌幼兒園,公立,鶯歌區,ChIJcQrfeKIeaDQRiF9xmy2U4IE,新北市立鶯歌幼兒園,239台灣台灣省鶯歌區中湖里大湖路336號,,,Google 名稱含可辨識名稱
a0be67b7-fbf1-4bbb-9dea-2878f0d84717,新北市私立青子園幼兒園,私立,八里區,ChIJ80uF41SkQjQRCpxfFFWj37s,青子園幼兒園,249台灣新北市八里區訊塘里中山路二段466巷23號,,,Google 名稱含可辨識名稱
a0dd20b0-5ed2-48a8-b921-b30be4b616f4,新北市私立永愛幼兒園,私立,中和區,ChIJv7aIgdPVDRQROgi11lS43Ig,永愛幼兒園,235台灣新北市中和區秀義里秀朗路三段114號,,,Google 名稱含可辨識名稱
a1600a00-7cdc-4b50-a536-c13d032768fe,新北市私立山姆幼兒園,私立,鶯歌區,ChIJifP_4KkeaDQRjjvHij7VIhk,山姆幼兒園,239台灣新北市鶯歌區中鶯里仁愛路66號,,,Google 名稱含可辨識名稱
a162b516-dc65-4cd1-8457-4d4932302087,新北市私立快樂佳園幼兒園,私立,蘆洲區,ChIJz_hVzcqoQjQRkbEsPqEDSoY,快樂佳園幼兒園,247台灣新北市蘆洲區水湳里民族路375號,,,Google 名稱含可辨識名稱
a167cb32-4b51-4907-a16a-541838665ea8,新北市私立宏幼幼兒園,私立,永和區,ChIJfW7q1-2pQjQRQn-qHf9e6-c,宏幼幼兒園,234台灣新北市永和區福林里豫溪街160巷3號,,,Google 名稱含可辨識名稱
a20f2153-7288-4c8d-8ec0-4422e524685a,新北市私立博智幼兒園,私立,樹林區,ChIJ1YDExBsdaDQRDcOjKlv-CgQ,博智幼兒園,238台灣新北市樹林區東陽里鎮前街367巷5號,,,Google 名稱含可辨識名稱
a2515870-54f6-4c34-9604-ebd44126965a,新北市私立大愛幼兒園,私立,汐止區,ChIJL43qXU5TXTQRZtM49J2tY8k,大愛幼兒園,221台灣新北市汐止區福德里福德一路213巷29號,,,Google 名稱含可辨識名稱
a2cbea3d-f7d2-4ce6-86f5-1a8ab0272dcc,新北市私立今人園幼兒園,私立,蘆洲區,ChIJjZFsVMyoQjQR2hma6eP3JS8,今人園幼兒園,247台灣新北市蘆洲區鷺江里民權路38巷18號,,,Google 名稱含可辨識名稱
a2f55b05-29a6-429c-86e4-c6d0d7d386b7,新北市私立成德菁英幼兒園,私立,新莊區,ChIJB1CfqfanQjQRZoGOsuhXk9c,新北市私立成德菁英幼兒園,242台灣新北市新莊區民本里民安東路48號,,,Google 名稱含可辨識名稱
a3008be4-54d5-4880-b84c-0da5fc8209ac,新北市鶯歌區中湖國民小學附設幼兒園,公立,鶯歌區,ChIJs3fg0pgeaDQR3f6W_ZConu8,新北市鶯歌區中湖國民小學,239台灣新北市鶯歌區中湖里中湖街25號,,,Google 名稱含可辨識名稱
a33d7769-25d9-41a2-affb-dbcad3bdd3a9,新北市私立茱莉亞園幼兒園,私立,三重區,ChIJn4j_Z-eoQjQRbnww6qv6T9k,私立茱莉亞園幼兒園,241台灣新北市三重區田中里三民街175巷25號,,,Google 名稱含可辨識名稱
a3bece0f-4547-4e4f-a5e6-09ddc28ae480,新北市私立唯寶幼兒園,私立,淡水區,ChIJhWQ38zWlQjQRikn_aN_tPBw,新北市私立唯寶幼兒園,251台灣新北市淡水區大庄里沙崙路131巷11號,,,Google 名稱含可辨識名稱
a3db23ce-e4a8-4e90-8e7a-40c98a9eab82,新北市林口區林口國民小學附設幼兒園,公立,林口區,,,,,,Google 回傳 1 筆但名稱皆不含「林口區林口國民小學」
a3ec15ec-696c-44e0-a3a7-5bd00f9367d0,新北市昌平非營利幼兒園（委託財團法人三之三生命教育基金會辦理）,非營利,新莊區,ChIJvRr5ZoaoQjQRvUnWwTguUWI,新北市昌平非營利幼兒園（委託財團法人三之三生命教育基金會辦理）,24251台灣新北市新莊區昌平里昌平街200號,,,Google 名稱含可辨識名稱
a434044b-6608-47d8-a3bd-85a88f9500c6,新北市私立艾瑞克幼兒園,私立,永和區,ChIJez1C1-OpQjQRbMjdIOEdsvw,新北市私立艾瑞克幼兒園,234台灣永和區民權里民權路37號,,,Google 名稱含可辨識名稱
a4e0bbee-429b-4dd5-b897-6cfff6494322,新北市立三芝幼兒園,公立,三芝區,ChIJkT1qk822QjQRTNh78VP8nhM,新北市立三芝幼兒園,252台灣新北市三芝區埔坪里民生街31號2樓,,,Google 名稱含可辨識名稱
a5032de3-5c9c-4917-b7c0-3b829aa1bd0b,新北市立中和幼兒園,公立,中和區,ChIJxfm16tepQjQR7pj5R1tEkNc,市立中和國小附設幼兒園,235台灣新北市中和區漳和里中和路100號,,,Google 名稱含可辨識名稱
a56dbe90-d0b5-42fd-964d-ce5f7629fad0,新北市私立小百科幼兒園,私立,五股區,ChIJfUAY8FSvQjQRc8FrE9WdC_4,小百科幼兒園,248台灣新北市五股區成州里西雲路249號,,,Google 名稱含可辨識名稱
a5b9dd5c-6f8d-4fad-98ae-6c8bb5ab3a42,新北市私立雅森幼兒園,私立,板橋區,ChIJB0Zv6ROoQjQR54uS40Km58k,新北市私立雅森托兒所,220台灣新北市板橋區新翠里英士路37號,,,Google 名稱含可辨識名稱
a5e0ee45-b08c-455e-85a0-090eadbbd883,新北市昌福非營利幼兒園(委託中華民國文教產業發展暨補習服務品保協會辦理),非營利,鶯歌區,ChIJdwEXybMeaDQR0jR6FP-NJrw,新北市昌福非營利幼兒園（委託明新學校財團法人明新科技大學辦理),239台灣新北市鶯歌區永昌里永明街22號,,,Google 名稱含可辨識名稱
a6ab66ea-8bbc-49f6-84e9-ff3f7cfa79c1,新北市私立來來幼兒園,私立,三重區,ChIJoWp3tuaoQjQRY-aTfLygUzU,來來幼兒園,241台灣新北市三重區田安里新北大道一段100巷15號1樓,,,Google 名稱含可辨識名稱
a6feb4b1-ac6d-494e-9a1e-bb13132750f9,新北市私立快樂小熊幼兒園,私立,淡水區,ChIJr6sSB1WlQjQRvY9pLIKfE38,新北市私立快樂小熊幼兒園,251台灣新北市淡水區新興里中山北路一段247巷54號號 1 樓,,,Google 名稱含可辨識名稱
a7227cb6-db3d-4ed4-815a-28f1e6e87c0d,新北市私立國花幼兒園,私立,淡水區,ChIJ90vot1alQjQRTFbwCHBZhP8,國花幼兒園,251台灣新北市淡水區新義里新生街51巷31弄5號,,,Google 名稱含可辨識名稱
a7bf3887-0892-4aad-8e84-da9137dde0f5,新北市私立陽光幼兒園,私立,八里區,ChIJ4X9qAAClQjQR1vDgdY-9BdQ,私立陽光幼兒園,249台灣新北市八里區大崁里文心街112號,,,Google 名稱含可辨識名稱
a803921d-c054-48fb-ac6f-d5b389de49ac,新北市三重區光榮國民小學附設幼兒園,公立,三重區,ChIJmbIQWyKpQjQRnc-XpvQ1u-4,新北市三重區光榮國民小學附設幼兒園,241台灣新北市三重區奕壽里介壽路32號,,,Google 名稱含可辨識名稱
a833e4db-3d45-4d91-aca1-604ec013cc5b,新北市私立宥寶幼兒園,私立,三重區,ChIJlY2KIduoQjQRMhmBXS9gO7E,宥寶幼兒園,241台灣新北市三重區永豐里下竹圍街93巷3號,,,Google 名稱含可辨識名稱
a8d91a0c-c34b-4705-84b4-ea6110f1545b,新北市立中和國民中學附設幼兒園,公立,中和區,,,,,,Google 回傳 2 筆但名稱皆不含「立中和國民中學」
a9072f2f-c817-4bc2-95d9-ef4297f66f44,新北市私立紅樹林幼兒園,私立,淡水區,ChIJBcxa_pKvQjQREyYV4rt3dU0,紅樹林幼兒園,251台灣新北市淡水區八勢里中正東路二段7號,,,Google 名稱含可辨識名稱
a9fd6811-c11c-4501-9255-dea9a26e0ca3,新北市私立意秋幼兒園,私立,新莊區,ChIJLZivoe-nQjQR4_EhGhdqfDA,意秋幼兒園,242台灣新北市新莊區福營里後港一路192號,,,Google 名稱含可辨識名稱
aa01e25d-c02b-45ee-823a-97a6450cdf59,新北市私立布查花園幼兒園,私立,板橋區,ChIJc9yygWYdaDQRf-fEiQReSdo,新北市私立布查花園幼兒園,220台灣新北市板橋區福安里樂群路38號,,,Google 名稱含可辨識名稱
aa26a6b0-ccdd-4c86-8597-3b9e4fb31002,新北市私立朝陽幼兒園,私立,三峽區,ChIJt1dACfQbaDQRsgdwM-UNvOc,朝陽幼兒園,237台灣新北市三峽區永舘里復興路132巷7號,,,Google 名稱含可辨識名稱
aac8b700-9c27-4c1d-bd3b-220cb12142d7,新北市私立加州森林國際幼兒園,私立,三重區,ChIJKYwqDMCvQjQRQ4Fr5miLv0s,加州森林國際幼兒園,241台灣新北市三重區富貴里三信路100號,,,Google 名稱含可辨識名稱
ab054663-8c71-445a-a53f-2667fa972857,新北市立自強國民中學附設幼兒園,公立,中和區,ChIJid3_P5kCaDQR4AtRjT-p4PA,新北市立自強國民中學,235台灣新北市中和區明穗里莒光路191號,,,Google 名稱含可辨識名稱
ab216151-8d81-40d8-ac15-36a3e01b7c36,新北市私立重愛幼兒園,私立,三重區,ChIJi30ZxgKpQjQRVrL-lWqm84Y,新北市私立重愛托兒所,241台灣新北市三重區田中里忠孝路三段40巷1-1號,,,Google 名稱含可辨識名稱
ab55e11b-43e7-480d-98a7-5f70aad1fde6,新北市新店區青潭國民小學附設幼兒園,公立,新店區,ChIJe4E5SZoBaDQR5TeM_vDg_xw,新北市新店區青潭國民小學,231台灣新北市新店區美潭里北宜路二段80號,,,Google 名稱含可辨識名稱
ab565c30-40ae-4791-b29b-e09b1cd6ebad,新北市樹林區山佳國民小學附設幼兒園,公立,樹林區,ChIJK8fvIv8caDQRuSrP_8Kjydk,新北市樹林區山佳國民小學,238台灣新北市樹林區山佳里中山路三段5號,,,Google 名稱含可辨識名稱
ab77f820-8816-4b86-b0f4-88f8843c7c4b,新北市私立民安幼兒園,私立,新莊區,ChIJLQiEkPWnQjQRsA9ug7psFUs,新北市私立何嘉仁民安幼兒園,242台灣新北市新莊區光正里民安西路137號,,,Google 名稱含可辨識名稱
aba0e090-999a-42cc-a583-036813dd5f67,新北市私立愛心園幼兒園,私立,蘆洲區,ChIJByK8sn6pQjQRiFG1G0oc1Ck,愛心園幼兒園,247台灣新北市蘆洲區長安里長安街193巷12號,,,Google 名稱含可辨識名稱
abc2ed9a-45f0-4ce2-bfff-45541c15b7f1,新北市私立佳呈幼兒園,私立,林口區,ChIJI20-7-mmQjQR8-bxtA_8yIM,佳呈幼兒園,244台灣新北市林口區湖南里文化三路二段257號,,,Google 名稱含可辨識名稱
abe7af7f-710a-46d5-9e5b-bf7b21d1aaf8,新北市私立溫斯頓幼兒園,私立,淡水區,ChIJt18fWnavQjQRKQRS3UHMkR0,私立溫斯頓幼兒園,251台灣新北市淡水區民權里民權路187巷40號,,,Google 名稱含可辨識名稱
ac37636e-d1ee-49f9-8938-20d4ed688cbf,新北市私立喬心幼兒園,私立,板橋區,ChIJf3r--BGoQjQR51rIzByGpIE,喬幼國際幼兒學校(喬心幼兒園),220台灣新北市板橋區德翠里龍泉街55巷38弄2號,,,Google 名稱含可辨識名稱
ac908dec-32c2-4722-a931-aeabe4434509,新北市私立荳荳幼兒園,私立,永和區,ChIJJ5biDeSpQjQRMPHxWhIbFDs,荳荳幼兒園,234台灣新北市永和區永元里得和路249之1號,,,Google 名稱含可辨識名稱
ad3ca5e6-3294-4cae-a0b5-3d4a296b7442,新北市土城區安和國民小學附設幼兒園,公立,土城區,ChIJpS25_L4CaDQRB7pxJSh0zhY,新北市土城區安和國民小學,236台灣新北市土城區延和里延和路23號,,,Google 名稱含可辨識名稱
ad4298ab-33b9-4409-bb5b-cc792f78be06,新北市私立巧可麗巧新幼兒園,私立,中和區,,,,,,Google 回傳 2 筆但名稱皆不含「巧可麗巧新」
ad72ba24-d6e8-4e65-9caa-20af556811b9,新北市立板橋幼兒園新民分班,公立,板橋區,,,,,,Google 回傳 1 筆但名稱皆不含「立板橋新民分班」
ad7ef1f5-4986-433f-a971-597e7a8c29aa,新北市私立宏仁幼兒園,私立,新莊區,ChIJf73U43eoQjQR1vXZJxtYu-I,新莊宏仁幼兒園,242台灣新北市新莊區立功里中平路6巷42號,,,Google 名稱含可辨識名稱
adc0bbb7-2e90-4530-83c6-5fc02c78c8aa,新北市私立生活村幼兒園,私立,板橋區,,,,,,Google 回傳 1 筆但名稱皆不含「生活村」
adc87eda-8ed6-4bc1-b2a0-c8681da3897e,新北市私立成真幼兒園,私立,中和區,ChIJsa4bSHkCaDQRhbxEdwQZmqs,新北市私立成真幼兒園,235台灣新北市中和區力行里圓通路160號,,,Google 名稱含可辨識名稱
ade1b418-6c83-4297-b891-cede62e820af,新北市私立超級小太陽幼兒園,私立,新莊區,ChIJCVi8xI6nQjQRAhsIJBOs9XY,超級小太陽幼兒園,242台灣新北市新莊區雙鳳里天泉二街22巷1號,,,Google 名稱含可辨識名稱
ae2bbc0f-aa1e-4b89-b914-f20fd504ac9c,新北市私立貝爾花園幼兒園,私立,林口區,,,,,,Google 回傳 3 筆但名稱皆不含「貝爾花園」
ae2dd979-5b7b-4ac8-9a53-4fa82c4f261d,新北市私立璦俐兒幼兒園,私立,三峽區,ChIJmQh-gwocaDQRMMLEO3vkBD0,璦俐兒托嬰中心,237台灣新北市三峽區大學路89號91號,,,Google 名稱含可辨識名稱
ae3830b7-1c71-4e21-a4a2-f9d667873594,新北市私立福華幼兒園,私立,新莊區,ChIJE0llKHqoQjQRZ5DOpvdhl_w,私立福華幼兒園,242台灣新北市新莊區中和里德豐街1號,,,Google 名稱含可辨識名稱
ae5f88e5-6c2f-450f-87cc-da25dee305a6,新北市私立奇士華幼兒園,私立,土城區,ChIJ99ZQ-sQCaDQRQHL4Lccta78,奇士華幼兒園,236台灣新北市土城區清水里青仁路31號,,,Google 名稱含可辨識名稱
af8bbbfc-2c48-414c-b4f0-95daf37cad7c,新北市私立幼森幼兒園,私立,永和區,ChIJ8W0HmYGpQjQRVQhBwzW0ZjI,幼森幼兒園,234台灣新北市永和區永和路一段18巷2號1樓,,,Google 名稱含可辨識名稱
afaa15e7-3a45-442f-9365-b5f4f603aaa9,新北市私立幼親國際幼兒園,私立,三芝區,ChIJa4N3MNK2QjQRMmj2Oxf2Ad0,私立幼親國際幼兒園,252台灣新北市三芝區埔頭里公正街34號,,,Google 名稱含可辨識名稱
afc5cb83-ded9-4a88-a026-a77b70c2d74d,新北市私立中冠幼兒園,私立,蘆洲區,,,,,,Google 回傳 20 筆但名稱皆不含「中冠」
b0100f5c-fd88-4f05-991b-80cfd2d63bde,新北市私立寧馨園幼兒園,私立,新莊區,ChIJ_9hnx_WnQjQRT44oA_dM-S0,寧馨園幼兒園,242台灣新北市新莊區民有里龍安路517號,,,Google 名稱含可辨識名稱
b06d9bdc-e40b-4150-8f84-5f76f984380e,新北市私立唯爾幼兒園,私立,汐止區,ChIJtRGrTExTXTQRFrL4W-2r4Zc,唯爾幼兒園,221台灣新北市汐止區中興里福德二路106號,,,Google 名稱含可辨識名稱
b07cf511-19e1-4791-bc6e-3ece1bda6b0f,新北市私立安迪芬幼兒園,私立,永和區,ChIJC9fJAcKpQjQRkGB4yU_4VLA,私立安迪芬幼兒園,"1樓 No, No. 1號信義路17巷9弄信義里永和區新北市台灣 234",,,Google 名稱含可辨識名稱
b0840436-dced-4689-8fc2-c1bd08bbe90e,新北市私立維多莉爾南天母幼兒園,私立,土城區,ChIJe2Y6qjMDaDQRx5aqqbjb8Qg,維多莉爾南天母幼兒園,236台灣新北市土城區大安里南天母路111巷10號,,,Google 名稱含可辨識名稱
b09b7ba5-49bb-49fc-bea3-042d340540a3,新北市私立華德幼兒園,私立,土城區,ChIJ11rm4SwdaDQR4eoVy_9oqhg,華德幼兒園,236台灣新北市土城區員林里員林街59號,,,Google 名稱含可辨識名稱
b0b589d0-cce8-4280-bc19-82b3a2a8edf9,新北市私立小樹苗幼兒園,私立,三峽區,ChIJFXa-nPMbaDQRm3opEX317MU,新北市私立小樹苗幼兒園,237台灣新北市三峽區永舘里復興路80巷14弄1號,,,Google 名稱含可辨識名稱
b0b6491d-d360-45a1-bf69-e3568c9450c0,新北市私立忠合幼兒園,私立,中和區,ChIJjf0TBeOpQjQRnteA28bbrZM,新北市私立忠合幼兒園,235台灣新北市中和區秀福里秀朗路三段10巷14弄110號,,,Google 名稱含可辨識名稱
b0c19f69-21a1-45e5-99fc-1b70e49085a5,新北市私立新雙成幼兒園,私立,板橋區,ChIJTeLS4DioQjQRPvTXOFJYOKM,新雙成 幼兒才藝學校,220台灣新北市板橋區永安里萬板路190號,,,Google 名稱含可辨識名稱
b0e697a7-b077-4d2e-a37a-982762dae166,新北市立淡水幼兒園福德分班,公立,淡水區,,,,,,Google 回傳 2 筆但名稱皆不含「立淡水福德分班」
b120943d-ab65-4d63-a48c-9fd5df6f9625,新北市私立心耶魯幼兒園,私立,板橋區,ChIJyS56NEaoQjQRejJZkZKwgMo,心耶魯幼兒園,220台灣新北市板橋區文聖里文聖街149巷6號,,,Google 名稱含可辨識名稱
b12d0d0b-87b1-4f4f-b8ae-2f7d02264ffc,中華郵政公司樹林三多郵局職場互助教保服務中心(委託社團法人臺灣兒童教育發展協會辦理),私立,樹林區,,,,,,Google 回傳 5 筆但名稱皆不含「中華郵政公司樹林三多郵局職場互助」
b152708e-2d96-4883-b006-4dde4855a98e,新北市私立泉慧幼兒園,私立,蘆洲區,ChIJr6CL7NCpQjQRhxCm98HBWjc,泉慧雙語幼兒園,"No. 293, 長興路蘆洲區新北市台灣 247",,,Google 名稱含可辨識名稱
b15d6acb-5c8b-40a5-9a44-03c50203fa7f,新北市三重區碧華國民小學附設幼兒園,公立,三重區,ChIJGYO7PtWoQjQRHXnxuCwIfyE,新北市三重區碧華國民小學,241台灣新北市三重區富福里五華街160號,,,Google 名稱含可辨識名稱
b18735e6-e1d1-4625-8e87-c399b603feb8,新北市三峽區建安國民小學附設幼兒園,公立,三峽區,,,,,,Google 回傳 1 筆但名稱皆不含「三峽區建安國民小學」
b1aaa1d0-a24b-444e-b591-2f6a66fd0e2a,新北市汐止區白雲國民小學附設幼兒園,公立,汐止區,ChIJ2eMjWVCrQjQRvXsZX6resMg,新北市汐止區白雲國民小學,221台灣新北市汐止區福山里民權街二段90號,,,Google 名稱含可辨識名稱
b1b8300b-d701-4376-beb5-b71dbc647fe1,新北市立三峽幼兒園龍埔分班,公立,三峽區,,,,,,Google 回傳 1 筆但名稱皆不含「立三峽龍埔分班」
b1fc71e8-1e46-4743-87f6-7351827187e3,新北市私立科見板橋幼兒園,私立,板橋區,ChIJu8zuuB2oQjQRAjtMd70Jw-8,科見板橋幼兒園 KOJEN Preschool,220台灣新北市板橋區福丘里中山路一段69號2 樓,,,Google 名稱含可辨識名稱
b247a74f-8a8b-42cd-aa53-8869d955cbe9,新北市私立幸運草幼兒園,私立,蘆洲區,,,,,,Google 回傳 4 筆但名稱皆不含「幸運草」
b2cd6a35-dc95-4055-94fb-cc83c11ba651,育才學校財團法人新北市私立育才國民小學附設幼兒園,私立,永和區,,,,,,Google 回傳 1 筆但名稱皆不含「育才育才國民小學」
b2dfc870-6df3-45f0-84ab-765ef2d1d33e,新北市立泰山幼兒園,公立,泰山區,ChIJpdFgusunQjQRA6DJSd0y8KM,新北市立泰山幼兒園,243台灣新北市泰山區同榮里公園路52號,,,Google 名稱含可辨識名稱
b2ec8f37-54a6-4791-830b-3434d6b1ebfe,新北市私立多比幼兒園,私立,蘆洲區,ChIJOShQ9dGoQjQR5-hSTP9IoCA,新北市私立多比幼兒園,247台灣蘆洲區恆德里重陽街50號,,,Google 名稱含可辨識名稱
b37110b4-9813-4ff0-9133-1b613cac89a8,新北市樹林區文林國民小學附設幼兒園,公立,樹林區,,,,,,Google 回傳 1 筆但名稱皆不含「樹林區文林國民小學」
b3745023-72b7-44c4-89ef-a0fca6d5637a,新北市私立新乖乖幼兒園,私立,新店區,,,,,,Google 回傳 1 筆但名稱皆不含「新乖乖」
b469cebb-35a4-4dff-b993-79d8b5b17e39,新北市立五股幼兒園更新分班,公立,五股區,,,,,,Google 回傳 2 筆但名稱皆不含「立五股更新分班」
b47a63e0-21b8-4eb6-adac-fbab3541c438,新北市立安康高級中學附設幼兒園,公立,新店區,,,,,,Google 回傳 1 筆但名稱皆不含「立安康高級中學」
b4cfc3d1-8ebf-4b9c-98cd-5cb73ab8c714,新北市立中和幼兒園慈光分班,公立,中和區,,,,,,Google 回傳 1 筆但名稱皆不含「立中和慈光分班」
b51486a7-da59-49db-b90f-b10e79914e97,新北市私立貝吉堡幼兒園,私立,中和區,ChIJkfpHB4gCaDQRKWF8EzPT-Vk,貝吉堡幼兒園,235台灣新北市中和區錦中里錦和路203巷1號,,,Google 名稱含可辨識名稱
b58a8b05-52ac-42b2-9939-852a16ea2e8e,新北市立新店幼兒園碧潭分班,公立,新店區,,,,,,Google 回傳 2 筆但名稱皆不含「立新店碧潭分班」
b5f704ff-be54-46f9-96e9-48a471982478,新北市私立迴龍幼兒園,私立,樹林區,ChIJEX6KOGMdaDQRBxvR1dXqlMk,新北市私立迴龍幼兒園,238台灣新北市樹林區三龍里三俊街35號,,,Google 名稱含可辨識名稱
b60fdd07-6b86-47c2-ab12-bea0029b20ca,新北市汐止區北峰國民小學附設幼兒園,公立,汐止區,ChIJ41Ete1JTXTQRKXORGdz8DRc,新北市汐止區北峰國民小學,221台灣新北市汐止區中興里環河街1號,,,Google 名稱含可辨識名稱
b65c5296-9d07-4d0c-ac78-a351e34c42e2,新北市土城區清水國民小學附設幼兒園,公立,土城區,,,,,,Google 回傳 1 筆但名稱皆不含「土城區清水國民小學」
b6804254-ae3f-4b99-808e-3ca14d856f28,新北市三重區厚德國民小學附設幼兒園,公立,三重區,ChIJvdUR39ioQjQRBwwcKbJu4oI,新北市三重區厚德國民小學附幼,241台灣三重區立德里忠孝路一段70號,,,Google 名稱含可辨識名稱
b6a946ec-82c4-4825-a51f-bca6d96654e6,新北市私立茁壯園中和幼兒園,私立,中和區,ChIJC3sSfyCoQjQRfKrn_wFwbZg,新北市私立茁壯園中和幼兒園 蒙特梭利,235台灣新北市中和區民生里民生街8號,,,Google 名稱含可辨識名稱
b6e4fb47-798d-4b25-aa77-8e27088483f4,新北市私立頂埔幼兒園,私立,土城區,ChIJeWET-ewcaDQRZC81yHzu7YA,新北市私立頂埔幼兒園,236台灣台灣省土城區頂福里中州路24巷5號,,,Google 名稱含可辨識名稱
b73b224d-b0fc-4798-815e-5eb3277e5993,新北市私立林口愛丁堡幼兒園,私立,林口區,ChIJD_Q-tfqmQjQRve4slDChNDU,新北市私立林口愛丁堡幼兒園,244台灣新北市林口區西林里中興街30號,,,Google 名稱含可辨識名稱
b7e480b2-8345-4775-b44f-32a3ec85fb80,新北市板橋區文德國民小學附設幼兒園,公立,板橋區,ChIJGfwBvhGoQjQR2YwqJ864M6U,新北市板橋區文德國民小學,220台灣新北市板橋區幸福里英士路179號,,,Google 名稱含可辨識名稱
b80451d5-2b62-4fbb-8376-a25028d3c024,新北市私立新欣欣幼兒園,私立,三重區,ChIJj4QMs9WoQjQRD8GPOLpsOac,新北市私立新欣欣幼兒園,241台灣新北市三重區慈化里分子尾街111號,,,Google 名稱含可辨識名稱
b85b6cd0-aec9-4216-b7fc-bc530bf27ee4,新北市私立喬中幼兒園,私立,樹林區,ChIJvV1lhxYdaDQRDm0Pmh8jjVs,新北市私立喬中幼兒園,"2樓, No. 198號復興路樹西里樹林區新北市台灣 238",,,Google 名稱含可辨識名稱
b90942c3-e766-4f79-8976-c97bc90eafca,新北市私立喬大幼兒園,私立,三重區,ChIJv_DaPNyoQjQRuq-9UXraCmk,新北市私立喬大幼兒園,241台灣新北市三重區立德里力行路一段179巷10號,,,Google 名稱含可辨識名稱
b928d6b6-cd73-4005-aba4-bd36c40f7074,新北市淡水區育英國民小學附設幼兒園,公立,淡水區,,,,,,Google 回傳 1 筆但名稱皆不含「淡水區育英國民小學」
b98d8566-1e27-4237-b056-0f1d1a78be8b,新北市私立英勝幼兒園,私立,新莊區,ChIJ54W52IWoQjQRkZ7O5EEMz-w,吉的堡資優幼兒園新莊英勝分園-新莊區美語幼兒園｜雙語教學｜幼兒美語｜在地人氣幼兒園｜新莊幼兒園｜幼小銜接,242台灣新北市新莊區昌平里富貴路88號,,,Google 名稱含可辨識名稱
b9b3812d-0ced-4421-a2d4-88c1d3e5e04a,新北市私立休士頓幼兒園,私立,土城區,ChIJq7JM28MCaDQRAZoEpsKCLpQ,私立休士頓幼稚園 土城校,236台灣新北市土城區青山里明德路一段74號,,,Google 名稱含可辨識名稱
ba087a18-b29d-4815-99f3-196cd6d7fe78,新北市私立幼菁幼兒園,私立,板橋區,ChIJZ6qGvz6oQjQRwuMKddL_FHw,新北市私立幼菁幼兒園,220台灣新北市板橋區埤墘里莒光路196巷28號,,,Google 名稱含可辨識名稱
ba475758-c5eb-456a-93cb-2a680a3faccd,新北市私立新寶兒幼兒園,私立,汐止區,ChIJZ6kfpW5TXTQRYpMJsgt6FJc,新北市私立新寶兒托兒所,221台灣新北市汐止區自強里新興路83號,,,Google 名稱含可辨識名稱
ba7d7e03-b5cb-417b-93d5-2b3606bdd93f,新北市翠中非營利幼兒園(委託財團法人三之三生命教育基金會辦理),非營利,板橋區,ChIJ6_HcX6upQjQRqC2aHjibHwE,新北市翠中非營利幼兒園(委託財團法人三之三生命教育基金會辦理）,220台灣新北市板橋區文化里松江街63號,,,Google 名稱含可辨識名稱
bac2cfa0-0d60-4861-b935-d5ea5ce06d04,新北市立鶯歌國民中學附設幼兒園,公立,鶯歌區,ChIJQfKhMa0eaDQR0YRCzi6LBAU,新北市立鶯歌國民中學,239台灣新北市鶯歌區同慶里尖山埔路108號,,,Google 名稱含可辨識名稱
bb0ccca3-321f-4e69-a7a3-bff247177591,新北市私立艾蒙幼兒園,私立,中和區,ChIJ13_eGYgCaDQRL9P_zBSM_oQ,艾蒙幼兒園,235台灣新北市中和區錦中里圓通路290巷1號,,,Google 名稱含可辨識名稱
bb163950-e6d4-4e74-92c5-3f6d5ae9ed1e,新北市板橋區沙崙國民小學附設幼兒園,公立,板橋區,ChIJe7C3cjkdaDQRMrOYu7ziOfk,新北市板橋區沙崙國民小學,220台灣新北市板橋區溪北里篤行路二段132號,,,Google 名稱含可辨識名稱
bb3654a1-875d-4eba-89a0-3a77c5fcccf7,新北市私立恬馨幼兒園,私立,板橋區,ChIJeUqfRDgdaDQRQs6yrZ-lhq4,私立恬馨幼兒園&附設國小課後照顧班,220台灣新北市板橋區篤行路二段77巷5號,,,Google 名稱含可辨識名稱
bb78af99-a134-4549-816a-48760de84fb4,新北市汐止區秀峰國民小學附設幼兒園,公立,汐止區,ChIJN7QO7W1TXTQRm-mrWvI5z_c,新北市汐止區秀峰國民小學,22164台灣新北市汐止區秀山里仁愛路90號,,,Google 名稱含可辨識名稱
bb80c01b-b0c9-4225-bfaf-1ff10ad2b82c,新北市林口區南勢國民小學附設幼兒園,公立,林口區,ChIJd8aB8dWmQjQR8Wbz_eyatic,新北市林口區南勢國民小學,244台灣新北市林口區南勢里南勢五街2號,,,Google 名稱含可辨識名稱
bb9ce49e-428c-40b2-ada8-4a5c6798ce8e,新北市私立喬聖幼兒園,私立,新莊區,ChIJyQRWroeoQjQRDsDnPRrKdrA,私立喬聖幼兒園,242台灣新北市新莊區昌平里中原路135號,,,Google 名稱含可辨識名稱
bb9f08c8-4b5d-42f5-9d62-dd1a2e96cd9b,新北市私立心世紀幼兒園,私立,板橋區,ChIJdZud3kCoQjQRfXbB_22MRk0,心世紀幼兒園,"3樓, No. 213號雙十路二段忠翠里板橋區新北市台灣 220",,,Google 名稱含可辨識名稱
bbc215f7-a63a-413d-a3fb-8d6d08c89cfa,新北市私立惠文領袖幼兒園,私立,新莊區,ChIJif4BxvOnQjQRNrqLzI7BWjM,惠文領袖幼兒園,242台灣新北市新莊區建安里民安路207巷24號,,,Google 名稱含可辨識名稱
bbee8ed1-390e-4804-9929-64be44b38985,新北市立永和幼兒園福和分班,公立,永和區,,,,,,Google 回傳 1 筆但名稱皆不含「立永和福和分班」
bc0ac35c-44a5-42f4-8c4e-b1f810ee4201,新北市鷺江非營利幼兒園(委託財團法人彭婉如文教基金會辦理),非營利,蘆洲區,ChIJiXA9mbOoQjQReR7-hD8VssE,新北市鷺江非營利幼兒園(委託財團法人彭婉如文教基金會辦理),247台灣新北市蘆洲區正義里長樂路233巷235號1樓,,,Google 名稱含可辨識名稱
bc220eef-3c74-418e-82c4-b08d411f0637,新北市私立廣福幼兒園,私立,土城區,ChIJr2QjcLgCaDQRkkf7-jYWioo,廣福幼兒園,236台灣新北市土城區廣福里學府路一段5號,,,Google 名稱含可辨識名稱
bc407262-a175-4df5-aafc-1f8037299ab8,新北市私立富雅幼兒園,私立,樹林區,ChIJR-PwSlccaDQR93V-2_PeWvA,新北市私立富雅幼兒園,238台灣台灣省樹林區中山里地政街17號,,,Google 名稱含可辨識名稱
bc935f6f-712d-4912-bea9-2500b6e8751d,新北市貢寮區貢寮國民小學附設幼兒園,公立,貢寮區,ChIJ3esLhWRcXTQRfBplybxjOGM,新北市貢寮區貢寮國民小學,228台灣新北市貢寮區貢寮里學苑街7號,,,Google 名稱含可辨識名稱
bc99c54d-535b-4360-b62c-f613c273b7da,新北市私立優兒幼兒園,私立,板橋區,ChIJBxy71aACaDQRaarss37odQs,新北市私立優兒幼兒園,220台灣新北市板橋區後埔里成都街103號1樓,,,Google 名稱含可辨識名稱
bd024eb5-4ed3-48ef-9e63-8b743bb8f3e9,新北市私立徠安幼兒園,私立,三重區,ChIJ32YkE-KoQjQRgE774mClmO8,新北市私立徠安幼兒園,241台灣臺灣省三重區光明里重安街14號,,,Google 名稱含可辨識名稱
bd61936d-35c2-4880-83f8-4644fdca0860,新北市私立子禕天地幼兒園,私立,三重區,ChIJxylWOxmpQjQR-5JPWWj5T8M,新北市私立子禕天地幼兒園,241台灣新北市三重區忠孝里光興街2號,,,Google 名稱含可辨識名稱
bd907d7f-b6f7-4fc6-b8f5-2b433ce5d4da,新北市私立維多利亞幼兒園,私立,蘆洲區,ChIJp7Ox4LGoQjQRnG3Vo4VZK8U,私立維多利亞幼兒園,247台灣新北市蘆洲區成功里長安街288號,,,Google 名稱含可辨識名稱
bd91c5fd-6d09-4d11-ba1e-dca7d712e11c,建豐建設股份有限公司附設新北市私立卡爾維德幼兒園,私立,新莊區,,,,,,Google 回傳 12 筆但名稱皆不含「建豐建設卡爾維德」
be123bc4-aadf-425b-98f5-4f5c22f2b1db,新北市私立巧可麗巧宇幼兒園,私立,板橋區,,,,,,Google 回傳 1 筆但名稱皆不含「巧可麗巧宇」
be7078ac-a662-4c79-84f0-e9ab45ac84e5,新北市私立晨暘幼兒園,私立,板橋區,ChIJ1fAjIRaoQjQRI3BGIzEvtwI,晨暘幼兒園,220台灣新北市板橋區介壽里文化路一段270巷3弄9號,,,Google 名稱含可辨識名稱
be81ee84-6247-4adc-87ae-4201b8493acc,寶寶潛能開發股份有限公司附設新北市私立奇異鳥蘆洲幼兒園,私立,蘆洲區,,,,,,Google 回傳 3 筆但名稱皆不含「寶寶潛能開發奇異鳥蘆洲」
be9013dc-aefd-4dfb-a000-8db7cc3c7f9d,新北市汐止區汐止國民小學附設幼兒園,公立,汐止區,ChIJP92xE2tTXTQRM1fWV03J9I4,新北市汐止區汐止國民小學,221台灣新北市汐止區智慧里大同路二段313號,,,Google 名稱含可辨識名稱
be9445d7-cbff-4ddc-9703-e33e781d6617,新北市瑞芳區鼻頭國民小學附設幼兒園,公立,瑞芳區,ChIJZeY8i5lDXTQRq7Ca3Afdw9E,新北市瑞芳區鼻頭國民小學,224台灣新北市瑞芳區鼻頭里鼻頭路99號,,,Google 名稱含可辨識名稱
bf0709fa-3134-4dde-b5e3-64bcbcd22b2a,新北市三峽區三峽國民小學附設幼兒園,公立,三峽區,ChIJf1T7JfAbaDQR24nPldfJwbE,新北市三峽區三峽國民小學附設幼兒園,237台灣新北市三峽區永舘里中山路16號,,,Google 名稱含可辨識名稱
bf0bf99c-cdfa-4e52-a69f-32ea1d266c0e,新北市立淡水國民中學附設幼兒園,公立,淡水區,,,,,,Google 回傳 1 筆但名稱皆不含「立淡水國民中學」
bf39bbd7-643c-4438-97d7-c27a685718a0,新北市私立樹林匯文幼兒園,私立,樹林區,,,,,,Google 回傳 11 筆但名稱皆不含「樹林匯文」
bf3d5323-2596-4608-8e5d-f8d7f13f48e2,新北市私立翊華三重國際幼兒園,私立,三重區,ChIJPZDkVg6vQjQRp-ADHfCJ1hA,翊華三重國際幼兒園,241台灣新北市三重區富貴里集賢路181號,,,Google 名稱含可辨識名稱
bfa53ee4-088a-4057-a6cb-22dcbb9ce619,新北市私立學華幼兒園,私立,五股區,ChIJv-OxbhCmQjQRYCq5UcZs10o,學華幼兒園,248台灣新北市五股區民義里工商路164號,,,Google 名稱含可辨識名稱
bfa5b1de-ff7b-4f23-bf30-acc40f8adf3b,新北市私立幼親幼兒園,私立,三芝區,ChIJa4N3MNK2QjQRMmj2Oxf2Ad0,私立幼親國際幼兒園,252台灣新北市三芝區埔頭里公正街34號,,,Google 名稱含可辨識名稱
bfde3f11-f7c9-4ae8-9288-3566c5c95d61,新北市私立小奈米幼兒園,私立,板橋區,ChIJvxQM5LACaDQRI6aqvucOgdA,新北市私立小奈米幼兒園,220台灣新北市板橋區華德里四川路二段23號,,,Google 名稱含可辨識名稱
c00b775b-da35-41f5-9bdc-dba20bbc3bd3,新北市私立奧爾仕幼兒園,私立,永和區,ChIJFe3ifdypQjQRUZm_BtAzaI8,新北市私立奧爾仕幼兒園,234台灣新北市永和區水源里保平路203巷2號,,,Google 名稱含可辨識名稱
c01cbc50-bc02-4d97-9e1a-6d0623736e1d,新北市立永和幼兒園,公立,永和區,ChIJFxFu2OOpQjQRpZSFDUn7m-M,新北市立永和幼兒園本園,234台灣新北市永和區民族里民權路60號,,,Google 名稱含可辨識名稱
c028cf22-226c-4778-bd96-9c3680d7deba,新北市立深坑幼兒園,公立,深坑區,ChIJZQ0ucMWqQjQR-bm-H8o1X2Q,新北市立深坑幼兒園,222台灣新北市深坑區深坑里平埔街5巷1號,,,Google 名稱含可辨識名稱
c02a1377-7c0e-440e-ba4d-341ab3d0ef05,新北市石碇區永定國民小學附設幼兒園,公立,石碇區,,,,,,Google 回傳 3 筆但名稱皆不含「石碇區永定國民小學」
c083d736-9d99-4a42-bfe5-0711da33a0ee,新北市私立土農幼兒園,私立,土城區,ChIJJS3pbtAcaDQRE12OE-xGJQo,新北市私立土農幼兒園,236台灣新北市土城區大安里永和街23號,,,Google 名稱含可辨識名稱
c0a81561-f3a1-4500-a0ff-cbcf3f5f9b8d,新北市私立華邇街美善幼兒園,私立,林口區,ChIJXyds9sSnQjQRGS7rHkiV5AE,華邇街美善幼兒園,244台灣新北市林口區麗園里忠孝路542巷10弄5號,,,Google 名稱含可辨識名稱
c0ae9780-98b9-403d-a2f0-fb2734651509,新北市私立力品幼兒園,私立,板橋區,ChIJZU1Ku6cCaDQRn1Xjp0wK-Yg,私立力品幼稚園,220台灣新北市板橋區新興里興義巷3號,,,Google 名稱含可辨識名稱
c10db83d-fa02-4973-aace-0fca86cb5339,新北市私立威妮斯特堡幼兒園,私立,三重區,ChIJyf26QtWoQjQRQuP1XwhXlbI,威妮斯特堡幼兒園,241台灣新北市三重區富貴里五華街161號,,,Google 名稱含可辨識名稱
c138a917-993c-427f-8e50-f8f95526cd66,新北市私立振鋒幼兒園,私立,五股區,ChIJxfC1OzumQjQRSVfTPmAMzG4,振鋒國際幼兒園(五股園） Straight to the Top Preschool,248台灣新北市五股區水碓里明德路73號,,,Google 名稱含可辨識名稱
c16c4b1d-e5dc-463e-929b-c009bf16b449,新北市私立七賢幼兒園,私立,永和區,ChIJb6d2EuypQjQRVHH3-SynR1Q,私立七賢幼兒園,234台灣新北市永和區竹林里竹林路119巷10弄6號,,,Google 名稱含可辨識名稱
c2118411-fd31-4d8e-ab00-9a4c9a9148ab,新北市私立華登幼兒園,私立,中和區,ChIJ1zEwhngCaDQRRF6QpRkYSrU,華登幼兒園｜中和優質幼兒園｜中和幼兒園推薦｜幼幼班｜小班｜中班｜大班,235台灣新北市中和區新南里景平路505號,,,Google 名稱含可辨識名稱
c2a40f0a-fb87-4eb7-94a6-8a92343cf596,新北市私立芯宇幼兒園,私立,板橋區,ChIJa877R8aBNk8Ri1xXK2eKFx8,新北市私立芯宇幼兒園,220台灣新北市板橋區溪福里篤行路三段玉平巷101號1樓,,,Google 名稱含可辨識名稱
c2be30fb-ba8e-4053-8a6b-a8ebe2f693ab,新北市私立僑治亞頭前幼兒園,私立,新莊區,ChIJheTiEouoQjQRRHbhVMElRdg,僑治亞頭前幼兒園,242台灣新北市新莊區頭前里化成路540之2號1樓,,,Google 名稱含可辨識名稱
c32588bc-1f4e-46df-8fce-9373b4f88a01,新北市私立淡水新興幼兒園,私立,淡水區,ChIJiU--V1SlQjQRJP2mE2oCeE4,何嘉仁淡水新興幼兒園,251台灣新北市淡水區新興里新興街43號之1號1樓,,,Google 名稱含可辨識名稱
c3524b87-3191-4f47-bce6-466ae04e3dd2,新北市私立逸德幼兒園,私立,中和區,ChIJPwkv9t-pQjQRhzv5Ew-pzls,逸德幼兒園,235台灣新北市中和區宜安里宜安路26巷1號,,,Google 名稱含可辨識名稱
c366019e-32ea-4083-b9e9-2503e64704a4,新北市私立雙和巨星幼兒園,私立,中和區,ChIJ0WqXXtmpQjQRbW1FbROI2So,雙和巨星幼兒園,235台灣新北市中和區瓦磘里光華街100號,,,Google 名稱含可辨識名稱
c3774dae-b8ac-4760-9630-f2d78c586b74,新北市私立晴幼幼兒園,私立,泰山區,ChIJzUMHq8inQjQRpRlhfD1fu-I,私立晴幼托兒所,243台灣台灣省泰山區泰山區明志路二段273巷5弄20號1樓,,,Google 名稱含可辨識名稱
c38cfbd0-d110-4bed-bec1-b4a31cf3120a,康軒文教事業股份有限公司附設新北市私立員工幼兒園,私立,新店區,,,,,,Google 回傳 16 筆但名稱皆不含「康軒文教事業員工」
c3a9de4a-36f0-4e54-8147-fe944ff56c9d,新北市立二重國民中學附設幼兒園,公立,三重區,,,,,,Google 回傳 2 筆但名稱皆不含「立二重國民中學」
c3bf932a-247d-4033-ac04-5df8060a91bf,新北市板橋區後埔國民小學附設幼兒園,公立,板橋區,,,,,,Google 回傳 1 筆但名稱皆不含「板橋區後埔國民小學」
c403c948-6bdf-4c31-9060-9ade2bba8bae,新北市板橋區板橋國民小學附設幼兒園,公立,板橋區,ChIJ33r_Ih2oQjQRFr2aJstl5hc,新北市板橋區板橋國民小學,220台灣新北市板橋區黃石里文化路一段23號,,,Google 名稱含可辨識名稱
c45c9b1b-c312-4479-af7d-7b4131c65018,新北市立光榮國民中學附設幼兒園,公立,三重區,,,,,,Google 回傳 2 筆但名稱皆不含「立光榮國民中學」
c4931f30-cb54-4142-9956-f57fc6309b1c,新北市私立佳思美幼兒園,私立,蘆洲區,ChIJDds_6bGoQjQRebRA1UnL4pE,佳思美幼兒園,247台灣新北市蘆洲區成功里永樂街31巷28號,,,Google 名稱含可辨識名稱
c4b87fe7-b6c3-4906-8031-aafc1b726275,新北市私立兒童天地幼兒園,私立,三重區,ChIJ8QYgiNqoQjQRgdifId_RAH8,兒童天地幼兒園,241台灣新北市三重區永福里力行路二段162巷1號,,,Google 名稱含可辨識名稱
c4dfc227-d58b-48e6-8e28-10f0fb910793,新北市私立育碩幼兒園,私立,淡水區,ChIJ91Ybg3avQjQRrh1nOldeuY8,育碩幼兒園,251台灣新北市淡水區福德里自強路309之1號,,,Google 名稱含可辨識名稱
c51f4fd2-9a7d-44a5-a040-b972f31bedbc,新北市私立艾寶貝幼兒園,私立,蘆洲區,ChIJcwu-8a2oQjQRw2tuIgVLjtI,新北市私立艾寶貝幼兒園,247台灣新北市蘆洲區永樂里環堤大道172號,,,Google 名稱含可辨識名稱
c5462926-50e2-46ea-a6fe-2380804cfdfe,新北市私立崇儒幼兒園,私立,中和區,,,,,,Google 回傳 20 筆但名稱皆不含「崇儒」
c558faff-9a62-44e8-bd80-f4abc07532dd,新北市私立新象幼兒園,私立,深坑區,ChIJTWqmJM6qQjQRANfxpFj0tFU,新象幼兒園,222台灣新北市深坑區埔新里埔新街58巷11號,,,Google 名稱含可辨識名稱
c58f269c-ac15-441e-ad90-2101726f63ed,新北市私立心語幼兒園,私立,林口區,ChIJ106-Y-WmQjQRIxQM1z24f_M,心語幼兒園,244台灣新北市林口區西林里竹林路53巷11號1樓,,,Google 名稱含可辨識名稱
c5d3b7c8-5e4d-461f-b8e8-cfe9332d8b68,新北市私立喬安幼兒園,私立,泰山區,ChIJqWpUQ8CnQjQRT-cim5352ZE,喬安幼兒園、喬安語文短期補習班,243台灣新北市泰山區貴子里明志路三段142巷8號3樓,,,Google 名稱含可辨識名稱
c5f39e2a-8019-4a23-82a4-8dc5ec7d90e0,新北市私立新大華幼兒園,私立,汐止區,ChIJVX0QkWlTXTQRl8P-kZenQwA,新大華幼兒園,221台灣新北市汐止區復興里龍安路183號,,,Google 名稱含可辨識名稱
c607f0c9-1b01-4a03-8974-59e385b67e73,新北市私立三愛幼兒園,私立,新店區,ChIJJVTTzz8CaDQRhtpFEsxQDhE,私立三愛幼稚園,231台灣新北市新店區安和里安民街269巷16號,,,Google 名稱含可辨識名稱
c67b59e4-d573-4aba-b75f-3d3e98bc899c,新北市泰山區同榮國民小學附設幼兒園,公立,泰山區,,,,,,Google 回傳 1 筆但名稱皆不含「泰山區同榮國民小學」
c6a63455-b921-45f8-8662-6f4af26cb7cd,新北市私立崇幼幼兒園,私立,汐止區,ChIJ7U2xag5TXTQRDdHIMXPKoEs,私立崇幼幼兒園,221台灣汐止區汐止區建成路28巷11號(1之3層),,,Google 名稱含可辨識名稱
c6bbcdde-300a-4fb1-9277-4f79f684eade,新北市私立慧晟幼兒園,私立,板橋區,ChIJG-Gd9DuoQjQR422QONkj1NY,慧晟安親幼兒園,220台灣新北市板橋區廣新里永豐街123號,,,Google 名稱含可辨識名稱
c6d06e99-6371-4c72-871c-6c48cfe91565,新北市私立土城名仁幼兒園,私立,土城區,ChIJ1yDXreoCaDQRBlMotD_xbF8,新北市私立土城名仁幼兒園,236台灣新北市土城區峯廷里延吉街217巷9弄3號,,,Google 名稱含可辨識名稱
c6db2a95-d811-4817-b84e-749790135b09,新北市私立育榕幼兒園,私立,泰山區,ChIJVTiU0TOmQjQRyyesYlfc0PY,育榕幼兒園,243台灣新北市泰山區山腳里泰林路二段259號,,,Google 名稱含可辨識名稱
c72f572e-c5b1-4d07-a37d-c3673f419018,新北市中和區景新國民小學附設幼兒園,公立,中和區,ChIJr2ECmAwCaDQR8oaySFa8KNk,新北市中和區景新國民小學,235台灣新北市中和區景南里景新街467巷37號,,,Google 名稱含可辨識名稱
c74dfa8f-217e-4afc-b783-763edb000d27,新北市私立智文幼兒園,私立,三峽區,ChIJl4qg2nQcaDQR9TDxnxKg3W8,新北市私立智文幼兒園,238台灣新北市三峽區龍學里大義路249號,,,Google 名稱含可辨識名稱
c7517545-596b-4677-b25b-b33e9079573b,新北市私立慈祐幼兒園,私立,中和區,ChIJsdH_-wipQjQRkFh6GFRn1Pg,慈祐幼兒園,235台灣新北市中和區平河里建三路12號,,,Google 名稱含可辨識名稱
c7939e0f-8591-442a-a7a5-2bedebffb47d,新北市私立道安幼兒園,私立,板橋區,ChIJ89Jlv6UCaDQRMVuI_RLfKKM,新北市私立道安幼兒園,220台灣新北市板橋區鄉雲里大明街15巷15號,,,Google 名稱含可辨識名稱
c7fb2da3-6682-4e26-9dc6-4be0f54dd3dc,新北市林口區瑞平國民小學附設幼兒園,公立,林口區,ChIJd3UNVSqnQjQR1Qa-Fs-y9_8,新北市林口區瑞平國民小學,244台灣新北市林口区太平里太平里後坑34之1號,,,Google 名稱含可辨識名稱
c81ef7f4-75d8-4009-9cc5-c3e451dab650,新北市私立宏仁蒙特梭利幼兒園,私立,中和區,ChIJBeR1208DaDQRNZO43tmx31E,新北市私立宏仁蒙特梭利幼兒園/中和幼兒園/中和幼稚園/永和幼兒園/永和幼稚園,235台灣新北市中和區景德街13號1樓,,,Google 名稱含可辨識名稱
c831268b-0e52-44ec-932e-3969c173862f,新北市新林非營利幼兒園(委託明新學校財團法人明新科技大學辦理),非營利,林口區,ChIJfZQISSunQjQR0WpTcgx2tLQ,新林非營利幼兒園,244台灣新北市林口區南勢里三民路101號,,,Google 名稱含可辨識名稱
c8333e3a-272d-426e-9ea7-a03b9da8707c,新北市私立榮富日光幼兒園,私立,新莊區,,,,,,Google 回傳 3 筆但名稱皆不含「榮富日光」
c8513495-6c41-4489-9a38-35c721e2fc03,內政部國土管理署北區都市基礎工程分署職場互助教保服務中心(委託社團法人中華音樂舞蹈暨表演藝術教育協會辦理),私立,中和區,,,,,,Google 回傳 6 筆但名稱皆不含「內政部國土管理署北區都市基礎工程分署職場互助」
c86a8912-1546-40c1-bb69-d2c57eb9db43,新北市私立慈惠幼兒園,私立,板橋區,ChIJa77hSBqoQjQRtS-i-CISR-s,慈惠板橋幼兒園,220台灣新北市板橋區民權里民權路202巷22號,,,Google 名稱含可辨識名稱
c8b6934e-5070-4449-87aa-e2c11a4b2933,新北市私立精英國際幼兒園,私立,鶯歌區,ChIJdwEXybMeaDQRiO8f8zJd-iY,精英國際,23941台灣新北市鶯歌區建國里中山路249巷36號,,,Google 名稱含可辨識名稱
c8e8bdbe-ad6e-4bf5-a726-bd7c8ef27aef,財團法人天主教會臺北教區附設新北市私立玫瑰幼兒園,私立,中和區,,,,,,Google 回傳 2 筆但名稱皆不含「天主教會臺北教區玫瑰」
c9213eb8-ddff-44a1-9f3a-61cffc92363d,新北市私立樂韻幼兒園,私立,新店區,ChIJl0jUeIwBaDQRZjL9j1EISJQ,私立樂韻幼兒園,231台灣新北市新店區中興里中興路一段171號,,,Google 名稱含可辨識名稱
c94f1c2d-4700-4062-841f-4fb5240f5233,新北市私立集賢幼兒園,私立,蘆洲區,ChIJZ8neXtKoQjQRk9ZmCcRddBw,新北市私立集賢幼兒園,247台灣新北市蘆洲區玉清里集賢路292號,,,Google 名稱含可辨識名稱
c9c672a3-ac68-4d5e-a9a3-497693d25a43,新北市私立劍聲幼兒園,私立,新店區,ChIJx8-Tz6cBaDQRY4fPGStsS-E,新店劍聲幼兒園暨托嬰中心,231台灣新北市新店區國豐里明德路65巷5號,,,Google 名稱含可辨識名稱
c9f3a87e-8604-4c25-8117-19999b30fc9a,新北市私立彬彬幼兒園,私立,板橋區,ChIJW1cuMagCaDQRaoqhDnPw0MA,私立彬彬幼兒園,220台灣新北市板橋區湳興里館前西路160巷2號,,,Google 名稱含可辨識名稱
ca6aa335-2f20-4e75-b392-7f981b4c6e4c,新北市私立美敦幼兒園,私立,蘆洲區,ChIJw7WAdrqoQjQR5q--1TDJZh0,私立美敦幼兒園,247台灣新北市蘆洲區忠義里中原路21巷4號,,,Google 名稱含可辨識名稱
cac7ae9f-669b-4f00-b658-5419e2675761,新北市私立佳欣中正幼兒園,私立,新店區,,,,,,Google 回傳 1 筆但名稱皆不含「佳欣中正」
cac87fcb-acbd-42e7-b9e8-2d5b4565676a,新北市立五股幼兒園陸一分班,公立,五股區,,,,,,Google 回傳 1 筆但名稱皆不含「立五股陸一分班」
cad6a2c0-9de9-40d1-9997-bba61371e027,新北市私立文理幼兒園,私立,新莊區,ChIJqQU64nioQjQROoGy8djbS_0,新北市私立文理幼兒園,242台灣新北市新莊區中全里中泰街116號,,,Google 名稱含可辨識名稱
cae0ea01-2533-4370-90a1-e4419baedad8,新北市私立歡樂寶貝熊幼兒園,私立,淡水區,ChIJIwydVZyvQjQRawNtPIOKs74,歡樂寶貝熊幼兒園,251台灣新北市淡水區民生里民權路75號2樓,,,Google 名稱含可辨識名稱
cb28d4c8-9c76-4c63-8c77-380d27a2a7e5,奇異林股份有限公司附設新北市私立奇異鳥麗林幼兒園,私立,林口區,,,,,,Google 回傳 3 筆但名稱皆不含「奇異林奇異鳥麗林」
cb80a8cb-f3a2-4a2b-85e6-b2e97ff19822,新北市私立佳佳安幼兒園,私立,蘆洲區,ChIJVxXItcqoQjQRuO9kQFtoSmk,佳佳安幼兒園,247台灣新北市蘆洲區仁愛里水湳街3號,,,Google 名稱含可辨識名稱
cba857c0-f695-49dd-b014-4b9a39b3dd64,新北市私立慈霖幼兒園,私立,土城區,ChIJ-yvGA8TVDRQRUlovik_BaHk,新北市私立慈霖幼兒園,236台灣新北市土城區學士里金城路二段211號,,,Google 名稱含可辨識名稱
cbd17ee5-7c7a-405c-a4f7-baec4e9989eb,新北市私立佳欣北新幼兒園,私立,新店區,ChIJ5WPMCPQBaDQR0DBfvjJO-Lg,佳欣北新幼兒園,231台灣新北市新店區仁愛里北新路二段29巷1弄,,,Google 名稱含可辨識名稱
cbf0ef75-bb62-4e2a-8b04-7d1c453277aa,新北市板橋區埔墘國民小學附設幼兒園,公立,板橋區,ChIJhY3qgTyoQjQRFfrmnKmawCA,新北市板橋區埔墘國民小學,220台灣新北市板橋區光仁里永豐街42-8號,,,Google 名稱含可辨識名稱
cbfcd564-063a-45f7-bb04-348adda2d6ef,新北市私立民德義泉幼兒園,私立,中和區,ChIJ9RP6gKICaDQRpdFFZMaR6ws,新北市私立民德義泉幼兒園,23541台灣新北市中和區清穗里民德路198號,,,Google 名稱含可辨識名稱
cc1eac21-0964-4170-9d32-c2a21349c93d,新北市私立澄品幼兒園,私立,樹林區,ChIJAzyqkRgdaDQRsSzyiYSrr90,澄品幼兒園,238台灣新北市樹林區和平里仁愛街12巷4號,,,Google 名稱含可辨識名稱
cc3aa836-3d27-4842-9d9c-a8c091f52722,新北市三多非營利幼兒園(委託廣亞學校財團法人設立之廣亞學校財團法人育達科技大學辦理),非營利,樹林區,ChIJD3AYLZ0daDQRk4uS8KFXD50,新北市三多非營利幼兒園(委託中華巧耕教育發展協會辦理),238台灣新北市樹林區獇寮里三多路101號,,,Google 名稱含可辨識名稱
cc5daae7-b65f-4f54-969d-fc684e6b2220,新北市私立愛麗兒幼兒園,私立,汐止區,,,,,,Google 回傳 1 筆但名稱皆不含「愛麗兒」
ccab52c1-1640-432b-8235-bee35068df96,新北市私立雄林國際幼兒園,私立,蘆洲區,ChIJEfcPlxKpQjQRkUsoUyDM5U8,雄林國際幼兒園,247台灣新北市蘆洲區正義里長興路216號,,,Google 名稱含可辨識名稱
ccb16d64-46a3-48ce-8c2e-9f3e388f2cf7,新北市私立永昇幼兒園,私立,土城區,ChIJrdD5nMYCaDQRQ8ydJWMmDK8,永昇幼兒園,236台灣新北市土城區永豐里清水路214號,,,Google 名稱含可辨識名稱
cd064d9b-14a7-4c5c-8994-f279ae66ee06,新北市金山區金山國民小學附設幼兒園美田分班,公立,金山區,,,,,,Google 回傳 3 筆但名稱皆不含「金山區金山國民小學美田分班」
cd384bce-451d-4c3c-a73a-9e6a713ffb09,新北市私立光星幼兒園,私立,板橋區,ChIJGVTEpBeoQjQRonKPZof54Q4,光星幼兒園-板橋,220台灣新北市板橋區新民里文化路一段188巷26號,,,Google 名稱含可辨識名稱
cd825bc8-2871-4a90-a6e3-a092d34ac42c,新北市私立奇異鳥幼兒園,私立,新莊區,ChIJhed9d2WnQjQR-30p-eCnRHE,"奇異鳥國際幼兒園新莊四維校 KIWI GROUP, Annie's Kindergarten, Siwei Campus, XingZhuang District",242台灣新北市新莊區四維里四維路19號3樓,,,Google 名稱含可辨識名稱
cd93bea7-d995-4bb6-8d6e-d7cb9ac49d02,新北市立樹林幼兒園山佳分班,公立,樹林區,,,,,,Google 回傳 14 筆但名稱皆不含「立樹林山佳分班」
cd986e57-c6a9-4ede-8778-248c985b803a,新北市三峽區農會附設新北市私立幼兒園,私立,三峽區,ChIJB6z9wPIbaDQR4qXgdINj7HM,新北市三峽區農會附設新北市私立幼兒園,237台灣新北市三峽區礁溪里長泰街98巷5號,,,Google 名稱含可辨識名稱
cda05448-ce10-4f38-91d4-b78e74aa2f00,新北市私立汐止一二三幼兒園,私立,汐止區,ChIJAVy6fWlTXTQROlcams-e7eM,汐止一二三幼兒園,221台灣新北市汐止區復興里連興街48號,,,Google 名稱含可辨識名稱
cdc92d41-66fd-4c61-b720-a73e9fb6fdbc,新北市私立沐野幼兒園,私立,中和區,ChIJx6x8X3ACaDQRbxDnLUj89h0,沐野幼兒園,235台灣新北市中和區外南里復興路55號,,,Google 名稱含可辨識名稱
ce6b3689-60a6-4b56-bf6a-a9d91233eb74,新北市瑞芳區瑞濱國民小學附設幼兒園,公立,瑞芳區,ChIJQ-KJz2VFXTQRjL8VGjXlUFI,新北市瑞芳區瑞濱國民小學,224台灣新北市瑞芳區瑞濱里瑞濱路34號,,,Google 名稱含可辨識名稱
cedb09ac-5e6f-427d-b9ad-423024c71d88,新北市永翠非營利幼兒園（委託社團法人新北市多元教育協會辦理）,非營利,板橋區,ChIJE3n1v7ypQjQRweYzwcOtC4w,新北市永翠非營利幼兒園(委託社團法人新北市多元教育協會辦理),220037台灣新北市板橋區中正里香社一路56號,,,Google 名稱含可辨識名稱
ceee7546-505f-4c16-b576-b796ab770cc1,新北市私立成德幼兒園,私立,新莊區,ChIJB1CfqfanQjQRZoGOsuhXk9c,新北市私立成德菁英幼兒園,242台灣新北市新莊區民本里民安東路48號,,,Google 名稱含可辨識名稱
cf120adb-abd4-4d50-8d5e-130f1c519919,新北市私立樂樂童年幼兒園,私立,淡水區,,,,,,Google 回傳 8 筆但名稱皆不含「樂樂童年」
cf1dd075-132e-4c0a-afa2-500ae4f6698b,新北市私立愛丁堡幼兒園,私立,蘆洲區,ChIJAfr3k7SoQjQRGC8vhIBSEAk,私立愛丁堡幼兒園,247台灣新北市蘆洲區正義里光榮路103號,,,Google 名稱含可辨識名稱
cf8b7872-0cf7-42b8-b52d-5414975256c7,新北市私立京揚幼兒園,私立,土城區,ChIJ00TAwL8CaDQR5MsrXVII33Q,喬幼國際幼兒學校(京揚幼兒園),236台灣新北市土城區金城路三段152號1樓,,,Google 名稱含可辨識名稱
cf8be783-fd0e-40ba-90ea-5bf83d057a07,新北市私立勝利幼兒園,私立,中和區,ChIJPSueoYMCaDQRWiLrmzM0_J4,勝利蒙特梭利幼兒園,235台灣新北市中和區信和里新生街186巷5弄13號,,,Google 名稱含可辨識名稱
cfc12ddb-f8d7-4e76-95dd-3beb2627ad69,新北市私立永錡光華幼兒園,私立,新莊區,,,,,,Google 回傳 3 筆但名稱皆不含「永錡光華」
cfd52b92-b80f-467a-9fac-370847017819,新北市私立聖雅幼兒園,私立,五股區,ChIJ0wnL01SvQjQR9IZBtieHpU8,聖雅幼兒園,248台灣新北市五股區成州里成泰路三段377號,,,Google 名稱含可辨識名稱
d01abef8-ebb3-4dd8-861b-e5c3d77117b8,新北市新莊區昌隆國民小學附設幼兒園,公立,新莊區,ChIJH5zzRH2oQjQRIvaRWXpxpFQ,新北市新莊區昌隆國民小學,242台灣新北市新莊區信義里昌隆街63號,,,Google 名稱含可辨識名稱
d028a98f-42da-44de-b711-b0e5a9bac0d4,新北市私立丹妮爾幼兒園,私立,土城區,ChIJWX-ZRjMdaDQRGiWLgON7hKA,丹妮爾幼兒園,236台灣新北市土城區日和里中央路一段285號,,,Google 名稱含可辨識名稱
d07a996a-5cc8-46e8-a014-6956b1d31878,新北市鶯歌區永吉國民小學附設幼兒園,公立,鶯歌區,,,,,,Google 回傳 1 筆但名稱皆不含「鶯歌區永吉國民小學」
d0c2aae3-173a-49f5-b30e-a5b8f5679b02,新北市私立鶯歌芝麻村幼兒園,私立,鶯歌區,ChIJfxklmK0eaDQRjaBLv1g3Zbw,新北市私立鶯歌芝麻村幼兒園,239台灣新北市鶯歌區建國里國華路103之1號,,,Google 名稱含可辨識名稱
d146fe7a-5820-4286-b5cf-1e26db78417e,新北市私立小康幼兒園,私立,板橋區,ChIJje4aNCGoQjQRUgSI_At5-7U,新北市私立小康托兒所,220台灣新北市板橋區海山里長安街138巷7弄36號2樓,,,Google 名稱含可辨識名稱
d14b5aca-625a-4f9a-961c-a079cb70c67d,新北市私立普登幼兒園,私立,淡水區,ChIJhYVP0VWlQjQRunuLHsdzwcQ,新北市私立普登幼兒園,"2樓, No. 151號中山北路一段新義里淡水區新北市台灣 251",,,Google 名稱含可辨識名稱
d1a252c3-5474-4512-a861-ccf3147d3ca9,新北市立三重高級中學附設幼兒園,公立,三重區,,,,,,Google 回傳 1 筆但名稱皆不含「立三重高級中學」
d1d3d0f6-f97a-4203-8592-5a3aba4e26da,新北市淡水區新興國民小學附設幼兒園,公立,淡水區,,,,,,Google 回傳 1 筆但名稱皆不含「淡水區新興國民小學」
d1df93a0-0f90-49d1-8d2c-9fb54fd0bbf7,新北市私立溫馨幼兒園,私立,板橋區,ChIJFwuF8hKoQjQRbOkp2bfqtmc,溫馨幼兒園,220台灣新北市板橋區朝陽里裕民街128巷,,,Google 名稱含可辨識名稱
d1f8871d-0429-495c-a9da-96735dcbe2a0,新北市鶯歌區鶯歌國民小學附設幼兒園,公立,鶯歌區,ChIJn58iwqweaDQR555tP9JAAus,新北市鶯歌區鶯歌國民小學,239台灣新北市鶯歌區同慶里尖山埔路106號,,,Google 名稱含可辨識名稱
d278e786-2fb9-4da3-bf30-96f39df13c55,新北市私立民族幼兒園,私立,蘆洲區,,,,,,Google 回傳 20 筆但名稱皆不含「民族」
d28efddf-cef7-4a02-9cfc-a71e1c358ad6,新北市永和區永平國民小學附設幼兒園,公立,永和區,ChIJ026Kw9qpQjQRihvDlDxK1_A,新北市永和區永平國民小學,234307台灣新北市永和區保安里保生路No. 25,,,Google 名稱含可辨識名稱
d29c87d0-2ebb-478e-bd87-55df0110397b,新北市私立蘆洲星辰幼兒園,私立,蘆洲區,ChIJS6_9WM2oQjQRKxYFXOe79pY,蘆洲星辰幼兒園,247台灣新北市蘆洲區玉清里民族路145號,,,Google 名稱含可辨識名稱
d2bfca28-9d01-4d4d-a9ff-a46d29d28bf4,新北市五股區更寮國民小學附設幼兒園,公立,五股區,ChIJR1-O5r-oQjQReF-4ANW8G-M,新北市五股區更寮國民小學,248台灣新北市五股區興珍里四維路2號,,,Google 名稱含可辨識名稱
d2eff62f-d4d8-4b66-9af4-d74c49bfadf0,新北市私立崴崴幼兒園,私立,汐止區,ChIJ13CcQQ5TXTQR2Y37QDqw8PQ,崴崴幼兒園,221台灣新北市汐止區建成里建成路28巷31號,,,Google 名稱含可辨識名稱
d30a71b4-ba0d-4247-87e0-0f332d84eb28,新北市私立民華幼兒園,私立,永和區,ChIJX4m2Q-CpQjQRTVXBYMV_muE,民華幼兒園,234台灣新北市永和區智光里民有街6號,,,Google 名稱含可辨識名稱
d3267254-7f73-4c59-a7d7-30eb61f5b837,新北市私立禾米國際幼兒園,私立,新店區,ChIJQXd7D6kDaDQRxC244Li1zBU,新北市私立禾米國際幼兒園,23150台灣新北市新店區信義里復興路,,,Google 名稱含可辨識名稱
d34bfb97-3f91-48cb-9b84-a00e8b2d69f0,新北市私立蘋果苑藝術幼兒園,私立,淡水區,ChIJs1yGmVSlQjQRvNhyl4l6AjM,新北市私立蘋果苑藝術幼兒園,251台灣新北市淡水區新興里新春街126巷9號,,,Google 名稱含可辨識名稱
d38a3b99-3387-4bb5-b221-d9e2798b84e2,新北市私立凱樂幼兒園,私立,土城區,ChIJGRP0qdscaDQRNWQCKLXtv6k,新北市私立凱樂幼兒園（準公共化幼兒園）,236台灣新北市土城區永寧里中央路三段189號2樓,,,Google 名稱含可辨識名稱
d3d18119-54fa-46b0-924c-422220743708,新北市私立重新幼兒園,私立,三重區,ChIJc2jLvBipQjQRuzgg6bcyS3s,新北市私立重新幼兒園,241台灣新北市三重區文化里重新路二段19號,,,Google 名稱含可辨識名稱
d4a8dcb8-8648-417f-98dd-d27810fa1b55,新北市瑞芳區九份國民小學附設幼兒園,公立,瑞芳區,ChIJE9g6t-dPXTQRbsEBTebSfHo,新北市瑞芳區九份國民小學,224台灣新北市瑞芳區永慶里崙頂路145號,,,Google 名稱含可辨識名稱
d4aee1a7-f4cb-4a91-8544-f14cf51205c8,新北市私立天鵝園幼兒園,私立,三重區,ChIJv9WaSeeoQjQROuHQXD77DxI,天鵝園托兒所,241台灣新北市三重區三民里中正北路118巷3號,,,Google 名稱含可辨識名稱
d4e276d5-12f9-400d-a5b1-afe844aa4595,新北市私立比弗利幼兒園,私立,永和區,ChIJ0yns9-CpQjQRE74rGHanMBA,比弗利幼兒園,234台灣新北市永和區民治里中正路232號,,,Google 名稱含可辨識名稱
d53860da-c6f1-44b3-929b-961a4c7b9c60,新北市中和區錦和國民小學附設幼兒園,公立,中和區,ChIJta2CQ4gCaDQRmFtazTxOc7k,新北市中和區錦和國民小學,235台灣新北市中和區錦中里圓通路292號,,,Google 名稱含可辨識名稱
d55ed72e-896e-43cc-a131-0bece6c3d632,新北市私立長興幼兒園,私立,蘆洲區,ChIJmand67SoQjQRGbTzv0q3abg,何嘉仁蘆洲長興幼兒園,247台灣新北市蘆洲區正義里中正路377號,,,Google 名稱含可辨識名稱
d56efb83-bf6b-4142-9068-a522e9dbf124,新北市五股區五股國民小學附設幼兒園,公立,五股區,ChIJ5_RjgBmmQjQRgL3-e7mF2H0,新北市五股區五股國民小學,248台灣新北市五股區五股里成泰路二段49號,,,Google 名稱含可辨識名稱
d5910125-29a0-436f-bc58-09d6b178ed87,新北市立土城國民中學附設幼兒園,公立,土城區,,,,,,Google 回傳 2 筆但名稱皆不含「立土城國民中學」
d5df7547-7a9e-42b5-8280-6bb114a85486,新北市私立汐止皇家幼兒園,私立,汐止區,ChIJY9vSXUNTXTQRxruzj4dtC20,新北市私立汐止皇家幼兒園,221台灣新北市汐止區新台五路一段79-3號一樓,,,Google 名稱含可辨識名稱
d5fe4214-cb9e-456e-b923-0666c2549a46,財團法人新北市私立聖心國民小學附設新北市私立善牧園幼兒園,私立,八里區,,,,,,Google 回傳 1 筆但名稱皆不含「聖心國民小學善牧園」
d6545095-8a02-469c-a129-98804aebfdcf,新北市私立艾美樂幼兒園,私立,三重區,ChIJyWhZOv2oQjQR3F_eCY9lZ-8,艾美樂幼兒園,241台灣新北市三重區光明里集美街112巷9號,,,Google 名稱含可辨識名稱
d6558788-9d80-44fb-9e5b-812514df83c0,新北市私立探索幼兒園,私立,三重區,ChIJywOJCOOoQjQR6UxUcjpM0Us,私立探索幼兒園,241台灣新北市三重區過田里重新路四段57號1樓,,,Google 名稱含可辨識名稱
d66ce8b1-140a-4054-9615-14dce942b7b2,新北市私立全球幼兒園,私立,土城區,ChIJ0emhZr8CaDQRe8ughMo0XRM,新北市私立全球幼兒園,236台灣新北市土城區延和里立德路135巷2-1號,,,Google 名稱含可辨識名稱
d6d90775-8fce-4484-ba73-54e85b4f2849,海納川全人教育股份有限公司附設新北市私立艾倫戴爾幼兒園,私立,新莊區,,,,,,Google 回傳 1 筆但名稱皆不含「海納川全人教育艾倫戴爾」
d74dda2b-213b-49d8-bbc9-39c37395edd7,新北市私立愛林幼兒園,私立,林口區,ChIJXaaWbSanQjQRuW1C9fixtXs,愛林幼兒園,244台灣新北市林口區麗林里公園路42號,,,Google 名稱含可辨識名稱
d78ee303-84a2-4f74-a520-7c91c0c0236b,新北市私立何嘉仁得和幼兒園,私立,永和區,ChIJE91WZeSpQjQR4KipkSvfQX4,何嘉仁得和幼兒園,234台灣新北市永和區秀元里得和路273之2號,,,Google 名稱含可辨識名稱
d7f8145b-81c0-45a0-955f-ba5ea3f95354,新北市新莊區榮富國民小學附設幼兒園,公立,新莊區,,,,,,Google 回傳 1 筆但名稱皆不含「新莊區榮富國民小學」
d7f9ff32-f3de-465b-912e-4592e31cd683,財團法人福智文教基金會附設新北市澄心職場互助教保服務中心,私立,汐止區,,,,,,Google 回傳 5 筆但名稱皆不含「福智文教澄心職場互助」
d8042ceb-2ebe-4721-b5e7-fd361d1778eb,新北市私立啟文幼兒園,私立,三重區,ChIJ9TH_N82pQjQRfffImJAHy8w,三重啟文幼兒園,241台灣新北市三重區福隆里溪尾街106號,,,Google 名稱含可辨識名稱
d83d1269-2c8c-431b-bdec-1d410ed6fcc5,新北市私立喬一幼兒園,私立,板橋區,,,,,,Google 回傳 1 筆但名稱皆不含「喬一」
d8bf292d-85c6-48b9-90a2-64cc1d8af3e3,新北市私立立德幼兒園,私立,汐止區,ChIJfUIGppSrQjQRJ0xo5rTxhZc,私立立德幼兒園,105台灣臺北市松山區東光里健康路264號,,,Google 名稱含可辨識名稱
d8dfb998-2388-465e-a749-11d650a33d85,新北市私立北大幼兒園,私立,三峽區,ChIJb_ZpbfQbaDQReNfGlDrDHiI,北大非營利幼兒園,237台灣新北市三峽區龍埔里國光街100號A棟,,,Google 名稱含可辨識名稱
d8e8bcd6-1a17-4d35-b6ac-958b529317e8,新北市私立育群幼兒園,私立,板橋區,ChIJNyzCaxCoQjQRiTeI4rCz_zQ,新北市育群幼兒園,220台灣板橋區金華里金華街10巷104號,,,Google 名稱含可辨識名稱
d8fbb391-8185-4d0c-98ad-407f3012abb6,新北市私立炫媽咪幼兒園,私立,新店區,ChIJ_0Lmj4wBaDQR4V046-fTSyQ,炫媽咪幼兒園,231台灣新北市新店區中興里中興路一段203號,,,Google 名稱含可辨識名稱
d9937023-a54d-4f49-b9f8-d4ccdb575dfc,新北市私立宏修幼兒園,私立,鶯歌區,ChIJC7JKMgIcaDQRBVWjXIUd610,宏修幼兒園,239台灣新北市鶯歌區東鶯里文化路145巷10號,,,Google 名稱含可辨識名稱
d9f14a26-3513-4507-ac74-8afe42dd29bc,新北市私立翔祥幼兒園,私立,林口區,ChIJD95I1h-nQjQRms4-MSdEBDI,新北市私立翔祥幼兒園,244台灣新北市林口區東勢里麗園二街13巷2號,,,Google 名稱含可辨識名稱
d9f5480a-24bc-44bf-bbef-c5f78aa32e08,新北市新莊區思賢國民小學附設幼兒園,公立,新莊區,,,,,,Google 回傳 1 筆但名稱皆不含「新莊區思賢國民小學」
da27d793-d822-4199-95cc-4edea0a6f092,新北市私立象寶園幼兒園,私立,三重區,ChIJ7_rLEueoQjQR3D-7SB_7D3M,象寶園幼兒園｜三重幼兒園推薦｜三重幼稚園｜幼兒教育｜幼幼班｜小班｜中班｜大班,241台灣新北市三重區田中里忠孝路三段40巷59號,,,Google 名稱含可辨識名稱
da28d522-a405-4117-a59a-c4999d79befb,新北市佳和非營利幼兒園(委託康寧學校財團法人康寧大學辦理),非營利,中和區,ChIJw7FXb6OpQjQRA7BMZNceHYY,佳和非營利幼兒園(委託康寧學校財團法人康寧大學辦理),235台灣新北市中和區福美里中山路二段64巷9號,,,Google 名稱含可辨識名稱
da2e53e7-0007-4af5-ae2c-2c8493e9810b,新北市私立楷模幼兒園,私立,新莊區,ChIJAXK_ofOnQjQR6yTp2VkAfWs,楷模幼兒園,"2樓, No. 177號民安路建安里新莊區新北市台灣 242",,,Google 名稱含可辨識名稱
da43e58a-01d3-476f-8d39-b9de73acb5de,新北市鶯歌區鳳鳴國民小學附設幼兒園,公立,鶯歌區,ChIJPXAu0L4eaDQRIiWve4fnK3w,新北市鶯歌區鳳鳴國民小學,239台灣新北市鶯歌區鳳鳴里永和街120號,,,Google 名稱含可辨識名稱
da5193a8-a3d7-4f88-bb57-6ae9ec0e3e6b,新北市私立延吉幼兒園,私立,土城區,ChIJodEFF8ACaDQRg4ordx9bTVA,新北市私立延吉幼兒園,236台灣新北市土城區廷寮里延吉街253巷14號,,,Google 名稱含可辨識名稱
da653ab7-7b76-45fe-8131-a5cbee48ebd1,新北市私立愛丁堡探索幼兒園,私立,淡水區,ChIJk-zv8Wy7QjQRQfzKYB9ElXs,淡水愛丁堡探索幼兒園,251台灣新北市淡水區崁頂里15之11號,,,Google 名稱含可辨識名稱
dae8502a-c037-4ac8-908f-8d70b9a3a9fe,新北市立柑園國民中學附設幼兒園,公立,樹林區,ChIJO61sYG4caDQR1I_36W0NrME,新北市立柑園國民中學,238台灣新北市樹林區柑園里柑園街二段125號,,,Google 名稱含可辨識名稱
dafd240f-3f7f-4db3-99af-e8a9aedc5721,新北市私立幼強幼兒園,私立,土城區,ChIJ1wLvD5UCaDQR14rwaqum84w,新北市私立幼強幼兒園,"6、8、10號, No. 2、4延吉街78巷1弄延吉里土城區新北市台灣 236",,,Google 名稱含可辨識名稱
db0297b1-8a08-498b-9e30-aab335107ea5,新北市立五股幼兒園德音分班,公立,五股區,,,,,,Google 回傳 1 筆但名稱皆不含「立五股德音分班」
db1b54c1-b1f2-459e-9db1-4e58a8ed3e14,新北市私立育太幼兒園,私立,板橋區,ChIJ-aF68aMCaDQRnayg3KfzxbU,新北市私立育太準公共幼兒園,220台灣新北市板橋區廣德里重慶路223巷7號,,,Google 名稱含可辨識名稱
db59c701-8e8b-4632-99aa-c42220981f38,新北市私立詠樂幼兒園,私立,土城區,,,,,,Google 回傳 1 筆但名稱皆不含「詠樂」
db79dc4f-f5f9-42e0-b760-1d1dc56db82b,新北市私立實栽童心幼兒園,私立,新店區,ChIJ616JsQ4DaDQRRLB-UhxhXqY,新北市私立實栽童心幼兒園,23159台灣新北市新店區光華街20號22 號 1 樓,,,Google 名稱含可辨識名稱
dc03e2d3-db76-48d4-8127-e45520f690ea,新北市私立立信幼兒園,私立,板橋區,ChIJbYsAIqACaDQRPh9vgFiIwsk,立信幼兒園,220台灣新北市板橋區福祿里國泰街75巷49號1樓,,,Google 名稱含可辨識名稱
dc329e9e-5763-4912-917f-4b3edf80cdb1,新北市私立智翔幼兒園,私立,板橋區,ChIJua3pQ1epQjQR0VxsC_oRBJ8,智翔準公共幼兒園,22049台灣新北市板橋區陽明里陽明街134號1樓,,,Google 名稱含可辨識名稱
dc3c9d37-b4f4-4531-b50c-59ce65120b5c,新北市私立心翔幼兒園,私立,泰山區,ChIJY6VUSjOmQjQRy0d9V8lFicg,心翔幼兒園,243台灣新北市泰山區同榮里辭修路10號,,,Google 名稱含可辨識名稱
dc571ef5-a5e5-4e41-bbd5-41fbc1272ca4,新北市私立文林幼兒園,私立,樹林區,ChIJ2aC2kkAdaDQRX0nqPmQbPsM,新北市私立文林幼兒園,238台灣新北市樹林區保安里千歲街46巷12號,,,Google 名稱含可辨識名稱
dc5bd7fe-1d67-43c8-a558-9ac0735574be,新北市私立肯妮斯幼兒園,私立,三重區,ChIJh_oF19SoQjQRt8T861EevJY,肯妮斯幼兒園（準公共化）,241台灣新北市三重區碧華里三信路9號,,,Google 名稱含可辨識名稱
dc671b2c-e2d1-4814-bef1-7d41fba87051,新北市立林口幼兒園文化分班,公立,林口區,,,,,,Google 回傳 1 筆但名稱皆不含「立林口文化分班」
dc995f6c-894d-48ca-a99b-fa77c05ec6a1,新北市立明志國民中學附設幼兒園,公立,三重區,ChIJG0eGROCoQjQR1NxV5XSIPr0,新北市立明志國民中學,241台灣新北市三重區重陽里中正北路107號,,,Google 名稱含可辨識名稱
dca69252-6799-484f-8dcf-0cd218174d72,新北市貢寮區貢寮國民小學附設幼兒園龍門分班,公立,貢寮區,,,,,,Google 回傳 3 筆但名稱皆不含「貢寮區貢寮國民小學龍門分班」
dcbbfbfe-fa00-4edb-beec-951ca614dae1,新北市私立安欣幼兒園,私立,中和區,ChIJW9W6yGMDaDQRS35nRX4CAhY,安欣幼兒園,235台灣新北市中和區壽德里民德路358號,,,Google 名稱含可辨識名稱
dcc9f76c-7516-4ee6-a515-91ef8f56a931,新北市私立永育兒童城幼兒園,私立,永和區,,,,,,Google 回傳 20 筆但名稱皆不含「永育兒童城」
dd17ca26-50f1-4758-abf8-6f2f16f44c1a,新北市私立惠文兒童領袖幼兒園,私立,三重區,ChIJt1fROdWoQjQRnu1UPw6r9NY,惠文兒童領袖幼兒園,241台灣新北市三重區富貴里五華街207號,,,Google 名稱含可辨識名稱
dd33439b-13ed-402e-bc27-0be5e78a4de1,新北市三重區永福國民小學附設幼兒園,公立,三重區,ChIJe98_rNqoQjQR6esGknBpZ_s,新北市三重區永福國民小學,241台灣新北市三重區永福里永福街66號,,,Google 名稱含可辨識名稱
dd5f0469-7732-4500-8b38-fbb55290b6df,新北市私立樺興幼兒園,私立,瑞芳區,ChIJe5ur4fZPXTQREdMAvIgg4Nw,私立樺興幼兒園,224台灣新北市瑞芳區龍潭里瑞芳街21之1號,,,Google 名稱含可辨識名稱
ddd713e8-82fc-4044-af3b-f5081eccf198,新北市私立華盛頓幼兒園,私立,五股區,ChIJ2a336SSmQjQRvM30hWgbOiQ,華盛頓幼兒園,248台灣新北市五股區水碓里成泰路一段101號,,,Google 名稱含可辨識名稱
de02ab8e-2266-4463-b462-2541642b4657,新北市私立光華幼兒園,私立,蘆洲區,ChIJhyHuK0upQjQRDpJGU-xOABU,光華幼兒園,247台灣新北市蘆洲區玉清里重陽二街8號,,,Google 名稱含可辨識名稱
de088738-5fa8-4b22-9d47-54dc2a948203,新北市私立宏鶯幼兒園,私立,鶯歌區,ChIJ585KcLMeaDQRgOvJweNVRDU,新北市私立宏鶯幼兒園,239台灣新北市鶯歌區永昌里鶯桃路95巷16號,,,Google 名稱含可辨識名稱
de1d35ee-09f5-4123-8b7e-eca39d945022,財團法人新北市私立及人國民小學附設新北市私立幼兒園,私立,永和區,ChIJTRYPW8CpQjQRvLUoWEur_Mo,私立及人國民小學,234台灣新北市永和區新廍里文化路172號,,,Google 名稱含可辨識名稱
de663397-00fa-41ee-a49f-fc3dca3c5cc1,新北市三重區五華國民小學附設幼兒園,公立,三重區,ChIJq8v3O9WuQjQRzwRp_-9Jzkg,新北市三重區五華國民小學,241台灣新北市三重區富貴里集賢路89號,,,Google 名稱含可辨識名稱
de94b80f-f2b3-4e11-a0b2-2fe860dade1b,新北市私立新寰宇國際幼兒園,私立,三重區,ChIJafxiKw2pQjQRmI-pBKuBmok,新北市私立新寰宇國際幼兒園,241台灣新北市三重區碧華里集仁街81號,,,Google 名稱含可辨識名稱
deb48e81-e003-4c9c-9105-80c29e4d503b,新北市新店區新和國民小學附設幼兒園,公立,新店區,ChIJkdHjjw0CaDQRekAR4mKTrgc,新北市新店區新和國民小學,231台灣新北市新店區永安里安和路三段100號,,,Google 名稱含可辨識名稱
dee6d12d-b6aa-451f-a6f0-d7ee60e39b7d,功學社教育用品股份有限公司附設新北市私立燕翔幼兒園,私立,蘆洲區,,,,,,Google 回傳 1 筆但名稱皆不含「功學社教育用品燕翔」
defceb44-8c58-4e5e-97df-4601bbad1dca,新北市私立馨園幼兒園,私立,蘆洲區,ChIJEbhHUrGoQjQRLSBdLynOI1Q,新北市私立馨園幼兒園,247台灣新北市蘆洲區正義里長樂路81號,,,Google 名稱含可辨識名稱
df2dbb2e-4ab0-460a-aef5-597739263ad2,新北市私立艾維恩四維幼兒園,私立,板橋區,ChIJq6qqqg-oQjQRPAJGkXfA8so,新北市私立艾維恩四維幼兒園,220台灣新北市板橋區明翠里四維路257號2樓,,,Google 名稱含可辨識名稱
dfab035f-e04d-4840-8ecb-11880b2fce12,新北市私立中和松柏幼兒園,私立,中和區,ChIJ5d1sbJ8CaDQR9arA9MGmTeQ,新北市私立中和松柏幼兒園,235台灣新北市中和區國光里國光街112巷42號,,,Google 名稱含可辨識名稱
dfdad258-8004-429a-aa99-8d67e4ba3400,新北市蘆洲區忠義國民小學附設幼兒園,公立,蘆洲區,ChIJyWGWZrSoQjQRcBTAO9Pe8Pk,新北市蘆洲區忠義國民小學,247台灣新北市蘆洲區正義里光榮路99號,,,Google 名稱含可辨識名稱
dfe33fb7-a85f-49e0-97e2-458db82b2df7,新北市碧城非營利幼兒園(委託社團法人中華音樂舞蹈暨表演藝術教育協會辦理),非營利,三重區,ChIJp3X7E5GvQjQRhsy7dd9fH4Q,碧城非營利幼兒園,241台灣新北市三重區富貴里三信路166號,,,Google 名稱含可辨識名稱
dfef52a3-f8c1-439c-b081-fa894a0551a8,新北市私立深緣幼兒園,私立,深坑區,ChIJEwP-d8WqQjQRPkyzPE8S4iw,深緣幼兒園,222台灣新北市深坑區深坑里平埔街5巷12號,,,Google 名稱含可辨識名稱
dff00ebe-2685-4543-aa09-023476a9a81c,新北市中華電信江翠職場互助教保服務中心（委託社團法人台灣幼兒早期教育協會辦理）,私立,板橋區,ChIJd5JIGhCpQjQRFzvstJbtCnM,新北市中華電信江翠職場互助教保服務中心,22043台灣新北市板橋區龍翠里雙十路二段70巷2號,,,Google 名稱含可辨識名稱
e03bfe7f-32b8-40e6-84cd-0a50d11e90a4,新北市私立禾芮幼兒園,私立,中和區,ChIJIwtB5lQDaDQRa89qGTylNyw,禾芮幼兒園 Hooray Preschool,235台灣新北市中和區安穗里員山路320號,,,Google 名稱含可辨識名稱
e04d2848-3544-427a-b063-ec94bca018e0,新北市立土城幼兒園清水分班,公立,土城區,,,,,,Google 回傳 1 筆但名稱皆不含「立土城清水分班」
e057547a-3b11-4109-94b6-caa253313a88,新北市私立永達幼兒園,私立,永和區,ChIJPVEsHe-pQjQRGW3OPWT1H8k,私立永達幼兒園,234台灣新北市永和區永貞里永貞路39巷9弄9號,,,Google 名稱含可辨識名稱
e09addda-b344-4f66-9d10-896468d30b50,新北市私立育全保安幼兒園,私立,樹林區,ChIJRYWTn2wdaDQRR0Fa2BvcQ_Y,新北市私立育全保安幼兒園,238台灣新北市樹林區潭底里保安街一段345號,,,Google 名稱含可辨識名稱
e0ce292e-a2ac-46e1-9dcd-a9b03edd95a8,小太陽教育事業股份有限公司附設新北市私立小太陽美學幼兒園,私立,永和區,,,,,,Google 回傳 1 筆但名稱皆不含「小太陽教育事業小太陽美學」
e0ee7859-8df5-4f94-8303-54f2d91514a4,新北市私立愛林城堡幼兒園,私立,林口區,ChIJXTZoaianQjQR1yA6vL4Xzls,愛林城堡,244台灣新北市林口區麗林里公園路45號,,,Google 名稱含可辨識名稱
e130c7b5-0ce6-4bba-9755-aee40d27e305,新北市中園非營利幼兒園(委託財團法人成長文教基金會辦理),非營利,三峽區,ChIJ0-qM6ugbaDQRBvFCbGDgbzQ,新北市中園非營利幼兒園,237台灣新北市三峽區中埔里弘園街22號,,,Google 名稱含可辨識名稱
e17cc896-a8fb-471e-999a-7aa8993886cd,新北市私立立新幼兒園,私立,土城區,ChIJNX-RiSwdaDQRqemPQGDUAwc,私立立新幼兒園,236台灣新北市土城區員林里中央路二段149巷10弄2號,,,Google 名稱含可辨識名稱
e17eb5a5-59a1-4935-9ff3-3aee4a5d0742,夏恩國際教育股份有限公司附設新北市私立夏恩昌隆幼兒園,私立,新莊區,,,,,,Google 回傳 1 筆但名稱皆不含「夏恩國際教育夏恩昌隆」
e1b33481-95f5-4acf-8bdb-6ca56da9b4ad,新北市私立劍橋幼兒園,私立,蘆洲區,ChIJ5c4EG7OoQjQRlOjI2pHbFPQ,蘆洲區私立劍橋幼兒園,247台灣新北市蘆洲區正義里長榮路700號,,,Google 名稱含可辨識名稱
e1cc4f14-019f-4f9e-9ac6-e003690c1b4a,新北市金山區中角國民小學附設幼兒園,公立,金山區,ChIJrQXqcUtLXTQRykvjJ9zQOSw,新北市金山區中角國民小學,208台灣新北市金山區萬壽里海興路49號,,,Google 名稱含可辨識名稱
e1fe6333-13fe-40e7-a8fe-28d2d64136eb,新北市私立聖中幼兒園,私立,中和區,ChIJLZpsAIMCaDQR_5BffOQ_qAg,新北市私立聖中幼兒園,235台灣新北市中和區信和里新生街166巷18號,,,Google 名稱含可辨識名稱
e2bc0caf-4b86-4bab-a200-0eee53e298dc,新北市私立迪仕尼幼兒園,私立,中和區,ChIJLyMRLOSmQjQRIYbXciQ2S8A,私立迪仕尼幼兒園/托嬰中心,235台灣新北市中和區東南里忠孝街57號,,,Google 名稱含可辨識名稱
e2f29417-5c73-45dd-ba33-3fb39c2cb44d,新北市私立康乃爾幼兒園,私立,鶯歌區,ChIJlZ5glqweaDQRaGNmxRUwZJM,新北市私立康乃爾幼兒園,239台灣新北市鶯歌區同慶里育英街98之1號,,,Google 名稱含可辨識名稱
e31b3c75-ab4f-463a-bbff-76b62b0c22d5,新北市私立育圃幼兒園,私立,永和區,ChIJjTEPJ9ypQjQRvyw3vF1J8_M,育圃蒙特梭利幼兒園,234台灣新北市永和區安和里中和路483號2樓,,,Google 名稱含可辨識名稱
e34cced0-7837-4c70-8e2d-031e0942a03e,新北市私立禾森幼兒園,私立,林口區,ChIJUbCmeP2nQjQRf5jGRrfFdZ4,新北市私立禾森幼兒園,244台灣新北市林口區南勢里文化北路一段48號,,,Google 名稱含可辨識名稱
e354470d-596a-422d-bf6e-56ad4c881493,新北市私立裕德幼兒園,私立,土城區,ChIJMx6GtMoCaDQRTI62Co7g9T0,裕德幼兒園,236台灣新北市土城區裕生里中華路一段46號,,,Google 名稱含可辨識名稱
e39c0502-e59a-4aee-9caf-8fcb66839548,新北市私立偉恩幼兒園,私立,中和區,ChIJowVMJ6MCaDQR_TwQt6jBw-8,新北市私立偉恩幼兒園,235台灣新北市中和區明德里華順街103巷1號,,,Google 名稱含可辨識名稱
e3ab5d52-bfb7-4de6-bc8f-21f9064d3c37,新北市私立精緻之家幼兒園,私立,板橋區,ChIJLTfZM6cCaDQRyC1a0qk8fLY,精緻之家幼兒園,220台灣新北市板橋區後埔里重慶路91巷12號,,,Google 名稱含可辨識名稱
e3b4597a-fa9a-49ca-9b80-3b5884c37b0a,新北市立烏來幼兒園,公立,烏來區,ChIJSWHH44sGaDQRV8BANZSo8Es,新北市立烏來國民中小學附設幼兒園,233台灣新北市烏來區烏來里啦卡路5號,,,Google 名稱含可辨識名稱
e3ea126e-e857-48af-8ec3-5c3b59a35f27,新北市私立凱怡幼兒園,私立,五股區,ChIJZcWKlhumQjQRn5aCba-6drY,凱怡幼兒園,248台灣新北市五股區五股里成泰路二段170號,,,Google 名稱含可辨識名稱
e3f2caf9-0d88-4aed-b0ea-0afeea09d259,新北市私立積木幼兒園,私立,新店區,ChIJ30zmafUBaDQRdzbKu4l5NiQ,積木美國幼兒學校,231台灣新北市新店區中華里三民路31號,,,Google 名稱含可辨識名稱
e4acb8e1-28ed-4680-8069-f70082c5b3fa,新北市私立芯蒙園幼兒園,私立,蘆洲區,ChIJX2nB02WpQjQRyDg94L2WsOQ,新北市私立芯蒙園幼兒園,247台灣新北市蘆洲區正義里長興路188號186號,,,Google 名稱含可辨識名稱
e55aa1f7-463a-45c9-bcfe-9dc3b7a46bf5,新北市三峽區五寮國民小學附設幼兒園,公立,三峽區,,,,,,Google 回傳 1 筆但名稱皆不含「三峽區五寮國民小學」
e581af36-7a75-43ee-a980-4113715d0c03,新北市私立千暉幼兒園,私立,新莊區,ChIJW81wg_SnQjQRutezGPJv_c4,新北市私立千暉幼兒園,242台灣新北市新莊區成德里八德街95巷1弄2號,,,Google 名稱含可辨識名稱
e58d0c67-78ff-4c26-9b37-ddf986454206,新北市立五峰國民中學附設幼兒園,公立,新店區,,,,,,Google 回傳 1 筆但名稱皆不含「立五峰國民中學」
e5bccc29-be9c-4905-9761-2baae56e319d,新北市新莊區民安國民小學附設幼兒園,公立,新莊區,,,,,,Google 回傳 1 筆但名稱皆不含「新莊區民安國民小學」
e5c732cf-e5da-4c08-8bf7-b4a9b8c36140,新北市崁頂非營利幼兒園(委託財團法人三之三生命教育基金會辦理),非營利,淡水區,,,,,,Google 回傳 1 筆但名稱皆不含「崁頂」
e60e6c87-d309-4928-88a3-54f7bb05ff0e,新北市私立聖路易幼兒園,私立,板橋區,ChIJPyEUX7ECaDQRi2rTAGsZzI0,新北市私立聖路易幼兒園,220台灣板橋區華東里南雅南路二段156號,,,Google 名稱含可辨識名稱
e6198f58-e9bb-42c1-b3d5-3187334a865c,新北市私立菲力復興幼兒園,私立,新店區,ChIJKe7hZP4BaDQRssP91dJ0p-c,菲力復興幼兒園,231台灣新北市新店區信義里中興路三段331號,,,Google 名稱含可辨識名稱
e6613f6b-df05-4fda-95ba-35bde0f08ad1,新北市泰山區泰山國民小學附設幼兒園,公立,泰山區,ChIJ3YAaMTKmQjQRsM_RH5qzfO8,新北市泰山區泰山國民小學,243台灣新北市泰山區山腳里泰林路二段255號,,,Google 名稱含可辨識名稱
e669ee65-658a-4df7-a6f5-ac38166ce14f,新北市八里區八里國民小學附設幼兒園,公立,八里區,ChIJl25xhQClQjQRMb9Xa9mpzx4,新北市八里區八里國民小學,249台灣新北市八里區訊塘里中山路二段338號,,,Google 名稱含可辨識名稱
e7071b50-ceec-44dd-8ea7-8472631c3360,新北市私立長頸鹿吉凱幼兒園,私立,三重區,ChIJG06ZdvSoQjQRVj2yAt7blkI,長頸鹿吉凱幼兒園,241台灣新北市三重區谷王里興德路100號,,,Google 名稱含可辨識名稱
e71e588a-0f6a-4162-ac86-3fdc9055cca2,新北市私立春池幼兒園,私立,中和區,ChIJ2845V3UCaDQRoijbxAfV508,春池國際幼兒學校,235台灣新北市中和區安樂里宜安路118巷2號,,,Google 名稱含可辨識名稱
e7d6abd6-c3cd-4b98-a303-f41aa9bcd1d1,新北市私立愛莉幼兒園,私立,汐止區,ChIJbXwZoU1TXTQR5cV5los1i2k,愛莉幼兒園,221台灣新北市汐止區中興里福德二路125巷1號,,,Google 名稱含可辨識名稱
e8291677-97a8-4410-8e9b-1c82144a180c,新北市林口區麗園國民小學附設幼兒園,公立,林口區,ChIJ6wmHMCCnQjQR0i6pkme2O48,新北市林口區麗園國民小學,24447台灣新北市林口區麗園里忠孝路591號,,,Google 名稱含可辨識名稱
e8302dad-77f8-4f3e-9435-05380ada974d,天主教耕莘醫療財團法人附設新北市私立永和耕莘幼兒園,私立,永和區,,,,,,Google 回傳 20 筆但名稱皆不含「天主教耕莘醫療永和耕莘」
e86a5c29-56c2-4a3d-ad96-e3c127194496,新北市私立維格爾欣悅幼兒園,私立,汐止區,ChIJ1RlT1VNTXTQRvfhWEKfZAAE,新北市私立維格爾欣悅幼兒園,221台灣新北市汐止區樟樹里工建路358號,,,Google 名稱含可辨識名稱
e9d0c13f-6fb0-499d-a2af-06da5e03e945,新北市私立慧爾幼兒園,私立,汐止區,ChIJSaBEbGtTXTQR3Fpx4mkPBGg,新北市私立慧爾幼兒園,221台灣新北市汐止區大同里大同路二段240號3樓,,,Google 名稱含可辨識名稱
ea883f16-11bf-4160-b8b8-202307f7d0b4,新北市私立嘉穎幼兒園,私立,板橋區,ChIJATjUvz-oQjQRhVABg2zTDvk,新北市私立嘉穎幼兒園,220台灣新北市板橋區莒光里文化路二段92號1樓,,,Google 名稱含可辨識名稱
ea8c388c-307e-4041-854f-8e3d41c8f5cb,新北市私立育樂幼兒園,私立,板橋區,ChIJ2__PQBuoQjQRD2KqOg1GjcE,育樂幼兒園,220台灣新北市板橋區民安里民權路260巷7號,,,Google 名稱含可辨識名稱
ea94c3db-d304-4ad2-b6d5-2baa61c63705,新北市私立安迪生幼兒園,私立,永和區,ChIJcU5GGACpQjQRWM1oISJtPjs,新北市私立安迪生幼兒園,234台灣新北市永和區永安里永貞路228號,,,Google 名稱含可辨識名稱
eadf04f8-4024-4cf4-be6f-34f81e567a57,新北市私立永錡新莊幼兒園,私立,新莊區,,,,,,Google 回傳 2 筆但名稱皆不含「永錡新莊」
eb1a22a6-52ea-4dac-84cd-3aee315b4503,馬偕學校財團法人馬偕醫護管理專科學校附設新北市私立馬偕示範幼兒園,私立,三芝區,,,,,,Google 回傳 2 筆但名稱皆不含「馬偕馬偕醫護管理專科學校馬偕示範」
eb4be7d2-1387-4e06-8ed4-eaefc834d0b5,新北市私立文化幼兒園,私立,三峽區,ChIJ927d_vAbaDQROKyiwHwcZ-w,文化幼兒園,237台灣新北市三峽區鳶山里大勇路3巷1號,,,Google 名稱含可辨識名稱
eb4f6615-aff5-4e0b-8050-7cae8934aa11,新北市立碧華國民中學附設幼兒園,公立,三重區,,,,,,Google 回傳 1 筆但名稱皆不含「立碧華國民中學」
eb768316-913e-463a-b861-d7c266ac4e26,新北市私立葳瑪藝術幼兒園,私立,樹林區,ChIJgZD7_HMcaDQR3_B42POsieg,葳瑪藝術幼兒園,238台灣新北市樹林區南園里學士路20號,,,Google 名稱含可辨識名稱
eb99d205-685d-41e6-bc51-879c8741817f,新北市板橋區實踐國民小學附設幼兒園,公立,板橋區,ChIJEbUvRaACaDQR9nQ0tN_05SM,新北市板橋區實踐國民小學,220台灣新北市板橋區國泰里實踐路93巷51號,,,Google 名稱含可辨識名稱
ebeeff50-09ba-429d-a0e6-36fcca4297b7,新北市私立三和幼兒園,私立,三重區,ChIJt8bqsNCoQjQRfOhEnFUepiw,新北市私立三和幼兒園,241台灣新北市三重區福樂里三和路四段123號,,,Google 名稱含可辨識名稱
ebf75b5f-1107-4ec6-95a5-8d6e4d13e7bc,新北市淡水區興仁國民小學附設幼兒園,公立,淡水區,ChIJDbFCV3mwQjQRbcXAG4aJkCk,新北市淡水區興仁國民小學,251台灣新北市淡水區興仁里興仁路101巷10號,,,Google 名稱含可辨識名稱
ec55349d-18ed-42de-9dbe-bf858bdcec96,新北市私立省思幼兒園,私立,板橋區,ChIJuyVgWDsdaDQRhfC2DwpX2dE,新北市私立省思幼兒園,220台灣新北市板橋區溪福里篤行路三段玉平巷101號,,,Google 名稱含可辨識名稱
ec75a10f-ffc2-435e-9721-97f3f8bc4178,新北市私立安佳幼兒園,私立,土城區,ChIJV4vOzbACaDQRtlrocUksXOQ,新北市私立安佳幼兒園,236台灣新北市土城區廣明街74號,,,Google 名稱含可辨識名稱
ecca529e-994f-430d-a4dd-571fbf742e40,新北市安溪非營利幼兒園(委託社團法人桃園市教保服務人員協會辦理),非營利,三峽區,ChIJ3TEEz-0baDQR7elWXXhJmLw,安溪非營利幼兒園,237台灣新北市三峽區安溪里中華路42號,,,Google 名稱含可辨識名稱
ed0c991d-b61b-4a7c-8802-db5b087c6500,新北市積穗非營利幼兒園(委託財團法人三之三生命教育基金會辦理),非營利,中和區,ChIJA6iLy-QDaDQRGy8ZWOZB2eg,新北市積穗非營利幼兒園(委託財團法人三之三文教基金會辦理),235台灣新北市中和區嘉新里民安街150號,,,Google 名稱含可辨識名稱
ed0e4646-ed9a-4910-8e3c-0395395269fc,新北市私立安安堡幼兒園,私立,中和區,ChIJdWir2dOpQjQR4Xr5jaFzJ2Y,新北市私立安安堡幼兒園,235台灣新北市中和區中原里橋和路298號1.2樓,,,Google 名稱含可辨識名稱
ed11a794-5b74-4185-a81c-c57256cf4af1,新北市立金山幼兒園中正中華分班,公立,金山區,,,,,,Google 回傳 1 筆但名稱皆不含「立金山中正中華分班」
ed7acddd-2520-42f2-b5d0-2ed00489a08b,新北市私立漢林堡幼兒園,私立,板橋區,ChIJQx6L9BmoQjQRlUJJ3RTLCtM,新北市私立漢林堡幼兒園,220台灣新北市板橋區漢生里光正街12之1號,,,Google 名稱含可辨識名稱
ed8f84f3-130e-4081-8f21-694d5be7ff5a,新北市私立裕德藝術幼兒園,私立,土城區,,,,,,Google 回傳 1 筆但名稱皆不含「裕德藝術」
edad0b36-e01d-40df-a935-247f284f78b3,新北市私立佳學幼兒園,私立,土城區,,,,,,Google 回傳 20 筆但名稱皆不含「佳學」
ee1d8f01-f2cc-431e-be23-feab70e7293f,新北市立新店幼兒園和平分班,公立,新店區,,,,,,Google 回傳 1 筆但名稱皆不含「立新店和平分班」
ee1db239-95e8-4509-8cbb-11ef60a95692,新北市私立大世紀幼兒園,私立,新莊區,ChIJXRS1AXCoQjQR_mQFtz8FqP0,私立大世紀幼兒園,242台灣新北市新莊區思賢里公園路129號,,,Google 名稱含可辨識名稱
eedf3dd5-eac9-442c-8e06-4b4b6fa3c1a9,新北市私立蘇格拉底幼兒園,私立,板橋區,ChIJ7Q_ULDmoQjQRZ6levt6ZylE,蘇格拉底幼兒園,220台灣新北市板橋區埤墘里莒光路211號,,,Google 名稱含可辨識名稱
eef05ffd-f7bf-42b4-a7a2-ee687b4b9b06,新北市私立哈寶寶幼兒園,私立,汐止區,ChIJF9IFIg5TXTQRhOrzTjHdZ0s,新北市私立哈寶寶幼兒園&托嬰中心,221台灣新北市汐止區建成里建成路56巷27號2樓,,,Google 名稱含可辨識名稱
efac417e-b683-4f5b-92b8-456a0c1dc795,新北市私立大崁璽恩幼兒園,私立,八里區,ChIJUYcydhGlQjQRFxcW8Oujqws,大崁璽恩幼兒園,249台灣新北市八里區大崁里中山路一段190號,,,Google 名稱含可辨識名稱
efeb2820-084e-43fa-8008-4b3bc42c66f0,新北市私立寶仁幼兒園,私立,板橋區,ChIJ7Tv5E-yrQjQRgvh7baFiVYs,台北市私立寶仁幼兒園,105台灣臺北市松山區龍田里光復北路230巷1號1樓,,,Google 名稱含可辨識名稱
effa475f-2829-416c-bd9c-ef6b0474c70c,新北市私立育心寶貝幼兒園,私立,中和區,ChIJTftYkYYCaDQRgXsPRpvD1rQ,育心寶貝幼兒園,235台灣新北市中和區中正里中和區連城路389巷11號,,,Google 名稱含可辨識名稱
f00580b7-fe1d-445f-9ffa-20553a172def,新北市私立大全幼兒園,私立,三重區,ChIJc009muSoQjQRzi1rOeqbgcM,私立大全幼兒園,241台灣新北市三重區重明里重陽路一段26巷39號,,,Google 名稱含可辨識名稱
f0e38667-23c3-4848-84db-863d869544ab,新北市私立悅慧幼兒園,私立,淡水區,ChIJXwMfVlKlQjQRZt5Ugcij7Mw,新北市私立悅慧幼兒園,251台灣新北市淡水區新民里新春街10巷1號,,,Google 名稱含可辨識名稱
f119ce7e-1d9b-47a2-b555-5b2fd94126de,新北市私立萬甲田幼兒園,私立,淡水區,ChIJ70iOYgCwQjQRWXJ5cXaCRSg,萬甲田幼兒園,251台灣新北市淡水區北投里新市一路三段101巷16弄1號,,,Google 名稱含可辨識名稱
f190914a-758c-4b35-99d9-eda6293a29d8,新北市汐止區樟樹國民小學附設幼兒園,公立,汐止區,ChIJLSHAd0ZTXTQRBsweB1B3UiI,新北市汐止區樟樹國民小學,221台灣新北市汐止區厚德里樟樹一路141巷2號,,,Google 名稱含可辨識名稱
f1bc359d-5695-48cf-b330-edc550f49ec3,新北市私立佳樂幼兒園,私立,永和區,ChIJQTOu-u6pQjQRuiJe866Tc5M,吉的堡佳樂幼兒園,234台灣新北市永和區永福里福和路95號,,,Google 名稱含可辨識名稱
f1f8cf71-0f09-4d3e-b95c-5a785292a1d8,新北市三重區二重國民小學附設幼兒園,公立,三重區,ChIJvxYwGOOoQjQRx8MMKTYh3z4,新北市三重區二重國民小學,241台灣新北市三重區二重里大有街10號,,,Google 名稱含可辨識名稱
f2072e48-0184-473d-8dd2-469d2262618d,新北市中和區中和國民小學附設幼兒園,公立,中和區,ChIJxfm16tepQjQRiGuqC_WG578,新北市中和區中和國民小學,235台灣新北市中和區漳和里中和路100號,,,Google 名稱含可辨識名稱
f210e8e4-5c95-41c6-97c1-ac2fe2875944,新北市私立優貝兒幼兒園,私立,板橋區,ChIJvV_o5CSoQjQR4W99iz2oHtA,優貝兒蒙式準公共幼兒園,220台灣新北市板橋區東丘里三民路二段正隆巷61號,,,Google 名稱含可辨識名稱
f22a9587-06a1-46c4-8a59-8e257956137e,新北市私立美式夏綠蒂幼兒園,私立,蘆洲區,ChIJfbwlXLioQjQREdVNs5zeujs,美式夏綠蒂幼兒園,247台灣新北市蘆洲區永安里九芎街71巷1號,,,Google 名稱含可辨識名稱
f2eab8e7-d9aa-4540-b6a0-02301434fa42,新北市汐止區金龍國民小學附設幼兒園,公立,汐止區,ChIJLeEpULOsQjQRlbH3CisFGO8,新北市汐止區金龍國民小學,221台灣新北市汐止區北峰里明峰街201號,,,Google 名稱含可辨識名稱
f30b0190-a1f8-4782-b84a-8efbaf5f46e8,新北市私立藍天幼兒園,私立,板橋區,ChIJT0fgNzsdaDQRKDVw_Uo5rRo,新北市私立藍天幼兒園,220台灣新北市板橋區溪福里金門街369巷57弄23號,,,Google 名稱含可辨識名稱
f313f8eb-9e8c-422b-8f6d-74214031428d,新北市私立幼煊幼兒園,私立,汐止區,ChIJrTpcDkVTXTQRBuHwVqe8zZ4,幼煊幼兒園,221台灣新北市汐止區忠孝里樟樹一路81號愛快台北,,,Google 名稱含可辨識名稱
f33302f4-b904-4801-aac9-09893c7734bd,新北市立新泰國民中學附設幼兒園,公立,新莊區,ChIJb8YrQNinQjQRGCrSMjC3KEU,新北市立新泰國民中學,242台灣新北市新莊區立泰里新泰路359號,,,Google 名稱含可辨識名稱
f33e5472-f9c8-480f-b84a-9faba13a94f7,新北市私立新碧華幼兒園,私立,三重區,ChIJUa30dtaoQjQRnWoCr362ET8,私立新碧華幼兒園,241台灣新北市三重區慈祐里分子尾街32號,,,Google 名稱含可辨識名稱
f34a8c25-35e3-41a9-889a-88edc12ee6b4,新北市私立重愛幼兒園三民分班,私立,三重區,,,,,,Google 回傳 20 筆但名稱皆不含「重愛三民分班」
f3c34d13-d839-49c6-a902-94a7f30bec81,新北市私立巨耀幼兒園,私立,新店區,ChIJFa8kL_gBaDQR-fIfaD_aY_4,吉的堡巨耀幼兒園,231台灣新北市新店區大豐里大豐路68巷1號,,,Google 名稱含可辨識名稱
f3cd3b25-909e-477e-bf1e-038bf98fc186,新北市私立喜星園幼兒園,私立,三重區,ChIJ004Ywf2oQjQRDzi7kt05gOI,新北市私立勁寶兒喜星園幼兒園,241台灣新北市三重區成功里成功路28號1樓,,,Google 名稱含可辨識名稱
f3f2154d-e82c-42c4-ae79-dbda89186ea8,新北市佳林非營利幼兒園(委託社團法人臺灣兒童教育發展協會辦理),非營利,林口區,ChIJe-eKhhynQjQRbABzxuBujnk,新北市佳林非營利幼兒園（委託社團法人臺灣兒童教育發展協會辦理）,244006台灣新北市林口區中山路268號出入口：佳林路56巷底,,,Google 名稱含可辨識名稱
f3f500d9-6da4-487a-bc60-c3c7547b87ec,新北市大觀非營利幼兒園(委託社團法人新北市中華國際嬰幼兒發展學會辦理),非營利,板橋區,ChIJyWIqLzkDaDQRgo4Sro_oDEw,新北市大觀非營利幼兒園,220台灣新北市板橋區浮洲里僑中一街1號,,,Google 名稱含可辨識名稱
f46b7d8a-8cd9-48c3-b7e6-acee8f03795d,新北市私立星辰幼兒園,私立,五股區,ChIJW4GB51avQjQRalvIsOqqW-0,私立星辰幼兒園,248台灣新北市五股區成德里成泰路三段577巷61號,,,Google 名稱含可辨識名稱
f498bba4-6086-41ab-988c-b9a8b388e5bd,新北市私立甜甜幼兒園,私立,三重區,ChIJy9hiWSapQjQRX-8OJNxepOk,新北市私立甜甜幼兒園,24150台灣新北市三重區尚德里三和路三段83巷9號,,,Google 名稱含可辨識名稱
f5251c62-f52c-47f9-8ee2-acfc5add7e42,新北市私立興華幼兒園,私立,蘆洲區,ChIJCeyjK7qoQjQRgbifk2R0350,興華幼兒園,247台灣新北市蘆洲區延平里長安街73巷3號,,,Google 名稱含可辨識名稱
f570be33-e7ca-47fb-a1bb-26c217133465,新北市立永和幼兒園民生分班,公立,永和區,,,,,,Google 回傳 1 筆但名稱皆不含「立永和民生分班」
f596e9eb-3c03-4897-8739-da2fdf90a27d,新北市私立榮富幼兒園,私立,新莊區,ChIJhdpvAH-oQjQR_DlQfwVy-68,新榮富新莊幼兒園,242台灣新北市新莊區中信里中和街204巷7弄1號,,,Google 名稱含可辨識名稱
f5ad5f39-3a60-45ae-92a9-aa1ad961f18d,新北市立三峽國民中學附設幼兒園,公立,三峽區,,,,,,Google 回傳 2 筆但名稱皆不含「立三峽國民中學」
f5bc0710-c5da-45c4-bb70-101aeb738f9e,新北市樹林區三多國民小學附設幼兒園,公立,樹林區,,,,,,Google 回傳 1 筆但名稱皆不含「樹林區三多國民小學」
f61a699d-908e-4bba-b94b-d9dfbb4775cc,新北市私立勁寶兒晨星園幼兒園,私立,新莊區,ChIJUXawjn2oQjQRPrfP_Evgj1U,勁寶兒晨星園托嬰中心,242台灣新北市新莊區昌隆里中華路二段182號,,,Google 名稱含可辨識名稱
f6269a4e-d973-4761-b949-2f3609e6c427,新北市私立書樂幼兒園,私立,汐止區,ChIJwxyuyklTXTQR6go80FLYQcQ,私立書樂幼稚園,221台灣新北市汐止區湖光里康寧街621號,,,Google 名稱含可辨識名稱
f62f90e2-666b-4dda-9864-2680449bca74,新北市私立立聖幼兒園,私立,板橋區,ChIJoQ1iPwWoQjQRyb2aLiBGxQM,新北市私立立聖幼兒園,220台灣板橋區港德里中正路230號,,,Google 名稱含可辨識名稱
f639af8d-58f1-44e7-939e-cdc2ef87ec04,新北市私立泡泡龍幼兒園,私立,中和區,,,,,,Google 回傳 1 筆但名稱皆不含「泡泡龍」
f662b387-dddd-4f86-adbd-66173ac3edb7,新北市私立高登幼兒園,私立,土城區,ChIJPwoyttwcaDQRij73xiIPuhc,新北市私立高登幼兒園&新北市私立高登托嬰中心&新北市私立快樂高登兒童課後照顧服務中心,236台灣新北市土城區永寧里中央路三段279號,,,Google 名稱含可辨識名稱
f67bdbe3-b20e-423e-b72b-12c045394a0f,新北市私立惠文小熊森林幼兒園,私立,新莊區,,,,,,Google 回傳 12 筆但名稱皆不含「惠文小熊森林」
f6b9d0a9-60ca-4534-80b9-4ea657d58543,新北市私立生活家幼兒園,私立,新莊區,ChIJgxBAjeGnQjQRNdOBgQEYoQ0,生活家幼兒園,242台灣新北市新莊區瓊林里瓊泰路36號,,,Google 名稱含可辨識名稱
f6f14775-9b17-4ffd-824b-b6161bb59851,新北市私立米其幼兒園,私立,瑞芳區,ChIJLQ4qCfdPXTQRSeB6hl9yeaw,米其幼兒園,224台灣新北市瑞芳區龍潭里明燈路三段50巷14號,,,Google 名稱含可辨識名稱
f778e8df-f306-4486-b462-214b08913c59,新北市私立親親幼兒園,私立,永和區,ChIJbwpwpMKpQjQRMpzaEoChxoY,親親幼兒園,234台灣新北市永和區永樂里永和路一段112號,,,Google 名稱含可辨識名稱
f79d0c6d-182d-48cb-85f1-b60e346e7bef,新北市私立快樂瑪麗安葳森幼兒園,私立,永和區,,,,,,Google 回傳 2 筆但名稱皆不含「快樂瑪麗安葳森」
f7a821ab-3e5a-48bc-bab5-1450bb75846c,新北市私立碧華幼兒園,私立,三重區,ChIJUa30dtaoQjQRnWoCr362ET8,私立新碧華幼兒園,241台灣新北市三重區慈祐里分子尾街32號,,,Google 名稱含可辨識名稱
f7abc125-4419-446b-91bd-cfc594b79a67,新北市文中非營利幼兒園（委託社團法人臺灣澄芽全人文教發展協會辦理）,非營利,新店區,ChIJez1m5uABaDQRJc3bDmtyn6A,文中非營利幼兒園,231台灣新北市新店區文中里231,,,Google 名稱含可辨識名稱
f7aed9cb-3415-459a-852a-e0fa73ca55be,新北市私立愛家幼兒園,私立,淡水區,ChIJ4WELGlWlQjQRgeQhZJJEmw8,愛家幼兒園,251台灣新北市淡水區新興里新興街13號,,,Google 名稱含可辨識名稱
f85f47d5-e630-4d53-8d40-13def8b4b3d0,新北市私立愛唯揚幼兒園,私立,板橋區,ChIJG0dNnEioQjQR7rM7zfbsSAE,愛唯揚幼兒園,220台灣新北市板橋區文聖里大同街97號,,,Google 名稱含可辨識名稱
f87606c5-fac7-4313-a61b-ecaa05f5dedf,新北市私立互仁幼兒園,私立,新莊區,ChIJ46dnS32oQjQRM7MtOSN8-5g,互仁幼兒園,242台灣新北市新莊區信義里福壽街99巷8弄2號,,,Google 名稱含可辨識名稱
f8a732f8-5713-45fd-8e4c-047bb3e4c1ce,新北市金山區金山國民小學附設幼兒園,公立,金山區,ChIJNz6yVlZLXTQR9A2GlyBuGz0,新北市金山區金山國民小學,208台灣新北市金山區美田里中山路234號,,,Google 名稱含可辨識名稱
f8e8b0af-f718-497e-b604-c9ae907cf6f4,新北市私立杜克幼兒園,私立,新莊區,ChIJ6cjuhe2nQjQRKF5uKu3UiGo,杜克幼兒園,242台灣新北市新莊區後德里建福路58巷4號,,,Google 名稱含可辨識名稱
f90f4bc6-c088-408f-a4e5-fcb022b2b8f7,新北市私立莒光幼兒園,私立,板橋區,ChIJcbpVCECoQjQRfkdweFnX3wA,新北市私立莒光幼兒園,220台灣新北市板橋區文化里松江街60巷9號,,,Google 名稱含可辨識名稱
f941a036-7e0e-4ec0-a24d-634e3d5cd42c,新北市私立學詮幼兒園,私立,鶯歌區,ChIJLdzjQbYeaDQR8JMzehWgnlM,新北市私立學詮幼兒園,239台灣新北市鶯歌區永吉里德昌街127號,,,Google 名稱含可辨識名稱
f983a143-021d-4c5d-99bd-765242d5e97d,經濟部台灣自來水公司第一區管理處職場互助教保服務中心(委託財團法人三之三生命教育基金會辦理),私立,淡水區,,,,,,Google 回傳 20 筆但名稱皆不含「經濟部台灣自來水公司第一區管理處職場互助」
fa8af2d7-bff8-4215-ad98-92ae4fa1e2cc,台灣基督長老教會淡江學校財團法人新北市私立淡江高級中學附設新北市私立純德幼兒園,私立,淡水區,,,,,,Google 回傳 11 筆但名稱皆不含「台灣基督長老教會淡江淡江高級中學純德」
fa8c867e-6d4a-43d9-b7b7-7897552ad281,新北市私立今仁幼兒園,私立,板橋區,ChIJVakI8jeoQjQRkyD9Aw63svk,今仁幼兒園,220台灣新北市板橋區振興里翠華街4巷7號,,,Google 名稱含可辨識名稱
fad3f686-1250-4cb0-b43e-311617becaea,新北市三重區三光國民小學附設幼兒園,公立,三重區,,,,,,Google 回傳 1 筆但名稱皆不含「三重區三光國民小學」
fae35007-ee81-4d2f-9669-44f3c2ddcd30,新北市私立嘉嘉幼兒園,私立,中和區,ChIJCRRq_96pQjQRBIh-4Vagy2w,新北市私立嘉嘉幼兒園,235台灣新北市中和區安樂里中安街188號,,,Google 名稱含可辨識名稱
fae74bd1-f657-4c50-967d-46c20967df88,新北市新店區雙城國民小學附設幼兒園,公立,新店區,,,,,,Google 回傳 1 筆但名稱皆不含「新店區雙城國民小學」
faf1a89b-d4ce-4cc2-a331-4b7be7b3ba09,新北市私立林口幼兒園,私立,林口區,ChIJI9eJOfCmQjQREaKdvjBAjM0,私立林口幼稚園,244台灣新北市林口區菁湖里林口路89號,,,Google 名稱含可辨識名稱
fb04a2d0-e968-44e0-8833-ca9ca38ab61c,新北市私立卡爾斯登幼兒園,私立,板橋區,ChIJwUXwvUCoQjQRmRdtyPT3S0Q,卡爾斯登幼兒園,220台灣新北市板橋區忠翠里莊敬路42號,,,Google 名稱含可辨識名稱
fb08959e-274d-4093-b39e-4e5628e9dc85,新北市私立大安幼兒園,私立,板橋區,ChIJl8lYEK0CaDQRgwpUdgHQHJc,大安幼兒園,220台灣新北市板橋區大安里大觀路二段59巷29號,,,Google 名稱含可辨識名稱
fb56026e-18c8-4ac0-9855-ad8e53c04be9,新北市私立吉的堡英資幼兒園,私立,三重區,,,,,,Google 回傳 8 筆但名稱皆不含「吉的堡英資」
fb9e4e97-815b-4e9f-879c-86b62c6b5bd5,財團法人新北市私立張方大慈善事業基金會附設新北市私立士箱幼兒園,私立,樹林區,,,,,,Google 回傳 7 筆但名稱皆不含「張方大慈善事業士箱」
fc6cbf31-9bca-4a77-8b15-c7ea079742c8,新北市三芝區三芝國民小學附設幼兒園,公立,三芝區,ChIJH7gTFNK2QjQRDbq7_aXot8o,新北市三芝區三芝國民小學,252台灣新北市三芝區埔頭里育英街22號,,,Google 名稱含可辨識名稱
fcac2136-5e03-4360-972f-04c6126c403c,新北市私立安格幼兒園,私立,汐止區,ChIJrxR271CrQjQRViw2oIzCmWI,安格幼兒園,221台灣新北市汐止區橫科里弘道街53巷8弄5號,,,Google 名稱含可辨識名稱
fd466d95-3594-4897-85b1-9175b43d3348,新北市私立永錡幼兒園,私立,新莊區,ChIJx92NivOnQjQRjqaFlrtXjF8,新北市私立永錡幼兒園(校本部),242台灣新北市新莊區西盛里民安西路410巷15號,,,Google 名稱含可辨識名稱
fdc90f88-d914-41b8-a768-2c4db2f4f6aa,新北市私立徐匯高級中學附設徐匯幼兒園,私立,蘆洲區,,,,,,Google 回傳 1 筆但名稱皆不含「徐匯高級中學徐匯」
fe7c0a9b-ba5b-4c94-925f-e6863d3a523c,新北市私立創意蘋果幼兒園,私立,中和區,ChIJfzOTH4gCaDQRf0wM95EKwt8,長頸鹿美語-創意蘋果幼兒園 補習班,235台灣新北市中和區錦和里圓通路367巷2號2樓、3樓,,,Google 名稱含可辨識名稱
fe8e739a-b6bd-42b6-94d0-10b473c70f3a,新北市新莊區中港國民小學附設幼兒園,公立,新莊區,,,,,,Google 回傳 1 筆但名稱皆不含「新莊區中港國民小學」
fe9012c8-9ca2-400e-a87a-1e4d490aa7fd,新北市私立國園幼兒園,私立,蘆洲區,ChIJe1qDbtKoQjQRbyarmBkFEMg,國園幼兒園,247台灣新北市蘆洲區玉清里民族路148巷2號,,,Google 名稱含可辨識名稱
fea3ddd6-221b-49ca-bb49-6880c7c41d6f,新北市私立愛蜜立幼兒園,私立,新莊區,ChIJuaEY4fWnQjQRHeAj380ckac,愛蜜立幼兒園,242台灣新北市新莊區光榮里西盛街197號,,,Google 名稱含可辨識名稱
feac7379-0a71-478b-8650-0bba4c7cfd40,新北市私立育格幼兒園,私立,瑞芳區,ChIJDZa4WtNRXTQR1Xfpg-wvUE4,新北市私立育格幼兒園,224台灣新北市瑞芳區大埔路國 宅 新村 30-1 號,,,Google 名稱含可辨識名稱
ff0a824f-d127-4e64-9c97-22a2db7a15ee,輔仁大學學校財團法人輔仁大學附設新北市私立幼兒園,私立,新莊區,,,,,,Google 回傳 1 筆但名稱皆不含「輔仁大學輔仁大學」
ff31a685-9cc5-4157-a73e-56efbec5d0ac,龍騰文化事業股份有限公司附設新北市私立林口康橋國際幼兒園,私立,林口區,,,,,,Google 回傳 4 筆但名稱皆不含「龍騰文化事業林口康橋國際」
ff47b1d1-7399-4b11-b7c5-8d35d449c27c,新北市私立藤井樹幼兒園,私立,三重區,ChIJ7WzzfSqpQjQRLUGJQxMZSwo,藤井樹幼兒園,241台灣新北市三重區富福里五華街122巷3號1樓,,,Google 名稱含可辨識名稱
ffa656c5-72e3-4dfb-8ab5-41d5f6233cfb,新北市私立英格麗幼兒園,私立,淡水區,ChIJ-SfxvXavQjQRctU_lKUelz4,英格麗幼兒園,251台灣新北市淡水區福德里自強路110號,,,Google 名稱含可辨識名稱
ffc4bf34-7c35-439c-ae9c-8c064ba5a2ab,新北市私立比佛利幼兒園,私立,泰山區,ChIJc0JNPs2nQjQRvhXgKlR83eY,比佛利幼兒園,243台灣新北市泰山區全興里仁德路105 號,,,Google 名稱含可辨識名稱
ffcb9cfb-cf6f-4c26-8e26-1856c13b2d3c,新北市私立快樂家族幼兒園,私立,淡水區,ChIJ8Ws7apOvQjQR_mHlbNmn_gI,新北市私立快樂家族成長學園,251030台灣新北市淡水區八勢里八勢一街40號,,,Google 名稱含可辨識名稱
