id,title,type,town,place_id,rating,review_count,sampled,n_low,latest_review,fetched_at,status
8731db07-330b-449b-bb0f-ed6c3f040101,新北市私立智盛幼兒園,私立,林口區,ChIJw8Yznd-mQjQRQaLxkeYR_4Q,1.8,5,5,4,2023-08-30,2026-09-13,ok
b4982ad9-ae8e-4528-8232-e922ee0eca31,新北市私立幼苗國際幼兒園,私立,三重區,ChIJrc0-w8KoQjQRWjdal2zkAEY,4.7,220,5,0,2025-12-31,2026-09-13,ok
d3529bca-98d5-4761-9ff3-40ee3716d1dc,新北市私立景光幼兒園,私立,中和區,ChIJgRK58q8DaDQRxGmtrUg3Xc4,4.8,4,4,0,2026-04-20,2026-09-13,ok
148001c6-5150-43d5-8a64-5937a9dd2e3a,新北市私立維珍妮幼兒園,私立,五股區,ChIJ1WWa7lSvQjQRjLZdDTnmTrY,4.6,12,5,0,2023-05-19,2026-09-13,ok
4273705a-5297-4025-a88b-f133cf5f6bca,新北市私立吉尼爾幼兒園,私立,新莊區,ChIJpWF6tX2oQjQRK9mtnJEdnRU,4.4,19,5,0,2024-11-10,2026-09-13,ok
60ff647e-9f81-40a8-8f7e-9aa54cac7dc8,新北市私立學仕幼兒園,私立,三重區,ChIJZTGIFOKoQjQRHxq5IBmFuHA,3,6,5,3,2026-07-12,2026-09-13,ok
d1593649-cd42-4325-a826-900e719f0680,新北市私立南蒂亞幼兒園,私立,林口區,ChIJj1VoRjunQjQRhlKFIP8zHck,4.9,59,5,0,2026-05-15,2026-09-13,ok
d61a1eba-cf26-4627-b11a-15bf04a64a57,新北市私立緹家寶幼兒園,私立,板橋區,ChIJmXB1YBKoQjQRtma6BXijfL0,3.7,3,3,1,2020-10-18,2026-09-13,ok
00ac631e-b98e-428f-9d79-d10a4ed4ed9a,新北市私立嘉府幼兒園,私立,土城區,ChIJRxdwA8kCaDQRgQq9d-oWdQ0,3,2,2,1,2023-11-02,2026-09-13,ok
30f43a37-8653-43fb-bc32-9ded0c010e9a,新北市私立兆元幼兒園,私立,中和區,ChIJOTgTDkwDaDQRRDoKWuspU3w,4.9,12,5,0,2025-04-11,2026-09-13,ok
90ed51b5-00b2-4cc8-ba4a-3d15d0ad1901,新北市私立興南幼兒園,私立,中和區,ChIJRRqRUysDaDQRiNUzr5yCBWw,4.5,46,5,0,2024-07-20,2026-09-13,ok
a4a2f21d-fcaf-4d5c-bde3-149c18f95955,新北市私立民生幼兒園,私立,新莊區,ChIJ3akItGSoQjQR-eRT4z01lKU,3.2,29,5,3,2026-06-09,2026-09-13,ok
c9db2acc-ec78-4809-b1a6-e4f4483a3e4b,新北市私立汐止名人幼兒園,私立,汐止區,ChIJSaBEbGtTXTQROXzNABLWuQc,3.7,15,5,1,2026-04-06,2026-09-13,ok
d6323aea-bb9f-43fd-9065-afda30b807fe,新北市私立及仁幼兒園,私立,鶯歌區,ChIJByZOzsEeaDQR-UiiUbTx7iU,3.5,17,5,4,2024-04-27,2026-09-13,ok
600d045a-d2b3-4e9d-af52-fc8e4f43804f,新北市私立華納幼兒園,私立,三重區,ChIJh5SZMeSoQjQRq4ACnoyMsJs,4.2,44,5,0,2026-04-25,2026-09-13,ok
82171ef0-86b6-4c61-bef8-d6f4079bd78d,新北市私立土城育全幼兒園,私立,土城區,ChIJv-GE5LcCaDQRoI_9pgMpwXw,3.4,40,5,0,2026-05-21,2026-09-13,ok
9c2ca516-0873-41f6-939b-1d8d50aa9f35,新北市私立心慈幼兒園,私立,新莊區,ChIJ_7wM642nQjQR26G6qfZCddM,4.2,10,5,2,2026-08-31,2026-09-13,ok
a456fd33-3ab5-4ca5-b729-7a2cca1478de,新北市私立幼禾幼兒園,私立,新店區,ChIJM_7hQx4CaDQRj9XxfXH3OTU,4.8,25,5,0,2025-07-31,2026-09-13,ok
b5c310cc-71bc-43b1-a86d-54db9d97f62e,新北市私立肯恩土城幼兒園,私立,土城區,ChIJwz6kBAADaDQRExpmBJ99630,3.6,9,5,2,2025-10-27,2026-09-13,ok
00957c83-0061-4581-a587-97629968f371,新北市私立文德幼兒園,私立,蘆洲區,ChIJVVVVVcqoQjQRyzIx1_aBaj8,4,11,5,2,2026-08-07,2026-09-13,ok
015041c0-b0f2-4796-8059-9326dc635995,新北市新莊區豐年國民小學附設幼兒園,公立,新莊區,ChIJTRLBnQyoQjQRyr2fpBBr4vI,,,0,0,,2026-09-13,ok
01c2d147-101d-49e1-8893-0f6e977ac804,新北市私立尼斯堡幼兒園,私立,新店區,ChIJxWxhWBgCaDQRb4mxiieR7L0,5,1,1,0,2023-12-26,2026-09-13,ok
01eb50e6-fdd8-446b-965b-c8743840996b,新北市樹林區育林國民小學附設幼兒園,公立,樹林區,ChIJ8bQ6FRodaDQRDzFiHN8h3Sk,,,0,0,,2026-09-13,ok
02d6d62d-c603-40fb-9216-e32b0dbc529b,新北市私立雙成幼兒園,私立,板橋區,ChIJ2yanWzioQjQRfhKW_H_LpI4,3.1,9,5,3,2026-01-27,2026-09-13,ok
02f02585-4ed6-4760-8378-aa0d1dc24592,新北市私立嘉維幼兒園,私立,汐止區,ChIJ7RJxWG1TXTQRfSOpmsJlkK4,5,1,1,0,2025-05-06,2026-09-13,ok
03270d23-e743-49e7-a553-5374c02f3c2a,新北市立崇林國民中學附設幼兒園,公立,林口區,ChIJSWvLkCanQjQRROFFIhCEiN8,,,0,0,,2026-09-13,ok
036a7238-a59b-4510-93c7-2faa94842fa3,新北市私立秀明幼兒園,私立,永和區,ChIJn5otlOOpQjQR19vTizqcN3M,3.3,9,5,3,2026-03-29,2026-09-13,ok
03825d7c-3ee1-4a49-9faf-e5a31f9ea091,新北市立萬里幼兒園,公立,萬里區,ChIJNaUnSkRMXTQRfBjL0mQeAoU,4.4,9,5,0,2023-03-29,2026-09-13,ok
047084ac-b09b-4bbc-b26c-48038f6eb3c2,新北市私立諾亞幼兒園,私立,板橋區,ChIJ4QBz1ASoQjQRO3nnQLMhP2k,4.5,16,5,0,2026-02-09,2026-09-13,ok
047189d5-c1c1-473b-ad95-28a89393f152,新北市私立橡樹園幼兒園,私立,樹林區,ChIJxzURbR8daDQRLOhyD0yY-9E,4.2,17,5,0,2026-04-16,2026-09-13,ok
04e11b3c-18be-462a-8051-605d19f099d5,新北市私立童苑幼兒園,私立,板橋區,ChIJ05o-9LMCaDQRWNWcd5BgaiA,3.9,33,5,0,2023-07-12,2026-09-13,ok
04e13797-848b-44bf-b8cd-6560b75ea6c2,新北市私立禾力幼兒園,私立,新店區,ChIJ7Y_iWkgCaDQRPP72rZ1RnHc,5,1,1,0,2019-04-03,2026-09-13,ok
051090ca-0490-409c-9325-c3c6b864fb44,新北市私立維妮爾國際幼兒園,私立,土城區,ChIJUX4XbAADaDQRegyRc6N8x3g,4.7,22,5,0,2024-12-22,2026-09-13,ok
0565243e-7cbe-4e7b-bbdd-af5681fb3cd6,新北市私立蘆洲北大幼兒園,私立,蘆洲區,ChIJMTBKB8yoQjQRSBgguGZXPTI,4.6,28,5,1,2026-07-24,2026-09-13,ok
057c3fba-aa93-4565-b6a3-538934701761,新北市私立柏克萊幼兒園,私立,樹林區,ChIJ58EP8xwdaDQRBe7r9ohdXAI,4.9,226,5,0,2025-09-23,2026-09-13,ok
05836c61-7743-4587-af34-47fb426d94cd,新北市私立上綸幼兒園,私立,三重區,ChIJnQAMOBmpQjQRrrS5B0pz_oc,5,5,5,0,2025-04-10,2026-09-13,ok
06097a7f-62a8-408a-b006-05b4a54330cf,新北市私立安尼爾幼兒園,私立,三重區,ChIJRdBQ2impQjQRZ7RigsFhL_M,4.8,113,5,1,2025-12-20,2026-09-13,ok
00d30196-28bb-4e56-939e-29e2936fb7b9,新北市私立小綠芽幼兒園,私立,新店區,ChIJk_SRpx0CaDQRyElXoLsRPVY,5,56,5,0,2025-11-11,2026-09-13,ok
01442eb5-9fc6-4547-bb2c-1b8fceadd759,新北市私立嘉傑幼兒園,私立,林口區,ChIJ-a22WGmnQjQR5ix9q_Sfxkg,5,62,5,0,2023-12-22,2026-09-13,ok
017b0a72-fa5e-45eb-b115-b846c664659d,新北市私立培揚幼兒園,私立,板橋區,ChIJeWtzWa8CaDQRIDb3QFpeOD0,3.5,2,2,1,2020-07-08,2026-09-13,ok
021f761f-1453-478b-acef-67ba962aefc4,新北市私立福樂幼兒園,私立,中和區,ChIJDdvrS3ACaDQRUFkcw44lM6Q,3.6,36,5,4,2026-05-04,2026-09-13,ok
0236265a-afaa-4f10-a39b-57875f4e33d3,新北市私立強生幼兒園,私立,五股區,ChIJCwBJ51SvQjQRUUEagm7rkRs,3.5,11,5,2,2026-01-06,2026-09-13,ok
025bf32e-2472-4b0c-8788-35d6f2a8408d,新北市私立小天才幼兒園,私立,新店區,ChIJFaaSjfsBaDQRgagRApOfjtM,4,4,4,1,2026-01-26,2026-09-13,ok
02a9b22e-24c1-4697-b811-4e71ca41e32c,新北市私立美樂蒂幼兒園,私立,蘆洲區,ChIJSVyoa8moQjQRKD1JNf2V4qQ,4.3,7,5,1,2023-11-13,2026-09-13,ok
03175d8f-1bef-4e67-9672-a81ef3d0efa4,新北市私立俏媽咪幼兒園,私立,新店區,ChIJD9zDefcBaDQR8OHR-BbZH4s,4.7,14,5,0,2025-07-29,2026-09-13,ok
03708867-73a4-4ecf-b4bd-5fc56bb89533,新北市私立幸福幼兒園,私立,板橋區,ChIJ1fhK2xCoQjQR8RS1PWmfqtw,4.9,64,5,0,2025-05-08,2026-09-13,ok
03ab7b24-d3c2-42e9-8529-f11ef9f872dd,新北市私立樂童幼兒園,私立,新店區,ChIJ82FLuvkBaDQRHft7F-wIeGw,4.2,11,5,0,2024-08-31,2026-09-13,ok
03eb9a65-0d42-449e-89c4-55e132541b72,新北市私立名人幼兒園,私立,樹林區,ChIJZd3F7SEdaDQRDJWihIrfG3E,4,45,5,0,2024-05-09,2026-09-13,ok
050e21d5-d9ea-459e-8b0d-27d23f33c46e,新北市私立鴻園幼兒園,私立,板橋區,ChIJtR51oyOoQjQR-usFqgXnxXc,4.3,16,5,2,2023-06-05,2026-09-13,ok
05251e4e-d9c7-4d7f-92c4-826600837171,新北市私立凱文幼兒園,私立,蘆洲區,ChIJO6IjcLCoQjQR2zZTkW2cNsI,4.9,8,5,0,2021-08-06,2026-09-13,ok
066d09b6-1db4-4fc7-a897-fa95c5ac85a2,新北市私立愛迪生幼兒園,私立,鶯歌區,ChIJ_YX6vEwZaDQRqwcXbIaZ4dM,3.8,18,5,3,2026-07-07,2026-09-13,ok
0672f4e2-4339-4c18-819d-a3eb7fe096fd,新北市私立巧可麗幼兒園,私立,永和區,ChIJGQzq4eqpQjQRkzicBqB9hFc,4.9,46,5,0,2026-07-22,2026-09-13,ok
06e366dd-480f-4c0b-86ba-eb292df929c6,新北市私立新永福幼兒園,私立,三重區,ChIJXYdwwdqoQjQRgfRKVdpNlb4,3.1,30,5,3,2026-06-03,2026-09-13,ok
06e694a9-1cfb-4e3e-a4ce-15efde3fd78c,新北市私立宏米優質幼兒園,私立,汐止區,ChIJnxjn8Q1TXTQRIsIfxHKIolA,4,7,5,1,2026-05-05,2026-09-13,ok
0731e5ee-c386-4de4-9217-5f7409e6cf3b,新北市淡水區水源國民小學附設幼兒園,公立,淡水區,ChIJkcZR3zqwQjQRdzDc6fQEK2o,,,0,0,,2026-09-13,ok
07ed3cd3-7d1b-4b62-a7ec-00a03b6cda3c,新北市私立心兒園幼兒園,私立,林口區,ChIJq8SPcSanQjQRZ7YBdnWAuXM,3.4,13,5,1,2026-05-07,2026-09-13,ok
0841a89b-e5f0-49b6-8586-cd8ff5065ab3,新北市私立娃娃國幼兒園,私立,三峽區,ChIJg0g-1XQcaDQRyIvNbLV8tms,4.3,3,3,0,2025-07-10,2026-09-13,ok
0868f6a3-b2b8-402c-a03c-63f78d32b2c5,新北市私立幼育成幼兒園,私立,蘆洲區,ChIJ93xoJ7ioQjQRHa6VloWeNb8,3.6,10,5,1,2026-05-15,2026-09-13,ok
086c4c0c-9253-433d-853e-7ee5b927c91d,新北市私立維多莉爾幼兒園,私立,土城區,ChIJ8Wxpl78CaDQRxY29YVxF9wg,3.7,12,5,2,2026-04-19,2026-09-13,ok
08917a82-ed8e-42ec-b59f-c2e756852234,新北市私立欣勵德幼兒園,私立,板橋區,ChIJJ7JfvjsdaDQRP1O8B1Lo_Co,1.3,34,5,5,2026-07-14,2026-09-13,ok
097d4932-435e-484a-8e39-351017c3f667,新北市林口區麗林國民小學附設幼兒園,公立,林口區,ChIJU-U49SanQjQRWT6bNSI3uNI,,,0,0,,2026-09-13,ok
09846f04-3a58-4c54-b222-722a0fcc2b85,新北市私立育全三峽幼兒園,私立,三峽區,ChIJyQOUnZIbaDQRdz8HdqIGFhI,3.7,14,5,3,2026-03-06,2026-09-13,ok
099f7cc7-d0bf-4fdd-b281-7df64dbea080,新北市私立德寶幼兒園,私立,五股區,ChIJoV4uqzymQjQRLY0eWEvgP_o,4.5,53,5,0,2025-12-13,2026-09-13,ok
09be1cb5-c75e-4fdd-907a-4e7853adcd7e,新北市私立全國幼兒園,私立,蘆洲區,ChIJSyfvDsaoQjQR4JU3o17SIdE,4.8,127,5,0,2026-04-10,2026-09-13,ok
09d521bc-f7f5-420a-bcac-953e0a4827ad,新北市私立松林幼兒園,私立,淡水區,ChIJGRDxrKu6QjQR5D4arSG8Ekw,3.3,7,5,3,2026-01-30,2026-09-13,ok
09f6e448-aa45-4a1c-b5b3-4add442db7f0,新北市私立邦仁幼兒園,私立,三重區,ChIJ3WA3sSqpQjQRfITkadQqTrI,3.9,38,5,2,2026-01-26,2026-09-13,ok
09f708ff-ad35-4f07-be19-d57c712a7188,新北市萬里區萬里國民小學附設幼兒園,公立,萬里區,ChIJCUULek9MXTQRmsrb3c9yEbw,,,0,0,,2026-09-13,ok
0a0da41f-bca0-469f-86a9-98526c16e4c4,新北市私立連城幼兒園,私立,中和區,ChIJ1_h7MIUCaDQRlQWMNBgPE2I,4.9,107,5,0,2025-11-04,2026-09-13,ok
0a570d8a-b251-49fc-ab19-b093539a51b0,新北市私立民治藝術幼兒園,私立,中和區,ChIJ6fowUCeoQjQRyeTKndGHi58,4.5,16,5,0,2026-05-09,2026-09-13,ok
0afcfc9f-3765-4071-b651-5eebd2cd45c3,新北市中平非營利幼兒園(委託社團法人新北市中華國際嬰幼兒發展學會辦理),非營利,新莊區,ChIJ758DKIynQjQRqKTSlRlIdms,4,6,5,1,2026-05-04,2026-09-13,ok
0b18d748-fc34-495f-820b-80c97f99f756,新北市林口區頭湖國民小學附設幼兒園,公立,林口區,ChIJkWyrNcOmQjQRpySNnZmhwQY,,,0,0,,2026-09-13,ok
0b544379-755b-42a0-81fb-e16afcd97895,新北市私立山姆叔叔幼兒園,私立,三峽區,ChIJHdYe4akeaDQRxlj5yycyikQ,4.6,101,5,0,2025-12-12,2026-09-13,ok
0bafeeb6-dc1d-4592-894d-9528af8f629c,新北市私立企鵝家族幼兒園,私立,樹林區,ChIJB5cCDBcdaDQRK7zV_k3txdc,4.8,12,5,0,2026-04-03,2026-09-13,ok
0bd4921c-773e-4760-b546-b4345270ddec,新北市新店區新店國民小學附設幼兒園,公立,新店區,ChIJIy7rOYcBaDQRVeyIqJaA9uc,,,0,0,,2026-09-13,ok
0bdb1178-783e-4c1d-88d4-bf629d4a2852,新北市私立何嘉仁幼兒園,私立,新莊區,ChIJvRglcn-oQjQRxiHFxv2HFJA,4.6,219,5,1,2026-04-01,2026-09-13,ok
0c29f5ef-a1dc-4a2e-b4fb-69e88d7203a7,新北市板橋區莒光國民小學附設幼兒園,公立,板橋區,ChIJ6TUFtzioQjQRMqYW1CvD0lU,,,0,0,,2026-09-13,ok
0c2f255a-591c-4fc0-b2f8-0b673fc821ef,新北市私立捧馨園幼兒園,私立,板橋區,ChIJqRtQiqYCaDQRvB2oDKVM52I,4.7,73,5,0,2026-06-23,2026-09-13,ok
0c756e37-94fb-4fac-b532-37953641a384,新北市新莊區新莊國民小學附設幼兒園,公立,新莊區,ChIJdfm553GoQjQRn-Qt7kig__M,,,0,0,,2026-09-13,ok
0c77ddec-2329-4903-89ad-c0a3bbf41f46,新北市私立丹力幼兒園,私立,三重區,ChIJG5TWoN-oQjQRB6iJRpqHrYg,4.4,61,5,0,2026-05-24,2026-09-13,ok
0c78938e-e7c8-4f59-a38e-652d9b97931b,新北市私立芮嘉幼兒園,私立,五股區,ChIJt0AYrSSmQjQRjPYUE4fhI0k,5,1,1,0,2026-04-17,2026-09-13,ok
0c7d724a-e0f5-4b38-9ed2-b9cc705b1f3d,新北市私立漢華幼兒園,私立,新店區,ChIJUe0HPEoCaDQR8DNe-HV4MBQ,3.4,9,5,1,2026-04-27,2026-09-13,ok
0cc06644-bdee-4b85-8100-ce2d9c1cc0c5,新北市私立人文幼兒園,私立,八里區,ChIJMxwbTAWlQjQRbqbJGB6MR1M,4.4,7,5,1,2026-07-29,2026-09-13,ok
0d50df65-ee81-462d-88ea-e9604da3fed6,新北市私立班博士幼兒園,私立,三重區,ChIJYzQLMiOpQjQR7nUnxXxd7BY,5,20,5,0,2025-05-22,2026-09-13,ok
0d963dcb-e8f7-4013-ba2f-793c8acc35d7,新北市私立碧安幼兒園,私立,新店區,ChIJqb54Jz8CaDQR1Re5zd7J190,3.9,7,5,1,2026-07-12,2026-09-13,ok
0dacc7c1-cd8a-42b0-acff-e1ceacdc5255,新北市私立佳辰幼兒園,私立,蘆洲區,ChIJob79WM2oQjQRroMSE_Bf1Lk,4.9,229,5,0,2025-12-23,2026-09-13,ok
0de9a70f-d8b3-497b-84b7-95f3c54cf342,國防部陸軍司令部第六軍團指揮部前鋒職場互助教保服務中心(委託財團法人三之三生命教育基金會辦理),私立,五股區,ChIJrcZqzQCnQjQRFX79PQ20Aks,4,3,3,0,2026-08-29,2026-09-13,ok
0e702c3b-1483-4347-a88e-1b31274146b7,新北市安興非營利幼兒園(委託社團法人臺灣兒童教育發展協會辦理),非營利,新店區,ChIJrWZM1ewDaDQRwy056rc1Unk,4.2,10,5,1,2026-08-04,2026-09-13,ok
0efd221a-9504-43f5-b066-4c8e5d17c88b,新北市瑞芳區濂洞國民小學附設幼兒園,公立,瑞芳區,ChIJSVYc7_5EXTQRoQBdo1hGJRI,,,0,0,,2026-09-13,ok
0f4df6b9-d3e5-4bfe-9f04-288270ff36e7,新北市私立卡爾威特幼兒園,私立,板橋區,ChIJa3tYDCOoQjQRAtTURrpAcyQ,4.2,27,5,1,2025-06-24,2026-09-13,ok
0f57fead-e491-4569-8eb1-83341a6df287,新北市私立欣園幼兒園,私立,新莊區,ChIJc0XceHqoQjQRY6r4sLS5pr8,4.3,12,5,0,2022-11-16,2026-09-13,ok
0f9602d3-afb7-42df-8261-eb69a9f96bba,新北市淡水區淡水國民小學附設幼兒園,公立,淡水區,ChIJi-aYP1elQjQRL3RoZzA_vD8,,,0,0,,2026-09-13,ok
0fe8f8be-e19a-456c-ae12-6a05bb56e68c,新北市私立名亮幼兒園,私立,土城區,ChIJB9CRG8YCaDQRd1xvcN3LjE0,3.8,8,5,1,2026-07-04,2026-09-13,ok
10bf79f2-6226-4a1a-972c-5ae04e85c0c9,新北市私立常春藤幼兒園,私立,土城區,ChIJpfzcZsQCaDQRo9hTHmPUxjg,3.5,17,5,2,2026-05-11,2026-09-13,ok
1107bf72-dca2-4c4d-8090-017df5b1e102,新北市私立芝柏幼兒園,私立,三芝區,ChIJy_JBMMm2QjQRK6vSe1FlkzM,4.5,8,5,1,2025-10-21,2026-09-13,ok
110f7d07-8411-4f60-9d59-5bbf8bcfbfd4,新北市三重區修德國民小學附設幼兒園,公立,三重區,ChIJlVon1N-oQjQR_MUp0V34ZJs,,,0,0,,2026-09-13,ok
1199b44f-884e-4fbe-98b1-8b0b485093f5,新北市私立邦喬妮幼兒園,私立,三重區,ChIJW5r5xCupQjQRrhbX6tdY1GM,5,3,3,0,2024-04-20,2026-09-13,ok
11aac97d-ba70-4e33-8d78-1093f5d9cf98,新北市私立惠群幼兒園,私立,新莊區,ChIJscbqzGGoQjQR_5h3GbTKG2Q,3.7,3,3,1,2023-03-17,2026-09-13,ok
11f7549c-fb3e-4e62-bd8f-556cfbfb1368,新北市私立淡水松柏幼兒園,私立,淡水區,ChIJDVHzIlWlQjQRoyrV19e1pis,3.2,31,5,4,2026-06-16,2026-09-13,ok
11f7ba32-ceeb-4e4f-a101-8dee6f9c35ee,新北市私立建和幼兒園,私立,新莊區,ChIJjyJ85XGoQjQRlEmBNIXlStk,4.8,58,5,0,2025-08-13,2026-09-13,ok
12108b51-cfd5-48b4-a1e4-43970b1bcc59,新北市私立艾法貝爾幼兒園,私立,板橋區,ChIJLT2UEB-oQjQRP3uXV4YDhf0,4.7,101,5,1,2025-12-13,2026-09-13,ok
125c0989-7417-4e95-9d0d-05c030b4c396,新北市私立李氏姐妹幼兒園,私立,新店區,ChIJIQ5HO4sBaDQRm3Q45yaHecQ,4.5,90,5,1,2026-06-02,2026-09-13,ok
12a65098-9668-481c-8445-2f9824a8c6bb,新北市私立良華幼兒園,私立,五股區,ChIJfwIlyFavQjQRo_XULT-aiDk,5,2,2,0,2022-12-15,2026-09-13,ok
12c7dcdf-7f8b-4708-8574-3999bdd4f2e6,新北市私立幼祥幼兒園,私立,板橋區,ChIJR8s7Mg6oQjQRV4hUu37apeg,4.9,25,5,0,2025-12-20,2026-09-13,ok
12e13348-be68-4038-bc53-b123a74ee353,新北市私立卡兒堡幼兒園,私立,永和區,ChIJ1zTJEMKpQjQRlZRZSiREnTI,4.3,19,5,1,2025-07-23,2026-09-13,ok
130d35d4-6b73-4a4a-942f-5b6bf6f027f0,新北市私立英嘉幼兒園,私立,三重區,ChIJNVZsgFipQjQRqMOVO_VpdYo,4.9,208,5,0,2026-07-18,2026-09-13,ok
13139b3b-c2dd-493f-b23f-6a47fa47ce0b,新北市汐止區北港國民小學附設幼兒園,公立,汐止區,ChIJDeYY1SBTXTQRTIBvy31hzdc,,,0,0,,2026-09-13,ok
131f7ce0-8226-4ceb-a412-3d8be943d4f7,新北市私立三重忠孝幼兒園,私立,三重區,ChIJC9TNFw6pQjQRPBbSxclWyWA,4.1,18,5,2,2026-06-04,2026-09-13,ok
135cf610-4b12-4d39-a571-14348cb1634c,新北市私立宜德幼兒園,私立,三重區,ChIJJb3qhdWoQjQRjp8riPrutWI,3.7,3,3,1,2022-10-30,2026-09-13,ok
13a401e6-bb30-4a85-9633-bc6fed8e2130,新北市蘆洲區仁愛國民小學附設幼兒園,公立,蘆洲區,ChIJm-arLzWvQjQRqOr8LEerOHk,,,0,0,,2026-09-13,ok
14bf14e5-0d43-454d-9211-4703a1c60b9b,新北市私立實踐菁英幼兒園,私立,中和區,ChIJURHxidSpQjQRBT6p10rnGwY,4.2,5,5,1,2025-04-01,2026-09-13,ok
14fb4d1a-738c-4c97-9829-2d98bb5bfe37,新北市私立榮欣幼兒園,私立,新莊區,ChIJGb9jCn-oQjQRgfgFnjktAD0,,,0,0,,2026-09-13,ok
15bf45de-27f8-4367-8446-6f2fd3439851,新北市私立葳肯幼兒園,私立,板橋區,ChIJuVUgJAWoQjQRM9RH8X9eHkU,4.8,26,5,0,2025-08-14,2026-09-13,ok
15ec1920-1054-4c4d-ad7e-e1190f28284a,新北市私立正隆幼兒園,私立,板橋區,ChIJoXwipyWoQjQRvBk66YvTzoA,4,8,5,1,2026-08-21,2026-09-13,ok
15efd19a-3408-4f84-b0b2-babfd10d4d6d,新北市私立英群幼兒園,私立,三重區,ChIJE-4rUeOoQjQROGbqrOWJ3CA,4.8,305,5,0,2026-03-28,2026-09-13,ok
16089acb-3c92-412b-8c47-5f48466e97d2,新北市私立林肯幼兒園,私立,新店區,ChIJQXd7D6kDaDQR75Q8mWmsZEU,4.3,115,5,2,2025-05-03,2026-09-13,ok
16510117-52e3-4f06-943e-45c2dfe2cc9d,新北市私立愛唯兒幼兒園,私立,板橋區,ChIJvxBGwUeoQjQRiBv1DaD6lnY,3,38,5,3,2026-02-06,2026-09-13,ok
16d21171-c2af-4e60-8478-df98b13c60d0,新北市立瑞芳幼兒園,公立,瑞芳區,ChIJUXpqa_pPXTQRhlw73Lw1DTs,,,0,0,,2026-09-13,ok
16d2f560-8468-4c43-b75b-a73c3fbb36a8,新北市私立道欣幼兒園,私立,新店區,ChIJC2nkzacDaDQRta3COkhQYjo,,,0,0,,2026-09-13,ok
16e7020f-0ece-4bad-a0e5-3d30fef608fb,新北市私立吾米幼兒園,私立,淡水區,ChIJTw_8pFW7QjQRDCclN_4bCNE,4.2,17,5,2,2026-07-23,2026-09-13,ok
176614a5-6766-4db1-812c-4497e114a1ab,新北市私立新仁愛幼兒園,私立,泰山區,ChIJwfMjM82nQjQR3mT_35MeOWc,4.5,8,5,0,2026-02-06,2026-09-13,ok
18087f97-a944-441c-96cd-0d01f80eafbc,新北市瑞芳區瓜山國民小學附設幼兒園,公立,瑞芳區,ChIJSeRaBeJEXTQRaMWlH6NdYRE,,,0,0,,2026-09-13,ok
1859a3e0-b28f-4d58-a369-db13047b4f0f,新北市樹林區育德國民小學附設幼兒園,公立,樹林區,ChIJIRzqd1ocaDQRo-LPxTA_1d8,,,0,0,,2026-09-13,ok
18f61e0e-c279-4550-8e68-5eebe8aba5b3,新北市私立新惠幼幼兒園,私立,永和區,ChIJjwJnMcSpQjQR5HbpE3aWtwc,,,0,0,,2026-09-13,ok
18f7a431-ab91-46d6-b1ff-96fcbc31dedd,新北市私立蘋果苑幼兒園,私立,淡水區,ChIJs1yGmVSlQjQRvNhyl4l6AjM,4.1,18,5,1,2026-06-25,2026-09-13,ok
191cf44e-403f-4a05-b2a2-1d0c9090b390,新北市私立欣明幼兒園,私立,中和區,ChIJHQxeiogCaDQRitgpj8dk4bY,4.6,11,5,0,2026-01-31,2026-09-13,ok
1944b465-0b1a-416c-bbb0-f6e70c55c81c,新北市板橋區中山國民小學附設幼兒園,公立,板橋區,ChIJ62pzEq0CaDQRfRTEmgggiA4,,,0,0,,2026-09-13,ok
195475f3-7ccf-466b-a5c5-b37f5d6f59cf,新北市立三峽幼兒園,公立,三峽區,ChIJ7eZ6ZXwbaDQRNZwvjgPvb2E,5,3,3,0,2022-09-23,2026-09-13,ok
19b9ac96-ebb8-49f7-97d0-9d88b2dad1ed,新北市立深坑國民中學附設幼兒園,公立,深坑區,ChIJCcGAmM-qQjQRrGRwkjveMfs,,,0,0,,2026-09-13,ok
19c1a589-4d00-4b3a-b37d-15bd98cc953e,新北市私立椰林幼兒園,私立,中和區,ChIJl9C3R4YDaDQRub16-EMb2Fk,4.8,18,5,0,2024-04-26,2026-09-13,ok
1a4557fa-c0f2-42d3-86da-37fd98c5fab3,新北市立泰山國民中學附設幼兒園,公立,泰山區,ChIJeTQhcTamQjQRCSpHKRvMhdw,,,0,0,,2026-09-13,ok
1a80a785-86b6-4d93-bffb-4ec244bbe68e,新北市私立心語仁愛幼兒園,私立,林口區,ChIJAfFPxwynQjQRcrHM8bK6y1I,4.8,6,5,0,2026-03-12,2026-09-13,ok
1ac90d57-47b4-4298-bae7-9ef432d81329,新北市私立野聲幼兒園,私立,永和區,ChIJC3vPdOmpQjQRYl3SzNAhrJA,3.2,25,5,2,2025-12-30,2026-09-13,ok
1aeb1b0d-48c7-49d0-80d9-554ba10c1a95,新北市私立親親袋鼠幼兒園,私立,新莊區,ChIJ90SkYGWoQjQRYeIVRyxME5Q,4.4,66,5,0,2026-02-23,2026-09-13,ok
1b52e758-e9a7-49c0-aacf-8cb74c18e62c,新北市私立福祿貝爾大有幼兒園,私立,樹林區,ChIJKblS8VMdaDQRrE26aJQ5lGg,4.9,259,5,0,2026-01-30,2026-09-13,ok
1b66b96d-fc59-4939-a91d-0f1cfe627978,新北市私立天愛幼兒園,私立,板橋區,ChIJW0NIUKECaDQRaPfqFDV8a-k,4.7,31,5,1,2026-06-16,2026-09-13,ok
1b7412f1-13f5-4a8c-a5ca-154cecbfb162,新北市私立新林幼兒園,私立,林口區,ChIJfZQISSunQjQR0WpTcgx2tLQ,5,2,2,0,2026-03-25,2026-09-13,ok
1b96c15c-c710-4185-9c6f-9794f5852b3d,新北市私立向日園幼兒園,私立,新店區,ChIJKUQV7xkCaDQRParQ2XUG1KQ,4.3,18,5,0,2025-12-08,2026-09-13,ok
1b9a086a-a27b-4669-8259-75864828e6b5,新北市私立君格綠園道幼兒園,私立,汐止區,ChIJ0Qxep0dTXTQRu_uNq89vE90,4.4,23,5,1,2022-08-16,2026-09-13,ok
1bccb4da-f81d-4c79-b1ca-45d120d2d0be,新北市北大非營利幼兒園(委託明新學校財團法人明新科技大學辦理),非營利,三峽區,ChIJb_ZpbfQbaDQReNfGlDrDHiI,4.5,20,5,0,2025-09-27,2026-09-13,ok
1bed194b-2261-4284-9397-ddc2d6c67d51,新北市私立佳盈幼兒園,私立,汐止區,ChIJ4Rg2A2lTXTQR8B27fXxyDuY,4.4,151,5,1,2026-05-06,2026-09-13,ok
1bf70674-f432-44f9-b054-e0f995de88da,新北市私立華兒園精緻幼兒園,私立,三重區,ChIJlU8VgCSpQjQRThw04262MQs,5,3,3,0,2024-01-17,2026-09-13,ok
1c85aae3-c95c-4733-a0a9-6836126476bc,新北市私立小博士幼兒園,私立,中和區,ChIJ-4ywGIICaDQRS-OtePnDbDI,4.6,8,5,1,2025-01-11,2026-09-13,ok
1ca62a1e-7925-4f51-98f2-e1f3e021f8ac,新北市石碇區石碇國民小學附設幼兒園,公立,石碇區,ChIJYRsyHBFVXTQRXy6tzqOyjyo,,,0,0,,2026-09-13,ok
1cff3c7f-bdde-47a8-bd74-783c69e219a2,新北市私立幼心園幼兒園,私立,三峽區,ChIJrYZWbZMbaDQRiNiJEHjrBV8,5,8,5,0,2026-04-26,2026-09-13,ok
1d6d422b-e67a-451c-b8c1-7951ac5e4f27,新北市私立立大幼兒園,私立,新店區,ChIJvfsczuQBaDQRvDrWdMMPKbg,3.8,17,5,1,2026-05-14,2026-09-13,ok
1dc12f64-2a96-458c-a4e9-4c6cd9ec274c,新北市私立幼愛幼兒園,私立,新莊區,ChIJhWHIY9-nQjQRRyjAtyxnzsE,3.9,9,5,2,2025-05-02,2026-09-13,ok
1e133a1e-f41b-4c9f-a706-02a4585c03a0,新北市私立小甜甜幼兒園,私立,三峽區,ChIJjavGqNsbaDQR8qvgfnm0nSY,5,18,5,0,2023-12-28,2026-09-13,ok
1e5ca79c-2cac-44b8-9474-346a7555064d,新北市清水高中非營利幼兒園(委託財團法人台北市中華基督教青年會辦理),非營利,土城區,ChIJUUAgKxUDaDQRhzYeeMtU450,3,4,4,2,2026-08-07,2026-09-13,ok
1eb5842d-5e62-4777-ba95-6051a5e5cfa7,新北市私立謙禧幼兒園,私立,中和區,ChIJTfcGfdqpQjQRnfnhUjHojBk,4.5,25,5,0,2024-08-12,2026-09-13,ok
1ef11ca7-994f-4fc8-8757-0bc422967021,新北市私立菁英幼兒園,私立,淡水區,ChIJUxCwWP-vQjQRc4Gi0BLuao0,,,0,0,,2026-09-13,ok
1efbdd20-20a4-4751-8500-a777d9ef60f1,新北市私立天心幼兒園,私立,萬里區,ChIJ7WZ1ATBNXTQRPZfvOTCSZbQ,5,3,3,0,2019-03-26,2026-09-13,ok
1f5965d3-a5cb-4988-9044-27ea0605cf76,新北市中和區興南國民小學附設幼兒園,公立,中和區,ChIJra4BE3ICaDQRfDN6zx6DZ7U,,,0,0,,2026-09-13,ok
1f5c5076-404b-4cbd-929a-27ba0c15b36f,新北市私立雨果幼兒園,私立,淡水區,ChIJyxEaPPivQjQReeY7rfXzEmc,3.4,11,5,2,2026-05-20,2026-09-13,ok
1fbc2160-6c3a-4c34-9d89-4989e9eb311c,新北市私立景新幼兒園,私立,中和區,ChIJjZ54fnYCaDQRw1TkXDUAYoU,4.6,14,5,0,2025-08-25,2026-09-13,ok
1ff0e2db-4e9e-4e65-a8a2-20513d655330,新北市私立淯馨幼兒園,私立,永和區,ChIJM2BjHuWpQjQRJldLxi-X6IY,3.5,61,5,0,2025-11-19,2026-09-13,ok
201270ee-418d-451e-9220-a0670c3fd257,新北市私立童心幼兒園,私立,板橋區,ChIJ616JsQ4DaDQRRLB-UhxhXqY,3.7,3,3,1,2025-04-18,2026-09-13,ok
211d9561-1287-4e21-8893-9ea56e3e0863,新北市私立春福幼兒園,私立,深坑區,ChIJV_KYN86qQjQRYo191C5jT88,1.6,9,5,5,2026-03-05,2026-09-13,ok
21531b5d-6f2e-4579-bb33-69e6b696f1b1,新北市私立雅格幼兒園,私立,新店區,ChIJBz5hWUgCaDQRMifn7v6Fvaw,,,0,0,,2026-09-13,ok
21b31ad5-c236-40d6-90c5-0fb17a31df6f,新北市三重區三重國民小學附設幼兒園,公立,三重區,ChIJ2_qUJCSpQjQRwpamJ1cz-NA,,,0,0,,2026-09-13,ok
21ecfdec-e787-4743-8eee-d723acd88121,新北市淡水區鄧公國民小學附設幼兒園,公立,淡水區,ChIJ7Wu5x_mvQjQRaRR98c11MYI,,,0,0,,2026-09-13,ok
226e12ea-7849-43aa-8b5d-3c8625c2bf06,新北市私立華邇街感恩幼兒園,私立,林口區,ChIJS2G4YFCnQjQRD8gEJErLsv0,,,0,0,,2026-09-13,ok
229662e6-3d38-44c4-9862-098b4bfae61b,新北市中正非營利幼兒園(委託財團法人三之三生命教育基金會辦理),非營利,土城區,ChIJ6w8RUOsDaDQRaUMJ2zMc5_A,3.9,31,5,1,2026-07-22,2026-09-13,ok
22a21be5-c879-4cc7-a118-61f93ebbe586,新北市立樹林幼兒園,公立,樹林區,ChIJKwXDChcdaDQRc7V9rv2ypO4,4.5,2,2,0,2023-12-26,2026-09-13,ok
22de9110-5265-4c1a-aa32-6198fc901fbc,新北市文創非營利幼兒園(委託財團法人三之三生命教育基金會辦理),非營利,林口區,ChIJW7y3AbanQjQRJeelZLNvP6E,5,5,5,0,2025-08-19,2026-09-13,ok
22e543e9-6393-4670-8b77-33c8e339440e,新北市私立禾稼幼兒園,私立,板橋區,ChIJw4qsPDwdaDQR07x1n9VSXNU,,,0,0,,2026-09-13,ok
2356b4d4-4a46-42be-b750-1be146d81325,新北市私立凱撒琳幼兒園,私立,新店區,ChIJpSETqkkCaDQRlrsEd41WkNw,4.4,13,5,0,2025-08-01,2026-09-13,ok
236d4037-865a-4aa4-a9e6-7ce461468a6a,新北市私立茁壯園幼兒園,私立,土城區,ChIJgQMBeDIdaDQRqAWqteusnJE,,,0,0,,2026-09-13,ok
23905c3f-41b1-4d5d-be17-cc3f6ec7fbba,新北市私立溫德爾林口幼兒園,私立,林口區,ChIJT5TGofqmQjQRJUccfQntiQc,3.6,54,5,4,2026-06-25,2026-09-13,ok
2395f107-e342-41d1-9057-be5b2afe8b16,新北市私立威頓皇家幼兒園,私立,汐止區,ChIJkYQwjnJTXTQRySLqb0v92Nk,4.8,94,5,0,2026-07-12,2026-09-13,ok
23f36b27-fcbc-4b5b-84c4-c2bead986afc,新北市私立佳南幼兒園,私立,中和區,ChIJP0wdHxIDaDQRjT1cELstxNo,4.3,78,5,1,2026-05-26,2026-09-13,ok
24b7a6a5-ac83-47b0-a7f2-2316b4e3bfe7,新北市私立藍天永和幼兒園,私立,永和區,ChIJ84PoKtmpQjQRfoSGkwbTWUc,5,36,5,0,2025-08-07,2026-09-13,ok
24d42d8b-b793-4746-81fb-8eee65d6ff6e,新北市私立立強幼兒園,私立,汐止區,ChIJISg4V0tTXTQRCU_yQvtkHt8,4.6,14,5,1,2026-07-22,2026-09-13,ok
25085963-bc7c-4c63-84e3-35785148a108,新北市私立惟柰米幼兒園,私立,汐止區,ChIJLS5WOENTXTQRFjVzlEEfQxk,5,3,3,0,2026-08-19,2026-09-13,ok
255c6ee1-561c-4325-854a-31bcda1ca1e0,新北市私立圓心坊幼兒園,私立,板橋區,ChIJh9zUzEeoQjQR9Su3MwVy878,5,2,2,0,2024-06-25,2026-09-13,ok
257592a7-2642-49df-baa7-61e687035dbe,新北市私立育人幼兒園,私立,板橋區,ChIJsSci5z6oQjQRrF0QWFPIxs0,4.2,20,5,2,2025-08-06,2026-09-13,ok
25c7bba4-1ffe-4901-8b30-88dbb0180125,新北市私立愛樂幼兒園,私立,汐止區,ChIJ-Y6eC0tTXTQRJ1vLGtB1T9w,4.2,5,5,1,2026-06-23,2026-09-13,ok
25fc064f-c79c-4eaf-9740-6f82c55c91bf,新北市私立邦妮幼兒園,私立,蘆洲區,ChIJ1RVTXGOpQjQRgEgqbRGZ6a8,5,12,5,0,2026-03-28,2026-09-13,ok
264b6367-4203-4264-9788-849556ea87da,新北市私立蘋果樹仁政幼兒園,私立,三重區,ChIJTamTMCipQjQR2C-G_NelKWE,4.9,99,5,0,2023-12-22,2026-09-13,ok
264c0186-84bb-4816-9c06-2b44304b3896,新北市私立忠山幼兒園,私立,板橋區,ChIJZb1osQWoQjQRAIHOxpPq0cA,4.6,33,5,0,2025-05-29,2026-09-13,ok
2754276d-1ff2-4e75-9f81-6695de738418,新北市私立復國幼兒園,私立,三重區,ChIJbyB3fyypQjQRHKEKYHw3ntw,5,1,1,0,2023-12-13,2026-09-13,ok
27ac1e37-5c63-4cce-bbd9-088b58169814,新北市私立喬幼國際幼兒園,私立,永和區,ChIJ9wgDvN6pQjQR-AsPBUE4baI,5,84,5,0,2026-03-21,2026-09-13,ok
27f73fa1-9966-4293-85ed-350848b8ec0a,新北市平溪區平溪國民小學附設幼兒園,公立,平溪區,ChIJAX_1V0tRXTQR6emDO2rovNA,,,0,0,,2026-09-13,ok
29deedd8-5915-4415-8124-566c94d2667e,新北市私立瑪莉亞蒙特梭利幼兒園,私立,三峽區,ChIJgdqxnQscaDQR7tzIx-pRkCI,4.7,19,5,0,2024-07-15,2026-09-13,ok
2a03089f-d89a-400b-9758-188c64400c43,新北市石門區石門國民小學附設幼兒園,公立,石門區,ChIJQaRea7q1QjQRaxgNjp7pVdE,,,0,0,,2026-09-13,ok
2a071751-89a0-473d-b310-2ac3fbc8e857,新北市樹林區彭福國民小學附設幼兒園,公立,樹林區,ChIJU9QdaSIdaDQR_bvXougdsCU,,,0,0,,2026-09-13,ok
2a6ffe0d-21c8-4cd9-942d-b45f57929392,新北市私立全能愛彌兒板橋幼兒園,私立,板橋區,ChIJSYxzYjuoQjQRmrt8K6oviL8,4.3,84,5,1,2026-03-03,2026-09-13,ok
2a971bfe-707e-4a79-ad1d-0ad5da741c2a,新北市私立博士兒幼兒園,私立,淡水區,ChIJdeO0YkqlQjQR-lzjbksw2Fg,2.1,13,5,5,2025-07-11,2026-09-13,ok
2aa9e54f-2b5d-4271-bfce-3da63480a1b7,新北市私立太陽花幼兒園,私立,新莊區,ChIJHSF5wt-nQjQRgboT1lpnAHs,4.2,28,5,2,2025-10-22,2026-09-13,ok
2ad11ed7-68b6-4fe8-b18e-e26817ebbee1,新北市新店區雙峰國民小學附設幼兒園,公立,新店區,ChIJocJBvLEBaDQR-rF2AV0aNLE,,,0,0,,2026-09-13,ok
2b49b756-435f-4f32-b88f-1129ff82e3d8,新北市私立育苗幼兒園,私立,永和區,ChIJu9Nr3O-pQjQRfJ3e7QNaSmk,4.6,12,5,0,2025-05-18,2026-09-13,ok
2ba5208c-7438-4216-95eb-6e6b2ac29280,新北市龍埔成長非營利幼兒園(委託財團法人成長文教基金會辦理),非營利,三峽區,ChIJbUNzMfUbaDQR3S5HUY5jL9c,4.2,5,5,1,2024-07-08,2026-09-13,ok
2bf5ccee-d543-4cbe-b6fd-daf08c1bf7a9,新北市新莊區中信國民小學附設幼兒園,公立,新莊區,ChIJQ6upU4CoQjQRSmxJW0jvl6c,,,0,0,,2026-09-13,ok
2bfd018c-4cac-42af-820c-d25612853abb,新北市萬里區大鵬國民小學附設幼兒園,公立,萬里區,ChIJHcOon6JMXTQRtIknc0NCsGE,,,0,0,,2026-09-13,ok
2c345793-0ba4-4fb6-aabd-55790eeed4a0,新北市蘆洲區鷺江國民小學附設幼兒園,公立,蘆洲區,ChIJr0EHNcyoQjQRJSA3MJbQEic,,,0,0,,2026-09-13,ok
2c49b63e-e2e5-4a52-a92d-a1f606f34557,新北市樹林區樹林國民小學附設幼兒園,公立,樹林區,ChIJk1Pl2hYdaDQRuyBUW9WTii8,,,0,0,,2026-09-13,ok
2cd10247-28de-45c6-a6aa-1266d8d6ba52,新北市私立育誠幼兒園,私立,新莊區,ChIJtRzbgoCoQjQRzb7R3qTOmlA,3,26,5,4,2026-05-16,2026-09-13,ok
2d4ca00d-66c8-4268-9b80-78453e20e8ca,新北市三芝區興華國民小學附設幼兒園,公立,三芝區,ChIJvTM_a6-xQjQR1wVejycccjA,,,0,0,,2026-09-13,ok
2dbe4bf8-9111-4c45-8942-5f3e6b5e3954,新北市私立安安幼兒園,私立,新莊區,ChIJAYPTf18daDQR1SZ5CqBLU4Q,4,10,5,0,2024-05-31,2026-09-13,ok
2e7c6993-f77a-4165-a4a7-b04e3d75e584,新北市私立日光幼兒園,私立,中和區,ChIJgcwBh3kCaDQRVUTNcNk7zqM,3.8,73,5,2,2026-03-14,2026-09-13,ok
2ea5a0ce-936a-4560-a093-48cd9e175396,新北市私立忠孝幼兒園,私立,板橋區,ChIJlQzAsqECaDQRk7rHsLL6HNA,4.9,33,5,1,2025-07-06,2026-09-13,ok
2ec019c8-41d0-4b9e-b28a-52ed2027e3c2,新北市立尖山國民中學附設幼兒園,公立,鶯歌區,ChIJUSEWI04ZaDQROCMxxTU4DkE,,,0,0,,2026-09-13,ok
304555dc-0298-435e-95c1-dab30a9f6d0b,新北市私立育全幼兒園,私立,新莊區,ChIJP15YZoynQjQRpgABp-_Cm1s,3.8,46,5,2,2026-08-05,2026-09-13,ok
304e7b1e-4709-4576-bdc0-d39d3cd7544a,新北市私立悅淨幼兒園,私立,板橋區,ChIJ72rY7acCaDQR-45FeTjRX7k,4.9,48,5,0,2026-06-02,2026-09-13,ok
305fc171-973f-4705-90b0-ed4f8e43d311,新北市私立佩思幼兒園,私立,三峽區,ChIJ15qnO78baDQRx60eNyw8uac,5,16,5,0,2022-12-30,2026-09-13,ok
3069be5c-d1bf-4003-9824-66bec04b5783,新北市三峽區插角國民小學附設幼兒園,公立,三峽區,ChIJQWNGVIsaaDQRAJ304o0kxI8,,,0,0,,2026-09-13,ok
311fd89e-984f-4532-8b68-1e5ced7a7a34,新北市淡海非營利幼兒園(委託財團法人三之三生命教育基金會辦理),非營利,淡水區,ChIJIfhfCgS7QjQRBiz2zt3D3P4,3.4,5,5,2,2026-08-11,2026-09-13,ok
31d95ae6-3b97-485a-9fb8-20fd78317f1e,新北市私立三之三幼兒園,私立,新店區,ChIJdysT6IcBaDQRO7aI8cySSyQ,3.9,11,5,0,2026-04-20,2026-09-13,ok
31fdebf4-824c-4c97-96ec-5e243d928dc6,新北市私立勁寶兒長樂幼兒園,私立,蘆洲區,ChIJp70B2raoQjQRYEguuxlzld4,5,19,5,0,2026-08-17,2026-09-13,ok
31ff1615-999a-4508-9656-9d1bb4e0c051,新北市鶯歌區二橋國民小學附設幼兒園,公立,鶯歌區,ChIJXYXB-kUZaDQRoPGS3wu0ZGk,,,0,0,,2026-09-13,ok
322a3978-1c5e-42cb-ade5-82348f3dd4e6,新北市私立安特幼兒園,私立,中和區,ChIJr9NYuHkCaDQRE7dcJubxK6Y,4.4,34,5,0,2026-05-25,2026-09-13,ok
325023a2-4fe8-4c84-b8c5-0b349afc3321,財團法人新北市私立竹林國民小學附設幼兒園,私立,永和區,ChIJoUYBUmypQjQR3lcuw8bCoZY,,,0,0,,2026-09-13,ok
325315a4-ab13-4536-b488-8df18910a2e6,新北市立三重幼兒園,公立,三重區,ChIJDdpdl-GoQjQRk7U-Cs2cH4w,5,5,5,0,2026-08-05,2026-09-13,ok
32979b65-ef25-4c02-a4ea-7beca3323da0,新北市新莊區興化國民小學附設幼兒園,公立,新莊區,ChIJI5KVSJGoQjQRzb7egALoTYg,,,0,0,,2026-09-13,ok
334d64c6-33f6-4e04-b6e9-431323bef7d8,新北市私立寶貝家族幼兒園,私立,新莊區,ChIJKTH9zHSoQjQRfQuV906J6Fw,4.6,49,5,0,2026-04-13,2026-09-13,ok
339da5ec-6fbc-4e8b-9ed4-4ce9b94a1477,新北市立烏來國民中小學附設幼兒園,公立,烏來區,ChIJSWHH44sGaDQRV8BANZSo8Es,4.3,22,5,1,2024-03-22,2026-09-13,ok
341c4824-12e0-434b-9841-530384230cd5,新北市私立皇家貴族幼兒園,私立,板橋區,ChIJMY6p77QdaDQRYAFdHWJws40,5,1,1,0,2023-12-18,2026-09-13,ok
34567ea7-cf0d-441c-a31c-1557ec7d975a,新北市私立星莆幼兒園,私立,八里區,ChIJO2hP9lSkQjQRV8VK4jrWFiw,3,3,3,1,2021-08-11,2026-09-13,ok
347c8be8-1ab1-43ed-a4d0-cdba52c6a9b7,新北市昌福非營利幼兒園（委託明新學校財團法人明新科技大學辦理）,非營利,鶯歌區,ChIJdwEXybMeaDQR0jR6FP-NJrw,3.7,3,3,1,2026-01-21,2026-09-13,ok
34a549d6-1cf4-494c-8f80-ddef9e3332c5,新北市貢寮區和美國民小學附設幼兒園,公立,貢寮區,ChIJ40Xxy1pDXTQRBRUzYWDSaOU,,,0,0,,2026-09-13,ok
34aef4fb-aead-46d2-a5f2-ee9229949f03,新北市私立微笑幼兒園,私立,林口區,ChIJuYoe2iWnQjQR-gnRplLdPgI,4.8,128,5,0,2026-03-10,2026-09-13,ok
34dddb0d-8983-45d2-a0e9-ec317d3470c7,新北市私立菲蒙思幼兒園,私立,板橋區,ChIJOV2TEbsCaDQRF9XgVWKd810,5,47,5,0,2025-06-27,2026-09-13,ok
34e647b9-6c1c-406b-a43d-15620cd4f203,新北市私立田園幼兒園,私立,板橋區,ChIJC-GP6r4CaDQRlkWpvqSCZMM,4.7,58,5,0,2026-02-11,2026-09-13,ok
35be58a7-e52b-48ab-81f4-7467716b43bd,新北市新林非營利幼兒園(委託社團法人中華音樂舞蹈暨表演藝術教育協會辦理),非營利,林口區,ChIJfZQISSunQjQR0WpTcgx2tLQ,5,2,2,0,2026-03-25,2026-09-13,ok
36bd8abf-2adf-4647-a040-edc63819b189,新北市私立夏哲森幼兒園,私立,林口區,ChIJB9sXMwCnQjQRMoV7IOF9Jbs,4.2,5,5,1,2026-07-09,2026-09-13,ok
36c1f7c1-fb02-48f3-941d-61154aa4025b,新北市私立尼爾生幼兒園,私立,新莊區,ChIJSTRxwdenQjQRGm5njxptMX8,3.5,8,5,2,2025-06-13,2026-09-13,ok
36de5e6f-85ae-402a-af0a-b601d517e48d,新北市私立儒林幼兒園,私立,新莊區,ChIJ4WUY3IunQjQRR5gl_2Ps3Js,5,67,5,0,2026-05-02,2026-09-13,ok
36e80338-35a4-4fb7-910d-66071feaa1b3,新北市私立史丹力幼兒園,私立,蘆洲區,ChIJcVzQbrSoQjQRP2xb1e8F0ZY,4.7,78,5,0,2025-07-24,2026-09-13,ok
36eb695c-41ad-419c-8535-682995c67d8d,新北市私立冠軍幼兒園,私立,樹林區,ChIJU2V34RsdaDQR0VJFcaW2ToI,4.4,7,5,1,2026-08-27,2026-09-13,ok
36f8cf74-1740-478f-8419-7bfca90f8bb9,新北市平溪區菁桐國民小學附設幼兒園,公立,平溪區,ChIJ_9Vb6a5WXTQRnVhnD84ipv8,,,0,0,,2026-09-13,ok
3749105d-59be-4352-8235-99e388ec1d4c,新北市菁湖非營利幼兒園(委託財團法人三之三生命教育基金會辦理),非營利,林口區,ChIJz48tMUOnQjQRNGBYM7sRap4,5,4,4,0,2026-04-24,2026-09-13,ok
374c62cc-c4af-48b3-8d45-a06de44a204f,新北市私立凱達格蘭幼兒園,私立,新莊區,ChIJBT6c5IeoQjQRsH0ONDpLI4M,5,3,3,0,2024-08-29,2026-09-13,ok
3755c6ec-d8b2-4b31-b041-58123f255b20,新北市私立東光幼兒園,私立,三重區,ChIJPZnyuy-pQjQRxbVTSARsDpk,4.1,22,5,1,2026-07-05,2026-09-13,ok
379894b6-e3ad-4ecf-bb81-e9315d0c5049,新北市三峽區民義國民小學附設幼兒園,公立,三峽區,ChIJh0Ju3ccbaDQRzCk4-5phmUA,,,0,0,,2026-09-13,ok
37afce56-ce91-4490-9fbc-b8f14ae9428c,新北市板橋區文聖國民小學附設幼兒園,公立,板橋區,ChIJhzDKYEaoQjQRfCe39zOBBfs,,,0,0,,2026-09-13,ok
37b0a62e-913b-465e-8eee-dfbcb7ed684a,新北市私立快樂芝麻幼兒園,私立,八里區,ChIJ206t_2ulQjQR9at8Cvkkzc4,3.2,14,5,1,2026-03-03,2026-09-13,ok
38c96456-339e-4944-90b4-aebdf938f412,新北市私立育林幼兒園,私立,三重區,ChIJOR-NR-ioQjQRY0CRB4IOFhc,4.3,6,5,0,2026-06-22,2026-09-13,ok
38dafd4a-0a5b-4a4d-8478-26c207673146,新北市私立萊恩思幼兒園,私立,林口區,ChIJh1eqg1CnQjQRvYew-k5W7So,4.8,38,5,0,2026-07-25,2026-09-13,ok
38f483d9-2536-4ef5-b24a-0b49f64ca432,新北市私立樹林育林幼兒園,私立,樹林區,ChIJYWgqDBcdaDQRZMKeMQykuyk,4.6,5,5,0,2026-05-15,2026-09-13,ok
392872aa-20dd-4716-80a4-8b170461525b,新北市立江翠國民中學附設幼兒園,公立,板橋區,ChIJuUqEn2qoQjQRLnUEBbtKIYU,4.9,73,5,0,2026-06-26,2026-09-13,ok
3941e605-bac6-41da-bf5a-d66235497094,新北市三重區正義國民小學附設幼兒園,公立,三重區,ChIJKeja7iGpQjQRA7FvbzPcn40,,,0,0,,2026-09-13,ok
39611f58-bb9d-4ff5-9313-3f6083e5947d,新北市土城區土城國民小學附設幼兒園,公立,土城區,ChIJh64vYSodaDQRtlgspRVOKc0,,,0,0,,2026-09-13,ok
39e9493e-41e2-430c-9146-ce679079b04d,新北市淡水區竹圍國民小學附設幼兒園,公立,淡水區,ChIJXRtuYpCvQjQRB1mDEShPeYY,,,0,0,,2026-09-13,ok
39eb94bb-6061-40c2-853d-64cc5cbd1c23,新北市私立新育幼幼兒園,私立,新莊區,ChIJS4AzRWWoQjQR0Yc3ffGLmo8,3.1,20,5,3,2025-06-11,2026-09-13,ok
3a8754a5-e6e1-47ce-9ffb-7f8c67a417d4,新北市私立水星幼兒園,私立,新店區,ChIJy2jB_vEBaDQRRniDhCCwF4c,4.3,17,5,2,2025-07-09,2026-09-13,ok
3aa3c56a-79da-4c20-8f9c-371a36ef6a3b,新北市私立育全鶯歌幼兒園,私立,鶯歌區,ChIJ18_J9kQZaDQRkbjhyA9TRQ8,4.4,35,5,2,2026-06-03,2026-09-13,ok
3aa8e358-47e8-426a-a5ef-437653d6a6ef,新北市私立北大迦美幼兒園,私立,樹林區,ChIJs9hxynMcaDQR5yMnIbnNPjA,,,0,0,,2026-09-13,ok
3ab40852-000b-4669-977d-6a3b29c20bbe,新北市私立雅德賽思幼兒園,私立,永和區,ChIJza2RMRobaDQRFyyo51I4vJ0,3,5,5,2,2025-09-20,2026-09-13,ok
3ac9af40-d4e3-41c9-a218-4af0587d47ae,新北市私立淡水啟文幼兒園,私立,淡水區,ChIJWbcBav6vQjQRaikNf8x3hMQ,3.7,6,5,2,2026-08-17,2026-09-13,ok
3af8c360-397b-4afe-8eb9-1462d8429af9,新北市私立快樂地幼兒園,私立,樹林區,ChIJU8fUOx8daDQR_foH0f4vICo,4.4,8,5,0,2026-07-22,2026-09-13,ok
3b37e092-91d0-47aa-a524-f6e26c5c3b45,新北市三重區重陽國民小學附設幼兒園,公立,三重區,ChIJBbCLX-eoQjQRG0zhwMsMuuo,,,0,0,,2026-09-13,ok
3b74f059-fa08-48db-8787-d4b0b6f64f79,新北市私立吉的堡北馨園幼兒園,私立,淡水區,ChIJHQNmc_-vQjQREWSZLb_Aubk,2.8,14,5,3,2026-04-01,2026-09-13,ok
3c288002-d579-4ece-9a1b-9f2a5e1f3ee7,新北市私立弘儒幼兒園,私立,中和區,ChIJoZ-0gM6pQjQRaTHXu8sfP94,4.9,9,5,0,2026-07-23,2026-09-13,ok
3c71aa5a-67b2-4954-b94a-49c6ef6fb16f,新北市私立慈園幼兒園,私立,土城區,ChIJC0q3_csCaDQRuZz4kW31ydo,4.1,38,5,1,2025-06-15,2026-09-13,ok
3c81572a-5000-4715-a051-0af4d164cdca,新北市私立晨星幼兒園,私立,新莊區,ChIJew46DACpQjQROtkKs1OXEIs,5,3,3,0,2026-05-17,2026-09-13,ok
3cbbaa70-6a5b-46d3-8f35-9b1a278b9021,新北市私立永松幼兒園,私立,新莊區,ChIJsWNnUlkdaDQRJDwmjtvHNXk,3.5,11,5,3,2026-08-28,2026-09-13,ok
3ccc71a2-183d-4699-955e-08b1ff4efb3d,新北市私立夢不落幼兒園,私立,泰山區,ChIJMRdD1FOnQjQRzNMbsRS9NGI,4.5,24,5,0,2026-07-06,2026-09-13,ok
3cf2caec-cbce-4a2d-bc44-971e11ec758b,新北市私立妙博士幼兒園,私立,新莊區,ChIJIeXC5nSoQjQRO6tKjMAXaBE,,,0,0,,2026-09-13,ok
3cf90a13-95fc-490e-8563-0bde3b735db3,新北市私立巨星幼兒園,私立,中和區,ChIJ0WqXXtmpQjQRbW1FbROI2So,4.9,64,5,0,2025-12-08,2026-09-13,ok
3d124323-b77e-4c6f-84d1-022b345007dd,新北市新莊區國泰國民小學附設幼兒園,公立,新莊區,ChIJ7zQTJt6nQjQRVPJk7clUyZw,,,0,0,,2026-09-13,ok
3d2f0593-3df4-4cd2-812d-a97d4f404814,新北市私立景文幼兒園,私立,新店區,ChIJiaJkTEkCaDQR3AfMcPfmnO0,3,15,5,5,2026-03-09,2026-09-13,ok
3d7e824a-6823-4580-aca4-4d243fb45941,新北市私立佳欣幼兒園,私立,新店區,ChIJ6dtiC_QBaDQRwrOaBQV7Dgc,3.6,36,5,1,2026-03-03,2026-09-13,ok
3e535f7e-a3e4-49c1-a0b8-426ef0854398,新北市私立聯合幼兒園,私立,汐止區,ChIJCegRBzxTXTQR4egEO5bt2U8,4.3,23,5,0,2026-03-22,2026-09-13,ok
3e5ae222-940c-43e0-971e-4bdd50ca72a3,新北市私立寶貝媽咪幼兒園,私立,板橋區,ChIJP1yNvECoQjQR8lh3bAAiCWA,4.2,39,5,0,2025-08-27,2026-09-13,ok
3e6651d6-4091-4754-9012-f4c56d960f2b,新北市私立菩提幼兒園,私立,板橋區,ChIJn0NvhTkdaDQRW0zcl1nYhlI,4.3,11,5,1,2026-04-22,2026-09-13,ok
3ead8e5e-3287-4a40-90a9-5bb706874d3b,新北市私立板橋育安幼兒園,私立,板橋區,ChIJ-Tjx_0SoQjQR5MS4rh167ck,3.7,7,5,2,2026-04-21,2026-09-13,ok
3ec47483-9047-45d5-8202-5e5feeebe5d1,新北市私立班尼迪克幼兒園,私立,板橋區,ChIJtXLElKMCaDQRK3F1aNM2Dvs,4.1,9,5,2,2026-04-27,2026-09-13,ok
3f04a887-9c3a-4fbf-888e-2f5583965f63,新北市私立智晶幼兒園,私立,淡水區,ChIJ21r5l_mvQjQRTxRQbTGM3rc,5,1,1,0,2026-08-16,2026-09-13,ok
3f612038-8097-4d90-8d7f-809e180b8946,新北市新店區龜山國民小學附設幼兒園,公立,新店區,ChIJ5dyZr0wBaDQRXxs5ySbucI4,,,0,0,,2026-09-13,ok
3fb3a0bc-4a76-4c72-9673-13ddb434b3c7,新北市立鳳鳴國民中學附設幼兒園,公立,鶯歌區,ChIJEaI3l7geaDQRaA5xhIsaZYk,,,0,0,,2026-09-13,ok
3fc4aedf-30eb-47d9-953d-45011415c9f6,新北市三峽區介壽國民小學附設幼兒園,公立,三峽區,ChIJVVCB55IbaDQR7ldKA_2pQNQ,,,0,0,,2026-09-13,ok
3fe2d8ef-dd98-47c4-89c3-10c62242412a,新北市私立方圓幼兒園,私立,新店區,ChIJH7rNdN0faDQReBq1Tx6Mmko,4.5,180,5,0,2026-05-30,2026-09-13,ok
3fe58231-3cce-4c82-b9ab-cdbac3f48706,新北市私立文愛幼兒園,私立,五股區,ChIJTxS3ZRqmQjQRJHQprBYA0Go,3,4,4,2,2026-04-18,2026-09-13,ok
402f7507-3aca-4c3d-913c-71648f2127ba,新北市林口區興福國民小學附設幼兒園,公立,林口區,ChIJ68vEwzShQjQRNuPx41IxOeM,,,0,0,,2026-09-13,ok
403ade7b-d824-4391-b10e-61fd745e66fc,財團法人新北市私立一信幼兒園,私立,淡水區,ChIJ8UICEUilQjQRL4LKR7YkIKQ,3.2,27,5,4,2026-07-03,2026-09-13,ok
407e6aaf-77f1-4802-8be1-9b3fbb9f286f,新北市淡水區新市國民小學附設幼兒園,公立,淡水區,ChIJudgrFKq6QjQRK_koBNa4Shs,,,0,0,,2026-09-13,ok
40b1cf2b-5e68-454b-bd73-02e4b5f4dc79,新北市私立聯華幼兒園,私立,新店區,ChIJTwyO0fABaDQRT1am4mTlZiQ,4.1,21,5,2,2025-08-16,2026-09-13,ok
41e1cf5c-4fb8-4789-a791-af925567dee1,新北市私立成功幼兒園,私立,新莊區,ChIJ9VGvOvOnQjQRFCo2QKqDdUk,4.7,17,5,0,2025-07-05,2026-09-13,ok
420bfa2a-7cc4-4a93-a1b5-6c6e44927dbb,新北市私立博安幼兒園,私立,新店區,ChIJn6ntNlcDaDQR1L_YZB3wlts,,,0,0,,2026-09-13,ok
422005e5-bb7e-4f43-8625-eb8080d91eef,新北市私立民治園幼兒園,私立,中和區,ChIJX7OWUSeoQjQRCsy0SCV1_pA,4.6,122,5,2,2026-06-30,2026-09-13,ok
426e2c9b-5023-49da-a735-36cd65748b4f,新北市立五股幼兒園,公立,五股區,ChIJP9SvkaqoQjQR0K-J4bjyzqM,3.6,7,5,2,2026-08-04,2026-09-13,ok
43180470-8920-4811-980b-4230fd4c495a,新北市私立鹿兒堡幼兒園,私立,板橋區,ChIJWdWCDqMCaDQR3f0MbZomUCI,5,26,5,0,2025-12-08,2026-09-13,ok
4339f6eb-8ae3-45ba-bc84-3a47bbd22b1b,新北市金山區三和國民小學附設幼兒園,公立,金山區,ChIJsVqDGKhMXTQR9tZv7zjPXo8,,,0,0,,2026-09-13,ok
4364b579-747e-47d9-b6c2-6d8f630e33da,新北市安興非營利幼兒園(委託財團法人仁德醫護管理專科學校辦理),非營利,新店區,ChIJrWZM1ewDaDQRwy056rc1Unk,4.2,10,5,1,2026-08-04,2026-09-13,ok
43bd6e3e-0526-4c76-934d-e8cd58e7b0ed,新北市私立康橋幼兒園,私立,蘆洲區,ChIJU0QRgc6oQjQRlwsUWKOmrRM,4.1,19,5,3,2026-04-21,2026-09-13,ok
43e6455b-1620-40c2-840d-5005980bfd37,新北市私立千愛幼兒園,私立,林口區,ChIJG6qBpR-nQjQReqyGe0BJ2gM,4.6,75,5,3,2025-10-01,2026-09-13,ok
4427290e-4d85-48e4-abb5-f9e1d3b5468a,新北市私立泰山慈惠幼兒園,私立,泰山區,ChIJv0p7cZOnQjQR80t2fB9Pk9w,5,6,5,0,2024-04-09,2026-09-13,ok
447a5067-eb22-441d-ae18-ba052fe22550,新北市私立德明幼兒園,私立,中和區,ChIJ848DtdWpQjQRX7h6IcezlOI,3,3,3,1,2023-11-05,2026-09-13,ok
4515ce65-195a-42c3-87f6-128d59f9aade,新北市漢翔非營利幼兒園(委託財團法人三之三生命教育基金會辦理),非營利,三峽區,ChIJk0_CRAocaDQRwirFJO0Ecmc,4,8,5,1,2026-09-01,2026-09-13,ok
452566f0-0bf7-47f1-b72d-6f17d2f00bd5,新北市私立長青幼兒園,私立,鶯歌區,ChIJtynDQrEeaDQRFNKdH6xTYmM,4.5,80,5,0,2025-12-29,2026-09-13,ok
4542d7c4-9ddc-44bf-b53d-d7870eb5ac6c,新北市立八里幼兒園,公立,八里區,ChIJn3JsMqulQjQRWVqouybMgic,4.6,7,5,0,2024-07-17,2026-09-13,ok
4552d0c8-7f4d-4402-a61b-e66bcb3cd9bc,新北市三重區興穀國民小學附設幼兒園,公立,三重區,ChIJ_a9KjfaoQjQRpxeYETYgcTk,,,0,0,,2026-09-13,ok
456bc54d-fcd4-4f67-a5dc-bf48a04721d4,新北市福營非營利幼兒園(委託社團法人中華兆陽文教發展協會辦理),非營利,新莊區,ChIJp8SPNfCnQjQROF4iAhrzS5U,,,0,0,,2026-09-13,ok
45a53079-154a-4a6f-b5f7-e64c1031a17f,新北市私立祐昇幼兒園,私立,蘆洲區,ChIJLUAgFy2vQjQRGGlaw-hRtAk,5,1,1,0,2024-02-12,2026-09-13,ok
45b6376b-6c77-420e-a544-e4de7acca0f5,新北市私立路亞幼兒園,私立,林口區,ChIJM0Chlh2nQjQR89IHrcFj-r8,5,6,5,0,2025-10-17,2026-09-13,ok
45ead89b-1543-41c4-839f-6aca0a4681fd,新北市私立合安幼兒園,私立,永和區,ChIJ81McePupQjQRdSg_ziLpPw4,4.6,8,5,0,2026-05-13,2026-09-13,ok
45ee61dd-6e97-41ad-ad0e-91c3322baaaf,新北市立安溪國民中學附設幼兒園,公立,三峽區,ChIJ-yEewOsbaDQRGskXV2e3bsk,,,0,0,,2026-09-13,ok
465120db-023f-47f3-a50b-c4918ef6af63,新北市私立愷僑幼兒園,私立,板橋區,ChIJEXwe96MCaDQRRK79vcsXIs0,4.7,28,5,0,2025-08-12,2026-09-13,ok
46beaff5-3393-4fef-b230-198296a384b4,新北市私立西雅圖幼兒園,私立,蘆洲區,ChIJSz2TaLSoQjQR2G01z3ZUvPo,4.3,6,5,0,2025-07-19,2026-09-13,ok
47243483-2120-48d7-accc-8b992948d7b9,新北市私立快樂靜思園幼兒園,私立,三峽區,ChIJibpRou0baDQR4m8lxje6B8k,4.3,6,5,0,2018-06-16,2026-09-13,ok
473fc5a9-a0a1-4f7e-860e-39152ae43dfb,新北市新店民安非營利幼兒園（委託康寧學校財團法人康寧大學辦理）,非營利,新店區,ChIJ5bX4a34DaDQRREVaWCiW0G8,5,1,1,0,2026-06-29,2026-09-13,ok
4752477a-9fa5-4f86-bded-e24a7827de25,新北市私立愛迪爾國際幼兒園,私立,土城區,ChIJP2blb8QDaDQRBTuGE82SfW8,4.8,252,5,0,2024-02-23,2026-09-13,ok
47707b31-7ea4-45bc-8e31-26700d17a6d0,新北市私立森堡幼兒園,私立,中和區,ChIJw___8t-pQjQRfl5ov8gCK3o,3.8,40,5,0,2025-10-04,2026-09-13,ok
4787abd9-937a-49fe-b11a-0cac6f97e748,新北市柏翠非營利幼兒園(委託財團法人心路社會福利基金會辦理),非營利,板橋區,ChIJ2RQunkSoQjQRFdv-ys9A77U,4.2,10,5,1,2026-05-15,2026-09-13,ok
4799786c-53b9-4c85-8bd9-7aab89eed5b9,新北市山北非營利幼兒園（委託財團法人三之三生命教育基金會辦理）,非營利,中和區,ChIJn1uzjdCpQjQRdwoO4GNxNFQ,4.4,15,5,0,2025-10-30,2026-09-13,ok
479c0546-86aa-45fd-ae73-d5b55e3faf18,新北市私立金祥慈幼兒園,私立,三峽區,ChIJO2MGZfEbaDQR3l04-hWNERs,4.2,10,5,1,2026-01-30,2026-09-13,ok
47dddae5-4ced-43d0-91a3-2eae44b0eb0b,新北市私立吉智幼兒園,私立,板橋區,ChIJU6XGJjkdaDQRS5vJGErM_z4,4.8,16,5,0,2026-07-28,2026-09-13,ok
47ed892c-5cbe-43f9-838c-e62b18c99bd5,新北市瑞芳區瑞亭國民小學附設幼兒園,公立,瑞芳區,ChIJm3Ke-idQXTQRv2SO2KnquYI,,,0,0,,2026-09-13,ok
47f413c9-8223-43c3-980f-da40791fe8c8,新北市私立科見幼兒園,私立,永和區,ChIJu8zuuB2oQjQRAjtMd70Jw-8,4.1,68,5,1,2026-06-10,2026-09-13,ok
48ca7ef9-2087-4394-8a65-71b6463d8412,新北市私立時代幼兒園,私立,中和區,ChIJq4kw4J4CaDQRTbwhmiXqihA,5,1,1,0,2025-03-21,2026-09-13,ok
49b6037e-0e67-42b9-bfb8-2b12033abdd2,新北市私立大恩幼兒園,私立,板橋區,ChIJmRxXKRaoQjQRLWId40zbnL0,4.9,8,5,0,2026-05-18,2026-09-13,ok
49c0430a-d4bd-4045-bab2-7dcc641684e6,新北市私立培英幼兒園,私立,新店區,ChIJ9ZJYlB8CaDQRBtedZ5iyZO8,5,5,5,0,2026-04-29,2026-09-13,ok
4a0013ac-6406-4c6a-97fd-87fc5ee6dc00,新北市私立寶媽媽幼兒園,私立,新店區,ChIJycRzWg8DaDQRNwaOUDqy0Oo,4.4,9,5,1,2026-04-30,2026-09-13,ok
4abfa281-5e6c-4777-88c5-349ae47d2a9f,新北市私立嘉樂幼兒園,私立,永和區,ChIJUdVGOdypQjQRZ_ToeRedTW8,4.1,27,5,1,2025-08-11,2026-09-13,ok
4bc549a2-b0d0-41bc-ac2d-93c776ff6957,新北市私立微笑太陽幼兒園,私立,永和區,ChIJf9A-PdmpQjQRdArpDOGdj1M,4.2,21,5,0,2025-08-03,2026-09-13,ok
4bee1786-2005-4953-8cb7-d89ae7ae7674,新北市私立文揚幼兒園,私立,永和區,ChIJQT_Wdu6pQjQRLtD3Rgt9498,5,3,3,0,2023-12-26,2026-09-13,ok
4bf18dc4-942a-4828-9148-cfa150085748,新北市東湖非營利幼兒園(委託社團法人新北市巧湖溫馨關懷發展協會辦理),非營利,林口區,ChIJf6Bu9LenQjQRA0mnJpmHhdk,3.8,17,5,1,2026-01-26,2026-09-13,ok
4c7c0177-a2d0-4d4c-9e5f-61d3860e81d1,新北市私立柏克力幼兒園,私立,汐止區,ChIJYys43E5TXTQR8lhk6dSA42U,2.8,37,5,3,2026-07-03,2026-09-13,ok
4c9d503c-0996-4dc1-8e95-4174c286285b,新北市私立育安幼兒園,私立,樹林區,ChIJfQKxVRgdaDQRBgQ_gVM7G18,3.6,31,5,2,2026-03-14,2026-09-13,ok
4cd41136-bdf0-4175-87cc-e822d2dd0cdb,新北市私立鶯歌芝麻村幼兒園,私立,鶯歌區,ChIJfxklmK0eaDQRjaBLv1g3Zbw,4.3,41,5,2,2025-07-25,2026-09-13,ok
4cdc5924-0f16-48dd-b794-768940bf0884,新北市私立大鵬幼兒園,私立,萬里區,ChIJvXA9paZMXTQRWewHi02wEHk,4.9,31,5,0,2025-01-24,2026-09-13,ok
4d43a9de-5a9c-4984-961e-e8541853c72a,新北市私立成泰幼兒園,私立,五股區,ChIJ--LIthumQjQRbA0Ve_QIXRw,3.9,7,5,0,2025-09-14,2026-09-13,ok
4d48a511-d0e6-45e4-86ba-4d800531c7d6,新北市私立塏地安幼兒園,私立,新莊區,ChIJcfx5el6pQjQRCGiIyqnjdqQ,5,30,5,0,2026-02-01,2026-09-13,ok
4e18251f-f8cb-4da6-9686-15cdec2af7b0,新北市新店及人非營利幼兒園(財團法人新北市私立及人高級中學申請辦理),非營利,新店區,ChIJ0X9pRKgDaDQR-cTMUq9d1y0,5,3,3,0,2026-05-22,2026-09-13,ok
4e46f68a-104d-4e4a-a75a-e9fc2342f7d9,新北市私立嘉煌幼兒園,私立,中和區,ChIJZbrbP9qpQjQRh9zNFt7m9bc,5,3,3,0,2020-08-04,2026-09-13,ok
4e67c253-b1e0-49b0-898f-749f03456f46,新北市私立喬幼幼兒園,私立,板橋區,ChIJAd1-5TmoQjQR1Cjr0pOd7KA,4.7,67,5,0,2026-01-05,2026-09-13,ok
4ea2c7a7-39f7-4a60-bfbe-591e5501978a,新北市私立永佳幼兒園,私立,永和區,ChIJlzEcmsOpQjQRor0zTFtHebA,5,28,5,0,2026-04-13,2026-09-13,ok
4ee41785-7456-4294-9166-45b5152e3314,新北市桃子腳非營利幼兒園(委託財團法人三之三生命教育基金會辦理),非營利,樹林區,ChIJP-cqMAAdaDQR8nsCDpwZ-vU,5,1,1,0,2025-05-03,2026-09-13,ok
4fca915d-62bb-4293-a7a6-b2614b121cd8,新北市私立薇吉妮亞幼兒園,私立,板橋區,ChIJyzRDPLoCaDQRxROF3MaMrdE,3.6,14,5,3,2026-07-13,2026-09-13,ok
4fd16ce0-4141-4447-ba26-c0254bd0e884,新北市私立愛麗斯幼兒園,私立,蘆洲區,ChIJBQpObDWvQjQRM-Yw2CgBeW0,3.6,14,5,2,2024-10-21,2026-09-13,ok
4fe8fe6c-2543-4e7b-a737-c3b7608958ed,新北市私立向詮幼兒園,私立,蘆洲區,ChIJvRMVHLKoQjQRisDVMXgeIbg,4.3,3,3,0,2023-09-17,2026-09-13,ok
4ff95ae8-a274-4db8-92fc-3dfdbcd7d9dd,新北市私立博聖幼兒園,私立,蘆洲區,ChIJ2YUYB66oQjQR1TeqHn9ORvQ,5,2,2,0,2024-08-18,2026-09-13,ok
503a2327-afe1-416d-b253-1e71007db1de,新北市私立國花幼兒園,私立,淡水區,ChIJ90vot1alQjQRTFbwCHBZhP8,3.3,20,5,4,2025-11-28,2026-09-13,ok
504ae586-196a-4272-9e52-7411b1ab7105,新北市私立東橙幼兒園,私立,三峽區,ChIJn0kOUXUcaDQRJwTpPx_JrrY,4.7,18,5,1,2026-02-23,2026-09-13,ok
5064eaec-72ba-47c4-9ca0-c6aa6bd17720,新北市私立中仁幼兒園,私立,中和區,ChIJm4VXUZkCaDQRYglC8cua_r0,4.3,45,5,1,2026-01-28,2026-09-13,ok
50f67678-8c34-4491-94fa-c3d6c0a3d8ef,新北市板橋區信義國民小學附設幼兒園,公立,板橋區,ChIJHwIMi7YCaDQRvIeCV1L7ats,,,0,0,,2026-09-13,ok
51651518-d8fd-4385-9a51-4071d32b23b2,新北市私立新大智幼兒園,私立,蘆洲區,ChIJcy8-3dKoQjQRxlHiH2w0Lfk,,,0,0,,2026-09-13,ok
51762c3e-6378-4f48-b21c-1ff11b646169,新北市私立仁慈幼兒園,私立,三重區,ChIJR7iTjyupQjQRp02LbCdYR3Y,4.3,6,5,1,2026-04-01,2026-09-13,ok
51d0d7e5-d2cd-415c-b397-3216d1fc26fc,新北市私立致理幼兒園,私立,板橋區,ChIJX70JbT2oQjQR7R7t3B-kC2I,4.6,5,5,0,2023-12-21,2026-09-13,ok
521389c9-7477-40ab-aef9-28d9ad3b4dca,新北市石門區乾華國民小學附設幼兒園,公立,石門區,ChIJTWH9Yvu0QjQR9WwCw011lHQ,,,0,0,,2026-09-13,ok
52a97392-2223-4034-84fc-74296f6cb9fb,新北市私立裕民幼兒園,私立,土城區,ChIJu6r8SssCaDQR35XaII6h91Y,4.9,112,5,1,2026-01-26,2026-09-13,ok
5341113f-80c4-4c14-ab6d-11f2693bf5e4,新北市私立卓越幼兒園,私立,淡水區,ChIJq9yXN_ivQjQR_vgZB1wwPd4,3.4,5,5,2,2026-04-15,2026-09-13,ok
540dc5bf-15c5-479c-8356-bcf049fa1b8e,新北市私立雨農幼兒園,私立,板橋區,ChIJPbIgYBGoQjQRyanpK23ZArg,3.8,12,5,1,2023-03-21,2026-09-13,ok
5434e90c-0349-48b3-b730-19766a662308,新北市私立芫銘幼兒園,私立,中和區,ChIJJ4HpxgoCaDQRxIHjIRc_W0c,4.3,8,5,1,2026-09-08,2026-09-13,ok
543b91a6-3d80-4fe2-9273-d42ba92b43fe,新北市私立文笙幼兒園,私立,新莊區,ChIJK3ArQX2oQjQRt6QwT3OGMF8,5,30,5,0,2026-08-06,2026-09-13,ok
557076d4-60a1-4dfa-9b32-140dce817963,新北市新莊區裕民國民小學附設幼兒園,公立,新莊區,ChIJwxpkwYunQjQRmj3luyCB3Lc,,,0,0,,2026-09-13,ok
56553eed-a5ad-482a-bcb4-ba9f0a0ed8ca,新北市私立佳兒幼兒園,私立,三峽區,ChIJp7RCUewbaDQR1wg3wYFXvqc,4.4,84,5,0,2026-05-09,2026-09-13,ok
565a7911-6e1d-4904-91a0-2708b24def41,新北市私立新華德幼兒園,私立,汐止區,ChIJeSA45xFTXTQRWo2tctsnY8M,4.9,29,5,0,2023-12-29,2026-09-13,ok
566b54f4-4785-4d87-a6be-5c0eb819a3eb,新北市私立翊華幼兒園,私立,蘆洲區,ChIJlZBaRs2oQjQR79ftYpiUupU,4.8,106,5,0,2026-01-13,2026-09-13,ok
56872455-2d88-4a2e-a7d2-9c4e3724a1de,新北市私立立群幼兒園,私立,樹林區,ChIJYZGpGEEdaDQR5q_3aFZXhG4,4.3,90,5,0,2025-12-20,2026-09-13,ok
5691b486-ecc9-47ce-abbf-445309b4b98c,新北市私立名欣幼兒園,私立,樹林區,ChIJCREc010daDQRxVFrE5TZaRQ,3.8,28,5,2,2026-07-13,2026-09-13,ok
56b544bf-35bf-496f-ab73-0019b9f9e6e6,新北市私立小小幼兒園,私立,中和區,ChIJ__0BCgoCaDQR6DR8xfUBkuw,4.1,10,5,0,2020-08-03,2026-09-13,ok
5782c769-d0ee-4091-81d4-ce673d2e38ae,新北市私立大自然幼兒園,私立,板橋區,ChIJcZDfTaQCaDQRUMnVPkq1y9Y,4.7,28,5,0,2025-10-15,2026-09-13,ok
57ca0fe9-f49d-4a17-af33-a68a45788c29,新北市私立劍聲樹林幼兒園,私立,樹林區,ChIJYZ2qd3wdaDQRGzxtM54Pjok,5,62,5,0,2024-03-18,2026-09-13,ok
57db5735-a7e7-4cea-8a18-63fb6a35169f,新北市私立新榮富新莊幼兒園,私立,新莊區,ChIJhdpvAH-oQjQR_DlQfwVy-68,4.6,121,5,0,2025-05-28,2026-09-13,ok
57fa89ca-a0ba-4dc6-80f1-ab6cf85fdfd6,新北市立新莊幼兒園,公立,新莊區,ChIJBVR05nuoQjQRFgBkco5wUcw,3.6,14,5,2,2026-06-29,2026-09-13,ok
58793408-a677-46c0-b5cf-d1951e8d84e9,新北市海工非營利幼兒園(委託社團法人新北市幼兒成長協會辦理),非營利,土城區,ChIJqx9uR8wCaDQRpJao5motifU,4,8,5,1,2026-06-25,2026-09-13,ok
58c8528d-3852-431c-b633-7f91d0575477,新北市私立艾維恩幼兒園,私立,樹林區,ChIJM05lsQ0caDQRg57n9RdrIEo,5,6,5,0,2026-05-05,2026-09-13,ok
58e3e31d-1e4c-4cc1-9b71-700efe0b7e22,新北市私立江翠幼兒園,私立,板橋區,ChIJM7zp7UGoQjQRcN-LSOAR6oo,5,31,5,0,2026-04-06,2026-09-13,ok
58ed5a99-b649-4984-91c2-e8bcc17ab573,新北市私立悅嘉幼兒園,私立,板橋區,ChIJtZd0MUeoQjQRICis_myADtg,4.4,15,5,1,2024-08-16,2026-09-13,ok
5946964a-7c5f-44a6-bef7-e5a3821d61b5,新北市私立童妍幼兒園,私立,三峽區,ChIJa-FwRv8daDQRUZpfVdFrLrI,4.6,38,5,1,2026-05-22,2026-09-13,ok
5a918cf0-54f4-4b35-b5c8-443c4200277a,新北市私立建丞幼兒園,私立,樹林區,ChIJQSwxCnwdaDQRuHytu0pTCn4,2.7,6,5,3,2026-06-11,2026-09-13,ok
5aaf5e6f-5970-448a-8038-37a9c26c2b03,新北市雙溪區上林國民小學附設幼兒園,公立,雙溪區,ChIJ40fbXE9bXTQRr3p8XjHPHXs,,,0,0,,2026-09-13,ok
5af4badf-1839-4954-a74f-a26dd28b5645,新北市私立東北藝園幼兒園,私立,三峽區,ChIJ3epr_e4baDQRRqhUGoMDT6Y,4.9,188,5,1,2025-12-02,2026-09-13,ok
5b795786-6427-4289-99ac-1f6c1c8bc6de,新北市私立有一天幼兒園,私立,土城區,ChIJnSsaG4YDaDQR8bKU3yiK00E,4.9,85,5,1,2026-05-25,2026-09-13,ok
5bfadeed-2d31-43af-b091-6f904fa11e9f,新北市私立容石園幼兒園,私立,新店區,ChIJIZkuQvYBaDQRpFO4XxEhh-0,3.7,7,5,1,2025-02-19,2026-09-13,ok
5cbbc708-6d5c-466e-939f-caacf2bdca59,新北市私立勁寶兒喜星園幼兒園,私立,三重區,ChIJ004Ywf2oQjQRDzi7kt05gOI,4.2,18,5,2,2025-08-18,2026-09-13,ok
5cc25593-a6fe-4f4f-9720-b2d524bfa3ed,新北市私立幼幼立大幼兒園,私立,新店區,ChIJvfsczuQBaDQRvDrWdMMPKbg,3.8,17,5,1,2026-05-14,2026-09-13,ok
5cf641e0-f9cc-4fe4-b176-98d07c4c2730,新北市私立思源幼兒園,私立,新莊區,ChIJj2ftbGOoQjQRqCEOjyYkfe4,4,10,5,2,2025-12-19,2026-09-13,ok
5d03db47-2285-4c61-bf6f-d1e2de6c5a13,新北市板橋區溪洲國民小學附設幼兒園,公立,板橋區,ChIJzVNSyTsdaDQRFcJpd0boSb4,,,0,0,,2026-09-13,ok
5df108e3-1f77-42be-bbbc-e588d225e968,新北市私立永錡裕民幼兒園,私立,新莊區,ChIJ_S6e5oqnQjQRdHzPn3fSM_w,4.5,23,5,0,2024-05-20,2026-09-13,ok
5e1ac800-bc0e-432c-b09d-43935bae5899,新北市私立太平洋幼兒園,私立,新店區,ChIJYxvJ4h4CaDQRgtgT9-kIanE,4.5,10,5,1,2020-10-07,2026-09-13,ok
5e4ad622-6022-49f3-abb7-2ab735594078,新北市私立白兔幼兒園,私立,中和區,ChIJU2szZtCpQjQR4l8lIpl5zhU,4.3,20,5,1,2024-07-06,2026-09-13,ok
5e69ff8c-05a0-4619-ba0b-44f1fc33cd01,新北市三峽區大埔國民小學附設幼兒園,公立,三峽區,ChIJV93Fd80baDQRf8iPW1URrj0,,,0,0,,2026-09-13,ok
5e9adeb8-1403-4f0f-88e3-31092adb99af,新北市私立樹德幼兒園,私立,土城區,ChIJffyXw8sCaDQRdV1sHu6p4xs,2.1,11,5,4,2026-01-26,2026-09-13,ok
5f325386-5ff9-4b2a-bc24-3a78e7a71092,新北市私立翰尼永和幼兒園,私立,永和區,ChIJMYLIksKpQjQRR8PorU_5F_8,5,7,5,0,2024-09-06,2026-09-13,ok
5f3269f0-721a-4ae3-907b-f50d1f80e8d1,新北市鶯歌區建國國民小學附設幼兒園,公立,鶯歌區,ChIJxRj-I6weaDQRrT3G54GhsVY,,,0,0,,2026-09-13,ok
5fccf220-28eb-4b7b-bf79-7f6e70211b37,新北市私立興名陽幼兒園,私立,板橋區,ChIJE1vAxlQdaDQRy5Che2lYDcs,4.8,6,5,0,2025-08-15,2026-09-13,ok
5fde7e92-ef52-413d-9a4f-a1a24c3aae33,新北市私立文強幼兒園,私立,三峽區,ChIJfyTGGPsbaDQROjjU6OF20p0,2.8,4,4,2,2026-08-20,2026-09-13,ok
5ffc42be-ae19-4bcf-8b89-ca936497bf23,新北市石碇區和平國民小學附設幼兒園,公立,石碇區,ChIJ8fcbUGFVXTQRdGasmKRalLs,,,0,0,,2026-09-13,ok
61054a80-a32e-4124-9e84-64cb24a943b4,新北市私立悠幼幼兒園,私立,新莊區,ChIJi4idS36oQjQRKLxh_Zh5LZs,5,7,5,0,2025-05-28,2026-09-13,ok
6117ae1c-f5b2-4f3e-99a2-c7bddcd510ab,新北市私立靜立幼兒園,私立,板橋區,ChIJlUOpPxOoQjQRCQBKzsra4f4,5,11,5,0,2026-06-10,2026-09-13,ok
6129ae4a-e2e3-41c1-990c-637296c0001e,新北市私立榮光幼兒園,私立,汐止區,ChIJyR3s4ImuQjQR5QmjelIGZcw,4.3,6,5,1,2025-08-27,2026-09-13,ok
61354b93-5d59-4c6f-8e5d-b2158ce51bcc,新北市私立心萬美幼兒園,私立,林口區,ChIJPaGflsKnQjQRyrzAsyuOE04,5,3,3,0,2025-10-04,2026-09-13,ok
613e8aef-8ff3-4776-a944-6d67b419f427,新北市立新埔國民中學附設幼兒園,公立,板橋區,ChIJe3aGLBKoQjQR5SXO0ghaauo,3.7,7,5,2,2026-08-09,2026-09-13,ok
6222faa7-3ddc-4b56-b34f-579311f363d2,新北市碧城非營利幼兒園(委託財團法人仁德醫護管理專科學校辦理),非營利,三重區,ChIJp3X7E5GvQjQRhsy7dd9fH4Q,4.5,15,5,0,2026-04-24,2026-09-13,ok
6247b2e0-cc1c-4a3b-8771-638bd283d18f,新北市板橋區新埔國民小學附設幼兒園,公立,板橋區,ChIJMQGqgxOoQjQRz7v7TjTUwys,,,0,0,,2026-09-13,ok
6369ee15-bfde-47de-98fb-d72ca63c20d0,新北市私立佳佳安長榮幼兒園,私立,蘆洲區,ChIJ_V3KKLKoQjQRAa7_R-rue08,4.1,43,5,1,2025-09-27,2026-09-13,ok
637b3485-2fe3-4551-9b56-75c5b8fa39e2,新北市私立漢東幼兒園,私立,板橋區,ChIJBY2XECKoQjQRxHer9r9UI2U,4.4,58,5,2,2026-07-14,2026-09-13,ok
63830602-e7f0-4f09-8b17-576e3ad46f78,新北市私立華邇街幼兒園,私立,林口區,ChIJC4kMQiGnQjQRxc_kxRmAAE0,3.9,15,5,2,2026-07-04,2026-09-13,ok
63894143-b185-4e79-b372-1624ed1b7cd2,新北市私立偉仁幼兒園,私立,板橋區,ChIJJR1gxkOoQjQRdVx2RIU3o6Q,3.9,14,5,2,2026-01-26,2026-09-13,ok
63dbe953-46be-436b-bec5-1bf352d6881e,新北市私立天翔幼兒園,私立,土城區,ChIJ-f9xjskCaDQR0q241lZ9tPA,4.4,29,5,2,2026-05-19,2026-09-13,ok
64a0b98d-74c8-4981-8b23-41f1afd581b5,新北市私立新榮富幼兒園,私立,新莊區,ChIJhdpvAH-oQjQR_DlQfwVy-68,4.6,121,5,0,2025-05-28,2026-09-13,ok
6566c522-5ef1-4a2e-b196-255c00df53a1,新北市私立大業幼兒園,私立,板橋區,ChIJuX30kaQCaDQR5wLuqJKwZfA,4.2,6,5,1,2023-09-01,2026-09-13,ok
656849ac-e277-484a-b31f-2c6acd2fa72a,新北市私立華慶幼兒園,私立,汐止區,ChIJi8sMjA5TXTQResPwY4Daar4,3.8,11,5,1,2026-05-12,2026-09-13,ok
65b61543-6d18-4210-844e-32ee9c68b4c7,新北市私立欣和幼兒園,私立,土城區,ChIJkfivPcACaDQRzev_bkG1RAk,3.7,9,5,2,2025-12-06,2026-09-13,ok
6631915f-54c2-4f2b-ae34-2ea9c6af1cea,新北市板橋區重慶國民小學附設幼兒園,公立,板橋區,ChIJW0l4frsCaDQRXiO4fJyvQ1U,,,0,0,,2026-09-13,ok
66555bb3-366d-42fe-b5b8-c0f9bd190e12,新北市私立喬合幼兒園,私立,永和區,ChIJ51ekPzmpQjQRnqTMgN6WMm4,5,23,5,0,2026-06-03,2026-09-13,ok
668ff3b2-8dd7-4532-b541-d18f207a6f67,新北市私立華興幼兒園,私立,汐止區,ChIJhYh4iEVTXTQRakPznNpr_L8,4.7,7,5,0,2024-02-22,2026-09-13,ok
66deb801-17f8-4f7f-9676-2aca8f4e219a,新北市私立萬美憶月幼兒園,私立,林口區,ChIJJXcwOVCnQjQR-e9n5GaR028,3.6,7,5,1,2026-01-27,2026-09-13,ok
68858ac0-2407-4d98-953d-3ee4c9986042,新北市北大非營利幼兒園(委託社團法人中華音樂舞蹈暨表演藝術教育協會辦理),非營利,三峽區,ChIJb_ZpbfQbaDQReNfGlDrDHiI,4.5,20,5,0,2025-09-27,2026-09-13,ok
68c0aad1-e8da-463c-bf20-20d3b2dbd691,新北市私立中中幼兒園,私立,永和區,ChIJ0QJ6TMOpQjQRvl3vb7icbas,4.4,7,5,1,2025-09-17,2026-09-13,ok
68ffc11c-17f1-41ca-9d11-408cb9591f3a,新北市私立啟育幼兒園,私立,三峽區,ChIJvXgfF_MbaDQRpkb3DJoJoQ4,3.9,42,5,3,2026-08-05,2026-09-13,ok
6918136f-6f90-483a-9701-0c984f7439ba,新北市私立奧林匹克幼兒園,私立,中和區,ChIJ6WaTOoUCaDQRkF3IVo_6TqA,4.1,23,5,1,2026-04-08,2026-09-13,ok
694de2db-d20f-4fdc-9de3-d6da2603f574,新北市私立及人幼兒園,私立,新莊區,ChIJ6xIyzX6oQjQRemgfzyGA45g,2.1,7,5,4,2026-07-04,2026-09-13,ok
69ba31ea-acec-42fa-a294-4a9dadf2303f,新北市私立陽光聖谷幼兒園,私立,新店區,ChIJscYtc9sDaDQRudfFDdQqFEw,4.3,6,5,1,2026-05-20,2026-09-13,ok
69edc735-e2ab-429a-ae9d-595289a3d905,新北市私立國儷幼兒園,私立,板橋區,ChIJf_wUui-oQjQRWmYfEpnwkro,4.4,97,5,0,2026-06-04,2026-09-13,ok
69ef2561-1a90-4156-8c64-b47c82973f51,新北市私立芯琦幼兒園,私立,新店區,ChIJP-2k1KcDaDQRqrLmYFvggqY,5,12,5,0,2025-08-12,2026-09-13,ok
6a041030-5f41-4a4f-b718-51fcd84b5029,新北市中和區積穗國民小學附設幼兒園,公立,中和區,ChIJ0fQcaoMCaDQRuoULz_wknu0,,,0,0,,2026-09-13,ok
6a0412fc-d87b-4a18-af63-07b658b758af,新北市私立環愛幼兒園,私立,蘆洲區,ChIJEylazbGoQjQRvNfSlZU6l6E,4.7,89,5,0,2026-02-06,2026-09-13,ok
6a053f78-15ef-4031-959b-3d148aa2439b,新北市私立維格爾幼兒園,私立,汐止區,ChIJiy8phGtTXTQRHbiUa88b3q8,4.9,111,5,0,2025-12-15,2026-09-13,ok
6a8a7c53-8479-4dae-a6b2-53ffab98fb98,新北市私立吉的堡佳樂幼兒園,私立,永和區,ChIJQTOu-u6pQjQRuiJe866Tc5M,4.4,29,5,0,2026-06-08,2026-09-13,ok
6ad6cab6-74fa-459b-86e8-786bcd74a4cc,新北市私立真理蒙特梭利幼兒園,私立,中和區,ChIJ9ZsFeXQCaDQRd7rAK_FhPOs,,,0,0,,2026-09-13,ok
6b15a10a-1603-423f-92f4-4ea3df0c2351,新北市私立凱樂蒂幼兒園,私立,淡水區,ChIJX7vKW3avQjQR53PPvs5qVKw,,,0,0,,2026-09-13,ok
6b1c388c-e415-492d-95b4-cd635a10478c,新北市私立薇妮幼兒園,私立,五股區,ChIJTVsnrSSmQjQRHqWHe250oUE,4.5,2,2,0,2022-05-16,2026-09-13,ok
6c8bc868-9c54-479b-8a14-036867031795,新北市私立新豐幼兒園,私立,汐止區,ChIJfVm7rxJTXTQRJTdatipexoE,4,9,5,1,2025-10-20,2026-09-13,ok
6d700ec8-125a-4d52-b0cb-600b5b68eea1,新北市雙溪區雙溪國民小學附設幼兒園,公立,雙溪區,ChIJ27r1Wq9bXTQRuXK1AQYHHrI,,,0,0,,2026-09-13,ok
6e0ea08e-661f-4c9d-85fc-b82931a992eb,新北市私立捷群幼兒園,私立,新莊區,ChIJEzB7_-2nQjQRHStebkVa7H0,4,13,5,1,2026-08-20,2026-09-13,ok
6e117a3a-298e-4257-9c37-aa55331fa005,新北市立淡水幼兒園,公立,淡水區,ChIJOW6-v1WlQjQRbBJACxemSyE,3.5,11,5,2,2026-03-21,2026-09-13,ok
6e3cf8db-2d42-436d-9286-2777aad3b19c,新北市私立向日葵幼兒園,私立,汐止區,ChIJwRWQ4W5TXTQRyg-O49au4HE,5,4,4,0,2025-07-23,2026-09-13,ok
6e677694-9d84-4b8c-aa08-a894002d16e1,新北市三重區光興國民小學附設幼兒園,公立,三重區,ChIJhWawbBmpQjQRlVq4vAPrWyg,,,0,0,,2026-09-13,ok
6ea977d2-d7f2-4adf-b2a6-8bbdbbdffc48,新北市私立巨堡幼兒園,私立,永和區,ChIJWQJPluipQjQRpV9v9TK3JXk,4.4,75,5,1,2026-04-02,2026-09-13,ok
6f2834da-05f3-47d7-a4e5-e92500c377d9,新北市私立茁壯園板橋幼兒園,私立,板橋區,ChIJzYxpSmKpQjQRCNDlTeK3aUc,,,0,0,,2026-09-13,ok
6f8baeb0-a053-4224-adfc-06b5ca808088,新北市私立通泉草幼兒園,私立,新店區,ChIJS4r1NG4BaDQR-nzMnmikY4E,4.6,8,5,0,2026-05-30,2026-09-13,ok
701f2542-9ee7-4d75-9752-5e6c49f9897c,新北市私立政達幼兒園,私立,樹林區,ChIJD9qyqH4daDQRAxt5OMrcvk0,2.6,5,5,3,2026-08-26,2026-09-13,ok
7051510f-adcb-4102-8d9e-519c27e307a8,新北市私立勵輝幼兒園,私立,新莊區,ChIJ0yJ-N4uoQjQRj93EqH0b54g,3.3,32,5,4,2026-06-04,2026-09-13,ok
70658f6e-2849-40d1-a3ca-ec19419dac24,新北市私立文堡幼兒園,私立,板橋區,ChIJyx6cezmoQjQRoNvc9rf_zLA,4.3,39,5,0,2026-05-09,2026-09-13,ok
70bf8bcd-486f-4c0f-9129-251ce89be091,新北市私立傑瑞兒童村幼兒園,私立,新莊區,ChIJI_-ISYmnQjQR6w375mPqD9c,4.7,255,5,1,2026-06-24,2026-09-13,ok
70c642c9-2bcb-4848-bdae-be336babcbe0,新北市私立文達幼兒園,私立,林口區,ChIJsStNZeamQjQRAnp6vlU0RhM,4.9,45,5,0,2026-08-08,2026-09-13,ok
714c7934-98bc-4b1d-8286-e5d6127bad06,新北市五股區成州國民小學附設幼兒園,公立,五股區,ChIJzSOwElSvQjQRHHXuBAiLCDg,,,0,0,,2026-09-13,ok
7196f653-1692-4cdc-9408-0ec0514cd563,新北市私立福音幼兒園,私立,板橋區,ChIJrSU_wR2oQjQRo0kyg7K-p-o,3,31,5,3,2024-11-06,2026-09-13,ok
719d4452-278e-46fd-afd9-6dca48e6be06,新北市私立米亞藝術幼兒園,私立,土城區,ChIJ_ZAH_SwdaDQRQbLi2YIfbR4,1,1,1,1,2026-08-25,2026-09-13,ok
71b5222c-7a41-420f-99a2-89d9dec189ba,新北市私立金幼聲幼兒園,私立,瑞芳區,ChIJgdPFqyxQXTQRphJJUaFx2Js,3,4,4,2,2025-05-14,2026-09-13,ok
71c11a34-b991-4466-a9ff-e95d50682084,新北市私立華人幼兒園,私立,中和區,ChIJOU43iQkCaDQRz5PbI7qsUc8,,,0,0,,2026-09-13,ok
721a03dc-2f6f-42ea-b46f-842e7bfb3551,新北市私立晨光幼兒園,私立,新莊區,ChIJjwfaNY6nQjQRyOVa6F1oTP0,4.7,191,5,1,2026-05-22,2026-09-13,ok
7222dcca-41c3-4200-82c0-d580829097af,新北市私立板橋大華幼兒園,私立,板橋區,ChIJKfkT-DeoQjQR4fPxeR2qHbk,4.6,18,5,0,2026-06-16,2026-09-13,ok
723a2473-af95-4fca-921e-3b2622a04073,新北市私立日日安幼兒園,私立,蘆洲區,ChIJ8QfGzpSpQjQR7QyO9nsaCQo,5,2,2,0,2022-03-06,2026-09-13,ok
724fbbd5-486a-4c02-bf60-fd471dd7ae8e,國防部陸軍司令部前鋒員工子女非營利幼兒園（委託社團法人中華音樂舞蹈暨表演藝術教育協會辦理）,非營利,中和區,ChIJPeXMXqgDaDQRyfREOKQx2ZM,5,10,5,0,2023-09-28,2026-09-13,ok
73089b32-5cb3-48d6-b488-642f0059cab3,新北市私立陽光天使幼兒園,私立,新店區,ChIJ-3kC0f-pQjQRU56YixkxUGw,4.7,84,5,0,2026-01-27,2026-09-13,ok
7319d09d-87d3-4021-83cb-49d17cd3d0a8,新北市私立三民幼兒園,私立,新店區,ChIJt8HMXfkBaDQRg3yxPihMtxI,4.4,8,5,1,2025-05-04,2026-09-13,ok
73764d5b-7e05-4a49-b0d6-36397d72fa43,新北市私立僑治亞幼兒園,私立,新莊區,ChIJKZRJsYCoQjQR34QCm45hoHI,4.6,110,5,0,2026-08-02,2026-09-13,ok
73d3065a-ea2d-4edb-ad24-570557289b7a,新北市私立格林幼兒園,私立,中和區,ChIJY135O3ICaDQRWYQjxquVLBA,4.4,44,5,0,2025-12-20,2026-09-13,ok
73df977f-e339-4cc0-92ca-5f79ebd74f7b,新北市私立青樺幼兒園,私立,泰山區,ChIJy5ROBpCnQjQRHUvbc-7dGPw,5,1,1,0,2026-04-21,2026-09-13,ok
74412644-e1b9-4368-bc59-3015142aa2ae,新北市蘆洲區成功國民小學附設幼兒園,公立,蘆洲區,ChIJeY07LLCoQjQRm8B2cPxjtLU,,,0,0,,2026-09-13,ok
74670790-1bf5-4d0e-aee3-12b41d4213ca,新北市私立嘉盛幼兒園,私立,板橋區,ChIJ0TCh3KACaDQRoB7j8d1eAN0,4.4,28,5,2,2026-07-09,2026-09-13,ok
74bd1bbc-00c1-4c18-a7f0-ce9157995bde,新北市私立心象園幼兒園,私立,新店區,ChIJ1fK_8PcBaDQRAPCqMyVJTic,4.7,11,5,0,2024-08-23,2026-09-13,ok
74df6b44-a7ba-4318-aec8-0466a393fbc9,新北市私立惠文幼兒園,私立,三重區,ChIJGfaXZ9WoQjQRDLlVgQ5OT_k,4.4,48,5,1,2026-07-09,2026-09-13,ok
754d43de-94c2-4759-bd27-3b3267ded745,新北市私立古典幼兒園,私立,板橋區,ChIJV2AhDEGoQjQRJgsuxtrifys,3.7,21,5,1,2026-05-27,2026-09-13,ok
756f0b61-e9d3-4670-9d2c-178092a7e70d,新北市私立幼華幼兒園,私立,板橋區,ChIJeTXp9ASoQjQRESeY_rnrczo,3.2,5,5,2,2024-03-27,2026-09-13,ok
75c979e7-2b33-40ab-9538-a3cced0cde39,新北市新店區安坑國民小學附設幼兒園,公立,新店區,ChIJnfe_zjcCaDQRUy03e1ojQ4w,,,0,0,,2026-09-13,ok
76a33422-0b58-405e-941b-c913e5fa9831,新北市私立嘉聲幼兒園,私立,林口區,ChIJ_XU05XqnQjQR3Z3D-jskfHs,3.9,12,5,0,2024-09-23,2026-09-13,ok
76dc701a-4c46-4ce6-a748-471686fe86b4,新北市私立艾力克幼兒園,私立,三重區,ChIJa7R8ZCOpQjQRmOE91WDJDvk,4.9,81,5,0,2026-07-03,2026-09-13,ok
771f9416-0c15-4ab1-8898-dc5fdaea2d81,新北市私立康大幼兒園,私立,汐止區,ChIJgVJMkkhTXTQREVCmv_GKVTU,3.8,16,5,1,2024-02-01,2026-09-13,ok
7743711e-466a-43aa-b46b-9e16b1816192,新北市私立康華幼兒園,私立,汐止區,ChIJRR0212tTXTQRMdCPp6xiT88,5,5,5,0,2023-08-12,2026-09-13,ok
7782c6d2-9218-4420-b9fe-802b319061e2,新北市私立芯品幼兒園,私立,新店區,ChIJXW8fMUgCaDQRcBacQyBK940,3.4,10,5,4,2026-05-15,2026-09-13,ok
7809948e-1c15-4b6e-b347-5e827fa73ac7,新北市私立新七賢幼兒園,私立,永和區,ChIJbWYgQeupQjQR0BNWfc04MR0,4.6,13,5,0,2026-07-03,2026-09-13,ok
781ef1a5-e52d-4fa5-a761-b74885ea25d2,新北市私立文心幼兒園,私立,蘆洲區,ChIJ-70G3dKoQjQRGL-e5Av7260,4.8,22,5,0,2026-02-06,2026-09-13,ok
78b66292-425a-4c93-8542-75e9e5dec3b7,新北市私立夏恩雙響幼兒園,私立,板橋區,ChIJTZDY6ECoQjQRc1O-54xse7g,,,0,0,,2026-09-13,ok
790bf7aa-d77f-4a64-b3e9-70bcebb8f336,新北市私立愛森堡幼兒園,私立,板橋區,ChIJdSElhzyoQjQRaYROfpZvFTQ,4.3,41,5,0,2026-01-30,2026-09-13,ok
790ca435-d9fe-44dc-af25-924d582ee5c0,新北市私立新新幼兒園,私立,永和區,ChIJo4c0f9upQjQRpKoB3PtNTso,4.9,75,5,0,2026-06-30,2026-09-13,ok
7925b208-0c2c-42cb-8f59-b7ac7fba1a13,新北市私立童心圓幼兒園,私立,新店區,ChIJpUePZokBaDQRDXH5vRx6ixo,4.4,7,5,0,2026-01-10,2026-09-13,ok
792eb71e-c7cf-4b24-ad9b-98beceb1df83,新北市私立傑安幼兒園,私立,新莊區,ChIJ5XeZjnGoQjQR1fD1eevSKEA,4,8,5,1,2026-02-05,2026-09-13,ok
796afbe2-f9d3-44f9-9c07-7f4ead099064,新北市私立優質幼兒園,私立,五股區,ChIJW-1duA-mQjQREk43tHOKphc,4,6,5,1,2021-05-04,2026-09-13,ok
79ef45d0-92bf-457c-8290-9bd33f81d8b6,新北市私立新邦仁幼兒園,私立,五股區,ChIJPYXU7DmmQjQRKX0uUnIu6Vc,4.8,22,5,0,2026-05-08,2026-09-13,ok
7a6ad621-a452-40bc-a971-09b93f01ee6a,新北市私立青園幼兒園,私立,新莊區,ChIJy7LnwnuoQjQRoThCqVpFhaY,4.7,16,5,1,2026-06-04,2026-09-13,ok
7ab6c0de-99d5-406b-9b84-857c685b34de,新北市私立恆育幼兒園,私立,三峽區,ChIJb_5U438baDQRHbDJMrv9B3A,4.8,36,5,0,2025-08-24,2026-09-13,ok
7b539675-8fe9-4f05-942f-92c9627fbc2a,新北市私立艾法薇爾幼兒園,私立,板橋區,ChIJVzwqQkeoQjQRMYdJ2MNgl0Y,3,47,5,3,2025-06-21,2026-09-13,ok
7c003cfb-93bc-442c-8b7f-2b9a3db63b8d,新北市瑞芳區義方國民小學附設幼兒園,公立,瑞芳區,ChIJEWuAgPFPXTQRxz22__7ZMSI,,,0,0,,2026-09-13,ok
7c855dcc-b8a9-4646-83c1-e7cfa303bd20,新北市私立安和幼兒園,私立,土城區,ChIJUWzFC74CaDQRdT8_cVmrNnE,4.8,5,5,0,2022-07-05,2026-09-13,ok
7cc0771a-080a-4d41-86b6-1c626349e844,新北市立福和國民中學附設幼兒園,公立,永和區,ChIJozoP7uWpQjQRYhzEczR_IWQ,,,0,0,,2026-09-13,ok
7d3ab1f7-6454-46cd-9aa0-9636d9273696,新北市私立和平幼兒園,私立,板橋區,ChIJpa6Cr0mpQjQReCPyBspgBuw,4.2,68,5,0,2026-04-21,2026-09-13,ok
7d72d332-351e-4342-9050-09672d9f599d,新北市新月非營利幼兒園(委託財團法人彭婉如文教基金會辦理),非營利,板橋區,ChIJoYbtnlypQjQR09YkAlNXhw0,4.6,12,5,0,2026-06-23,2026-09-13,ok
7d806d65-d9b2-454e-8776-2dc61bc39750,新北市私立景平幼兒園,私立,中和區,ChIJc-R0_XMCaDQRTVe4rNOaRP8,3.6,20,5,1,2026-03-25,2026-09-13,ok
7d8efc23-4d4f-4c86-acd8-8cc579875679,新北市私立吉德幼兒園,私立,三重區,ChIJN9l1pQKpQjQR8DbE-zZV-QI,3.7,18,5,0,2025-09-04,2026-09-13,ok
7db0512b-9b5e-4de3-8896-0dec4a7e4761,新北市五股區德音國民小學附設幼兒園,公立,五股區,ChIJY1rNuSSmQjQRnEystOj9dy8,,,0,0,,2026-09-13,ok
7dd10969-9eca-470c-b6e4-25f205cf1791,新北市私立益智幼兒園,私立,三重區,ChIJ9RB0FuOoQjQRxHp6_cd4Jcc,2.8,5,5,3,2024-02-18,2026-09-13,ok
7e4091bb-f0ee-4a6a-80f5-3c14da4077b9,新北市私立森林幼兒園,私立,土城區,ChIJLQJ9EcgCaDQRHai91SlN2ME,4.4,9,5,0,2023-09-06,2026-09-13,ok
7e6126eb-0622-4c32-9e7c-52564930b49f,新北市私立幼暉幼兒園,私立,板橋區,ChIJK_-wjCCoQjQR3_5BmUeW8G4,4.3,28,5,0,2025-07-30,2026-09-13,ok
7e99f2fc-51cc-4a33-8c0f-9d3218ae283e,新北市私立榕榕園幼兒園,私立,蘆洲區,ChIJ1bHR7tGoQjQREangaCplnvU,2.7,11,5,3,2026-03-10,2026-09-13,ok
7ea53564-9e3d-4426-80a4-55b55bd743e1,新北市新店區直潭國民小學附設幼兒園,公立,新店區,ChIJDyQK-dkDaDQRcbL_1nEX_IQ,,,0,0,,2026-09-13,ok
7ec27714-ca0b-4bec-bac0-7bb7ea0a2d22,新北市私立彤恩幼兒園,私立,土城區,ChIJ09feer8CaDQRa4L_zn6vt50,4.6,61,5,0,2024-03-12,2026-09-13,ok
7edc91b8-0641-46a8-bdca-55b6227c4bdc,新北市私立維尼芽幼兒園,私立,新莊區,ChIJORD1FPKnQjQR4lN8TB1eH7o,4.5,36,5,1,2026-04-22,2026-09-13,ok
7f50368b-06f5-45d7-bc79-8970cb8496e2,新北市立溪崑國民中學附設幼兒園,公立,板橋區,ChIJtV1_VkYdaDQRX7RkpNWOAOc,,,0,0,,2026-09-13,ok
7fa290c1-dd31-492b-a2db-e76477d3c802,新北市私立征洋幼兒園,私立,土城區,ChIJb4KlS8QCaDQRT1L6GJkTRB0,3.7,14,5,2,2026-08-04,2026-09-13,ok
7fc87612-1a5d-443c-b6b4-2415e8638795,新北市私立萊恩得幼兒園,私立,淡水區,ChIJL5AQNXavQjQRZWaATNWTLWo,4.7,25,5,0,2026-08-04,2026-09-13,ok
8018ff80-cd38-4e2b-86c0-90297b81f52e,新北市私立啟育藝術幼兒園,私立,三峽區,ChIJvXgfF_MbaDQRpkb3DJoJoQ4,3.9,42,5,3,2026-08-05,2026-09-13,ok
80f53df3-89c9-4966-b901-4678f91b35fe,新北市文中非營利幼兒園(委託財團法人三之三生命教育基金會辦理),非營利,新店區,ChIJez1m5uABaDQRJc3bDmtyn6A,5,4,4,0,2026-07-04,2026-09-13,ok
8163bf08-3dd1-4788-b10c-f2427daa8860,新北市私立雅立福幼兒園,私立,樹林區,ChIJWXe6cnwdaDQRSxp1ei5GBgc,4.6,13,5,1,2025-12-20,2026-09-13,ok
818ed658-8295-4b49-a727-ce5e3d4e623e,新北市私立溫特爾幼兒園,私立,三峽區,ChIJkZPf7oobaDQRuLfPBjM94aw,4.8,42,5,1,2025-10-06,2026-09-13,ok
81dc71b4-2059-42fc-93b4-5a350a78286d,新北市佳家非營利幼兒園(委託財團法人享翔葉克膜教育基金會辦理),非營利,三峽區,ChIJZ6nWoG0ZaDQRu2HMvXKNSv8,,,0,0,,2026-09-13,ok
82394a26-2933-4adb-9f32-97f6000060f9,新北市立土城幼兒園,公立,土城區,ChIJ26JrJMkCaDQR5-92ZfvKuc4,4.7,15,5,0,2026-06-04,2026-09-13,ok
8255a4db-d5b0-4875-8057-87587203d0c1,新北市私立安康幼兒園,私立,新店區,ChIJMcg0o0kCaDQRi5W1S_ZI6qM,3.8,5,5,1,2026-06-29,2026-09-13,ok
82738d3e-6fc2-4c0a-a6b2-080508be769f,新北市淡水區文化國民小學附設幼兒園,公立,淡水區,ChIJl1X6i1ClQjQR35LB74LluCI,,,0,0,,2026-09-13,ok
827c5813-1b6b-4ba6-8a8c-f398e091e0cb,新北市永和區永和國民小學附設幼兒園,公立,永和區,ChIJxWrytuepQjQRlf4IOYRlSkU,,,0,0,,2026-09-13,ok
82fb7ba0-f833-44c2-96b6-e7030824af30,新北市私立嘉慶幼兒園,私立,新店區,ChIJx-z5SEgCaDQROkB2XGizkKI,4.3,7,5,1,2025-06-10,2026-09-13,ok
832e9999-ae48-400d-a39e-276d657dea61,新北市私立佳恩幼兒園,私立,新店區,ChIJMSNpLvIBaDQRi1EMrvl7hXo,4,4,4,1,2025-01-20,2026-09-13,ok
832f17b4-5007-4f13-9443-6847547e0d90,新北市私立聖母幼兒園,私立,三峽區,ChIJQ3Q_TOgbaDQRedsJZ2su3Ng,5,7,5,0,2025-11-09,2026-09-13,ok
83cd8ff0-1463-496d-be98-7573ca4ce370,新北市私立夏綠蒂幼兒園,私立,三重區,ChIJ_-7swSupQjQRIvuqBbrsHBg,4.8,330,5,1,2026-01-06,2026-09-13,ok
840fb2c1-e993-4db8-85d5-b3f64ede1912,新北市私立康大創藝幼兒園,私立,汐止區,ChIJozPe-6JTXTQRqzUh06_hPq8,5,8,5,0,2026-07-31,2026-09-13,ok
8460fc75-3623-4777-8a71-4d1f0e406e8d,新北市私立普林斯頓幼兒園,私立,中和區,ChIJpyvNcYICaDQRvkk1-_NTPe4,4.4,11,5,1,2024-04-01,2026-09-13,ok
849d672b-2842-4761-b184-59fea37b8fa2,新北市永和區網溪國民小學附設幼兒園,公立,永和區,ChIJXVM8dQCpQjQRD67vnenQSnI,,,0,0,,2026-09-13,ok
84dec3bc-a585-4f77-98de-a1f74ed3b18d,新北市私立強森園幼兒園,私立,三重區,ChIJk9KRvN6oQjQRGAgZqNRCcoE,4.2,9,5,0,2023-10-05,2026-09-13,ok
8549f509-2db5-4fd0-bf58-03fa4afdb67b,新北市私立遠東幼兒園,私立,板橋區,ChIJ5cTQcTuoQjQRufksK4HPLTM,4.3,12,5,1,2026-05-01,2026-09-13,ok
857c4368-1eb0-452e-8aaf-1393accc7ee0,新北市私立普薪幼兒園,私立,蘆洲區,ChIJEXkDTMuoQjQR9lTwIWCC4gU,4.8,68,5,0,2026-01-30,2026-09-13,ok
85c9f44c-0347-4396-a9fc-223e1aef47f6,新北市私立弘恩幼兒園,私立,中和區,ChIJGW7-DCioQjQRnjj6_eamGBw,4.9,7,5,0,2026-08-25,2026-09-13,ok
8615d6e6-85fc-462f-85e9-1b748e955cfc,新北市私立愛妮爾國際幼兒園,私立,土城區,ChIJ4S98JdccaDQRsbzNQh_q6N4,4.7,47,5,0,2026-03-22,2026-09-13,ok
862cc998-efb8-41c7-a119-97fee0c76edc,新北市私立格登幼兒園,私立,新莊區,ChIJn6_ud4CoQjQRiPKJDdE0nqc,4.6,138,5,0,2026-05-05,2026-09-13,ok
863bef3e-0edd-43a0-98f6-6d331bfe3209,新北市私立吉恩幼兒園,私立,土城區,ChIJd4LG_SkdaDQRdd5gRSfxGqs,4.8,17,5,0,2025-07-30,2026-09-13,ok
864db84f-ddfc-4a36-9b47-61ef471b1214,新北市私立心辰幼兒園,私立,林口區,ChIJG5knKx6nQjQRum1Gocy64B8,4.6,8,5,1,2025-03-23,2026-09-13,ok
869a115c-a3de-4044-b949-60e1acf9eae3,新北市八里區大崁國民小學附設幼兒園,公立,八里區,ChIJbRPNmxOlQjQRQxvHDbTv8QY,,,0,0,,2026-09-13,ok
86bbb86c-b24e-43a3-b4e6-ef09671cdfd6,新北市私立華菂幼兒園,私立,泰山區,ChIJz-flnc6nQjQRJuxTVHKXna8,4.2,38,5,1,2025-10-29,2026-09-13,ok
86d7e17f-6108-4930-b06e-25cdf20fb901,新北市立忠山實驗小學附設幼兒園,公立,淡水區,ChIJydzX-EWwQjQRHAgsh15RNh0,,,0,0,,2026-09-13,ok
86e5fab6-1d52-47c9-ac83-813293d5447a,新北市私立童話村幼兒園,私立,三峽區,ChIJe0Vtu-wbaDQRCx7XRoOkFek,5,7,5,0,2022-07-27,2026-09-13,ok
86ebbd61-434f-4835-8af6-38c171744d79,新北市私立底格里思幼兒園,私立,中和區,ChIJcS2RGoQCaDQRBYWAaaXV5ho,5,72,5,0,2025-08-01,2026-09-13,ok
87032329-dd8e-4e07-95ee-dafe5968e041,新北市私立三元幼兒園,私立,板橋區,ChIJ6Y7BjxWoQjQRr6yS9ckhbv8,4.4,10,5,1,2026-01-23,2026-09-13,ok
87221d1d-627a-4338-a685-e60bc7af9fa4,新北市立蘆洲幼兒園,公立,蘆洲區,ChIJbYkA_LKoQjQRAtmZFu9mBJY,4,21,5,0,2024-03-19,2026-09-13,ok
87327405-ef1e-4422-9154-d84a780dc1f2,新北市瑞芳區瑞芳國民小學附設幼兒園,公立,瑞芳區,ChIJCZ98tPBPXTQRtx5WFSxTfUY,,,0,0,,2026-09-13,ok
87394a30-4964-40e8-b99b-0eb41fdefc18,新北市私立超群幼兒園,私立,汐止區,ChIJQYM1_lCrQjQRTZLm4ugMg9o,4.4,10,5,0,2023-04-13,2026-09-13,ok
87499978-d658-43c5-ba24-987192d12507,新北市私立童圓幼兒園,私立,汐止區,ChIJaQZAwUlTXTQRhfmRVDozKF0,4.2,13,5,1,2025-08-27,2026-09-13,ok
87ac6735-28c9-4597-930b-e7d45674c802,新北市私立慷乃兒幼兒園,私立,新莊區,ChIJR_MXGNanQjQR0g-StZXGhiM,4,17,5,1,2026-08-07,2026-09-13,ok
884712c9-f9ac-472b-8f29-95b2164738cb,新北市私立辰修幼兒園,私立,中和區,ChIJw1ZfYnoCaDQRxYjGXJ5lr_Q,5,4,4,0,2026-07-16,2026-09-13,ok
88715302-1745-44ec-9d35-afcf5ece835e,新北市私立曼哈頓幼兒園,私立,汐止區,ChIJEb8NLrCsQjQR8XQFVdQuy4A,3.7,35,5,4,2026-06-29,2026-09-13,ok
88df5fa9-1c12-4291-8afc-25f74cfc64f8,新北市私立金城幼兒園,私立,土城區,ChIJnXHg_JUCaDQRZ8IbIKDrB44,4.9,229,5,0,2025-12-13,2026-09-13,ok
8900bdee-b258-46f5-81f9-cc6c9925eb78,新北市私立新中幼兒園,私立,新店區,ChIJbQ_VwR0CaDQR5dAuLzRew_Q,4.5,13,5,1,2026-08-01,2026-09-13,ok
891fa4c5-bc43-4465-a393-f50a37593be1,新北市永和區頂溪國民小學附設幼兒園,公立,永和區,ChIJz6v0G8GpQjQRoR0yUmwGa-w,5,4,4,0,2026-06-18,2026-09-13,ok
893e426e-bf9a-4414-a344-f959dc7e2fdd,新北市私立康園幼兒園,私立,板橋區,ChIJIROmdkaoQjQR4gwfvDu-HQo,4.3,64,5,1,2026-04-11,2026-09-13,ok
895ba81e-791e-4cc8-b4c9-25b7428eceec,新北市私立發現小熊森林幼兒園,私立,板橋區,ChIJzxZrokCoQjQRLdQz-0Jfvbk,4.9,28,5,0,2025-08-07,2026-09-13,ok
896210ed-3171-4980-b2f3-962ffa15b6e1,新北市私立星星幼兒園,私立,瑞芳區,ChIJ--W3zVtFXTQResNgqViNK08,4.7,6,5,0,2026-02-10,2026-09-13,ok
899d7cca-7d38-460a-a27b-69e58ad61d74,新北市私立日恩幼兒園,私立,土城區,ChIJQUTyB5YCaDQRBcBIFUiLGdQ,3.8,33,5,1,2026-02-14,2026-09-13,ok
89def7f5-8972-4056-ab86-2bce5b5e6a3c,新北市私立新二重幼兒園,私立,三重區,ChIJuVyviOioQjQRulk4GETeIUY,4.1,8,5,1,2025-06-04,2026-09-13,ok
8ae6976c-37c4-47cb-9c56-8d1cdec82fa1,新北市私立及幼幼兒園,私立,泰山區,ChIJQTwBmqynQjQRXj-BfY0xyNE,4,4,4,1,2026-08-06,2026-09-13,ok
8b143010-7879-4756-b57b-fb8a1012e89f,新北市私立好好幼兒園,私立,新店區,ChIJs5apIT8DaDQRxF-EOU2RPyY,,,0,0,,2026-09-13,ok
8b394672-9045-4408-bc7e-7b8f918f0dea,新北市私立傳動幼兒園,私立,永和區,ChIJhQKhzeapQjQR2LCku5ZLE08,3.9,19,5,1,2026-06-20,2026-09-13,ok
8bd1767f-f40f-4d5c-83a1-ba0647c9d541,新北市私立北極星幼兒園,私立,土城區,ChIJgx78iMoCaDQRn7guzNulT30,4.6,20,5,0,2026-05-07,2026-09-13,ok
8c45852f-0b40-4341-8cc9-1390da4876d6,新北市私立鼎群幼兒園,私立,三重區,ChIJp-hxJSOpQjQR9RI__goytnw,5,5,5,0,2023-05-23,2026-09-13,ok
8c663438-ae6b-4e57-bf70-1a28962ab285,新北市私立福祿貝爾幼兒園,私立,林口區,ChIJaYDXIMOmQjQRKkO3jOXLYpw,4.2,25,5,0,2026-06-09,2026-09-13,ok
8c9f81b6-9984-41b7-9430-5121ba2c0fd0,新北市私立大鵬鳥幼兒園,私立,新莊區,ChIJSYfJyYeoQjQRhE438SFm7PA,4.9,157,5,2,2026-08-08,2026-09-13,ok
8d062a0a-1381-4c0e-a8a6-544ce1efb934,新北市坪林區坪林國民小學附設幼兒園,公立,坪林區,ChIJ7UX6AE__ZzQR5-nxcQP5Caw,,,0,0,,2026-09-13,ok
8d5f9c27-6348-40b4-8062-6c2ddcbe27d4,新北市立坪林實驗國民中學附設幼兒園,公立,坪林區,ChIJKyMnnVH_ZzQRcAHkOrPERzA,4.2,5,5,0,2026-03-22,2026-09-13,ok
8d9f6d02-a023-4b7a-8c2f-6f29fc437f09,新北市金山區金美國民小學附設幼兒園,公立,金山區,ChIJicxq06lMXTQRmyzj7pSS9o8,,,0,0,,2026-09-13,ok
8dad8c8c-b455-428a-910e-29deb8e3f51d,新北市汐止區長安國民小學附設幼兒園,公立,汐止區,ChIJ_w8TK2hTXTQRFSD4yDk3y80,,,0,0,,2026-09-13,ok
8ddba3fa-d297-4f27-83da-656f04edd12c,新北市私立中華兒童幼兒園,私立,蘆洲區,ChIJOQJbB7CoQjQRsM5MDSB6WSU,4.4,7,5,0,2026-06-28,2026-09-13,ok
8e155d23-5aee-4302-88d8-072bfcae1bdd,新北市私立新天地國際蒙特梭利幼兒園,私立,中和區,ChIJa6sMvNipQjQRxPd4vdgxQcQ,,,0,0,,2026-09-13,ok
8e1ab98c-5485-4b38-a606-066690944fde,新北市私立蘆幼幼兒園,私立,蘆洲區,ChIJQ8ZD1rKoQjQRV2Qpuh05XOk,4.9,38,5,0,2026-07-22,2026-09-13,ok
8e299ebb-2d64-43b9-a2df-0b998ad348da,新北市私立慈德幼兒園,私立,中和區,ChIJUYSxSHqpQjQRCTPrNfMv0Ew,4.8,41,5,0,2026-05-21,2026-09-13,ok
8e3b7107-dcaa-4e1e-a693-ea255607f93c,新北市私立佳宜幼兒園,私立,三峽區,ChIJX-Z3sNkbaDQRtK1-q2KMp_s,5,3,3,0,2023-12-12,2026-09-13,ok
8f4dc715-c261-4045-a15b-45929598a107,新北市私立永錡板橋幼兒園,私立,板橋區,ChIJ7auasDwdaDQRuhfFU-QzaCU,3.9,21,5,1,2026-07-14,2026-09-13,ok
8f7e2dd8-739b-4e56-959b-41bdf53682ef,新北市板橋區國光國民小學附設幼兒園,公立,板橋區,ChIJ2zNYuAWoQjQRha-rlg_IxE8,,,0,0,,2026-09-13,ok
8fa733e9-7d77-4e2c-90aa-8c564d34211e,台電公司林口發電廠職場互助教保服務中心(委託社團法人台灣公共托育協會辦理),私立,林口區,ChIJJe0NWMenQjQRTn8TDPN-Gf8,5,6,5,0,2025-07-14,2026-09-13,ok
8fc15b27-cc27-4dd7-8cab-9b31bc37ae8b,新北市私立新佳美幼兒園,私立,永和區,ChIJCa0DwOapQjQR8u4F2HJHvtk,4.6,17,5,1,2026-04-18,2026-09-13,ok
9016ac64-f9fe-4e76-b915-a291669823fd,新北市私立青山幼兒園,私立,汐止區,ChIJU7QQT2lTXTQRcNKe1CU0w50,4.6,48,5,0,2026-07-25,2026-09-13,ok
90315eaf-e9ec-4c19-88c6-b05d7af3557c,新北市私立培賢幼兒園,私立,永和區,ChIJ9e76I-ypQjQRFvN2B8XOrDA,4.5,44,5,1,2025-07-19,2026-09-13,ok
90505bf2-3550-4297-994c-685e7bb04d28,新北市私立優時代幼兒園,私立,新店區,ChIJZb2o5_EBaDQRvh92SoLMKUU,4.8,61,5,0,2026-07-28,2026-09-13,ok
90e8aab9-a2f4-4da9-b931-288b14e8b75b,新北市私立大同幼兒園,私立,板橋區,ChIJgbejcRaoQjQRZMtTf_hFXjM,4.4,29,5,0,2025-08-01,2026-09-13,ok
91b21342-a397-46aa-8088-b4bf6f7047aa,新北市私立悅欣幼兒園,私立,板橋區,ChIJ72rY7acCaDQR-45FeTjRX7k,4.9,48,5,0,2026-06-02,2026-09-13,ok
91bb8a71-63d1-48ef-8b27-804cf3f370e1,新北市私立神奇小子幼兒園,私立,汐止區,ChIJ1ZfMGw5TXTQRW1VZyvRJK14,,,0,0,,2026-09-13,ok
92164d20-23fa-40c5-a50b-176788279728,新北市瑞芳區瑞柑國民小學附設幼兒園,公立,瑞芳區,ChIJlSJ9PENFXTQRAAQXcBdMzeU,,,0,0,,2026-09-13,ok
92379b9b-984e-4e7a-a998-3553323c5534,新北市汐止區保長國民小學附設幼兒園,公立,汐止區,ChIJVU566qVTXTQRX_8asuHultE,,,0,0,,2026-09-13,ok
927e3a97-e752-4667-935f-7b431851db1e,新北市私立亞特幼兒園,私立,板橋區,ChIJx-X6wBqoQjQRTHUJ8JhWU4Y,4.8,29,5,0,2025-06-25,2026-09-13,ok
9307748c-3174-41b4-a581-926ae1dc1a5a,新北市文仁非營利幼兒園(委託社團法人臺灣兒童教育發展協會辦理),非營利,林口區,ChIJ_WLRNMCnQjQRAMGIKL-vS44,5,2,2,0,2023-02-21,2026-09-13,ok
934245b6-6578-4bdc-9ed6-98b561353049,新北市私立愛箂兒幼兒園,私立,三重區,ChIJB7TbaP2oQjQRzcwE7BZ3rcU,3.5,15,5,2,2026-07-14,2026-09-13,ok
939cfcd8-07d6-48db-af1b-e86ea2f9922a,新北市私立惠園幼兒園,私立,新莊區,ChIJ5_jpQIynQjQRsqd0U7KXyhk,3.9,9,5,1,2026-05-15,2026-09-13,ok
9423b80a-77bf-4bf9-a9f1-45cb4438408b,新北市私立菲米力幼兒園,私立,五股區,ChIJYQLrYhqmQjQRXPJG5q_ys2U,,,0,0,,2026-09-13,ok
944c4b68-f147-442e-ad4f-94e0aa582c80,交通部航港局臺北港行政大樓職場互助教保服務中心(委託財團法人三之三生命教育基金會辦理),私立,八里區,ChIJQ8QR1gOlQjQRz5YeTGQLs3Q,4.3,12,5,1,2026-05-07,2026-09-13,ok
94cedf73-dc3b-4aea-af19-7a9839ee288e,新北市私立小木屋蒙特梭利幼兒園,私立,林口區,ChIJpaJG39emQjQRCkrq2V9iw_o,,,0,0,,2026-09-13,ok
94d076cb-0ffd-4bd1-a7af-1ee33c9e0bed,新北市私立菲力中興幼兒園,私立,新店區,ChIJ4abpSzsBaDQRz7AdQdHfzJc,5,12,5,0,2025-07-31,2026-09-13,ok
94d3801f-37d1-42d3-b1db-77922f84830e,新北市立板橋幼兒園,公立,板橋區,ChIJrblvhgWoQjQRHkfJuc5TJ0w,4.5,11,5,0,2026-09-07,2026-09-13,ok
95086c0c-b216-4140-a2ba-69c71ec0b7bb,新北市新莊區新泰國民小學附設幼兒園,公立,新莊區,ChIJrfB8Nt-nQjQRHQ4i5iBn5JU,,,0,0,,2026-09-13,ok
9567eb0b-f638-4cc1-836e-0d5bece7e7df,新北市私立新學林幼兒園,私立,三重區,ChIJcbLNOCupQjQRPlPiiwr1wAU,4.3,4,4,0,2025-02-21,2026-09-13,ok
95a28881-5893-4a12-b3a4-81749501840a,新北市私立若仁幼兒園,私立,板橋區,ChIJS7c1lkCoQjQRxqZ2_wb9P-s,4.1,14,5,1,2026-03-09,2026-09-13,ok
95cd5167-79de-4f4f-85a4-9e65c05d23e0,新北市私立育才幼兒園,私立,中和區,ChIJk2N9EdipQjQRDgqqbUNw-5Q,3.8,11,5,2,2026-09-11,2026-09-13,ok
960ac56c-b94d-4a50-995a-6655f8f86633,新北市中和區自強國民小學附設幼兒園,公立,中和區,ChIJ-fgtG5kCaDQRB4ASMj2UneY,,,0,0,,2026-09-13,ok
96247b6a-7517-4ba7-8496-416d167b0c1f,新北市私立安邦幼兒園,私立,中和區,ChIJe3Jrq4UCaDQRAC7w53EqW2s,3.6,11,5,2,2022-02-25,2026-09-13,ok
963ea442-cfb9-48df-94c5-b949f833bf20,新北市中和區光復國民小學附設幼兒園,公立,中和區,ChIJWTh2NDCoQjQRg1HXhkC93Gw,,,0,0,,2026-09-13,ok
969acc4d-fc0c-4cf1-865e-e54e49cdcf59,新北市私立邱吉爾幼兒園,私立,八里區,ChIJaxEMtVSkQjQRct48c6fkJjI,4.7,14,5,0,2026-01-16,2026-09-13,ok
96c2d902-4819-43a2-91d8-1d6b008503c9,新北市私立三暉幼兒園,私立,永和區,ChIJ3e3Yje-pQjQRcSDIo1MftoE,4.2,20,5,0,2026-05-17,2026-09-13,ok
96ef36d1-1015-49bc-a314-3d06d6fb477d,新北市私立文聖幼兒園,私立,板橋區,ChIJg7zcb0GoQjQRYULmpQ-zjKs,3.1,19,5,2,2026-07-08,2026-09-13,ok
97320624-d2b0-489c-93c0-9f74f783af46,新北市私立金吉邇幼兒園,私立,三重區,ChIJd_-wYZypQjQRchJc-1L5Aaw,4.8,22,5,0,2025-08-12,2026-09-13,ok
97521d7f-b4cc-4e19-967e-3220c1efecb7,新北市明德非營利幼兒園（委託社團法人中華幼兒創造思考教育學會辦理）,非營利,土城區,ChIJeekwf9EDaDQRpk6I-HDeq3c,3.9,11,5,3,2026-08-04,2026-09-13,ok
97526871-ce13-4729-98e3-82bda0879a13,新北市私立啟蒙幼兒園,私立,淡水區,ChIJEZ120lClQjQRmB1A-xYgsHk,4.5,31,5,0,2026-04-01,2026-09-13,ok
975681c7-8722-4a31-b2c9-4743f6bf7f32,新北市私立幼幼立大幼兒園,私立,新店區,ChIJvfsczuQBaDQRvDrWdMMPKbg,3.8,17,5,1,2026-05-14,2026-09-13,ok
976c7cac-419b-4c33-b769-98293026f935,新北市私立威爾斯幼兒園,私立,五股區,ChIJ7do_whumQjQR2wLVkLAtgvQ,4,12,5,2,2024-12-11,2026-09-13,ok
9887b59a-62b4-4a74-9a0d-a07ec117edba,新北市私立喬治亞幼兒園,私立,板橋區,ChIJj6cp_D6oQjQRJixKmPdklCQ,4.4,59,5,0,2026-07-29,2026-09-13,ok
98dd921a-95e8-45dd-b69b-64361caa7599,新北市新樂非營利幼兒園(委託財團法人三之三生命教育基金會辦理),非營利,新莊區,ChIJ849ZgqypQjQRkOhVntJrPRk,4.1,9,5,1,2025-06-26,2026-09-13,ok
992b473e-f9ea-440b-a981-a4ff6165edb9,新北市私立幼學館幼兒園,私立,永和區,ChIJgzWV0-apQjQRpOE77Hhv-0c,4.7,14,5,1,2024-08-29,2026-09-13,ok
9964b703-c847-4041-aa17-2066a070634c,新北市三多非營利幼兒園(委託社團法人中華巧耕多元教育發展協會辦理),非營利,樹林區,ChIJD3AYLZ0daDQRk4uS8KFXD50,4.6,9,5,1,2023-06-02,2026-09-13,ok
99895adf-5e90-485c-b7f9-9e16a389cf08,新北市私立布朗尼幼兒園,私立,中和區,ChIJbflG-nkCaDQRxHiTQVRsPdM,4.8,22,5,1,2026-05-05,2026-09-13,ok
99adf680-7739-4bcc-a767-74368cd98934,新北市私立溫德爾幼兒園,私立,五股區,ChIJaRMl3yKmQjQRrbYHhlDuK-E,4.7,127,5,1,2026-06-27,2026-09-13,ok
9a9fb5a5-451f-42ea-ba87-4aebad5d5aaa,新北市立老梅實驗小學附設幼兒園,公立,石門區,ChIJhReWttO1QjQRkoltDDk4nVQ,,,0,0,,2026-09-13,ok
9ad2058a-ffcc-402c-83b8-2b60dc44db49,新北市私立凱思莉幼兒園,私立,板橋區,ChIJ05jKSUaoQjQRVHjE-vWHMxU,4.5,32,5,0,2020-06-18,2026-09-13,ok
9b06fe0f-4849-47fa-92c6-4abce102cfe3,新北市私立天藍幼兒園,私立,板橋區,ChIJGdNc4_-nQjQRGbe12-bPOWs,3.9,9,5,2,2026-01-26,2026-09-13,ok
9b381e64-ea03-42cb-8474-cc5f4b068a1d,新北市私立傑出幼兒園,私立,新莊區,ChIJ_azv8ouoQjQREdeF1d61_Kg,4.5,12,5,0,2026-01-09,2026-09-13,ok
9b406d28-e3e4-4ba8-a7ea-1fda96744306,新北市私立喬幼光明幼兒園,私立,板橋區,ChIJMQizH6QCaDQRqlOlSR9h3OY,4.6,95,5,1,2026-04-16,2026-09-13,ok
9b6342d9-1181-4c56-afa1-20e0510c56ce,新北市私立蓮育幼兒園,私立,新莊區,ChIJPZuKMOKnQjQRJrHI5CBELCY,4.7,14,5,0,2025-11-21,2026-09-13,ok
9b8a0797-8e2c-4006-82cb-e9228472f969,新北市平溪區十分國民小學附設幼兒園,公立,平溪區,ChIJfWFJvuhQXTQROZWaRobkFoE,,,0,0,,2026-09-13,ok
9c99d6ee-31c4-472c-bdd4-14549f8f6103,新北市私立實踐幼兒園,私立,中和區,ChIJhYnFZtSpQjQR5rU2v7AZpaw,4.4,144,5,3,2026-08-04,2026-09-13,ok
9cbdf581-4c71-4ce1-8dd0-b72e1585dba8,新北市私立健群幼兒園,私立,新莊區,ChIJw6ceKYqnQjQRFnpEBXLqT5o,4.5,8,5,0,2026-06-21,2026-09-13,ok
9d0ccc0e-0cb2-4097-aadd-923ae85612a4,新北市私立新華園幼兒園,私立,土城區,ChIJ_yiLyMACaDQRTfqf1D3YM_0,4.8,141,5,0,2025-12-18,2026-09-13,ok
9d2a2dee-6862-4e36-a861-0ad9d46c3760,新北市私立和智幼兒園,私立,新莊區,ChIJX7YKDYeoQjQRFcvAb2wemL4,4.9,15,5,0,2025-08-14,2026-09-13,ok
9d2b781b-5aec-4c91-9ad7-e74cd22286b0,新北市淡水區坪頂國民小學附設幼兒園,公立,淡水區,ChIJ8Q4pcvKvQjQRvVzSntNcqQU,,,0,0,,2026-09-13,ok
9db381ed-39f5-4ddf-8c72-ee00135d7a6e,新北市立漳和國民中學附設幼兒園,公立,中和區,ChIJnVvzfdmpQjQRnoXKn6MhTvY,,,0,0,,2026-09-13,ok
9dbd6bb2-3657-4c92-9ab8-c7d0e5b3774c,新北市私立恩佑幼兒園,私立,汐止區,ChIJ3-v_U41TXTQRA_pugMLP3so,5,19,5,0,2026-07-23,2026-09-13,ok
9e0779be-6ca8-4951-b4c1-1988ad031f2d,新北市立青山國民中小學附設幼兒園,公立,汐止區,ChIJNZXbJGlTXTQRffnhVFi_gPk,,,0,0,,2026-09-13,ok
9e923ae1-15ce-4114-88bd-e7514891d3d2,新北市私立來得幼兒園,私立,蘆洲區,ChIJucavV8yoQjQRXEMD1IPk12E,3.4,9,5,3,2026-03-10,2026-09-13,ok
9edd9f64-dd47-4c5c-90db-77aebc082427,新北市私立立仁幼兒園,私立,土城區,ChIJTV_koMsCaDQR_vKKIY1cCmM,5,174,5,0,2025-12-27,2026-09-13,ok
9ef530da-7a7a-4f30-a4dd-8bdf215d91ee,新北市私立莘莘幼兒園,私立,新店區,ChIJV6oxA_YBaDQR38MYKpDE4Tw,4.7,13,5,1,2022-07-13,2026-09-13,ok
9f18a0e4-12e2-43f8-a74d-122ac44dfb90,新北市立新店幼兒園,公立,新店區,ChIJzzkzLfYBaDQRV8tSBbqvOQw,4,9,5,1,2026-03-22,2026-09-13,ok
9f58da60-f141-45f1-be49-5ccf7ac691e6,新北市淡水區屯山國民小學附設幼兒園,公立,淡水區,ChIJ-eTsHZqwQjQRPmwOCc3JmfU,,,0,0,,2026-09-13,ok
9f8530cf-5b75-4e21-bd38-7f5ca275ef36,新北市私立敦品幼兒園,私立,三芝區,ChIJd43NOdK2QjQRmN7BcG4LM_4,3,2,2,1,2026-03-03,2026-09-13,ok
9fc7e4ca-96c3-4a6b-8827-1a733573cc4e,新北市育平非營利幼兒園（委託財團法人彭婉如文教基金會辦理）,非營利,永和區,ChIJi5MrwPepQjQRIit2-s66FQg,4,6,5,1,2026-05-08,2026-09-13,ok
a0541100-35f1-45bc-9070-5664f75b2f87,新北市立金山幼兒園,公立,金山區,ChIJH2okAlZLXTQRM57Cvbo2L-0,5,1,1,0,2019-05-31,2026-09-13,ok
a0724e56-a9fc-4f10-88f8-3ca4b2d2e0e1,新北市土城區頂埔國民小學附設幼兒園,公立,土城區,ChIJEbgA2uwcaDQRVRFYf7reFqM,,,0,0,,2026-09-13,ok
a07a496e-ee97-4a5d-8b66-7062910f3dce,新北市立林口幼兒園,公立,林口區,ChIJrfXBlPemQjQR4nTFMO__Fx8,4.4,19,5,2,2025-03-18,2026-09-13,ok
a0b41cf3-101a-444b-a8f2-033b51b9b09a,新北市立鶯歌幼兒園,公立,鶯歌區,ChIJcQrfeKIeaDQRiF9xmy2U4IE,4.2,32,5,1,2024-08-23,2026-09-13,ok
a0be67b7-fbf1-4bbb-9dea-2878f0d84717,新北市私立青子園幼兒園,私立,八里區,ChIJ80uF41SkQjQRCpxfFFWj37s,4.5,8,5,1,2026-01-16,2026-09-13,ok
a0dd20b0-5ed2-48a8-b921-b30be4b616f4,新北市私立永愛幼兒園,私立,中和區,ChIJv7aIgdPVDRQROgi11lS43Ig,4.2,50,5,1,2026-02-11,2026-09-13,ok
a1600a00-7cdc-4b50-a536-c13d032768fe,新北市私立山姆幼兒園,私立,鶯歌區,ChIJifP_4KkeaDQRjjvHij7VIhk,5,1,1,0,2024-08-26,2026-09-13,ok
a162b516-dc65-4cd1-8457-4d4932302087,新北市私立快樂佳園幼兒園,私立,蘆洲區,ChIJz_hVzcqoQjQRkbEsPqEDSoY,4.6,10,5,0,2025-09-28,2026-09-13,ok
a167cb32-4b51-4907-a16a-541838665ea8,新北市私立宏幼幼兒園,私立,永和區,ChIJfW7q1-2pQjQRQn-qHf9e6-c,4.5,4,4,0,2026-08-28,2026-09-13,ok
a20f2153-7288-4c8d-8ec0-4422e524685a,新北市私立博智幼兒園,私立,樹林區,ChIJ1YDExBsdaDQRDcOjKlv-CgQ,3.2,18,5,2,2026-06-12,2026-09-13,ok
a2515870-54f6-4c34-9604-ebd44126965a,新北市私立大愛幼兒園,私立,汐止區,ChIJL43qXU5TXTQRZtM49J2tY8k,3.5,11,5,0,2026-06-28,2026-09-13,ok
a2cbea3d-f7d2-4ce6-86f5-1a8ab0272dcc,新北市私立今人園幼兒園,私立,蘆洲區,ChIJjZFsVMyoQjQR2hma6eP3JS8,5,6,5,0,2026-09-05,2026-09-13,ok
a2f55b05-29a6-429c-86e4-c6d0d7d386b7,新北市私立成德菁英幼兒園,私立,新莊區,ChIJB1CfqfanQjQRZoGOsuhXk9c,4.2,45,5,2,2025-10-10,2026-09-13,ok
a3008be4-54d5-4880-b84c-0da5fc8209ac,新北市鶯歌區中湖國民小學附設幼兒園,公立,鶯歌區,ChIJs3fg0pgeaDQR3f6W_ZConu8,,,0,0,,2026-09-13,ok
a33d7769-25d9-41a2-affb-dbcad3bdd3a9,新北市私立茱莉亞園幼兒園,私立,三重區,ChIJn4j_Z-eoQjQRbnww6qv6T9k,4.5,35,5,0,2025-10-31,2026-09-13,ok
a3bece0f-4547-4e4f-a5e6-09ddc28ae480,新北市私立唯寶幼兒園,私立,淡水區,ChIJhWQ38zWlQjQRikn_aN_tPBw,3.1,15,5,1,2026-01-31,2026-09-13,ok
a3ec15ec-696c-44e0-a3a7-5bd00f9367d0,新北市昌平非營利幼兒園（委託財團法人三之三生命教育基金會辦理）,非營利,新莊區,ChIJvRr5ZoaoQjQRvUnWwTguUWI,3.4,15,5,2,2026-08-04,2026-09-13,ok
a434044b-6608-47d8-a3bd-85a88f9500c6,新北市私立艾瑞克幼兒園,私立,永和區,ChIJez1C1-OpQjQRbMjdIOEdsvw,5,16,5,0,2026-08-05,2026-09-13,ok
a4e0bbee-429b-4dd5-b897-6cfff6494322,新北市立三芝幼兒園,公立,三芝區,ChIJkT1qk822QjQRTNh78VP8nhM,4.5,8,5,0,2024-09-26,2026-09-13,ok
a5032de3-5c9c-4917-b7c0-3b829aa1bd0b,新北市立中和幼兒園,公立,中和區,ChIJxfm16tepQjQR7pj5R1tEkNc,3.6,19,5,3,2026-08-05,2026-09-13,ok
a56dbe90-d0b5-42fd-964d-ce5f7629fad0,新北市私立小百科幼兒園,私立,五股區,ChIJfUAY8FSvQjQRc8FrE9WdC_4,,,0,0,,2026-09-13,ok
a5b9dd5c-6f8d-4fad-98ae-6c8bb5ab3a42,新北市私立雅森幼兒園,私立,板橋區,ChIJB0Zv6ROoQjQR54uS40Km58k,3,6,5,3,2026-01-26,2026-09-13,ok
a5e0ee45-b08c-455e-85a0-090eadbbd883,新北市昌福非營利幼兒園(委託中華民國文教產業發展暨補習服務品保協會辦理),非營利,鶯歌區,ChIJdwEXybMeaDQR0jR6FP-NJrw,3.7,3,3,1,2026-01-21,2026-09-13,ok
a6ab66ea-8bbc-49f6-84e9-ff3f7cfa79c1,新北市私立來來幼兒園,私立,三重區,ChIJoWp3tuaoQjQRY-aTfLygUzU,3.8,25,5,1,2026-05-10,2026-09-13,ok
a6feb4b1-ac6d-494e-9a1e-bb13132750f9,新北市私立快樂小熊幼兒園,私立,淡水區,ChIJr6sSB1WlQjQRvY9pLIKfE38,2.9,10,5,0,2026-01-16,2026-09-13,ok
a7227cb6-db3d-4ed4-815a-28f1e6e87c0d,新北市私立國花幼兒園,私立,淡水區,ChIJ90vot1alQjQRTFbwCHBZhP8,3.3,20,5,4,2025-11-28,2026-09-13,ok
a7bf3887-0892-4aad-8e84-da9137dde0f5,新北市私立陽光幼兒園,私立,八里區,ChIJ4X9qAAClQjQR1vDgdY-9BdQ,3.9,8,5,1,2026-08-22,2026-09-13,ok
a803921d-c054-48fb-ac6f-d5b389de49ac,新北市三重區光榮國民小學附設幼兒園,公立,三重區,ChIJmbIQWyKpQjQRnc-XpvQ1u-4,3.5,11,5,2,2026-08-17,2026-09-13,ok
a833e4db-3d45-4d91-aca1-604ec013cc5b,新北市私立宥寶幼兒園,私立,三重區,ChIJlY2KIduoQjQRMhmBXS9gO7E,4.5,8,5,1,2025-12-31,2026-09-13,ok
a9072f2f-c817-4bc2-95d9-ef4297f66f44,新北市私立紅樹林幼兒園,私立,淡水區,ChIJBcxa_pKvQjQREyYV4rt3dU0,4.9,115,5,1,2026-01-30,2026-09-13,ok
a9fd6811-c11c-4501-9255-dea9a26e0ca3,新北市私立意秋幼兒園,私立,新莊區,ChIJLZivoe-nQjQR4_EhGhdqfDA,4.3,50,5,0,2026-05-14,2026-09-13,ok
aa01e25d-c02b-45ee-823a-97a6450cdf59,新北市私立布查花園幼兒園,私立,板橋區,ChIJc9yygWYdaDQRf-fEiQReSdo,4.9,79,5,0,2023-12-16,2026-09-13,ok
aa26a6b0-ccdd-4c86-8597-3b9e4fb31002,新北市私立朝陽幼兒園,私立,三峽區,ChIJt1dACfQbaDQRsgdwM-UNvOc,3.7,9,5,2,2025-04-19,2026-09-13,ok
aac8b700-9c27-4c1d-bd3b-220cb12142d7,新北市私立加州森林國際幼兒園,私立,三重區,ChIJKYwqDMCvQjQRQ4Fr5miLv0s,4.1,212,5,0,2026-08-03,2026-09-13,ok
ab054663-8c71-445a-a53f-2667fa972857,新北市立自強國民中學附設幼兒園,公立,中和區,ChIJid3_P5kCaDQR4AtRjT-p4PA,,,0,0,,2026-09-13,ok
ab216151-8d81-40d8-ac15-36a3e01b7c36,新北市私立重愛幼兒園,私立,三重區,ChIJi30ZxgKpQjQRVrL-lWqm84Y,3.4,42,5,3,2026-05-23,2026-09-13,ok
ab55e11b-43e7-480d-98a7-5f70aad1fde6,新北市新店區青潭國民小學附設幼兒園,公立,新店區,ChIJe4E5SZoBaDQR5TeM_vDg_xw,,,0,0,,2026-09-13,ok
ab565c30-40ae-4791-b29b-e09b1cd6ebad,新北市樹林區山佳國民小學附設幼兒園,公立,樹林區,ChIJK8fvIv8caDQRuSrP_8Kjydk,,,0,0,,2026-09-13,ok
ab77f820-8816-4b86-b0f4-88f8843c7c4b,新北市私立民安幼兒園,私立,新莊區,ChIJLQiEkPWnQjQRsA9ug7psFUs,1,1,1,1,2026-07-05,2026-09-13,ok
aba0e090-999a-42cc-a583-036813dd5f67,新北市私立愛心園幼兒園,私立,蘆洲區,ChIJByK8sn6pQjQRiFG1G0oc1Ck,5,2,2,0,2026-08-13,2026-09-13,ok
abc2ed9a-45f0-4ce2-bfff-45541c15b7f1,新北市私立佳呈幼兒園,私立,林口區,ChIJI20-7-mmQjQR8-bxtA_8yIM,2.8,8,5,3,2026-08-14,2026-09-13,ok
abe7af7f-710a-46d5-9e5b-bf7b21d1aaf8,新北市私立溫斯頓幼兒園,私立,淡水區,ChIJt18fWnavQjQRKQRS3UHMkR0,3,4,4,2,2026-05-20,2026-09-13,ok
ac37636e-d1ee-49f9-8938-20d4ed688cbf,新北市私立喬心幼兒園,私立,板橋區,ChIJf3r--BGoQjQR51rIzByGpIE,4.9,104,5,0,2025-08-02,2026-09-13,ok
ac908dec-32c2-4722-a931-aeabe4434509,新北市私立荳荳幼兒園,私立,永和區,ChIJJ5biDeSpQjQRMPHxWhIbFDs,4.5,13,5,0,2026-07-09,2026-09-13,ok
ad3ca5e6-3294-4cae-a0b5-3d4a296b7442,新北市土城區安和國民小學附設幼兒園,公立,土城區,ChIJpS25_L4CaDQRB7pxJSh0zhY,,,0,0,,2026-09-13,ok
ad7ef1f5-4986-433f-a971-597e7a8c29aa,新北市私立宏仁幼兒園,私立,新莊區,ChIJf73U43eoQjQR1vXZJxtYu-I,4.4,7,5,1,2026-08-15,2026-09-13,ok
adc87eda-8ed6-4bc1-b2a0-c8681da3897e,新北市私立成真幼兒園,私立,中和區,ChIJsa4bSHkCaDQRhbxEdwQZmqs,3.6,19,5,3,2025-02-26,2026-09-13,ok
ade1b418-6c83-4297-b891-cede62e820af,新北市私立超級小太陽幼兒園,私立,新莊區,ChIJCVi8xI6nQjQRAhsIJBOs9XY,4.2,5,5,1,2026-08-28,2026-09-13,ok
ae2dd979-5b7b-4ac8-9a53-4fa82c4f261d,新北市私立璦俐兒幼兒園,私立,三峽區,ChIJmQh-gwocaDQRMMLEO3vkBD0,4.1,54,5,0,2026-01-02,2026-09-13,ok
ae3830b7-1c71-4e21-a4a2-f9d667873594,新北市私立福華幼兒園,私立,新莊區,ChIJE0llKHqoQjQRZ5DOpvdhl_w,4,43,5,2,2026-06-04,2026-09-13,ok
ae5f88e5-6c2f-450f-87cc-da25dee305a6,新北市私立奇士華幼兒園,私立,土城區,ChIJ99ZQ-sQCaDQRQHL4Lccta78,,,0,0,,2026-09-13,ok
af8bbbfc-2c48-414c-b4f0-95daf37cad7c,新北市私立幼森幼兒園,私立,永和區,ChIJ8W0HmYGpQjQRVQhBwzW0ZjI,4.9,51,5,0,2026-05-29,2026-09-13,ok
afaa15e7-3a45-442f-9365-b5f4f603aaa9,新北市私立幼親國際幼兒園,私立,三芝區,ChIJa4N3MNK2QjQRMmj2Oxf2Ad0,5,4,4,0,2025-06-10,2026-09-13,ok
b0100f5c-fd88-4f05-991b-80cfd2d63bde,新北市私立寧馨園幼兒園,私立,新莊區,ChIJ_9hnx_WnQjQRT44oA_dM-S0,3.3,12,5,4,2026-07-22,2026-09-13,ok
b06d9bdc-e40b-4150-8f84-5f76f984380e,新北市私立唯爾幼兒園,私立,汐止區,ChIJtRGrTExTXTQRFrL4W-2r4Zc,5,3,3,0,2025-09-18,2026-09-13,ok
b07cf511-19e1-4791-bc6e-3ece1bda6b0f,新北市私立安迪芬幼兒園,私立,永和區,ChIJC9fJAcKpQjQRkGB4yU_4VLA,4.5,6,5,1,2022-07-13,2026-09-13,ok
b0840436-dced-4689-8fc2-c1bd08bbe90e,新北市私立維多莉爾南天母幼兒園,私立,土城區,ChIJe2Y6qjMDaDQRx5aqqbjb8Qg,5,27,5,0,2026-06-16,2026-09-13,ok
b09b7ba5-49bb-49fc-bea3-042d340540a3,新北市私立華德幼兒園,私立,土城區,ChIJ11rm4SwdaDQR4eoVy_9oqhg,4.8,65,5,0,2026-04-09,2026-09-13,ok
b0b589d0-cce8-4280-bc19-82b3a2a8edf9,新北市私立小樹苗幼兒園,私立,三峽區,ChIJFXa-nPMbaDQRm3opEX317MU,4.8,31,5,0,2025-06-05,2026-09-13,ok
b0b6491d-d360-45a1-bf69-e3568c9450c0,新北市私立忠合幼兒園,私立,中和區,ChIJjf0TBeOpQjQRnteA28bbrZM,4.3,6,5,1,2026-04-01,2026-09-13,ok
b0c19f69-21a1-45e5-99fc-1b70e49085a5,新北市私立新雙成幼兒園,私立,板橋區,ChIJTeLS4DioQjQRPvTXOFJYOKM,3.4,7,5,2,2026-08-29,2026-09-13,ok
b120943d-ab65-4d63-a48c-9fd5df6f9625,新北市私立心耶魯幼兒園,私立,板橋區,ChIJyS56NEaoQjQRejJZkZKwgMo,4.1,8,5,2,2025-05-15,2026-09-13,ok
b152708e-2d96-4883-b006-4dde4855a98e,新北市私立泉慧幼兒園,私立,蘆洲區,ChIJr6CL7NCpQjQRhxCm98HBWjc,3.5,2,2,1,2024-08-01,2026-09-13,ok
b15d6acb-5c8b-40a5-9a44-03c50203fa7f,新北市三重區碧華國民小學附設幼兒園,公立,三重區,ChIJGYO7PtWoQjQRHXnxuCwIfyE,,,0,0,,2026-09-13,ok
b1aaa1d0-a24b-444e-b591-2f6a66fd0e2a,新北市汐止區白雲國民小學附設幼兒園,公立,汐止區,ChIJ2eMjWVCrQjQRvXsZX6resMg,,,0,0,,2026-09-13,ok
b1fc71e8-1e46-4743-87f6-7351827187e3,新北市私立科見板橋幼兒園,私立,板橋區,ChIJu8zuuB2oQjQRAjtMd70Jw-8,4.1,68,5,1,2026-06-10,2026-09-13,ok
b2dfc870-6df3-45f0-84ab-765ef2d1d33e,新北市立泰山幼兒園,公立,泰山區,ChIJpdFgusunQjQRA6DJSd0y8KM,4.4,12,5,1,2024-02-21,2026-09-13,ok
b2ec8f37-54a6-4791-830b-3434d6b1ebfe,新北市私立多比幼兒園,私立,蘆洲區,ChIJOShQ9dGoQjQR5-hSTP9IoCA,3.7,6,5,2,2026-06-25,2026-09-13,ok
b51486a7-da59-49db-b90f-b10e79914e97,新北市私立貝吉堡幼兒園,私立,中和區,ChIJkfpHB4gCaDQRKWF8EzPT-Vk,4.3,13,5,1,2025-11-25,2026-09-13,ok
b5f704ff-be54-46f9-96e9-48a471982478,新北市私立迴龍幼兒園,私立,樹林區,ChIJEX6KOGMdaDQRBxvR1dXqlMk,3.7,9,5,2,2025-12-03,2026-09-13,ok
b60fdd07-6b86-47c2-ab12-bea0029b20ca,新北市汐止區北峰國民小學附設幼兒園,公立,汐止區,ChIJ41Ete1JTXTQRKXORGdz8DRc,,,0,0,,2026-09-13,ok
b6804254-ae3f-4b99-808e-3ca14d856f28,新北市三重區厚德國民小學附設幼兒園,公立,三重區,ChIJvdUR39ioQjQRBwwcKbJu4oI,5,2,2,0,2024-12-02,2026-09-13,ok
b6a946ec-82c4-4825-a51f-bca6d96654e6,新北市私立茁壯園中和幼兒園,私立,中和區,ChIJC3sSfyCoQjQRfKrn_wFwbZg,,,0,0,,2026-09-13,ok
b6e4fb47-798d-4b25-aa77-8e27088483f4,新北市私立頂埔幼兒園,私立,土城區,ChIJeWET-ewcaDQRZC81yHzu7YA,5,5,5,0,2025-12-27,2026-09-13,ok
b73b224d-b0fc-4798-815e-5eb3277e5993,新北市私立林口愛丁堡幼兒園,私立,林口區,ChIJD_Q-tfqmQjQRve4slDChNDU,3,2,2,1,2026-02-11,2026-09-13,ok
b7e480b2-8345-4775-b44f-32a3ec85fb80,新北市板橋區文德國民小學附設幼兒園,公立,板橋區,ChIJGfwBvhGoQjQR2YwqJ864M6U,,,0,0,,2026-09-13,ok
b80451d5-2b62-4fbb-8376-a25028d3c024,新北市私立新欣欣幼兒園,私立,三重區,ChIJj4QMs9WoQjQRD8GPOLpsOac,4.2,27,5,2,2023-07-22,2026-09-13,ok
b85b6cd0-aec9-4216-b7fc-bc530bf27ee4,新北市私立喬中幼兒園,私立,樹林區,ChIJvV1lhxYdaDQRDm0Pmh8jjVs,4.4,62,5,0,2025-10-28,2026-09-13,ok
b90942c3-e766-4f79-8976-c97bc90eafca,新北市私立喬大幼兒園,私立,三重區,ChIJv_DaPNyoQjQRuq-9UXraCmk,3.2,9,5,2,2025-07-16,2026-09-13,ok
b98d8566-1e27-4237-b056-0f1d1a78be8b,新北市私立英勝幼兒園,私立,新莊區,ChIJ54W52IWoQjQRkZ7O5EEMz-w,4.9,600,5,0,2026-06-13,2026-09-13,ok
b9b3812d-0ced-4421-a2d4-88c1d3e5e04a,新北市私立休士頓幼兒園,私立,土城區,ChIJq7JM28MCaDQRAZoEpsKCLpQ,4.1,43,5,2,2026-07-31,2026-09-13,ok
ba087a18-b29d-4815-99f3-196cd6d7fe78,新北市私立幼菁幼兒園,私立,板橋區,ChIJZ6qGvz6oQjQRwuMKddL_FHw,4.8,20,5,0,2025-09-04,2026-09-13,ok
ba475758-c5eb-456a-93cb-2a680a3faccd,新北市私立新寶兒幼兒園,私立,汐止區,ChIJZ6kfpW5TXTQRYpMJsgt6FJc,3.4,5,5,2,2024-01-30,2026-09-13,ok
ba7d7e03-b5cb-417b-93d5-2b3606bdd93f,新北市翠中非營利幼兒園(委託財團法人三之三生命教育基金會辦理),非營利,板橋區,ChIJ6_HcX6upQjQRqC2aHjibHwE,4.8,26,5,0,2026-06-12,2026-09-13,ok
bac2cfa0-0d60-4861-b935-d5ea5ce06d04,新北市立鶯歌國民中學附設幼兒園,公立,鶯歌區,ChIJQfKhMa0eaDQR0YRCzi6LBAU,,,0,0,,2026-09-13,ok
bb0ccca3-321f-4e69-a7a3-bff247177591,新北市私立艾蒙幼兒園,私立,中和區,ChIJ13_eGYgCaDQRL9P_zBSM_oQ,5,2,2,0,2022-08-03,2026-09-13,ok
bb163950-e6d4-4e74-92c5-3f6d5ae9ed1e,新北市板橋區沙崙國民小學附設幼兒園,公立,板橋區,ChIJe7C3cjkdaDQRMrOYu7ziOfk,,,0,0,,2026-09-13,ok
bb3654a1-875d-4eba-89a0-3a77c5fcccf7,新北市私立恬馨幼兒園,私立,板橋區,ChIJeUqfRDgdaDQRQs6yrZ-lhq4,4.4,41,5,1,2025-11-15,2026-09-13,ok
bb78af99-a134-4549-816a-48760de84fb4,新北市汐止區秀峰國民小學附設幼兒園,公立,汐止區,ChIJN7QO7W1TXTQRm-mrWvI5z_c,,,0,0,,2026-09-13,ok
bb80c01b-b0c9-4225-bfaf-1ff10ad2b82c,新北市林口區南勢國民小學附設幼兒園,公立,林口區,ChIJd8aB8dWmQjQR8Wbz_eyatic,,,0,0,,2026-09-13,ok
bb9ce49e-428c-40b2-ada8-4a5c6798ce8e,新北市私立喬聖幼兒園,私立,新莊區,ChIJyQRWroeoQjQRDsDnPRrKdrA,4.8,164,5,0,2025-10-26,2026-09-13,ok
bb9f08c8-4b5d-42f5-9d62-dd1a2e96cd9b,新北市私立心世紀幼兒園,私立,板橋區,ChIJdZud3kCoQjQRfXbB_22MRk0,5,28,5,0,2026-07-09,2026-09-13,ok
bbc215f7-a63a-413d-a3fb-8d6d08c89cfa,新北市私立惠文領袖幼兒園,私立,新莊區,ChIJif4BxvOnQjQRNrqLzI7BWjM,4.4,216,5,0,2026-03-27,2026-09-13,ok
bc0ac35c-44a5-42f4-8c4e-b1f810ee4201,新北市鷺江非營利幼兒園(委託財團法人彭婉如文教基金會辦理),非營利,蘆洲區,ChIJiXA9mbOoQjQReR7-hD8VssE,5,6,5,0,2025-06-24,2026-09-13,ok
bc220eef-3c74-418e-82c4-b08d411f0637,新北市私立廣福幼兒園,私立,土城區,ChIJr2QjcLgCaDQRkkf7-jYWioo,5,182,5,0,2026-05-09,2026-09-13,ok
bc407262-a175-4df5-aafc-1f8037299ab8,新北市私立富雅幼兒園,私立,樹林區,ChIJR-PwSlccaDQR93V-2_PeWvA,2.7,24,5,4,2026-06-04,2026-09-13,ok
bc935f6f-712d-4912-bea9-2500b6e8751d,新北市貢寮區貢寮國民小學附設幼兒園,公立,貢寮區,ChIJ3esLhWRcXTQRfBplybxjOGM,,,0,0,,2026-09-13,ok
bc99c54d-535b-4360-b62c-f613c273b7da,新北市私立優兒幼兒園,私立,板橋區,ChIJBxy71aACaDQRaarss37odQs,4,3,3,1,2026-06-03,2026-09-13,ok
bd024eb5-4ed3-48ef-9e63-8b743bb8f3e9,新北市私立徠安幼兒園,私立,三重區,ChIJ32YkE-KoQjQRgE774mClmO8,4.5,11,5,1,2025-04-07,2026-09-13,ok
bd61936d-35c2-4880-83f8-4644fdca0860,新北市私立子禕天地幼兒園,私立,三重區,ChIJxylWOxmpQjQR-5JPWWj5T8M,3.1,9,5,2,2026-08-28,2026-09-13,ok
bd907d7f-b6f7-4fc6-b8f5-2b433ce5d4da,新北市私立維多利亞幼兒園,私立,蘆洲區,ChIJp7Ox4LGoQjQRnG3Vo4VZK8U,3.7,41,5,2,2026-06-14,2026-09-13,ok
be7078ac-a662-4c79-84f0-e9ab45ac84e5,新北市私立晨暘幼兒園,私立,板橋區,ChIJ1fAjIRaoQjQRI3BGIzEvtwI,4.1,24,5,3,2024-01-31,2026-09-13,ok
be9013dc-aefd-4dfb-a000-8db7cc3c7f9d,新北市汐止區汐止國民小學附設幼兒園,公立,汐止區,ChIJP92xE2tTXTQRM1fWV03J9I4,,,0,0,,2026-09-13,ok
be9445d7-cbff-4ddc-9703-e33e781d6617,新北市瑞芳區鼻頭國民小學附設幼兒園,公立,瑞芳區,ChIJZeY8i5lDXTQRq7Ca3Afdw9E,,,0,0,,2026-09-13,ok
bf0709fa-3134-4dde-b5e3-64bcbcd22b2a,新北市三峽區三峽國民小學附設幼兒園,公立,三峽區,ChIJf1T7JfAbaDQR24nPldfJwbE,5,5,5,0,2026-07-03,2026-09-13,ok
bf3d5323-2596-4608-8e5d-f8d7f13f48e2,新北市私立翊華三重國際幼兒園,私立,三重區,ChIJPZDkVg6vQjQRp-ADHfCJ1hA,4.9,171,5,0,2025-05-03,2026-09-13,ok
bfa53ee4-088a-4057-a6cb-22dcbb9ce619,新北市私立學華幼兒園,私立,五股區,ChIJv-OxbhCmQjQRYCq5UcZs10o,3.7,3,3,1,2025-04-09,2026-09-13,ok
bfa5b1de-ff7b-4f23-bf30-acc40f8adf3b,新北市私立幼親幼兒園,私立,三芝區,ChIJa4N3MNK2QjQRMmj2Oxf2Ad0,5,4,4,0,2025-06-10,2026-09-13,ok
bfde3f11-f7c9-4ae8-9288-3566c5c95d61,新北市私立小奈米幼兒園,私立,板橋區,ChIJvxQM5LACaDQRI6aqvucOgdA,4.4,37,5,1,2024-10-10,2026-09-13,ok
c00b775b-da35-41f5-9bdc-dba20bbc3bd3,新北市私立奧爾仕幼兒園,私立,永和區,ChIJFe3ifdypQjQRUZm_BtAzaI8,4,35,5,2,2026-04-30,2026-09-13,ok
c01cbc50-bc02-4d97-9e1a-6d0623736e1d,新北市立永和幼兒園,公立,永和區,ChIJFxFu2OOpQjQRpZSFDUn7m-M,3.2,11,5,3,2025-04-16,2026-09-13,ok
c028cf22-226c-4778-bd96-9c3680d7deba,新北市立深坑幼兒園,公立,深坑區,ChIJZQ0ucMWqQjQR-bm-H8o1X2Q,4.5,6,5,0,2024-03-13,2026-09-13,ok
c083d736-9d99-4a42-bfe5-0711da33a0ee,新北市私立土農幼兒園,私立,土城區,ChIJJS3pbtAcaDQRE12OE-xGJQo,4.5,19,5,2,2026-05-14,2026-09-13,ok
c0a81561-f3a1-4500-a0ff-cbcf3f5f9b8d,新北市私立華邇街美善幼兒園,私立,林口區,ChIJXyds9sSnQjQRGS7rHkiV5AE,4,1,1,0,2025-08-20,2026-09-13,ok
c0ae9780-98b9-403d-a2f0-fb2734651509,新北市私立力品幼兒園,私立,板橋區,ChIJZU1Ku6cCaDQRn1Xjp0wK-Yg,5,4,4,0,2023-03-10,2026-09-13,ok
c10db83d-fa02-4973-aace-0fca86cb5339,新北市私立威妮斯特堡幼兒園,私立,三重區,ChIJyf26QtWoQjQRQuP1XwhXlbI,3.8,22,5,5,2026-05-25,2026-09-13,ok
c138a917-993c-427f-8e50-f8f95526cd66,新北市私立振鋒幼兒園,私立,五股區,ChIJxfC1OzumQjQRSVfTPmAMzG4,4.5,122,5,0,2026-04-17,2026-09-13,ok
c16c4b1d-e5dc-463e-929b-c009bf16b449,新北市私立七賢幼兒園,私立,永和區,ChIJb6d2EuypQjQRVHH3-SynR1Q,4.8,10,5,0,2026-05-15,2026-09-13,ok
c2118411-fd31-4d8e-ab00-9a4c9a9148ab,新北市私立華登幼兒園,私立,中和區,ChIJ1zEwhngCaDQRRF6QpRkYSrU,4.6,19,5,1,2025-03-31,2026-09-13,ok
c2a40f0a-fb87-4eb7-94a6-8a92343cf596,新北市私立芯宇幼兒園,私立,板橋區,ChIJa877R8aBNk8Ri1xXK2eKFx8,3.7,3,3,1,2026-05-21,2026-09-13,ok
c2be30fb-ba8e-4053-8a6b-a8ebe2f693ab,新北市私立僑治亞頭前幼兒園,私立,新莊區,ChIJheTiEouoQjQRRHbhVMElRdg,4.9,64,5,1,2026-06-22,2026-09-13,ok
c32588bc-1f4e-46df-8fce-9373b4f88a01,新北市私立淡水新興幼兒園,私立,淡水區,ChIJiU--V1SlQjQRJP2mE2oCeE4,4.1,25,5,1,2026-04-14,2026-09-13,ok
c3524b87-3191-4f47-bce6-466ae04e3dd2,新北市私立逸德幼兒園,私立,中和區,ChIJPwkv9t-pQjQRhzv5Ew-pzls,5,5,5,0,2024-07-09,2026-09-13,ok
c366019e-32ea-4083-b9e9-2503e64704a4,新北市私立雙和巨星幼兒園,私立,中和區,ChIJ0WqXXtmpQjQRbW1FbROI2So,4.9,64,5,0,2025-12-08,2026-09-13,ok
c3774dae-b8ac-4760-9630-f2d78c586b74,新北市私立晴幼幼兒園,私立,泰山區,ChIJzUMHq8inQjQRpRlhfD1fu-I,3.4,5,5,2,2026-01-26,2026-09-13,ok
c403c948-6bdf-4c31-9060-9ade2bba8bae,新北市板橋區板橋國民小學附設幼兒園,公立,板橋區,ChIJ33r_Ih2oQjQRFr2aJstl5hc,,,0,0,,2026-09-13,ok
c4931f30-cb54-4142-9956-f57fc6309b1c,新北市私立佳思美幼兒園,私立,蘆洲區,ChIJDds_6bGoQjQRebRA1UnL4pE,5,2,2,0,2022-08-23,2026-09-13,ok
c4b87fe7-b6c3-4906-8031-aafc1b726275,新北市私立兒童天地幼兒園,私立,三重區,ChIJ8QYgiNqoQjQRgdifId_RAH8,3.9,14,5,0,2023-11-17,2026-09-13,ok
c4dfc227-d58b-48e6-8e28-10f0fb910793,新北市私立育碩幼兒園,私立,淡水區,ChIJ91Ybg3avQjQRrh1nOldeuY8,4.3,12,5,0,2026-08-22,2026-09-13,ok
c51f4fd2-9a7d-44a5-a040-b972f31bedbc,新北市私立艾寶貝幼兒園,私立,蘆洲區,ChIJcwu-8a2oQjQRw2tuIgVLjtI,4.6,28,5,0,2024-07-17,2026-09-13,ok
c558faff-9a62-44e8-bd80-f4abc07532dd,新北市私立新象幼兒園,私立,深坑區,ChIJTWqmJM6qQjQRANfxpFj0tFU,4.6,5,5,0,2026-04-02,2026-09-13,ok
c58f269c-ac15-441e-ad90-2101726f63ed,新北市私立心語幼兒園,私立,林口區,ChIJ106-Y-WmQjQRIxQM1z24f_M,3.9,17,5,2,2023-02-01,2026-09-13,ok
c5d3b7c8-5e4d-461f-b8e8-cfe9332d8b68,新北市私立喬安幼兒園,私立,泰山區,ChIJqWpUQ8CnQjQRT-cim5352ZE,4.8,61,5,1,2025-07-01,2026-09-13,ok
c5f39e2a-8019-4a23-82a4-8dc5ec7d90e0,新北市私立新大華幼兒園,私立,汐止區,ChIJVX0QkWlTXTQRl8P-kZenQwA,4.9,59,5,0,2026-02-11,2026-09-13,ok
c607f0c9-1b01-4a03-8974-59e385b67e73,新北市私立三愛幼兒園,私立,新店區,ChIJJVTTzz8CaDQRhtpFEsxQDhE,4.2,6,5,1,2026-07-05,2026-09-13,ok
c6a63455-b921-45f8-8662-6f4af26cb7cd,新北市私立崇幼幼兒園,私立,汐止區,ChIJ7U2xag5TXTQRDdHIMXPKoEs,4,7,5,1,2026-08-21,2026-09-13,ok
c6bbcdde-300a-4fb1-9277-4f79f684eade,新北市私立慧晟幼兒園,私立,板橋區,ChIJG-Gd9DuoQjQR422QONkj1NY,4.2,25,5,1,2025-04-17,2026-09-13,ok
c6d06e99-6371-4c72-871c-6c48cfe91565,新北市私立土城名仁幼兒園,私立,土城區,ChIJ1yDXreoCaDQRBlMotD_xbF8,4,23,5,2,2026-03-02,2026-09-13,ok
c6db2a95-d811-4817-b84e-749790135b09,新北市私立育榕幼兒園,私立,泰山區,ChIJVTiU0TOmQjQRyyesYlfc0PY,4.6,27,5,0,2026-05-07,2026-09-13,ok
c72f572e-c5b1-4d07-a37d-c3673f419018,新北市中和區景新國民小學附設幼兒園,公立,中和區,ChIJr2ECmAwCaDQR8oaySFa8KNk,,,0,0,,2026-09-13,ok
c74dfa8f-217e-4afc-b783-763edb000d27,新北市私立智文幼兒園,私立,三峽區,ChIJl4qg2nQcaDQR9TDxnxKg3W8,,,0,0,,2026-09-13,ok
c7517545-596b-4677-b25b-b33e9079573b,新北市私立慈祐幼兒園,私立,中和區,ChIJsdH_-wipQjQRkFh6GFRn1Pg,4.4,14,5,2,2026-05-21,2026-09-13,ok
c7939e0f-8591-442a-a7a5-2bedebffb47d,新北市私立道安幼兒園,私立,板橋區,ChIJ89Jlv6UCaDQRMVuI_RLfKKM,4.6,16,5,1,2025-07-01,2026-09-13,ok
c7fb2da3-6682-4e26-9dc6-4be0f54dd3dc,新北市林口區瑞平國民小學附設幼兒園,公立,林口區,ChIJd3UNVSqnQjQR1Qa-Fs-y9_8,,,0,0,,2026-09-13,ok
c81ef7f4-75d8-4009-9cc5-c3e451dab650,新北市私立宏仁蒙特梭利幼兒園,私立,中和區,ChIJBeR1208DaDQRNZO43tmx31E,,,0,0,,2026-09-13,ok
c831268b-0e52-44ec-932e-3969c173862f,新北市新林非營利幼兒園(委託明新學校財團法人明新科技大學辦理),非營利,林口區,ChIJfZQISSunQjQR0WpTcgx2tLQ,5,2,2,0,2026-03-25,2026-09-13,ok
c86a8912-1546-40c1-bb69-d2c57eb9db43,新北市私立慈惠幼兒園,私立,板橋區,ChIJa77hSBqoQjQRtS-i-CISR-s,4.7,23,5,0,2024-08-04,2026-09-13,ok
c8b6934e-5070-4449-87aa-e2c11a4b2933,新北市私立精英國際幼兒園,私立,鶯歌區,ChIJdwEXybMeaDQRiO8f8zJd-iY,4,53,5,0,2026-06-27,2026-09-13,ok
c9213eb8-ddff-44a1-9f3a-61cffc92363d,新北市私立樂韻幼兒園,私立,新店區,ChIJl0jUeIwBaDQRZjL9j1EISJQ,4.2,38,5,0,2026-03-11,2026-09-13,ok
c94f1c2d-4700-4062-841f-4fb5240f5233,新北市私立集賢幼兒園,私立,蘆洲區,ChIJZ8neXtKoQjQRk9ZmCcRddBw,5,2,2,0,2026-07-20,2026-09-13,ok
c9c672a3-ac68-4d5e-a9a3-497693d25a43,新北市私立劍聲幼兒園,私立,新店區,ChIJx8-Tz6cBaDQRY4fPGStsS-E,4.9,223,5,0,2026-01-09,2026-09-13,ok
c9f3a87e-8604-4c25-8117-19999b30fc9a,新北市私立彬彬幼兒園,私立,板橋區,ChIJW1cuMagCaDQRaoqhDnPw0MA,4.7,21,5,0,2026-07-17,2026-09-13,ok
ca6aa335-2f20-4e75-b392-7f981b4c6e4c,新北市私立美敦幼兒園,私立,蘆洲區,ChIJw7WAdrqoQjQR5q--1TDJZh0,4.6,7,5,0,2025-01-25,2026-09-13,ok
cad6a2c0-9de9-40d1-9997-bba61371e027,新北市私立文理幼兒園,私立,新莊區,ChIJqQU64nioQjQROoGy8djbS_0,4,10,5,2,2026-08-03,2026-09-13,ok
cae0ea01-2533-4370-90a1-e4419baedad8,新北市私立歡樂寶貝熊幼兒園,私立,淡水區,ChIJIwydVZyvQjQRawNtPIOKs74,3.5,6,5,1,2026-01-16,2026-09-13,ok
cb80a8cb-f3a2-4a2b-85e6-b2e97ff19822,新北市私立佳佳安幼兒園,私立,蘆洲區,ChIJVxXItcqoQjQRuO9kQFtoSmk,3.1,13,5,4,2026-01-26,2026-09-13,ok
cba857c0-f695-49dd-b014-4b9a39b3dd64,新北市私立慈霖幼兒園,私立,土城區,ChIJ-yvGA8TVDRQRUlovik_BaHk,4.8,104,5,0,2026-07-29,2026-09-13,ok
cbd17ee5-7c7a-405c-a4f7-baec4e9989eb,新北市私立佳欣北新幼兒園,私立,新店區,ChIJ5WPMCPQBaDQR0DBfvjJO-Lg,,,0,0,,2026-09-13,ok
cbf0ef75-bb62-4e2a-8b04-7d1c453277aa,新北市板橋區埔墘國民小學附設幼兒園,公立,板橋區,ChIJhY3qgTyoQjQRFfrmnKmawCA,,,0,0,,2026-09-13,ok
cbfcd564-063a-45f7-bb04-348adda2d6ef,新北市私立民德義泉幼兒園,私立,中和區,ChIJ9RP6gKICaDQRpdFFZMaR6ws,4.2,15,5,2,2026-03-21,2026-09-13,ok
cc1eac21-0964-4170-9d32-c2a21349c93d,新北市私立澄品幼兒園,私立,樹林區,ChIJAzyqkRgdaDQRsSzyiYSrr90,4.6,31,5,0,2026-07-27,2026-09-13,ok
cc3aa836-3d27-4842-9d9c-a8c091f52722,新北市三多非營利幼兒園(委託廣亞學校財團法人設立之廣亞學校財團法人育達科技大學辦理),非營利,樹林區,ChIJD3AYLZ0daDQRk4uS8KFXD50,4.6,9,5,1,2023-06-02,2026-09-13,ok
ccab52c1-1640-432b-8235-bee35068df96,新北市私立雄林國際幼兒園,私立,蘆洲區,ChIJEfcPlxKpQjQRkUsoUyDM5U8,5,5,5,0,2026-03-20,2026-09-13,ok
ccb16d64-46a3-48ce-8c2e-9f3e388f2cf7,新北市私立永昇幼兒園,私立,土城區,ChIJrdD5nMYCaDQRQ8ydJWMmDK8,4.1,21,5,0,2024-06-30,2026-09-13,ok
cd384bce-451d-4c3c-a73a-9e6a713ffb09,新北市私立光星幼兒園,私立,板橋區,ChIJGVTEpBeoQjQRonKPZof54Q4,3.7,18,5,2,2026-01-27,2026-09-13,ok
cd825bc8-2871-4a90-a6e3-a092d34ac42c,新北市私立奇異鳥幼兒園,私立,新莊區,ChIJhed9d2WnQjQR-30p-eCnRHE,4.9,140,5,0,2026-07-10,2026-09-13,ok
cd986e57-c6a9-4ede-8778-248c985b803a,新北市三峽區農會附設新北市私立幼兒園,私立,三峽區,ChIJB6z9wPIbaDQR4qXgdINj7HM,4.7,12,5,1,2026-05-10,2026-09-13,ok
cda05448-ce10-4f38-91d4-b78e74aa2f00,新北市私立汐止一二三幼兒園,私立,汐止區,ChIJAVy6fWlTXTQROlcams-e7eM,4.6,5,5,0,2021-03-03,2026-09-13,ok
cdc92d41-66fd-4c61-b720-a73e9fb6fdbc,新北市私立沐野幼兒園,私立,中和區,ChIJx6x8X3ACaDQRbxDnLUj89h0,3.4,23,5,2,2024-08-06,2026-09-13,ok
ce6b3689-60a6-4b56-bf6a-a9d91233eb74,新北市瑞芳區瑞濱國民小學附設幼兒園,公立,瑞芳區,ChIJQ-KJz2VFXTQRjL8VGjXlUFI,,,0,0,,2026-09-13,ok
cedb09ac-5e6f-427d-b9ad-423024c71d88,新北市永翠非營利幼兒園（委託社團法人新北市多元教育協會辦理）,非營利,板橋區,ChIJE3n1v7ypQjQRweYzwcOtC4w,5,1,1,0,2026-04-03,2026-09-13,ok
ceee7546-505f-4c16-b576-b796ab770cc1,新北市私立成德幼兒園,私立,新莊區,ChIJB1CfqfanQjQRZoGOsuhXk9c,4.2,45,5,2,2025-10-10,2026-09-13,ok
cf1dd075-132e-4c0a-afa2-500ae4f6698b,新北市私立愛丁堡幼兒園,私立,蘆洲區,ChIJAfr3k7SoQjQRGC8vhIBSEAk,4.6,36,5,0,2024-03-29,2026-09-13,ok
cf8b7872-0cf7-42b8-b52d-5414975256c7,新北市私立京揚幼兒園,私立,土城區,ChIJ00TAwL8CaDQR5MsrXVII33Q,4.8,16,5,1,2026-07-28,2026-09-13,ok
cf8be783-fd0e-40ba-90ea-5bf83d057a07,新北市私立勝利幼兒園,私立,中和區,ChIJPSueoYMCaDQRWiLrmzM0_J4,3.1,10,5,2,2026-02-02,2026-09-13,ok
cfd52b92-b80f-467a-9fac-370847017819,新北市私立聖雅幼兒園,私立,五股區,ChIJ0wnL01SvQjQR9IZBtieHpU8,5,5,5,0,2022-06-27,2026-09-13,ok
d01abef8-ebb3-4dd8-861b-e5c3d77117b8,新北市新莊區昌隆國民小學附設幼兒園,公立,新莊區,ChIJH5zzRH2oQjQRIvaRWXpxpFQ,,,0,0,,2026-09-13,ok
d028a98f-42da-44de-b711-b0e5a9bac0d4,新北市私立丹妮爾幼兒園,私立,土城區,ChIJWX-ZRjMdaDQRGiWLgON7hKA,4.7,28,5,0,2026-01-31,2026-09-13,ok
d0c2aae3-173a-49f5-b30e-a5b8f5679b02,新北市私立鶯歌芝麻村幼兒園,私立,鶯歌區,ChIJfxklmK0eaDQRjaBLv1g3Zbw,4.3,41,5,2,2025-07-25,2026-09-13,ok
d146fe7a-5820-4286-b5cf-1e26db78417e,新北市私立小康幼兒園,私立,板橋區,ChIJje4aNCGoQjQRUgSI_At5-7U,4.5,11,5,1,2026-05-23,2026-09-13,ok
d14b5aca-625a-4f9a-961c-a079cb70c67d,新北市私立普登幼兒園,私立,淡水區,ChIJhYVP0VWlQjQRunuLHsdzwcQ,3.9,27,5,2,2025-02-14,2026-09-13,ok
d1df93a0-0f90-49d1-8d2c-9fb54fd0bbf7,新北市私立溫馨幼兒園,私立,板橋區,ChIJFwuF8hKoQjQRbOkp2bfqtmc,3.5,11,5,3,2025-08-16,2026-09-13,ok
d1f8871d-0429-495c-a9da-96735dcbe2a0,新北市鶯歌區鶯歌國民小學附設幼兒園,公立,鶯歌區,ChIJn58iwqweaDQR555tP9JAAus,,,0,0,,2026-09-13,ok
d28efddf-cef7-4a02-9cfc-a71e1c358ad6,新北市永和區永平國民小學附設幼兒園,公立,永和區,ChIJ026Kw9qpQjQRihvDlDxK1_A,,,0,0,,2026-09-13,ok
d29c87d0-2ebb-478e-bd87-55df0110397b,新北市私立蘆洲星辰幼兒園,私立,蘆洲區,ChIJS6_9WM2oQjQRKxYFXOe79pY,4.7,108,5,1,2026-08-04,2026-09-13,ok
d2bfca28-9d01-4d4d-a9ff-a46d29d28bf4,新北市五股區更寮國民小學附設幼兒園,公立,五股區,ChIJR1-O5r-oQjQReF-4ANW8G-M,,,0,0,,2026-09-13,ok
d2eff62f-d4d8-4b66-9af4-d74c49bfadf0,新北市私立崴崴幼兒園,私立,汐止區,ChIJ13CcQQ5TXTQR2Y37QDqw8PQ,4.8,42,5,0,2026-05-28,2026-09-13,ok
d30a71b4-ba0d-4247-87e0-0f332d84eb28,新北市私立民華幼兒園,私立,永和區,ChIJX4m2Q-CpQjQRTVXBYMV_muE,4.8,126,5,0,2025-12-19,2026-09-13,ok
d3267254-7f73-4c59-a7d7-30eb61f5b837,新北市私立禾米國際幼兒園,私立,新店區,ChIJQXd7D6kDaDQRxC244Li1zBU,4.8,84,5,1,2025-05-10,2026-09-13,ok
d34bfb97-3f91-48cb-9b84-a00e8b2d69f0,新北市私立蘋果苑藝術幼兒園,私立,淡水區,ChIJs1yGmVSlQjQRvNhyl4l6AjM,4.1,18,5,1,2026-06-25,2026-09-13,ok
d38a3b99-3387-4bb5-b221-d9e2798b84e2,新北市私立凱樂幼兒園,私立,土城區,ChIJGRP0qdscaDQRNWQCKLXtv6k,4.7,15,5,0,2025-06-04,2026-09-13,ok
d3d18119-54fa-46b0-924c-422220743708,新北市私立重新幼兒園,私立,三重區,ChIJc2jLvBipQjQRuzgg6bcyS3s,5,4,4,0,2026-03-13,2026-09-13,ok
d4a8dcb8-8648-417f-98dd-d27810fa1b55,新北市瑞芳區九份國民小學附設幼兒園,公立,瑞芳區,ChIJE9g6t-dPXTQRbsEBTebSfHo,,,0,0,,2026-09-13,ok
d4aee1a7-f4cb-4a91-8544-f14cf51205c8,新北市私立天鵝園幼兒園,私立,三重區,ChIJv9WaSeeoQjQROuHQXD77DxI,4.8,15,5,0,2026-08-01,2026-09-13,ok
d4e276d5-12f9-400d-a5b1-afe844aa4595,新北市私立比弗利幼兒園,私立,永和區,ChIJ0yns9-CpQjQRE74rGHanMBA,4.9,12,5,0,2026-08-17,2026-09-13,ok
d53860da-c6f1-44b3-929b-961a4c7b9c60,新北市中和區錦和國民小學附設幼兒園,公立,中和區,ChIJta2CQ4gCaDQRmFtazTxOc7k,,,0,0,,2026-09-13,ok
d55ed72e-896e-43cc-a131-0bece6c3d632,新北市私立長興幼兒園,私立,蘆洲區,ChIJmand67SoQjQRGbTzv0q3abg,3.9,16,5,2,2026-06-12,2026-09-13,ok
d56efb83-bf6b-4142-9068-a522e9dbf124,新北市五股區五股國民小學附設幼兒園,公立,五股區,ChIJ5_RjgBmmQjQRgL3-e7mF2H0,,,0,0,,2026-09-13,ok
d5df7547-7a9e-42b5-8280-6bb114a85486,新北市私立汐止皇家幼兒園,私立,汐止區,ChIJY9vSXUNTXTQRxruzj4dtC20,4.8,221,5,0,2025-12-20,2026-09-13,ok
d6545095-8a02-469c-a129-98804aebfdcf,新北市私立艾美樂幼兒園,私立,三重區,ChIJyWhZOv2oQjQR3F_eCY9lZ-8,3.4,12,5,2,2025-11-13,2026-09-13,ok
d6558788-9d80-44fb-9e5b-812514df83c0,新北市私立探索幼兒園,私立,三重區,ChIJywOJCOOoQjQR6UxUcjpM0Us,4.7,41,5,1,2025-12-14,2026-09-13,ok
d66ce8b1-140a-4054-9615-14dce942b7b2,新北市私立全球幼兒園,私立,土城區,ChIJ0emhZr8CaDQRe8ughMo0XRM,5,13,5,0,2026-08-06,2026-09-13,ok
d74dda2b-213b-49d8-bbc9-39c37395edd7,新北市私立愛林幼兒園,私立,林口區,ChIJXaaWbSanQjQRuW1C9fixtXs,3.1,22,5,3,2026-03-13,2026-09-13,ok
d78ee303-84a2-4f74-a520-7c91c0c0236b,新北市私立何嘉仁得和幼兒園,私立,永和區,ChIJE91WZeSpQjQR4KipkSvfQX4,4.7,163,5,0,2024-12-07,2026-09-13,ok
d8042ceb-2ebe-4721-b5e7-fd361d1778eb,新北市私立啟文幼兒園,私立,三重區,ChIJ9TH_N82pQjQRfffImJAHy8w,4.6,38,5,1,2026-06-03,2026-09-13,ok
d8bf292d-85c6-48b9-90a2-64cc1d8af3e3,新北市私立立德幼兒園,私立,汐止區,ChIJfUIGppSrQjQRJ0xo5rTxhZc,4.3,18,5,2,2025-09-26,2026-09-13,ok
d8dfb998-2388-465e-a749-11d650a33d85,新北市私立北大幼兒園,私立,三峽區,ChIJb_ZpbfQbaDQReNfGlDrDHiI,4.5,20,5,0,2025-09-27,2026-09-13,ok
d8e8bcd6-1a17-4d35-b6ac-958b529317e8,新北市私立育群幼兒園,私立,板橋區,ChIJNyzCaxCoQjQRiTeI4rCz_zQ,3.7,42,5,2,2026-03-20,2026-09-13,ok
d8fbb391-8185-4d0c-98ad-407f3012abb6,新北市私立炫媽咪幼兒園,私立,新店區,ChIJ_0Lmj4wBaDQR4V046-fTSyQ,4.2,24,5,0,2026-07-06,2026-09-13,ok
d9937023-a54d-4f49-b9f8-d4ccdb575dfc,新北市私立宏修幼兒園,私立,鶯歌區,ChIJC7JKMgIcaDQRBVWjXIUd610,4.9,14,5,0,2026-06-24,2026-09-13,ok
d9f14a26-3513-4507-ac74-8afe42dd29bc,新北市私立翔祥幼兒園,私立,林口區,ChIJD95I1h-nQjQRms4-MSdEBDI,4.5,26,5,1,2026-01-26,2026-09-13,ok
da27d793-d822-4199-95cc-4edea0a6f092,新北市私立象寶園幼兒園,私立,三重區,ChIJ7_rLEueoQjQR3D-7SB_7D3M,3.8,24,5,1,2026-04-30,2026-09-13,ok
da28d522-a405-4117-a59a-c4999d79befb,新北市佳和非營利幼兒園(委託康寧學校財團法人康寧大學辦理),非營利,中和區,ChIJw7FXb6OpQjQRA7BMZNceHYY,4.7,60,5,0,2025-06-14,2026-09-13,ok
da2e53e7-0007-4af5-ae2c-2c8493e9810b,新北市私立楷模幼兒園,私立,新莊區,ChIJAXK_ofOnQjQR6yTp2VkAfWs,,,0,0,,2026-09-13,ok
da43e58a-01d3-476f-8d39-b9de73acb5de,新北市鶯歌區鳳鳴國民小學附設幼兒園,公立,鶯歌區,ChIJPXAu0L4eaDQRIiWve4fnK3w,,,0,0,,2026-09-13,ok
da5193a8-a3d7-4f88-bb57-6ae9ec0e3e6b,新北市私立延吉幼兒園,私立,土城區,ChIJodEFF8ACaDQRg4ordx9bTVA,,,0,0,,2026-09-13,ok
da653ab7-7b76-45fe-8131-a5cbee48ebd1,新北市私立愛丁堡探索幼兒園,私立,淡水區,ChIJk-zv8Wy7QjQRQfzKYB9ElXs,4.3,12,5,0,2025-10-08,2026-09-13,ok
dae8502a-c037-4ac8-908f-8d70b9a3a9fe,新北市立柑園國民中學附設幼兒園,公立,樹林區,ChIJO61sYG4caDQR1I_36W0NrME,,,0,0,,2026-09-13,ok
dafd240f-3f7f-4db3-99af-e8a9aedc5721,新北市私立幼強幼兒園,私立,土城區,ChIJ1wLvD5UCaDQR14rwaqum84w,4.4,78,5,2,2026-08-04,2026-09-13,ok
db1b54c1-b1f2-459e-9db1-4e58a8ed3e14,新北市私立育太幼兒園,私立,板橋區,ChIJ-aF68aMCaDQRnayg3KfzxbU,4.6,78,5,0,2024-12-28,2026-09-13,ok
db79dc4f-f5f9-42e0-b760-1d1dc56db82b,新北市私立實栽童心幼兒園,私立,新店區,ChIJ616JsQ4DaDQRRLB-UhxhXqY,3.7,3,3,1,2025-04-18,2026-09-13,ok
dc03e2d3-db76-48d4-8127-e45520f690ea,新北市私立立信幼兒園,私立,板橋區,ChIJbYsAIqACaDQRPh9vgFiIwsk,4.6,8,5,1,2026-08-18,2026-09-13,ok
dc329e9e-5763-4912-917f-4b3edf80cdb1,新北市私立智翔幼兒園,私立,板橋區,ChIJua3pQ1epQjQR0VxsC_oRBJ8,4.7,43,5,2,2026-01-26,2026-09-13,ok
dc3c9d37-b4f4-4531-b50c-59ce65120b5c,新北市私立心翔幼兒園,私立,泰山區,ChIJY6VUSjOmQjQRy0d9V8lFicg,,,0,0,,2026-09-13,ok
dc571ef5-a5e5-4e41-bbd5-41fbc1272ca4,新北市私立文林幼兒園,私立,樹林區,ChIJ2aC2kkAdaDQRX0nqPmQbPsM,4.8,45,5,0,2026-07-19,2026-09-13,ok
dc5bd7fe-1d67-43c8-a558-9ac0735574be,新北市私立肯妮斯幼兒園,私立,三重區,ChIJh_oF19SoQjQRt8T861EevJY,4,13,5,2,2025-08-15,2026-09-13,ok
dc995f6c-894d-48ca-a99b-fa77c05ec6a1,新北市立明志國民中學附設幼兒園,公立,三重區,ChIJG0eGROCoQjQR1NxV5XSIPr0,,,0,0,,2026-09-13,ok
dcbbfbfe-fa00-4edb-beec-951ca614dae1,新北市私立安欣幼兒園,私立,中和區,ChIJW9W6yGMDaDQRS35nRX4CAhY,,,0,0,,2026-09-13,ok
dd17ca26-50f1-4758-abf8-6f2f16f44c1a,新北市私立惠文兒童領袖幼兒園,私立,三重區,ChIJt1fROdWoQjQRnu1UPw6r9NY,4.5,242,5,0,2026-07-09,2026-09-13,ok
dd33439b-13ed-402e-bc27-0be5e78a4de1,新北市三重區永福國民小學附設幼兒園,公立,三重區,ChIJe98_rNqoQjQR6esGknBpZ_s,,,0,0,,2026-09-13,ok
dd5f0469-7732-4500-8b38-fbb55290b6df,新北市私立樺興幼兒園,私立,瑞芳區,ChIJe5ur4fZPXTQREdMAvIgg4Nw,3.6,5,5,1,2025-11-18,2026-09-13,ok
ddd713e8-82fc-4044-af3b-f5081eccf198,新北市私立華盛頓幼兒園,私立,五股區,ChIJ2a336SSmQjQRvM30hWgbOiQ,4.5,143,5,4,2026-07-08,2026-09-13,ok
de02ab8e-2266-4463-b462-2541642b4657,新北市私立光華幼兒園,私立,蘆洲區,ChIJhyHuK0upQjQRDpJGU-xOABU,4.2,10,5,1,2026-09-07,2026-09-13,ok
de088738-5fa8-4b22-9d47-54dc2a948203,新北市私立宏鶯幼兒園,私立,鶯歌區,ChIJ585KcLMeaDQRgOvJweNVRDU,5,3,3,0,2026-08-28,2026-09-13,ok
de1d35ee-09f5-4123-8b7e-eca39d945022,財團法人新北市私立及人國民小學附設新北市私立幼兒園,私立,永和區,ChIJTRYPW8CpQjQRvLUoWEur_Mo,,,0,0,,2026-09-13,ok
de663397-00fa-41ee-a49f-fc3dca3c5cc1,新北市三重區五華國民小學附設幼兒園,公立,三重區,ChIJq8v3O9WuQjQRzwRp_-9Jzkg,,,0,0,,2026-09-13,ok
de94b80f-f2b3-4e11-a0b2-2fe860dade1b,新北市私立新寰宇國際幼兒園,私立,三重區,ChIJafxiKw2pQjQRmI-pBKuBmok,4.5,11,5,1,2026-01-23,2026-09-13,ok
deb48e81-e003-4c9c-9105-80c29e4d503b,新北市新店區新和國民小學附設幼兒園,公立,新店區,ChIJkdHjjw0CaDQRekAR4mKTrgc,,,0,0,,2026-09-13,ok
defceb44-8c58-4e5e-97df-4601bbad1dca,新北市私立馨園幼兒園,私立,蘆洲區,ChIJEbhHUrGoQjQRLSBdLynOI1Q,5,6,5,0,2025-03-06,2026-09-13,ok
df2dbb2e-4ab0-460a-aef5-597739263ad2,新北市私立艾維恩四維幼兒園,私立,板橋區,ChIJq6qqqg-oQjQRPAJGkXfA8so,4.3,6,5,1,2023-06-16,2026-09-13,ok
dfab035f-e04d-4840-8ecb-11880b2fce12,新北市私立中和松柏幼兒園,私立,中和區,ChIJ5d1sbJ8CaDQR9arA9MGmTeQ,3.8,15,5,2,2025-08-21,2026-09-13,ok
dfdad258-8004-429a-aa99-8d67e4ba3400,新北市蘆洲區忠義國民小學附設幼兒園,公立,蘆洲區,ChIJyWGWZrSoQjQRcBTAO9Pe8Pk,,,0,0,,2026-09-13,ok
dfe33fb7-a85f-49e0-97e2-458db82b2df7,新北市碧城非營利幼兒園(委託社團法人中華音樂舞蹈暨表演藝術教育協會辦理),非營利,三重區,ChIJp3X7E5GvQjQRhsy7dd9fH4Q,4.5,15,5,0,2026-04-24,2026-09-13,ok
dfef52a3-f8c1-439c-b081-fa894a0551a8,新北市私立深緣幼兒園,私立,深坑區,ChIJEwP-d8WqQjQRPkyzPE8S4iw,4.4,5,5,1,2023-07-25,2026-09-13,ok
dff00ebe-2685-4543-aa09-023476a9a81c,新北市中華電信江翠職場互助教保服務中心（委託社團法人台灣幼兒早期教育協會辦理）,私立,板橋區,ChIJd5JIGhCpQjQRFzvstJbtCnM,3.5,4,4,1,2026-01-21,2026-09-13,ok
e03bfe7f-32b8-40e6-84cd-0a50d11e90a4,新北市私立禾芮幼兒園,私立,中和區,ChIJIwtB5lQDaDQRa89qGTylNyw,5,6,5,0,2026-05-11,2026-09-13,ok
e057547a-3b11-4109-94b6-caa253313a88,新北市私立永達幼兒園,私立,永和區,ChIJPVEsHe-pQjQRGW3OPWT1H8k,4.6,9,5,1,2026-09-06,2026-09-13,ok
e09addda-b344-4f66-9d10-896468d30b50,新北市私立育全保安幼兒園,私立,樹林區,ChIJRYWTn2wdaDQRR0Fa2BvcQ_Y,3.4,30,5,4,2026-04-15,2026-09-13,ok
e0ee7859-8df5-4f94-8303-54f2d91514a4,新北市私立愛林城堡幼兒園,私立,林口區,ChIJXTZoaianQjQR1yA6vL4Xzls,3,10,5,2,2026-07-16,2026-09-13,ok
e130c7b5-0ce6-4bba-9755-aee40d27e305,新北市中園非營利幼兒園(委託財團法人成長文教基金會辦理),非營利,三峽區,ChIJ0-qM6ugbaDQRBvFCbGDgbzQ,4.7,3,3,0,2025-06-28,2026-09-13,ok
e17cc896-a8fb-471e-999a-7aa8993886cd,新北市私立立新幼兒園,私立,土城區,ChIJNX-RiSwdaDQRqemPQGDUAwc,4.9,41,5,0,2026-08-04,2026-09-13,ok
e1b33481-95f5-4acf-8bdb-6ca56da9b4ad,新北市私立劍橋幼兒園,私立,蘆洲區,ChIJ5c4EG7OoQjQRlOjI2pHbFPQ,4.1,57,5,0,2026-06-18,2026-09-13,ok
e1cc4f14-019f-4f9e-9ac6-e003690c1b4a,新北市金山區中角國民小學附設幼兒園,公立,金山區,ChIJrQXqcUtLXTQRykvjJ9zQOSw,,,0,0,,2026-09-13,ok
e1fe6333-13fe-40e7-a8fe-28d2d64136eb,新北市私立聖中幼兒園,私立,中和區,ChIJLZpsAIMCaDQR_5BffOQ_qAg,2.9,7,5,1,2026-06-03,2026-09-13,ok
e2bc0caf-4b86-4bab-a200-0eee53e298dc,新北市私立迪仕尼幼兒園,私立,中和區,ChIJLyMRLOSmQjQRIYbXciQ2S8A,3.9,7,5,2,2025-07-10,2026-09-13,ok
e2f29417-5c73-45dd-ba33-3fb39c2cb44d,新北市私立康乃爾幼兒園,私立,鶯歌區,ChIJlZ5glqweaDQRaGNmxRUwZJM,5,181,5,0,2025-11-20,2026-09-13,ok
e31b3c75-ab4f-463a-bbff-76b62b0c22d5,新北市私立育圃幼兒園,私立,永和區,ChIJjTEPJ9ypQjQRvyw3vF1J8_M,5,46,5,0,2024-12-07,2026-09-13,ok
e34cced0-7837-4c70-8e2d-031e0942a03e,新北市私立禾森幼兒園,私立,林口區,ChIJUbCmeP2nQjQRf5jGRrfFdZ4,4.6,5,5,0,2026-03-02,2026-09-13,ok
e354470d-596a-422d-bf6e-56ad4c881493,新北市私立裕德幼兒園,私立,土城區,ChIJMx6GtMoCaDQRTI62Co7g9T0,3,66,5,4,2026-07-16,2026-09-13,ok
e39c0502-e59a-4aee-9caf-8fcb66839548,新北市私立偉恩幼兒園,私立,中和區,ChIJowVMJ6MCaDQR_TwQt6jBw-8,4.9,13,5,0,2023-06-05,2026-09-13,ok
e3ab5d52-bfb7-4de6-bc8f-21f9064d3c37,新北市私立精緻之家幼兒園,私立,板橋區,ChIJLTfZM6cCaDQRyC1a0qk8fLY,4.5,53,5,0,2025-06-04,2026-09-13,ok
e3b4597a-fa9a-49ca-9b80-3b5884c37b0a,新北市立烏來幼兒園,公立,烏來區,ChIJSWHH44sGaDQRV8BANZSo8Es,4.3,22,5,1,2024-03-22,2026-09-13,ok
e3ea126e-e857-48af-8ec3-5c3b59a35f27,新北市私立凱怡幼兒園,私立,五股區,ChIJZcWKlhumQjQRn5aCba-6drY,5,1,1,0,2020-05-14,2026-09-13,ok
e3f2caf9-0d88-4aed-b0ea-0afeea09d259,新北市私立積木幼兒園,私立,新店區,ChIJ30zmafUBaDQRdzbKu4l5NiQ,4.5,8,5,1,2023-07-26,2026-09-13,ok
e4acb8e1-28ed-4680-8069-f70082c5b3fa,新北市私立芯蒙園幼兒園,私立,蘆洲區,ChIJX2nB02WpQjQRyDg94L2WsOQ,4.4,5,5,1,2026-07-31,2026-09-13,ok
e581af36-7a75-43ee-a980-4113715d0c03,新北市私立千暉幼兒園,私立,新莊區,ChIJW81wg_SnQjQRutezGPJv_c4,3,41,5,4,2026-08-02,2026-09-13,ok
e60e6c87-d309-4928-88a3-54f7bb05ff0e,新北市私立聖路易幼兒園,私立,板橋區,ChIJPyEUX7ECaDQRi2rTAGsZzI0,4.3,6,5,1,2026-08-11,2026-09-13,ok
e6198f58-e9bb-42c1-b3d5-3187334a865c,新北市私立菲力復興幼兒園,私立,新店區,ChIJKe7hZP4BaDQRssP91dJ0p-c,4.1,37,5,3,2026-05-17,2026-09-13,ok
e6613f6b-df05-4fda-95ba-35bde0f08ad1,新北市泰山區泰山國民小學附設幼兒園,公立,泰山區,ChIJ3YAaMTKmQjQRsM_RH5qzfO8,,,0,0,,2026-09-13,ok
e669ee65-658a-4df7-a6f5-ac38166ce14f,新北市八里區八里國民小學附設幼兒園,公立,八里區,ChIJl25xhQClQjQRMb9Xa9mpzx4,,,0,0,,2026-09-13,ok
e7071b50-ceec-44dd-8ea7-8472631c3360,新北市私立長頸鹿吉凱幼兒園,私立,三重區,ChIJG06ZdvSoQjQRVj2yAt7blkI,4.3,19,5,0,2025-12-13,2026-09-13,ok
e71e588a-0f6a-4162-ac86-3fdc9055cca2,新北市私立春池幼兒園,私立,中和區,ChIJ2845V3UCaDQRoijbxAfV508,4.2,66,5,1,2025-07-26,2026-09-13,ok
e7d6abd6-c3cd-4b98-a303-f41aa9bcd1d1,新北市私立愛莉幼兒園,私立,汐止區,ChIJbXwZoU1TXTQR5cV5los1i2k,4.9,48,5,0,2025-12-20,2026-09-13,ok
e8291677-97a8-4410-8e9b-1c82144a180c,新北市林口區麗園國民小學附設幼兒園,公立,林口區,ChIJ6wmHMCCnQjQR0i6pkme2O48,,,0,0,,2026-09-13,ok
e86a5c29-56c2-4a3d-ad96-e3c127194496,新北市私立維格爾欣悅幼兒園,私立,汐止區,ChIJ1RlT1VNTXTQRvfhWEKfZAAE,5,105,5,0,2025-12-13,2026-09-13,ok
e9d0c13f-6fb0-499d-a2af-06da5e03e945,新北市私立慧爾幼兒園,私立,汐止區,ChIJSaBEbGtTXTQR3Fpx4mkPBGg,5,13,5,0,2026-08-31,2026-09-13,ok
ea883f16-11bf-4160-b8b8-202307f7d0b4,新北市私立嘉穎幼兒園,私立,板橋區,ChIJATjUvz-oQjQRhVABg2zTDvk,3,2,2,1,2025-08-27,2026-09-13,ok
ea8c388c-307e-4041-854f-8e3d41c8f5cb,新北市私立育樂幼兒園,私立,板橋區,ChIJ2__PQBuoQjQRD2KqOg1GjcE,5,9,5,0,2025-06-16,2026-09-13,ok
ea94c3db-d304-4ad2-b6d5-2baa61c63705,新北市私立安迪生幼兒園,私立,永和區,ChIJcU5GGACpQjQRWM1oISJtPjs,5,2,2,0,2024-09-15,2026-09-13,ok
eb4be7d2-1387-4e06-8ed4-eaefc834d0b5,新北市私立文化幼兒園,私立,三峽區,ChIJ927d_vAbaDQROKyiwHwcZ-w,3.9,81,5,3,2026-07-17,2026-09-13,ok
eb768316-913e-463a-b861-d7c266ac4e26,新北市私立葳瑪藝術幼兒園,私立,樹林區,ChIJgZD7_HMcaDQR3_B42POsieg,5,1,1,0,2023-08-21,2026-09-13,ok
eb99d205-685d-41e6-bc51-879c8741817f,新北市板橋區實踐國民小學附設幼兒園,公立,板橋區,ChIJEbUvRaACaDQR9nQ0tN_05SM,,,0,0,,2026-09-13,ok
ebeeff50-09ba-429d-a0e6-36fcca4297b7,新北市私立三和幼兒園,私立,三重區,ChIJt8bqsNCoQjQRfOhEnFUepiw,4.4,8,5,1,2026-07-24,2026-09-13,ok
ebf75b5f-1107-4ec6-95a5-8d6e4d13e7bc,新北市淡水區興仁國民小學附設幼兒園,公立,淡水區,ChIJDbFCV3mwQjQRbcXAG4aJkCk,,,0,0,,2026-09-13,ok
ec55349d-18ed-42de-9dbe-bf858bdcec96,新北市私立省思幼兒園,私立,板橋區,ChIJuyVgWDsdaDQRhfC2DwpX2dE,3.5,4,4,2,2026-07-11,2026-09-13,ok
ec75a10f-ffc2-435e-9721-97f3f8bc4178,新北市私立安佳幼兒園,私立,土城區,ChIJV4vOzbACaDQRtlrocUksXOQ,4.9,155,5,0,2026-04-18,2026-09-13,ok
ecca529e-994f-430d-a4dd-571fbf742e40,新北市安溪非營利幼兒園(委託社團法人桃園市教保服務人員協會辦理),非營利,三峽區,ChIJ3TEEz-0baDQR7elWXXhJmLw,5,1,1,0,2023-06-13,2026-09-13,ok
ed0c991d-b61b-4a7c-8802-db5b087c6500,新北市積穗非營利幼兒園(委託財團法人三之三生命教育基金會辦理),非營利,中和區,ChIJA6iLy-QDaDQRGy8ZWOZB2eg,5,9,5,0,2025-11-21,2026-09-13,ok
ed0e4646-ed9a-4910-8e3c-0395395269fc,新北市私立安安堡幼兒園,私立,中和區,ChIJdWir2dOpQjQR4Xr5jaFzJ2Y,4,8,5,1,2026-06-05,2026-09-13,ok
ed7acddd-2520-42f2-b5d0-2ed00489a08b,新北市私立漢林堡幼兒園,私立,板橋區,ChIJQx6L9BmoQjQRlUJJ3RTLCtM,5,1,1,0,2024-09-15,2026-09-13,ok
ee1db239-95e8-4509-8cbb-11ef60a95692,新北市私立大世紀幼兒園,私立,新莊區,ChIJXRS1AXCoQjQR_mQFtz8FqP0,4.9,132,5,1,2026-01-13,2026-09-13,ok
eedf3dd5-eac9-442c-8e06-4b4b6fa3c1a9,新北市私立蘇格拉底幼兒園,私立,板橋區,ChIJ7Q_ULDmoQjQRZ6levt6ZylE,4.9,251,5,0,2026-07-03,2026-09-13,ok
eef05ffd-f7bf-42b4-a7a2-ee687b4b9b06,新北市私立哈寶寶幼兒園,私立,汐止區,ChIJF9IFIg5TXTQRhOrzTjHdZ0s,3.5,11,5,0,2025-12-15,2026-09-13,ok
efac417e-b683-4f5b-92b8-456a0c1dc795,新北市私立大崁璽恩幼兒園,私立,八里區,ChIJUYcydhGlQjQRFxcW8Oujqws,4.1,7,5,1,2026-07-03,2026-09-13,ok
efeb2820-084e-43fa-8008-4b3bc42c66f0,新北市私立寶仁幼兒園,私立,板橋區,ChIJ7Tv5E-yrQjQRgvh7baFiVYs,4.4,57,5,0,2026-07-20,2026-09-13,ok
effa475f-2829-416c-bd9c-ef6b0474c70c,新北市私立育心寶貝幼兒園,私立,中和區,ChIJTftYkYYCaDQRgXsPRpvD1rQ,4.7,55,5,0,2026-07-23,2026-09-13,ok
f00580b7-fe1d-445f-9ffa-20553a172def,新北市私立大全幼兒園,私立,三重區,ChIJc009muSoQjQRzi1rOeqbgcM,4.2,20,5,0,2025-06-16,2026-09-13,ok
f0e38667-23c3-4848-84db-863d869544ab,新北市私立悅慧幼兒園,私立,淡水區,ChIJXwMfVlKlQjQRZt5Ugcij7Mw,4.8,55,5,0,2026-05-30,2026-09-13,ok
f119ce7e-1d9b-47a2-b555-5b2fd94126de,新北市私立萬甲田幼兒園,私立,淡水區,ChIJ70iOYgCwQjQRWXJ5cXaCRSg,3.7,10,5,1,2026-07-22,2026-09-13,ok
f190914a-758c-4b35-99d9-eda6293a29d8,新北市汐止區樟樹國民小學附設幼兒園,公立,汐止區,ChIJLSHAd0ZTXTQRBsweB1B3UiI,,,0,0,,2026-09-13,ok
f1bc359d-5695-48cf-b330-edc550f49ec3,新北市私立佳樂幼兒園,私立,永和區,ChIJQTOu-u6pQjQRuiJe866Tc5M,4.4,29,5,0,2026-06-08,2026-09-13,ok
f1f8cf71-0f09-4d3e-b95c-5a785292a1d8,新北市三重區二重國民小學附設幼兒園,公立,三重區,ChIJvxYwGOOoQjQRx8MMKTYh3z4,,,0,0,,2026-09-13,ok
f2072e48-0184-473d-8dd2-469d2262618d,新北市中和區中和國民小學附設幼兒園,公立,中和區,ChIJxfm16tepQjQRiGuqC_WG578,,,0,0,,2026-09-13,ok
f210e8e4-5c95-41c6-97c1-ac2fe2875944,新北市私立優貝兒幼兒園,私立,板橋區,ChIJvV_o5CSoQjQR4W99iz2oHtA,3.9,14,5,2,2024-08-13,2026-09-13,ok
f22a9587-06a1-46c4-8a59-8e257956137e,新北市私立美式夏綠蒂幼兒園,私立,蘆洲區,ChIJfbwlXLioQjQREdVNs5zeujs,4.7,138,5,2,2026-04-19,2026-09-13,ok
f2eab8e7-d9aa-4540-b6a0-02301434fa42,新北市汐止區金龍國民小學附設幼兒園,公立,汐止區,ChIJLeEpULOsQjQRlbH3CisFGO8,,,0,0,,2026-09-13,ok
f30b0190-a1f8-4782-b84a-8efbaf5f46e8,新北市私立藍天幼兒園,私立,板橋區,ChIJT0fgNzsdaDQRKDVw_Uo5rRo,4.8,23,5,0,2025-04-23,2026-09-13,ok
f313f8eb-9e8c-422b-8f6d-74214031428d,新北市私立幼煊幼兒園,私立,汐止區,ChIJrTpcDkVTXTQRBuHwVqe8zZ4,2.4,8,5,4,2026-09-10,2026-09-13,ok
f33302f4-b904-4801-aac9-09893c7734bd,新北市立新泰國民中學附設幼兒園,公立,新莊區,ChIJb8YrQNinQjQRGCrSMjC3KEU,,,0,0,,2026-09-13,ok
f33e5472-f9c8-480f-b84a-9faba13a94f7,新北市私立新碧華幼兒園,私立,三重區,ChIJUa30dtaoQjQRnWoCr362ET8,4.8,42,5,1,2026-01-27,2026-09-13,ok
f3c34d13-d839-49c6-a902-94a7f30bec81,新北市私立巨耀幼兒園,私立,新店區,ChIJFa8kL_gBaDQR-fIfaD_aY_4,4.9,91,5,1,2026-03-17,2026-09-13,ok
f3cd3b25-909e-477e-bf1e-038bf98fc186,新北市私立喜星園幼兒園,私立,三重區,ChIJ004Ywf2oQjQRDzi7kt05gOI,4.2,18,5,2,2025-08-18,2026-09-13,ok
f3f2154d-e82c-42c4-ae79-dbda89186ea8,新北市佳林非營利幼兒園(委託社團法人臺灣兒童教育發展協會辦理),非營利,林口區,ChIJe-eKhhynQjQRbABzxuBujnk,5,5,5,0,2026-04-25,2026-09-13,ok
f3f500d9-6da4-487a-bc60-c3c7547b87ec,新北市大觀非營利幼兒園(委託社團法人新北市中華國際嬰幼兒發展學會辦理),非營利,板橋區,ChIJyWIqLzkDaDQRgo4Sro_oDEw,4.6,8,5,0,2026-05-10,2026-09-13,ok
f46b7d8a-8cd9-48c3-b7e6-acee8f03795d,新北市私立星辰幼兒園,私立,五股區,ChIJW4GB51avQjQRalvIsOqqW-0,4.3,15,5,1,2026-06-24,2026-09-13,ok
f498bba4-6086-41ab-988c-b9a8b388e5bd,新北市私立甜甜幼兒園,私立,三重區,ChIJy9hiWSapQjQRX-8OJNxepOk,4.1,23,5,1,2026-06-03,2026-09-13,ok
f5251c62-f52c-47f9-8ee2-acfc5add7e42,新北市私立興華幼兒園,私立,蘆洲區,ChIJCeyjK7qoQjQRgbifk2R0350,4.9,259,5,0,2026-01-16,2026-09-13,ok
f596e9eb-3c03-4897-8739-da2fdf90a27d,新北市私立榮富幼兒園,私立,新莊區,ChIJhdpvAH-oQjQR_DlQfwVy-68,4.6,121,5,0,2025-05-28,2026-09-13,ok
f61a699d-908e-4bba-b94b-d9dfbb4775cc,新北市私立勁寶兒晨星園幼兒園,私立,新莊區,ChIJUXawjn2oQjQRPrfP_Evgj1U,4.4,13,5,1,2026-07-02,2026-09-13,ok
f6269a4e-d973-4761-b949-2f3609e6c427,新北市私立書樂幼兒園,私立,汐止區,ChIJwxyuyklTXTQR6go80FLYQcQ,4.3,16,5,0,2026-07-03,2026-09-13,ok
f62f90e2-666b-4dda-9864-2680449bca74,新北市私立立聖幼兒園,私立,板橋區,ChIJoQ1iPwWoQjQRyb2aLiBGxQM,2.6,17,5,4,2026-03-17,2026-09-13,ok
f662b387-dddd-4f86-adbd-66173ac3edb7,新北市私立高登幼兒園,私立,土城區,ChIJPwoyttwcaDQRij73xiIPuhc,4.1,24,5,1,2025-01-24,2026-09-13,ok
f6b9d0a9-60ca-4534-80b9-4ea657d58543,新北市私立生活家幼兒園,私立,新莊區,ChIJgxBAjeGnQjQRNdOBgQEYoQ0,4.2,9,5,0,2025-01-16,2026-09-13,ok
f6f14775-9b17-4ffd-824b-b6161bb59851,新北市私立米其幼兒園,私立,瑞芳區,ChIJLQ4qCfdPXTQRSeB6hl9yeaw,3.7,3,3,1,2025-11-24,2026-09-13,ok
f778e8df-f306-4486-b462-214b08913c59,新北市私立親親幼兒園,私立,永和區,ChIJbwpwpMKpQjQRMpzaEoChxoY,5,1,1,0,2024-09-29,2026-09-13,ok
f7a821ab-3e5a-48bc-bab5-1450bb75846c,新北市私立碧華幼兒園,私立,三重區,ChIJUa30dtaoQjQRnWoCr362ET8,4.8,42,5,1,2026-01-27,2026-09-13,ok
f7abc125-4419-446b-91bd-cfc594b79a67,新北市文中非營利幼兒園（委託社團法人臺灣澄芽全人文教發展協會辦理）,非營利,新店區,ChIJez1m5uABaDQRJc3bDmtyn6A,5,4,4,0,2026-07-04,2026-09-13,ok
f7aed9cb-3415-459a-852a-e0fa73ca55be,新北市私立愛家幼兒園,私立,淡水區,ChIJ4WELGlWlQjQRgeQhZJJEmw8,4,72,5,1,2026-04-17,2026-09-13,ok
f85f47d5-e630-4d53-8d40-13def8b4b3d0,新北市私立愛唯揚幼兒園,私立,板橋區,ChIJG0dNnEioQjQR7rM7zfbsSAE,3.4,7,5,1,2024-08-02,2026-09-13,ok
f87606c5-fac7-4313-a61b-ecaa05f5dedf,新北市私立互仁幼兒園,私立,新莊區,ChIJ46dnS32oQjQRM7MtOSN8-5g,4.8,5,5,0,2026-05-23,2026-09-13,ok
f8a732f8-5713-45fd-8e4c-047bb3e4c1ce,新北市金山區金山國民小學附設幼兒園,公立,金山區,ChIJNz6yVlZLXTQR9A2GlyBuGz0,,,0,0,,2026-09-13,ok
f8e8b0af-f718-497e-b604-c9ae907cf6f4,新北市私立杜克幼兒園,私立,新莊區,ChIJ6cjuhe2nQjQRKF5uKu3UiGo,5,4,4,0,2023-12-26,2026-09-13,ok
f90f4bc6-c088-408f-a4e5-fcb022b2b8f7,新北市私立莒光幼兒園,私立,板橋區,ChIJcbpVCECoQjQRfkdweFnX3wA,4.8,42,5,0,2025-12-17,2026-09-13,ok
f941a036-7e0e-4ec0-a24d-634e3d5cd42c,新北市私立學詮幼兒園,私立,鶯歌區,ChIJLdzjQbYeaDQR8JMzehWgnlM,4.2,60,5,0,2026-07-25,2026-09-13,ok
fa8c867e-6d4a-43d9-b7b7-7897552ad281,新北市私立今仁幼兒園,私立,板橋區,ChIJVakI8jeoQjQRkyD9Aw63svk,5,3,3,0,2022-07-22,2026-09-13,ok
fae35007-ee81-4d2f-9669-44f3c2ddcd30,新北市私立嘉嘉幼兒園,私立,中和區,ChIJCRRq_96pQjQRBIh-4Vagy2w,5,5,5,0,2025-10-12,2026-09-13,ok
faf1a89b-d4ce-4cc2-a331-4b7be7b3ba09,新北市私立林口幼兒園,私立,林口區,ChIJI9eJOfCmQjQREaKdvjBAjM0,3.3,15,5,2,2025-10-09,2026-09-13,ok
fb04a2d0-e968-44e0-8833-ca9ca38ab61c,新北市私立卡爾斯登幼兒園,私立,板橋區,ChIJwUXwvUCoQjQRmRdtyPT3S0Q,4.1,13,5,1,2026-05-06,2026-09-13,ok
fb08959e-274d-4093-b39e-4e5628e9dc85,新北市私立大安幼兒園,私立,板橋區,ChIJl8lYEK0CaDQRgwpUdgHQHJc,4.6,32,5,1,2026-04-23,2026-09-13,ok
fc6cbf31-9bca-4a77-8b15-c7ea079742c8,新北市三芝區三芝國民小學附設幼兒園,公立,三芝區,ChIJH7gTFNK2QjQRDbq7_aXot8o,,,0,0,,2026-09-13,ok
fcac2136-5e03-4360-972f-04c6126c403c,新北市私立安格幼兒園,私立,汐止區,ChIJrxR271CrQjQRViw2oIzCmWI,4.7,3,3,0,2019-01-16,2026-09-13,ok
fd466d95-3594-4897-85b1-9175b43d3348,新北市私立永錡幼兒園,私立,新莊區,ChIJx92NivOnQjQRjqaFlrtXjF8,4.9,235,5,0,2026-05-15,2026-09-13,ok
fe7c0a9b-ba5b-4c94-925f-e6863d3a523c,新北市私立創意蘋果幼兒園,私立,中和區,ChIJfzOTH4gCaDQRf0wM95EKwt8,4.9,102,5,0,2026-07-06,2026-09-13,ok
fe9012c8-9ca2-400e-a87a-1e4d490aa7fd,新北市私立國園幼兒園,私立,蘆洲區,ChIJe1qDbtKoQjQRbyarmBkFEMg,4.6,23,5,1,2024-01-19,2026-09-13,ok
fea3ddd6-221b-49ca-bb49-6880c7c41d6f,新北市私立愛蜜立幼兒園,私立,新莊區,ChIJuaEY4fWnQjQRHeAj380ckac,,,0,0,,2026-09-13,ok
feac7379-0a71-478b-8650-0bba4c7cfd40,新北市私立育格幼兒園,私立,瑞芳區,ChIJDZa4WtNRXTQR1Xfpg-wvUE4,4.2,5,5,1,2025-08-11,2026-09-13,ok
ff47b1d1-7399-4b11-b7c5-8d35d449c27c,新北市私立藤井樹幼兒園,私立,三重區,ChIJ7WzzfSqpQjQRLUGJQxMZSwo,5,2,2,0,2022-09-22,2026-09-13,ok
ffa656c5-72e3-4dfb-8ab5-41d5f6233cfb,新北市私立英格麗幼兒園,私立,淡水區,ChIJ-SfxvXavQjQRctU_lKUelz4,3.9,14,5,1,2026-03-23,2026-09-13,ok
ffc4bf34-7c35-439c-ae9c-8c064ba5a2ab,新北市私立比佛利幼兒園,私立,泰山區,ChIJc0JNPs2nQjQRvhXgKlR83eY,4.1,7,5,0,2024-08-27,2026-09-13,ok
ffcb9cfb-cf6f-4c26-8e26-1856c13b2d3c,新北市私立快樂家族幼兒園,私立,淡水區,ChIJ8Ws7apOvQjQR_mHlbNmn_gI,3,9,5,4,2026-01-23,2026-09-13,ok
