year,volume,page_index,chars,pua_ratio
112,112年決算書第一冊.pdf,0,1276,0.0
112,112年決算書第一冊.pdf,1,1208,0.0
112,112年決算書第一冊.pdf,2,79,0.0
112,112年決算書第一冊.pdf,3,0,0.0
112,112年決算書第一冊.pdf,4,790,0.0
112,112年決算書第一冊.pdf,5,0,0.0
112,112年決算書第一冊.pdf,6,5,0.0
112,112年決算書第一冊.pdf,7,0,0.0
112,112年決算書第一冊.pdf,8,860,0.0
112,112年決算書第一冊.pdf,9,852,0.0
112,112年決算書第一冊.pdf,10,871,0.0
112,112年決算書第一冊.pdf,11,807,0.0
112,112年決算書第一冊.pdf,12,614,0.0
112,112年決算書第一冊.pdf,13,579,0.0
112,112年決算書第一冊.pdf,14,771,0.0
112,112年決算書第一冊.pdf,15,773,0.0
112,112年決算書第一冊.pdf,16,841,0.0
112,112年決算書第一冊.pdf,17,888,0.0
112,112年決算書第一冊.pdf,18,737,0.0
112,112年決算書第一冊.pdf,19,655,0.0
112,112年決算書第一冊.pdf,20,599,0.0
112,112年決算書第一冊.pdf,21,676,0.0
112,112年決算書第一冊.pdf,22,666,0.0
112,112年決算書第一冊.pdf,23,672,0.0
112,112年決算書第一冊.pdf,24,548,0.0
112,112年決算書第一冊.pdf,25,699,0.0
112,112年決算書第一冊.pdf,26,595,0.0
112,112年決算書第一冊.pdf,27,660,0.0
112,112年決算書第一冊.pdf,28,618,0.0
112,112年決算書第一冊.pdf,29,726,0.0
112,112年決算書第一冊.pdf,30,590,0.0
112,112年決算書第一冊.pdf,31,787,0.0
112,112年決算書第一冊.pdf,32,655,0.0
112,112年決算書第一冊.pdf,33,694,0.0
112,112年決算書第一冊.pdf,34,850,0.0
112,112年決算書第一冊.pdf,35,785,0.0
112,112年決算書第一冊.pdf,36,681,0.0
112,112年決算書第一冊.pdf,37,776,0.0
112,112年決算書第一冊.pdf,38,767,0.0
112,112年決算書第一冊.pdf,39,711,0.0
112,112年決算書第一冊.pdf,40,723,0.0
112,112年決算書第一冊.pdf,41,737,0.0
112,112年決算書第一冊.pdf,42,950,0.0
112,112年決算書第一冊.pdf,43,947,0.0
112,112年決算書第一冊.pdf,44,724,0.0
112,112年決算書第一冊.pdf,45,832,0.0
112,112年決算書第一冊.pdf,46,869,0.0
112,112年決算書第一冊.pdf,47,932,0.0
112,112年決算書第一冊.pdf,48,956,0.0
112,112年決算書第一冊.pdf,49,884,0.0
112,112年決算書第一冊.pdf,50,989,0.0
112,112年決算書第一冊.pdf,51,1024,0.0
112,112年決算書第一冊.pdf,52,1033,0.0
112,112年決算書第一冊.pdf,53,981,0.0
112,112年決算書第一冊.pdf,54,943,0.0
112,112年決算書第一冊.pdf,55,875,0.0
112,112年決算書第一冊.pdf,56,954,0.0
112,112年決算書第一冊.pdf,57,1054,0.0
112,112年決算書第一冊.pdf,58,1039,0.0
112,112年決算書第一冊.pdf,59,913,0.0
112,112年決算書第一冊.pdf,60,928,0.0
112,112年決算書第一冊.pdf,61,943,0.0
112,112年決算書第一冊.pdf,62,1107,0.0
112,112年決算書第一冊.pdf,63,1163,0.0
112,112年決算書第一冊.pdf,64,1032,0.0
112,112年決算書第一冊.pdf,65,1067,0.0
112,112年決算書第一冊.pdf,66,955,0.0
112,112年決算書第一冊.pdf,67,970,0.0
112,112年決算書第一冊.pdf,68,933,0.0
112,112年決算書第一冊.pdf,69,921,0.0
112,112年決算書第一冊.pdf,70,936,0.0
112,112年決算書第一冊.pdf,71,856,0.0
112,112年決算書第一冊.pdf,72,867,0.0
112,112年決算書第一冊.pdf,73,871,0.0
112,112年決算書第一冊.pdf,74,1044,0.0
112,112年決算書第一冊.pdf,75,1043,0.0
112,112年決算書第一冊.pdf,76,1019,0.0
112,112年決算書第一冊.pdf,77,658,0.0
112,112年決算書第一冊.pdf,78,6,0.0
112,112年決算書第一冊.pdf,79,0,0.0
112,112年決算書第一冊.pdf,80,5,0.0
112,112年決算書第一冊.pdf,81,0,0.0
112,112年決算書第一冊.pdf,82,2501,0.0
112,112年決算書第一冊.pdf,83,8,0.0
112,112年決算書第一冊.pdf,84,5,0.0
112,112年決算書第一冊.pdf,85,0,0.0
112,112年決算書第一冊.pdf,86,1191,0.0
112,112年決算書第一冊.pdf,87,202,0.0
112,112年決算書第一冊.pdf,88,1337,0.0
112,112年決算書第一冊.pdf,89,1475,0.0
112,112年決算書第一冊.pdf,90,1259,0.0
112,112年決算書第一冊.pdf,91,1266,0.0
112,112年決算書第一冊.pdf,92,1029,0.0
112,112年決算書第一冊.pdf,93,1231,0.0
112,112年決算書第一冊.pdf,94,1157,0.0
112,112年決算書第一冊.pdf,95,995,0.0
112,112年決算書第一冊.pdf,96,1299,0.0
112,112年決算書第一冊.pdf,97,777,0.0
112,112年決算書第一冊.pdf,98,8,0.0
112,112年決算書第一冊.pdf,99,1584,0.0
112,112年決算書第一冊.pdf,100,1336,0.0
112,112年決算書第一冊.pdf,101,1221,0.0
112,112年決算書第一冊.pdf,102,2616,0.0
112,112年決算書第一冊.pdf,103,2498,0.0
112,112年決算書第一冊.pdf,104,2516,0.0
112,112年決算書第一冊.pdf,105,2508,0.0
112,112年決算書第一冊.pdf,106,2489,0.0
112,112年決算書第一冊.pdf,107,2459,0.0
112,112年決算書第一冊.pdf,108,2482,0.0
112,112年決算書第一冊.pdf,109,2527,0.0
112,112年決算書第一冊.pdf,110,1445,0.0
112,112年決算書第一冊.pdf,111,277,0.0
112,112年決算書第一冊.pdf,112,8,0.0
112,112年決算書第一冊.pdf,113,2131,0.0
112,112年決算書第一冊.pdf,114,1902,0.0
112,112年決算書第一冊.pdf,115,528,0.0
112,112年決算書第一冊.pdf,116,462,0.0
112,112年決算書第一冊.pdf,117,202,0.0
112,112年決算書第一冊.pdf,118,656,0.0
112,112年決算書第一冊.pdf,119,393,0.0
112,112年決算書第一冊.pdf,120,356,0.0
112,112年決算書第一冊.pdf,121,1868,0.0
112,112年決算書第一冊.pdf,122,149,0.0
112,112年決算書第一冊.pdf,123,1117,0.0
112,112年決算書第一冊.pdf,124,123,0.0
112,112年決算書第一冊.pdf,125,9,0.0
112,112年決算書第一冊.pdf,126,6,0.0
112,112年決算書第一冊.pdf,127,0,0.0
112,112年決算書第一冊.pdf,128,9,0.0
112,112年決算書第一冊.pdf,129,1898,0.0
112,112年決算書第一冊.pdf,130,1586,0.0
112,112年決算書第一冊.pdf,131,1942,0.0
112,112年決算書第一冊.pdf,132,550,0.0
112,112年決算書第一冊.pdf,133,2051,0.0
112,112年決算書第一冊.pdf,134,293,0.0
112,112年決算書第一冊.pdf,135,720,0.0
112,112年決算書第一冊.pdf,136,5,0.0
112,112年決算書第一冊.pdf,137,0,0.0
112,112年決算書第一冊.pdf,138,1401,0.0
112,112年決算書第一冊.pdf,139,0,0.0
112,112年決算書第一冊.pdf,140,91,0.0
112,112年決算書第一冊.pdf,141,0,0.0
112,112年決算書第一冊.pdf,142,707,0.0
112,112年決算書第一冊.pdf,143,0,0.0
112,112年決算書第一冊.pdf,144,870,0.0
112,112年決算書第一冊.pdf,145,865,0.0
112,112年決算書第一冊.pdf,146,884,0.0
112,112年決算書第一冊.pdf,147,820,0.0
112,112年決算書第一冊.pdf,148,627,0.0
112,112年決算書第一冊.pdf,149,592,0.0
112,112年決算書第一冊.pdf,150,784,0.0
112,112年決算書第一冊.pdf,151,786,0.0
112,112年決算書第一冊.pdf,152,854,0.0
112,112年決算書第一冊.pdf,153,901,0.0
112,112年決算書第一冊.pdf,154,750,0.0
112,112年決算書第一冊.pdf,155,668,0.0
112,112年決算書第一冊.pdf,156,612,0.0
112,112年決算書第一冊.pdf,157,689,0.0
112,112年決算書第一冊.pdf,158,679,0.0
112,112年決算書第一冊.pdf,159,685,0.0
112,112年決算書第一冊.pdf,160,561,0.0
112,112年決算書第一冊.pdf,161,712,0.0
112,112年決算書第一冊.pdf,162,608,0.0
112,112年決算書第一冊.pdf,163,673,0.0
112,112年決算書第一冊.pdf,164,631,0.0
112,112年決算書第一冊.pdf,165,739,0.0
112,112年決算書第一冊.pdf,166,759,0.0
112,112年決算書第一冊.pdf,167,644,0.0
112,112年決算書第一冊.pdf,168,668,0.0
112,112年決算書第一冊.pdf,169,707,0.0
112,112年決算書第一冊.pdf,170,863,0.0
112,112年決算書第一冊.pdf,171,798,0.0
112,112年決算書第一冊.pdf,172,694,0.0
112,112年決算書第一冊.pdf,173,789,0.0
112,112年決算書第一冊.pdf,174,780,0.0
112,112年決算書第一冊.pdf,175,724,0.0
112,112年決算書第一冊.pdf,176,741,0.0
112,112年決算書第一冊.pdf,177,961,0.0
112,112年決算書第一冊.pdf,178,924,0.0
112,112年決算書第一冊.pdf,179,707,0.0
112,112年決算書第一冊.pdf,180,558,0.0
112,112年決算書第一冊.pdf,181,900,0.0
112,112年決算書第一冊.pdf,182,984,0.0
112,112年決算書第一冊.pdf,183,901,0.0
112,112年決算書第一冊.pdf,184,962,0.0
112,112年決算書第一冊.pdf,185,994,0.0
112,112年決算書第一冊.pdf,186,934,0.0
112,112年決算書第一冊.pdf,187,935,0.0
112,112年決算書第一冊.pdf,188,937,0.0
112,112年決算書第一冊.pdf,189,947,0.0
112,112年決算書第一冊.pdf,190,954,0.0
112,112年決算書第一冊.pdf,191,980,0.0
112,112年決算書第一冊.pdf,192,935,0.0
112,112年決算書第一冊.pdf,193,877,0.0
112,112年決算書第一冊.pdf,194,948,0.0
112,112年決算書第一冊.pdf,195,927,0.0
112,112年決算書第一冊.pdf,196,664,0.0
112,112年決算書第一冊.pdf,197,1989,0.0
112,112年決算書第一冊.pdf,198,954,0.0
112,112年決算書第一冊.pdf,199,1241,0.0
112,112年決算書第一冊.pdf,200,1166,0.0
112,112年決算書第一冊.pdf,201,1145,0.0
112,112年決算書第一冊.pdf,202,1209,0.0
112,112年決算書第一冊.pdf,203,1137,0.0
112,112年決算書第一冊.pdf,204,1262,0.0
112,112年決算書第一冊.pdf,205,1016,0.0
112,112年決算書第一冊.pdf,206,12,0.0
112,112年決算書第一冊.pdf,207,945,0.0
112,112年決算書第一冊.pdf,208,772,0.0
112,112年決算書第一冊.pdf,209,972,0.0
112,112年決算書第一冊.pdf,210,158,0.0
112,112年決算書第一冊.pdf,211,1410,0.0
112,112年決算書第一冊.pdf,212,1032,0.0
112,112年決算書第一冊.pdf,213,111,0.0
112,112年決算書第一冊.pdf,214,545,0.0
112,112年決算書第一冊.pdf,215,585,0.0
112,112年決算書第一冊.pdf,216,366,0.0
112,112年決算書第一冊.pdf,217,1630,0.0
112,112年決算書第一冊.pdf,218,891,0.0
112,112年決算書第一冊.pdf,219,1881,0.0
112,112年決算書第一冊.pdf,220,1641,0.0
112,112年決算書第一冊.pdf,221,803,0.0
112,112年決算書第一冊.pdf,222,147,0.0
112,112年決算書第一冊.pdf,223,2000,0.0
112,112年決算書第一冊.pdf,224,641,0.0
112,112年決算書第一冊.pdf,225,1158,0.0
112,112年決算書第一冊.pdf,226,0,0.0
112,112年決算書第一冊.pdf,227,0,0.0
112,112年決算書第一冊.pdf,228,95,0.0
112,112年決算書第一冊.pdf,229,0,0.0
112,112年決算書第一冊.pdf,230,709,0.0
112,112年決算書第一冊.pdf,231,0,0.0
112,112年決算書第一冊.pdf,232,774,0.0
112,112年決算書第一冊.pdf,233,777,0.0
112,112年決算書第一冊.pdf,234,837,0.0
112,112年決算書第一冊.pdf,235,357,0.0
112,112年決算書第一冊.pdf,236,1359,0.0
112,112年決算書第一冊.pdf,237,751,0.0
112,112年決算書第一冊.pdf,238,1296,0.0
112,112年決算書第一冊.pdf,239,319,0.0
112,112年決算書第一冊.pdf,240,11,0.0
112,112年決算書第一冊.pdf,241,595,0.0
112,112年決算書第一冊.pdf,242,677,0.0
112,112年決算書第一冊.pdf,243,520,0.0
112,112年決算書第一冊.pdf,244,137,0.0
112,112年決算書第一冊.pdf,245,762,0.0
112,112年決算書第一冊.pdf,246,468,0.0
112,112年決算書第一冊.pdf,247,93,0.0
112,112年決算書第一冊.pdf,248,315,0.0
112,112年決算書第一冊.pdf,249,1200,0.0
112,112年決算書第一冊.pdf,250,270,0.0
112,112年決算書第一冊.pdf,251,1864,1.0
112,112年決算書第一冊.pdf,252,1079,1.0
112,112年決算書第一冊.pdf,253,496,1.0
112,112年決算書第一冊.pdf,254,176,1.0
112,112年決算書第一冊.pdf,255,1517,0.0
112,112年決算書第一冊.pdf,256,479,0.0
112,112年決算書第一冊.pdf,257,950,0.0
112,112年決算書第一冊.pdf,258,0,0.0
112,112年決算書第一冊.pdf,259,0,0.0
112,112年決算書第一冊.pdf,260,95,0.0
112,112年決算書第一冊.pdf,261,0,0.0
112,112年決算書第一冊.pdf,262,707,0.0
112,112年決算書第一冊.pdf,263,0,0.0
112,112年決算書第一冊.pdf,264,832,0.0
112,112年決算書第一冊.pdf,265,784,0.0
112,112年決算書第一冊.pdf,266,689,0.0
112,112年決算書第一冊.pdf,267,1266,0.0
112,112年決算書第一冊.pdf,268,644,0.0
112,112年決算書第一冊.pdf,269,1333,0.0
112,112年決算書第一冊.pdf,270,109,0.0
112,112年決算書第一冊.pdf,271,777,0.0
112,112年決算書第一冊.pdf,272,272,0.0
112,112年決算書第一冊.pdf,273,460,0.0
112,112年決算書第一冊.pdf,274,184,0.0
112,112年決算書第一冊.pdf,275,717,0.0
112,112年決算書第一冊.pdf,276,465,0.0
112,112年決算書第一冊.pdf,277,93,0.0
112,112年決算書第一冊.pdf,278,261,0.0
112,112年決算書第一冊.pdf,279,1143,0.0
112,112年決算書第一冊.pdf,280,267,0.0
112,112年決算書第一冊.pdf,281,1704,0.0
112,112年決算書第一冊.pdf,282,870,0.0
112,112年決算書第一冊.pdf,283,1494,0.0
112,112年決算書第一冊.pdf,284,469,0.0
112,112年決算書第一冊.pdf,285,890,0.0
112,112年決算書第一冊.pdf,286,0,0.0
112,112年決算書第一冊.pdf,287,0,0.0
112,112年決算書第一冊.pdf,288,95,0.0
112,112年決算書第一冊.pdf,289,0,0.0
112,112年決算書第一冊.pdf,290,707,0.0
112,112年決算書第一冊.pdf,291,0,0.0
112,112年決算書第一冊.pdf,292,802,0.0
112,112年決算書第一冊.pdf,293,766,0.0
112,112年決算書第一冊.pdf,294,720,0.0
112,112年決算書第一冊.pdf,295,1319,0.0
112,112年決算書第一冊.pdf,296,675,0.0
112,112年決算書第一冊.pdf,297,1287,0.0
112,112年決算書第一冊.pdf,298,349,0.0
112,112年決算書第一冊.pdf,299,516,0.0
112,112年決算書第一冊.pdf,300,431,0.0
112,112年決算書第一冊.pdf,301,414,0.0
112,112年決算書第一冊.pdf,302,182,0.0
112,112年決算書第一冊.pdf,303,769,0.0
112,112年決算書第一冊.pdf,304,468,0.0
112,112年決算書第一冊.pdf,305,105,0.0
112,112年決算書第一冊.pdf,306,264,0.0
112,112年決算書第一冊.pdf,307,1304,0.0
112,112年決算書第一冊.pdf,308,356,0.0
112,112年決算書第一冊.pdf,309,1609,0.0
112,112年決算書第一冊.pdf,310,840,0.0
112,112年決算書第一冊.pdf,311,288,0.0
112,112年決算書第一冊.pdf,312,139,0.0
112,112年決算書第一冊.pdf,313,1565,0.0
112,112年決算書第一冊.pdf,314,471,0.0
112,112年決算書第一冊.pdf,315,985,0.0
112,112年決算書第一冊.pdf,316,0,0.0
112,112年決算書第一冊.pdf,317,0,0.0
112,112年決算書第一冊.pdf,318,95,0.0
112,112年決算書第一冊.pdf,319,0,0.0
112,112年決算書第一冊.pdf,320,707,0.0
112,112年決算書第一冊.pdf,321,0,0.0
112,112年決算書第一冊.pdf,322,757,0.0
112,112年決算書第一冊.pdf,323,822,0.0
112,112年決算書第一冊.pdf,324,694,0.0
112,112年決算書第一冊.pdf,325,1351,0.0
112,112年決算書第一冊.pdf,326,761,0.0
112,112年決算書第一冊.pdf,327,1309,0.0
112,112年決算書第一冊.pdf,328,172,0.0
112,112年決算書第一冊.pdf,329,721,0.0
112,112年決算書第一冊.pdf,330,272,0.0
112,112年決算書第一冊.pdf,331,438,0.0
112,112年決算書第一冊.pdf,332,118,0.0
112,112年決算書第一冊.pdf,333,696,0.0
112,112年決算書第一冊.pdf,334,452,0.0
112,112年決算書第一冊.pdf,335,93,0.0
112,112年決算書第一冊.pdf,336,212,0.0
112,112年決算書第一冊.pdf,337,1231,0.0
112,112年決算書第一冊.pdf,338,355,0.0
112,112年決算書第一冊.pdf,339,1570,0.0
112,112年決算書第一冊.pdf,340,840,0.0
112,112年決算書第一冊.pdf,341,409,0.0
112,112年決算書第一冊.pdf,342,116,0.0
112,112年決算書第一冊.pdf,343,1570,0.0
112,112年決算書第一冊.pdf,344,474,0.0
112,112年決算書第一冊.pdf,345,923,0.0
112,112年決算書第一冊.pdf,346,0,0.0
112,112年決算書第一冊.pdf,347,0,0.0
112,112年決算書第一冊.pdf,348,95,0.0
112,112年決算書第一冊.pdf,349,0,0.0
112,112年決算書第一冊.pdf,350,709,0.0
112,112年決算書第一冊.pdf,351,0,0.0
112,112年決算書第一冊.pdf,352,736,0.0
112,112年決算書第一冊.pdf,353,707,0.0
112,112年決算書第一冊.pdf,354,896,0.0
112,112年決算書第一冊.pdf,355,92,0.0
112,112年決算書第一冊.pdf,356,1238,0.0
112,112年決算書第一冊.pdf,357,694,0.0
112,112年決算書第一冊.pdf,358,1335,0.0
112,112年決算書第一冊.pdf,359,295,0.0
112,112年決算書第一冊.pdf,360,11,0.0
112,112年決算書第一冊.pdf,361,624,0.0
112,112年決算書第一冊.pdf,362,477,0.0
112,112年決算書第一冊.pdf,363,541,0.0
112,112年決算書第一冊.pdf,364,142,0.0
112,112年決算書第一冊.pdf,365,750,0.0
112,112年決算書第一冊.pdf,366,456,0.0
112,112年決算書第一冊.pdf,367,104,0.0
112,112年決算書第一冊.pdf,368,258,0.0
112,112年決算書第一冊.pdf,369,1270,0.0
112,112年決算書第一冊.pdf,370,290,0.0
112,112年決算書第一冊.pdf,371,1704,0.0
112,112年決算書第一冊.pdf,372,1168,0.0
112,112年決算書第一冊.pdf,373,350,0.0
112,112年決算書第一冊.pdf,374,151,0.0
112,112年決算書第一冊.pdf,375,1599,0.0
112,112年決算書第一冊.pdf,376,477,0.0
112,112年決算書第一冊.pdf,377,971,0.0
112,112年決算書第一冊.pdf,378,0,0.0
112,112年決算書第一冊.pdf,379,0,0.0
112,112年決算書第一冊.pdf,380,95,0.0
112,112年決算書第一冊.pdf,381,0,0.0
112,112年決算書第一冊.pdf,382,707,0.0
112,112年決算書第一冊.pdf,383,0,0.0
112,112年決算書第一冊.pdf,384,793,0.0
112,112年決算書第一冊.pdf,385,827,0.0
112,112年決算書第一冊.pdf,386,805,0.0
112,112年決算書第一冊.pdf,387,1343,0.0
112,112年決算書第一冊.pdf,388,764,0.0
112,112年決算書第一冊.pdf,389,1345,0.0
112,112年決算書第一冊.pdf,390,328,0.0
112,112年決算書第一冊.pdf,391,477,0.0
112,112年決算書第一冊.pdf,392,568,0.0
112,112年決算書第一冊.pdf,393,470,0.0
112,112年決算書第一冊.pdf,394,141,0.0
112,112年決算書第一冊.pdf,395,761,0.0
112,112年決算書第一冊.pdf,396,468,0.0
112,112年決算書第一冊.pdf,397,93,0.0
112,112年決算書第一冊.pdf,398,267,0.0
112,112年決算書第一冊.pdf,399,1300,0.0
112,112年決算書第一冊.pdf,400,300,0.0
112,112年決算書第一冊.pdf,401,1634,0.0
112,112年決算書第一冊.pdf,402,950,0.0
112,112年決算書第一冊.pdf,403,302,0.0
112,112年決算書第一冊.pdf,404,152,0.0
112,112年決算書第一冊.pdf,405,1566,0.0
112,112年決算書第一冊.pdf,406,475,0.0
112,112年決算書第一冊.pdf,407,949,0.0
112,112年決算書第一冊.pdf,408,0,0.0
112,112年決算書第一冊.pdf,409,0,0.0
112,112年決算書第一冊.pdf,410,95,0.0
112,112年決算書第一冊.pdf,411,0,0.0
112,112年決算書第一冊.pdf,412,709,0.0
112,112年決算書第一冊.pdf,413,0,0.0
112,112年決算書第一冊.pdf,414,733,0.0
112,112年決算書第一冊.pdf,415,742,0.0
112,112年決算書第一冊.pdf,416,848,0.0
112,112年決算書第一冊.pdf,417,154,0.0
112,112年決算書第一冊.pdf,418,1370,0.0
112,112年決算書第一冊.pdf,419,883,1.0
112,112年決算書第一冊.pdf,420,1326,0.0
112,112年決算書第一冊.pdf,421,380,0.0
112,112年決算書第一冊.pdf,422,11,0.0
112,112年決算書第一冊.pdf,423,775,0.0
112,112年決算書第一冊.pdf,424,273,0.0
112,112年決算書第一冊.pdf,425,527,0.0
112,112年決算書第一冊.pdf,426,153,0.0
112,112年決算書第一冊.pdf,427,797,0.0
112,112年決算書第一冊.pdf,428,462,0.0
112,112年決算書第一冊.pdf,429,93,0.0
112,112年決算書第一冊.pdf,430,258,0.0
112,112年決算書第一冊.pdf,431,1315,0.0
112,112年決算書第一冊.pdf,432,272,0.0
112,112年決算書第一冊.pdf,433,1715,0.0
112,112年決算書第一冊.pdf,434,962,0.0
112,112年決算書第一冊.pdf,435,296,0.0
112,112年決算書第一冊.pdf,436,154,0.0
112,112年決算書第一冊.pdf,437,1494,0.0
112,112年決算書第一冊.pdf,438,476,0.0
112,112年決算書第一冊.pdf,439,940,0.0
112,112年決算書第一冊.pdf,440,0,0.0
112,112年決算書第一冊.pdf,441,0,0.0
112,112年決算書第一冊.pdf,442,95,0.0
112,112年決算書第一冊.pdf,443,0,0.0
112,112年決算書第一冊.pdf,444,709,0.0
112,112年決算書第一冊.pdf,445,0,0.0
112,112年決算書第一冊.pdf,446,808,0.0
112,112年決算書第一冊.pdf,447,756,0.0
112,112年決算書第一冊.pdf,448,893,0.0
112,112年決算書第一冊.pdf,449,126,0.0
112,112年決算書第一冊.pdf,450,1298,0.0
112,112年決算書第一冊.pdf,451,669,0.0
112,112年決算書第一冊.pdf,452,1325,0.0
112,112年決算書第一冊.pdf,453,519,0.0
112,112年決算書第一冊.pdf,454,11,0.0
112,112年決算書第一冊.pdf,455,617,0.0
112,112年決算書第一冊.pdf,456,631,0.0
112,112年決算書第一冊.pdf,457,581,0.0
112,112年決算書第一冊.pdf,458,167,0.0
112,112年決算書第一冊.pdf,459,834,0.0
112,112年決算書第一冊.pdf,460,462,0.0
112,112年決算書第一冊.pdf,461,120,0.0
112,112年決算書第一冊.pdf,462,262,0.0
112,112年決算書第一冊.pdf,463,1430,0.0
112,112年決算書第一冊.pdf,464,293,0.0
112,112年決算書第一冊.pdf,465,1673,0.0
112,112年決算書第一冊.pdf,466,967,0.0
112,112年決算書第一冊.pdf,467,300,0.0
112,112年決算書第一冊.pdf,468,156,0.0
112,112年決算書第一冊.pdf,469,1572,0.0
112,112年決算書第一冊.pdf,470,481,0.0
112,112年決算書第一冊.pdf,471,1015,0.0
112,112年決算書第一冊.pdf,472,0,0.0
112,112年決算書第一冊.pdf,473,0,0.0
112,112年決算書第一冊.pdf,474,95,0.0
112,112年決算書第一冊.pdf,475,0,0.0
112,112年決算書第一冊.pdf,476,709,0.0
112,112年決算書第一冊.pdf,477,0,0.0
112,112年決算書第一冊.pdf,478,817,0.0
112,112年決算書第一冊.pdf,479,762,0.0
112,112年決算書第一冊.pdf,480,876,0.0
112,112年決算書第一冊.pdf,481,126,0.0
112,112年決算書第一冊.pdf,482,1321,0.0
112,112年決算書第一冊.pdf,483,776,0.0
112,112年決算書第一冊.pdf,484,1290,0.0
112,112年決算書第一冊.pdf,485,315,0.0
112,112年決算書第一冊.pdf,486,11,0.0
112,112年決算書第一冊.pdf,487,615,0.0
112,112年決算書第一冊.pdf,488,509,0.0
112,112年決算書第一冊.pdf,489,519,0.0
112,112年決算書第一冊.pdf,490,145,0.0
112,112年決算書第一冊.pdf,491,780,0.0
112,112年決算書第一冊.pdf,492,445,0.0
112,112年決算書第一冊.pdf,493,109,0.0
112,112年決算書第一冊.pdf,494,258,0.0
112,112年決算書第一冊.pdf,495,1262,0.0
112,112年決算書第一冊.pdf,496,291,0.0
112,112年決算書第一冊.pdf,497,1634,0.0
112,112年決算書第一冊.pdf,498,963,0.0
112,112年決算書第一冊.pdf,499,259,0.0
112,112年決算書第一冊.pdf,500,141,0.0
112,112年決算書第一冊.pdf,501,1553,0.0
112,112年決算書第一冊.pdf,502,476,0.0
112,112年決算書第一冊.pdf,503,984,0.0
112,112年決算書第一冊.pdf,504,0,0.0
112,112年決算書第一冊.pdf,505,0,0.0
112,112年決算書第一冊.pdf,506,95,0.0
112,112年決算書第一冊.pdf,507,0,0.0
112,112年決算書第一冊.pdf,508,709,0.0
112,112年決算書第一冊.pdf,509,0,0.0
112,112年決算書第一冊.pdf,510,813,0.0
112,112年決算書第一冊.pdf,511,772,0.0
112,112年決算書第一冊.pdf,512,886,0.0
112,112年決算書第一冊.pdf,513,409,0.0
112,112年決算書第一冊.pdf,514,1326,0.0
112,112年決算書第一冊.pdf,515,705,0.0
112,112年決算書第一冊.pdf,516,1352,0.0
112,112年決算書第一冊.pdf,517,382,0.0
112,112年決算書第一冊.pdf,518,11,0.0
112,112年決算書第一冊.pdf,519,656,0.0
112,112年決算書第一冊.pdf,520,573,0.0
112,112年決算書第一冊.pdf,521,575,0.0
112,112年決算書第一冊.pdf,522,129,0.0
112,112年決算書第一冊.pdf,523,712,0.0
112,112年決算書第一冊.pdf,524,468,0.0
112,112年決算書第一冊.pdf,525,93,0.0
112,112年決算書第一冊.pdf,526,323,0.0
112,112年決算書第一冊.pdf,527,1379,0.0
112,112年決算書第一冊.pdf,528,248,0.0
112,112年決算書第一冊.pdf,529,1810,1.0
112,112年決算書第一冊.pdf,530,1266,1.0
112,112年決算書第一冊.pdf,531,640,1.0
112,112年決算書第一冊.pdf,532,188,1.0
112,112年決算書第一冊.pdf,533,1493,0.0
112,112年決算書第一冊.pdf,534,483,0.0
112,112年決算書第一冊.pdf,535,932,0.0
112,112年決算書第一冊.pdf,536,0,0.0
112,112年決算書第一冊.pdf,537,0,0.0
112,112年決算書第一冊.pdf,538,95,0.0
112,112年決算書第一冊.pdf,539,0,0.0
112,112年決算書第一冊.pdf,540,707,0.0
112,112年決算書第一冊.pdf,541,0,0.0
112,112年決算書第一冊.pdf,542,813,0.0
112,112年決算書第一冊.pdf,543,830,0.0
112,112年決算書第一冊.pdf,544,742,0.0
112,112年決算書第一冊.pdf,545,1260,0.0
112,112年決算書第一冊.pdf,546,634,0.0
112,112年決算書第一冊.pdf,547,1285,0.0
112,112年決算書第一冊.pdf,548,362,0.0
112,112年決算書第一冊.pdf,549,687,0.0
112,112年決算書第一冊.pdf,550,245,0.0
112,112年決算書第一冊.pdf,551,395,0.0
112,112年決算書第一冊.pdf,552,185,0.0
112,112年決算書第一冊.pdf,553,712,0.0
112,112年決算書第一冊.pdf,554,463,0.0
112,112年決算書第一冊.pdf,555,93,0.0
112,112年決算書第一冊.pdf,556,344,0.0
112,112年決算書第一冊.pdf,557,1244,0.0
112,112年決算書第一冊.pdf,558,387,0.0
112,112年決算書第一冊.pdf,559,1604,0.0
112,112年決算書第一冊.pdf,560,897,0.0
112,112年決算書第一冊.pdf,561,293,0.0
112,112年決算書第一冊.pdf,562,183,0.0
112,112年決算書第一冊.pdf,563,1596,0.0
112,112年決算書第一冊.pdf,564,474,0.0
112,112年決算書第一冊.pdf,565,913,0.0
112,112年決算書第一冊.pdf,566,0,0.0
112,112年決算書第一冊.pdf,567,0,0.0
112,112年決算書第一冊.pdf,568,95,0.0
112,112年決算書第一冊.pdf,569,0,0.0
112,112年決算書第一冊.pdf,570,709,0.0
112,112年決算書第一冊.pdf,571,0,0.0
112,112年決算書第一冊.pdf,572,789,0.0
112,112年決算書第一冊.pdf,573,808,0.0
112,112年決算書第一冊.pdf,574,824,0.0
112,112年決算書第一冊.pdf,575,242,0.0
112,112年決算書第一冊.pdf,576,1288,0.0
112,112年決算書第一冊.pdf,577,704,0.0
112,112年決算書第一冊.pdf,578,1311,0.0
112,112年決算書第一冊.pdf,579,515,0.0
112,112年決算書第一冊.pdf,580,11,0.0
112,112年決算書第一冊.pdf,581,782,0.0
112,112年決算書第一冊.pdf,582,267,0.0
112,112年決算書第一冊.pdf,583,483,0.0
112,112年決算書第一冊.pdf,584,172,0.0
112,112年決算書第一冊.pdf,585,814,0.0
112,112年決算書第一冊.pdf,586,452,0.0
112,112年決算書第一冊.pdf,587,105,0.0
112,112年決算書第一冊.pdf,588,256,0.0
112,112年決算書第一冊.pdf,589,1398,0.0
112,112年決算書第一冊.pdf,590,294,0.0
112,112年決算書第一冊.pdf,591,1815,1.0
112,112年決算書第一冊.pdf,592,1062,1.0
112,112年決算書第一冊.pdf,593,247,1.0
112,112年決算書第一冊.pdf,594,176,1.0
112,112年決算書第一冊.pdf,595,1562,0.0
112,112年決算書第一冊.pdf,596,473,0.0
112,112年決算書第一冊.pdf,597,945,0.0
112,112年決算書第一冊.pdf,598,0,0.0
112,112年決算書第一冊.pdf,599,0,0.0
112,112年決算書第一冊.pdf,600,95,0.0
112,112年決算書第一冊.pdf,601,0,0.0
112,112年決算書第一冊.pdf,602,707,0.0
112,112年決算書第一冊.pdf,603,0,0.0
112,112年決算書第一冊.pdf,604,788,0.0
112,112年決算書第一冊.pdf,605,774,0.0
112,112年決算書第一冊.pdf,606,783,0.0
112,112年決算書第一冊.pdf,607,1375,0.0
112,112年決算書第一冊.pdf,608,710,0.0
112,112年決算書第一冊.pdf,609,1249,0.0
112,112年決算書第一冊.pdf,610,531,0.0
112,112年決算書第一冊.pdf,611,790,0.0
112,112年決算書第一冊.pdf,612,290,0.0
112,112年決算書第一冊.pdf,613,504,0.0
112,112年決算書第一冊.pdf,614,150,0.0
112,112年決算書第一冊.pdf,615,805,0.0
112,112年決算書第一冊.pdf,616,476,0.0
112,112年決算書第一冊.pdf,617,111,0.0
112,112年決算書第一冊.pdf,618,266,0.0
112,112年決算書第一冊.pdf,619,1383,0.0
112,112年決算書第一冊.pdf,620,270,0.0
112,112年決算書第一冊.pdf,621,1684,0.0
112,112年決算書第一冊.pdf,622,942,0.0
112,112年決算書第一冊.pdf,623,407,0.0
112,112年決算書第一冊.pdf,624,140,0.0
112,112年決算書第一冊.pdf,625,1572,0.0
112,112年決算書第一冊.pdf,626,471,0.0
112,112年決算書第一冊.pdf,627,980,0.0
112,112年決算書第一冊.pdf,628,0,0.0
112,112年決算書第一冊.pdf,629,0,0.0
112,112年決算書第一冊.pdf,630,95,0.0
112,112年決算書第一冊.pdf,631,0,0.0
112,112年決算書第一冊.pdf,632,707,0.0
112,112年決算書第一冊.pdf,633,0,0.0
112,112年決算書第一冊.pdf,634,803,0.0
112,112年決算書第一冊.pdf,635,823,0.0
112,112年決算書第一冊.pdf,636,797,0.0
112,112年決算書第一冊.pdf,637,1344,0.0
112,112年決算書第一冊.pdf,638,766,0.0
112,112年決算書第一冊.pdf,639,1329,0.0
112,112年決算書第一冊.pdf,640,285,0.0
112,112年決算書第一冊.pdf,641,550,0.0
112,112年決算書第一冊.pdf,642,473,0.0
112,112年決算書第一冊.pdf,643,494,0.0
112,112年決算書第一冊.pdf,644,154,0.0
112,112年決算書第一冊.pdf,645,783,0.0
112,112年決算書第一冊.pdf,646,465,0.0
112,112年決算書第一冊.pdf,647,93,0.0
112,112年決算書第一冊.pdf,648,273,0.0
112,112年決算書第一冊.pdf,649,1206,0.0
112,112年決算書第一冊.pdf,650,298,0.0
112,112年決算書第一冊.pdf,651,1730,0.0
112,112年決算書第一冊.pdf,652,976,0.0
112,112年決算書第一冊.pdf,653,329,0.0
112,112年決算書第一冊.pdf,654,140,0.0
112,112年決算書第一冊.pdf,655,1597,0.0
112,112年決算書第一冊.pdf,656,481,0.0
112,112年決算書第一冊.pdf,657,946,0.0
112,112年決算書第一冊.pdf,658,0,0.0
112,112年決算書第一冊.pdf,659,0,0.0
112,112年決算書第一冊.pdf,660,95,0.0
112,112年決算書第一冊.pdf,661,0,0.0
112,112年決算書第一冊.pdf,662,707,0.0
112,112年決算書第一冊.pdf,663,0,0.0
112,112年決算書第一冊.pdf,664,773,0.0
112,112年決算書第一冊.pdf,665,810,0.0
112,112年決算書第一冊.pdf,666,794,0.0
112,112年決算書第一冊.pdf,667,1259,0.0
112,112年決算書第一冊.pdf,668,690,0.0
112,112年決算書第一冊.pdf,669,1280,0.0
112,112年決算書第一冊.pdf,670,270,0.0
112,112年決算書第一冊.pdf,671,680,0.0
112,112年決算書第一冊.pdf,672,262,0.0
112,112年決算書第一冊.pdf,673,373,0.0
112,112年決算書第一冊.pdf,674,217,0.0
112,112年決算書第一冊.pdf,675,714,0.0
112,112年決算書第一冊.pdf,676,460,0.0
112,112年決算書第一冊.pdf,677,93,0.0
112,112年決算書第一冊.pdf,678,261,0.0
112,112年決算書第一冊.pdf,679,1240,0.0
112,112年決算書第一冊.pdf,680,285,0.0
112,112年決算書第一冊.pdf,681,1648,0.0
112,112年決算書第一冊.pdf,682,960,0.0
112,112年決算書第一冊.pdf,683,257,0.0
112,112年決算書第一冊.pdf,684,152,0.0
112,112年決算書第一冊.pdf,685,1503,0.0
112,112年決算書第一冊.pdf,686,521,0.0
112,112年決算書第一冊.pdf,687,932,0.0
112,112年決算書第一冊.pdf,688,0,0.0
112,112年決算書第一冊.pdf,689,0,0.0
112,112年決算書第一冊.pdf,690,95,0.0
112,112年決算書第一冊.pdf,691,0,0.0
112,112年決算書第一冊.pdf,692,707,0.0
112,112年決算書第一冊.pdf,693,0,0.0
112,112年決算書第一冊.pdf,694,760,0.0
112,112年決算書第一冊.pdf,695,793,0.0
112,112年決算書第一冊.pdf,696,828,0.0
112,112年決算書第一冊.pdf,697,1690,1.0
112,112年決算書第一冊.pdf,698,729,0.0
112,112年決算書第一冊.pdf,699,1293,0.0
112,112年決算書第一冊.pdf,700,534,0.0
112,112年決算書第一冊.pdf,701,517,0.0
112,112年決算書第一冊.pdf,702,622,0.0
112,112年決算書第一冊.pdf,703,546,0.0
112,112年決算書第一冊.pdf,704,124,0.0
112,112年決算書第一冊.pdf,705,727,0.0
112,112年決算書第一冊.pdf,706,471,0.0
112,112年決算書第一冊.pdf,707,93,0.0
112,112年決算書第一冊.pdf,708,320,0.0
112,112年決算書第一冊.pdf,709,1471,0.0
112,112年決算書第一冊.pdf,710,286,0.0
112,112年決算書第一冊.pdf,711,1622,0.0
112,112年決算書第一冊.pdf,712,863,0.0
112,112年決算書第一冊.pdf,713,220,0.0
112,112年決算書第一冊.pdf,714,149,0.0
112,112年決算書第一冊.pdf,715,1666,0.0
112,112年決算書第一冊.pdf,716,477,0.0
112,112年決算書第一冊.pdf,717,983,0.0
112,112年決算書第一冊.pdf,718,0,0.0
112,112年決算書第一冊.pdf,719,0,0.0
112,112年決算書第一冊.pdf,720,95,0.0
112,112年決算書第一冊.pdf,721,0,0.0
112,112年決算書第一冊.pdf,722,709,0.0
112,112年決算書第一冊.pdf,723,0,0.0
112,112年決算書第一冊.pdf,724,781,0.0
112,112年決算書第一冊.pdf,725,731,0.0
112,112年決算書第一冊.pdf,726,823,0.0
112,112年決算書第一冊.pdf,727,87,0.0
112,112年決算書第一冊.pdf,728,1418,0.0
112,112年決算書第一冊.pdf,729,842,0.0
112,112年決算書第一冊.pdf,730,1289,0.0
112,112年決算書第一冊.pdf,731,432,0.0
112,112年決算書第一冊.pdf,732,11,0.0
112,112年決算書第一冊.pdf,733,751,0.0
112,112年決算書第一冊.pdf,734,274,0.0
112,112年決算書第一冊.pdf,735,444,0.0
112,112年決算書第一冊.pdf,736,128,0.0
112,112年決算書第一冊.pdf,737,708,0.0
112,112年決算書第一冊.pdf,738,462,0.0
112,112年決算書第一冊.pdf,739,93,0.0
112,112年決算書第一冊.pdf,740,305,0.0
112,112年決算書第一冊.pdf,741,1366,0.0
112,112年決算書第一冊.pdf,742,309,0.0
112,112年決算書第一冊.pdf,743,1764,1.0
112,112年決算書第一冊.pdf,744,985,1.0
112,112年決算書第一冊.pdf,745,256,1.0
112,112年決算書第一冊.pdf,746,180,1.0
112,112年決算書第一冊.pdf,747,1656,0.0
112,112年決算書第一冊.pdf,748,475,0.0
112,112年決算書第一冊.pdf,749,958,0.0
112,112年決算書第一冊.pdf,750,0,0.0
112,112年決算書第一冊.pdf,751,0,0.0
112,112年決算書第二冊.pdf,0,1276,0.0
112,112年決算書第二冊.pdf,1,1208,0.0
112,112年決算書第二冊.pdf,2,95,0.0
112,112年決算書第二冊.pdf,3,0,0.0
112,112年決算書第二冊.pdf,4,709,0.0
112,112年決算書第二冊.pdf,5,0,0.0
112,112年決算書第二冊.pdf,6,766,0.0
112,112年決算書第二冊.pdf,7,809,0.0
112,112年決算書第二冊.pdf,8,805,0.0
112,112年決算書第二冊.pdf,9,122,0.0
112,112年決算書第二冊.pdf,10,1483,0.0
112,112年決算書第二冊.pdf,11,827,0.0
112,112年決算書第二冊.pdf,12,1296,0.0
112,112年決算書第二冊.pdf,13,479,0.0
112,112年決算書第二冊.pdf,14,11,0.0
112,112年決算書第二冊.pdf,15,532,0.0
112,112年決算書第二冊.pdf,16,599,0.0
112,112年決算書第二冊.pdf,17,546,0.0
112,112年決算書第二冊.pdf,18,118,0.0
112,112年決算書第二冊.pdf,19,673,0.0
112,112年決算書第二冊.pdf,20,456,0.0
112,112年決算書第二冊.pdf,21,103,0.0
112,112年決算書第二冊.pdf,22,318,0.0
112,112年決算書第二冊.pdf,23,1453,0.0
112,112年決算書第二冊.pdf,24,276,0.0
112,112年決算書第二冊.pdf,25,1609,0.0
112,112年決算書第二冊.pdf,26,849,0.0
112,112年決算書第二冊.pdf,27,1586,0.0
112,112年決算書第二冊.pdf,28,471,0.0
112,112年決算書第二冊.pdf,29,950,0.0
112,112年決算書第二冊.pdf,30,0,0.0
112,112年決算書第二冊.pdf,31,0,0.0
112,112年決算書第二冊.pdf,32,95,0.0
112,112年決算書第二冊.pdf,33,0,0.0
112,112年決算書第二冊.pdf,34,709,0.0
112,112年決算書第二冊.pdf,35,0,0.0
112,112年決算書第二冊.pdf,36,806,0.0
112,112年決算書第二冊.pdf,37,809,0.0
112,112年決算書第二冊.pdf,38,805,0.0
112,112年決算書第二冊.pdf,39,122,0.0
112,112年決算書第二冊.pdf,40,1502,0.0
112,112年決算書第二冊.pdf,41,876,0.0
112,112年決算書第二冊.pdf,42,1307,0.0
112,112年決算書第二冊.pdf,43,314,0.0
112,112年決算書第二冊.pdf,44,11,0.0
112,112年決算書第二冊.pdf,45,822,0.0
112,112年決算書第二冊.pdf,46,275,0.0
112,112年決算書第二冊.pdf,47,488,0.0
112,112年決算書第二冊.pdf,48,131,0.0
112,112年決算書第二冊.pdf,49,709,0.0
112,112年決算書第二冊.pdf,50,458,0.0
112,112年決算書第二冊.pdf,51,93,0.0
112,112年決算書第二冊.pdf,52,262,0.0
112,112年決算書第二冊.pdf,53,1331,0.0
112,112年決算書第二冊.pdf,54,308,0.0
112,112年決算書第二冊.pdf,55,1587,0.0
112,112年決算書第二冊.pdf,56,974,0.0
112,112年決算書第二冊.pdf,57,314,0.0
112,112年決算書第二冊.pdf,58,146,0.0
112,112年決算書第二冊.pdf,59,0,0.0
112,112年決算書第二冊.pdf,60,475,0.0
112,112年決算書第二冊.pdf,61,970,0.0
112,112年決算書第二冊.pdf,62,0,0.0
112,112年決算書第二冊.pdf,63,0,0.0
112,112年決算書第二冊.pdf,64,95,0.0
112,112年決算書第二冊.pdf,65,0,0.0
112,112年決算書第二冊.pdf,66,709,0.0
112,112年決算書第二冊.pdf,67,0,0.0
112,112年決算書第二冊.pdf,68,817,0.0
112,112年決算書第二冊.pdf,69,866,0.0
112,112年決算書第二冊.pdf,70,805,0.0
112,112年決算書第二冊.pdf,71,186,0.0
112,112年決算書第二冊.pdf,72,1379,0.0
112,112年決算書第二冊.pdf,73,717,0.0
112,112年決算書第二冊.pdf,74,1284,0.0
112,112年決算書第二冊.pdf,75,327,0.0
112,112年決算書第二冊.pdf,76,11,0.0
112,112年決算書第二冊.pdf,77,517,0.0
112,112年決算書第二冊.pdf,78,479,0.0
112,112年決算書第二冊.pdf,79,482,0.0
112,112年決算書第二冊.pdf,80,108,0.0
112,112年決算書第二冊.pdf,81,604,0.0
112,112年決算書第二冊.pdf,82,392,0.0
112,112年決算書第二冊.pdf,83,93,0.0
112,112年決算書第二冊.pdf,84,365,0.0
112,112年決算書第二冊.pdf,85,1234,0.0
112,112年決算書第二冊.pdf,86,245,0.0
112,112年決算書第二冊.pdf,87,1400,0.0
112,112年決算書第二冊.pdf,88,807,0.0
112,112年決算書第二冊.pdf,89,1612,0.0
112,112年決算書第二冊.pdf,90,475,0.0
112,112年決算書第二冊.pdf,91,950,0.0
112,112年決算書第二冊.pdf,92,0,0.0
112,112年決算書第二冊.pdf,93,0,0.0
112,112年決算書第二冊.pdf,94,95,0.0
112,112年決算書第二冊.pdf,95,0,0.0
112,112年決算書第二冊.pdf,96,709,0.0
112,112年決算書第二冊.pdf,97,0,0.0
112,112年決算書第二冊.pdf,98,779,0.0
112,112年決算書第二冊.pdf,99,758,0.0
112,112年決算書第二冊.pdf,100,880,0.0
112,112年決算書第二冊.pdf,101,457,0.0
112,112年決算書第二冊.pdf,102,1408,0.0
112,112年決算書第二冊.pdf,103,771,0.0
112,112年決算書第二冊.pdf,104,1297,0.0
112,112年決算書第二冊.pdf,105,395,0.0
112,112年決算書第二冊.pdf,106,11,0.0
112,112年決算書第二冊.pdf,107,854,0.0
112,112年決算書第二冊.pdf,108,290,0.0
112,112年決算書第二冊.pdf,109,589,0.0
112,112年決算書第二冊.pdf,110,156,0.0
112,112年決算書第二冊.pdf,111,681,0.0
112,112年決算書第二冊.pdf,112,461,0.0
112,112年決算書第二冊.pdf,113,93,0.0
112,112年決算書第二冊.pdf,114,368,0.0
112,112年決算書第二冊.pdf,115,1316,0.0
112,112年決算書第二冊.pdf,116,292,0.0
112,112年決算書第二冊.pdf,117,1649,0.0
112,112年決算書第二冊.pdf,118,1087,0.0
112,112年決算書第二冊.pdf,119,354,0.0
112,112年決算書第二冊.pdf,120,149,0.0
112,112年決算書第二冊.pdf,121,1686,0.0
112,112年決算書第二冊.pdf,122,482,0.0
112,112年決算書第二冊.pdf,123,980,0.0
112,112年決算書第二冊.pdf,124,0,0.0
112,112年決算書第二冊.pdf,125,0,0.0
112,112年決算書第二冊.pdf,126,95,0.0
112,112年決算書第二冊.pdf,127,0,0.0
112,112年決算書第二冊.pdf,128,707,0.0
112,112年決算書第二冊.pdf,129,0,0.0
112,112年決算書第二冊.pdf,130,763,0.0
112,112年決算書第二冊.pdf,131,778,0.0
112,112年決算書第二冊.pdf,132,746,0.0
112,112年決算書第二冊.pdf,133,1363,0.0
112,112年決算書第二冊.pdf,134,727,0.0
112,112年決算書第二冊.pdf,135,1309,0.0
112,112年決算書第二冊.pdf,136,244,0.0
112,112年決算書第二冊.pdf,137,603,0.0
112,112年決算書第二冊.pdf,138,567,0.0
112,112年決算書第二冊.pdf,139,497,0.0
112,112年決算書第二冊.pdf,140,118,0.0
112,112年決算書第二冊.pdf,141,672,0.0
112,112年決算書第二冊.pdf,142,460,0.0
112,112年決算書第二冊.pdf,143,93,0.0
112,112年決算書第二冊.pdf,144,263,0.0
112,112年決算書第二冊.pdf,145,1292,0.0
112,112年決算書第二冊.pdf,146,318,0.0
112,112年決算書第二冊.pdf,147,1723,1.0
112,112年決算書第二冊.pdf,148,948,1.0
112,112年決算書第二冊.pdf,149,310,1.0
112,112年決算書第二冊.pdf,150,183,1.0
112,112年決算書第二冊.pdf,151,1598,0.0
112,112年決算書第二冊.pdf,152,474,0.0
112,112年決算書第二冊.pdf,153,943,0.0
112,112年決算書第二冊.pdf,154,0,0.0
112,112年決算書第二冊.pdf,155,0,0.0
112,112年決算書第二冊.pdf,156,95,0.0
112,112年決算書第二冊.pdf,157,0,0.0
112,112年決算書第二冊.pdf,158,707,0.0
112,112年決算書第二冊.pdf,159,0,0.0
112,112年決算書第二冊.pdf,160,766,0.0
112,112年決算書第二冊.pdf,161,728,0.0
112,112年決算書第二冊.pdf,162,780,0.0
112,112年決算書第二冊.pdf,163,1265,0.0
112,112年決算書第二冊.pdf,164,622,0.0
112,112年決算書第二冊.pdf,165,1311,0.0
112,112年決算書第二冊.pdf,166,182,0.0
112,112年決算書第二冊.pdf,167,849,0.0
112,112年決算書第二冊.pdf,168,280,0.0
112,112年決算書第二冊.pdf,169,452,0.0
112,112年決算書第二冊.pdf,170,124,0.0
112,112年決算書第二冊.pdf,171,701,0.0
112,112年決算書第二冊.pdf,172,443,0.0
112,112年決算書第二冊.pdf,173,93,0.0
112,112年決算書第二冊.pdf,174,254,0.0
112,112年決算書第二冊.pdf,175,1183,0.0
112,112年決算書第二冊.pdf,176,271,0.0
112,112年決算書第二冊.pdf,177,0,0.0
112,112年決算書第二冊.pdf,178,0,0.0
112,112年決算書第二冊.pdf,179,0,0.0
112,112年決算書第二冊.pdf,180,0,0.0
112,112年決算書第二冊.pdf,181,1557,0.0
112,112年決算書第二冊.pdf,182,475,0.0
112,112年決算書第二冊.pdf,183,955,0.0
112,112年決算書第二冊.pdf,184,0,0.0
112,112年決算書第二冊.pdf,185,0,0.0
112,112年決算書第二冊.pdf,186,95,0.0
112,112年決算書第二冊.pdf,187,0,0.0
112,112年決算書第二冊.pdf,188,707,0.0
112,112年決算書第二冊.pdf,189,0,0.0
112,112年決算書第二冊.pdf,190,756,0.0
112,112年決算書第二冊.pdf,191,798,0.0
112,112年決算書第二冊.pdf,192,724,0.0
112,112年決算書第二冊.pdf,193,1492,1.0
112,112年決算書第二冊.pdf,194,816,1.0
112,112年決算書第二冊.pdf,195,1232,0.0
112,112年決算書第二冊.pdf,196,258,0.0
112,112年決算書第二冊.pdf,197,776,0.0
112,112年決算書第二冊.pdf,198,343,1.0
112,112年決算書第二冊.pdf,199,493,1.0
112,112年決算書第二冊.pdf,200,169,0.0
112,112年決算書第二冊.pdf,201,611,0.0
112,112年決算書第二冊.pdf,202,479,1.0
112,112年決算書第二冊.pdf,203,93,0.0
112,112年決算書第二冊.pdf,204,259,0.0
112,112年決算書第二冊.pdf,205,1344,1.0
112,112年決算書第二冊.pdf,206,286,1.0
112,112年決算書第二冊.pdf,207,1863,1.0
112,112年決算書第二冊.pdf,208,1005,1.0
112,112年決算書第二冊.pdf,209,238,1.0
112,112年決算書第二冊.pdf,210,174,1.0
112,112年決算書第二冊.pdf,211,1693,1.0
112,112年決算書第二冊.pdf,212,470,0.0
112,112年決算書第二冊.pdf,213,961,1.0
112,112年決算書第二冊.pdf,214,0,0.0
112,112年決算書第二冊.pdf,215,0,0.0
112,112年決算書第二冊.pdf,216,91,0.0
112,112年決算書第二冊.pdf,217,0,0.0
112,112年決算書第二冊.pdf,218,705,0.0
112,112年決算書第二冊.pdf,219,0,0.0
112,112年決算書第二冊.pdf,220,790,0.0
112,112年決算書第二冊.pdf,221,822,0.0
112,112年決算書第二冊.pdf,222,220,0.0
112,112年決算書第二冊.pdf,223,981,0.0
112,112年決算書第二冊.pdf,224,420,0.0
112,112年決算書第二冊.pdf,225,1299,0.0
112,112年決算書第二冊.pdf,226,226,0.0
112,112年決算書第二冊.pdf,227,522,0.0
112,112年決算書第二冊.pdf,228,214,0.0
112,112年決算書第二冊.pdf,229,355,0.0
112,112年決算書第二冊.pdf,230,142,0.0
112,112年決算書第二冊.pdf,231,755,0.0
112,112年決算書第二冊.pdf,232,407,0.0
112,112年決算書第二冊.pdf,233,105,0.0
112,112年決算書第二冊.pdf,234,201,0.0
112,112年決算書第二冊.pdf,235,1226,0.0
112,112年決算書第二冊.pdf,236,277,0.0
112,112年決算書第二冊.pdf,237,1532,0.0
112,112年決算書第二冊.pdf,238,889,0.0
112,112年決算書第二冊.pdf,239,272,0.0
112,112年決算書第二冊.pdf,240,113,0.0
112,112年決算書第二冊.pdf,241,1342,0.0
112,112年決算書第二冊.pdf,242,462,0.0
112,112年決算書第二冊.pdf,243,824,0.0
112,112年決算書第二冊.pdf,244,0,0.0
112,112年決算書第二冊.pdf,245,0,0.0
112,112年決算書第二冊.pdf,246,103,0.0
112,112年決算書第二冊.pdf,247,0,0.0
112,112年決算書第二冊.pdf,248,711,0.0
112,112年決算書第二冊.pdf,249,0,0.0
112,112年決算書第二冊.pdf,250,792,0.0
112,112年決算書第二冊.pdf,251,790,0.0
112,112年決算書第二冊.pdf,252,776,0.0
112,112年決算書第二冊.pdf,253,1387,0.0
112,112年決算書第二冊.pdf,254,791,0.0
112,112年決算書第二冊.pdf,255,1288,0.0
112,112年決算書第二冊.pdf,256,466,0.0
112,112年決算書第二冊.pdf,257,731,0.0
112,112年決算書第二冊.pdf,258,629,0.0
112,112年決算書第二冊.pdf,259,573,0.0
112,112年決算書第二冊.pdf,260,151,0.0
112,112年決算書第二冊.pdf,261,768,0.0
112,112年決算書第二冊.pdf,262,455,0.0
112,112年決算書第二冊.pdf,263,184,0.0
112,112年決算書第二冊.pdf,264,312,0.0
112,112年決算書第二冊.pdf,265,1377,0.0
112,112年決算書第二冊.pdf,266,346,0.0
112,112年決算書第二冊.pdf,267,1913,1.0
112,112年決算書第二冊.pdf,268,1111,1.0
112,112年決算書第二冊.pdf,269,467,1.0
112,112年決算書第二冊.pdf,270,183,1.0
112,112年決算書第二冊.pdf,271,1622,0.0
112,112年決算書第二冊.pdf,272,487,0.0
112,112年決算書第二冊.pdf,273,1069,0.0
112,112年決算書第二冊.pdf,274,0,0.0
112,112年決算書第二冊.pdf,275,0,0.0
112,112年決算書第二冊.pdf,276,103,0.0
112,112年決算書第二冊.pdf,277,0,0.0
112,112年決算書第二冊.pdf,278,713,0.0
112,112年決算書第二冊.pdf,279,0,0.0
112,112年決算書第二冊.pdf,280,806,0.0
112,112年決算書第二冊.pdf,281,844,0.0
112,112年決算書第二冊.pdf,282,789,0.0
112,112年決算書第二冊.pdf,283,339,0.0
112,112年決算書第二冊.pdf,284,1532,0.0
112,112年決算書第二冊.pdf,285,813,0.0
112,112年決算書第二冊.pdf,286,1313,0.0
112,112年決算書第二冊.pdf,287,505,0.0
112,112年決算書第二冊.pdf,288,11,0.0
112,112年決算書第二冊.pdf,289,737,0.0
112,112年決算書第二冊.pdf,290,554,0.0
112,112年決算書第二冊.pdf,291,563,0.0
112,112年決算書第二冊.pdf,292,136,0.0
112,112年決算書第二冊.pdf,293,732,0.0
112,112年決算書第二冊.pdf,294,475,0.0
112,112年決算書第二冊.pdf,295,97,0.0
112,112年決算書第二冊.pdf,296,333,0.0
112,112年決算書第二冊.pdf,297,1455,0.0
112,112年決算書第二冊.pdf,298,362,0.0
112,112年決算書第二冊.pdf,299,1887,1.0
112,112年決算書第二冊.pdf,300,969,1.0
112,112年決算書第二冊.pdf,301,361,1.0
112,112年決算書第二冊.pdf,302,177,1.0
112,112年決算書第二冊.pdf,303,1703,0.0
112,112年決算書第二冊.pdf,304,487,0.0
112,112年決算書第二冊.pdf,305,1033,0.0
112,112年決算書第二冊.pdf,306,0,0.0
112,112年決算書第二冊.pdf,307,0,0.0
112,112年決算書第二冊.pdf,308,103,0.0
112,112年決算書第二冊.pdf,309,0,0.0
112,112年決算書第二冊.pdf,310,711,0.0
112,112年決算書第二冊.pdf,311,0,0.0
112,112年決算書第二冊.pdf,312,793,0.0
112,112年決算書第二冊.pdf,313,852,0.0
112,112年決算書第二冊.pdf,314,785,0.0
112,112年決算書第二冊.pdf,315,1332,0.0
112,112年決算書第二冊.pdf,316,752,0.0
112,112年決算書第二冊.pdf,317,1292,0.0
112,112年決算書第二冊.pdf,318,400,0.0
112,112年決算書第二冊.pdf,319,816,0.0
112,112年決算書第二冊.pdf,320,265,0.0
112,112年決算書第二冊.pdf,321,554,0.0
112,112年決算書第二冊.pdf,322,137,0.0
112,112年決算書第二冊.pdf,323,722,0.0
112,112年決算書第二冊.pdf,324,463,0.0
112,112年決算書第二冊.pdf,325,97,0.0
112,112年決算書第二冊.pdf,326,277,0.0
112,112年決算書第二冊.pdf,327,1367,0.0
112,112年決算書第二冊.pdf,328,395,0.0
112,112年決算書第二冊.pdf,329,1578,0.0
112,112年決算書第二冊.pdf,330,1012,0.0
112,112年決算書第二冊.pdf,331,243,0.0
112,112年決算書第二冊.pdf,332,126,0.0
112,112年決算書第二冊.pdf,333,1646,0.0
112,112年決算書第二冊.pdf,334,481,0.0
112,112年決算書第二冊.pdf,335,977,0.0
112,112年決算書第二冊.pdf,336,0,0.0
112,112年決算書第二冊.pdf,337,0,0.0
112,112年決算書第二冊.pdf,338,103,0.0
112,112年決算書第二冊.pdf,339,0,0.0
112,112年決算書第二冊.pdf,340,713,0.0
112,112年決算書第二冊.pdf,341,0,0.0
112,112年決算書第二冊.pdf,342,779,0.0
112,112年決算書第二冊.pdf,343,762,0.0
112,112年決算書第二冊.pdf,344,767,0.0
112,112年決算書第二冊.pdf,345,359,0.0
112,112年決算書第二冊.pdf,346,1466,0.0
112,112年決算書第二冊.pdf,347,821,0.0
112,112年決算書第二冊.pdf,348,1356,0.0
112,112年決算書第二冊.pdf,349,630,0.0
112,112年決算書第二冊.pdf,350,11,0.0
112,112年決算書第二冊.pdf,351,658,0.0
112,112年決算書第二冊.pdf,352,566,0.0
112,112年決算書第二冊.pdf,353,569,0.0
112,112年決算書第二冊.pdf,354,149,0.0
112,112年決算書第二冊.pdf,355,761,0.0
112,112年決算書第二冊.pdf,356,473,0.0
112,112年決算書第二冊.pdf,357,108,0.0
112,112年決算書第二冊.pdf,358,374,0.0
112,112年決算書第二冊.pdf,359,1522,0.0
112,112年決算書第二冊.pdf,360,426,0.0
112,112年決算書第二冊.pdf,361,1670,0.0
112,112年決算書第二冊.pdf,362,1003,0.0
112,112年決算書第二冊.pdf,363,300,0.0
112,112年決算書第二冊.pdf,364,137,0.0
112,112年決算書第二冊.pdf,365,1660,0.0
112,112年決算書第二冊.pdf,366,484,0.0
112,112年決算書第二冊.pdf,367,1023,0.0
112,112年決算書第二冊.pdf,368,0,0.0
112,112年決算書第二冊.pdf,369,0,0.0
112,112年決算書第二冊.pdf,370,103,0.0
112,112年決算書第二冊.pdf,371,0,0.0
112,112年決算書第二冊.pdf,372,713,0.0
112,112年決算書第二冊.pdf,373,0,0.0
112,112年決算書第二冊.pdf,374,786,0.0
112,112年決算書第二冊.pdf,375,785,0.0
112,112年決算書第二冊.pdf,376,850,0.0
112,112年決算書第二冊.pdf,377,95,0.0
112,112年決算書第二冊.pdf,378,1485,0.0
112,112年決算書第二冊.pdf,379,862,0.0
112,112年決算書第二冊.pdf,380,1295,0.0
112,112年決算書第二冊.pdf,381,454,0.0
112,112年決算書第二冊.pdf,382,11,0.0
112,112年決算書第二冊.pdf,383,828,0.0
112,112年決算書第二冊.pdf,384,274,0.0
112,112年決算書第二冊.pdf,385,535,0.0
112,112年決算書第二冊.pdf,386,132,0.0
112,112年決算書第二冊.pdf,387,724,0.0
112,112年決算書第二冊.pdf,388,484,0.0
112,112年決算書第二冊.pdf,389,97,0.0
112,112年決算書第二冊.pdf,390,265,0.0
112,112年決算書第二冊.pdf,391,1461,0.0
112,112年決算書第二冊.pdf,392,398,0.0
112,112年決算書第二冊.pdf,393,1604,0.0
112,112年決算書第二冊.pdf,394,875,0.0
112,112年決算書第二冊.pdf,395,270,0.0
112,112年決算書第二冊.pdf,396,155,0.0
112,112年決算書第二冊.pdf,397,1649,0.0
112,112年決算書第二冊.pdf,398,481,0.0
112,112年決算書第二冊.pdf,399,987,0.0
112,112年決算書第二冊.pdf,400,0,0.0
112,112年決算書第二冊.pdf,401,0,0.0
112,112年決算書第二冊.pdf,402,99,0.0
112,112年決算書第二冊.pdf,403,0,0.0
112,112年決算書第二冊.pdf,404,709,0.0
112,112年決算書第二冊.pdf,405,0,0.0
112,112年決算書第二冊.pdf,406,741,0.0
112,112年決算書第二冊.pdf,407,727,0.0
112,112年決算書第二冊.pdf,408,806,0.0
112,112年決算書第二冊.pdf,409,1164,0.0
112,112年決算書第二冊.pdf,410,625,0.0
112,112年決算書第二冊.pdf,411,1346,0.0
112,112年決算書第二冊.pdf,412,554,0.0
112,112年決算書第二冊.pdf,413,469,0.0
112,112年決算書第二冊.pdf,414,479,0.0
112,112年決算書第二冊.pdf,415,515,0.0
112,112年決算書第二冊.pdf,416,147,0.0
112,112年決算書第二冊.pdf,417,760,0.0
112,112年決算書第二冊.pdf,418,457,0.0
112,112年決算書第二冊.pdf,419,124,0.0
112,112年決算書第二冊.pdf,420,352,0.0
112,112年決算書第二冊.pdf,421,1459,0.0
112,112年決算書第二冊.pdf,422,309,0.0
112,112年決算書第二冊.pdf,423,1540,0.0
112,112年決算書第二冊.pdf,424,1010,0.0
112,112年決算書第二冊.pdf,425,259,0.0
112,112年決算書第二冊.pdf,426,147,0.0
112,112年決算書第二冊.pdf,427,1438,0.0
112,112年決算書第二冊.pdf,428,478,0.0
112,112年決算書第二冊.pdf,429,940,0.0
112,112年決算書第二冊.pdf,430,0,0.0
112,112年決算書第二冊.pdf,431,0,0.0
112,112年決算書第二冊.pdf,432,107,0.0
112,112年決算書第二冊.pdf,433,0,0.0
112,112年決算書第二冊.pdf,434,715,0.0
112,112年決算書第二冊.pdf,435,0,0.0
112,112年決算書第二冊.pdf,436,751,0.0
112,112年決算書第二冊.pdf,437,817,0.0
112,112年決算書第二冊.pdf,438,815,0.0
112,112年決算書第二冊.pdf,439,93,0.0
112,112年決算書第二冊.pdf,440,1281,0.0
112,112年決算書第二冊.pdf,441,701,0.0
112,112年決算書第二冊.pdf,442,1271,0.0
112,112年決算書第二冊.pdf,443,476,0.0
112,112年決算書第二冊.pdf,444,11,0.0
112,112年決算書第二冊.pdf,445,611,0.0
112,112年決算書第二冊.pdf,446,479,0.0
112,112年決算書第二冊.pdf,447,497,0.0
112,112年決算書第二冊.pdf,448,148,0.0
112,112年決算書第二冊.pdf,449,756,0.0
112,112年決算書第二冊.pdf,450,467,0.0
112,112年決算書第二冊.pdf,451,99,0.0
112,112年決算書第二冊.pdf,452,372,0.0
112,112年決算書第二冊.pdf,453,1296,0.0
112,112年決算書第二冊.pdf,454,269,0.0
112,112年決算書第二冊.pdf,455,1650,0.0
112,112年決算書第二冊.pdf,456,1053,0.0
112,112年決算書第二冊.pdf,457,518,0.0
112,112年決算書第二冊.pdf,458,143,0.0
112,112年決算書第二冊.pdf,459,1530,0.0
112,112年決算書第二冊.pdf,460,489,0.0
112,112年決算書第二冊.pdf,461,982,0.0
112,112年決算書第二冊.pdf,462,0,0.0
112,112年決算書第二冊.pdf,463,0,0.0
112,112年決算書第二冊.pdf,464,95,0.0
112,112年決算書第二冊.pdf,465,0,0.0
112,112年決算書第二冊.pdf,466,707,0.0
112,112年決算書第二冊.pdf,467,0,0.0
112,112年決算書第二冊.pdf,468,753,0.0
112,112年決算書第二冊.pdf,469,786,0.0
112,112年決算書第二冊.pdf,470,625,0.0
112,112年決算書第二冊.pdf,471,1420,1.0
112,112年決算書第二冊.pdf,472,586,0.0
112,112年決算書第二冊.pdf,473,1282,0.0
112,112年決算書第二冊.pdf,474,292,0.0
112,112年決算書第二冊.pdf,475,660,0.0
112,112年決算書第二冊.pdf,476,266,0.0
112,112年決算書第二冊.pdf,477,368,0.0
112,112年決算書第二冊.pdf,478,149,0.0
112,112年決算書第二冊.pdf,479,763,0.0
112,112年決算書第二冊.pdf,480,443,0.0
112,112年決算書第二冊.pdf,481,113,0.0
112,112年決算書第二冊.pdf,482,207,0.0
112,112年決算書第二冊.pdf,483,1263,0.0
112,112年決算書第二冊.pdf,484,261,0.0
112,112年決算書第二冊.pdf,485,1672,0.0
112,112年決算書第二冊.pdf,486,1047,0.0
112,112年決算書第二冊.pdf,487,264,0.0
112,112年決算書第二冊.pdf,488,160,0.0
112,112年決算書第二冊.pdf,489,1427,0.0
112,112年決算書第二冊.pdf,490,470,0.0
112,112年決算書第二冊.pdf,491,864,0.0
112,112年決算書第二冊.pdf,492,0,0.0
112,112年決算書第二冊.pdf,493,0,0.0
112,112年決算書第二冊.pdf,494,95,0.0
112,112年決算書第二冊.pdf,495,0,0.0
112,112年決算書第二冊.pdf,496,709,0.0
112,112年決算書第二冊.pdf,497,0,0.0
112,112年決算書第二冊.pdf,498,811,0.0
112,112年決算書第二冊.pdf,499,808,0.0
112,112年決算書第二冊.pdf,500,879,0.0
112,112年決算書第二冊.pdf,501,454,0.0
112,112年決算書第二冊.pdf,502,1197,0.0
112,112年決算書第二冊.pdf,503,656,0.0
112,112年決算書第二冊.pdf,504,1243,0.0
112,112年決算書第二冊.pdf,505,572,0.0
112,112年決算書第二冊.pdf,506,11,0.0
112,112年決算書第二冊.pdf,507,720,0.0
112,112年決算書第二冊.pdf,508,258,0.0
112,112年決算書第二冊.pdf,509,430,0.0
112,112年決算書第二冊.pdf,510,162,0.0
112,112年決算書第二冊.pdf,511,817,0.0
112,112年決算書第二冊.pdf,512,459,0.0
112,112年決算書第二冊.pdf,513,105,0.0
112,112年決算書第二冊.pdf,514,380,0.0
112,112年決算書第二冊.pdf,515,1315,0.0
112,112年決算書第二冊.pdf,516,260,0.0
112,112年決算書第二冊.pdf,517,0,0.0
112,112年決算書第二冊.pdf,518,0,0.0
112,112年決算書第二冊.pdf,519,0,0.0
112,112年決算書第二冊.pdf,520,0,0.0
112,112年決算書第二冊.pdf,521,1512,0.0
112,112年決算書第二冊.pdf,522,473,0.0
112,112年決算書第二冊.pdf,523,956,0.0
112,112年決算書第二冊.pdf,524,0,0.0
112,112年決算書第二冊.pdf,525,0,0.0
112,112年決算書第二冊.pdf,526,95,0.0
112,112年決算書第二冊.pdf,527,0,0.0
112,112年決算書第二冊.pdf,528,707,0.0
112,112年決算書第二冊.pdf,529,0,0.0
112,112年決算書第二冊.pdf,530,216,0.0
112,112年決算書第二冊.pdf,531,342,0.0
112,112年決算書第二冊.pdf,532,89,0.0
112,112年決算書第二冊.pdf,533,1028,0.0
112,112年決算書第二冊.pdf,534,465,0.0
112,112年決算書第二冊.pdf,535,1244,0.0
112,112年決算書第二冊.pdf,536,294,0.0
112,112年決算書第二冊.pdf,537,614,0.0
112,112年決算書第二冊.pdf,538,222,0.0
112,112年決算書第二冊.pdf,539,450,0.0
112,112年決算書第二冊.pdf,540,113,0.0
112,112年決算書第二冊.pdf,541,630,0.0
112,112年決算書第二冊.pdf,542,383,0.0
112,112年決算書第二冊.pdf,543,105,0.0
112,112年決算書第二冊.pdf,544,293,0.0
112,112年決算書第二冊.pdf,545,1226,0.0
112,112年決算書第二冊.pdf,546,223,0.0
112,112年決算書第二冊.pdf,547,1787,1.0
112,112年決算書第二冊.pdf,548,1002,1.0
112,112年決算書第二冊.pdf,549,358,1.0
112,112年決算書第二冊.pdf,550,191,1.0
112,112年決算書第二冊.pdf,551,1361,0.0
112,112年決算書第二冊.pdf,552,466,0.0
112,112年決算書第二冊.pdf,553,800,0.0
112,112年決算書第二冊.pdf,554,0,0.0
112,112年決算書第二冊.pdf,555,0,0.0
112,112年決算書第二冊.pdf,556,95,0.0
112,112年決算書第二冊.pdf,557,0,0.0
112,112年決算書第二冊.pdf,558,709,0.0
112,112年決算書第二冊.pdf,559,0,0.0
112,112年決算書第二冊.pdf,560,755,0.0
112,112年決算書第二冊.pdf,561,813,0.0
112,112年決算書第二冊.pdf,562,833,0.0
112,112年決算書第二冊.pdf,563,91,0.0
112,112年決算書第二冊.pdf,564,1283,0.0
112,112年決算書第二冊.pdf,565,788,0.0
112,112年決算書第二冊.pdf,566,1311,0.0
112,112年決算書第二冊.pdf,567,350,0.0
112,112年決算書第二冊.pdf,568,11,0.0
112,112年決算書第二冊.pdf,569,784,0.0
112,112年決算書第二冊.pdf,570,265,0.0
112,112年決算書第二冊.pdf,571,419,0.0
112,112年決算書第二冊.pdf,572,147,0.0
112,112年決算書第二冊.pdf,573,744,0.0
112,112年決算書第二冊.pdf,574,453,0.0
112,112年決算書第二冊.pdf,575,111,0.0
112,112年決算書第二冊.pdf,576,310,0.0
112,112年決算書第二冊.pdf,577,1282,0.0
112,112年決算書第二冊.pdf,578,242,0.0
112,112年決算書第二冊.pdf,579,1629,0.0
112,112年決算書第二冊.pdf,580,954,0.0
112,112年決算書第二冊.pdf,581,460,0.0
112,112年決算書第二冊.pdf,582,153,0.0
112,112年決算書第二冊.pdf,583,1568,0.0
112,112年決算書第二冊.pdf,584,477,0.0
112,112年決算書第二冊.pdf,585,993,0.0
112,112年決算書第二冊.pdf,586,0,0.0
112,112年決算書第二冊.pdf,587,0,0.0
112,112年決算書第二冊.pdf,588,95,0.0
112,112年決算書第二冊.pdf,589,0,0.0
112,112年決算書第二冊.pdf,590,709,0.0
112,112年決算書第二冊.pdf,591,0,0.0
112,112年決算書第二冊.pdf,592,751,0.0
112,112年決算書第二冊.pdf,593,797,0.0
112,112年決算書第二冊.pdf,594,936,0.0
112,112年決算書第二冊.pdf,595,54,0.0
112,112年決算書第二冊.pdf,596,1236,0.0
112,112年決算書第二冊.pdf,597,710,0.0
112,112年決算書第二冊.pdf,598,1253,0.0
112,112年決算書第二冊.pdf,599,305,0.0
112,112年決算書第二冊.pdf,600,11,0.0
112,112年決算書第二冊.pdf,601,621,0.0
112,112年決算書第二冊.pdf,602,482,0.0
112,112年決算書第二冊.pdf,603,532,0.0
112,112年決算書第二冊.pdf,604,147,0.0
112,112年決算書第二冊.pdf,605,735,0.0
112,112年決算書第二冊.pdf,606,441,0.0
112,112年決算書第二冊.pdf,607,93,0.0
112,112年決算書第二冊.pdf,608,300,0.0
112,112年決算書第二冊.pdf,609,1207,0.0
112,112年決算書第二冊.pdf,610,234,0.0
112,112年決算書第二冊.pdf,611,1546,0.0
112,112年決算書第二冊.pdf,612,1002,0.0
112,112年決算書第二冊.pdf,613,491,0.0
112,112年決算書第二冊.pdf,614,141,0.0
112,112年決算書第二冊.pdf,615,1548,0.0
112,112年決算書第二冊.pdf,616,473,0.0
112,112年決算書第二冊.pdf,617,960,0.0
112,112年決算書第二冊.pdf,618,0,0.0
112,112年決算書第二冊.pdf,619,0,0.0
112,112年決算書第二冊.pdf,620,95,0.0
112,112年決算書第二冊.pdf,621,0,0.0
112,112年決算書第二冊.pdf,622,707,0.0
112,112年決算書第二冊.pdf,623,0,0.0
112,112年決算書第二冊.pdf,624,803,0.0
112,112年決算書第二冊.pdf,625,849,0.0
112,112年決算書第二冊.pdf,626,830,0.0
112,112年決算書第二冊.pdf,627,1277,0.0
112,112年決算書第二冊.pdf,628,685,0.0
112,112年決算書第二冊.pdf,629,1269,0.0
112,112年決算書第二冊.pdf,630,505,0.0
112,112年決算書第二冊.pdf,631,541,0.0
112,112年決算書第二冊.pdf,632,540,0.0
112,112年決算書第二冊.pdf,633,520,0.0
112,112年決算書第二冊.pdf,634,155,0.0
112,112年決算書第二冊.pdf,635,780,0.0
112,112年決算書第二冊.pdf,636,463,0.0
112,112年決算書第二冊.pdf,637,105,0.0
112,112年決算書第二冊.pdf,638,309,0.0
112,112年決算書第二冊.pdf,639,1365,0.0
112,112年決算書第二冊.pdf,640,240,0.0
112,112年決算書第二冊.pdf,641,1782,1.0
112,112年決算書第二冊.pdf,642,1183,1.0
112,112年決算書第二冊.pdf,643,585,1.0
112,112年決算書第二冊.pdf,644,189,1.0
112,112年決算書第二冊.pdf,645,1576,0.0
112,112年決算書第二冊.pdf,646,474,0.0
112,112年決算書第二冊.pdf,647,973,0.0
112,112年決算書第二冊.pdf,648,0,0.0
112,112年決算書第二冊.pdf,649,0,0.0
112,112年決算書第二冊.pdf,650,95,0.0
112,112年決算書第二冊.pdf,651,0,0.0
112,112年決算書第二冊.pdf,652,707,0.0
112,112年決算書第二冊.pdf,653,0,0.0
112,112年決算書第二冊.pdf,654,764,0.0
112,112年決算書第二冊.pdf,655,810,0.0
112,112年決算書第二冊.pdf,656,536,0.0
112,112年決算書第二冊.pdf,657,1122,0.0
112,112年決算書第二冊.pdf,658,569,0.0
112,112年決算書第二冊.pdf,659,1239,0.0
112,112年決算書第二冊.pdf,660,164,0.0
112,112年決算書第二冊.pdf,661,681,0.0
112,112年決算書第二冊.pdf,662,251,0.0
112,112年決算書第二冊.pdf,663,395,0.0
112,112年決算書第二冊.pdf,664,122,0.0
112,112年決算書第二冊.pdf,665,678,0.0
112,112年決算書第二冊.pdf,666,436,0.0
112,112年決算書第二冊.pdf,667,93,0.0
112,112年決算書第二冊.pdf,668,245,0.0
112,112年決算書第二冊.pdf,669,1155,0.0
112,112年決算書第二冊.pdf,670,248,0.0
112,112年決算書第二冊.pdf,671,1585,0.0
112,112年決算書第二冊.pdf,672,882,0.0
112,112年決算書第二冊.pdf,673,199,0.0
112,112年決算書第二冊.pdf,674,132,0.0
112,112年決算書第二冊.pdf,675,1458,0.0
112,112年決算書第二冊.pdf,676,461,0.0
112,112年決算書第二冊.pdf,677,885,0.0
112,112年決算書第二冊.pdf,678,0,0.0
112,112年決算書第二冊.pdf,679,0,0.0
112,112年決算書第二冊.pdf,680,95,0.0
112,112年決算書第二冊.pdf,681,0,0.0
112,112年決算書第二冊.pdf,682,707,0.0
112,112年決算書第二冊.pdf,683,0,0.0
112,112年決算書第二冊.pdf,684,767,0.0
112,112年決算書第二冊.pdf,685,830,0.0
112,112年決算書第二冊.pdf,686,659,0.0
112,112年決算書第二冊.pdf,687,1249,0.0
112,112年決算書第二冊.pdf,688,738,0.0
112,112年決算書第二冊.pdf,689,1276,0.0
112,112年決算書第二冊.pdf,690,447,0.0
112,112年決算書第二冊.pdf,691,543,0.0
112,112年決算書第二冊.pdf,692,496,0.0
112,112年決算書第二冊.pdf,693,366,0.0
112,112年決算書第二冊.pdf,694,176,0.0
112,112年決算書第二冊.pdf,695,659,0.0
112,112年決算書第二冊.pdf,696,648,0.0
112,112年決算書第二冊.pdf,697,106,0.0
112,112年決算書第二冊.pdf,698,199,0.0
112,112年決算書第二冊.pdf,699,1355,0.0
112,112年決算書第二冊.pdf,700,239,0.0
112,112年決算書第二冊.pdf,701,1680,0.0
112,112年決算書第二冊.pdf,702,1018,0.0
112,112年決算書第二冊.pdf,703,298,0.0
112,112年決算書第二冊.pdf,704,140,0.0
112,112年決算書第二冊.pdf,705,1531,0.0
112,112年決算書第二冊.pdf,706,702,0.0
112,112年決算書第二冊.pdf,707,986,0.0
112,112年決算書第二冊.pdf,708,0,0.0
112,112年決算書第二冊.pdf,709,0,0.0
112,112年決算書第二冊.pdf,710,95,0.0
112,112年決算書第二冊.pdf,711,0,0.0
112,112年決算書第二冊.pdf,712,709,0.0
112,112年決算書第二冊.pdf,713,0,0.0
112,112年決算書第二冊.pdf,714,687,0.0
112,112年決算書第二冊.pdf,715,754,0.0
112,112年決算書第二冊.pdf,716,825,0.0
112,112年決算書第二冊.pdf,717,91,0.0
112,112年決算書第二冊.pdf,718,1268,0.0
112,112年決算書第二冊.pdf,719,663,0.0
112,112年決算書第二冊.pdf,720,1296,0.0
112,112年決算書第二冊.pdf,721,111,0.0
112,112年決算書第二冊.pdf,722,11,0.0
112,112年決算書第二冊.pdf,723,710,0.0
112,112年決算書第二冊.pdf,724,278,0.0
112,112年決算書第二冊.pdf,725,387,0.0
112,112年決算書第二冊.pdf,726,118,0.0
112,112年決算書第二冊.pdf,727,664,0.0
112,112年決算書第二冊.pdf,728,452,0.0
112,112年決算書第二冊.pdf,729,93,0.0
112,112年決算書第二冊.pdf,730,206,0.0
112,112年決算書第二冊.pdf,731,1216,0.0
112,112年決算書第二冊.pdf,732,194,0.0
112,112年決算書第二冊.pdf,733,1639,0.0
112,112年決算書第二冊.pdf,734,1084,0.0
112,112年決算書第二冊.pdf,735,433,0.0
112,112年決算書第二冊.pdf,736,140,0.0
112,112年決算書第二冊.pdf,737,1545,0.0
112,112年決算書第二冊.pdf,738,468,0.0
112,112年決算書第二冊.pdf,739,916,0.0
112,112年決算書第二冊.pdf,740,0,0.0
112,112年決算書第二冊.pdf,741,0,0.0
112,112年決算書第二冊.pdf,742,95,0.0
112,112年決算書第二冊.pdf,743,0,0.0
112,112年決算書第二冊.pdf,744,707,0.0
112,112年決算書第二冊.pdf,745,0,0.0
112,112年決算書第二冊.pdf,746,809,0.0
112,112年決算書第二冊.pdf,747,895,0.0
112,112年決算書第二冊.pdf,748,444,0.0
112,112年決算書第二冊.pdf,749,1193,0.0
112,112年決算書第二冊.pdf,750,606,0.0
112,112年決算書第二冊.pdf,751,1323,0.0
112,112年決算書第二冊.pdf,752,172,0.0
112,112年決算書第二冊.pdf,753,549,0.0
112,112年決算書第二冊.pdf,754,254,0.0
112,112年決算書第二冊.pdf,755,312,0.0
112,112年決算書第二冊.pdf,756,133,0.0
112,112年決算書第二冊.pdf,757,679,0.0
112,112年決算書第二冊.pdf,758,392,0.0
112,112年決算書第二冊.pdf,759,93,0.0
112,112年決算書第二冊.pdf,760,249,0.0
112,112年決算書第二冊.pdf,761,1183,0.0
112,112年決算書第二冊.pdf,762,249,0.0
112,112年決算書第二冊.pdf,763,1609,0.0
112,112年決算書第二冊.pdf,764,932,0.0
112,112年決算書第二冊.pdf,765,330,0.0
112,112年決算書第二冊.pdf,766,152,0.0
112,112年決算書第二冊.pdf,767,1501,0.0
112,112年決算書第二冊.pdf,768,466,0.0
112,112年決算書第二冊.pdf,769,881,0.0
112,112年決算書第二冊.pdf,770,0,0.0
112,112年決算書第二冊.pdf,771,0,0.0
112,112年決算書第三冊.pdf,0,1276,0.0
112,112年決算書第三冊.pdf,1,1208,0.0
112,112年決算書第三冊.pdf,2,95,0.0
112,112年決算書第三冊.pdf,3,0,0.0
112,112年決算書第三冊.pdf,4,707,0.0
112,112年決算書第三冊.pdf,5,0,0.0
112,112年決算書第三冊.pdf,6,733,0.0
112,112年決算書第三冊.pdf,7,856,0.0
112,112年決算書第三冊.pdf,8,691,0.0
112,112年決算書第三冊.pdf,9,1112,0.0
112,112年決算書第三冊.pdf,10,617,0.0
112,112年決算書第三冊.pdf,11,1205,0.0
112,112年決算書第三冊.pdf,12,408,0.0
112,112年決算書第三冊.pdf,13,591,0.0
112,112年決算書第三冊.pdf,14,256,0.0
112,112年決算書第三冊.pdf,15,299,0.0
112,112年決算書第三冊.pdf,16,166,0.0
112,112年決算書第三冊.pdf,17,819,0.0
112,112年決算書第三冊.pdf,18,450,0.0
112,112年決算書第三冊.pdf,19,106,0.0
112,112年決算書第三冊.pdf,20,306,0.0
112,112年決算書第三冊.pdf,21,1171,0.0
112,112年決算書第三冊.pdf,22,222,0.0
112,112年決算書第三冊.pdf,23,1690,0.0
112,112年決算書第三冊.pdf,24,894,0.0
112,112年決算書第三冊.pdf,25,334,0.0
112,112年決算書第三冊.pdf,26,141,0.0
112,112年決算書第三冊.pdf,27,1455,0.0
112,112年決算書第三冊.pdf,28,477,0.0
112,112年決算書第三冊.pdf,29,902,0.0
112,112年決算書第三冊.pdf,30,0,0.0
112,112年決算書第三冊.pdf,31,0,0.0
112,112年決算書第三冊.pdf,32,95,0.0
112,112年決算書第三冊.pdf,33,0,0.0
112,112年決算書第三冊.pdf,34,707,0.0
112,112年決算書第三冊.pdf,35,0,0.0
112,112年決算書第三冊.pdf,36,749,0.0
112,112年決算書第三冊.pdf,37,765,0.0
112,112年決算書第三冊.pdf,38,718,0.0
112,112年決算書第三冊.pdf,39,1252,0.0
112,112年決算書第三冊.pdf,40,698,0.0
112,112年決算書第三冊.pdf,41,1210,0.0
112,112年決算書第三冊.pdf,42,321,0.0
112,112年決算書第三冊.pdf,43,511,0.0
112,112年決算書第三冊.pdf,44,447,0.0
112,112年決算書第三冊.pdf,45,350,0.0
112,112年決算書第三冊.pdf,46,146,0.0
112,112年決算書第三冊.pdf,47,752,0.0
112,112年決算書第三冊.pdf,48,436,0.0
112,112年決算書第三冊.pdf,49,106,0.0
112,112年決算書第三冊.pdf,50,266,0.0
112,112年決算書第三冊.pdf,51,1185,0.0
112,112年決算書第三冊.pdf,52,189,0.0
112,112年決算書第三冊.pdf,53,1634,0.0
112,112年決算書第三冊.pdf,54,924,0.0
112,112年決算書第三冊.pdf,55,329,0.0
112,112年決算書第三冊.pdf,56,146,0.0
112,112年決算書第三冊.pdf,57,1502,0.0
112,112年決算書第三冊.pdf,58,473,0.0
112,112年決算書第三冊.pdf,59,921,0.0
112,112年決算書第三冊.pdf,60,0,0.0
112,112年決算書第三冊.pdf,61,0,0.0
112,112年決算書第三冊.pdf,62,95,0.0
112,112年決算書第三冊.pdf,63,0,0.0
112,112年決算書第三冊.pdf,64,707,0.0
112,112年決算書第三冊.pdf,65,0,0.0
112,112年決算書第三冊.pdf,66,757,0.0
112,112年決算書第三冊.pdf,67,782,0.0
112,112年決算書第三冊.pdf,68,435,0.0
112,112年決算書第三冊.pdf,69,1007,0.0
112,112年決算書第三冊.pdf,70,380,0.0
112,112年決算書第三冊.pdf,71,1214,0.0
112,112年決算書第三冊.pdf,72,170,0.0
112,112年決算書第三冊.pdf,73,500,0.0
112,112年決算書第三冊.pdf,74,200,0.0
112,112年決算書第三冊.pdf,75,348,0.0
112,112年決算書第三冊.pdf,76,191,0.0
112,112年決算書第三冊.pdf,77,646,0.0
112,112年決算書第三冊.pdf,78,434,0.0
112,112年決算書第三冊.pdf,79,93,0.0
112,112年決算書第三冊.pdf,80,281,0.0
112,112年決算書第三冊.pdf,81,1045,0.0
112,112年決算書第三冊.pdf,82,234,0.0
112,112年決算書第三冊.pdf,83,1610,0.0
112,112年決算書第三冊.pdf,84,991,0.0
112,112年決算書第三冊.pdf,85,251,0.0
112,112年決算書第三冊.pdf,86,117,0.0
112,112年決算書第三冊.pdf,87,1268,0.0
112,112年決算書第三冊.pdf,88,477,0.0
112,112年決算書第三冊.pdf,89,743,0.0
112,112年決算書第三冊.pdf,90,0,0.0
112,112年決算書第三冊.pdf,91,0,0.0
112,112年決算書第三冊.pdf,92,95,0.0
112,112年決算書第三冊.pdf,93,0,0.0
112,112年決算書第三冊.pdf,94,707,0.0
112,112年決算書第三冊.pdf,95,0,0.0
112,112年決算書第三冊.pdf,96,732,0.0
112,112年決算書第三冊.pdf,97,810,0.0
112,112年決算書第三冊.pdf,98,785,0.0
112,112年決算書第三冊.pdf,99,1219,0.0
112,112年決算書第三冊.pdf,100,691,0.0
112,112年決算書第三冊.pdf,101,1311,0.0
112,112年決算書第三冊.pdf,102,563,0.0
112,112年決算書第三冊.pdf,103,606,0.0
112,112年決算書第三冊.pdf,104,473,0.0
112,112年決算書第三冊.pdf,105,544,0.0
112,112年決算書第三冊.pdf,106,236,0.0
112,112年決算書第三冊.pdf,107,856,0.0
112,112年決算書第三冊.pdf,108,472,0.0
112,112年決算書第三冊.pdf,109,93,0.0
112,112年決算書第三冊.pdf,110,308,0.0
112,112年決算書第三冊.pdf,111,1389,0.0
112,112年決算書第三冊.pdf,112,287,0.0
112,112年決算書第三冊.pdf,113,1603,0.0
112,112年決算書第三冊.pdf,114,944,0.0
112,112年決算書第三冊.pdf,115,325,0.0
112,112年決算書第三冊.pdf,116,140,0.0
112,112年決算書第三冊.pdf,117,1514,0.0
112,112年決算書第三冊.pdf,118,474,0.0
112,112年決算書第三冊.pdf,119,964,0.0
112,112年決算書第三冊.pdf,120,0,0.0
112,112年決算書第三冊.pdf,121,0,0.0
112,112年決算書第三冊.pdf,122,95,0.0
112,112年決算書第三冊.pdf,123,0,0.0
112,112年決算書第三冊.pdf,124,703,0.0
112,112年決算書第三冊.pdf,125,0,0.0
112,112年決算書第三冊.pdf,126,737,0.0
112,112年決算書第三冊.pdf,127,792,0.0
112,112年決算書第三冊.pdf,128,814,0.0
112,112年決算書第三冊.pdf,129,1282,0.0
112,112年決算書第三冊.pdf,130,651,0.0
112,112年決算書第三冊.pdf,131,1267,0.0
112,112年決算書第三冊.pdf,132,391,0.0
112,112年決算書第三冊.pdf,133,631,0.0
112,112年決算書第三冊.pdf,134,545,0.0
112,112年決算書第三冊.pdf,135,505,0.0
112,112年決算書第三冊.pdf,136,227,0.0
112,112年決算書第三冊.pdf,137,788,0.0
112,112年決算書第三冊.pdf,138,446,0.0
112,112年決算書第三冊.pdf,139,119,0.0
112,112年決算書第三冊.pdf,140,263,0.0
112,112年決算書第三冊.pdf,141,1317,0.0
112,112年決算書第三冊.pdf,142,242,0.0
112,112年決算書第三冊.pdf,143,0,0.0
112,112年決算書第三冊.pdf,144,0,0.0
112,112年決算書第三冊.pdf,145,0,0.0
112,112年決算書第三冊.pdf,146,0,0.0
112,112年決算書第三冊.pdf,147,1517,0.0
112,112年決算書第三冊.pdf,148,474,0.0
112,112年決算書第三冊.pdf,149,975,0.0
112,112年決算書第三冊.pdf,150,0,0.0
112,112年決算書第三冊.pdf,151,0,0.0
112,112年決算書第三冊.pdf,152,99,0.0
112,112年決算書第三冊.pdf,153,0,0.0
112,112年決算書第三冊.pdf,154,709,0.0
112,112年決算書第三冊.pdf,155,0,0.0
112,112年決算書第三冊.pdf,156,787,0.0
112,112年決算書第三冊.pdf,157,825,0.0
112,112年決算書第三冊.pdf,158,309,0.0
112,112年決算書第三冊.pdf,159,1053,0.0
112,112年決算書第三冊.pdf,160,477,0.0
112,112年決算書第三冊.pdf,161,1250,0.0
112,112年決算書第三冊.pdf,162,11,0.0
112,112年決算書第三冊.pdf,163,628,0.0
112,112年決算書第三冊.pdf,164,235,0.0
112,112年決算書第三冊.pdf,165,425,0.0
112,112年決算書第三冊.pdf,166,120,0.0
112,112年決算書第三冊.pdf,167,630,0.0
112,112年決算書第三冊.pdf,168,419,0.0
112,112年決算書第三冊.pdf,169,95,0.0
112,112年決算書第三冊.pdf,170,202,0.0
112,112年決算書第三冊.pdf,171,1109,0.0
112,112年決算書第三冊.pdf,172,248,0.0
112,112年決算書第三冊.pdf,173,1534,0.0
112,112年決算書第三冊.pdf,174,797,0.0
112,112年決算書第三冊.pdf,175,271,0.0
112,112年決算書第三冊.pdf,176,117,0.0
112,112年決算書第三冊.pdf,177,1394,0.0
112,112年決算書第三冊.pdf,178,466,0.0
112,112年決算書第三冊.pdf,179,834,0.0
112,112年決算書第三冊.pdf,180,0,0.0
112,112年決算書第三冊.pdf,181,0,0.0
112,112年決算書第三冊.pdf,182,97,0.0
112,112年決算書第三冊.pdf,183,0,0.0
112,112年決算書第三冊.pdf,184,708,0.0
112,112年決算書第三冊.pdf,185,0,0.0
112,112年決算書第三冊.pdf,186,797,0.0
112,112年決算書第三冊.pdf,187,809,0.0
112,112年決算書第三冊.pdf,188,436,0.0
112,112年決算書第三冊.pdf,189,1070,0.0
112,112年決算書第三冊.pdf,190,575,0.0
112,112年決算書第三冊.pdf,191,1216,0.0
112,112年決算書第三冊.pdf,192,411,0.0
112,112年決算書第三冊.pdf,193,608,0.0
112,112年決算書第三冊.pdf,194,215,0.0
112,112年決算書第三冊.pdf,195,414,0.0
112,112年決算書第三冊.pdf,196,147,0.0
112,112年決算書第三冊.pdf,197,691,0.0
112,112年決算書第三冊.pdf,198,412,0.0
112,112年決算書第三冊.pdf,199,122,0.0
112,112年決算書第三冊.pdf,200,244,0.0
112,112年決算書第三冊.pdf,201,1293,0.0
112,112年決算書第三冊.pdf,202,259,0.0
112,112年決算書第三冊.pdf,203,1462,0.0
112,112年決算書第三冊.pdf,204,881,0.0
112,112年決算書第三冊.pdf,205,195,0.0
112,112年決算書第三冊.pdf,206,131,0.0
112,112年決算書第三冊.pdf,207,1366,0.0
112,112年決算書第三冊.pdf,208,427,0.0
112,112年決算書第三冊.pdf,209,863,0.0
112,112年決算書第三冊.pdf,210,0,0.0
112,112年決算書第三冊.pdf,211,0,0.0
112,112年決算書第三冊.pdf,212,95,0.0
112,112年決算書第三冊.pdf,213,0,0.0
112,112年決算書第三冊.pdf,214,710,0.0
112,112年決算書第三冊.pdf,215,0,0.0
112,112年決算書第三冊.pdf,216,785,0.0
112,112年決算書第三冊.pdf,217,817,0.0
112,112年決算書第三冊.pdf,218,912,0.0
112,112年決算書第三冊.pdf,219,449,0.0
112,112年決算書第三冊.pdf,220,1322,0.0
112,112年決算書第三冊.pdf,221,695,0.0
112,112年決算書第三冊.pdf,222,1321,0.0
112,112年決算書第三冊.pdf,223,299,0.0
112,112年決算書第三冊.pdf,224,11,0.0
112,112年決算書第三冊.pdf,225,583,0.0
112,112年決算書第三冊.pdf,226,537,0.0
112,112年決算書第三冊.pdf,227,515,0.0
112,112年決算書第三冊.pdf,228,139,0.0
112,112年決算書第三冊.pdf,229,711,0.0
112,112年決算書第三冊.pdf,230,456,0.0
112,112年決算書第三冊.pdf,231,93,0.0
112,112年決算書第三冊.pdf,232,296,0.0
112,112年決算書第三冊.pdf,233,1298,0.0
112,112年決算書第三冊.pdf,234,244,0.0
112,112年決算書第三冊.pdf,235,1576,0.0
112,112年決算書第三冊.pdf,236,1104,0.0
112,112年決算書第三冊.pdf,237,546,0.0
112,112年決算書第三冊.pdf,238,152,0.0
112,112年決算書第三冊.pdf,239,1523,0.0
112,112年決算書第三冊.pdf,240,478,0.0
112,112年決算書第三冊.pdf,241,933,0.0
112,112年決算書第三冊.pdf,242,0,0.0
112,112年決算書第三冊.pdf,243,0,0.0
112,112年決算書第三冊.pdf,244,95,0.0
112,112年決算書第三冊.pdf,245,0,0.0
112,112年決算書第三冊.pdf,246,707,0.0
112,112年決算書第三冊.pdf,247,0,0.0
112,112年決算書第三冊.pdf,248,781,0.0
112,112年決算書第三冊.pdf,249,771,0.0
112,112年決算書第三冊.pdf,250,587,0.0
112,112年決算書第三冊.pdf,251,1125,0.0
112,112年決算書第三冊.pdf,252,553,0.0
112,112年決算書第三冊.pdf,253,1255,0.0
112,112年決算書第三冊.pdf,254,174,0.0
112,112年決算書第三冊.pdf,255,692,0.0
112,112年決算書第三冊.pdf,256,253,0.0
112,112年決算書第三冊.pdf,257,452,0.0
112,112年決算書第三冊.pdf,258,121,0.0
112,112年決算書第三冊.pdf,259,687,0.0
112,112年決算書第三冊.pdf,260,436,0.0
112,112年決算書第三冊.pdf,261,93,0.0
112,112年決算書第三冊.pdf,262,252,0.0
112,112年決算書第三冊.pdf,263,1169,0.0
112,112年決算書第三冊.pdf,264,229,0.0
112,112年決算書第三冊.pdf,265,0,0.0
112,112年決算書第三冊.pdf,266,0,0.0
112,112年決算書第三冊.pdf,267,0,0.0
112,112年決算書第三冊.pdf,268,0,0.0
112,112年決算書第三冊.pdf,269,1476,0.0
112,112年決算書第三冊.pdf,270,467,0.0
112,112年決算書第三冊.pdf,271,934,0.0
112,112年決算書第三冊.pdf,272,0,0.0
112,112年決算書第三冊.pdf,273,0,0.0
112,112年決算書第三冊.pdf,274,95,0.0
112,112年決算書第三冊.pdf,275,0,0.0
112,112年決算書第三冊.pdf,276,707,0.0
112,112年決算書第三冊.pdf,277,0,0.0
112,112年決算書第三冊.pdf,278,793,0.0
112,112年決算書第三冊.pdf,279,793,0.0
112,112年決算書第三冊.pdf,280,693,0.0
112,112年決算書第三冊.pdf,281,1132,0.0
112,112年決算書第三冊.pdf,282,572,0.0
112,112年決算書第三冊.pdf,283,1305,0.0
112,112年決算書第三冊.pdf,284,359,0.0
112,112年決算書第三冊.pdf,285,789,0.0
112,112年決算書第三冊.pdf,286,307,0.0
112,112年決算書第三冊.pdf,287,386,0.0
112,112年決算書第三冊.pdf,288,200,0.0
112,112年決算書第三冊.pdf,289,738,0.0
112,112年決算書第三冊.pdf,290,448,0.0
112,112年決算書第三冊.pdf,291,103,0.0
112,112年決算書第三冊.pdf,292,298,0.0
112,112年決算書第三冊.pdf,293,1309,0.0
112,112年決算書第三冊.pdf,294,239,0.0
112,112年決算書第三冊.pdf,295,1640,0.0
112,112年決算書第三冊.pdf,296,1174,0.0
112,112年決算書第三冊.pdf,297,545,0.0
112,112年決算書第三冊.pdf,298,140,0.0
112,112年決算書第三冊.pdf,299,1486,0.0
112,112年決算書第三冊.pdf,300,473,0.0
112,112年決算書第三冊.pdf,301,979,0.0
112,112年決算書第三冊.pdf,302,0,0.0
112,112年決算書第三冊.pdf,303,0,0.0
112,112年決算書第三冊.pdf,304,95,0.0
112,112年決算書第三冊.pdf,305,0,0.0
112,112年決算書第三冊.pdf,306,707,0.0
112,112年決算書第三冊.pdf,307,0,0.0
112,112年決算書第三冊.pdf,308,793,0.0
112,112年決算書第三冊.pdf,309,816,0.0
112,112年決算書第三冊.pdf,310,477,0.0
112,112年決算書第三冊.pdf,311,1074,0.0
112,112年決算書第三冊.pdf,312,582,0.0
112,112年決算書第三冊.pdf,313,1242,0.0
112,112年決算書第三冊.pdf,314,337,0.0
112,112年決算書第三冊.pdf,315,730,0.0
112,112年決算書第三冊.pdf,316,283,0.0
112,112年決算書第三冊.pdf,317,320,0.0
112,112年決算書第三冊.pdf,318,143,0.0
112,112年決算書第三冊.pdf,319,748,0.0
112,112年決算書第三冊.pdf,320,436,0.0
112,112年決算書第三冊.pdf,321,111,0.0
112,112年決算書第三冊.pdf,322,243,0.0
112,112年決算書第三冊.pdf,323,1252,0.0
112,112年決算書第三冊.pdf,324,305,0.0
112,112年決算書第三冊.pdf,325,1610,0.0
112,112年決算書第三冊.pdf,326,946,0.0
112,112年決算書第三冊.pdf,327,476,0.0
112,112年決算書第三冊.pdf,328,139,0.0
112,112年決算書第三冊.pdf,329,1453,0.0
112,112年決算書第三冊.pdf,330,475,0.0
112,112年決算書第三冊.pdf,331,902,0.0
112,112年決算書第三冊.pdf,332,0,0.0
112,112年決算書第三冊.pdf,333,0,0.0
112,112年決算書第三冊.pdf,334,99,0.0
112,112年決算書第三冊.pdf,335,0,0.0
112,112年決算書第三冊.pdf,336,709,0.0
112,112年決算書第三冊.pdf,337,0,0.0
112,112年決算書第三冊.pdf,338,764,0.0
112,112年決算書第三冊.pdf,339,819,0.0
112,112年決算書第三冊.pdf,340,314,0.0
112,112年決算書第三冊.pdf,341,942,0.0
112,112年決算書第三冊.pdf,342,444,0.0
112,112年決算書第三冊.pdf,343,1213,0.0
112,112年決算書第三冊.pdf,344,148,0.0
112,112年決算書第三冊.pdf,345,608,0.0
112,112年決算書第三冊.pdf,346,212,0.0
112,112年決算書第三冊.pdf,347,326,0.0
112,112年決算書第三冊.pdf,348,121,0.0
112,112年決算書第三冊.pdf,349,644,0.0
112,112年決算書第三冊.pdf,350,367,0.0
112,112年決算書第三冊.pdf,351,95,0.0
112,112年決算書第三冊.pdf,352,245,0.0
112,112年決算書第三冊.pdf,353,1078,0.0
112,112年決算書第三冊.pdf,354,234,0.0
112,112年決算書第三冊.pdf,355,1478,0.0
112,112年決算書第三冊.pdf,356,789,0.0
112,112年決算書第三冊.pdf,357,234,0.0
112,112年決算書第三冊.pdf,358,133,0.0
112,112年決算書第三冊.pdf,359,1288,0.0
112,112年決算書第三冊.pdf,360,456,0.0
112,112年決算書第三冊.pdf,361,798,0.0
112,112年決算書第三冊.pdf,362,0,0.0
112,112年決算書第三冊.pdf,363,0,0.0
112,112年決算書第三冊.pdf,364,99,0.0
112,112年決算書第三冊.pdf,365,0,0.0
112,112年決算書第三冊.pdf,366,715,0.0
112,112年決算書第三冊.pdf,367,0,0.0
112,112年決算書第三冊.pdf,368,776,0.0
112,112年決算書第三冊.pdf,369,829,0.0
112,112年決算書第三冊.pdf,370,358,0.0
112,112年決算書第三冊.pdf,371,1022,0.0
112,112年決算書第三冊.pdf,372,464,0.0
112,112年決算書第三冊.pdf,373,1269,0.0
112,112年決算書第三冊.pdf,374,289,0.0
112,112年決算書第三冊.pdf,375,479,0.0
112,112年決算書第三冊.pdf,376,210,0.0
112,112年決算書第三冊.pdf,377,304,0.0
112,112年決算書第三冊.pdf,378,124,0.0
112,112年決算書第三冊.pdf,379,653,0.0
112,112年決算書第三冊.pdf,380,367,0.0
112,112年決算書第三冊.pdf,381,123,0.0
112,112年決算書第三冊.pdf,382,295,0.0
112,112年決算書第三冊.pdf,383,1195,0.0
112,112年決算書第三冊.pdf,384,237,0.0
112,112年決算書第三冊.pdf,385,1531,0.0
112,112年決算書第三冊.pdf,386,815,0.0
112,112年決算書第三冊.pdf,387,163,0.0
112,112年決算書第三冊.pdf,388,133,0.0
112,112年決算書第三冊.pdf,389,1357,0.0
112,112年決算書第三冊.pdf,390,457,0.0
112,112年決算書第三冊.pdf,391,842,0.0
112,112年決算書第三冊.pdf,392,0,0.0
112,112年決算書第三冊.pdf,393,0,0.0
112,112年決算書第三冊.pdf,394,95,0.0
112,112年決算書第三冊.pdf,395,0,0.0
112,112年決算書第三冊.pdf,396,707,0.0
112,112年決算書第三冊.pdf,397,0,0.0
112,112年決算書第三冊.pdf,398,777,0.0
112,112年決算書第三冊.pdf,399,793,0.0
112,112年決算書第三冊.pdf,400,811,0.0
112,112年決算書第三冊.pdf,401,1136,0.0
112,112年決算書第三冊.pdf,402,618,0.0
112,112年決算書第三冊.pdf,403,1268,0.0
112,112年決算書第三冊.pdf,404,325,0.0
112,112年決算書第三冊.pdf,405,780,0.0
112,112年決算書第三冊.pdf,406,258,0.0
112,112年決算書第三冊.pdf,407,450,0.0
112,112年決算書第三冊.pdf,408,139,0.0
112,112年決算書第三冊.pdf,409,740,0.0
112,112年決算書第三冊.pdf,410,445,0.0
112,112年決算書第三冊.pdf,411,93,0.0
112,112年決算書第三冊.pdf,412,344,0.0
112,112年決算書第三冊.pdf,413,1220,0.0
112,112年決算書第三冊.pdf,414,238,0.0
112,112年決算書第三冊.pdf,415,0,0.0
112,112年決算書第三冊.pdf,416,0,0.0
112,112年決算書第三冊.pdf,417,0,0.0
112,112年決算書第三冊.pdf,418,0,0.0
112,112年決算書第三冊.pdf,419,1447,0.0
112,112年決算書第三冊.pdf,420,463,0.0
112,112年決算書第三冊.pdf,421,920,0.0
112,112年決算書第三冊.pdf,422,0,0.0
112,112年決算書第三冊.pdf,423,0,0.0
112,112年決算書第三冊.pdf,424,95,0.0
112,112年決算書第三冊.pdf,425,0,0.0
112,112年決算書第三冊.pdf,426,707,0.0
112,112年決算書第三冊.pdf,427,0,0.0
112,112年決算書第三冊.pdf,428,753,0.0
112,112年決算書第三冊.pdf,429,851,0.0
112,112年決算書第三冊.pdf,430,381,0.0
112,112年決算書第三冊.pdf,431,920,0.0
112,112年決算書第三冊.pdf,432,431,0.0
112,112年決算書第三冊.pdf,433,1201,0.0
112,112年決算書第三冊.pdf,434,297,0.0
112,112年決算書第三冊.pdf,435,704,0.0
112,112年決算書第三冊.pdf,436,256,0.0
112,112年決算書第三冊.pdf,437,434,0.0
112,112年決算書第三冊.pdf,438,105,0.0
112,112年決算書第三冊.pdf,439,603,0.0
112,112年決算書第三冊.pdf,440,365,0.0
112,112年決算書第三冊.pdf,441,93,0.0
112,112年決算書第三冊.pdf,442,334,0.0
112,112年決算書第三冊.pdf,443,1179,0.0
112,112年決算書第三冊.pdf,444,233,0.0
112,112年決算書第三冊.pdf,445,1573,0.0
112,112年決算書第三冊.pdf,446,846,0.0
112,112年決算書第三冊.pdf,447,249,0.0
112,112年決算書第三冊.pdf,448,140,0.0
112,112年決算書第三冊.pdf,449,1290,0.0
112,112年決算書第三冊.pdf,450,467,0.0
112,112年決算書第三冊.pdf,451,837,0.0
112,112年決算書第三冊.pdf,452,0,0.0
112,112年決算書第三冊.pdf,453,0,0.0
112,112年決算書第三冊.pdf,454,95,0.0
112,112年決算書第三冊.pdf,455,0,0.0
112,112年決算書第三冊.pdf,456,707,0.0
112,112年決算書第三冊.pdf,457,0,0.0
112,112年決算書第三冊.pdf,458,755,0.0
112,112年決算書第三冊.pdf,459,819,0.0
112,112年決算書第三冊.pdf,460,222,0.0
112,112年決算書第三冊.pdf,461,946,0.0
112,112年決算書第三冊.pdf,462,440,0.0
112,112年決算書第三冊.pdf,463,1244,0.0
112,112年決算書第三冊.pdf,464,11,0.0
112,112年決算書第三冊.pdf,465,566,0.0
112,112年決算書第三冊.pdf,466,196,0.0
112,112年決算書第三冊.pdf,467,390,0.0
112,112年決算書第三冊.pdf,468,109,0.0
112,112年決算書第三冊.pdf,469,608,0.0
112,112年決算書第三冊.pdf,470,365,0.0
112,112年決算書第三冊.pdf,471,93,0.0
112,112年決算書第三冊.pdf,472,262,0.0
112,112年決算書第三冊.pdf,473,1040,0.0
112,112年決算書第三冊.pdf,474,223,0.0
112,112年決算書第三冊.pdf,475,1396,0.0
112,112年決算書第三冊.pdf,476,784,0.0
112,112年決算書第三冊.pdf,477,1224,0.0
112,112年決算書第三冊.pdf,478,462,0.0
112,112年決算書第三冊.pdf,479,767,0.0
112,112年決算書第三冊.pdf,480,0,0.0
112,112年決算書第三冊.pdf,481,0,0.0
112,112年決算書第三冊.pdf,482,95,0.0
112,112年決算書第三冊.pdf,483,0,0.0
112,112年決算書第三冊.pdf,484,709,0.0
112,112年決算書第三冊.pdf,485,0,0.0
112,112年決算書第三冊.pdf,486,740,0.0
112,112年決算書第三冊.pdf,487,789,0.0
112,112年決算書第三冊.pdf,488,872,0.0
112,112年決算書第三冊.pdf,489,337,0.0
112,112年決算書第三冊.pdf,490,1309,0.0
112,112年決算書第三冊.pdf,491,765,0.0
112,112年決算書第三冊.pdf,492,1246,0.0
112,112年決算書第三冊.pdf,493,417,0.0
112,112年決算書第三冊.pdf,494,11,0.0
112,112年決算書第三冊.pdf,495,924,0.0
112,112年決算書第三冊.pdf,496,303,0.0
112,112年決算書第三冊.pdf,497,468,0.0
112,112年決算書第三冊.pdf,498,156,0.0
112,112年決算書第三冊.pdf,499,771,0.0
112,112年決算書第三冊.pdf,500,456,0.0
112,112年決算書第三冊.pdf,501,93,0.0
112,112年決算書第三冊.pdf,502,312,0.0
112,112年決算書第三冊.pdf,503,1276,0.0
112,112年決算書第三冊.pdf,504,259,0.0
112,112年決算書第三冊.pdf,505,1689,0.0
112,112年決算書第三冊.pdf,506,1124,0.0
112,112年決算書第三冊.pdf,507,387,0.0
112,112年決算書第三冊.pdf,508,189,0.0
112,112年決算書第三冊.pdf,509,1560,0.0
112,112年決算書第三冊.pdf,510,476,0.0
112,112年決算書第三冊.pdf,511,983,0.0
112,112年決算書第三冊.pdf,512,0,0.0
112,112年決算書第三冊.pdf,513,0,0.0
112,112年決算書第三冊.pdf,514,95,0.0
112,112年決算書第三冊.pdf,515,0,0.0
112,112年決算書第三冊.pdf,516,707,0.0
112,112年決算書第三冊.pdf,517,0,0.0
112,112年決算書第三冊.pdf,518,761,0.0
112,112年決算書第三冊.pdf,519,771,0.0
112,112年決算書第三冊.pdf,520,582,0.0
112,112年決算書第三冊.pdf,521,1155,0.0
112,112年決算書第三冊.pdf,522,559,0.0
112,112年決算書第三冊.pdf,523,1225,0.0
112,112年決算書第三冊.pdf,524,281,0.0
112,112年決算書第三冊.pdf,525,699,0.0
112,112年決算書第三冊.pdf,526,275,0.0
112,112年決算書第三冊.pdf,527,346,0.0
112,112年決算書第三冊.pdf,528,135,0.0
112,112年決算書第三冊.pdf,529,740,0.0
112,112年決算書第三冊.pdf,530,444,0.0
112,112年決算書第三冊.pdf,531,103,0.0
112,112年決算書第三冊.pdf,532,203,0.0
112,112年決算書第三冊.pdf,533,1242,0.0
112,112年決算書第三冊.pdf,534,231,0.0
112,112年決算書第三冊.pdf,535,0,0.0
112,112年決算書第三冊.pdf,536,0,0.0
112,112年決算書第三冊.pdf,537,0,0.0
112,112年決算書第三冊.pdf,538,0,0.0
112,112年決算書第三冊.pdf,539,1467,0.0
112,112年決算書第三冊.pdf,540,476,0.0
112,112年決算書第三冊.pdf,541,917,0.0
112,112年決算書第三冊.pdf,542,0,0.0
112,112年決算書第三冊.pdf,543,0,0.0
112,112年決算書第三冊.pdf,544,95,0.0
112,112年決算書第三冊.pdf,545,0,0.0
112,112年決算書第三冊.pdf,546,707,0.0
112,112年決算書第三冊.pdf,547,0,0.0
112,112年決算書第三冊.pdf,548,755,0.0
112,112年決算書第三冊.pdf,549,811,0.0
112,112年決算書第三冊.pdf,550,777,0.0
112,112年決算書第三冊.pdf,551,1291,0.0
112,112年決算書第三冊.pdf,552,642,0.0
112,112年決算書第三冊.pdf,553,1259,0.0
112,112年決算書第三冊.pdf,554,440,0.0
112,112年決算書第三冊.pdf,555,666,0.0
112,112年決算書第三冊.pdf,556,232,0.0
112,112年決算書第三冊.pdf,557,436,0.0
112,112年決算書第三冊.pdf,558,172,0.0
112,112年決算書第三冊.pdf,559,822,0.0
112,112年決算書第三冊.pdf,560,455,0.0
112,112年決算書第三冊.pdf,561,111,0.0
112,112年決算書第三冊.pdf,562,268,0.0
112,112年決算書第三冊.pdf,563,1314,0.0
112,112年決算書第三冊.pdf,564,240,0.0
112,112年決算書第三冊.pdf,565,0,0.0
112,112年決算書第三冊.pdf,566,0,0.0
112,112年決算書第三冊.pdf,567,0,0.0
112,112年決算書第三冊.pdf,568,0,0.0
112,112年決算書第三冊.pdf,569,1504,0.0
112,112年決算書第三冊.pdf,570,470,0.0
112,112年決算書第三冊.pdf,571,943,0.0
112,112年決算書第三冊.pdf,572,0,0.0
112,112年決算書第三冊.pdf,573,0,0.0
112,112年決算書第三冊.pdf,574,95,0.0
112,112年決算書第三冊.pdf,575,0,0.0
112,112年決算書第三冊.pdf,576,707,0.0
112,112年決算書第三冊.pdf,577,0,0.0
112,112年決算書第三冊.pdf,578,767,0.0
112,112年決算書第三冊.pdf,579,789,0.0
112,112年決算書第三冊.pdf,580,785,0.0
112,112年決算書第三冊.pdf,581,1288,0.0
112,112年決算書第三冊.pdf,582,720,0.0
112,112年決算書第三冊.pdf,583,1259,0.0
112,112年決算書第三冊.pdf,584,267,0.0
112,112年決算書第三冊.pdf,585,648,0.0
112,112年決算書第三冊.pdf,586,266,0.0
112,112年決算書第三冊.pdf,587,352,0.0
112,112年決算書第三冊.pdf,588,169,0.0
112,112年決算書第三冊.pdf,589,701,0.0
112,112年決算書第三冊.pdf,590,401,0.0
112,112年決算書第三冊.pdf,591,93,0.0
112,112年決算書第三冊.pdf,592,252,0.0
112,112年決算書第三冊.pdf,593,1216,0.0
112,112年決算書第三冊.pdf,594,233,0.0
112,112年決算書第三冊.pdf,595,1682,0.0
112,112年決算書第三冊.pdf,596,905,0.0
112,112年決算書第三冊.pdf,597,262,0.0
112,112年決算書第三冊.pdf,598,159,0.0
112,112年決算書第三冊.pdf,599,1572,0.0
112,112年決算書第三冊.pdf,600,474,0.0
112,112年決算書第三冊.pdf,601,928,0.0
112,112年決算書第三冊.pdf,602,0,0.0
112,112年決算書第三冊.pdf,603,0,0.0
112,112年決算書第三冊.pdf,604,95,0.0
112,112年決算書第三冊.pdf,605,0,0.0
112,112年決算書第三冊.pdf,606,707,0.0
112,112年決算書第三冊.pdf,607,0,0.0
112,112年決算書第三冊.pdf,608,819,0.0
112,112年決算書第三冊.pdf,609,774,0.0
112,112年決算書第三冊.pdf,610,783,0.0
112,112年決算書第三冊.pdf,611,1369,0.0
112,112年決算書第三冊.pdf,612,761,0.0
112,112年決算書第三冊.pdf,613,1272,0.0
112,112年決算書第三冊.pdf,614,341,0.0
112,112年決算書第三冊.pdf,615,713,0.0
112,112年決算書第三冊.pdf,616,545,0.0
112,112年決算書第三冊.pdf,617,513,0.0
112,112年決算書第三冊.pdf,618,207,0.0
112,112年決算書第三冊.pdf,619,793,0.0
112,112年決算書第三冊.pdf,620,455,0.0
112,112年決算書第三冊.pdf,621,93,0.0
112,112年決算書第三冊.pdf,622,210,0.0
112,112年決算書第三冊.pdf,623,1314,0.0
112,112年決算書第三冊.pdf,624,250,0.0
112,112年決算書第三冊.pdf,625,1633,0.0
112,112年決算書第三冊.pdf,626,1162,0.0
112,112年決算書第三冊.pdf,627,297,0.0
112,112年決算書第三冊.pdf,628,152,0.0
112,112年決算書第三冊.pdf,629,1585,0.0
112,112年決算書第三冊.pdf,630,478,0.0
112,112年決算書第三冊.pdf,631,1040,0.0
112,112年決算書第三冊.pdf,632,0,0.0
112,112年決算書第三冊.pdf,633,0,0.0
112,112年決算書第三冊.pdf,634,95,0.0
112,112年決算書第三冊.pdf,635,0,0.0
112,112年決算書第三冊.pdf,636,709,0.0
112,112年決算書第三冊.pdf,637,0,0.0
112,112年決算書第三冊.pdf,638,756,0.0
112,112年決算書第三冊.pdf,639,813,0.0
112,112年決算書第三冊.pdf,640,880,0.0
112,112年決算書第三冊.pdf,641,207,0.0
112,112年決算書第三冊.pdf,642,1363,0.0
112,112年決算書第三冊.pdf,643,687,0.0
112,112年決算書第三冊.pdf,644,1286,0.0
112,112年決算書第三冊.pdf,645,501,0.0
112,112年決算書第三冊.pdf,646,11,0.0
112,112年決算書第三冊.pdf,647,606,0.0
112,112年決算書第三冊.pdf,648,598,0.0
112,112年決算書第三冊.pdf,649,495,0.0
112,112年決算書第三冊.pdf,650,160,0.0
112,112年決算書第三冊.pdf,651,784,0.0
112,112年決算書第三冊.pdf,652,450,0.0
112,112年決算書第三冊.pdf,653,121,0.0
112,112年決算書第三冊.pdf,654,314,0.0
112,112年決算書第三冊.pdf,655,1371,0.0
112,112年決算書第三冊.pdf,656,273,0.0
112,112年決算書第三冊.pdf,657,1584,0.0
112,112年決算書第三冊.pdf,658,1098,0.0
112,112年決算書第三冊.pdf,659,537,0.0
112,112年決算書第三冊.pdf,660,146,0.0
112,112年決算書第三冊.pdf,661,1536,0.0
112,112年決算書第三冊.pdf,662,471,0.0
112,112年決算書第三冊.pdf,663,1003,0.0
112,112年決算書第三冊.pdf,664,0,0.0
112,112年決算書第三冊.pdf,665,0,0.0
112,112年決算書第三冊.pdf,666,95,0.0
112,112年決算書第三冊.pdf,667,0,0.0
112,112年決算書第三冊.pdf,668,707,0.0
112,112年決算書第三冊.pdf,669,0,0.0
112,112年決算書第三冊.pdf,670,790,0.0
112,112年決算書第三冊.pdf,671,843,0.0
112,112年決算書第三冊.pdf,672,872,0.0
112,112年決算書第三冊.pdf,673,1156,0.0
112,112年決算書第三冊.pdf,674,612,0.0
112,112年決算書第三冊.pdf,675,1190,0.0
112,112年決算書第三冊.pdf,676,385,0.0
112,112年決算書第三冊.pdf,677,588,0.0
112,112年決算書第三冊.pdf,678,247,0.0
112,112年決算書第三冊.pdf,679,317,0.0
112,112年決算書第三冊.pdf,680,176,0.0
112,112年決算書第三冊.pdf,681,650,0.0
112,112年決算書第三冊.pdf,682,371,0.0
112,112年決算書第三冊.pdf,683,93,0.0
112,112年決算書第三冊.pdf,684,341,0.0
112,112年決算書第三冊.pdf,685,1220,0.0
112,112年決算書第三冊.pdf,686,253,0.0
112,112年決算書第三冊.pdf,687,1615,0.0
112,112年決算書第三冊.pdf,688,987,0.0
112,112年決算書第三冊.pdf,689,280,0.0
112,112年決算書第三冊.pdf,690,146,0.0
112,112年決算書第三冊.pdf,691,1492,0.0
112,112年決算書第三冊.pdf,692,467,0.0
112,112年決算書第三冊.pdf,693,931,0.0
112,112年決算書第三冊.pdf,694,0,0.0
112,112年決算書第三冊.pdf,695,0,0.0
112,112年決算書第三冊.pdf,696,95,0.0
112,112年決算書第三冊.pdf,697,0,0.0
112,112年決算書第三冊.pdf,698,707,0.0
112,112年決算書第三冊.pdf,699,0,0.0
112,112年決算書第三冊.pdf,700,734,0.0
112,112年決算書第三冊.pdf,701,744,0.0
112,112年決算書第三冊.pdf,702,684,0.0
112,112年決算書第三冊.pdf,703,1251,0.0
112,112年決算書第三冊.pdf,704,693,0.0
112,112年決算書第三冊.pdf,705,1262,0.0
112,112年決算書第三冊.pdf,706,246,0.0
112,112年決算書第三冊.pdf,707,734,0.0
112,112年決算書第三冊.pdf,708,260,0.0
112,112年決算書第三冊.pdf,709,453,0.0
112,112年決算書第三冊.pdf,710,149,0.0
112,112年決算書第三冊.pdf,711,741,0.0
112,112年決算書第三冊.pdf,712,438,0.0
112,112年決算書第三冊.pdf,713,93,0.0
112,112年決算書第三冊.pdf,714,212,0.0
112,112年決算書第三冊.pdf,715,1253,0.0
112,112年決算書第三冊.pdf,716,255,0.0
112,112年決算書第三冊.pdf,717,1778,1.0
112,112年決算書第三冊.pdf,718,1059,1.0
112,112年決算書第三冊.pdf,719,370,1.0
112,112年決算書第三冊.pdf,720,176,1.0
112,112年決算書第三冊.pdf,721,1541,0.0
112,112年決算書第三冊.pdf,722,473,0.0
112,112年決算書第三冊.pdf,723,959,0.0
112,112年決算書第三冊.pdf,724,0,0.0
112,112年決算書第三冊.pdf,725,0,0.0
112,112年決算書第三冊.pdf,726,95,0.0
112,112年決算書第三冊.pdf,727,0,0.0
112,112年決算書第三冊.pdf,728,705,0.0
112,112年決算書第三冊.pdf,729,0,0.0
112,112年決算書第三冊.pdf,730,769,0.0
112,112年決算書第三冊.pdf,731,809,0.0
112,112年決算書第三冊.pdf,732,877,0.0
112,112年決算書第三冊.pdf,733,186,0.0
112,112年決算書第三冊.pdf,734,1376,0.0
112,112年決算書第三冊.pdf,735,746,0.0
112,112年決算書第三冊.pdf,736,1283,0.0
112,112年決算書第三冊.pdf,737,539,0.0
112,112年決算書第三冊.pdf,738,11,0.0
112,112年決算書第三冊.pdf,739,539,0.0
112,112年決算書第三冊.pdf,740,487,0.0
112,112年決算書第三冊.pdf,741,462,0.0
112,112年決算書第三冊.pdf,742,189,0.0
112,112年決算書第三冊.pdf,743,806,0.0
112,112年決算書第三冊.pdf,744,463,0.0
112,112年決算書第三冊.pdf,745,93,0.0
112,112年決算書第三冊.pdf,746,352,0.0
112,112年決算書第三冊.pdf,747,1362,0.0
112,112年決算書第三冊.pdf,748,261,0.0
112,112年決算書第三冊.pdf,749,1639,0.0
112,112年決算書第三冊.pdf,750,882,0.0
112,112年決算書第三冊.pdf,751,205,0.0
112,112年決算書第三冊.pdf,752,140,0.0
112,112年決算書第三冊.pdf,753,1592,0.0
112,112年決算書第三冊.pdf,754,476,0.0
112,112年決算書第三冊.pdf,755,964,0.0
112,112年決算書第三冊.pdf,756,0,0.0
112,112年決算書第三冊.pdf,757,0,0.0
112,112年決算書第四冊.pdf,0,1276,0.0
112,112年決算書第四冊.pdf,1,1208,0.0
112,112年決算書第四冊.pdf,2,95,0.0
112,112年決算書第四冊.pdf,3,0,0.0
112,112年決算書第四冊.pdf,4,707,0.0
112,112年決算書第四冊.pdf,5,0,0.0
112,112年決算書第四冊.pdf,6,753,0.0
112,112年決算書第四冊.pdf,7,796,0.0
112,112年決算書第四冊.pdf,8,873,0.0
112,112年決算書第四冊.pdf,9,1150,0.0
112,112年決算書第四冊.pdf,10,579,0.0
112,112年決算書第四冊.pdf,11,1257,0.0
112,112年決算書第四冊.pdf,12,407,0.0
112,112年決算書第四冊.pdf,13,864,0.0
112,112年決算書第四冊.pdf,14,276,0.0
112,112年決算書第四冊.pdf,15,547,0.0
112,112年決算書第四冊.pdf,16,135,0.0
112,112年決算書第四冊.pdf,17,696,0.0
112,112年決算書第四冊.pdf,18,442,0.0
112,112年決算書第四冊.pdf,19,93,0.0
112,112年決算書第四冊.pdf,20,312,0.0
112,112年決算書第四冊.pdf,21,1299,0.0
112,112年決算書第四冊.pdf,22,241,0.0
112,112年決算書第四冊.pdf,23,1629,0.0
112,112年決算書第四冊.pdf,24,942,0.0
112,112年決算書第四冊.pdf,25,462,0.0
112,112年決算書第四冊.pdf,26,153,0.0
112,112年決算書第四冊.pdf,27,1431,0.0
112,112年決算書第四冊.pdf,28,476,0.0
112,112年決算書第四冊.pdf,29,933,0.0
112,112年決算書第四冊.pdf,30,0,0.0
112,112年決算書第四冊.pdf,31,0,0.0
112,112年決算書第四冊.pdf,32,95,0.0
112,112年決算書第四冊.pdf,33,0,0.0
112,112年決算書第四冊.pdf,34,707,0.0
112,112年決算書第四冊.pdf,35,0,0.0
112,112年決算書第四冊.pdf,36,803,0.0
112,112年決算書第四冊.pdf,37,809,0.0
112,112年決算書第四冊.pdf,38,549,0.0
112,112年決算書第四冊.pdf,39,1126,0.0
112,112年決算書第四冊.pdf,40,565,0.0
112,112年決算書第四冊.pdf,41,1296,0.0
112,112年決算書第四冊.pdf,42,444,0.0
112,112年決算書第四冊.pdf,43,674,0.0
112,112年決算書第四冊.pdf,44,245,0.0
112,112年決算書第四冊.pdf,45,430,0.0
112,112年決算書第四冊.pdf,46,143,0.0
112,112年決算書第四冊.pdf,47,742,0.0
112,112年決算書第四冊.pdf,48,471,0.0
112,112年決算書第四冊.pdf,49,121,0.0
112,112年決算書第四冊.pdf,50,262,0.0
112,112年決算書第四冊.pdf,51,1390,0.0
112,112年決算書第四冊.pdf,52,316,0.0
112,112年決算書第四冊.pdf,53,1612,0.0
112,112年決算書第四冊.pdf,54,952,0.0
112,112年決算書第四冊.pdf,55,299,0.0
112,112年決算書第四冊.pdf,56,152,0.0
112,112年決算書第四冊.pdf,57,1413,0.0
112,112年決算書第四冊.pdf,58,477,0.0
112,112年決算書第四冊.pdf,59,902,0.0
112,112年決算書第四冊.pdf,60,0,0.0
112,112年決算書第四冊.pdf,61,0,0.0
112,112年決算書第四冊.pdf,62,95,0.0
112,112年決算書第四冊.pdf,63,0,0.0
112,112年決算書第四冊.pdf,64,707,0.0
112,112年決算書第四冊.pdf,65,0,0.0
112,112年決算書第四冊.pdf,66,827,0.0
112,112年決算書第四冊.pdf,67,873,0.0
112,112年決算書第四冊.pdf,68,362,0.0
112,112年決算書第四冊.pdf,69,1102,0.0
112,112年決算書第四冊.pdf,70,522,0.0
112,112年決算書第四冊.pdf,71,1128,0.0
112,112年決算書第四冊.pdf,72,254,0.0
112,112年決算書第四冊.pdf,73,679,0.0
112,112年決算書第四冊.pdf,74,260,0.0
112,112年決算書第四冊.pdf,75,411,0.0
112,112年決算書第四冊.pdf,76,129,0.0
112,112年決算書第四冊.pdf,77,660,0.0
112,112年決算書第四冊.pdf,78,382,0.0
112,112年決算書第四冊.pdf,79,119,0.0
112,112年決算書第四冊.pdf,80,247,0.0
112,112年決算書第四冊.pdf,81,1097,0.0
112,112年決算書第四冊.pdf,82,193,0.0
112,112年決算書第四冊.pdf,83,1558,0.0
112,112年決算書第四冊.pdf,84,918,0.0
112,112年決算書第四冊.pdf,85,429,0.0
112,112年決算書第四冊.pdf,86,137,0.0
112,112年決算書第四冊.pdf,87,1455,0.0
112,112年決算書第四冊.pdf,88,458,0.0
112,112年決算書第四冊.pdf,89,806,0.0
112,112年決算書第四冊.pdf,90,0,0.0
112,112年決算書第四冊.pdf,91,0,0.0
112,112年決算書第四冊.pdf,92,95,0.0
112,112年決算書第四冊.pdf,93,0,0.0
112,112年決算書第四冊.pdf,94,709,0.0
112,112年決算書第四冊.pdf,95,0,0.0
112,112年決算書第四冊.pdf,96,759,0.0
112,112年決算書第四冊.pdf,97,752,0.0
112,112年決算書第四冊.pdf,98,902,0.0
112,112年決算書第四冊.pdf,99,87,0.0
112,112年決算書第四冊.pdf,100,1263,0.0
112,112年決算書第四冊.pdf,101,621,0.0
112,112年決算書第四冊.pdf,102,1250,0.0
112,112年決算書第四冊.pdf,103,420,0.0
112,112年決算書第四冊.pdf,104,11,0.0
112,112年決算書第四冊.pdf,105,502,0.0
112,112年決算書第四冊.pdf,106,556,0.0
112,112年決算書第四冊.pdf,107,437,0.0
112,112年決算書第四冊.pdf,108,144,0.0
112,112年決算書第四冊.pdf,109,684,0.0
112,112年決算書第四冊.pdf,110,401,0.0
112,112年決算書第四冊.pdf,111,103,0.0
112,112年決算書第四冊.pdf,112,362,0.0
112,112年決算書第四冊.pdf,113,1228,0.0
112,112年決算書第四冊.pdf,114,278,0.0
112,112年決算書第四冊.pdf,115,1588,0.0
112,112年決算書第四冊.pdf,116,914,0.0
112,112年決算書第四冊.pdf,117,277,0.0
112,112年決算書第四冊.pdf,118,128,0.0
112,112年決算書第四冊.pdf,119,1529,0.0
112,112年決算書第四冊.pdf,120,467,0.0
112,112年決算書第四冊.pdf,121,931,0.0
112,112年決算書第四冊.pdf,122,0,0.0
112,112年決算書第四冊.pdf,123,0,0.0
112,112年決算書第四冊.pdf,124,95,0.0
112,112年決算書第四冊.pdf,125,0,0.0
112,112年決算書第四冊.pdf,126,709,0.0
112,112年決算書第四冊.pdf,127,0,0.0
112,112年決算書第四冊.pdf,128,792,0.0
112,112年決算書第四冊.pdf,129,783,0.0
112,112年決算書第四冊.pdf,130,910,0.0
112,112年決算書第四冊.pdf,131,154,0.0
112,112年決算書第四冊.pdf,132,1204,0.0
112,112年決算書第四冊.pdf,133,614,0.0
112,112年決算書第四冊.pdf,134,1263,0.0
112,112年決算書第四冊.pdf,135,170,0.0
112,112年決算書第四冊.pdf,136,11,0.0
112,112年決算書第四冊.pdf,137,499,0.0
112,112年決算書第四冊.pdf,138,508,0.0
112,112年決算書第四冊.pdf,139,508,0.0
112,112年決算書第四冊.pdf,140,122,0.0
112,112年決算書第四冊.pdf,141,642,0.0
112,112年決算書第四冊.pdf,142,392,0.0
112,112年決算書第四冊.pdf,143,93,0.0
112,112年決算書第四冊.pdf,144,248,0.0
112,112年決算書第四冊.pdf,145,1182,0.0
112,112年決算書第四冊.pdf,146,228,0.0
112,112年決算書第四冊.pdf,147,1652,0.0
112,112年決算書第四冊.pdf,148,979,0.0
112,112年決算書第四冊.pdf,149,289,0.0
112,112年決算書第四冊.pdf,150,153,0.0
112,112年決算書第四冊.pdf,151,1585,0.0
112,112年決算書第四冊.pdf,152,472,0.0
112,112年決算書第四冊.pdf,153,915,0.0
112,112年決算書第四冊.pdf,154,0,0.0
112,112年決算書第四冊.pdf,155,0,0.0
112,112年決算書第四冊.pdf,156,95,0.0
112,112年決算書第四冊.pdf,157,0,0.0
112,112年決算書第四冊.pdf,158,707,0.0
112,112年決算書第四冊.pdf,159,0,0.0
112,112年決算書第四冊.pdf,160,792,0.0
112,112年決算書第四冊.pdf,161,800,0.0
112,112年決算書第四冊.pdf,162,589,0.0
112,112年決算書第四冊.pdf,163,1187,0.0
112,112年決算書第四冊.pdf,164,573,0.0
112,112年決算書第四冊.pdf,165,1306,0.0
112,112年決算書第四冊.pdf,166,296,0.0
112,112年決算書第四冊.pdf,167,729,0.0
112,112年決算書第四冊.pdf,168,291,0.0
112,112年決算書第四冊.pdf,169,408,0.0
112,112年決算書第四冊.pdf,170,142,0.0
112,112年決算書第四冊.pdf,171,724,0.0
112,112年決算書第四冊.pdf,172,445,0.0
112,112年決算書第四冊.pdf,173,93,0.0
112,112年決算書第四冊.pdf,174,260,0.0
112,112年決算書第四冊.pdf,175,1237,0.0
112,112年決算書第四冊.pdf,176,235,0.0
112,112年決算書第四冊.pdf,177,1881,1.0
112,112年決算書第四冊.pdf,178,1207,1.0
112,112年決算書第四冊.pdf,179,355,1.0
112,112年決算書第四冊.pdf,180,188,1.0
112,112年決算書第四冊.pdf,181,1449,0.0
112,112年決算書第四冊.pdf,182,477,0.0
112,112年決算書第四冊.pdf,183,914,0.0
112,112年決算書第四冊.pdf,184,0,0.0
112,112年決算書第四冊.pdf,185,0,0.0
112,112年決算書第四冊.pdf,186,95,0.0
112,112年決算書第四冊.pdf,187,0,0.0
112,112年決算書第四冊.pdf,188,707,0.0
112,112年決算書第四冊.pdf,189,0,0.0
112,112年決算書第四冊.pdf,190,749,0.0
112,112年決算書第四冊.pdf,191,846,0.0
112,112年決算書第四冊.pdf,192,832,0.0
112,112年決算書第四冊.pdf,193,1304,0.0
112,112年決算書第四冊.pdf,194,764,0.0
112,112年決算書第四冊.pdf,195,1311,0.0
112,112年決算書第四冊.pdf,196,394,0.0
112,112年決算書第四冊.pdf,197,801,0.0
112,112年決算書第四冊.pdf,198,277,0.0
112,112年決算書第四冊.pdf,199,451,0.0
112,112年決算書第四冊.pdf,200,142,0.0
112,112年決算書第四冊.pdf,201,742,0.0
112,112年決算書第四冊.pdf,202,463,0.0
112,112年決算書第四冊.pdf,203,106,0.0
112,112年決算書第四冊.pdf,204,319,0.0
112,112年決算書第四冊.pdf,205,1331,0.0
112,112年決算書第四冊.pdf,206,252,0.0
112,112年決算書第四冊.pdf,207,1651,0.0
112,112年決算書第四冊.pdf,208,1034,0.0
112,112年決算書第四冊.pdf,209,443,0.0
112,112年決算書第四冊.pdf,210,141,0.0
112,112年決算書第四冊.pdf,211,1504,0.0
112,112年決算書第四冊.pdf,212,480,0.0
112,112年決算書第四冊.pdf,213,971,0.0
112,112年決算書第四冊.pdf,214,0,0.0
112,112年決算書第四冊.pdf,215,0,0.0
112,112年決算書第四冊.pdf,216,95,0.0
112,112年決算書第四冊.pdf,217,0,0.0
112,112年決算書第四冊.pdf,218,707,0.0
112,112年決算書第四冊.pdf,219,0,0.0
112,112年決算書第四冊.pdf,220,801,0.0
112,112年決算書第四冊.pdf,221,767,0.0
112,112年決算書第四冊.pdf,222,781,0.0
112,112年決算書第四冊.pdf,223,1252,0.0
112,112年決算書第四冊.pdf,224,677,0.0
112,112年決算書第四冊.pdf,225,1263,0.0
112,112年決算書第四冊.pdf,226,305,0.0
112,112年決算書第四冊.pdf,227,738,0.0
112,112年決算書第四冊.pdf,228,269,0.0
112,112年決算書第四冊.pdf,229,398,0.0
112,112年決算書第四冊.pdf,230,178,0.0
112,112年決算書第四冊.pdf,231,732,0.0
112,112年決算書第四冊.pdf,232,444,0.0
112,112年決算書第四冊.pdf,233,93,0.0
112,112年決算書第四冊.pdf,234,308,0.0
112,112年決算書第四冊.pdf,235,1193,0.0
112,112年決算書第四冊.pdf,236,235,0.0
112,112年決算書第四冊.pdf,237,1648,0.0
112,112年決算書第四冊.pdf,238,1110,0.0
112,112年決算書第四冊.pdf,239,392,0.0
112,112年決算書第四冊.pdf,240,150,0.0
112,112年決算書第四冊.pdf,241,1488,0.0
112,112年決算書第四冊.pdf,242,472,0.0
112,112年決算書第四冊.pdf,243,934,0.0
112,112年決算書第四冊.pdf,244,0,0.0
112,112年決算書第四冊.pdf,245,0,0.0
112,112年決算書第四冊.pdf,246,95,0.0
112,112年決算書第四冊.pdf,247,0,0.0
112,112年決算書第四冊.pdf,248,707,0.0
112,112年決算書第四冊.pdf,249,0,0.0
112,112年決算書第四冊.pdf,250,775,0.0
112,112年決算書第四冊.pdf,251,859,0.0
112,112年決算書第四冊.pdf,252,510,0.0
112,112年決算書第四冊.pdf,253,1334,1.0
112,112年決算書第四冊.pdf,254,693,1.0
112,112年決算書第四冊.pdf,255,1375,1.0
112,112年決算書第四冊.pdf,256,354,1.0
112,112年決算書第四冊.pdf,257,786,1.0
112,112年決算書第四冊.pdf,258,291,1.0
112,112年決算書第四冊.pdf,259,471,0.0
112,112年決算書第四冊.pdf,260,275,1.0
112,112年決算書第四冊.pdf,261,739,1.0
112,112年決算書第四冊.pdf,262,530,1.0
112,112年決算書第四冊.pdf,263,133,1.0
112,112年決算書第四冊.pdf,264,273,1.0
112,112年決算書第四冊.pdf,265,1408,1.0
112,112年決算書第四冊.pdf,266,270,1.0
112,112年決算書第四冊.pdf,267,1765,1.0
112,112年決算書第四冊.pdf,268,1065,1.0
112,112年決算書第四冊.pdf,269,344,1.0
112,112年決算書第四冊.pdf,270,175,1.0
112,112年決算書第四冊.pdf,271,1564,1.0
112,112年決算書第四冊.pdf,272,552,1.0
112,112年決算書第四冊.pdf,273,923,1.0
112,112年決算書第四冊.pdf,274,0,0.0
112,112年決算書第四冊.pdf,275,0,0.0
112,112年決算書第四冊.pdf,276,95,0.0
112,112年決算書第四冊.pdf,277,0,0.0
112,112年決算書第四冊.pdf,278,707,0.0
112,112年決算書第四冊.pdf,279,0,0.0
112,112年決算書第四冊.pdf,280,693,0.0
112,112年決算書第四冊.pdf,281,796,0.0
112,112年決算書第四冊.pdf,282,726,0.0
112,112年決算書第四冊.pdf,283,1144,0.0
112,112年決算書第四冊.pdf,284,638,0.0
112,112年決算書第四冊.pdf,285,1266,0.0
112,112年決算書第四冊.pdf,286,323,0.0
112,112年決算書第四冊.pdf,287,609,0.0
112,112年決算書第四冊.pdf,288,642,0.0
112,112年決算書第四冊.pdf,289,451,0.0
112,112年決算書第四冊.pdf,290,150,0.0
112,112年決算書第四冊.pdf,291,748,0.0
112,112年決算書第四冊.pdf,292,474,0.0
112,112年決算書第四冊.pdf,293,93,0.0
112,112年決算書第四冊.pdf,294,316,0.0
112,112年決算書第四冊.pdf,295,1180,0.0
112,112年決算書第四冊.pdf,296,256,0.0
112,112年決算書第四冊.pdf,297,1698,0.0
112,112年決算書第四冊.pdf,298,938,0.0
112,112年決算書第四冊.pdf,299,523,0.0
112,112年決算書第四冊.pdf,300,157,0.0
112,112年決算書第四冊.pdf,301,1533,0.0
112,112年決算書第四冊.pdf,302,480,0.0
112,112年決算書第四冊.pdf,303,936,0.0
112,112年決算書第四冊.pdf,304,0,0.0
112,112年決算書第四冊.pdf,305,0,0.0
112,112年決算書第四冊.pdf,306,95,0.0
112,112年決算書第四冊.pdf,307,0,0.0
112,112年決算書第四冊.pdf,308,707,0.0
112,112年決算書第四冊.pdf,309,0,0.0
112,112年決算書第四冊.pdf,310,801,0.0
112,112年決算書第四冊.pdf,311,782,0.0
112,112年決算書第四冊.pdf,312,833,0.0
112,112年決算書第四冊.pdf,313,1150,0.0
112,112年決算書第四冊.pdf,314,581,0.0
112,112年決算書第四冊.pdf,315,1205,0.0
112,112年決算書第四冊.pdf,316,358,0.0
112,112年決算書第四冊.pdf,317,522,0.0
112,112年決算書第四冊.pdf,318,535,0.0
112,112年決算書第四冊.pdf,319,527,0.0
112,112年決算書第四冊.pdf,320,135,0.0
112,112年決算書第四冊.pdf,321,690,0.0
112,112年決算書第四冊.pdf,322,460,0.0
112,112年決算書第四冊.pdf,323,93,0.0
112,112年決算書第四冊.pdf,324,349,0.0
112,112年決算書第四冊.pdf,325,1148,0.0
112,112年決算書第四冊.pdf,326,241,0.0
112,112年決算書第四冊.pdf,327,1842,1.0
112,112年決算書第四冊.pdf,328,1092,1.0
112,112年決算書第四冊.pdf,329,258,1.0
112,112年決算書第四冊.pdf,330,189,1.0
112,112年決算書第四冊.pdf,331,1494,0.0
112,112年決算書第四冊.pdf,332,473,0.0
112,112年決算書第四冊.pdf,333,930,0.0
112,112年決算書第四冊.pdf,334,0,0.0
112,112年決算書第四冊.pdf,335,0,0.0
112,112年決算書第四冊.pdf,336,95,0.0
112,112年決算書第四冊.pdf,337,0,0.0
112,112年決算書第四冊.pdf,338,709,0.0
112,112年決算書第四冊.pdf,339,0,0.0
112,112年決算書第四冊.pdf,340,775,0.0
112,112年決算書第四冊.pdf,341,774,0.0
112,112年決算書第四冊.pdf,342,870,0.0
112,112年決算書第四冊.pdf,343,87,0.0
112,112年決算書第四冊.pdf,344,1342,0.0
112,112年決算書第四冊.pdf,345,711,0.0
112,112年決算書第四冊.pdf,346,1279,0.0
112,112年決算書第四冊.pdf,347,306,0.0
112,112年決算書第四冊.pdf,348,11,0.0
112,112年決算書第四冊.pdf,349,832,0.0
112,112年決算書第四冊.pdf,350,281,0.0
112,112年決算書第四冊.pdf,351,509,0.0
112,112年決算書第四冊.pdf,352,147,0.0
112,112年決算書第四冊.pdf,353,750,0.0
112,112年決算書第四冊.pdf,354,451,0.0
112,112年決算書第四冊.pdf,355,103,0.0
112,112年決算書第四冊.pdf,356,303,0.0
112,112年決算書第四冊.pdf,357,1217,0.0
112,112年決算書第四冊.pdf,358,241,0.0
112,112年決算書第四冊.pdf,359,1575,0.0
112,112年決算書第四冊.pdf,360,1050,0.0
112,112年決算書第四冊.pdf,361,458,0.0
112,112年決算書第四冊.pdf,362,190,0.0
112,112年決算書第四冊.pdf,363,1590,0.0
112,112年決算書第四冊.pdf,364,468,0.0
112,112年決算書第四冊.pdf,365,978,0.0
112,112年決算書第四冊.pdf,366,0,0.0
112,112年決算書第四冊.pdf,367,0,0.0
112,112年決算書第四冊.pdf,368,95,0.0
112,112年決算書第四冊.pdf,369,0,0.0
112,112年決算書第四冊.pdf,370,707,0.0
112,112年決算書第四冊.pdf,371,0,0.0
112,112年決算書第四冊.pdf,372,777,0.0
112,112年決算書第四冊.pdf,373,779,0.0
112,112年決算書第四冊.pdf,374,695,0.0
112,112年決算書第四冊.pdf,375,1225,0.0
112,112年決算書第四冊.pdf,376,651,0.0
112,112年決算書第四冊.pdf,377,1200,0.0
112,112年決算書第四冊.pdf,378,172,0.0
112,112年決算書第四冊.pdf,379,611,0.0
112,112年決算書第四冊.pdf,380,272,0.0
112,112年決算書第四冊.pdf,381,335,0.0
112,112年決算書第四冊.pdf,382,182,0.0
112,112年決算書第四冊.pdf,383,652,0.0
112,112年決算書第四冊.pdf,384,371,0.0
112,112年決算書第四冊.pdf,385,105,0.0
112,112年決算書第四冊.pdf,386,245,0.0
112,112年決算書第四冊.pdf,387,1064,0.0
112,112年決算書第四冊.pdf,388,228,0.0
112,112年決算書第四冊.pdf,389,1664,0.0
112,112年決算書第四冊.pdf,390,878,0.0
112,112年決算書第四冊.pdf,391,283,0.0
112,112年決算書第四冊.pdf,392,139,0.0
112,112年決算書第四冊.pdf,393,1447,0.0
112,112年決算書第四冊.pdf,394,469,0.0
112,112年決算書第四冊.pdf,395,882,0.0
112,112年決算書第四冊.pdf,396,0,0.0
112,112年決算書第四冊.pdf,397,0,0.0
112,112年決算書第四冊.pdf,398,95,0.0
112,112年決算書第四冊.pdf,399,0,0.0
112,112年決算書第四冊.pdf,400,707,0.0
112,112年決算書第四冊.pdf,401,0,0.0
112,112年決算書第四冊.pdf,402,742,0.0
112,112年決算書第四冊.pdf,403,849,0.0
112,112年決算書第四冊.pdf,404,499,0.0
112,112年決算書第四冊.pdf,405,1130,0.0
112,112年決算書第四冊.pdf,406,533,0.0
112,112年決算書第四冊.pdf,407,1222,0.0
112,112年決算書第四冊.pdf,408,166,0.0
112,112年決算書第四冊.pdf,409,632,0.0
112,112年決算書第四冊.pdf,410,226,0.0
112,112年決算書第四冊.pdf,411,402,0.0
112,112年決算書第四冊.pdf,412,129,0.0
112,112年決算書第四冊.pdf,413,665,0.0
112,112年決算書第四冊.pdf,414,429,0.0
112,112年決算書第四冊.pdf,415,93,0.0
112,112年決算書第四冊.pdf,416,261,0.0
112,112年決算書第四冊.pdf,417,1087,0.0
112,112年決算書第四冊.pdf,418,231,0.0
112,112年決算書第四冊.pdf,419,1349,0.0
112,112年決算書第四冊.pdf,420,867,0.0
112,112年決算書第四冊.pdf,421,1392,0.0
112,112年決算書第四冊.pdf,422,470,0.0
112,112年決算書第四冊.pdf,423,856,0.0
112,112年決算書第四冊.pdf,424,0,0.0
112,112年決算書第四冊.pdf,425,0,0.0
112,112年決算書第四冊.pdf,426,95,0.0
112,112年決算書第四冊.pdf,427,0,0.0
112,112年決算書第四冊.pdf,428,707,0.0
112,112年決算書第四冊.pdf,429,0,0.0
112,112年決算書第四冊.pdf,430,817,0.0
112,112年決算書第四冊.pdf,431,836,0.0
112,112年決算書第四冊.pdf,432,508,0.0
112,112年決算書第四冊.pdf,433,1178,0.0
112,112年決算書第四冊.pdf,434,627,0.0
112,112年決算書第四冊.pdf,435,1252,0.0
112,112年決算書第四冊.pdf,436,104,0.0
112,112年決算書第四冊.pdf,437,503,0.0
112,112年決算書第四冊.pdf,438,440,0.0
112,112年決算書第四冊.pdf,439,397,0.0
112,112年決算書第四冊.pdf,440,118,0.0
112,112年決算書第四冊.pdf,441,674,0.0
112,112年決算書第四冊.pdf,442,427,0.0
112,112年決算書第四冊.pdf,443,93,0.0
112,112年決算書第四冊.pdf,444,239,0.0
112,112年決算書第四冊.pdf,445,1106,0.0
112,112年決算書第四冊.pdf,446,229,0.0
112,112年決算書第四冊.pdf,447,1756,1.0
112,112年決算書第四冊.pdf,448,1044,1.0
112,112年決算書第四冊.pdf,449,497,1.0
112,112年決算書第四冊.pdf,450,167,1.0
112,112年決算書第四冊.pdf,451,1451,0.0
112,112年決算書第四冊.pdf,452,464,0.0
112,112年決算書第四冊.pdf,453,862,0.0
112,112年決算書第四冊.pdf,454,0,0.0
112,112年決算書第四冊.pdf,455,0,0.0
112,112年決算書第四冊.pdf,456,95,0.0
112,112年決算書第四冊.pdf,457,0,0.0
112,112年決算書第四冊.pdf,458,707,0.0
112,112年決算書第四冊.pdf,459,0,0.0
112,112年決算書第四冊.pdf,460,775,0.0
112,112年決算書第四冊.pdf,461,769,0.0
112,112年決算書第四冊.pdf,462,664,0.0
112,112年決算書第四冊.pdf,463,1240,0.0
112,112年決算書第四冊.pdf,464,685,0.0
112,112年決算書第四冊.pdf,465,1213,0.0
112,112年決算書第四冊.pdf,466,11,0.0
112,112年決算書第四冊.pdf,467,436,0.0
112,112年決算書第四冊.pdf,468,421,0.0
112,112年決算書第四冊.pdf,469,334,0.0
112,112年決算書第四冊.pdf,470,120,0.0
112,112年決算書第四冊.pdf,471,634,0.0
112,112年決算書第四冊.pdf,472,385,0.0
112,112年決算書第四冊.pdf,473,93,0.0
112,112年決算書第四冊.pdf,474,205,0.0
112,112年決算書第四冊.pdf,475,1068,0.0
112,112年決算書第四冊.pdf,476,245,0.0
112,112年決算書第四冊.pdf,477,1594,0.0
112,112年決算書第四冊.pdf,478,868,0.0
112,112年決算書第四冊.pdf,479,295,0.0
112,112年決算書第四冊.pdf,480,139,0.0
112,112年決算書第四冊.pdf,481,1543,0.0
112,112年決算書第四冊.pdf,482,472,0.0
112,112年決算書第四冊.pdf,483,922,0.0
112,112年決算書第四冊.pdf,484,0,0.0
112,112年決算書第四冊.pdf,485,0,0.0
112,112年決算書第四冊.pdf,486,95,0.0
112,112年決算書第四冊.pdf,487,0,0.0
112,112年決算書第四冊.pdf,488,707,0.0
112,112年決算書第四冊.pdf,489,0,0.0
112,112年決算書第四冊.pdf,490,813,0.0
112,112年決算書第四冊.pdf,491,911,0.0
112,112年決算書第四冊.pdf,492,667,0.0
112,112年決算書第四冊.pdf,493,1295,0.0
112,112年決算書第四冊.pdf,494,702,0.0
112,112年決算書第四冊.pdf,495,1214,0.0
112,112年決算書第四冊.pdf,496,393,0.0
112,112年決算書第四冊.pdf,497,776,0.0
112,112年決算書第四冊.pdf,498,262,0.0
112,112年決算書第四冊.pdf,499,446,0.0
112,112年決算書第四冊.pdf,500,201,0.0
112,112年決算書第四冊.pdf,501,763,0.0
112,112年決算書第四冊.pdf,502,443,0.0
112,112年決算書第四冊.pdf,503,113,0.0
112,112年決算書第四冊.pdf,504,262,0.0
112,112年決算書第四冊.pdf,505,1274,0.0
112,112年決算書第四冊.pdf,506,257,0.0
112,112年決算書第四冊.pdf,507,1674,0.0
112,112年決算書第四冊.pdf,508,984,0.0
112,112年決算書第四冊.pdf,509,313,0.0
112,112年決算書第四冊.pdf,510,158,0.0
112,112年決算書第四冊.pdf,511,1593,0.0
112,112年決算書第四冊.pdf,512,480,0.0
112,112年決算書第四冊.pdf,513,980,0.0
112,112年決算書第四冊.pdf,514,0,0.0
112,112年決算書第四冊.pdf,515,0,0.0
112,112年決算書第四冊.pdf,516,95,0.0
112,112年決算書第四冊.pdf,517,0,0.0
112,112年決算書第四冊.pdf,518,707,0.0
112,112年決算書第四冊.pdf,519,0,0.0
112,112年決算書第四冊.pdf,520,731,0.0
112,112年決算書第四冊.pdf,521,813,0.0
112,112年決算書第四冊.pdf,522,702,0.0
112,112年決算書第四冊.pdf,523,1255,0.0
112,112年決算書第四冊.pdf,524,720,0.0
112,112年決算書第四冊.pdf,525,1292,0.0
112,112年決算書第四冊.pdf,526,170,0.0
112,112年決算書第四冊.pdf,527,456,0.0
112,112年決算書第四冊.pdf,528,448,0.0
112,112年決算書第四冊.pdf,529,368,0.0
112,112年決算書第四冊.pdf,530,183,0.0
112,112年決算書第四冊.pdf,531,674,0.0
112,112年決算書第四冊.pdf,532,389,0.0
112,112年決算書第四冊.pdf,533,103,0.0
112,112年決算書第四冊.pdf,534,253,0.0
112,112年決算書第四冊.pdf,535,1145,0.0
112,112年決算書第四冊.pdf,536,235,0.0
112,112年決算書第四冊.pdf,537,0,0.0
112,112年決算書第四冊.pdf,538,0,0.0
112,112年決算書第四冊.pdf,539,0,0.0
112,112年決算書第四冊.pdf,540,0,0.0
112,112年決算書第四冊.pdf,541,1477,0.0
112,112年決算書第四冊.pdf,542,471,0.0
112,112年決算書第四冊.pdf,543,891,0.0
112,112年決算書第四冊.pdf,544,0,0.0
112,112年決算書第四冊.pdf,545,0,0.0
112,112年決算書第四冊.pdf,546,97,0.0
112,112年決算書第四冊.pdf,547,0,0.0
112,112年決算書第四冊.pdf,548,708,0.0
112,112年決算書第四冊.pdf,549,0,0.0
112,112年決算書第四冊.pdf,550,788,0.0
112,112年決算書第四冊.pdf,551,750,0.0
112,112年決算書第四冊.pdf,552,733,0.0
112,112年決算書第四冊.pdf,553,1278,0.0
112,112年決算書第四冊.pdf,554,649,0.0
112,112年決算書第四冊.pdf,555,1266,0.0
112,112年決算書第四冊.pdf,556,387,0.0
112,112年決算書第四冊.pdf,557,812,0.0
112,112年決算書第四冊.pdf,558,286,0.0
112,112年決算書第四冊.pdf,559,443,0.0
112,112年決算書第四冊.pdf,560,139,0.0
112,112年決算書第四冊.pdf,561,674,0.0
112,112年決算書第四冊.pdf,562,440,0.0
112,112年決算書第四冊.pdf,563,94,0.0
112,112年決算書第四冊.pdf,564,212,0.0
112,112年決算書第四冊.pdf,565,1402,0.0
112,112年決算書第四冊.pdf,566,231,0.0
112,112年決算書第四冊.pdf,567,1661,0.0
112,112年決算書第四冊.pdf,568,926,0.0
112,112年決算書第四冊.pdf,569,509,0.0
112,112年決算書第四冊.pdf,570,156,0.0
112,112年決算書第四冊.pdf,571,1541,0.0
112,112年決算書第四冊.pdf,572,475,0.0
112,112年決算書第四冊.pdf,573,943,0.0
112,112年決算書第四冊.pdf,574,0,0.0
112,112年決算書第四冊.pdf,575,0,0.0
112,112年決算書第四冊.pdf,576,95,0.0
112,112年決算書第四冊.pdf,577,0,0.0
112,112年決算書第四冊.pdf,578,707,0.0
112,112年決算書第四冊.pdf,579,0,0.0
112,112年決算書第四冊.pdf,580,816,0.0
112,112年決算書第四冊.pdf,581,868,0.0
112,112年決算書第四冊.pdf,582,510,0.0
112,112年決算書第四冊.pdf,583,1175,0.0
112,112年決算書第四冊.pdf,584,669,0.0
112,112年決算書第四冊.pdf,585,1253,0.0
112,112年決算書第四冊.pdf,586,386,0.0
112,112年決算書第四冊.pdf,587,799,0.0
112,112年決算書第四冊.pdf,588,294,0.0
112,112年決算書第四冊.pdf,589,476,0.0
112,112年決算書第四冊.pdf,590,155,0.0
112,112年決算書第四冊.pdf,591,740,0.0
112,112年決算書第四冊.pdf,592,382,0.0
112,112年決算書第四冊.pdf,593,93,0.0
112,112年決算書第四冊.pdf,594,255,0.0
112,112年決算書第四冊.pdf,595,1264,0.0
112,112年決算書第四冊.pdf,596,238,0.0
112,112年決算書第四冊.pdf,597,1678,0.0
112,112年決算書第四冊.pdf,598,885,0.0
112,112年決算書第四冊.pdf,599,311,0.0
112,112年決算書第四冊.pdf,600,151,0.0
112,112年決算書第四冊.pdf,601,1512,0.0
112,112年決算書第四冊.pdf,602,482,0.0
112,112年決算書第四冊.pdf,603,964,0.0
112,112年決算書第四冊.pdf,604,0,0.0
112,112年決算書第四冊.pdf,605,0,0.0
112,112年決算書第四冊.pdf,606,95,0.0
112,112年決算書第四冊.pdf,607,0,0.0
112,112年決算書第四冊.pdf,608,709,0.0
112,112年決算書第四冊.pdf,609,0,0.0
112,112年決算書第四冊.pdf,610,783,0.0
112,112年決算書第四冊.pdf,611,830,0.0
112,112年決算書第四冊.pdf,612,791,0.0
112,112年決算書第四冊.pdf,613,222,0.0
112,112年決算書第四冊.pdf,614,1309,0.0
112,112年決算書第四冊.pdf,615,826,0.0
112,112年決算書第四冊.pdf,616,1215,0.0
112,112年決算書第四冊.pdf,617,303,0.0
112,112年決算書第四冊.pdf,618,11,0.0
112,112年決算書第四冊.pdf,619,464,0.0
112,112年決算書第四冊.pdf,620,489,0.0
112,112年決算書第四冊.pdf,621,464,0.0
112,112年決算書第四冊.pdf,622,200,0.0
112,112年決算書第四冊.pdf,623,714,0.0
112,112年決算書第四冊.pdf,624,456,0.0
112,112年決算書第四冊.pdf,625,93,0.0
112,112年決算書第四冊.pdf,626,298,0.0
112,112年決算書第四冊.pdf,627,1215,0.0
112,112年決算書第四冊.pdf,628,230,0.0
112,112年決算書第四冊.pdf,629,1656,0.0
112,112年決算書第四冊.pdf,630,978,0.0
112,112年決算書第四冊.pdf,631,279,0.0
112,112年決算書第四冊.pdf,632,140,0.0
112,112年決算書第四冊.pdf,633,1598,0.0
112,112年決算書第四冊.pdf,634,477,0.0
112,112年決算書第四冊.pdf,635,945,0.0
112,112年決算書第四冊.pdf,636,0,0.0
112,112年決算書第四冊.pdf,637,0,0.0
112,112年決算書第四冊.pdf,638,95,0.0
112,112年決算書第四冊.pdf,639,0,0.0
112,112年決算書第四冊.pdf,640,707,0.0
112,112年決算書第四冊.pdf,641,0,0.0
112,112年決算書第四冊.pdf,642,764,0.0
112,112年決算書第四冊.pdf,643,804,0.0
112,112年決算書第四冊.pdf,644,548,0.0
112,112年決算書第四冊.pdf,645,1155,0.0
112,112年決算書第四冊.pdf,646,572,0.0
112,112年決算書第四冊.pdf,647,1228,0.0
112,112年決算書第四冊.pdf,648,182,0.0
112,112年決算書第四冊.pdf,649,812,0.0
112,112年決算書第四冊.pdf,650,268,0.0
112,112年決算書第四冊.pdf,651,532,0.0
112,112年決算書第四冊.pdf,652,160,0.0
112,112年決算書第四冊.pdf,653,662,0.0
112,112年決算書第四冊.pdf,654,451,0.0
112,112年決算書第四冊.pdf,655,93,0.0
112,112年決算書第四冊.pdf,656,260,0.0
112,112年決算書第四冊.pdf,657,1139,0.0
112,112年決算書第四冊.pdf,658,238,0.0
112,112年決算書第四冊.pdf,659,1532,0.0
112,112年決算書第四冊.pdf,660,993,0.0
112,112年決算書第四冊.pdf,661,374,0.0
112,112年決算書第四冊.pdf,662,122,0.0
112,112年決算書第四冊.pdf,663,1448,0.0
112,112年決算書第四冊.pdf,664,470,0.0
112,112年決算書第四冊.pdf,665,897,0.0
112,112年決算書第四冊.pdf,666,0,0.0
112,112年決算書第四冊.pdf,667,0,0.0
112,112年決算書第四冊.pdf,668,99,0.0
112,112年決算書第四冊.pdf,669,0,0.0
112,112年決算書第四冊.pdf,670,709,0.0
112,112年決算書第四冊.pdf,671,0,0.0
112,112年決算書第四冊.pdf,672,778,0.0
112,112年決算書第四冊.pdf,673,876,0.0
112,112年決算書第四冊.pdf,674,447,0.0
112,112年決算書第四冊.pdf,675,1123,0.0
112,112年決算書第四冊.pdf,676,547,0.0
112,112年決算書第四冊.pdf,677,1306,0.0
112,112年決算書第四冊.pdf,678,190,0.0
112,112年決算書第四冊.pdf,679,787,0.0
112,112年決算書第四冊.pdf,680,289,0.0
112,112年決算書第四冊.pdf,681,519,0.0
112,112年決算書第四冊.pdf,682,250,0.0
112,112年決算書第四冊.pdf,683,724,0.0
112,112年決算書第四冊.pdf,684,444,0.0
112,112年決算書第四冊.pdf,685,95,0.0
112,112年決算書第四冊.pdf,686,217,0.0
112,112年決算書第四冊.pdf,687,1154,0.0
112,112年決算書第四冊.pdf,688,257,0.0
112,112年決算書第四冊.pdf,689,1639,0.0
112,112年決算書第四冊.pdf,690,948,0.0
112,112年決算書第四冊.pdf,691,519,0.0
112,112年決算書第四冊.pdf,692,142,0.0
112,112年決算書第四冊.pdf,693,1469,0.0
112,112年決算書第四冊.pdf,694,476,0.0
112,112年決算書第四冊.pdf,695,895,0.0
112,112年決算書第四冊.pdf,696,0,0.0
112,112年決算書第四冊.pdf,697,0,0.0
112,112年決算書第四冊.pdf,698,97,0.0
112,112年決算書第四冊.pdf,699,0,0.0
112,112年決算書第四冊.pdf,700,708,0.0
112,112年決算書第四冊.pdf,701,0,0.0
112,112年決算書第四冊.pdf,702,763,0.0
112,112年決算書第四冊.pdf,703,844,0.0
112,112年決算書第四冊.pdf,704,547,0.0
112,112年決算書第四冊.pdf,705,1061,0.0
112,112年決算書第四冊.pdf,706,523,0.0
112,112年決算書第四冊.pdf,707,1273,0.0
112,112年決算書第四冊.pdf,708,282,0.0
112,112年決算書第四冊.pdf,709,747,0.0
112,112年決算書第四冊.pdf,710,264,0.0
112,112年決算書第四冊.pdf,711,465,0.0
112,112年決算書第四冊.pdf,712,147,0.0
112,112年決算書第四冊.pdf,713,702,0.0
112,112年決算書第四冊.pdf,714,445,0.0
112,112年決算書第四冊.pdf,715,94,0.0
112,112年決算書第四冊.pdf,716,269,0.0
112,112年決算書第四冊.pdf,717,1219,0.0
112,112年決算書第四冊.pdf,718,250,0.0
112,112年決算書第四冊.pdf,719,1612,0.0
112,112年決算書第四冊.pdf,720,1015,0.0
112,112年決算書第四冊.pdf,721,346,0.0
112,112年決算書第四冊.pdf,722,134,0.0
112,112年決算書第四冊.pdf,723,1480,0.0
112,112年決算書第四冊.pdf,724,471,0.0
112,112年決算書第四冊.pdf,725,899,0.0
112,112年決算書第四冊.pdf,726,0,0.0
112,112年決算書第四冊.pdf,727,0,0.0
112,112年決算書第四冊.pdf,728,95,0.0
112,112年決算書第四冊.pdf,729,0,0.0
112,112年決算書第四冊.pdf,730,707,0.0
112,112年決算書第四冊.pdf,731,0,0.0
112,112年決算書第四冊.pdf,732,753,0.0
112,112年決算書第四冊.pdf,733,784,0.0
112,112年決算書第四冊.pdf,734,578,0.0
112,112年決算書第四冊.pdf,735,1139,0.0
112,112年決算書第四冊.pdf,736,627,0.0
112,112年決算書第四冊.pdf,737,1212,0.0
112,112年決算書第四冊.pdf,738,205,0.0
112,112年決算書第四冊.pdf,739,618,0.0
112,112年決算書第四冊.pdf,740,250,0.0
112,112年決算書第四冊.pdf,741,353,0.0
112,112年決算書第四冊.pdf,742,196,0.0
112,112年決算書第四冊.pdf,743,689,0.0
112,112年決算書第四冊.pdf,744,417,0.0
112,112年決算書第四冊.pdf,745,93,0.0
112,112年決算書第四冊.pdf,746,202,0.0
112,112年決算書第四冊.pdf,747,1127,0.0
112,112年決算書第四冊.pdf,748,234,0.0
112,112年決算書第四冊.pdf,749,1666,0.0
112,112年決算書第四冊.pdf,750,934,0.0
112,112年決算書第四冊.pdf,751,238,0.0
112,112年決算書第四冊.pdf,752,138,0.0
112,112年決算書第四冊.pdf,753,1435,0.0
112,112年決算書第四冊.pdf,754,468,0.0
112,112年決算書第四冊.pdf,755,859,0.0
112,112年決算書第四冊.pdf,756,0,0.0
112,112年決算書第四冊.pdf,757,0,0.0
112,112年決算書第五冊.pdf,0,1276,0.0
112,112年決算書第五冊.pdf,1,1208,0.0
112,112年決算書第五冊.pdf,2,95,0.0
112,112年決算書第五冊.pdf,3,0,0.0
112,112年決算書第五冊.pdf,4,707,0.0
112,112年決算書第五冊.pdf,5,0,0.0
112,112年決算書第五冊.pdf,6,740,0.0
112,112年決算書第五冊.pdf,7,811,0.0
112,112年決算書第五冊.pdf,8,603,0.0
112,112年決算書第五冊.pdf,9,1105,0.0
112,112年決算書第五冊.pdf,10,566,0.0
112,112年決算書第五冊.pdf,11,1258,0.0
112,112年決算書第五冊.pdf,12,339,0.0
112,112年決算書第五冊.pdf,13,725,0.0
112,112年決算書第五冊.pdf,14,261,0.0
112,112年決算書第五冊.pdf,15,389,0.0
112,112年決算書第五冊.pdf,16,129,0.0
112,112年決算書第五冊.pdf,17,661,0.0
112,112年決算書第五冊.pdf,18,380,0.0
112,112年決算書第五冊.pdf,19,93,0.0
112,112年決算書第五冊.pdf,20,314,0.0
112,112年決算書第五冊.pdf,21,1241,0.0
112,112年決算書第五冊.pdf,22,223,0.0
112,112年決算書第五冊.pdf,23,1841,1.0
112,112年決算書第五冊.pdf,24,1057,1.0
112,112年決算書第五冊.pdf,25,339,1.0
112,112年決算書第五冊.pdf,26,170,1.0
112,112年決算書第五冊.pdf,27,1460,0.0
112,112年決算書第五冊.pdf,28,476,0.0
112,112年決算書第五冊.pdf,29,955,0.0
112,112年決算書第五冊.pdf,30,0,0.0
112,112年決算書第五冊.pdf,31,0,0.0
112,112年決算書第五冊.pdf,32,95,0.0
112,112年決算書第五冊.pdf,33,0,0.0
112,112年決算書第五冊.pdf,34,707,0.0
112,112年決算書第五冊.pdf,35,0,0.0
112,112年決算書第五冊.pdf,36,718,0.0
112,112年決算書第五冊.pdf,37,766,0.0
112,112年決算書第五冊.pdf,38,122,0.0
112,112年決算書第五冊.pdf,39,676,0.0
112,112年決算書第五冊.pdf,40,309,0.0
112,112年決算書第五冊.pdf,41,766,0.0
112,112年決算書第五冊.pdf,42,11,0.0
112,112年決算書第五冊.pdf,43,362,0.0
112,112年決算書第五冊.pdf,44,170,0.0
112,112年決算書第五冊.pdf,45,326,0.0
112,112年決算書第五冊.pdf,46,86,0.0
112,112年決算書第五冊.pdf,47,466,0.0
112,112年決算書第五冊.pdf,48,275,0.0
112,112年決算書第五冊.pdf,49,93,0.0
112,112年決算書第五冊.pdf,50,244,0.0
112,112年決算書第五冊.pdf,51,630,0.0
112,112年決算書第五冊.pdf,52,177,0.0
112,112年決算書第五冊.pdf,53,1109,0.0
112,112年決算書第五冊.pdf,54,748,0.0
112,112年決算書第五冊.pdf,55,909,0.0
112,112年決算書第五冊.pdf,56,363,0.0
112,112年決算書第五冊.pdf,57,590,0.0
112,112年決算書第五冊.pdf,58,0,0.0
112,112年決算書第五冊.pdf,59,0,0.0
112,112年決算書第五冊.pdf,60,91,0.0
112,112年決算書第五冊.pdf,61,0,0.0
112,112年決算書第五冊.pdf,62,706,0.0
112,112年決算書第五冊.pdf,63,0,0.0
112,112年決算書第五冊.pdf,64,737,0.0
112,112年決算書第五冊.pdf,65,823,0.0
112,112年決算書第五冊.pdf,66,653,0.0
112,112年決算書第五冊.pdf,67,674,0.0
112,112年決算書第五冊.pdf,68,799,0.0
112,112年決算書第五冊.pdf,69,865,0.0
112,112年決算書第五冊.pdf,70,856,0.0
112,112年決算書第五冊.pdf,71,839,0.0
112,112年決算書第五冊.pdf,72,909,0.0
112,112年決算書第五冊.pdf,73,822,0.0
112,112年決算書第五冊.pdf,74,779,0.0
112,112年決算書第五冊.pdf,75,807,0.0
112,112年決算書第五冊.pdf,76,736,0.0
112,112年決算書第五冊.pdf,77,806,0.0
112,112年決算書第五冊.pdf,78,804,0.0
112,112年決算書第五冊.pdf,79,797,0.0
112,112年決算書第五冊.pdf,80,759,0.0
112,112年決算書第五冊.pdf,81,243,0.0
112,112年決算書第五冊.pdf,82,1807,0.0
112,112年決算書第五冊.pdf,83,1148,0.0
112,112年決算書第五冊.pdf,84,1407,0.0
112,112年決算書第五冊.pdf,85,1026,0.0
112,112年決算書第五冊.pdf,86,12,0.0
112,112年決算書第五冊.pdf,87,1368,0.0
112,112年決算書第五冊.pdf,88,1307,0.0
112,112年決算書第五冊.pdf,89,984,0.0
112,112年決算書第五冊.pdf,90,541,0.0
112,112年決算書第五冊.pdf,91,868,0.0
112,112年決算書第五冊.pdf,92,812,0.0
112,112年決算書第五冊.pdf,93,151,0.0
112,112年決算書第五冊.pdf,94,230,0.0
112,112年決算書第五冊.pdf,95,1804,0.0
112,112年決算書第五冊.pdf,96,113,0.0
112,112年決算書第五冊.pdf,97,498,0.0
112,112年決算書第五冊.pdf,98,12,0.0
112,112年決算書第五冊.pdf,99,1664,0.0
112,112年決算書第五冊.pdf,100,1383,0.0
112,112年決算書第五冊.pdf,101,1677,0.0
112,112年決算書第五冊.pdf,102,667,0.0
112,112年決算書第五冊.pdf,103,2054,0.0
112,112年決算書第五冊.pdf,104,296,0.0
112,112年決算書第五冊.pdf,105,643,0.0
112,112年決算書第五冊.pdf,106,1404,0.0
112,112年決算書第五冊.pdf,107,0,0.0
112,112年決算書第五冊.pdf,108,93,0.0
112,112年決算書第五冊.pdf,109,0,0.0
112,112年決算書第五冊.pdf,110,706,0.0
112,112年決算書第五冊.pdf,111,0,0.0
112,112年決算書第五冊.pdf,112,743,0.0
112,112年決算書第五冊.pdf,113,796,0.0
112,112年決算書第五冊.pdf,114,348,0.0
112,112年決算書第五冊.pdf,115,979,0.0
112,112年決算書第五冊.pdf,116,480,0.0
112,112年決算書第五冊.pdf,117,1194,0.0
112,112年決算書第五冊.pdf,118,256,0.0
112,112年決算書第五冊.pdf,119,425,0.0
112,112年決算書第五冊.pdf,120,161,0.0
112,112年決算書第五冊.pdf,121,334,0.0
112,112年決算書第五冊.pdf,122,103,0.0
112,112年決算書第五冊.pdf,123,562,0.0
112,112年決算書第五冊.pdf,124,361,0.0
112,112年決算書第五冊.pdf,125,102,0.0
112,112年決算書第五冊.pdf,126,192,0.0
112,112年決算書第五冊.pdf,127,1267,0.0
112,112年決算書第五冊.pdf,128,224,0.0
112,112年決算書第五冊.pdf,129,1223,0.0
112,112年決算書第五冊.pdf,130,852,0.0
112,112年決算書第五冊.pdf,131,1320,0.0
112,112年決算書第五冊.pdf,132,462,0.0
112,112年決算書第五冊.pdf,133,764,0.0
112,112年決算書第五冊.pdf,134,0,0.0
112,112年決算書第五冊.pdf,135,0,0.0
112,112年決算書第五冊.pdf,136,93,0.0
112,112年決算書第五冊.pdf,137,0,0.0
112,112年決算書第五冊.pdf,138,706,0.0
112,112年決算書第五冊.pdf,139,0,0.0
112,112年決算書第五冊.pdf,140,772,0.0
112,112年決算書第五冊.pdf,141,786,0.0
112,112年決算書第五冊.pdf,142,375,0.0
112,112年決算書第五冊.pdf,143,914,0.0
112,112年決算書第五冊.pdf,144,397,0.0
112,112年決算書第五冊.pdf,145,1104,0.0
112,112年決算書第五冊.pdf,146,299,0.0
112,112年決算書第五冊.pdf,147,407,0.0
112,112年決算書第五冊.pdf,148,168,0.0
112,112年決算書第五冊.pdf,149,313,0.0
112,112年決算書第五冊.pdf,150,96,0.0
112,112年決算書第五冊.pdf,151,569,0.0
112,112年決算書第五冊.pdf,152,373,0.0
112,112年決算書第五冊.pdf,153,102,0.0
112,112年決算書第五冊.pdf,154,290,0.0
112,112年決算書第五冊.pdf,155,1143,0.0
112,112年決算書第五冊.pdf,156,168,0.0
112,112年決算書第五冊.pdf,157,1241,0.0
112,112年決算書第五冊.pdf,158,884,0.0
112,112年決算書第五冊.pdf,159,1144,0.0
112,112年決算書第五冊.pdf,160,453,0.0
112,112年決算書第五冊.pdf,161,737,0.0
112,112年決算書第五冊.pdf,162,0,0.0
112,112年決算書第五冊.pdf,163,0,0.0
112,112年決算書第五冊.pdf,164,93,0.0
112,112年決算書第五冊.pdf,165,0,0.0
112,112年決算書第五冊.pdf,166,706,0.0
112,112年決算書第五冊.pdf,167,0,0.0
112,112年決算書第五冊.pdf,168,799,0.0
112,112年決算書第五冊.pdf,169,776,0.0
112,112年決算書第五冊.pdf,170,206,0.0
112,112年決算書第五冊.pdf,171,893,0.0
112,112年決算書第五冊.pdf,172,375,0.0
112,112年決算書第五冊.pdf,173,1150,0.0
112,112年決算書第五冊.pdf,174,171,0.0
112,112年決算書第五冊.pdf,175,534,0.0
112,112年決算書第五冊.pdf,176,190,0.0
112,112年決算書第五冊.pdf,177,394,0.0
112,112年決算書第五冊.pdf,178,103,0.0
112,112年決算書第五冊.pdf,179,595,0.0
112,112年決算書第五冊.pdf,180,346,0.0
112,112年決算書第五冊.pdf,181,92,0.0
112,112年決算書第五冊.pdf,182,243,0.0
112,112年決算書第五冊.pdf,183,1080,0.0
112,112年決算書第五冊.pdf,184,244,0.0
112,112年決算書第五冊.pdf,185,1218,0.0
112,112年決算書第五冊.pdf,186,884,0.0
112,112年決算書第五冊.pdf,187,1199,0.0
112,112年決算書第五冊.pdf,188,457,0.0
112,112年決算書第五冊.pdf,189,757,0.0
112,112年決算書第五冊.pdf,190,0,0.0
112,112年決算書第五冊.pdf,191,0,0.0
112,112年決算書第五冊.pdf,192,93,0.0
112,112年決算書第五冊.pdf,193,0,0.0
112,112年決算書第五冊.pdf,194,706,0.0
112,112年決算書第五冊.pdf,195,0,0.0
112,112年決算書第五冊.pdf,196,771,0.0
112,112年決算書第五冊.pdf,197,728,0.0
112,112年決算書第五冊.pdf,198,185,0.0
112,112年決算書第五冊.pdf,199,860,0.0
112,112年決算書第五冊.pdf,200,336,0.0
112,112年決算書第五冊.pdf,201,1185,0.0
112,112年決算書第五冊.pdf,202,198,0.0
112,112年決算書第五冊.pdf,203,461,0.0
112,112年決算書第五冊.pdf,204,176,0.0
112,112年決算書第五冊.pdf,205,327,0.0
112,112年決算書第五冊.pdf,206,105,0.0
112,112年決算書第五冊.pdf,207,614,0.0
112,112年決算書第五冊.pdf,208,367,0.0
112,112年決算書第五冊.pdf,209,102,0.0
112,112年決算書第五冊.pdf,210,196,0.0
112,112年決算書第五冊.pdf,211,1199,0.0
112,112年決算書第五冊.pdf,212,240,0.0
112,112年決算書第五冊.pdf,213,1235,0.0
112,112年決算書第五冊.pdf,214,914,0.0
112,112年決算書第五冊.pdf,215,1175,0.0
112,112年決算書第五冊.pdf,216,431,0.0
112,112年決算書第五冊.pdf,217,732,0.0
112,112年決算書第五冊.pdf,218,0,0.0
112,112年決算書第五冊.pdf,219,0,0.0
112,112年決算書第五冊.pdf,220,93,0.0
112,112年決算書第五冊.pdf,221,0,0.0
112,112年決算書第五冊.pdf,222,706,0.0
112,112年決算書第五冊.pdf,223,0,0.0
112,112年決算書第五冊.pdf,224,773,0.0
112,112年決算書第五冊.pdf,225,837,0.0
112,112年決算書第五冊.pdf,226,185,0.0
112,112年決算書第五冊.pdf,227,863,0.0
112,112年決算書第五冊.pdf,228,400,0.0
112,112年決算書第五冊.pdf,229,1147,0.0
112,112年決算書第五冊.pdf,230,141,0.0
112,112年決算書第五冊.pdf,231,413,0.0
112,112年決算書第五冊.pdf,232,163,0.0
112,112年決算書第五冊.pdf,233,330,0.0
112,112年決算書第五冊.pdf,234,96,0.0
112,112年決算書第五冊.pdf,235,555,0.0
112,112年決算書第五冊.pdf,236,359,0.0
112,112年決算書第五冊.pdf,237,102,0.0
112,112年決算書第五冊.pdf,238,186,0.0
112,112年決算書第五冊.pdf,239,1144,0.0
112,112年決算書第五冊.pdf,240,246,0.0
112,112年決算書第五冊.pdf,241,1214,0.0
112,112年決算書第五冊.pdf,242,892,0.0
112,112年決算書第五冊.pdf,243,1162,0.0
112,112年決算書第五冊.pdf,244,463,0.0
112,112年決算書第五冊.pdf,245,656,0.0
112,112年決算書第五冊.pdf,246,0,0.0
112,112年決算書第五冊.pdf,247,0,0.0
112,112年決算書第五冊.pdf,248,93,0.0
112,112年決算書第五冊.pdf,249,0,0.0
112,112年決算書第五冊.pdf,250,706,0.0
112,112年決算書第五冊.pdf,251,0,0.0
112,112年決算書第五冊.pdf,252,815,0.0
112,112年決算書第五冊.pdf,253,782,0.0
112,112年決算書第五冊.pdf,254,277,0.0
112,112年決算書第五冊.pdf,255,860,0.0
112,112年決算書第五冊.pdf,256,333,0.0
112,112年決算書第五冊.pdf,257,1207,0.0
112,112年決算書第五冊.pdf,258,341,0.0
112,112年決算書第五冊.pdf,259,538,0.0
112,112年決算書第五冊.pdf,260,190,0.0
112,112年決算書第五冊.pdf,261,388,0.0
112,112年決算書第五冊.pdf,262,124,0.0
112,112年決算書第五冊.pdf,263,599,0.0
112,112年決算書第五冊.pdf,264,352,0.0
112,112年決算書第五冊.pdf,265,102,0.0
112,112年決算書第五冊.pdf,266,354,0.0
112,112年決算書第五冊.pdf,267,1151,0.0
112,112年決算書第五冊.pdf,268,265,0.0
112,112年決算書第五冊.pdf,269,1423,0.0
112,112年決算書第五冊.pdf,270,884,0.0
112,112年決算書第五冊.pdf,271,1190,0.0
112,112年決算書第五冊.pdf,272,459,0.0
112,112年決算書第五冊.pdf,273,803,0.0
112,112年決算書第五冊.pdf,274,0,0.0
112,112年決算書第五冊.pdf,275,0,0.0
112,112年決算書第五冊.pdf,276,93,0.0
112,112年決算書第五冊.pdf,277,0,0.0
112,112年決算書第五冊.pdf,278,706,0.0
112,112年決算書第五冊.pdf,279,0,0.0
112,112年決算書第五冊.pdf,280,797,0.0
112,112年決算書第五冊.pdf,281,800,0.0
112,112年決算書第五冊.pdf,282,206,0.0
112,112年決算書第五冊.pdf,283,942,0.0
112,112年決算書第五冊.pdf,284,451,0.0
112,112年決算書第五冊.pdf,285,1166,0.0
112,112年決算書第五冊.pdf,286,201,0.0
112,112年決算書第五冊.pdf,287,355,0.0
112,112年決算書第五冊.pdf,288,165,0.0
112,112年決算書第五冊.pdf,289,295,0.0
112,112年決算書第五冊.pdf,290,115,0.0
112,112年決算書第五冊.pdf,291,604,0.0
112,112年決算書第五冊.pdf,292,346,0.0
112,112年決算書第五冊.pdf,293,92,0.0
112,112年決算書第五冊.pdf,294,198,0.0
112,112年決算書第五冊.pdf,295,1129,0.0
112,112年決算書第五冊.pdf,296,226,0.0
112,112年決算書第五冊.pdf,297,1220,0.0
112,112年決算書第五冊.pdf,298,865,0.0
112,112年決算書第五冊.pdf,299,1155,0.0
112,112年決算書第五冊.pdf,300,457,0.0
112,112年決算書第五冊.pdf,301,705,0.0
112,112年決算書第五冊.pdf,302,0,0.0
112,112年決算書第五冊.pdf,303,0,0.0
112,112年決算書第五冊.pdf,304,93,0.0
112,112年決算書第五冊.pdf,305,0,0.0
112,112年決算書第五冊.pdf,306,706,0.0
112,112年決算書第五冊.pdf,307,0,0.0
112,112年決算書第五冊.pdf,308,803,0.0
112,112年決算書第五冊.pdf,309,771,0.0
112,112年決算書第五冊.pdf,310,185,0.0
112,112年決算書第五冊.pdf,311,950,0.0
112,112年決算書第五冊.pdf,312,432,0.0
112,112年決算書第五冊.pdf,313,1119,0.0
112,112年決算書第五冊.pdf,314,145,0.0
112,112年決算書第五冊.pdf,315,389,0.0
112,112年決算書第五冊.pdf,316,154,0.0
112,112年決算書第五冊.pdf,317,307,0.0
112,112年決算書第五冊.pdf,318,114,0.0
112,112年決算書第五冊.pdf,319,626,0.0
112,112年決算書第五冊.pdf,320,350,0.0
112,112年決算書第五冊.pdf,321,92,0.0
112,112年決算書第五冊.pdf,322,188,0.0
112,112年決算書第五冊.pdf,323,1052,0.0
112,112年決算書第五冊.pdf,324,231,0.0
112,112年決算書第五冊.pdf,325,1248,0.0
112,112年決算書第五冊.pdf,326,852,0.0
112,112年決算書第五冊.pdf,327,1287,0.0
112,112年決算書第五冊.pdf,328,450,0.0
112,112年決算書第五冊.pdf,329,682,0.0
112,112年決算書第五冊.pdf,330,0,0.0
112,112年決算書第五冊.pdf,331,0,0.0
112,112年決算書第五冊.pdf,332,93,0.0
112,112年決算書第五冊.pdf,333,0,0.0
112,112年決算書第五冊.pdf,334,706,0.0
112,112年決算書第五冊.pdf,335,0,0.0
112,112年決算書第五冊.pdf,336,814,0.0
112,112年決算書第五冊.pdf,337,821,0.0
112,112年決算書第五冊.pdf,338,153,0.0
112,112年決算書第五冊.pdf,339,912,0.0
112,112年決算書第五冊.pdf,340,388,0.0
112,112年決算書第五冊.pdf,341,1233,0.0
112,112年決算書第五冊.pdf,342,246,0.0
112,112年決算書第五冊.pdf,343,359,0.0
112,112年決算書第五冊.pdf,344,163,0.0
112,112年決算書第五冊.pdf,345,295,0.0
112,112年決算書第五冊.pdf,346,109,0.0
112,112年決算書第五冊.pdf,347,536,0.0
112,112年決算書第五冊.pdf,348,346,0.0
112,112年決算書第五冊.pdf,349,102,0.0
112,112年決算書第五冊.pdf,350,242,0.0
112,112年決算書第五冊.pdf,351,1230,0.0
112,112年決算書第五冊.pdf,352,254,0.0
112,112年決算書第五冊.pdf,353,1132,0.0
112,112年決算書第五冊.pdf,354,862,0.0
112,112年決算書第五冊.pdf,355,1155,0.0
112,112年決算書第五冊.pdf,356,458,0.0
112,112年決算書第五冊.pdf,357,702,0.0
112,112年決算書第五冊.pdf,358,0,0.0
112,112年決算書第五冊.pdf,359,0,0.0
112,112年決算書第五冊.pdf,360,93,0.0
112,112年決算書第五冊.pdf,361,0,0.0
112,112年決算書第五冊.pdf,362,706,0.0
112,112年決算書第五冊.pdf,363,0,0.0
112,112年決算書第五冊.pdf,364,784,0.0
112,112年決算書第五冊.pdf,365,734,0.0
112,112年決算書第五冊.pdf,366,206,0.0
112,112年決算書第五冊.pdf,367,941,0.0
112,112年決算書第五冊.pdf,368,369,0.0
112,112年決算書第五冊.pdf,369,1218,0.0
112,112年決算書第五冊.pdf,370,222,0.0
112,112年決算書第五冊.pdf,371,436,0.0
112,112年決算書第五冊.pdf,372,181,0.0
112,112年決算書第五冊.pdf,373,341,0.0
112,112年決算書第五冊.pdf,374,96,0.0
112,112年決算書第五冊.pdf,375,560,0.0
112,112年決算書第五冊.pdf,376,348,0.0
112,112年決算書第五冊.pdf,377,102,0.0
112,112年決算書第五冊.pdf,378,249,0.0
112,112年決算書第五冊.pdf,379,1242,0.0
112,112年決算書第五冊.pdf,380,253,0.0
112,112年決算書第五冊.pdf,381,1257,0.0
112,112年決算書第五冊.pdf,382,845,0.0
112,112年決算書第五冊.pdf,383,1246,0.0
112,112年決算書第五冊.pdf,384,459,0.0
112,112年決算書第五冊.pdf,385,748,0.0
112,112年決算書第五冊.pdf,386,0,0.0
112,112年決算書第五冊.pdf,387,0,0.0
112,112年決算書第五冊.pdf,388,93,0.0
112,112年決算書第五冊.pdf,389,0,0.0
112,112年決算書第五冊.pdf,390,706,0.0
112,112年決算書第五冊.pdf,391,0,0.0
112,112年決算書第五冊.pdf,392,808,0.0
112,112年決算書第五冊.pdf,393,696,0.0
112,112年決算書第五冊.pdf,394,71,0.0
112,112年決算書第五冊.pdf,395,924,0.0
112,112年決算書第五冊.pdf,396,405,0.0
112,112年決算書第五冊.pdf,397,1228,0.0
112,112年決算書第五冊.pdf,398,11,0.0
112,112年決算書第五冊.pdf,399,380,0.0
112,112年決算書第五冊.pdf,400,155,0.0
112,112年決算書第五冊.pdf,401,295,0.0
112,112年決算書第五冊.pdf,402,100,0.0
112,112年決算書第五冊.pdf,403,563,0.0
112,112年決算書第五冊.pdf,404,319,0.0
112,112年決算書第五冊.pdf,405,92,0.0
112,112年決算書第五冊.pdf,406,325,0.0
112,112年決算書第五冊.pdf,407,962,0.0
112,112年決算書第五冊.pdf,408,243,0.0
112,112年決算書第五冊.pdf,409,1073,0.0
112,112年決算書第五冊.pdf,410,775,0.0
112,112年決算書第五冊.pdf,411,1140,0.0
112,112年決算書第五冊.pdf,412,399,0.0
112,112年決算書第五冊.pdf,413,583,0.0
112,112年決算書第五冊.pdf,414,0,0.0
112,112年決算書第五冊.pdf,415,0,0.0
112,112年決算書第五冊.pdf,416,93,0.0
112,112年決算書第五冊.pdf,417,0,0.0
112,112年決算書第五冊.pdf,418,706,0.0
112,112年決算書第五冊.pdf,419,0,0.0
112,112年決算書第五冊.pdf,420,758,0.0
112,112年決算書第五冊.pdf,421,820,0.0
112,112年決算書第五冊.pdf,422,317,0.0
112,112年決算書第五冊.pdf,423,978,0.0
112,112年決算書第五冊.pdf,424,450,0.0
112,112年決算書第五冊.pdf,425,1178,0.0
112,112年決算書第五冊.pdf,426,338,0.0
112,112年決算書第五冊.pdf,427,448,0.0
112,112年決算書第五冊.pdf,428,169,0.0
112,112年決算書第五冊.pdf,429,392,0.0
112,112年決算書第五冊.pdf,430,104,0.0
112,112年決算書第五冊.pdf,431,591,0.0
112,112年決算書第五冊.pdf,432,361,0.0
112,112年決算書第五冊.pdf,433,102,0.0
112,112年決算書第五冊.pdf,434,301,0.0
112,112年決算書第五冊.pdf,435,1230,0.0
112,112年決算書第五冊.pdf,436,223,0.0
112,112年決算書第五冊.pdf,437,1210,0.0
112,112年決算書第五冊.pdf,438,868,0.0
112,112年決算書第五冊.pdf,439,1271,0.0
112,112年決算書第五冊.pdf,440,462,0.0
112,112年決算書第五冊.pdf,441,752,0.0
112,112年決算書第五冊.pdf,442,0,0.0
112,112年決算書第五冊.pdf,443,0,0.0
112,112年決算書第五冊.pdf,444,93,0.0
112,112年決算書第五冊.pdf,445,0,0.0
112,112年決算書第五冊.pdf,446,706,0.0
112,112年決算書第五冊.pdf,447,0,0.0
112,112年決算書第五冊.pdf,448,785,0.0
112,112年決算書第五冊.pdf,449,784,0.0
112,112年決算書第五冊.pdf,450,185,0.0
112,112年決算書第五冊.pdf,451,887,0.0
112,112年決算書第五冊.pdf,452,394,0.0
112,112年決算書第五冊.pdf,453,1075,0.0
112,112年決算書第五冊.pdf,454,11,0.0
112,112年決算書第五冊.pdf,455,411,0.0
112,112年決算書第五冊.pdf,456,178,0.0
112,112年決算書第五冊.pdf,457,268,0.0
112,112年決算書第五冊.pdf,458,96,0.0
112,112年決算書第五冊.pdf,459,545,0.0
112,112年決算書第五冊.pdf,460,341,0.0
112,112年決算書第五冊.pdf,461,92,0.0
112,112年決算書第五冊.pdf,462,186,0.0
112,112年決算書第五冊.pdf,463,1001,0.0
112,112年決算書第五冊.pdf,464,187,0.0
112,112年決算書第五冊.pdf,465,1128,0.0
112,112年決算書第五冊.pdf,466,844,0.0
112,112年決算書第五冊.pdf,467,1187,0.0
112,112年決算書第五冊.pdf,468,460,0.0
112,112年決算書第五冊.pdf,469,695,0.0
112,112年決算書第五冊.pdf,470,0,0.0
112,112年決算書第五冊.pdf,471,0,0.0
112,112年決算書第五冊.pdf,472,93,0.0
112,112年決算書第五冊.pdf,473,0,0.0
112,112年決算書第五冊.pdf,474,706,0.0
112,112年決算書第五冊.pdf,475,0,0.0
112,112年決算書第五冊.pdf,476,830,0.0
112,112年決算書第五冊.pdf,477,767,0.0
112,112年決算書第五冊.pdf,478,185,0.0
112,112年決算書第五冊.pdf,479,909,0.0
112,112年決算書第五冊.pdf,480,432,0.0
112,112年決算書第五冊.pdf,481,1264,0.0
112,112年決算書第五冊.pdf,482,225,0.0
112,112年決算書第五冊.pdf,483,358,0.0
112,112年決算書第五冊.pdf,484,165,0.0
112,112年決算書第五冊.pdf,485,277,0.0
112,112年決算書第五冊.pdf,486,124,0.0
112,112年決算書第五冊.pdf,487,679,0.0
112,112年決算書第五冊.pdf,488,373,0.0
112,112年決算書第五冊.pdf,489,102,0.0
112,112年決算書第五冊.pdf,490,238,0.0
112,112年決算書第五冊.pdf,491,1188,0.0
112,112年決算書第五冊.pdf,492,233,0.0
112,112年決算書第五冊.pdf,493,1250,0.0
112,112年決算書第五冊.pdf,494,810,0.0
112,112年決算書第五冊.pdf,495,1187,0.0
112,112年決算書第五冊.pdf,496,460,0.0
112,112年決算書第五冊.pdf,497,756,0.0
112,112年決算書第五冊.pdf,498,0,0.0
112,112年決算書第五冊.pdf,499,0,0.0
112,112年決算書第五冊.pdf,500,93,0.0
112,112年決算書第五冊.pdf,501,0,0.0
112,112年決算書第五冊.pdf,502,706,0.0
112,112年決算書第五冊.pdf,503,0,0.0
112,112年決算書第五冊.pdf,504,785,0.0
112,112年決算書第五冊.pdf,505,800,0.0
112,112年決算書第五冊.pdf,506,221,0.0
112,112年決算書第五冊.pdf,507,965,0.0
112,112年決算書第五冊.pdf,508,444,0.0
112,112年決算書第五冊.pdf,509,1218,0.0
112,112年決算書第五冊.pdf,510,252,0.0
112,112年決算書第五冊.pdf,511,325,0.0
112,112年決算書第五冊.pdf,512,159,0.0
112,112年決算書第五冊.pdf,513,298,0.0
112,112年決算書第五冊.pdf,514,169,0.0
112,112年決算書第五冊.pdf,515,624,0.0
112,112年決算書第五冊.pdf,516,358,0.0
112,112年決算書第五冊.pdf,517,92,0.0
112,112年決算書第五冊.pdf,518,291,0.0
112,112年決算書第五冊.pdf,519,1133,0.0
112,112年決算書第五冊.pdf,520,231,0.0
112,112年決算書第五冊.pdf,521,1175,0.0
112,112年決算書第五冊.pdf,522,843,0.0
112,112年決算書第五冊.pdf,523,1276,0.0
112,112年決算書第五冊.pdf,524,458,0.0
112,112年決算書第五冊.pdf,525,721,0.0
112,112年決算書第五冊.pdf,526,0,0.0
112,112年決算書第五冊.pdf,527,0,0.0
112,112年決算書第五冊.pdf,528,93,0.0
112,112年決算書第五冊.pdf,529,0,0.0
112,112年決算書第五冊.pdf,530,706,0.0
112,112年決算書第五冊.pdf,531,0,0.0
112,112年決算書第五冊.pdf,532,797,0.0
112,112年決算書第五冊.pdf,533,796,0.0
112,112年決算書第五冊.pdf,534,153,0.0
112,112年決算書第五冊.pdf,535,895,0.0
112,112年決算書第五冊.pdf,536,376,0.0
112,112年決算書第五冊.pdf,537,1111,0.0
112,112年決算書第五冊.pdf,538,137,0.0
112,112年決算書第五冊.pdf,539,373,0.0
112,112年決算書第五冊.pdf,540,177,0.0
112,112年決算書第五冊.pdf,541,277,0.0
112,112年決算書第五冊.pdf,542,176,0.0
112,112年決算書第五冊.pdf,543,550,0.0
112,112年決算書第五冊.pdf,544,350,0.0
112,112年決算書第五冊.pdf,545,102,0.0
112,112年決算書第五冊.pdf,546,188,0.0
112,112年決算書第五冊.pdf,547,1126,0.0
112,112年決算書第五冊.pdf,548,201,0.0
112,112年決算書第五冊.pdf,549,1225,0.0
112,112年決算書第五冊.pdf,550,856,0.0
112,112年決算書第五冊.pdf,551,1177,0.0
112,112年決算書第五冊.pdf,552,452,0.0
112,112年決算書第五冊.pdf,553,719,0.0
112,112年決算書第五冊.pdf,554,0,0.0
112,112年決算書第五冊.pdf,555,0,0.0
112,112年決算書第五冊.pdf,556,93,0.0
112,112年決算書第五冊.pdf,557,0,0.0
112,112年決算書第五冊.pdf,558,706,0.0
112,112年決算書第五冊.pdf,559,0,0.0
112,112年決算書第五冊.pdf,560,754,0.0
112,112年決算書第五冊.pdf,561,806,0.0
112,112年決算書第五冊.pdf,562,221,0.0
112,112年決算書第五冊.pdf,563,873,0.0
112,112年決算書第五冊.pdf,564,442,0.0
112,112年決算書第五冊.pdf,565,1126,0.0
112,112年決算書第五冊.pdf,566,96,0.0
112,112年決算書第五冊.pdf,567,398,0.0
112,112年決算書第五冊.pdf,568,175,0.0
112,112年決算書第五冊.pdf,569,268,0.0
112,112年決算書第五冊.pdf,570,110,0.0
112,112年決算書第五冊.pdf,571,556,0.0
112,112年決算書第五冊.pdf,572,335,0.0
112,112年決算書第五冊.pdf,573,92,0.0
112,112年決算書第五冊.pdf,574,190,0.0
112,112年決算書第五冊.pdf,575,1036,0.0
112,112年決算書第五冊.pdf,576,252,0.0
112,112年決算書第五冊.pdf,577,1028,0.0
112,112年決算書第五冊.pdf,578,808,0.0
112,112年決算書第五冊.pdf,579,1177,0.0
112,112年決算書第五冊.pdf,580,436,0.0
112,112年決算書第五冊.pdf,581,730,0.0
112,112年決算書第五冊.pdf,582,0,0.0
112,112年決算書第五冊.pdf,583,0,0.0
112,112年決算書第五冊.pdf,584,93,0.0
112,112年決算書第五冊.pdf,585,0,0.0
112,112年決算書第五冊.pdf,586,706,0.0
112,112年決算書第五冊.pdf,587,0,0.0
112,112年決算書第五冊.pdf,588,773,0.0
112,112年決算書第五冊.pdf,589,819,0.0
112,112年決算書第五冊.pdf,590,221,0.0
112,112年決算書第五冊.pdf,591,932,0.0
112,112年決算書第五冊.pdf,592,430,0.0
112,112年決算書第五冊.pdf,593,1144,0.0
112,112年決算書第五冊.pdf,594,157,0.0
112,112年決算書第五冊.pdf,595,354,0.0
112,112年決算書第五冊.pdf,596,167,0.0
112,112年決算書第五冊.pdf,597,292,0.0
112,112年決算書第五冊.pdf,598,96,0.0
112,112年決算書第五冊.pdf,599,549,0.0
112,112年決算書第五冊.pdf,600,344,0.0
112,112年決算書第五冊.pdf,601,92,0.0
112,112年決算書第五冊.pdf,602,241,0.0
112,112年決算書第五冊.pdf,603,1115,0.0
112,112年決算書第五冊.pdf,604,205,0.0
112,112年決算書第五冊.pdf,605,1156,0.0
112,112年決算書第五冊.pdf,606,857,0.0
112,112年決算書第五冊.pdf,607,1150,0.0
112,112年決算書第五冊.pdf,608,457,0.0
112,112年決算書第五冊.pdf,609,720,0.0
112,112年決算書第五冊.pdf,610,0,0.0
112,112年決算書第五冊.pdf,611,0,0.0
112,112年決算書第五冊.pdf,612,93,0.0
112,112年決算書第五冊.pdf,613,0,0.0
112,112年決算書第五冊.pdf,614,706,0.0
112,112年決算書第五冊.pdf,615,0,0.0
112,112年決算書第五冊.pdf,616,791,0.0
112,112年決算書第五冊.pdf,617,764,0.0
112,112年決算書第五冊.pdf,618,206,0.0
112,112年決算書第五冊.pdf,619,893,0.0
112,112年決算書第五冊.pdf,620,346,0.0
112,112年決算書第五冊.pdf,621,1148,0.0
112,112年決算書第五冊.pdf,622,11,0.0
112,112年決算書第五冊.pdf,623,324,0.0
112,112年決算書第五冊.pdf,624,130,0.0
112,112年決算書第五冊.pdf,625,340,0.0
112,112年決算書第五冊.pdf,626,103,0.0
112,112年決算書第五冊.pdf,627,586,0.0
112,112年決算書第五冊.pdf,628,344,0.0
112,112年決算書第五冊.pdf,629,92,0.0
112,112年決算書第五冊.pdf,630,199,0.0
112,112年決算書第五冊.pdf,631,1032,0.0
112,112年決算書第五冊.pdf,632,232,0.0
112,112年決算書第五冊.pdf,633,1110,0.0
112,112年決算書第五冊.pdf,634,817,0.0
112,112年決算書第五冊.pdf,635,1173,0.0
112,112年決算書第五冊.pdf,636,454,0.0
112,112年決算書第五冊.pdf,637,653,0.0
112,112年決算書第五冊.pdf,638,0,0.0
112,112年決算書第五冊.pdf,639,0,0.0
112,112年決算書第五冊.pdf,640,93,0.0
112,112年決算書第五冊.pdf,641,0,0.0
112,112年決算書第五冊.pdf,642,706,0.0
112,112年決算書第五冊.pdf,643,0,0.0
112,112年決算書第五冊.pdf,644,782,0.0
112,112年決算書第五冊.pdf,645,805,0.0
112,112年決算書第五冊.pdf,646,243,0.0
112,112年決算書第五冊.pdf,647,862,0.0
112,112年決算書第五冊.pdf,648,368,0.0
112,112年決算書第五冊.pdf,649,1144,0.0
112,112年決算書第五冊.pdf,650,186,0.0
112,112年決算書第五冊.pdf,651,297,0.0
112,112年決算書第五冊.pdf,652,251,0.0
112,112年決算書第五冊.pdf,653,277,0.0
112,112年決算書第五冊.pdf,654,98,0.0
112,112年決算書第五冊.pdf,655,536,0.0
112,112年決算書第五冊.pdf,656,320,0.0
112,112年決算書第五冊.pdf,657,102,0.0
112,112年決算書第五冊.pdf,658,239,0.0
112,112年決算書第五冊.pdf,659,1091,0.0
112,112年決算書第五冊.pdf,660,198,0.0
112,112年決算書第五冊.pdf,661,1210,0.0
112,112年決算書第五冊.pdf,662,771,0.0
112,112年決算書第五冊.pdf,663,1131,0.0
112,112年決算書第五冊.pdf,664,430,0.0
112,112年決算書第五冊.pdf,665,707,0.0
112,112年決算書第五冊.pdf,666,0,0.0
112,112年決算書第五冊.pdf,667,0,0.0
112,112年決算書第五冊.pdf,668,91,0.0
112,112年決算書第五冊.pdf,669,0,0.0
112,112年決算書第五冊.pdf,670,705,0.0
112,112年決算書第五冊.pdf,671,0,0.0
112,112年決算書第五冊.pdf,672,781,0.0
112,112年決算書第五冊.pdf,673,757,0.0
112,112年決算書第五冊.pdf,674,86,0.0
112,112年決算書第五冊.pdf,675,852,0.0
112,112年決算書第五冊.pdf,676,356,0.0
112,112年決算書第五冊.pdf,677,993,0.0
112,112年決算書第五冊.pdf,678,11,0.0
112,112年決算書第五冊.pdf,679,366,0.0
112,112年決算書第五冊.pdf,680,177,0.0
112,112年決算書第五冊.pdf,681,268,0.0
112,112年決算書第五冊.pdf,682,96,0.0
112,112年決算書第五冊.pdf,683,535,0.0
112,112年決算書第五冊.pdf,684,331,0.0
112,112年決算書第五冊.pdf,685,92,0.0
112,112年決算書第五冊.pdf,686,190,0.0
112,112年決算書第五冊.pdf,687,926,0.0
112,112年決算書第五冊.pdf,688,175,0.0
112,112年決算書第五冊.pdf,689,1097,0.0
112,112年決算書第五冊.pdf,690,746,0.0
112,112年決算書第五冊.pdf,691,1167,0.0
112,112年決算書第五冊.pdf,692,450,0.0
112,112年決算書第五冊.pdf,693,680,0.0
112,112年決算書第五冊.pdf,694,0,0.0
112,112年決算書第五冊.pdf,695,0,0.0
112,112年決算書第五冊.pdf,696,93,0.0
112,112年決算書第五冊.pdf,697,0,0.0
112,112年決算書第五冊.pdf,698,706,0.0
112,112年決算書第五冊.pdf,699,0,0.0
112,112年決算書第五冊.pdf,700,735,0.0
112,112年決算書第五冊.pdf,701,799,0.0
112,112年決算書第五冊.pdf,702,153,0.0
112,112年決算書第五冊.pdf,703,759,0.0
112,112年決算書第五冊.pdf,704,289,0.0
112,112年決算書第五冊.pdf,705,1088,0.0
112,112年決算書第五冊.pdf,706,11,0.0
112,112年決算書第五冊.pdf,707,324,0.0
112,112年決算書第五冊.pdf,708,161,0.0
112,112年決算書第五冊.pdf,709,280,0.0
112,112年決算書第五冊.pdf,710,90,0.0
112,112年決算書第五冊.pdf,711,471,0.0
112,112年決算書第五冊.pdf,712,304,0.0
112,112年決算書第五冊.pdf,713,104,0.0
112,112年決算書第五冊.pdf,714,186,0.0
112,112年決算書第五冊.pdf,715,1014,0.0
112,112年決算書第五冊.pdf,716,114,0.0
112,112年決算書第五冊.pdf,717,947,0.0
112,112年決算書第五冊.pdf,718,617,0.0
112,112年決算書第五冊.pdf,719,1056,0.0
112,112年決算書第五冊.pdf,720,452,0.0
112,112年決算書第五冊.pdf,721,684,0.0
112,112年決算書第五冊.pdf,722,0,0.0
112,112年決算書第五冊.pdf,723,0,0.0
113,113年決算書第一冊.pdf,0,1276,0.0
113,113年決算書第一冊.pdf,1,1189,0.0
113,113年決算書第一冊.pdf,2,79,0.0
113,113年決算書第一冊.pdf,3,0,0.0
113,113年決算書第一冊.pdf,4,794,0.0
113,113年決算書第一冊.pdf,5,0,0.0
113,113年決算書第一冊.pdf,6,5,0.0
113,113年決算書第一冊.pdf,7,0,0.0
113,113年決算書第一冊.pdf,8,861,0.0
113,113年決算書第一冊.pdf,9,819,0.0
113,113年決算書第一冊.pdf,10,846,0.0
113,113年決算書第一冊.pdf,11,774,0.0
113,113年決算書第一冊.pdf,12,630,0.0
113,113年決算書第一冊.pdf,13,569,0.0
113,113年決算書第一冊.pdf,14,610,0.0
113,113年決算書第一冊.pdf,15,703,0.0
113,113年決算書第一冊.pdf,16,880,0.0
113,113年決算書第一冊.pdf,17,804,0.0
113,113年決算書第一冊.pdf,18,750,0.0
113,113年決算書第一冊.pdf,19,680,0.0
113,113年決算書第一冊.pdf,20,717,0.0
113,113年決算書第一冊.pdf,21,631,0.0
113,113年決算書第一冊.pdf,22,675,0.0
113,113年決算書第一冊.pdf,23,628,0.0
113,113年決算書第一冊.pdf,24,572,0.0
113,113年決算書第一冊.pdf,25,657,0.0
113,113年決算書第一冊.pdf,26,596,0.0
113,113年決算書第一冊.pdf,27,674,0.0
113,113年決算書第一冊.pdf,28,732,0.0
113,113年決算書第一冊.pdf,29,607,0.0
113,113年決算書第一冊.pdf,30,777,0.0
113,113年決算書第一冊.pdf,31,710,0.0
113,113年決算書第一冊.pdf,32,668,0.0
113,113年決算書第一冊.pdf,33,866,0.0
113,113年決算書第一冊.pdf,34,812,0.0
113,113年決算書第一冊.pdf,35,786,0.0
113,113年決算書第一冊.pdf,36,702,0.0
113,113年決算書第一冊.pdf,37,740,0.0
113,113年決算書第一冊.pdf,38,719,0.0
113,113年決算書第一冊.pdf,39,660,0.0
113,113年決算書第一冊.pdf,40,647,0.0
113,113年決算書第一冊.pdf,41,705,0.0
113,113年決算書第一冊.pdf,42,684,0.0
113,113年決算書第一冊.pdf,43,1005,0.0
113,113年決算書第一冊.pdf,44,740,0.0
113,113年決算書第一冊.pdf,45,686,0.0
113,113年決算書第一冊.pdf,46,837,0.0
113,113年決算書第一冊.pdf,47,903,0.0
113,113年決算書第一冊.pdf,48,961,0.0
113,113年決算書第一冊.pdf,49,1034,0.0
113,113年決算書第一冊.pdf,50,992,0.0
113,113年決算書第一冊.pdf,51,965,0.0
113,113年決算書第一冊.pdf,52,1042,0.0
113,113年決算書第一冊.pdf,53,1013,0.0
113,113年決算書第一冊.pdf,54,1042,0.0
113,113年決算書第一冊.pdf,55,959,0.0
113,113年決算書第一冊.pdf,56,972,0.0
113,113年決算書第一冊.pdf,57,950,0.0
113,113年決算書第一冊.pdf,58,884,0.0
113,113年決算書第一冊.pdf,59,941,0.0
113,113年決算書第一冊.pdf,60,1022,0.0
113,113年決算書第一冊.pdf,61,977,0.0
113,113年決算書第一冊.pdf,62,941,0.0
113,113年決算書第一冊.pdf,63,954,0.0
113,113年決算書第一冊.pdf,64,908,0.0
113,113年決算書第一冊.pdf,65,851,0.0
113,113年決算書第一冊.pdf,66,891,0.0
113,113年決算書第一冊.pdf,67,897,0.0
113,113年決算書第一冊.pdf,68,1038,0.0
113,113年決算書第一冊.pdf,69,1028,0.0
113,113年決算書第一冊.pdf,70,933,0.0
113,113年決算書第一冊.pdf,71,960,0.0
113,113年決算書第一冊.pdf,72,871,0.0
113,113年決算書第一冊.pdf,73,906,0.0
113,113年決算書第一冊.pdf,74,836,0.0
113,113年決算書第一冊.pdf,75,811,0.0
113,113年決算書第一冊.pdf,76,677,0.0
113,113年決算書第一冊.pdf,77,8,0.0
113,113年決算書第一冊.pdf,78,6,0.0
113,113年決算書第一冊.pdf,79,0,0.0
113,113年決算書第一冊.pdf,80,5,0.0
113,113年決算書第一冊.pdf,81,0,0.0
113,113年決算書第一冊.pdf,82,2492,0.0
113,113年決算書第一冊.pdf,83,8,0.0
113,113年決算書第一冊.pdf,84,5,0.0
113,113年決算書第一冊.pdf,85,0,0.0
113,113年決算書第一冊.pdf,86,1150,0.0
113,113年決算書第一冊.pdf,87,267,0.0
113,113年決算書第一冊.pdf,88,1047,0.0
113,113年決算書第一冊.pdf,89,1137,0.0
113,113年決算書第一冊.pdf,90,1185,0.0
113,113年決算書第一冊.pdf,91,1196,0.0
113,113年決算書第一冊.pdf,92,1328,0.0
113,113年決算書第一冊.pdf,93,1252,0.0
113,113年決算書第一冊.pdf,94,1171,0.0
113,113年決算書第一冊.pdf,95,1233,0.0
113,113年決算書第一冊.pdf,96,1252,0.0
113,113年決算書第一冊.pdf,97,1124,0.0
113,113年決算書第一冊.pdf,98,151,0.0
113,113年決算書第一冊.pdf,99,1578,0.0
113,113年決算書第一冊.pdf,100,1464,0.0
113,113年決算書第一冊.pdf,101,1203,0.0
113,113年決算書第一冊.pdf,102,2610,0.0
113,113年決算書第一冊.pdf,103,2492,0.0
113,113年決算書第一冊.pdf,104,2525,0.0
113,113年決算書第一冊.pdf,105,2522,0.0
113,113年決算書第一冊.pdf,106,2501,0.0
113,113年決算書第一冊.pdf,107,2460,0.0
113,113年決算書第一冊.pdf,108,2518,0.0
113,113年決算書第一冊.pdf,109,2548,0.0
113,113年決算書第一冊.pdf,110,1329,0.0
113,113年決算書第一冊.pdf,111,333,0.0
113,113年決算書第一冊.pdf,112,8,0.0
113,113年決算書第一冊.pdf,113,2124,0.0
113,113年決算書第一冊.pdf,114,2057,0.0
113,113年決算書第一冊.pdf,115,542,0.0
113,113年決算書第一冊.pdf,116,562,0.0
113,113年決算書第一冊.pdf,117,520,0.0
113,113年決算書第一冊.pdf,118,287,0.0
113,113年決算書第一冊.pdf,119,345,0.0
113,113年決算書第一冊.pdf,120,1436,0.0
113,113年決算書第一冊.pdf,121,665,0.0
113,113年決算書第一冊.pdf,122,961,0.0
113,113年決算書第一冊.pdf,123,175,0.0
113,113年決算書第一冊.pdf,124,6,0.0
113,113年決算書第一冊.pdf,125,0,0.0
113,113年決算書第一冊.pdf,126,9,0.0
113,113年決算書第一冊.pdf,127,2006,0.0
113,113年決算書第一冊.pdf,128,1415,0.0
113,113年決算書第一冊.pdf,129,2096,0.0
113,113年決算書第一冊.pdf,130,547,0.0
113,113年決算書第一冊.pdf,131,2058,0.0
113,113年決算書第一冊.pdf,132,713,0.0
113,113年決算書第一冊.pdf,133,709,0.0
113,113年決算書第一冊.pdf,134,5,0.0
113,113年決算書第一冊.pdf,135,0,0.0
113,113年決算書第一冊.pdf,136,1632,0.0
113,113年決算書第一冊.pdf,137,0,0.0
113,113年決算書第一冊.pdf,138,13,0.0
113,113年決算書第一冊.pdf,139,0,0.0
113,113年決算書第一冊.pdf,140,91,0.0
113,113年決算書第一冊.pdf,141,0,0.0
113,113年決算書第一冊.pdf,142,706,0.0
113,113年決算書第一冊.pdf,143,0,0.0
113,113年決算書第一冊.pdf,144,869,0.0
113,113年決算書第一冊.pdf,145,816,0.0
113,113年決算書第一冊.pdf,146,772,0.0
113,113年決算書第一冊.pdf,147,821,0.0
113,113年決算書第一冊.pdf,148,622,0.0
113,113年決算書第一冊.pdf,149,584,0.0
113,113年決算書第一冊.pdf,150,591,0.0
113,113年決算書第一冊.pdf,151,745,0.0
113,113年決算書第一冊.pdf,152,832,0.0
113,113年決算書第一冊.pdf,153,748,0.0
113,113年決算書第一冊.pdf,154,739,0.0
113,113年決算書第一冊.pdf,155,740,0.0
113,113年決算書第一冊.pdf,156,722,0.0
113,113年決算書第一冊.pdf,157,610,0.0
113,113年決算書第一冊.pdf,158,641,0.0
113,113年決算書第一冊.pdf,159,658,0.0
113,113年決算書第一冊.pdf,160,655,0.0
113,113年決算書第一冊.pdf,161,638,0.0
113,113年決算書第一冊.pdf,162,595,0.0
113,113年決算書第一冊.pdf,163,645,0.0
113,113年決算書第一冊.pdf,164,650,0.0
113,113年決算書第一冊.pdf,165,755,0.0
113,113年決算書第一冊.pdf,166,517,0.0
113,113年決算書第一冊.pdf,167,652,0.0
113,113年決算書第一冊.pdf,168,764,0.0
113,113年決算書第一冊.pdf,169,749,0.0
113,113年決算書第一冊.pdf,170,756,0.0
113,113年決算書第一冊.pdf,171,789,0.0
113,113年決算書第一冊.pdf,172,799,0.0
113,113年決算書第一冊.pdf,173,680,0.0
113,113年決算書第一冊.pdf,174,742,0.0
113,113年決算書第一冊.pdf,175,747,0.0
113,113年決算書第一冊.pdf,176,704,0.0
113,113年決算書第一冊.pdf,177,632,0.0
113,113年決算書第一冊.pdf,178,800,0.0
113,113年決算書第一冊.pdf,179,907,0.0
113,113年決算書第一冊.pdf,180,750,0.0
113,113年決算書第一冊.pdf,181,690,0.0
113,113年決算書第一冊.pdf,182,914,0.0
113,113年決算書第一冊.pdf,183,974,0.0
113,113年決算書第一冊.pdf,184,975,0.0
113,113年決算書第一冊.pdf,185,946,0.0
113,113年決算書第一冊.pdf,186,1058,0.0
113,113年決算書第一冊.pdf,187,992,0.0
113,113年決算書第一冊.pdf,188,976,0.0
113,113年決算書第一冊.pdf,189,974,0.0
113,113年決算書第一冊.pdf,190,966,0.0
113,113年決算書第一冊.pdf,191,879,0.0
113,113年決算書第一冊.pdf,192,804,0.0
113,113年決算書第一冊.pdf,193,939,0.0
113,113年決算書第一冊.pdf,194,825,0.0
113,113年決算書第一冊.pdf,195,902,0.0
113,113年決算書第一冊.pdf,196,724,0.0
113,113年決算書第一冊.pdf,197,574,0.0
113,113年決算書第一冊.pdf,198,1998,0.0
113,113年決算書第一冊.pdf,199,888,0.0
113,113年決算書第一冊.pdf,200,1202,0.0
113,113年決算書第一冊.pdf,201,1155,0.0
113,113年決算書第一冊.pdf,202,1186,0.0
113,113年決算書第一冊.pdf,203,1209,0.0
113,113年決算書第一冊.pdf,204,1169,0.0
113,113年決算書第一冊.pdf,205,1284,0.0
113,113年決算書第一冊.pdf,206,799,0.0
113,113年決算書第一冊.pdf,207,979,0.0
113,113年決算書第一冊.pdf,208,759,0.0
113,113年決算書第一冊.pdf,209,920,0.0
113,113年決算書第一冊.pdf,210,159,0.0
113,113年決算書第一冊.pdf,211,1171,0.0
113,113年決算書第一冊.pdf,212,1005,0.0
113,113年決算書第一冊.pdf,213,509,0.0
113,113年決算書第一冊.pdf,214,555,0.0
113,113年決算書第一冊.pdf,215,532,0.0
113,113年決算書第一冊.pdf,216,299,0.0
113,113年決算書第一冊.pdf,217,373,0.0
113,113年決算書第一冊.pdf,218,1649,0.0
113,113年決算書第一冊.pdf,219,670,0.0
113,113年決算書第一冊.pdf,220,12,0.0
113,113年決算書第一冊.pdf,221,1965,0.0
113,113年決算書第一冊.pdf,222,1463,0.0
113,113年決算書第一冊.pdf,223,963,0.0
113,113年決算書第一冊.pdf,224,145,0.0
113,113年決算書第一冊.pdf,225,2291,0.0
113,113年決算書第一冊.pdf,226,702,0.0
113,113年決算書第一冊.pdf,227,1286,0.0
113,113年決算書第一冊.pdf,228,13,0.0
113,113年決算書第一冊.pdf,229,0,0.0
113,113年決算書第一冊.pdf,230,95,0.0
113,113年決算書第一冊.pdf,231,0,0.0
113,113年決算書第一冊.pdf,232,707,0.0
113,113年決算書第一冊.pdf,233,0,0.0
113,113年決算書第一冊.pdf,234,794,0.0
113,113年決算書第一冊.pdf,235,810,0.0
113,113年決算書第一冊.pdf,236,763,0.0
113,113年決算書第一冊.pdf,237,1287,0.0
113,113年決算書第一冊.pdf,238,658,0.0
113,113年決算書第一冊.pdf,239,1298,0.0
113,113年決算書第一冊.pdf,240,275,0.0
113,113年決算書第一冊.pdf,241,632,0.0
113,113年決算書第一冊.pdf,242,485,0.0
113,113年決算書第一冊.pdf,243,535,0.0
113,113年決算書第一冊.pdf,244,174,0.0
113,113年決算書第一冊.pdf,245,764,0.0
113,113年決算書第一冊.pdf,246,469,0.0
113,113年決算書第一冊.pdf,247,93,0.0
113,113年決算書第一冊.pdf,248,265,0.0
113,113年決算書第一冊.pdf,249,1227,0.0
113,113年決算書第一冊.pdf,250,270,0.0
113,113年決算書第一冊.pdf,251,1755,0.0
113,113年決算書第一冊.pdf,252,894,0.0
113,113年決算書第一冊.pdf,253,562,0.0
113,113年決算書第一冊.pdf,254,134,0.0
113,113年決算書第一冊.pdf,255,1767,0.0
113,113年決算書第一冊.pdf,256,485,0.0
113,113年決算書第一冊.pdf,257,1020,0.0
113,113年決算書第一冊.pdf,258,0,0.0
113,113年決算書第一冊.pdf,259,0,0.0
113,113年決算書第一冊.pdf,260,95,0.0
113,113年決算書第一冊.pdf,261,0,0.0
113,113年決算書第一冊.pdf,262,707,0.0
113,113年決算書第一冊.pdf,263,0,0.0
113,113年決算書第一冊.pdf,264,806,0.0
113,113年決算書第一冊.pdf,265,801,0.0
113,113年決算書第一冊.pdf,266,757,0.0
113,113年決算書第一冊.pdf,267,1344,0.0
113,113年決算書第一冊.pdf,268,744,0.0
113,113年決算書第一冊.pdf,269,1258,0.0
113,113年決算書第一冊.pdf,270,11,0.0
113,113年決算書第一冊.pdf,271,784,0.0
113,113年決算書第一冊.pdf,272,262,0.0
113,113年決算書第一冊.pdf,273,496,0.0
113,113年決算書第一冊.pdf,274,235,0.0
113,113年決算書第一冊.pdf,275,754,0.0
113,113年決算書第一冊.pdf,276,466,0.0
113,113年決算書第一冊.pdf,277,93,0.0
113,113年決算書第一冊.pdf,278,212,0.0
113,113年決算書第一冊.pdf,279,1097,0.0
113,113年決算書第一冊.pdf,280,270,0.0
113,113年決算書第一冊.pdf,281,1025,0.0
113,113年決算書第一冊.pdf,282,1006,0.0
113,113年決算書第一冊.pdf,283,1463,0.0
113,113年決算書第一冊.pdf,284,126,0.0
113,113年決算書第一冊.pdf,285,1819,0.0
113,113年決算書第一冊.pdf,286,478,0.0
113,113年決算書第一冊.pdf,287,953,0.0
113,113年決算書第一冊.pdf,288,0,0.0
113,113年決算書第一冊.pdf,289,0,0.0
113,113年決算書第一冊.pdf,290,95,0.0
113,113年決算書第一冊.pdf,291,0,0.0
113,113年決算書第一冊.pdf,292,707,0.0
113,113年決算書第一冊.pdf,293,0,0.0
113,113年決算書第一冊.pdf,294,820,0.0
113,113年決算書第一冊.pdf,295,784,0.0
113,113年決算書第一冊.pdf,296,706,0.0
113,113年決算書第一冊.pdf,297,1545,1.0
113,113年決算書第一冊.pdf,298,767,1.0
113,113年決算書第一冊.pdf,299,1454,1.0
113,113年決算書第一冊.pdf,300,372,1.0
113,113年決算書第一冊.pdf,301,513,1.0
113,113年決算書第一冊.pdf,302,537,1.0
113,113年決算書第一冊.pdf,303,563,1.0
113,113年決算書第一冊.pdf,304,337,1.0
113,113年決算書第一冊.pdf,305,865,1.0
113,113年決算書第一冊.pdf,306,525,1.0
113,113年決算書第一冊.pdf,307,145,1.0
113,113年決算書第一冊.pdf,308,315,1.0
113,113年決算書第一冊.pdf,309,1293,0.0
113,113年決算書第一冊.pdf,310,397,1.0
113,113年決算書第一冊.pdf,311,1864,1.0
113,113年決算書第一冊.pdf,312,1033,1.0
113,113年決算書第一冊.pdf,313,566,1.0
113,113年決算書第一冊.pdf,314,177,1.0
113,113年決算書第一冊.pdf,315,1940,1.0
113,113年決算書第一冊.pdf,316,574,1.0
113,113年決算書第一冊.pdf,317,1090,1.0
113,113年決算書第一冊.pdf,318,0,0.0
113,113年決算書第一冊.pdf,319,0,0.0
113,113年決算書第一冊.pdf,320,95,0.0
113,113年決算書第一冊.pdf,321,0,0.0
113,113年決算書第一冊.pdf,322,707,0.0
113,113年決算書第一冊.pdf,323,0,0.0
113,113年決算書第一冊.pdf,324,775,0.0
113,113年決算書第一冊.pdf,325,814,0.0
113,113年決算書第一冊.pdf,326,649,0.0
113,113年決算書第一冊.pdf,327,1321,0.0
113,113年決算書第一冊.pdf,328,723,0.0
113,113年決算書第一冊.pdf,329,1273,0.0
113,113年決算書第一冊.pdf,330,263,0.0
113,113年決算書第一冊.pdf,331,634,0.0
113,113年決算書第一冊.pdf,332,253,0.0
113,113年決算書第一冊.pdf,333,428,0.0
113,113年決算書第一冊.pdf,334,118,0.0
113,113年決算書第一冊.pdf,335,730,0.0
113,113年決算書第一冊.pdf,336,452,0.0
113,113年決算書第一冊.pdf,337,0,0.0
113,113年決算書第一冊.pdf,338,253,0.0
113,113年決算書第一冊.pdf,339,1257,0.0
113,113年決算書第一冊.pdf,340,367,0.0
113,113年決算書第一冊.pdf,341,1647,0.0
113,113年決算書第一冊.pdf,342,787,0.0
113,113年決算書第一冊.pdf,343,520,0.0
113,113年決算書第一冊.pdf,344,118,0.0
113,113年決算書第一冊.pdf,345,1814,0.0
113,113年決算書第一冊.pdf,346,0,0.0
113,113年決算書第一冊.pdf,347,936,0.0
113,113年決算書第一冊.pdf,348,0,0.0
113,113年決算書第一冊.pdf,349,0,0.0
113,113年決算書第一冊.pdf,350,95,0.0
113,113年決算書第一冊.pdf,351,0,0.0
113,113年決算書第一冊.pdf,352,707,0.0
113,113年決算書第一冊.pdf,353,0,0.0
113,113年決算書第一冊.pdf,354,691,0.0
113,113年決算書第一冊.pdf,355,777,0.0
113,113年決算書第一冊.pdf,356,818,0.0
113,113年決算書第一冊.pdf,357,1474,1.0
113,113年決算書第一冊.pdf,358,784,0.0
113,113年決算書第一冊.pdf,359,1370,0.0
113,113年決算書第一冊.pdf,360,418,0.0
113,113年決算書第一冊.pdf,361,460,0.0
113,113年決算書第一冊.pdf,362,410,0.0
113,113年決算書第一冊.pdf,363,459,0.0
113,113年決算書第一冊.pdf,364,134,0.0
113,113年決算書第一冊.pdf,365,628,0.0
113,113年決算書第一冊.pdf,366,684,0.0
113,113年決算書第一冊.pdf,367,121,0.0
113,113年決算書第一冊.pdf,368,375,0.0
113,113年決算書第一冊.pdf,369,1285,0.0
113,113年決算書第一冊.pdf,370,292,0.0
113,113年決算書第一冊.pdf,371,1496,0.0
113,113年決算書第一冊.pdf,372,826,0.0
113,113年決算書第一冊.pdf,373,424,0.0
113,113年決算書第一冊.pdf,374,157,0.0
113,113年決算書第一冊.pdf,375,1785,0.0
113,113年決算書第一冊.pdf,376,509,0.0
113,113年決算書第一冊.pdf,377,880,0.0
113,113年決算書第一冊.pdf,378,0,0.0
113,113年決算書第一冊.pdf,379,0,0.0
113,113年決算書第一冊.pdf,380,95,0.0
113,113年決算書第一冊.pdf,381,0,0.0
113,113年決算書第一冊.pdf,382,707,0.0
113,113年決算書第一冊.pdf,383,0,0.0
113,113年決算書第一冊.pdf,384,820,0.0
113,113年決算書第一冊.pdf,385,825,0.0
113,113年決算書第一冊.pdf,386,679,0.0
113,113年決算書第一冊.pdf,387,1358,0.0
113,113年決算書第一冊.pdf,388,725,0.0
113,113年決算書第一冊.pdf,389,1348,0.0
113,113年決算書第一冊.pdf,390,275,0.0
113,113年決算書第一冊.pdf,391,503,0.0
113,113年決算書第一冊.pdf,392,542,0.0
113,113年決算書第一冊.pdf,393,516,0.0
113,113年決算書第一冊.pdf,394,267,0.0
113,113年決算書第一冊.pdf,395,793,0.0
113,113年決算書第一冊.pdf,396,468,0.0
113,113年決算書第一冊.pdf,397,93,0.0
113,113年決算書第一冊.pdf,398,218,0.0
113,113年決算書第一冊.pdf,399,1327,0.0
113,113年決算書第一冊.pdf,400,297,0.0
113,113年決算書第一冊.pdf,401,1704,0.0
113,113年決算書第一冊.pdf,402,800,0.0
113,113年決算書第一冊.pdf,403,320,0.0
113,113年決算書第一冊.pdf,404,130,0.0
113,113年決算書第一冊.pdf,405,1804,0.0
113,113年決算書第一冊.pdf,406,480,0.0
113,113年決算書第一冊.pdf,407,1008,0.0
113,113年決算書第一冊.pdf,408,0,0.0
113,113年決算書第一冊.pdf,409,0,0.0
113,113年決算書第一冊.pdf,410,95,0.0
113,113年決算書第一冊.pdf,411,0,0.0
113,113年決算書第一冊.pdf,412,709,0.0
113,113年決算書第一冊.pdf,413,0,0.0
113,113年決算書第一冊.pdf,414,704,0.0
113,113年決算書第一冊.pdf,415,732,0.0
113,113年決算書第一冊.pdf,416,854,0.0
113,113年決算書第一冊.pdf,417,284,0.0
113,113年決算書第一冊.pdf,418,1376,0.0
113,113年決算書第一冊.pdf,419,696,0.0
113,113年決算書第一冊.pdf,420,1257,0.0
113,113年決算書第一冊.pdf,421,513,0.0
113,113年決算書第一冊.pdf,422,11,0.0
113,113年決算書第一冊.pdf,423,778,0.0
113,113年決算書第一冊.pdf,424,259,0.0
113,113年決算書第一冊.pdf,425,557,0.0
113,113年決算書第一冊.pdf,426,153,0.0
113,113年決算書第一冊.pdf,427,830,0.0
113,113年決算書第一冊.pdf,428,462,0.0
113,113年決算書第一冊.pdf,429,93,0.0
113,113年決算書第一冊.pdf,430,310,0.0
113,113年決算書第一冊.pdf,431,1359,0.0
113,113年決算書第一冊.pdf,432,271,0.0
113,113年決算書第一冊.pdf,433,1815,0.0
113,113年決算書第一冊.pdf,434,772,0.0
113,113年決算書第一冊.pdf,435,419,0.0
113,113年決算書第一冊.pdf,436,143,0.0
113,113年決算書第一冊.pdf,437,1703,0.0
113,113年決算書第一冊.pdf,438,481,0.0
113,113年決算書第一冊.pdf,439,949,0.0
113,113年決算書第一冊.pdf,440,0,0.0
113,113年決算書第一冊.pdf,441,0,0.0
113,113年決算書第一冊.pdf,442,95,0.0
113,113年決算書第一冊.pdf,443,0,0.0
113,113年決算書第一冊.pdf,444,709,0.0
113,113年決算書第一冊.pdf,445,0,0.0
113,113年決算書第一冊.pdf,446,822,0.0
113,113年決算書第一冊.pdf,447,767,0.0
113,113年決算書第一冊.pdf,448,905,0.0
113,113年決算書第一冊.pdf,449,277,0.0
113,113年決算書第一冊.pdf,450,1300,0.0
113,113年決算書第一冊.pdf,451,637,0.0
113,113年決算書第一冊.pdf,452,1324,0.0
113,113年決算書第一冊.pdf,453,507,0.0
113,113年決算書第一冊.pdf,454,11,0.0
113,113年決算書第一冊.pdf,455,704,0.0
113,113年決算書第一冊.pdf,456,558,0.0
113,113年決算書第一冊.pdf,457,671,0.0
113,113年決算書第一冊.pdf,458,167,0.0
113,113年決算書第一冊.pdf,459,749,0.0
113,113年決算書第一冊.pdf,460,583,0.0
113,113年決算書第一冊.pdf,461,128,0.0
113,113年決算書第一冊.pdf,462,265,0.0
113,113年決算書第一冊.pdf,463,1415,0.0
113,113年決算書第一冊.pdf,464,307,0.0
113,113年決算書第一冊.pdf,465,1077,0.0
113,113年決算書第一冊.pdf,466,1114,0.0
113,113年決算書第一冊.pdf,467,1545,0.0
113,113年決算書第一冊.pdf,468,141,0.0
113,113年決算書第一冊.pdf,469,1928,0.0
113,113年決算書第一冊.pdf,470,482,0.0
113,113年決算書第一冊.pdf,471,1050,0.0
113,113年決算書第一冊.pdf,472,0,0.0
113,113年決算書第一冊.pdf,473,0,0.0
113,113年決算書第一冊.pdf,474,95,0.0
113,113年決算書第一冊.pdf,475,0,0.0
113,113年決算書第一冊.pdf,476,709,0.0
113,113年決算書第一冊.pdf,477,0,0.0
113,113年決算書第一冊.pdf,478,812,0.0
113,113年決算書第一冊.pdf,479,765,0.0
113,113年決算書第一冊.pdf,480,885,0.0
113,113年決算書第一冊.pdf,481,186,0.0
113,113年決算書第一冊.pdf,482,1326,0.0
113,113年決算書第一冊.pdf,483,777,0.0
113,113年決算書第一冊.pdf,484,1245,0.0
113,113年決算書第一冊.pdf,485,454,0.0
113,113年決算書第一冊.pdf,486,11,0.0
113,113年決算書第一冊.pdf,487,597,0.0
113,113年決算書第一冊.pdf,488,586,0.0
113,113年決算書第一冊.pdf,489,535,0.0
113,113年決算書第一冊.pdf,490,153,0.0
113,113年決算書第一冊.pdf,491,852,0.0
113,113年決算書第一冊.pdf,492,445,0.0
113,113年決算書第一冊.pdf,493,93,0.0
113,113年決算書第一冊.pdf,494,309,0.0
113,113年決算書第一冊.pdf,495,1267,0.0
113,113年決算書第一冊.pdf,496,270,0.0
113,113年決算書第一冊.pdf,497,1121,0.0
113,113年決算書第一冊.pdf,498,1063,0.0
113,113年決算書第一冊.pdf,499,1455,0.0
113,113年決算書第一冊.pdf,500,121,0.0
113,113年決算書第一冊.pdf,501,1892,0.0
113,113年決算書第一冊.pdf,502,482,0.0
113,113年決算書第一冊.pdf,503,1059,0.0
113,113年決算書第一冊.pdf,504,0,0.0
113,113年決算書第一冊.pdf,505,0,0.0
113,113年決算書第一冊.pdf,506,95,0.0
113,113年決算書第一冊.pdf,507,0,0.0
113,113年決算書第一冊.pdf,508,709,0.0
113,113年決算書第一冊.pdf,509,0,0.0
113,113年決算書第一冊.pdf,510,785,0.0
113,113年決算書第一冊.pdf,511,791,0.0
113,113年決算書第一冊.pdf,512,806,0.0
113,113年決算書第一冊.pdf,513,126,0.0
113,113年決算書第一冊.pdf,514,1332,0.0
113,113年決算書第一冊.pdf,515,703,0.0
113,113年決算書第一冊.pdf,516,1328,0.0
113,113年決算書第一冊.pdf,517,328,0.0
113,113年決算書第一冊.pdf,518,11,0.0
113,113年決算書第一冊.pdf,519,634,0.0
113,113年決算書第一冊.pdf,520,554,0.0
113,113年決算書第一冊.pdf,521,512,0.0
113,113年決算書第一冊.pdf,522,223,0.0
113,113年決算書第一冊.pdf,523,718,0.0
113,113年決算書第一冊.pdf,524,468,0.0
113,113年決算書第一冊.pdf,525,93,0.0
113,113年決算書第一冊.pdf,526,261,0.0
113,113年決算書第一冊.pdf,527,1397,0.0
113,113年決算書第一冊.pdf,528,230,0.0
113,113年決算書第一冊.pdf,529,1706,0.0
113,113年決算書第一冊.pdf,530,867,0.0
113,113年決算書第一冊.pdf,531,631,0.0
113,113年決算書第一冊.pdf,532,129,0.0
113,113年決算書第一冊.pdf,533,1690,0.0
113,113年決算書第一冊.pdf,534,476,0.0
113,113年決算書第一冊.pdf,535,1020,0.0
113,113年決算書第一冊.pdf,536,0,0.0
113,113年決算書第一冊.pdf,537,0,0.0
113,113年決算書第一冊.pdf,538,95,0.0
113,113年決算書第一冊.pdf,539,0,0.0
113,113年決算書第一冊.pdf,540,707,0.0
113,113年決算書第一冊.pdf,541,0,0.0
113,113年決算書第一冊.pdf,542,816,0.0
113,113年決算書第一冊.pdf,543,801,0.0
113,113年決算書第一冊.pdf,544,701,0.0
113,113年決算書第一冊.pdf,545,1287,0.0
113,113年決算書第一冊.pdf,546,706,0.0
113,113年決算書第一冊.pdf,547,1265,0.0
113,113年決算書第一冊.pdf,548,292,0.0
113,113年決算書第一冊.pdf,549,687,0.0
113,113年決算書第一冊.pdf,550,243,0.0
113,113年決算書第一冊.pdf,551,425,0.0
113,113年決算書第一冊.pdf,552,118,0.0
113,113年決算書第一冊.pdf,553,749,0.0
113,113年決算書第一冊.pdf,554,463,0.0
113,113年決算書第一冊.pdf,555,93,0.0
113,113年決算書第一冊.pdf,556,260,0.0
113,113年決算書第一冊.pdf,557,1257,0.0
113,113年決算書第一冊.pdf,558,372,0.0
113,113年決算書第一冊.pdf,559,1698,0.0
113,113年決算書第一冊.pdf,560,773,0.0
113,113年決算書第一冊.pdf,561,417,0.0
113,113年決算書第一冊.pdf,562,178,0.0
113,113年決算書第一冊.pdf,563,1696,0.0
113,113年決算書第一冊.pdf,564,471,0.0
113,113年決算書第一冊.pdf,565,967,0.0
113,113年決算書第一冊.pdf,566,0,0.0
113,113年決算書第一冊.pdf,567,0,0.0
113,113年決算書第一冊.pdf,568,95,0.0
113,113年決算書第一冊.pdf,569,0,0.0
113,113年決算書第一冊.pdf,570,707,0.0
113,113年決算書第一冊.pdf,571,0,0.0
113,113年決算書第一冊.pdf,572,790,0.0
113,113年決算書第一冊.pdf,573,801,0.0
113,113年決算書第一冊.pdf,574,774,0.0
113,113年決算書第一冊.pdf,575,1325,0.0
113,113年決算書第一冊.pdf,576,681,0.0
113,113年決算書第一冊.pdf,577,1279,0.0
113,113年決算書第一冊.pdf,578,560,0.0
113,113年決算書第一冊.pdf,579,599,0.0
113,113年決算書第一冊.pdf,580,494,0.0
113,113年決算書第一冊.pdf,581,506,0.0
113,113年決算書第一冊.pdf,582,191,0.0
113,113年決算書第一冊.pdf,583,823,0.0
113,113年決算書第一冊.pdf,584,456,0.0
113,113年決算書第一冊.pdf,585,105,0.0
113,113年決算書第一冊.pdf,586,258,0.0
113,113年決算書第一冊.pdf,587,1465,0.0
113,113年決算書第一冊.pdf,588,298,0.0
113,113年決算書第一冊.pdf,589,1062,0.0
113,113年決算書第一冊.pdf,590,1021,0.0
113,113年決算書第一冊.pdf,591,1467,0.0
113,113年決算書第一冊.pdf,592,127,0.0
113,113年決算書第一冊.pdf,593,1814,0.0
113,113年決算書第一冊.pdf,594,476,0.0
113,113年決算書第一冊.pdf,595,1050,0.0
113,113年決算書第一冊.pdf,596,0,0.0
113,113年決算書第一冊.pdf,597,0,0.0
113,113年決算書第一冊.pdf,598,95,0.0
113,113年決算書第一冊.pdf,599,0,0.0
113,113年決算書第一冊.pdf,600,707,0.0
113,113年決算書第一冊.pdf,601,0,0.0
113,113年決算書第一冊.pdf,602,784,0.0
113,113年決算書第一冊.pdf,603,770,0.0
113,113年決算書第一冊.pdf,604,760,0.0
113,113年決算書第一冊.pdf,605,1383,0.0
113,113年決算書第一冊.pdf,606,735,0.0
113,113年決算書第一冊.pdf,607,1266,0.0
113,113年決算書第一冊.pdf,608,541,0.0
113,113年決算書第一冊.pdf,609,728,0.0
113,113年決算書第一冊.pdf,610,279,0.0
113,113年決算書第一冊.pdf,611,494,0.0
113,113年決算書第一冊.pdf,612,151,0.0
113,113年決算書第一冊.pdf,613,841,0.0
113,113年決算書第一冊.pdf,614,476,0.0
113,113年決算書第一冊.pdf,615,192,0.0
113,113年決算書第一冊.pdf,616,266,0.0
113,113年決算書第一冊.pdf,617,1408,0.0
113,113年決算書第一冊.pdf,618,296,0.0
113,113年決算書第一冊.pdf,619,0,0.0
113,113年決算書第一冊.pdf,620,0,0.0
113,113年決算書第一冊.pdf,621,0,0.0
113,113年決算書第一冊.pdf,622,0,0.0
113,113年決算書第一冊.pdf,623,1735,0.0
113,113年決算書第一冊.pdf,624,472,0.0
113,113年決算書第一冊.pdf,625,828,0.0
113,113年決算書第一冊.pdf,626,0,0.0
113,113年決算書第一冊.pdf,627,0,0.0
113,113年決算書第一冊.pdf,628,95,0.0
113,113年決算書第一冊.pdf,629,0,0.0
113,113年決算書第一冊.pdf,630,707,0.0
113,113年決算書第一冊.pdf,631,0,0.0
113,113年決算書第一冊.pdf,632,791,0.0
113,113年決算書第一冊.pdf,633,804,0.0
113,113年決算書第一冊.pdf,634,783,0.0
113,113年決算書第一冊.pdf,635,1346,0.0
113,113年決算書第一冊.pdf,636,716,0.0
113,113年決算書第一冊.pdf,637,1343,0.0
113,113年決算書第一冊.pdf,638,284,0.0
113,113年決算書第一冊.pdf,639,569,0.0
113,113年決算書第一冊.pdf,640,502,0.0
113,113年決算書第一冊.pdf,641,502,0.0
113,113年決算書第一冊.pdf,642,139,0.0
113,113年決算書第一冊.pdf,643,795,0.0
113,113年決算書第一冊.pdf,644,467,0.0
113,113年決算書第一冊.pdf,645,93,0.0
113,113年決算書第一冊.pdf,646,272,0.0
113,113年決算書第一冊.pdf,647,1281,0.0
113,113年決算書第一冊.pdf,648,292,0.0
113,113年決算書第一冊.pdf,649,1761,0.0
113,113年決算書第一冊.pdf,650,809,0.0
113,113年決算書第一冊.pdf,651,435,0.0
113,113年決算書第一冊.pdf,652,123,0.0
113,113年決算書第一冊.pdf,653,1773,0.0
113,113年決算書第一冊.pdf,654,479,0.0
113,113年決算書第一冊.pdf,655,1029,0.0
113,113年決算書第一冊.pdf,656,0,0.0
113,113年決算書第一冊.pdf,657,0,0.0
113,113年決算書第一冊.pdf,658,95,0.0
113,113年決算書第一冊.pdf,659,0,0.0
113,113年決算書第一冊.pdf,660,709,0.0
113,113年決算書第一冊.pdf,661,0,0.0
113,113年決算書第一冊.pdf,662,765,0.0
113,113年決算書第一冊.pdf,663,800,0.0
113,113年決算書第一冊.pdf,664,803,0.0
113,113年決算書第一冊.pdf,665,122,0.0
113,113年決算書第一冊.pdf,666,1288,0.0
113,113年決算書第一冊.pdf,667,762,0.0
113,113年決算書第一冊.pdf,668,1285,0.0
113,113年決算書第一冊.pdf,669,296,0.0
113,113年決算書第一冊.pdf,670,11,0.0
113,113年決算書第一冊.pdf,671,704,0.0
113,113年決算書第一冊.pdf,672,303,0.0
113,113年決算書第一冊.pdf,673,353,0.0
113,113年決算書第一冊.pdf,674,283,0.0
113,113年決算書第一冊.pdf,675,751,0.0
113,113年決算書第一冊.pdf,676,469,0.0
113,113年決算書第一冊.pdf,677,93,0.0
113,113年決算書第一冊.pdf,678,261,0.0
113,113年決算書第一冊.pdf,679,1299,0.0
113,113年決算書第一冊.pdf,680,279,0.0
113,113年決算書第一冊.pdf,681,1706,0.0
113,113年決算書第一冊.pdf,682,887,0.0
113,113年決算書第一冊.pdf,683,560,0.0
113,113年決算書第一冊.pdf,684,140,0.0
113,113年決算書第一冊.pdf,685,1730,0.0
113,113年決算書第一冊.pdf,686,474,0.0
113,113年決算書第一冊.pdf,687,991,0.0
113,113年決算書第一冊.pdf,688,0,0.0
113,113年決算書第一冊.pdf,689,0,0.0
113,113年決算書第一冊.pdf,690,95,0.0
113,113年決算書第一冊.pdf,691,0,0.0
113,113年決算書第一冊.pdf,692,707,0.0
113,113年決算書第一冊.pdf,693,0,0.0
113,113年決算書第一冊.pdf,694,746,0.0
113,113年決算書第一冊.pdf,695,801,0.0
113,113年決算書第一冊.pdf,696,808,0.0
113,113年決算書第一冊.pdf,697,1706,1.0
113,113年決算書第一冊.pdf,698,750,0.0
113,113年決算書第一冊.pdf,699,1305,0.0
113,113年決算書第一冊.pdf,700,571,0.0
113,113年決算書第一冊.pdf,701,476,0.0
113,113年決算書第一冊.pdf,702,570,0.0
113,113年決算書第一冊.pdf,703,514,0.0
113,113年決算書第一冊.pdf,704,164,0.0
113,113年決算書第一冊.pdf,705,758,0.0
113,113年決算書第一冊.pdf,706,471,0.0
113,113年決算書第一冊.pdf,707,93,0.0
113,113年決算書第一冊.pdf,708,320,0.0
113,113年決算書第一冊.pdf,709,1527,0.0
113,113年決算書第一冊.pdf,710,316,0.0
113,113年決算書第一冊.pdf,711,1670,0.0
113,113年決算書第一冊.pdf,712,733,0.0
113,113年決算書第一冊.pdf,713,330,0.0
113,113年決算書第一冊.pdf,714,126,0.0
113,113年決算書第一冊.pdf,715,1864,0.0
113,113年決算書第一冊.pdf,716,477,0.0
113,113年決算書第一冊.pdf,717,1030,0.0
113,113年決算書第一冊.pdf,718,0,0.0
113,113年決算書第一冊.pdf,719,0,0.0
113,113年決算書第一冊.pdf,720,95,0.0
113,113年決算書第一冊.pdf,721,0,0.0
113,113年決算書第一冊.pdf,722,709,0.0
113,113年決算書第一冊.pdf,723,0,0.0
113,113年決算書第一冊.pdf,724,776,0.0
113,113年決算書第一冊.pdf,725,762,0.0
113,113年決算書第一冊.pdf,726,888,0.0
113,113年決算書第一冊.pdf,727,186,0.0
113,113年決算書第一冊.pdf,728,1383,0.0
113,113年決算書第一冊.pdf,729,789,0.0
113,113年決算書第一冊.pdf,730,1299,0.0
113,113年決算書第一冊.pdf,731,450,0.0
113,113年決算書第一冊.pdf,732,11,0.0
113,113年決算書第一冊.pdf,733,731,0.0
113,113年決算書第一冊.pdf,734,266,0.0
113,113年決算書第一冊.pdf,735,467,0.0
113,113年決算書第一冊.pdf,736,124,0.0
113,113年決算書第一冊.pdf,737,740,0.0
113,113年決算書第一冊.pdf,738,462,0.0
113,113年決算書第一冊.pdf,739,93,0.0
113,113年決算書第一冊.pdf,740,363,0.0
113,113年決算書第一冊.pdf,741,1358,0.0
113,113年決算書第一冊.pdf,742,274,0.0
113,113年決算書第一冊.pdf,743,1050,0.0
113,113年決算書第一冊.pdf,744,1011,0.0
113,113年決算書第一冊.pdf,745,1445,0.0
113,113年決算書第一冊.pdf,746,142,0.0
113,113年決算書第一冊.pdf,747,1792,0.0
113,113年決算書第一冊.pdf,748,478,0.0
113,113年決算書第一冊.pdf,749,984,0.0
113,113年決算書第一冊.pdf,750,0,0.0
113,113年決算書第一冊.pdf,751,0,0.0
113,113年決算書第二冊.pdf,0,1276,0.0
113,113年決算書第二冊.pdf,1,1189,0.0
113,113年決算書第二冊.pdf,2,95,0.0
113,113年決算書第二冊.pdf,3,0,0.0
113,113年決算書第二冊.pdf,4,709,0.0
113,113年決算書第二冊.pdf,5,0,0.0
113,113年決算書第二冊.pdf,6,757,0.0
113,113年決算書第二冊.pdf,7,812,0.0
113,113年決算書第二冊.pdf,8,824,0.0
113,113年決算書第二冊.pdf,9,87,0.0
113,113年決算書第二冊.pdf,10,1457,0.0
113,113年決算書第二冊.pdf,11,785,0.0
113,113年決算書第二冊.pdf,12,1308,0.0
113,113年決算書第二冊.pdf,13,425,0.0
113,113年決算書第二冊.pdf,14,11,0.0
113,113年決算書第二冊.pdf,15,719,0.0
113,113年決算書第二冊.pdf,16,268,0.0
113,113年決算書第二冊.pdf,17,498,0.0
113,113年決算書第二冊.pdf,18,127,0.0
113,113年決算書第二冊.pdf,19,736,0.0
113,113年決算書第二冊.pdf,20,473,0.0
113,113年決算書第二冊.pdf,21,103,0.0
113,113年決算書第二冊.pdf,22,265,0.0
113,113年決算書第二冊.pdf,23,1451,0.0
113,113年決算書第二冊.pdf,24,280,0.0
113,113年決算書第二冊.pdf,25,1595,0.0
113,113年決算書第二冊.pdf,26,835,0.0
113,113年決算書第二冊.pdf,27,253,0.0
113,113年決算書第二冊.pdf,28,160,0.0
113,113年決算書第二冊.pdf,29,1797,0.0
113,113年決算書第二冊.pdf,30,475,0.0
113,113年決算書第二冊.pdf,31,1038,0.0
113,113年決算書第二冊.pdf,32,0,0.0
113,113年決算書第二冊.pdf,33,0,0.0
113,113年決算書第二冊.pdf,34,95,0.0
113,113年決算書第二冊.pdf,35,0,0.0
113,113年決算書第二冊.pdf,36,709,0.0
113,113年決算書第二冊.pdf,37,0,0.0
113,113年決算書第二冊.pdf,38,798,0.0
113,113年決算書第二冊.pdf,39,786,0.0
113,113年決算書第二冊.pdf,40,797,0.0
113,113年決算書第二冊.pdf,41,122,0.0
113,113年決算書第二冊.pdf,42,1470,0.0
113,113年決算書第二冊.pdf,43,835,0.0
113,113年決算書第二冊.pdf,44,1332,0.0
113,113年決算書第二冊.pdf,45,315,0.0
113,113年決算書第二冊.pdf,46,11,0.0
113,113年決算書第二冊.pdf,47,751,0.0
113,113年決算書第二冊.pdf,48,271,0.0
113,113年決算書第二冊.pdf,49,538,0.0
113,113年決算書第二冊.pdf,50,131,0.0
113,113年決算書第二冊.pdf,51,746,0.0
113,113年決算書第二冊.pdf,52,464,0.0
113,113年決算書第二冊.pdf,53,93,0.0
113,113年決算書第二冊.pdf,54,315,0.0
113,113年決算書第二冊.pdf,55,1304,0.0
113,113年決算書第二冊.pdf,56,298,0.0
113,113年決算書第二冊.pdf,57,1613,0.0
113,113年決算書第二冊.pdf,58,808,0.0
113,113年決算書第二冊.pdf,59,412,0.0
113,113年決算書第二冊.pdf,60,140,0.0
113,113年決算書第二冊.pdf,61,1863,0.0
113,113年決算書第二冊.pdf,62,478,0.0
113,113年決算書第二冊.pdf,63,1005,0.0
113,113年決算書第二冊.pdf,64,0,0.0
113,113年決算書第二冊.pdf,65,0,0.0
113,113年決算書第二冊.pdf,66,95,0.0
113,113年決算書第二冊.pdf,67,0,0.0
113,113年決算書第二冊.pdf,68,709,0.0
113,113年決算書第二冊.pdf,69,0,0.0
113,113年決算書第二冊.pdf,70,779,0.0
113,113年決算書第二冊.pdf,71,859,0.0
113,113年決算書第二冊.pdf,72,808,0.0
113,113年決算書第二冊.pdf,73,91,0.0
113,113年決算書第二冊.pdf,74,1393,0.0
113,113年決算書第二冊.pdf,75,734,0.0
113,113年決算書第二冊.pdf,76,1302,0.0
113,113年決算書第二冊.pdf,77,280,0.0
113,113年決算書第二冊.pdf,78,11,0.0
113,113年決算書第二冊.pdf,79,496,0.0
113,113年決算書第二冊.pdf,80,463,0.0
113,113年決算書第二冊.pdf,81,446,0.0
113,113年決算書第二冊.pdf,82,111,0.0
113,113年決算書第二冊.pdf,83,645,0.0
113,113年決算書第二冊.pdf,84,427,0.0
113,113年決算書第二冊.pdf,85,93,0.0
113,113年決算書第二冊.pdf,86,316,0.0
113,113年決算書第二冊.pdf,87,1271,0.0
113,113年決算書第二冊.pdf,88,255,0.0
113,113年決算書第二冊.pdf,89,956,0.0
113,113年決算書第二冊.pdf,90,992,0.0
113,113年決算書第二冊.pdf,91,1330,0.0
113,113年決算書第二冊.pdf,92,127,0.0
113,113年決算書第二冊.pdf,93,1867,0.0
113,113年決算書第二冊.pdf,94,473,0.0
113,113年決算書第二冊.pdf,95,1035,0.0
113,113年決算書第二冊.pdf,96,0,0.0
113,113年決算書第二冊.pdf,97,0,0.0
113,113年決算書第二冊.pdf,98,95,0.0
113,113年決算書第二冊.pdf,99,0,0.0
113,113年決算書第二冊.pdf,100,709,0.0
113,113年決算書第二冊.pdf,101,0,0.0
113,113年決算書第二冊.pdf,102,819,0.0
113,113年決算書第二冊.pdf,103,752,0.0
113,113年決算書第二冊.pdf,104,854,0.0
113,113年決算書第二冊.pdf,105,322,0.0
113,113年決算書第二冊.pdf,106,1395,0.0
113,113年決算書第二冊.pdf,107,796,0.0
113,113年決算書第二冊.pdf,108,1335,0.0
113,113年決算書第二冊.pdf,109,444,0.0
113,113年決算書第二冊.pdf,110,11,0.0
113,113年決算書第二冊.pdf,111,835,0.0
113,113年決算書第二冊.pdf,112,285,0.0
113,113年決算書第二冊.pdf,113,584,0.0
113,113年決算書第二冊.pdf,114,171,0.0
113,113年決算書第二冊.pdf,115,744,0.0
113,113年決算書第二冊.pdf,116,461,0.0
113,113年決算書第二冊.pdf,117,93,0.0
113,113年決算書第二冊.pdf,118,384,0.0
113,113年決算書第二冊.pdf,119,1389,0.0
113,113年決算書第二冊.pdf,120,320,0.0
113,113年決算書第二冊.pdf,121,1649,0.0
113,113年決算書第二冊.pdf,122,831,0.0
113,113年決算書第二冊.pdf,123,449,0.0
113,113年決算書第二冊.pdf,124,140,0.0
113,113年決算書第二冊.pdf,125,1898,0.0
113,113年決算書第二冊.pdf,126,478,0.0
113,113年決算書第二冊.pdf,127,1026,0.0
113,113年決算書第二冊.pdf,128,0,0.0
113,113年決算書第二冊.pdf,129,0,0.0
113,113年決算書第二冊.pdf,130,95,0.0
113,113年決算書第二冊.pdf,131,0,0.0
113,113年決算書第二冊.pdf,132,707,0.0
113,113年決算書第二冊.pdf,133,0,0.0
113,113年決算書第二冊.pdf,134,203,0.0
113,113年決算書第二冊.pdf,135,291,0.0
113,113年決算書第二冊.pdf,136,265,0.0
113,113年決算書第二冊.pdf,137,1378,0.0
113,113年決算書第二冊.pdf,138,749,0.0
113,113年決算書第二冊.pdf,139,1279,0.0
113,113年決算書第二冊.pdf,140,430,0.0
113,113年決算書第二冊.pdf,141,650,0.0
113,113年決算書第二冊.pdf,142,494,0.0
113,113年決算書第二冊.pdf,143,550,0.0
113,113年決算書第二冊.pdf,144,118,0.0
113,113年決算書第二冊.pdf,145,706,0.0
113,113年決算書第二冊.pdf,146,460,0.0
113,113年決算書第二冊.pdf,147,93,0.0
113,113年決算書第二冊.pdf,148,361,0.0
113,113年決算書第二冊.pdf,149,1382,0.0
113,113年決算書第二冊.pdf,150,316,0.0
113,113年決算書第二冊.pdf,151,1800,1.0
113,113年決算書第二冊.pdf,152,835,1.0
113,113年決算書第二冊.pdf,153,306,1.0
113,113年決算書第二冊.pdf,154,174,1.0
113,113年決算書第二冊.pdf,155,1819,0.0
113,113年決算書第二冊.pdf,156,20,0.0
113,113年決算書第二冊.pdf,157,1017,0.0
113,113年決算書第二冊.pdf,158,0,0.0
113,113年決算書第二冊.pdf,159,0,0.0
113,113年決算書第二冊.pdf,160,95,0.0
113,113年決算書第二冊.pdf,161,0,0.0
113,113年決算書第二冊.pdf,162,709,0.0
113,113年決算書第二冊.pdf,163,0,0.0
113,113年決算書第二冊.pdf,164,733,0.0
113,113年決算書第二冊.pdf,165,796,0.0
113,113年決算書第二冊.pdf,166,885,0.0
113,113年決算書第二冊.pdf,167,126,0.0
113,113年決算書第二冊.pdf,168,1286,0.0
113,113年決算書第二冊.pdf,169,761,0.0
113,113年決算書第二冊.pdf,170,1231,0.0
113,113年決算書第二冊.pdf,171,346,0.0
113,113年決算書第二冊.pdf,172,11,0.0
113,113年決算書第二冊.pdf,173,905,0.0
113,113年決算書第二冊.pdf,174,329,0.0
113,113年決算書第二冊.pdf,175,492,0.0
113,113年決算書第二冊.pdf,176,167,0.0
113,113年決算書第二冊.pdf,177,734,0.0
113,113年決算書第二冊.pdf,178,454,0.0
113,113年決算書第二冊.pdf,179,93,0.0
113,113年決算書第二冊.pdf,180,336,0.0
113,113年決算書第二冊.pdf,181,1209,0.0
113,113年決算書第二冊.pdf,182,279,0.0
113,113年決算書第二冊.pdf,183,1745,0.0
113,113年決算書第二冊.pdf,184,900,0.0
113,113年決算書第二冊.pdf,185,508,0.0
113,113年決算書第二冊.pdf,186,124,0.0
113,113年決算書第二冊.pdf,187,1855,0.0
113,113年決算書第二冊.pdf,188,477,0.0
113,113年決算書第二冊.pdf,189,1053,0.0
113,113年決算書第二冊.pdf,190,0,0.0
113,113年決算書第二冊.pdf,191,0,0.0
113,113年決算書第二冊.pdf,192,95,0.0
113,113年決算書第二冊.pdf,193,0,0.0
113,113年決算書第二冊.pdf,194,707,0.0
113,113年決算書第二冊.pdf,195,0,0.0
113,113年決算書第二冊.pdf,196,740,0.0
113,113年決算書第二冊.pdf,197,819,0.0
113,113年決算書第二冊.pdf,198,754,0.0
113,113年決算書第二冊.pdf,199,1284,0.0
113,113年決算書第二冊.pdf,200,711,0.0
113,113年決算書第二冊.pdf,201,1248,0.0
113,113年決算書第二冊.pdf,202,274,0.0
113,113年決算書第二冊.pdf,203,738,0.0
113,113年決算書第二冊.pdf,204,550,0.0
113,113年決算書第二冊.pdf,205,556,0.0
113,113年決算書第二冊.pdf,206,209,0.0
113,113年決算書第二冊.pdf,207,706,0.0
113,113年決算書第二冊.pdf,208,432,0.0
113,113年決算書第二冊.pdf,209,93,0.0
113,113年決算書第二冊.pdf,210,313,0.0
113,113年決算書第二冊.pdf,211,1180,0.0
113,113年決算書第二冊.pdf,212,247,0.0
113,113年決算書第二冊.pdf,213,1647,0.0
113,113年決算書第二冊.pdf,214,788,0.0
113,113年決算書第二冊.pdf,215,460,0.0
113,113年決算書第二冊.pdf,216,124,0.0
113,113年決算書第二冊.pdf,217,1770,0.0
113,113年決算書第二冊.pdf,218,473,0.0
113,113年決算書第二冊.pdf,219,912,0.0
113,113年決算書第二冊.pdf,220,0,0.0
113,113年決算書第二冊.pdf,221,0,0.0
113,113年決算書第二冊.pdf,222,91,0.0
113,113年決算書第二冊.pdf,223,0,0.0
113,113年決算書第二冊.pdf,224,705,0.0
113,113年決算書第二冊.pdf,225,0,0.0
113,113年決算書第二冊.pdf,226,823,0.0
113,113年決算書第二冊.pdf,227,832,0.0
113,113年決算書第二冊.pdf,228,245,0.0
113,113年決算書第二冊.pdf,229,948,0.0
113,113年決算書第二冊.pdf,230,401,0.0
113,113年決算書第二冊.pdf,231,1299,0.0
113,113年決算書第二冊.pdf,232,231,0.0
113,113年決算書第二冊.pdf,233,544,0.0
113,113年決算書第二冊.pdf,234,217,0.0
113,113年決算書第二冊.pdf,235,344,0.0
113,113年決算書第二冊.pdf,236,142,0.0
113,113年決算書第二冊.pdf,237,787,0.0
113,113年決算書第二冊.pdf,238,407,0.0
113,113年決算書第二冊.pdf,239,105,0.0
113,113年決算書第二冊.pdf,240,200,0.0
113,113年決算書第二冊.pdf,241,1238,0.0
113,113年決算書第二冊.pdf,242,276,0.0
113,113年決算書第二冊.pdf,243,1596,0.0
113,113年決算書第二冊.pdf,244,766,0.0
113,113年決算書第二冊.pdf,245,389,0.0
113,113年決算書第二冊.pdf,246,113,0.0
113,113年決算書第二冊.pdf,247,1441,0.0
113,113年決算書第二冊.pdf,248,460,0.0
113,113年決算書第二冊.pdf,249,870,0.0
113,113年決算書第二冊.pdf,250,0,0.0
113,113年決算書第二冊.pdf,251,0,0.0
113,113年決算書第二冊.pdf,252,103,0.0
113,113年決算書第二冊.pdf,253,0,0.0
113,113年決算書第二冊.pdf,254,711,0.0
113,113年決算書第二冊.pdf,255,0,0.0
113,113年決算書第二冊.pdf,256,801,0.0
113,113年決算書第二冊.pdf,257,797,0.0
113,113年決算書第二冊.pdf,258,759,0.0
113,113年決算書第二冊.pdf,259,1579,0.0
113,113年決算書第二冊.pdf,260,760,0.0
113,113年決算書第二冊.pdf,261,1274,0.0
113,113年決算書第二冊.pdf,262,518,0.0
113,113年決算書第二冊.pdf,263,594,0.0
113,113年決算書第二冊.pdf,264,523,0.0
113,113年決算書第二冊.pdf,265,514,0.0
113,113年決算書第二冊.pdf,266,199,0.0
113,113年決算書第二冊.pdf,267,830,0.0
113,113年決算書第二冊.pdf,268,461,0.0
113,113年決算書第二冊.pdf,269,117,0.0
113,113年決算書第二冊.pdf,270,274,0.0
113,113年決算書第二冊.pdf,271,1402,0.0
113,113年決算書第二冊.pdf,272,421,0.0
113,113年決算書第二冊.pdf,273,1131,0.0
113,113年決算書第二冊.pdf,274,1072,0.0
113,113年決算書第二冊.pdf,275,1503,0.0
113,113年決算書第二冊.pdf,276,143,0.0
113,113年決算書第二冊.pdf,277,1883,0.0
113,113年決算書第二冊.pdf,278,489,0.0
113,113年決算書第二冊.pdf,279,1049,0.0
113,113年決算書第二冊.pdf,280,0,0.0
113,113年決算書第二冊.pdf,281,0,0.0
113,113年決算書第二冊.pdf,282,103,0.0
113,113年決算書第二冊.pdf,283,0,0.0
113,113年決算書第二冊.pdf,284,713,0.0
113,113年決算書第二冊.pdf,285,0,0.0
113,113年決算書第二冊.pdf,286,826,0.0
113,113年決算書第二冊.pdf,287,830,0.0
113,113年決算書第二冊.pdf,288,807,0.0
113,113年決算書第二冊.pdf,289,226,0.0
113,113年決算書第二冊.pdf,290,1526,0.0
113,113年決算書第二冊.pdf,291,823,0.0
113,113年決算書第二冊.pdf,292,1322,0.0
113,113年決算書第二冊.pdf,293,515,0.0
113,113年決算書第二冊.pdf,294,11,0.0
113,113年決算書第二冊.pdf,295,654,0.0
113,113年決算書第二冊.pdf,296,713,0.0
113,113年決算書第二冊.pdf,297,581,0.0
113,113年決算書第二冊.pdf,298,135,0.0
113,113年決算書第二冊.pdf,299,766,0.0
113,113年決算書第二冊.pdf,300,478,0.0
113,113年決算書第二冊.pdf,301,97,0.0
113,113年決算書第二冊.pdf,302,333,0.0
113,113年決算書第二冊.pdf,303,1478,0.0
113,113年決算書第二冊.pdf,304,338,0.0
113,113年決算書第二冊.pdf,305,1924,1.0
113,113年決算書第二冊.pdf,306,857,1.0
113,113年決算書第二冊.pdf,307,465,1.0
113,113年決算書第二冊.pdf,308,177,1.0
113,113年決算書第二冊.pdf,309,2030,0.0
113,113年決算書第二冊.pdf,310,487,0.0
113,113年決算書第二冊.pdf,311,1116,0.0
113,113年決算書第二冊.pdf,312,0,0.0
113,113年決算書第二冊.pdf,313,0,0.0
113,113年決算書第二冊.pdf,314,103,0.0
113,113年決算書第二冊.pdf,315,0,0.0
113,113年決算書第二冊.pdf,316,711,0.0
113,113年決算書第二冊.pdf,317,0,0.0
113,113年決算書第二冊.pdf,318,795,0.0
113,113年決算書第二冊.pdf,319,853,0.0
113,113年決算書第二冊.pdf,320,782,0.0
113,113年決算書第二冊.pdf,321,1336,0.0
113,113年決算書第二冊.pdf,322,752,0.0
113,113年決算書第二冊.pdf,323,1264,0.0
113,113年決算書第二冊.pdf,324,485,0.0
113,113年決算書第二冊.pdf,325,796,0.0
113,113年決算書第二冊.pdf,326,259,0.0
113,113年決算書第二冊.pdf,327,526,0.0
113,113年決算書第二冊.pdf,328,137,0.0
113,113年決算書第二冊.pdf,329,754,0.0
113,113年決算書第二冊.pdf,330,469,0.0
113,113年決算書第二冊.pdf,331,97,0.0
113,113年決算書第二冊.pdf,332,337,0.0
113,113年決算書第二冊.pdf,333,1396,0.0
113,113年決算書第二冊.pdf,334,397,0.0
113,113年決算書第二冊.pdf,335,1610,0.0
113,113年決算書第二冊.pdf,336,822,0.0
113,113年決算書第二冊.pdf,337,265,0.0
113,113年決算書第二冊.pdf,338,122,0.0
113,113年決算書第二冊.pdf,339,1780,0.0
113,113年決算書第二冊.pdf,340,483,0.0
113,113年決算書第二冊.pdf,341,1047,0.0
113,113年決算書第二冊.pdf,342,0,0.0
113,113年決算書第二冊.pdf,343,0,0.0
113,113年決算書第二冊.pdf,344,103,0.0
113,113年決算書第二冊.pdf,345,0,0.0
113,113年決算書第二冊.pdf,346,713,0.0
113,113年決算書第二冊.pdf,347,0,0.0
113,113年決算書第二冊.pdf,348,760,0.0
113,113年決算書第二冊.pdf,349,761,0.0
113,113年決算書第二冊.pdf,350,748,0.0
113,113年決算書第二冊.pdf,351,428,0.0
113,113年決算書第二冊.pdf,352,1454,0.0
113,113年決算書第二冊.pdf,353,794,0.0
113,113年決算書第二冊.pdf,354,1314,0.0
113,113年決算書第二冊.pdf,355,546,0.0
113,113年決算書第二冊.pdf,356,11,0.0
113,113年決算書第二冊.pdf,357,639,0.0
113,113年決算書第二冊.pdf,358,543,0.0
113,113年決算書第二冊.pdf,359,552,0.0
113,113年決算書第二冊.pdf,360,177,0.0
113,113年決算書第二冊.pdf,361,764,0.0
113,113年決算書第二冊.pdf,362,473,0.0
113,113年決算書第二冊.pdf,363,108,0.0
113,113年決算書第二冊.pdf,364,309,0.0
113,113年決算書第二冊.pdf,365,1516,0.0
113,113年決算書第二冊.pdf,366,411,0.0
113,113年決算書第二冊.pdf,367,1699,0.0
113,113年決算書第二冊.pdf,368,878,0.0
113,113年決算書第二冊.pdf,369,394,0.0
113,113年決算書第二冊.pdf,370,126,0.0
113,113年決算書第二冊.pdf,371,1872,0.0
113,113年決算書第二冊.pdf,372,481,0.0
113,113年決算書第二冊.pdf,373,1070,0.0
113,113年決算書第二冊.pdf,374,0,0.0
113,113年決算書第二冊.pdf,375,0,0.0
113,113年決算書第二冊.pdf,376,103,0.0
113,113年決算書第二冊.pdf,377,0,0.0
113,113年決算書第二冊.pdf,378,713,0.0
113,113年決算書第二冊.pdf,379,0,0.0
113,113年決算書第二冊.pdf,380,813,0.0
113,113年決算書第二冊.pdf,381,761,0.0
113,113年決算書第二冊.pdf,382,865,0.0
113,113年決算書第二冊.pdf,383,381,0.0
113,113年決算書第二冊.pdf,384,1434,0.0
113,113年決算書第二冊.pdf,385,757,0.0
113,113年決算書第二冊.pdf,386,1322,0.0
113,113年決算書第二冊.pdf,387,473,0.0
113,113年決算書第二冊.pdf,388,11,0.0
113,113年決算書第二冊.pdf,389,857,0.0
113,113年決算書第二冊.pdf,390,270,0.0
113,113年決算書第二冊.pdf,391,581,0.0
113,113年決算書第二冊.pdf,392,185,0.0
113,113年決算書第二冊.pdf,393,754,0.0
113,113年決算書第二冊.pdf,394,485,0.0
113,113年決算書第二冊.pdf,395,97,0.0
113,113年決算書第二冊.pdf,396,371,0.0
113,113年決算書第二冊.pdf,397,1391,0.0
113,113年決算書第二冊.pdf,398,335,0.0
113,113年決算書第二冊.pdf,399,1656,0.0
113,113年決算書第二冊.pdf,400,780,0.0
113,113年決算書第二冊.pdf,401,357,0.0
113,113年決算書第二冊.pdf,402,134,0.0
113,113年決算書第二冊.pdf,403,1840,0.0
113,113年決算書第二冊.pdf,404,486,0.0
113,113年決算書第二冊.pdf,405,1028,0.0
113,113年決算書第二冊.pdf,406,0,0.0
113,113年決算書第二冊.pdf,407,0,0.0
113,113年決算書第二冊.pdf,408,99,0.0
113,113年決算書第二冊.pdf,409,0,0.0
113,113年決算書第二冊.pdf,410,711,0.0
113,113年決算書第二冊.pdf,411,0,0.0
113,113年決算書第二冊.pdf,412,727,0.0
113,113年決算書第二冊.pdf,413,718,0.0
113,113年決算書第二冊.pdf,414,842,0.0
113,113年決算書第二冊.pdf,415,128,0.0
113,113年決算書第二冊.pdf,416,1169,0.0
113,113年決算書第二冊.pdf,417,634,0.0
113,113年決算書第二冊.pdf,418,1356,0.0
113,113年決算書第二冊.pdf,419,523,0.0
113,113年決算書第二冊.pdf,420,11,0.0
113,113年決算書第二冊.pdf,421,523,0.0
113,113年決算書第二冊.pdf,422,547,0.0
113,113年決算書第二冊.pdf,423,567,0.0
113,113年決算書第二冊.pdf,424,149,0.0
113,113年決算書第二冊.pdf,425,792,0.0
113,113年決算書第二冊.pdf,426,463,0.0
113,113年決算書第二冊.pdf,427,224,0.0
113,113年決算書第二冊.pdf,428,310,0.0
113,113年決算書第二冊.pdf,429,1472,0.0
113,113年決算書第二冊.pdf,430,304,0.0
113,113年決算書第二冊.pdf,431,1077,0.0
113,113年決算書第二冊.pdf,432,1027,0.0
113,113年決算書第二冊.pdf,433,1335,0.0
113,113年決算書第二冊.pdf,434,141,0.0
113,113年決算書第二冊.pdf,435,1731,0.0
113,113年決算書第二冊.pdf,436,479,0.0
113,113年決算書第二冊.pdf,437,969,0.0
113,113年決算書第二冊.pdf,438,0,0.0
113,113年決算書第二冊.pdf,439,0,0.0
113,113年決算書第二冊.pdf,440,107,0.0
113,113年決算書第二冊.pdf,441,0,0.0
113,113年決算書第二冊.pdf,442,715,0.0
113,113年決算書第二冊.pdf,443,0,0.0
113,113年決算書第二冊.pdf,444,738,0.0
113,113年決算書第二冊.pdf,445,765,0.0
113,113年決算書第二冊.pdf,446,848,0.0
113,113年決算書第二冊.pdf,447,59,0.0
113,113年決算書第二冊.pdf,448,1261,0.0
113,113年決算書第二冊.pdf,449,708,0.0
113,113年決算書第二冊.pdf,450,1273,0.0
113,113年決算書第二冊.pdf,451,325,0.0
113,113年決算書第二冊.pdf,452,11,0.0
113,113年決算書第二冊.pdf,453,606,0.0
113,113年決算書第二冊.pdf,454,512,0.0
113,113年決算書第二冊.pdf,455,398,0.0
113,113年決算書第二冊.pdf,456,148,0.0
113,113年決算書第二冊.pdf,457,789,0.0
113,113年決算書第二冊.pdf,458,466,0.0
113,113年決算書第二冊.pdf,459,99,0.0
113,113年決算書第二冊.pdf,460,256,0.0
113,113年決算書第二冊.pdf,461,1298,0.0
113,113年決算書第二冊.pdf,462,268,0.0
113,113年決算書第二冊.pdf,463,1684,0.0
113,113年決算書第二冊.pdf,464,935,0.0
113,113年決算書第二冊.pdf,465,733,0.0
113,113年決算書第二冊.pdf,466,123,0.0
113,113年決算書第二冊.pdf,467,1873,0.0
113,113年決算書第二冊.pdf,468,488,0.0
113,113年決算書第二冊.pdf,469,967,0.0
113,113年決算書第二冊.pdf,470,0,0.0
113,113年決算書第二冊.pdf,471,0,0.0
113,113年決算書第二冊.pdf,472,95,0.0
113,113年決算書第二冊.pdf,473,0,0.0
113,113年決算書第二冊.pdf,474,707,0.0
113,113年決算書第二冊.pdf,475,0,0.0
113,113年決算書第二冊.pdf,476,798,0.0
113,113年決算書第二冊.pdf,477,812,0.0
113,113年決算書第二冊.pdf,478,595,0.0
113,113年決算書第二冊.pdf,479,1202,0.0
113,113年決算書第二冊.pdf,480,586,0.0
113,113年決算書第二冊.pdf,481,1298,0.0
113,113年決算書第二冊.pdf,482,372,0.0
113,113年決算書第二冊.pdf,483,727,0.0
113,113年決算書第二冊.pdf,484,265,0.0
113,113年決算書第二冊.pdf,485,438,0.0
113,113年決算書第二冊.pdf,486,130,0.0
113,113年決算書第二冊.pdf,487,765,0.0
113,113年決算書第二冊.pdf,488,426,0.0
113,113年決算書第二冊.pdf,489,113,0.0
113,113年決算書第二冊.pdf,490,325,0.0
113,113年決算書第二冊.pdf,491,1289,0.0
113,113年決算書第二冊.pdf,492,264,0.0
113,113年決算書第二冊.pdf,493,1852,1.0
113,113年決算書第二冊.pdf,494,870,1.0
113,113年決算書第二冊.pdf,495,316,0.0
113,113年決算書第二冊.pdf,496,150,1.0
113,113年決算書第二冊.pdf,497,1590,0.0
113,113年決算書第二冊.pdf,498,472,0.0
113,113年決算書第二冊.pdf,499,944,0.0
113,113年決算書第二冊.pdf,500,0,0.0
113,113年決算書第二冊.pdf,501,0,0.0
113,113年決算書第二冊.pdf,502,95,0.0
113,113年決算書第二冊.pdf,503,0,0.0
113,113年決算書第二冊.pdf,504,707,0.0
113,113年決算書第二冊.pdf,505,0,0.0
113,113年決算書第二冊.pdf,506,791,0.0
113,113年決算書第二冊.pdf,507,768,0.0
113,113年決算書第二冊.pdf,508,776,0.0
113,113年決算書第二冊.pdf,509,1172,0.0
113,113年決算書第二冊.pdf,510,621,0.0
113,113年決算書第二冊.pdf,511,1247,0.0
113,113年決算書第二冊.pdf,512,507,0.0
113,113年決算書第二冊.pdf,513,660,0.0
113,113年決算書第二冊.pdf,514,275,0.0
113,113年決算書第二冊.pdf,515,329,0.0
113,113年決算書第二冊.pdf,516,210,0.0
113,113年決算書第二冊.pdf,517,654,0.0
113,113年決算書第二冊.pdf,518,660,0.0
113,113年決算書第二冊.pdf,519,105,0.0
113,113年決算書第二冊.pdf,520,307,0.0
113,113年決算書第二冊.pdf,521,1311,0.0
113,113年決算書第二冊.pdf,522,265,0.0
113,113年決算書第二冊.pdf,523,1122,0.0
113,113年決算書第二冊.pdf,524,1186,0.0
113,113年決算書第二冊.pdf,525,1479,0.0
113,113年決算書第二冊.pdf,526,126,0.0
113,113年決算書第二冊.pdf,527,1763,0.0
113,113年決算書第二冊.pdf,528,472,0.0
113,113年決算書第二冊.pdf,529,938,0.0
113,113年決算書第二冊.pdf,530,0,0.0
113,113年決算書第二冊.pdf,531,0,0.0
113,113年決算書第二冊.pdf,532,95,0.0
113,113年決算書第二冊.pdf,533,0,0.0
113,113年決算書第二冊.pdf,534,707,0.0
113,113年決算書第二冊.pdf,535,0,0.0
113,113年決算書第二冊.pdf,536,743,0.0
113,113年決算書第二冊.pdf,537,858,0.0
113,113年決算書第二冊.pdf,538,382,0.0
113,113年決算書第二冊.pdf,539,1088,0.0
113,113年決算書第二冊.pdf,540,556,0.0
113,113年決算書第二冊.pdf,541,1273,0.0
113,113年決算書第二冊.pdf,542,391,0.0
113,113年決算書第二冊.pdf,543,685,0.0
113,113年決算書第二冊.pdf,544,212,0.0
113,113年決算書第二冊.pdf,545,508,0.0
113,113年決算書第二冊.pdf,546,113,0.0
113,113年決算書第二冊.pdf,547,667,0.0
113,113年決算書第二冊.pdf,548,383,0.0
113,113年決算書第二冊.pdf,549,105,0.0
113,113年決算書第二冊.pdf,550,301,0.0
113,113年決算書第二冊.pdf,551,1363,0.0
113,113年決算書第二冊.pdf,552,229,0.0
113,113年決算書第二冊.pdf,553,1617,0.0
113,113年決算書第二冊.pdf,554,812,0.0
113,113年決算書第二冊.pdf,555,562,0.0
113,113年決算書第二冊.pdf,556,129,0.0
113,113年決算書第二冊.pdf,557,1564,0.0
113,113年決算書第二冊.pdf,558,474,0.0
113,113年決算書第二冊.pdf,559,941,0.0
113,113年決算書第二冊.pdf,560,0,0.0
113,113年決算書第二冊.pdf,561,0,0.0
113,113年決算書第二冊.pdf,562,95,0.0
113,113年決算書第二冊.pdf,563,0,0.0
113,113年決算書第二冊.pdf,564,709,0.0
113,113年決算書第二冊.pdf,565,0,0.0
113,113年決算書第二冊.pdf,566,778,0.0
113,113年決算書第二冊.pdf,567,812,0.0
113,113年決算書第二冊.pdf,568,861,0.0
113,113年決算書第二冊.pdf,569,91,0.0
113,113年決算書第二冊.pdf,570,1291,0.0
113,113年決算書第二冊.pdf,571,733,0.0
113,113年決算書第二冊.pdf,572,1299,0.0
113,113年決算書第二冊.pdf,573,294,0.0
113,113年決算書第二冊.pdf,574,11,0.0
113,113年決算書第二冊.pdf,575,794,0.0
113,113年決算書第二冊.pdf,576,245,0.0
113,113年決算書第二冊.pdf,577,549,0.0
113,113年決算書第二冊.pdf,578,148,0.0
113,113年決算書第二冊.pdf,579,776,0.0
113,113年決算書第二冊.pdf,580,463,0.0
113,113年決算書第二冊.pdf,581,164,0.0
113,113年決算書第二冊.pdf,582,251,0.0
113,113年決算書第二冊.pdf,583,1298,0.0
113,113年決算書第二冊.pdf,584,245,0.0
113,113年決算書第二冊.pdf,585,1167,0.0
113,113年決算書第二冊.pdf,586,1091,0.0
113,113年決算書第二冊.pdf,587,1477,0.0
113,113年決算書第二冊.pdf,588,141,0.0
113,113年決算書第二冊.pdf,589,1952,0.0
113,113年決算書第二冊.pdf,590,478,0.0
113,113年決算書第二冊.pdf,591,1056,0.0
113,113年決算書第二冊.pdf,592,0,0.0
113,113年決算書第二冊.pdf,593,0,0.0
113,113年決算書第二冊.pdf,594,95,0.0
113,113年決算書第二冊.pdf,595,0,0.0
113,113年決算書第二冊.pdf,596,707,0.0
113,113年決算書第二冊.pdf,597,0,0.0
113,113年決算書第二冊.pdf,598,741,0.0
113,113年決算書第二冊.pdf,599,813,0.0
113,113年決算書第二冊.pdf,600,818,0.0
113,113年決算書第二冊.pdf,601,1273,0.0
113,113年決算書第二冊.pdf,602,732,0.0
113,113年決算書第二冊.pdf,603,1257,0.0
113,113年決算書第二冊.pdf,604,343,0.0
113,113年決算書第二冊.pdf,605,733,0.0
113,113年決算書第二冊.pdf,606,248,0.0
113,113年決算書第二冊.pdf,607,478,0.0
113,113年決算書第二冊.pdf,608,202,0.0
113,113年決算書第二冊.pdf,609,767,0.0
113,113年決算書第二冊.pdf,610,450,0.0
113,113年決算書第二冊.pdf,611,93,0.0
113,113年決算書第二冊.pdf,612,338,0.0
113,113年決算書第二冊.pdf,613,1239,0.0
113,113年決算書第二冊.pdf,614,235,0.0
113,113年決算書第二冊.pdf,615,1114,0.0
113,113年決算書第二冊.pdf,616,1054,0.0
113,113年決算書第二冊.pdf,617,1456,0.0
113,113年決算書第二冊.pdf,618,129,0.0
113,113年決算書第二冊.pdf,619,1846,0.0
113,113年決算書第二冊.pdf,620,478,0.0
113,113年決算書第二冊.pdf,621,1010,0.0
113,113年決算書第二冊.pdf,622,0,0.0
113,113年決算書第二冊.pdf,623,0,0.0
113,113年決算書第二冊.pdf,624,95,0.0
113,113年決算書第二冊.pdf,625,0,0.0
113,113年決算書第二冊.pdf,626,707,0.0
113,113年決算書第二冊.pdf,627,0,0.0
113,113年決算書第二冊.pdf,628,793,0.0
113,113年決算書第二冊.pdf,629,766,0.0
113,113年決算書第二冊.pdf,630,838,0.0
113,113年決算書第二冊.pdf,631,1273,0.0
113,113年決算書第二冊.pdf,632,693,0.0
113,113年決算書第二冊.pdf,633,1266,0.0
113,113年決算書第二冊.pdf,634,493,0.0
113,113年決算書第二冊.pdf,635,481,0.0
113,113年決算書第二冊.pdf,636,516,0.0
113,113年決算書第二冊.pdf,637,489,0.0
113,113年決算書第二冊.pdf,638,221,0.0
113,113年決算書第二冊.pdf,639,814,0.0
113,113年決算書第二冊.pdf,640,462,0.0
113,113年決算書第二冊.pdf,641,93,0.0
113,113年決算書第二冊.pdf,642,299,0.0
113,113年決算書第二冊.pdf,643,1380,0.0
113,113年決算書第二冊.pdf,644,239,0.0
113,113年決算書第二冊.pdf,645,1654,0.0
113,113年決算書第二冊.pdf,646,966,0.0
113,113年決算書第二冊.pdf,647,712,0.0
113,113年決算書第二冊.pdf,648,139,0.0
113,113年決算書第二冊.pdf,649,1898,0.0
113,113年決算書第二冊.pdf,650,475,0.0
113,113年決算書第二冊.pdf,651,1033,0.0
113,113年決算書第二冊.pdf,652,0,0.0
113,113年決算書第二冊.pdf,653,0,0.0
113,113年決算書第二冊.pdf,654,95,0.0
113,113年決算書第二冊.pdf,655,0,0.0
113,113年決算書第二冊.pdf,656,707,0.0
113,113年決算書第二冊.pdf,657,0,0.0
113,113年決算書第二冊.pdf,658,734,0.0
113,113年決算書第二冊.pdf,659,773,0.0
113,113年決算書第二冊.pdf,660,596,0.0
113,113年決算書第二冊.pdf,661,1126,0.0
113,113年決算書第二冊.pdf,662,621,0.0
113,113年決算書第二冊.pdf,663,1225,0.0
113,113年決算書第二冊.pdf,664,168,0.0
113,113年決算書第二冊.pdf,665,655,0.0
113,113年決算書第二冊.pdf,666,263,0.0
113,113年決算書第二冊.pdf,667,332,0.0
113,113年決算書第二冊.pdf,668,121,0.0
113,113年決算書第二冊.pdf,669,710,0.0
113,113年決算書第二冊.pdf,670,447,0.0
113,113年決算書第二冊.pdf,671,93,0.0
113,113年決算書第二冊.pdf,672,199,0.0
113,113年決算書第二冊.pdf,673,1203,0.0
113,113年決算書第二冊.pdf,674,249,0.0
113,113年決算書第二冊.pdf,675,1643,0.0
113,113年決算書第二冊.pdf,676,0,0.0
113,113年決算書第二冊.pdf,677,393,0.0
113,113年決算書第二冊.pdf,678,0,0.0
113,113年決算書第二冊.pdf,679,1638,0.0
113,113年決算書第二冊.pdf,680,468,0.0
113,113年決算書第二冊.pdf,681,934,0.0
113,113年決算書第二冊.pdf,682,0,0.0
113,113年決算書第二冊.pdf,683,0,0.0
113,113年決算書第二冊.pdf,684,95,0.0
113,113年決算書第二冊.pdf,685,0,0.0
113,113年決算書第二冊.pdf,686,707,0.0
113,113年決算書第二冊.pdf,687,0,0.0
113,113年決算書第二冊.pdf,688,778,0.0
113,113年決算書第二冊.pdf,689,832,0.0
113,113年決算書第二冊.pdf,690,730,0.0
113,113年決算書第二冊.pdf,691,1256,0.0
113,113年決算書第二冊.pdf,692,648,0.0
113,113年決算書第二冊.pdf,693,1322,0.0
113,113年決算書第二冊.pdf,694,529,0.0
113,113年決算書第二冊.pdf,695,568,0.0
113,113年決算書第二冊.pdf,696,473,0.0
113,113年決算書第二冊.pdf,697,462,0.0
113,113年決算書第二冊.pdf,698,203,0.0
113,113年決算書第二冊.pdf,699,854,0.0
113,113年決算書第二冊.pdf,700,447,0.0
113,113年決算書第二冊.pdf,701,93,0.0
113,113年決算書第二冊.pdf,702,322,0.0
113,113年決算書第二冊.pdf,703,1417,0.0
113,113年決算書第二冊.pdf,704,242,0.0
113,113年決算書第二冊.pdf,705,1726,0.0
113,113年決算書第二冊.pdf,706,923,1.0
113,113年決算書第二冊.pdf,707,458,1.0
113,113年決算書第二冊.pdf,708,156,1.0
113,113年決算書第二冊.pdf,709,1797,0.0
113,113年決算書第二冊.pdf,710,478,0.0
113,113年決算書第二冊.pdf,711,1007,0.0
113,113年決算書第二冊.pdf,712,0,0.0
113,113年決算書第二冊.pdf,713,0,0.0
113,113年決算書第二冊.pdf,714,95,0.0
113,113年決算書第二冊.pdf,715,0,0.0
113,113年決算書第二冊.pdf,716,709,0.0
113,113年決算書第二冊.pdf,717,0,0.0
113,113年決算書第二冊.pdf,718,704,0.0
113,113年決算書第二冊.pdf,719,789,0.0
113,113年決算書第二冊.pdf,720,808,0.0
113,113年決算書第二冊.pdf,721,91,0.0
113,113年決算書第二冊.pdf,722,1258,0.0
113,113年決算書第二冊.pdf,723,648,0.0
113,113年決算書第二冊.pdf,724,1160,0.0
113,113年決算書第二冊.pdf,725,310,0.0
113,113年決算書第二冊.pdf,726,11,0.0
113,113年決算書第二冊.pdf,727,799,0.0
113,113年決算書第二冊.pdf,728,273,0.0
113,113年決算書第二冊.pdf,729,462,0.0
113,113年決算書第二冊.pdf,730,197,0.0
113,113年決算書第二冊.pdf,731,698,0.0
113,113年決算書第二冊.pdf,732,460,0.0
113,113年決算書第二冊.pdf,733,93,0.0
113,113年決算書第二冊.pdf,734,311,0.0
113,113年決算書第二冊.pdf,735,1199,0.0
113,113年決算書第二冊.pdf,736,194,0.0
113,113年決算書第二冊.pdf,737,1669,0.0
113,113年決算書第二冊.pdf,738,886,0.0
113,113年決算書第二冊.pdf,739,653,0.0
113,113年決算書第二冊.pdf,740,120,0.0
113,113年決算書第二冊.pdf,741,1838,0.0
113,113年決算書第二冊.pdf,742,473,0.0
113,113年決算書第二冊.pdf,743,1018,0.0
113,113年決算書第二冊.pdf,744,0,0.0
113,113年決算書第二冊.pdf,745,0,0.0
113,113年決算書第二冊.pdf,746,95,0.0
113,113年決算書第二冊.pdf,747,0,0.0
113,113年決算書第二冊.pdf,748,707,0.0
113,113年決算書第二冊.pdf,749,0,0.0
113,113年決算書第二冊.pdf,750,789,0.0
113,113年決算書第二冊.pdf,751,794,0.0
113,113年決算書第二冊.pdf,752,538,0.0
113,113年決算書第二冊.pdf,753,1189,0.0
113,113年決算書第二冊.pdf,754,606,0.0
113,113年決算書第二冊.pdf,755,1263,0.0
113,113年決算書第二冊.pdf,756,168,0.0
113,113年決算書第二冊.pdf,757,628,0.0
113,113年決算書第二冊.pdf,758,233,0.0
113,113年決算書第二冊.pdf,759,360,0.0
113,113年決算書第二冊.pdf,760,130,0.0
113,113年決算書第二冊.pdf,761,717,0.0
113,113年決算書第二冊.pdf,762,451,0.0
113,113年決算書第二冊.pdf,763,93,0.0
113,113年決算書第二冊.pdf,764,205,0.0
113,113年決算書第二冊.pdf,765,1188,0.0
113,113年決算書第二冊.pdf,766,238,0.0
113,113年決算書第二冊.pdf,767,749,0.0
113,113年決算書第二冊.pdf,768,890,0.0
113,113年決算書第二冊.pdf,769,1359,0.0
113,113年決算書第二冊.pdf,770,128,0.0
113,113年決算書第二冊.pdf,771,1686,0.0
113,113年決算書第二冊.pdf,772,476,0.0
113,113年決算書第二冊.pdf,773,960,0.0
113,113年決算書第二冊.pdf,774,0,0.0
113,113年決算書第二冊.pdf,775,0,0.0
113,113年決算書第三冊.pdf,0,1276,0.0
113,113年決算書第三冊.pdf,1,1189,0.0
113,113年決算書第三冊.pdf,2,95,0.0
113,113年決算書第三冊.pdf,3,0,0.0
113,113年決算書第三冊.pdf,4,707,0.0
113,113年決算書第三冊.pdf,5,0,0.0
113,113年決算書第三冊.pdf,6,737,0.0
113,113年決算書第三冊.pdf,7,846,0.0
113,113年決算書第三冊.pdf,8,500,0.0
113,113年決算書第三冊.pdf,9,1113,0.0
113,113年決算書第三冊.pdf,10,606,0.0
113,113年決算書第三冊.pdf,11,1251,0.0
113,113年決算書第三冊.pdf,12,225,0.0
113,113年決算書第三冊.pdf,13,584,0.0
113,113年決算書第三冊.pdf,14,268,0.0
113,113年決算書第三冊.pdf,15,278,0.0
113,113年決算書第三冊.pdf,16,163,0.0
113,113年決算書第三冊.pdf,17,853,0.0
113,113年決算書第三冊.pdf,18,450,0.0
113,113年決算書第三冊.pdf,19,106,0.0
113,113年決算書第三冊.pdf,20,199,0.0
113,113年決算書第三冊.pdf,21,1180,0.0
113,113年決算書第三冊.pdf,22,191,0.0
113,113年決算書第三冊.pdf,23,1169,0.0
113,113年決算書第三冊.pdf,24,1091,0.0
113,113年決算書第三冊.pdf,25,1514,0.0
113,113年決算書第三冊.pdf,26,148,0.0
113,113年決算書第三冊.pdf,27,1779,0.0
113,113年決算書第三冊.pdf,28,481,0.0
113,113年決算書第三冊.pdf,29,962,0.0
113,113年決算書第三冊.pdf,30,0,0.0
113,113年決算書第三冊.pdf,31,0,0.0
113,113年決算書第三冊.pdf,32,95,0.0
113,113年決算書第三冊.pdf,33,0,0.0
113,113年決算書第三冊.pdf,34,707,0.0
113,113年決算書第三冊.pdf,35,0,0.0
113,113年決算書第三冊.pdf,36,758,0.0
113,113年決算書第三冊.pdf,37,775,0.0
113,113年決算書第三冊.pdf,38,636,0.0
113,113年決算書第三冊.pdf,39,1222,0.0
113,113年決算書第三冊.pdf,40,619,0.0
113,113年決算書第三冊.pdf,41,1237,0.0
113,113年決算書第三冊.pdf,42,308,0.0
113,113年決算書第三冊.pdf,43,628,0.0
113,113年決算書第三冊.pdf,44,265,0.0
113,113年決算書第三冊.pdf,45,346,0.0
113,113年決算書第三冊.pdf,46,149,0.0
113,113年決算書第三冊.pdf,47,795,0.0
113,113年決算書第三冊.pdf,48,447,0.0
113,113年決算書第三冊.pdf,49,106,0.0
113,113年決算書第三冊.pdf,50,205,0.0
113,113年決算書第三冊.pdf,51,1271,0.0
113,113年決算書第三冊.pdf,52,189,0.0
113,113年決算書第三冊.pdf,53,1722,0.0
113,113年決算書第三冊.pdf,54,820,0.0
113,113年決算書第三冊.pdf,55,441,0.0
113,113年決算書第三冊.pdf,56,140,0.0
113,113年決算書第三冊.pdf,57,1783,0.0
113,113年決算書第三冊.pdf,58,472,0.0
113,113年決算書第三冊.pdf,59,912,0.0
113,113年決算書第三冊.pdf,60,0,0.0
113,113年決算書第三冊.pdf,61,0,0.0
113,113年決算書第三冊.pdf,62,95,0.0
113,113年決算書第三冊.pdf,63,0,0.0
113,113年決算書第三冊.pdf,64,707,0.0
113,113年決算書第三冊.pdf,65,0,0.0
113,113年決算書第三冊.pdf,66,763,0.0
113,113年決算書第三冊.pdf,67,827,0.0
113,113年決算書第三冊.pdf,68,357,0.0
113,113年決算書第三冊.pdf,69,970,0.0
113,113年決算書第三冊.pdf,70,432,0.0
113,113年決算書第三冊.pdf,71,1260,0.0
113,113年決算書第三冊.pdf,72,107,0.0
113,113年決算書第三冊.pdf,73,461,0.0
113,113年決算書第三冊.pdf,74,209,0.0
113,113年決算書第三冊.pdf,75,287,0.0
113,113年決算書第三冊.pdf,76,135,0.0
113,113年決算書第三冊.pdf,77,677,0.0
113,113年決算書第三冊.pdf,78,436,0.0
113,113年決算書第三冊.pdf,79,93,0.0
113,113年決算書第三冊.pdf,80,196,0.0
113,113年決算書第三冊.pdf,81,1060,0.0
113,113年決算書第三冊.pdf,82,232,0.0
113,113年決算書第三冊.pdf,83,1128,0.0
113,113年決算書第三冊.pdf,84,1088,0.0
113,113年決算書第三冊.pdf,85,1335,0.0
113,113年決算書第三冊.pdf,86,125,0.0
113,113年決算書第三冊.pdf,87,1557,0.0
113,113年決算書第三冊.pdf,88,670,0.0
113,113年決算書第三冊.pdf,89,844,0.0
113,113年決算書第三冊.pdf,90,0,0.0
113,113年決算書第三冊.pdf,91,0,0.0
113,113年決算書第三冊.pdf,92,95,0.0
113,113年決算書第三冊.pdf,93,0,0.0
113,113年決算書第三冊.pdf,94,707,0.0
113,113年決算書第三冊.pdf,95,0,0.0
113,113年決算書第三冊.pdf,96,799,0.0
113,113年決算書第三冊.pdf,97,827,0.0
113,113年決算書第三冊.pdf,98,813,0.0
113,113年決算書第三冊.pdf,99,1236,0.0
113,113年決算書第三冊.pdf,100,699,0.0
113,113年決算書第三冊.pdf,101,1274,0.0
113,113年決算書第三冊.pdf,102,591,0.0
113,113年決算書第三冊.pdf,103,534,0.0
113,113年決算書第三冊.pdf,104,562,0.0
113,113年決算書第三冊.pdf,105,564,0.0
113,113年決算書第三冊.pdf,106,227,0.0
113,113年決算書第三冊.pdf,107,800,0.0
113,113年決算書第三冊.pdf,108,510,0.0
113,113年決算書第三冊.pdf,109,93,0.0
113,113年決算書第三冊.pdf,110,344,0.0
113,113年決算書第三冊.pdf,111,1394,0.0
113,113年決算書第三冊.pdf,112,259,0.0
113,113年決算書第三冊.pdf,113,1069,0.0
113,113年決算書第三冊.pdf,114,1093,0.0
113,113年決算書第三冊.pdf,115,1471,0.0
113,113年決算書第三冊.pdf,116,127,0.0
113,113年決算書第三冊.pdf,117,1860,0.0
113,113年決算書第三冊.pdf,118,479,0.0
113,113年決算書第三冊.pdf,119,1055,0.0
113,113年決算書第三冊.pdf,120,0,0.0
113,113年決算書第三冊.pdf,121,0,0.0
113,113年決算書第三冊.pdf,122,95,0.0
113,113年決算書第三冊.pdf,123,0,0.0
113,113年決算書第三冊.pdf,124,707,0.0
113,113年決算書第三冊.pdf,125,0,0.0
113,113年決算書第三冊.pdf,126,748,0.0
113,113年決算書第三冊.pdf,127,780,0.0
113,113年決算書第三冊.pdf,128,801,0.0
113,113年決算書第三冊.pdf,129,0,0.0
113,113年決算書第三冊.pdf,130,0,0.0
113,113年決算書第三冊.pdf,131,0,0.0
113,113年決算書第三冊.pdf,132,0,0.0
113,113年決算書第三冊.pdf,133,0,0.0
113,113年決算書第三冊.pdf,134,0,0.0
113,113年決算書第三冊.pdf,135,0,0.0
113,113年決算書第三冊.pdf,136,0,0.0
113,113年決算書第三冊.pdf,137,0,0.0
113,113年決算書第三冊.pdf,138,0,0.0
113,113年決算書第三冊.pdf,139,0,0.0
113,113年決算書第三冊.pdf,140,0,0.0
113,113年決算書第三冊.pdf,141,1351,0.0
113,113年決算書第三冊.pdf,142,0,0.0
113,113年決算書第三冊.pdf,143,0,0.0
113,113年決算書第三冊.pdf,144,0,0.0
113,113年決算書第三冊.pdf,145,0,0.0
113,113年決算書第三冊.pdf,146,0,0.0
113,113年決算書第三冊.pdf,147,1836,0.0
113,113年決算書第三冊.pdf,148,0,0.0
113,113年決算書第三冊.pdf,149,0,0.0
113,113年決算書第三冊.pdf,150,0,0.0
113,113年決算書第三冊.pdf,151,0,0.0
113,113年決算書第三冊.pdf,152,99,0.0
113,113年決算書第三冊.pdf,153,0,0.0
113,113年決算書第三冊.pdf,154,709,0.0
113,113年決算書第三冊.pdf,155,0,0.0
113,113年決算書第三冊.pdf,156,788,0.0
113,113年決算書第三冊.pdf,157,837,0.0
113,113年決算書第三冊.pdf,158,322,0.0
113,113年決算書第三冊.pdf,159,1032,0.0
113,113年決算書第三冊.pdf,160,453,0.0
113,113年決算書第三冊.pdf,161,1172,0.0
113,113年決算書第三冊.pdf,162,255,0.0
113,113年決算書第三冊.pdf,163,615,0.0
113,113年決算書第三冊.pdf,164,229,0.0
113,113年決算書第三冊.pdf,165,386,0.0
113,113年決算書第三冊.pdf,166,131,0.0
113,113年決算書第三冊.pdf,167,640,0.0
113,113年決算書第三冊.pdf,168,367,0.0
113,113年決算書第三冊.pdf,169,95,0.0
113,113年決算書第三冊.pdf,170,289,0.0
113,113年決算書第三冊.pdf,171,1118,0.0
113,113年決算書第三冊.pdf,172,225,0.0
113,113年決算書第三冊.pdf,173,1577,0.0
113,113年決算書第三冊.pdf,174,741,0.0
113,113年決算書第三冊.pdf,175,477,0.0
113,113年決算書第三冊.pdf,176,113,0.0
113,113年決算書第三冊.pdf,177,1523,0.0
113,113年決算書第三冊.pdf,178,462,0.0
113,113年決算書第三冊.pdf,179,877,0.0
113,113年決算書第三冊.pdf,180,0,0.0
113,113年決算書第三冊.pdf,181,0,0.0
113,113年決算書第三冊.pdf,182,97,0.0
113,113年決算書第三冊.pdf,183,0,0.0
113,113年決算書第三冊.pdf,184,708,0.0
113,113年決算書第三冊.pdf,185,0,0.0
113,113年決算書第三冊.pdf,186,816,0.0
113,113年決算書第三冊.pdf,187,856,0.0
113,113年決算書第三冊.pdf,188,635,0.0
113,113年決算書第三冊.pdf,189,1068,0.0
113,113年決算書第三冊.pdf,190,516,0.0
113,113年決算書第三冊.pdf,191,1218,0.0
113,113年決算書第三冊.pdf,192,579,0.0
113,113年決算書第三冊.pdf,193,657,0.0
113,113年決算書第三冊.pdf,194,230,0.0
113,113年決算書第三冊.pdf,195,496,0.0
113,113年決算書第三冊.pdf,196,158,0.0
113,113年決算書第三冊.pdf,197,753,0.0
113,113年決算書第三冊.pdf,198,360,0.0
113,113年決算書第三冊.pdf,199,122,0.0
113,113年決算書第三冊.pdf,200,341,0.0
113,113年決算書第三冊.pdf,201,1340,0.0
113,113年決算書第三冊.pdf,202,237,0.0
113,113年決算書第三冊.pdf,203,1548,0.0
113,113年決算書第三冊.pdf,204,699,0.0
113,113年決算書第三冊.pdf,205,372,0.0
113,113年決算書第三冊.pdf,206,133,0.0
113,113年決算書第三冊.pdf,207,1710,0.0
113,113年決算書第三冊.pdf,208,466,0.0
113,113年決算書第三冊.pdf,209,940,0.0
113,113年決算書第三冊.pdf,210,0,0.0
113,113年決算書第三冊.pdf,211,0,0.0
113,113年決算書第三冊.pdf,212,95,0.0
113,113年決算書第三冊.pdf,213,0,0.0
113,113年決算書第三冊.pdf,214,707,0.0
113,113年決算書第三冊.pdf,215,0,0.0
113,113年決算書第三冊.pdf,216,767,0.0
113,113年決算書第三冊.pdf,217,811,0.0
113,113年決算書第三冊.pdf,218,792,0.0
113,113年決算書第三冊.pdf,219,1314,0.0
113,113年決算書第三冊.pdf,220,713,0.0
113,113年決算書第三冊.pdf,221,1298,0.0
113,113年決算書第三冊.pdf,222,217,0.0
113,113年決算書第三冊.pdf,223,575,0.0
113,113年決算書第三冊.pdf,224,471,0.0
113,113年決算書第三冊.pdf,225,433,0.0
113,113年決算書第三冊.pdf,226,180,0.0
113,113年決算書第三冊.pdf,227,743,0.0
113,113年決算書第三冊.pdf,228,457,0.0
113,113年決算書第三冊.pdf,229,93,0.0
113,113年決算書第三冊.pdf,230,204,0.0
113,113年決算書第三冊.pdf,231,1306,0.0
113,113年決算書第三冊.pdf,232,241,0.0
113,113年決算書第三冊.pdf,233,1637,0.0
113,113年決算書第三冊.pdf,234,983,0.0
113,113年決算書第三冊.pdf,235,759,0.0
113,113年決算書第三冊.pdf,236,128,0.0
113,113年決算書第三冊.pdf,237,1803,0.0
113,113年決算書第三冊.pdf,238,487,0.0
113,113年決算書第三冊.pdf,239,1031,0.0
113,113年決算書第三冊.pdf,240,0,0.0
113,113年決算書第三冊.pdf,241,0,0.0
113,113年決算書第三冊.pdf,242,95,0.0
113,113年決算書第三冊.pdf,243,0,0.0
113,113年決算書第三冊.pdf,244,707,0.0
113,113年決算書第三冊.pdf,245,0,0.0
113,113年決算書第三冊.pdf,246,781,0.0
113,113年決算書第三冊.pdf,247,809,0.0
113,113年決算書第三冊.pdf,248,534,0.0
113,113年決算書第三冊.pdf,249,1129,0.0
113,113年決算書第三冊.pdf,250,617,0.0
113,113年決算書第三冊.pdf,251,1242,0.0
113,113年決算書第三冊.pdf,252,174,0.0
113,113年決算書第三冊.pdf,253,525,0.0
113,113年決算書第三冊.pdf,254,233,0.0
113,113年決算書第三冊.pdf,255,346,0.0
113,113年決算書第三冊.pdf,256,120,0.0
113,113年決算書第三冊.pdf,257,721,0.0
113,113年決算書第三冊.pdf,258,436,0.0
113,113年決算書第三冊.pdf,259,93,0.0
113,113年決算書第三冊.pdf,260,250,0.0
113,113年決算書第三冊.pdf,261,1178,0.0
113,113年決算書第三冊.pdf,262,225,0.0
113,113年決算書第三冊.pdf,263,0,0.0
113,113年決算書第三冊.pdf,264,0,0.0
113,113年決算書第三冊.pdf,265,0,0.0
113,113年決算書第三冊.pdf,266,0,0.0
113,113年決算書第三冊.pdf,267,1687,0.0
113,113年決算書第三冊.pdf,268,471,0.0
113,113年決算書第三冊.pdf,269,879,0.0
113,113年決算書第三冊.pdf,270,0,0.0
113,113年決算書第三冊.pdf,271,0,0.0
113,113年決算書第三冊.pdf,272,95,0.0
113,113年決算書第三冊.pdf,273,0,0.0
113,113年決算書第三冊.pdf,274,707,0.0
113,113年決算書第三冊.pdf,275,0,0.0
113,113年決算書第三冊.pdf,276,785,0.0
113,113年決算書第三冊.pdf,277,807,0.0
113,113年決算書第三冊.pdf,278,619,0.0
113,113年決算書第三冊.pdf,279,1144,0.0
113,113年決算書第三冊.pdf,280,601,0.0
113,113年決算書第三冊.pdf,281,1286,0.0
113,113年決算書第三冊.pdf,282,314,0.0
113,113年決算書第三冊.pdf,283,672,0.0
113,113年決算書第三冊.pdf,284,286,0.0
113,113年決算書第三冊.pdf,285,343,0.0
113,113年決算書第三冊.pdf,286,189,0.0
113,113年決算書第三冊.pdf,287,773,0.0
113,113年決算書第三冊.pdf,288,450,0.0
113,113年決算書第三冊.pdf,289,103,0.0
113,113年決算書第三冊.pdf,290,206,0.0
113,113年決算書第三冊.pdf,291,1362,0.0
113,113年決算書第三冊.pdf,292,237,0.0
113,113年決算書第三冊.pdf,293,1685,0.0
113,113年決算書第三冊.pdf,294,1076,0.0
113,113年決算書第三冊.pdf,295,638,0.0
113,113年決算書第三冊.pdf,296,128,0.0
113,113年決算書第三冊.pdf,297,1772,0.0
113,113年決算書第三冊.pdf,298,471,0.0
113,113年決算書第三冊.pdf,299,1021,0.0
113,113年決算書第三冊.pdf,300,0,0.0
113,113年決算書第三冊.pdf,301,0,0.0
113,113年決算書第三冊.pdf,302,95,0.0
113,113年決算書第三冊.pdf,303,0,0.0
113,113年決算書第三冊.pdf,304,707,0.0
113,113年決算書第三冊.pdf,305,0,0.0
113,113年決算書第三冊.pdf,306,782,0.0
113,113年決算書第三冊.pdf,307,863,0.0
113,113年決算書第三冊.pdf,308,403,0.0
113,113年決算書第三冊.pdf,309,1070,0.0
113,113年決算書第三冊.pdf,310,0,0.0
113,113年決算書第三冊.pdf,311,1265,0.0
113,113年決算書第三冊.pdf,312,323,0.0
113,113年決算書第三冊.pdf,313,0,0.0
113,113年決算書第三冊.pdf,314,280,0.0
113,113年決算書第三冊.pdf,315,441,0.0
113,113年決算書第三冊.pdf,316,131,0.0
113,113年決算書第三冊.pdf,317,0,0.0
113,113年決算書第三冊.pdf,318,423,0.0
113,113年決算書第三冊.pdf,319,111,0.0
113,113年決算書第三冊.pdf,320,250,0.0
113,113年決算書第三冊.pdf,321,1295,0.0
113,113年決算書第三冊.pdf,322,290,0.0
113,113年決算書第三冊.pdf,323,1202,0.0
113,113年決算書第三冊.pdf,324,1072,0.0
113,113年決算書第三冊.pdf,325,1392,0.0
113,113年決算書第三冊.pdf,326,133,0.0
113,113年決算書第三冊.pdf,327,1761,0.0
113,113年決算書第三冊.pdf,328,0,0.0
113,113年決算書第三冊.pdf,329,1007,0.0
113,113年決算書第三冊.pdf,330,0,0.0
113,113年決算書第三冊.pdf,331,0,0.0
113,113年決算書第三冊.pdf,332,99,0.0
113,113年決算書第三冊.pdf,333,0,0.0
113,113年決算書第三冊.pdf,334,709,0.0
113,113年決算書第三冊.pdf,335,0,0.0
113,113年決算書第三冊.pdf,336,757,0.0
113,113年決算書第三冊.pdf,337,838,0.0
113,113年決算書第三冊.pdf,338,389,0.0
113,113年決算書第三冊.pdf,339,962,0.0
113,113年決算書第三冊.pdf,340,447,0.0
113,113年決算書第三冊.pdf,341,1215,0.0
113,113年決算書第三冊.pdf,342,318,0.0
113,113年決算書第三冊.pdf,343,591,0.0
113,113年決算書第三冊.pdf,344,220,0.0
113,113年決算書第三冊.pdf,345,390,0.0
113,113年決算書第三冊.pdf,346,171,0.0
113,113年決算書第三冊.pdf,347,684,0.0
113,113年決算書第三冊.pdf,348,367,0.0
113,113年決算書第三冊.pdf,349,95,0.0
113,113年決算書第三冊.pdf,350,360,0.0
113,113年決算書第三冊.pdf,351,1142,0.0
113,113年決算書第三冊.pdf,352,258,0.0
113,113年決算書第三冊.pdf,353,1558,0.0
113,113年決算書第三冊.pdf,354,0,0.0
113,113年決算書第三冊.pdf,355,276,0.0
113,113年決算書第三冊.pdf,356,0,0.0
113,113年決算書第三冊.pdf,357,1381,0.0
113,113年決算書第三冊.pdf,358,472,0.0
113,113年決算書第三冊.pdf,359,856,0.0
113,113年決算書第三冊.pdf,360,0,0.0
113,113年決算書第三冊.pdf,361,0,0.0
113,113年決算書第三冊.pdf,362,99,0.0
113,113年決算書第三冊.pdf,363,0,0.0
113,113年決算書第三冊.pdf,364,715,0.0
113,113年決算書第三冊.pdf,365,0,0.0
113,113年決算書第三冊.pdf,366,774,0.0
113,113年決算書第三冊.pdf,367,846,0.0
113,113年決算書第三冊.pdf,368,399,0.0
113,113年決算書第三冊.pdf,369,1009,0.0
113,113年決算書第三冊.pdf,370,540,0.0
113,113年決算書第三冊.pdf,371,1266,0.0
113,113年決算書第三冊.pdf,372,332,0.0
113,113年決算書第三冊.pdf,373,466,0.0
113,113年決算書第三冊.pdf,374,215,0.0
113,113年決算書第三冊.pdf,375,304,0.0
113,113年決算書第三冊.pdf,376,195,0.0
113,113年決算書第三冊.pdf,377,731,0.0
113,113年決算書第三冊.pdf,378,407,0.0
113,113年決算書第三冊.pdf,379,123,0.0
113,113年決算書第三冊.pdf,380,295,0.0
113,113年決算書第三冊.pdf,381,1216,0.0
113,113年決算書第三冊.pdf,382,234,0.0
113,113年決算書第三冊.pdf,383,1612,0.0
113,113年決算書第三冊.pdf,384,720,0.0
113,113年決算書第三冊.pdf,385,270,0.0
113,113年決算書第三冊.pdf,386,122,0.0
113,113年決算書第三冊.pdf,387,1651,0.0
113,113年決算書第三冊.pdf,388,468,0.0
113,113年決算書第三冊.pdf,389,834,0.0
113,113年決算書第三冊.pdf,390,0,0.0
113,113年決算書第三冊.pdf,391,0,0.0
113,113年決算書第三冊.pdf,392,95,0.0
113,113年決算書第三冊.pdf,393,0,0.0
113,113年決算書第三冊.pdf,394,707,0.0
113,113年決算書第三冊.pdf,395,0,0.0
113,113年決算書第三冊.pdf,396,787,0.0
113,113年決算書第三冊.pdf,397,717,0.0
113,113年決算書第三冊.pdf,398,808,0.0
113,113年決算書第三冊.pdf,399,0,0.0
113,113年決算書第三冊.pdf,400,0,0.0
113,113年決算書第三冊.pdf,401,0,0.0
113,113年決算書第三冊.pdf,402,0,0.0
113,113年決算書第三冊.pdf,403,0,0.0
113,113年決算書第三冊.pdf,404,0,0.0
113,113年決算書第三冊.pdf,405,0,0.0
113,113年決算書第三冊.pdf,406,0,0.0
113,113年決算書第三冊.pdf,407,0,0.0
113,113年決算書第三冊.pdf,408,0,0.0
113,113年決算書第三冊.pdf,409,0,0.0
113,113年決算書第三冊.pdf,410,0,0.0
113,113年決算書第三冊.pdf,411,1217,0.0
113,113年決算書第三冊.pdf,412,0,0.0
113,113年決算書第三冊.pdf,413,1668,0.0
113,113年決算書第三冊.pdf,414,818,0.0
113,113年決算書第三冊.pdf,415,570,0.0
113,113年決算書第三冊.pdf,416,139,0.0
113,113年決算書第三冊.pdf,417,1828,0.0
113,113年決算書第三冊.pdf,418,0,0.0
113,113年決算書第三冊.pdf,419,999,0.0
113,113年決算書第三冊.pdf,420,0,0.0
113,113年決算書第三冊.pdf,421,0,0.0
113,113年決算書第三冊.pdf,422,95,0.0
113,113年決算書第三冊.pdf,423,0,0.0
113,113年決算書第三冊.pdf,424,707,0.0
113,113年決算書第三冊.pdf,425,0,0.0
113,113年決算書第三冊.pdf,426,748,0.0
113,113年決算書第三冊.pdf,427,879,0.0
113,113年決算書第三冊.pdf,428,355,0.0
113,113年決算書第三冊.pdf,429,942,0.0
113,113年決算書第三冊.pdf,430,492,0.0
113,113年決算書第三冊.pdf,431,1205,0.0
113,113年決算書第三冊.pdf,432,265,0.0
113,113年決算書第三冊.pdf,433,547,0.0
113,113年決算書第三冊.pdf,434,260,0.0
113,113年決算書第三冊.pdf,435,330,0.0
113,113年決算書第三冊.pdf,436,106,0.0
113,113年決算書第三冊.pdf,437,644,0.0
113,113年決算書第三冊.pdf,438,365,0.0
113,113年決算書第三冊.pdf,439,93,0.0
113,113年決算書第三冊.pdf,440,288,0.0
113,113年決算書第三冊.pdf,441,1207,0.0
113,113年決算書第三冊.pdf,442,254,0.0
113,113年決算書第三冊.pdf,443,1664,0.0
113,113年決算書第三冊.pdf,444,742,0.0
113,113年決算書第三冊.pdf,445,450,0.0
113,113年決算書第三冊.pdf,446,140,0.0
113,113年決算書第三冊.pdf,447,1425,0.0
113,113年決算書第三冊.pdf,448,467,0.0
113,113年決算書第三冊.pdf,449,841,0.0
113,113年決算書第三冊.pdf,450,0,0.0
113,113年決算書第三冊.pdf,451,0,0.0
113,113年決算書第三冊.pdf,452,0,0.0
113,113年決算書第三冊.pdf,453,0,0.0
113,113年決算書第三冊.pdf,454,707,0.0
113,113年決算書第三冊.pdf,455,0,0.0
113,113年決算書第三冊.pdf,456,755,0.0
113,113年決算書第三冊.pdf,457,807,0.0
113,113年決算書第三冊.pdf,458,278,0.0
113,113年決算書第三冊.pdf,459,917,0.0
113,113年決算書第三冊.pdf,460,434,0.0
113,113年決算書第三冊.pdf,461,1170,0.0
113,113年決算書第三冊.pdf,462,11,0.0
113,113年決算書第三冊.pdf,463,532,0.0
113,113年決算書第三冊.pdf,464,179,0.0
113,113年決算書第三冊.pdf,465,401,0.0
113,113年決算書第三冊.pdf,466,109,0.0
113,113年決算書第三冊.pdf,467,640,0.0
113,113年決算書第三冊.pdf,468,365,0.0
113,113年決算書第三冊.pdf,469,93,0.0
113,113年決算書第三冊.pdf,470,196,0.0
113,113年決算書第三冊.pdf,471,1037,0.0
113,113年決算書第三冊.pdf,472,207,0.0
113,113年決算書第三冊.pdf,473,1541,0.0
113,113年決算書第三冊.pdf,474,698,0.0
113,113年決算書第三冊.pdf,475,1246,0.0
113,113年決算書第三冊.pdf,476,472,0.0
113,113年決算書第三冊.pdf,477,757,0.0
113,113年決算書第三冊.pdf,478,0,0.0
113,113年決算書第三冊.pdf,479,0,0.0
113,113年決算書第三冊.pdf,480,95,0.0
113,113年決算書第三冊.pdf,481,0,0.0
113,113年決算書第三冊.pdf,482,709,0.0
113,113年決算書第三冊.pdf,483,0,0.0
113,113年決算書第三冊.pdf,484,747,0.0
113,113年決算書第三冊.pdf,485,782,0.0
113,113年決算書第三冊.pdf,486,890,0.0
113,113年決算書第三冊.pdf,487,91,0.0
113,113年決算書第三冊.pdf,488,1287,0.0
113,113年決算書第三冊.pdf,489,708,0.0
113,113年決算書第三冊.pdf,490,1234,0.0
113,113年決算書第三冊.pdf,491,405,0.0
113,113年決算書第三冊.pdf,492,11,0.0
113,113年決算書第三冊.pdf,493,741,0.0
113,113年決算書第三冊.pdf,494,278,0.0
113,113年決算書第三冊.pdf,495,494,0.0
113,113年決算書第三冊.pdf,496,158,0.0
113,113年決算書第三冊.pdf,497,806,0.0
113,113年決算書第三冊.pdf,498,456,0.0
113,113年決算書第三冊.pdf,499,93,0.0
113,113年決算書第三冊.pdf,500,300,0.0
113,113年決算書第三冊.pdf,501,1274,0.0
113,113年決算書第三冊.pdf,502,233,0.0
113,113年決算書第三冊.pdf,503,1159,0.0
113,113年決算書第三冊.pdf,504,1093,0.0
113,113年決算書第三冊.pdf,505,1439,0.0
113,113年決算書第三冊.pdf,506,140,0.0
113,113年決算書第三冊.pdf,507,1782,0.0
113,113年決算書第三冊.pdf,508,467,0.0
113,113年決算書第三冊.pdf,509,1045,0.0
113,113年決算書第三冊.pdf,510,0,0.0
113,113年決算書第三冊.pdf,511,0,0.0
113,113年決算書第三冊.pdf,512,95,0.0
113,113年決算書第三冊.pdf,513,0,0.0
113,113年決算書第三冊.pdf,514,707,0.0
113,113年決算書第三冊.pdf,515,0,0.0
113,113年決算書第三冊.pdf,516,780,0.0
113,113年決算書第三冊.pdf,517,760,0.0
113,113年決算書第三冊.pdf,518,748,0.0
113,113年決算書第三冊.pdf,519,1171,0.0
113,113年決算書第三冊.pdf,520,585,0.0
113,113年決算書第三冊.pdf,521,1244,0.0
113,113年決算書第三冊.pdf,522,369,0.0
113,113年決算書第三冊.pdf,523,708,0.0
113,113年決算書第三冊.pdf,524,264,0.0
113,113年決算書第三冊.pdf,525,412,0.0
113,113年決算書第三冊.pdf,526,135,0.0
113,113年決算書第三冊.pdf,527,776,0.0
113,113年決算書第三冊.pdf,528,441,0.0
113,113年決算書第三冊.pdf,529,93,0.0
113,113年決算書第三冊.pdf,530,298,0.0
113,113年決算書第三冊.pdf,531,1281,0.0
113,113年決算書第三冊.pdf,532,235,0.0
113,113年決算書第三冊.pdf,533,1686,0.0
113,113年決算書第三冊.pdf,534,792,0.0
113,113年決算書第三冊.pdf,535,481,0.0
113,113年決算書第三冊.pdf,536,103,0.0
113,113年決算書第三冊.pdf,537,1623,0.0
113,113年決算書第三冊.pdf,538,472,0.0
113,113年決算書第三冊.pdf,539,1014,0.0
113,113年決算書第三冊.pdf,540,0,0.0
113,113年決算書第三冊.pdf,541,0,0.0
113,113年決算書第三冊.pdf,542,95,0.0
113,113年決算書第三冊.pdf,543,0,0.0
113,113年決算書第三冊.pdf,544,707,0.0
113,113年決算書第三冊.pdf,545,0,0.0
113,113年決算書第三冊.pdf,546,778,0.0
113,113年決算書第三冊.pdf,547,828,0.0
113,113年決算書第三冊.pdf,548,747,0.0
113,113年決算書第三冊.pdf,549,1324,0.0
113,113年決算書第三冊.pdf,550,740,0.0
113,113年決算書第三冊.pdf,551,1284,0.0
113,113年決算書第三冊.pdf,552,393,0.0
113,113年決算書第三冊.pdf,553,477,0.0
113,113年決算書第三冊.pdf,554,427,0.0
113,113年決算書第三冊.pdf,555,433,0.0
113,113年決算書第三冊.pdf,556,208,0.0
113,113年決算書第三冊.pdf,557,866,0.0
113,113年決算書第三冊.pdf,558,457,0.0
113,113年決算書第三冊.pdf,559,106,0.0
113,113年決算書第三冊.pdf,560,210,0.0
113,113年決算書第三冊.pdf,561,1351,0.0
113,113年決算書第三冊.pdf,562,240,0.0
113,113年決算書第三冊.pdf,563,981,0.0
113,113年決算書第三冊.pdf,564,1012,0.0
113,113年決算書第三冊.pdf,565,1450,0.0
113,113年決算書第三冊.pdf,566,123,0.0
113,113年決算書第三冊.pdf,567,1843,0.0
113,113年決算書第三冊.pdf,568,472,0.0
113,113年決算書第三冊.pdf,569,1020,0.0
113,113年決算書第三冊.pdf,570,0,0.0
113,113年決算書第三冊.pdf,571,0,0.0
113,113年決算書第三冊.pdf,572,95,0.0
113,113年決算書第三冊.pdf,573,0,0.0
113,113年決算書第三冊.pdf,574,707,0.0
113,113年決算書第三冊.pdf,575,0,0.0
113,113年決算書第三冊.pdf,576,801,0.0
113,113年決算書第三冊.pdf,577,818,0.0
113,113年決算書第三冊.pdf,578,897,0.0
113,113年決算書第三冊.pdf,579,1290,0.0
113,113年決算書第三冊.pdf,580,660,0.0
113,113年決算書第三冊.pdf,581,1280,0.0
113,113年決算書第三冊.pdf,582,358,0.0
113,113年決算書第三冊.pdf,583,705,0.0
113,113年決算書第三冊.pdf,584,261,0.0
113,113年決算書第三冊.pdf,585,410,0.0
113,113年決算書第三冊.pdf,586,140,0.0
113,113年決算書第三冊.pdf,587,736,0.0
113,113年決算書第三冊.pdf,588,401,0.0
113,113年決算書第三冊.pdf,589,93,0.0
113,113年決算書第三冊.pdf,590,337,0.0
113,113年決算書第三冊.pdf,591,1262,0.0
113,113年決算書第三冊.pdf,592,247,0.0
113,113年決算書第三冊.pdf,593,1718,0.0
113,113年決算書第三冊.pdf,594,837,0.0
113,113年決算書第三冊.pdf,595,463,0.0
113,113年決算書第三冊.pdf,596,148,0.0
113,113年決算書第三冊.pdf,597,1840,0.0
113,113年決算書第三冊.pdf,598,477,0.0
113,113年決算書第三冊.pdf,599,1022,0.0
113,113年決算書第三冊.pdf,600,0,0.0
113,113年決算書第三冊.pdf,601,0,0.0
113,113年決算書第三冊.pdf,602,95,0.0
113,113年決算書第三冊.pdf,603,0,0.0
113,113年決算書第三冊.pdf,604,707,0.0
113,113年決算書第三冊.pdf,605,0,0.0
113,113年決算書第三冊.pdf,606,836,0.0
113,113年決算書第三冊.pdf,607,787,0.0
113,113年決算書第三冊.pdf,608,718,0.0
113,113年決算書第三冊.pdf,609,1378,0.0
113,113年決算書第三冊.pdf,610,786,0.0
113,113年決算書第三冊.pdf,611,1287,0.0
113,113年決算書第三冊.pdf,612,395,0.0
113,113年決算書第三冊.pdf,613,755,0.0
113,113年決算書第三冊.pdf,614,270,0.0
113,113年決算書第三冊.pdf,615,484,0.0
113,113年決算書第三冊.pdf,616,203,0.0
113,113年決算書第三冊.pdf,617,827,0.0
113,113年決算書第三冊.pdf,618,480,0.0
113,113年決算書第三冊.pdf,619,93,0.0
113,113年決算書第三冊.pdf,620,258,0.0
113,113年決算書第三冊.pdf,621,1338,0.0
113,113年決算書第三冊.pdf,622,253,0.0
113,113年決算書第三冊.pdf,623,1095,0.0
113,113年決算書第三冊.pdf,624,1160,0.0
113,113年決算書第三冊.pdf,625,1471,0.0
113,113年決算書第三冊.pdf,626,139,0.0
113,113年決算書第三冊.pdf,627,1896,0.0
113,113年決算書第三冊.pdf,628,479,0.0
113,113年決算書第三冊.pdf,629,1078,0.0
113,113年決算書第三冊.pdf,630,0,0.0
113,113年決算書第三冊.pdf,631,0,0.0
113,113年決算書第三冊.pdf,632,95,0.0
113,113年決算書第三冊.pdf,633,0,0.0
113,113年決算書第三冊.pdf,634,709,0.0
113,113年決算書第三冊.pdf,635,0,0.0
113,113年決算書第三冊.pdf,636,767,0.0
113,113年決算書第三冊.pdf,637,788,0.0
113,113年決算書第三冊.pdf,638,859,0.0
113,113年決算書第三冊.pdf,639,122,0.0
113,113年決算書第三冊.pdf,640,1331,0.0
113,113年決算書第三冊.pdf,641,723,0.0
113,113年決算書第三冊.pdf,642,1313,0.0
113,113年決算書第三冊.pdf,643,383,0.0
113,113年決算書第三冊.pdf,644,11,0.0
113,113年決算書第三冊.pdf,645,619,0.0
113,113年決算書第三冊.pdf,646,527,0.0
113,113年決算書第三冊.pdf,647,486,0.0
113,113年決算書第三冊.pdf,648,147,0.0
113,113年決算書第三冊.pdf,649,778,0.0
113,113年決算書第三冊.pdf,650,452,0.0
113,113年決算書第三冊.pdf,651,121,0.0
113,113年決算書第三冊.pdf,652,308,0.0
113,113年決算書第三冊.pdf,653,1348,0.0
113,113年決算書第三冊.pdf,654,235,0.0
113,113年決算書第三冊.pdf,655,1636,0.0
113,113年決算書第三冊.pdf,656,1004,0.0
113,113年決算書第三冊.pdf,657,742,0.0
113,113年決算書第三冊.pdf,658,134,0.0
113,113年決算書第三冊.pdf,659,1784,0.0
113,113年決算書第三冊.pdf,660,478,0.0
113,113年決算書第三冊.pdf,661,1046,0.0
113,113年決算書第三冊.pdf,662,0,0.0
113,113年決算書第三冊.pdf,663,0,0.0
113,113年決算書第三冊.pdf,664,95,0.0
113,113年決算書第三冊.pdf,665,0,0.0
113,113年決算書第三冊.pdf,666,709,0.0
113,113年決算書第三冊.pdf,667,0,0.0
113,113年決算書第三冊.pdf,668,780,0.0
113,113年決算書第三冊.pdf,669,767,0.0
113,113年決算書第三冊.pdf,670,877,0.0
113,113年決算書第三冊.pdf,671,87,0.0
113,113年決算書第三冊.pdf,672,1162,0.0
113,113年決算書第三冊.pdf,673,645,0.0
113,113年決算書第三冊.pdf,674,1219,0.0
113,113年決算書第三冊.pdf,675,321,0.0
113,113年決算書第三冊.pdf,676,11,0.0
113,113年決算書第三冊.pdf,677,749,0.0
113,113年決算書第三冊.pdf,678,268,0.0
113,113年決算書第三冊.pdf,679,411,0.0
113,113年決算書第三冊.pdf,680,127,0.0
113,113年決算書第三冊.pdf,681,684,0.0
113,113年決算書第三冊.pdf,682,371,0.0
113,113年決算書第三冊.pdf,683,93,0.0
113,113年決算書第三冊.pdf,684,342,0.0
113,113年決算書第三冊.pdf,685,1175,0.0
113,113年決算書第三冊.pdf,686,237,0.0
113,113年決算書第三冊.pdf,687,1118,0.0
113,113年決算書第三冊.pdf,688,1042,0.0
113,113年決算書第三冊.pdf,689,1447,0.0
113,113年決算書第三冊.pdf,690,138,0.0
113,113年決算書第三冊.pdf,691,1780,0.0
113,113年決算書第三冊.pdf,692,467,0.0
113,113年決算書第三冊.pdf,693,1018,0.0
113,113年決算書第三冊.pdf,694,0,0.0
113,113年決算書第三冊.pdf,695,0,0.0
113,113年決算書第三冊.pdf,696,95,0.0
113,113年決算書第三冊.pdf,697,0,0.0
113,113年決算書第三冊.pdf,698,707,0.0
113,113年決算書第三冊.pdf,699,0,0.0
113,113年決算書第三冊.pdf,700,740,0.0
113,113年決算書第三冊.pdf,701,769,0.0
113,113年決算書第三冊.pdf,702,616,0.0
113,113年決算書第三冊.pdf,703,1274,0.0
113,113年決算書第三冊.pdf,704,700,0.0
113,113年決算書第三冊.pdf,705,1256,0.0
113,113年決算書第三冊.pdf,706,280,0.0
113,113年決算書第三冊.pdf,707,729,0.0
113,113年決算書第三冊.pdf,708,268,0.0
113,113年決算書第三冊.pdf,709,437,0.0
113,113年決算書第三冊.pdf,710,144,0.0
113,113年決算書第三冊.pdf,711,773,0.0
113,113年決算書第三冊.pdf,712,438,0.0
113,113年決算書第三冊.pdf,713,93,0.0
113,113年決算書第三冊.pdf,714,211,0.0
113,113年決算書第三冊.pdf,715,1298,0.0
113,113年決算書第三冊.pdf,716,261,0.0
113,113年決算書第三冊.pdf,717,1750,1.0
113,113年決算書第三冊.pdf,718,780,0.0
113,113年決算書第三冊.pdf,719,658,0.0
113,113年決算書第三冊.pdf,720,156,1.0
113,113年決算書第三冊.pdf,721,1776,0.0
113,113年決算書第三冊.pdf,722,472,0.0
113,113年決算書第三冊.pdf,723,1010,0.0
113,113年決算書第三冊.pdf,724,0,0.0
113,113年決算書第三冊.pdf,725,0,0.0
113,113年決算書第三冊.pdf,726,95,0.0
113,113年決算書第三冊.pdf,727,0,0.0
113,113年決算書第三冊.pdf,728,707,0.0
113,113年決算書第三冊.pdf,729,0,0.0
113,113年決算書第三冊.pdf,730,791,0.0
113,113年決算書第三冊.pdf,731,766,0.0
113,113年決算書第三冊.pdf,732,832,0.0
113,113年決算書第三冊.pdf,733,1370,0.0
113,113年決算書第三冊.pdf,734,701,0.0
113,113年決算書第三冊.pdf,735,1263,0.0
113,113年決算書第三冊.pdf,736,514,0.0
113,113年決算書第三冊.pdf,737,535,0.0
113,113年決算書第三冊.pdf,738,500,0.0
113,113年決算書第三冊.pdf,739,463,0.0
113,113年決算書第三冊.pdf,740,192,0.0
113,113年決算書第三冊.pdf,741,838,0.0
113,113年決算書第三冊.pdf,742,465,0.0
113,113年決算書第三冊.pdf,743,93,0.0
113,113年決算書第三冊.pdf,744,302,0.0
113,113年決算書第三冊.pdf,745,1379,0.0
113,113年決算書第三冊.pdf,746,262,0.0
113,113年決算書第三冊.pdf,747,1705,0.0
113,113年決算書第三冊.pdf,748,878,0.0
113,113年決算書第三冊.pdf,749,439,0.0
113,113年決算書第三冊.pdf,750,132,0.0
113,113年決算書第三冊.pdf,751,1931,0.0
113,113年決算書第三冊.pdf,752,479,0.0
113,113年決算書第三冊.pdf,753,1034,0.0
113,113年決算書第三冊.pdf,754,0,0.0
113,113年決算書第三冊.pdf,755,0,0.0
113,113年決算書第四冊.pdf,0,1276,0.0
113,113年決算書第四冊.pdf,1,1189,0.0
113,113年決算書第四冊.pdf,2,95,0.0
113,113年決算書第四冊.pdf,3,0,0.0
113,113年決算書第四冊.pdf,4,707,0.0
113,113年決算書第四冊.pdf,5,0,0.0
113,113年決算書第四冊.pdf,6,764,0.0
113,113年決算書第四冊.pdf,7,796,0.0
113,113年決算書第四冊.pdf,8,721,0.0
113,113年決算書第四冊.pdf,9,1145,0.0
113,113年決算書第四冊.pdf,10,573,0.0
113,113年決算書第四冊.pdf,11,1243,0.0
113,113年決算書第四冊.pdf,12,451,0.0
113,113年決算書第四冊.pdf,13,861,0.0
113,113年決算書第四冊.pdf,14,259,0.0
113,113年決算書第四冊.pdf,15,506,0.0
113,113年決算書第四冊.pdf,16,134,0.0
113,113年決算書第四冊.pdf,17,729,0.0
113,113年決算書第四冊.pdf,18,449,0.0
113,113年決算書第四冊.pdf,19,93,0.0
113,113年決算書第四冊.pdf,20,312,0.0
113,113年決算書第四冊.pdf,21,1349,0.0
113,113年決算書第四冊.pdf,22,245,0.0
113,113年決算書第四冊.pdf,23,1661,0.0
113,113年決算書第四冊.pdf,24,873,0.0
113,113年決算書第四冊.pdf,25,698,0.0
113,113年決算書第四冊.pdf,26,142,0.0
113,113年決算書第四冊.pdf,27,1671,0.0
113,113年決算書第四冊.pdf,28,473,0.0
113,113年決算書第四冊.pdf,29,991,0.0
113,113年決算書第四冊.pdf,30,0,0.0
113,113年決算書第四冊.pdf,31,0,0.0
113,113年決算書第四冊.pdf,32,95,0.0
113,113年決算書第四冊.pdf,33,0,0.0
113,113年決算書第四冊.pdf,34,707,0.0
113,113年決算書第四冊.pdf,35,0,0.0
113,113年決算書第四冊.pdf,36,831,0.0
113,113年決算書第四冊.pdf,37,865,0.0
113,113年決算書第四冊.pdf,38,826,0.0
113,113年決算書第四冊.pdf,39,1121,0.0
113,113年決算書第四冊.pdf,40,611,0.0
113,113年決算書第四冊.pdf,41,1294,0.0
113,113年決算書第四冊.pdf,42,496,0.0
113,113年決算書第四冊.pdf,43,766,0.0
113,113年決算書第四冊.pdf,44,239,0.0
113,113年決算書第四冊.pdf,45,507,0.0
113,113年決算書第四冊.pdf,46,197,0.0
113,113年決算書第四冊.pdf,47,776,0.0
113,113年決算書第四冊.pdf,48,471,0.0
113,113年決算書第四冊.pdf,49,121,0.0
113,113年決算書第四冊.pdf,50,316,0.0
113,113年決算書第四冊.pdf,51,1411,0.0
113,113年決算書第四冊.pdf,52,302,0.0
113,113年決算書第四冊.pdf,53,1704,0.0
113,113年決算書第四冊.pdf,54,875,0.0
113,113年決算書第四冊.pdf,55,449,0.0
113,113年決算書第四冊.pdf,56,126,0.0
113,113年決算書第四冊.pdf,57,1591,0.0
113,113年決算書第四冊.pdf,58,472,0.0
113,113年決算書第四冊.pdf,59,985,0.0
113,113年決算書第四冊.pdf,60,0,0.0
113,113年決算書第四冊.pdf,61,0,0.0
113,113年決算書第四冊.pdf,62,95,0.0
113,113年決算書第四冊.pdf,63,0,0.0
113,113年決算書第四冊.pdf,64,707,0.0
113,113年決算書第四冊.pdf,65,0,0.0
113,113年決算書第四冊.pdf,66,818,0.0
113,113年決算書第四冊.pdf,67,858,0.0
113,113年決算書第四冊.pdf,68,357,0.0
113,113年決算書第四冊.pdf,69,1058,0.0
113,113年決算書第四冊.pdf,70,492,0.0
113,113年決算書第四冊.pdf,71,1153,0.0
113,113年決算書第四冊.pdf,72,254,0.0
113,113年決算書第四冊.pdf,73,692,0.0
113,113年決算書第四冊.pdf,74,267,0.0
113,113年決算書第四冊.pdf,75,349,0.0
113,113年決算書第四冊.pdf,76,129,0.0
113,113年決算書第四冊.pdf,77,686,0.0
113,113年決算書第四冊.pdf,78,382,0.0
113,113年決算書第四冊.pdf,79,119,0.0
113,113年決算書第四冊.pdf,80,247,0.0
113,113年決算書第四冊.pdf,81,1134,0.0
113,113年決算書第四冊.pdf,82,189,0.0
113,113年決算書第四冊.pdf,83,1118,0.0
113,113年決算書第四冊.pdf,84,1018,0.0
113,113年決算書第四冊.pdf,85,1433,0.0
113,113年決算書第四冊.pdf,86,126,0.0
113,113年決算書第四冊.pdf,87,1528,0.0
113,113年決算書第四冊.pdf,88,467,0.0
113,113年決算書第四冊.pdf,89,892,0.0
113,113年決算書第四冊.pdf,90,0,0.0
113,113年決算書第四冊.pdf,91,0,0.0
113,113年決算書第四冊.pdf,92,95,0.0
113,113年決算書第四冊.pdf,93,0,0.0
113,113年決算書第四冊.pdf,94,709,0.0
113,113年決算書第四冊.pdf,95,0,0.0
113,113年決算書第四冊.pdf,96,771,0.0
113,113年決算書第四冊.pdf,97,762,0.0
113,113年決算書第四冊.pdf,98,921,0.0
113,113年決算書第四冊.pdf,99,154,0.0
113,113年決算書第四冊.pdf,100,1263,0.0
113,113年決算書第四冊.pdf,101,657,0.0
113,113年決算書第四冊.pdf,102,1208,0.0
113,113年決算書第四冊.pdf,103,525,0.0
113,113年決算書第四冊.pdf,104,11,0.0
113,113年決算書第四冊.pdf,105,532,0.0
113,113年決算書第四冊.pdf,106,425,0.0
113,113年決算書第四冊.pdf,107,483,0.0
113,113年決算書第四冊.pdf,108,141,0.0
113,113年決算書第四冊.pdf,109,719,0.0
113,113年決算書第四冊.pdf,110,401,0.0
113,113年決算書第四冊.pdf,111,103,0.0
113,113年決算書第四冊.pdf,112,372,0.0
113,113年決算書第四冊.pdf,113,1303,0.0
113,113年決算書第四冊.pdf,114,270,0.0
113,113年決算書第四冊.pdf,115,1070,0.0
113,113年決算書第四冊.pdf,116,1031,0.0
113,113年決算書第四冊.pdf,117,1477,0.0
113,113年決算書第四冊.pdf,118,128,0.0
113,113年決算書第四冊.pdf,119,1807,0.0
113,113年決算書第四冊.pdf,120,478,0.0
113,113年決算書第四冊.pdf,121,977,0.0
113,113年決算書第四冊.pdf,122,0,0.0
113,113年決算書第四冊.pdf,123,0,0.0
113,113年決算書第四冊.pdf,124,95,0.0
113,113年決算書第四冊.pdf,125,0,0.0
113,113年決算書第四冊.pdf,126,707,0.0
113,113年決算書第四冊.pdf,127,0,0.0
113,113年決算書第四冊.pdf,128,781,0.0
113,113年決算書第四冊.pdf,129,719,0.0
113,113年決算書第四冊.pdf,130,813,0.0
113,113年決算書第四冊.pdf,131,0,0.0
113,113年決算書第四冊.pdf,132,0,0.0
113,113年決算書第四冊.pdf,133,0,0.0
113,113年決算書第四冊.pdf,134,0,0.0
113,113年決算書第四冊.pdf,135,0,0.0
113,113年決算書第四冊.pdf,136,0,0.0
113,113年決算書第四冊.pdf,137,0,0.0
113,113年決算書第四冊.pdf,138,0,0.0
113,113年決算書第四冊.pdf,139,0,0.0
113,113年決算書第四冊.pdf,140,0,0.0
113,113年決算書第四冊.pdf,141,0,0.0
113,113年決算書第四冊.pdf,142,0,0.0
113,113年決算書第四冊.pdf,143,22,0.0
113,113年決算書第四冊.pdf,144,0,0.0
113,113年決算書第四冊.pdf,145,0,0.0
113,113年決算書第四冊.pdf,146,0,0.0
113,113年決算書第四冊.pdf,147,0,0.0
113,113年決算書第四冊.pdf,148,0,0.0
113,113年決算書第四冊.pdf,149,1697,0.0
113,113年決算書第四冊.pdf,150,0,0.0
113,113年決算書第四冊.pdf,151,0,0.0
113,113年決算書第四冊.pdf,152,0,0.0
113,113年決算書第四冊.pdf,153,0,0.0
113,113年決算書第四冊.pdf,154,95,0.0
113,113年決算書第四冊.pdf,155,0,0.0
113,113年決算書第四冊.pdf,156,707,0.0
113,113年決算書第四冊.pdf,157,0,0.0
113,113年決算書第四冊.pdf,158,800,0.0
113,113年決算書第四冊.pdf,159,824,0.0
113,113年決算書第四冊.pdf,160,536,0.0
113,113年決算書第四冊.pdf,161,1159,0.0
113,113年決算書第四冊.pdf,162,560,0.0
113,113年決算書第四冊.pdf,163,1314,0.0
113,113年決算書第四冊.pdf,164,248,0.0
113,113年決算書第四冊.pdf,165,869,0.0
113,113年決算書第四冊.pdf,166,293,0.0
113,113年決算書第四冊.pdf,167,502,0.0
113,113年決算書第四冊.pdf,168,188,0.0
113,113年決算書第四冊.pdf,169,756,0.0
113,113年決算書第四冊.pdf,170,444,0.0
113,113年決算書第四冊.pdf,171,93,0.0
113,113年決算書第四冊.pdf,172,209,0.0
113,113年決算書第四冊.pdf,173,1266,0.0
113,113年決算書第四冊.pdf,174,258,0.0
113,113年決算書第四冊.pdf,175,1718,0.0
113,113年決算書第四冊.pdf,176,1001,0.0
113,113年決算書第四冊.pdf,177,525,0.0
113,113年決算書第四冊.pdf,178,144,0.0
113,113年決算書第四冊.pdf,179,1687,0.0
113,113年決算書第四冊.pdf,180,477,0.0
113,113年決算書第四冊.pdf,181,981,0.0
113,113年決算書第四冊.pdf,182,0,0.0
113,113年決算書第四冊.pdf,183,0,0.0
113,113年決算書第四冊.pdf,184,95,0.0
113,113年決算書第四冊.pdf,185,0,0.0
113,113年決算書第四冊.pdf,186,707,0.0
113,113年決算書第四冊.pdf,187,0,0.0
113,113年決算書第四冊.pdf,188,787,0.0
113,113年決算書第四冊.pdf,189,835,0.0
113,113年決算書第四冊.pdf,190,798,0.0
113,113年決算書第四冊.pdf,191,1345,0.0
113,113年決算書第四冊.pdf,192,773,0.0
113,113年決算書第四冊.pdf,193,1304,0.0
113,113年決算書第四冊.pdf,194,419,0.0
113,113年決算書第四冊.pdf,195,725,0.0
113,113年決算書第四冊.pdf,196,254,0.0
113,113年決算書第四冊.pdf,197,482,0.0
113,113年決算書第四冊.pdf,198,200,0.0
113,113年決算書第四冊.pdf,199,776,0.0
113,113年決算書第四冊.pdf,200,463,0.0
113,113年決算書第四冊.pdf,201,106,0.0
113,113年決算書第四冊.pdf,202,312,0.0
113,113年決算書第四冊.pdf,203,1366,0.0
113,113年決算書第四冊.pdf,204,269,0.0
113,113年決算書第四冊.pdf,205,1562,0.0
113,113年決算書第四冊.pdf,206,949,0.0
113,113年決算書第四冊.pdf,207,718,0.0
113,113年決算書第四冊.pdf,208,120,0.0
113,113年決算書第四冊.pdf,209,1764,0.0
113,113年決算書第四冊.pdf,210,476,0.0
113,113年決算書第四冊.pdf,211,987,0.0
113,113年決算書第四冊.pdf,212,0,0.0
113,113年決算書第四冊.pdf,213,0,0.0
113,113年決算書第四冊.pdf,214,95,0.0
113,113年決算書第四冊.pdf,215,0,0.0
113,113年決算書第四冊.pdf,216,707,0.0
113,113年決算書第四冊.pdf,217,0,0.0
113,113年決算書第四冊.pdf,218,727,0.0
113,113年決算書第四冊.pdf,219,798,0.0
113,113年決算書第四冊.pdf,220,841,0.0
113,113年決算書第四冊.pdf,221,1266,0.0
113,113年決算書第四冊.pdf,222,693,0.0
113,113年決算書第四冊.pdf,223,1261,0.0
113,113年決算書第四冊.pdf,224,303,0.0
113,113年決算書第四冊.pdf,225,642,0.0
113,113年決算書第四冊.pdf,226,243,0.0
113,113年決算書第四冊.pdf,227,397,0.0
113,113年決算書第四冊.pdf,228,180,0.0
113,113年決算書第四冊.pdf,229,766,0.0
113,113年決算書第四冊.pdf,230,441,0.0
113,113年決算書第四冊.pdf,231,93,0.0
113,113年決算書第四冊.pdf,232,304,0.0
113,113年決算書第四冊.pdf,233,1309,1.0
113,113年決算書第四冊.pdf,234,232,0.0
113,113年決算書第四冊.pdf,235,1641,0.0
113,113年決算書第四冊.pdf,236,972,0.0
113,113年決算書第四冊.pdf,237,689,0.0
113,113年決算書第四冊.pdf,238,139,0.0
113,113年決算書第四冊.pdf,239,1795,0.0
113,113年決算書第四冊.pdf,240,474,0.0
113,113年決算書第四冊.pdf,241,981,0.0
113,113年決算書第四冊.pdf,242,0,0.0
113,113年決算書第四冊.pdf,243,0,0.0
113,113年決算書第四冊.pdf,244,95,0.0
113,113年決算書第四冊.pdf,245,0,0.0
113,113年決算書第四冊.pdf,246,707,0.0
113,113年決算書第四冊.pdf,247,0,0.0
113,113年決算書第四冊.pdf,248,682,0.0
113,113年決算書第四冊.pdf,249,761,0.0
113,113年決算書第四冊.pdf,250,759,0.0
113,113年決算書第四冊.pdf,251,1149,0.0
113,113年決算書第四冊.pdf,252,638,0.0
113,113年決算書第四冊.pdf,253,1246,0.0
113,113年決算書第四冊.pdf,254,290,0.0
113,113年決算書第四冊.pdf,255,761,0.0
113,113年決算書第四冊.pdf,256,279,0.0
113,113年決算書第四冊.pdf,257,472,0.0
113,113年決算書第四冊.pdf,258,203,0.0
113,113年決算書第四冊.pdf,259,715,0.0
113,113年決算書第四冊.pdf,260,469,0.0
113,113年決算書第四冊.pdf,261,93,0.0
113,113年決算書第四冊.pdf,262,211,0.0
113,113年決算書第四冊.pdf,263,1312,0.0
113,113年決算書第四冊.pdf,264,236,0.0
113,113年決算書第四冊.pdf,265,1062,0.0
113,113年決算書第四冊.pdf,266,1057,0.0
113,113年決算書第四冊.pdf,267,1518,0.0
113,113年決算書第四冊.pdf,268,126,0.0
113,113年決算書第四冊.pdf,269,1751,0.0
113,113年決算書第四冊.pdf,270,474,0.0
113,113年決算書第四冊.pdf,271,979,0.0
113,113年決算書第四冊.pdf,272,0,0.0
113,113年決算書第四冊.pdf,273,0,0.0
113,113年決算書第四冊.pdf,274,95,0.0
113,113年決算書第四冊.pdf,275,0,0.0
113,113年決算書第四冊.pdf,276,707,0.0
113,113年決算書第四冊.pdf,277,0,0.0
113,113年決算書第四冊.pdf,278,669,0.0
113,113年決算書第四冊.pdf,279,745,0.0
113,113年決算書第四冊.pdf,280,645,0.0
113,113年決算書第四冊.pdf,281,1127,0.0
113,113年決算書第四冊.pdf,282,547,0.0
113,113年決算書第四冊.pdf,283,1284,0.0
113,113年決算書第四冊.pdf,284,210,0.0
113,113年決算書第四冊.pdf,285,612,0.0
113,113年決算書第四冊.pdf,286,538,0.0
113,113年決算書第四冊.pdf,287,432,0.0
113,113年決算書第四冊.pdf,288,150,0.0
113,113年決算書第四冊.pdf,289,776,0.0
113,113年決算書第四冊.pdf,290,473,0.0
113,113年決算書第四冊.pdf,291,93,0.0
113,113年決算書第四冊.pdf,292,203,0.0
113,113年決算書第四冊.pdf,293,1233,0.0
113,113年決算書第四冊.pdf,294,237,0.0
113,113年決算書第四冊.pdf,295,1637,0.0
113,113年決算書第四冊.pdf,296,751,0.0
113,113年決算書第四冊.pdf,297,359,0.0
113,113年決算書第四冊.pdf,298,150,0.0
113,113年決算書第四冊.pdf,299,1733,0.0
113,113年決算書第四冊.pdf,300,479,0.0
113,113年決算書第四冊.pdf,301,995,0.0
113,113年決算書第四冊.pdf,302,0,0.0
113,113年決算書第四冊.pdf,303,0,0.0
113,113年決算書第四冊.pdf,304,95,0.0
113,113年決算書第四冊.pdf,305,0,0.0
113,113年決算書第四冊.pdf,306,707,0.0
113,113年決算書第四冊.pdf,307,0,0.0
113,113年決算書第四冊.pdf,308,777,0.0
113,113年決算書第四冊.pdf,309,747,0.0
113,113年決算書第四冊.pdf,310,733,0.0
113,113年決算書第四冊.pdf,311,1124,0.0
113,113年決算書第四冊.pdf,312,567,0.0
113,113年決算書第四冊.pdf,313,1215,0.0
113,113年決算書第四冊.pdf,314,313,0.0
113,113年決算書第四冊.pdf,315,498,0.0
113,113年決算書第四冊.pdf,316,474,0.0
113,113年決算書第四冊.pdf,317,522,0.0
113,113年決算書第四冊.pdf,318,210,0.0
113,113年決算書第四冊.pdf,319,722,0.0
113,113年決算書第四冊.pdf,320,445,0.0
113,113年決算書第四冊.pdf,321,93,0.0
113,113年決算書第四冊.pdf,322,314,0.0
113,113年決算書第四冊.pdf,323,1170,0.0
113,113年決算書第四冊.pdf,324,241,0.0
113,113年決算書第四冊.pdf,325,1703,0.0
113,113年決算書第四冊.pdf,326,893,0.0
113,113年決算書第四冊.pdf,327,401,0.0
113,113年決算書第四冊.pdf,328,128,0.0
113,113年決算書第四冊.pdf,329,1623,0.0
113,113年決算書第四冊.pdf,330,477,0.0
113,113年決算書第四冊.pdf,331,895,0.0
113,113年決算書第四冊.pdf,332,0,0.0
113,113年決算書第四冊.pdf,333,0,0.0
113,113年決算書第四冊.pdf,334,95,0.0
113,113年決算書第四冊.pdf,335,0,0.0
113,113年決算書第四冊.pdf,336,709,0.0
113,113年決算書第四冊.pdf,337,0,0.0
113,113年決算書第四冊.pdf,338,769,0.0
113,113年決算書第四冊.pdf,339,795,0.0
113,113年決算書第四冊.pdf,340,884,0.0
113,113年決算書第四冊.pdf,341,207,0.0
113,113年決算書第四冊.pdf,342,1332,0.0
113,113年決算書第四冊.pdf,343,713,0.0
113,113年決算書第四冊.pdf,344,1273,0.0
113,113年決算書第四冊.pdf,345,328,0.0
113,113年決算書第四冊.pdf,346,11,0.0
113,113年決算書第四冊.pdf,347,865,0.0
113,113年決算書第四冊.pdf,348,265,0.0
113,113年決算書第四冊.pdf,349,553,0.0
113,113年決算書第四冊.pdf,350,196,0.0
113,113年決算書第四冊.pdf,351,782,0.0
113,113年決算書第四冊.pdf,352,451,0.0
113,113年決算書第四冊.pdf,353,103,0.0
113,113年決算書第四冊.pdf,354,319,0.0
113,113年決算書第四冊.pdf,355,1239,0.0
113,113年決算書第四冊.pdf,356,243,0.0
113,113年決算書第四冊.pdf,357,1635,0.0
113,113年決算書第四冊.pdf,358,988,0.0
113,113年決算書第四冊.pdf,359,577,0.0
113,113年決算書第四冊.pdf,360,238,0.0
113,113年決算書第四冊.pdf,361,1870,0.0
113,113年決算書第四冊.pdf,362,477,0.0
113,113年決算書第四冊.pdf,363,1013,0.0
113,113年決算書第四冊.pdf,364,0,0.0
113,113年決算書第四冊.pdf,365,0,0.0
113,113年決算書第四冊.pdf,366,95,0.0
113,113年決算書第四冊.pdf,367,0,0.0
113,113年決算書第四冊.pdf,368,707,0.0
113,113年決算書第四冊.pdf,369,0,0.0
113,113年決算書第四冊.pdf,370,799,0.0
113,113年決算書第四冊.pdf,371,796,0.0
113,113年決算書第四冊.pdf,372,567,0.0
113,113年決算書第四冊.pdf,373,1219,0.0
113,113年決算書第四冊.pdf,374,646,0.0
113,113年決算書第四冊.pdf,375,1187,0.0
113,113年決算書第四冊.pdf,376,111,0.0
113,113年決算書第四冊.pdf,377,624,0.0
113,113年決算書第四冊.pdf,378,259,0.0
113,113年決算書第四冊.pdf,379,369,0.0
113,113年決算書第四冊.pdf,380,164,0.0
113,113年決算書第四冊.pdf,381,644,0.0
113,113年決算書第四冊.pdf,382,365,0.0
113,113年決算書第四冊.pdf,383,105,0.0
113,113年決算書第四冊.pdf,384,200,0.0
113,113年決算書第四冊.pdf,385,1105,0.0
113,113年決算書第四冊.pdf,386,240,0.0
113,113年決算書第四冊.pdf,387,1123,0.0
113,113年決算書第四冊.pdf,388,979,0.0
113,113年決算書第四冊.pdf,389,1434,0.0
113,113年決算書第四冊.pdf,390,140,0.0
113,113年決算書第四冊.pdf,391,1686,0.0
113,113年決算書第四冊.pdf,392,466,0.0
113,113年決算書第四冊.pdf,393,952,0.0
113,113年決算書第四冊.pdf,394,0,0.0
113,113年決算書第四冊.pdf,395,0,0.0
113,113年決算書第四冊.pdf,396,95,0.0
113,113年決算書第四冊.pdf,397,0,0.0
113,113年決算書第四冊.pdf,398,707,0.0
113,113年決算書第四冊.pdf,399,0,0.0
113,113年決算書第四冊.pdf,400,733,0.0
113,113年決算書第四冊.pdf,401,830,0.0
113,113年決算書第四冊.pdf,402,604,0.0
113,113年決算書第四冊.pdf,403,1129,0.0
113,113年決算書第四冊.pdf,404,625,0.0
113,113年決算書第四冊.pdf,405,1248,0.0
113,113年決算書第四冊.pdf,406,172,0.0
113,113年決算書第四冊.pdf,407,653,0.0
113,113年決算書第四冊.pdf,408,224,0.0
113,113年決算書第四冊.pdf,409,399,0.0
113,113年決算書第四冊.pdf,410,179,0.0
113,113年決算書第四冊.pdf,411,699,0.0
113,113年決算書第四冊.pdf,412,429,0.0
113,113年決算書第四冊.pdf,413,93,0.0
113,113年決算書第四冊.pdf,414,259,0.0
113,113年決算書第四冊.pdf,415,1115,0.0
113,113年決算書第四冊.pdf,416,229,0.0
113,113年決算書第四冊.pdf,417,1484,0.0
113,113年決算書第四冊.pdf,418,846,0.0
113,113年決算書第四冊.pdf,419,1614,0.0
113,113年決算書第四冊.pdf,420,472,0.0
113,113年決算書第四冊.pdf,421,969,0.0
113,113年決算書第四冊.pdf,422,0,0.0
113,113年決算書第四冊.pdf,423,0,0.0
113,113年決算書第四冊.pdf,424,95,0.0
113,113年決算書第四冊.pdf,425,0,0.0
113,113年決算書第四冊.pdf,426,707,0.0
113,113年決算書第四冊.pdf,427,0,0.0
113,113年決算書第四冊.pdf,428,810,0.0
113,113年決算書第四冊.pdf,429,849,0.0
113,113年決算書第四冊.pdf,430,530,0.0
113,113年決算書第四冊.pdf,431,1191,0.0
113,113年決算書第四冊.pdf,432,608,0.0
113,113年決算書第四冊.pdf,433,1226,0.0
113,113年決算書第四冊.pdf,434,174,0.0
113,113年決算書第四冊.pdf,435,481,0.0
113,113年決算書第四冊.pdf,436,404,0.0
113,113年決算書第四冊.pdf,437,411,0.0
113,113年決算書第四冊.pdf,438,178,0.0
113,113年決算書第四冊.pdf,439,706,0.0
113,113年決算書第四冊.pdf,440,432,0.0
113,113年決算書第四冊.pdf,441,93,0.0
113,113年決算書第四冊.pdf,442,280,0.0
113,113年決算書第四冊.pdf,443,1118,0.0
113,113年決算書第四冊.pdf,444,234,0.0
113,113年決算書第四冊.pdf,445,0,0.0
113,113年決算書第四冊.pdf,446,0,0.0
113,113年決算書第四冊.pdf,447,0,0.0
113,113年決算書第四冊.pdf,448,0,0.0
113,113年決算書第四冊.pdf,449,1776,0.0
113,113年決算書第四冊.pdf,450,471,0.0
113,113年決算書第四冊.pdf,451,890,0.0
113,113年決算書第四冊.pdf,452,0,0.0
113,113年決算書第四冊.pdf,453,0,0.0
113,113年決算書第四冊.pdf,454,95,0.0
113,113年決算書第四冊.pdf,455,0,0.0
113,113年決算書第四冊.pdf,456,709,0.0
113,113年決算書第四冊.pdf,457,0,0.0
113,113年決算書第四冊.pdf,458,778,0.0
113,113年決算書第四冊.pdf,459,800,0.0
113,113年決算書第四冊.pdf,460,921,0.0
113,113年決算書第四冊.pdf,461,53,0.0
113,113年決算書第四冊.pdf,462,1271,0.0
113,113年決算書第四冊.pdf,463,729,0.0
113,113年決算書第四冊.pdf,464,1251,0.0
113,113年決算書第四冊.pdf,465,112,0.0
113,113年決算書第四冊.pdf,466,11,0.0
113,113年決算書第四冊.pdf,467,713,0.0
113,113年決算書第四冊.pdf,468,237,0.0
113,113年決算書第四冊.pdf,469,472,0.0
113,113年決算書第四冊.pdf,470,120,0.0
113,113年決算書第四冊.pdf,471,666,0.0
113,113年決算書第四冊.pdf,472,397,0.0
113,113年決算書第四冊.pdf,473,93,0.0
113,113年決算書第四冊.pdf,474,295,0.0
113,113年決算書第四冊.pdf,475,1083,0.0
113,113年決算書第四冊.pdf,476,228,0.0
113,113年決算書第四冊.pdf,477,1654,0.0
113,113年決算書第四冊.pdf,478,804,0.0
113,113年決算書第四冊.pdf,479,492,0.0
113,113年決算書第四冊.pdf,480,120,0.0
113,113年決算書第四冊.pdf,481,1810,0.0
113,113年決算書第四冊.pdf,482,474,0.0
113,113年決算書第四冊.pdf,483,986,0.0
113,113年決算書第四冊.pdf,484,0,0.0
113,113年決算書第四冊.pdf,485,0,0.0
113,113年決算書第四冊.pdf,486,95,0.0
113,113年決算書第四冊.pdf,487,0,0.0
113,113年決算書第四冊.pdf,488,707,0.0
113,113年決算書第四冊.pdf,489,0,0.0
113,113年決算書第四冊.pdf,490,800,0.0
113,113年決算書第四冊.pdf,491,802,0.0
113,113年決算書第四冊.pdf,492,675,0.0
113,113年決算書第四冊.pdf,493,1269,0.0
113,113年決算書第四冊.pdf,494,693,0.0
113,113年決算書第四冊.pdf,495,1239,0.0
113,113年決算書第四冊.pdf,496,215,0.0
113,113年決算書第四冊.pdf,497,734,0.0
113,113年決算書第四冊.pdf,498,267,0.0
113,113年決算書第四冊.pdf,499,431,0.0
113,113年決算書第四冊.pdf,500,219,0.0
113,113年決算書第四冊.pdf,501,755,0.0
113,113年決算書第四冊.pdf,502,446,0.0
113,113年決算書第四冊.pdf,503,211,0.0
113,113年決算書第四冊.pdf,504,204,0.0
113,113年決算書第四冊.pdf,505,1232,0.0
113,113年決算書第四冊.pdf,506,232,0.0
113,113年決算書第四冊.pdf,507,1105,0.0
113,113年決算書第四冊.pdf,508,1076,0.0
113,113年決算書第四冊.pdf,509,1515,0.0
113,113年決算書第四冊.pdf,510,143,0.0
113,113年決算書第四冊.pdf,511,1906,0.0
113,113年決算書第四冊.pdf,512,475,0.0
113,113年決算書第四冊.pdf,513,971,0.0
113,113年決算書第四冊.pdf,514,0,0.0
113,113年決算書第四冊.pdf,515,0,0.0
113,113年決算書第四冊.pdf,516,95,0.0
113,113年決算書第四冊.pdf,517,0,0.0
113,113年決算書第四冊.pdf,518,697,0.0
113,113年決算書第四冊.pdf,519,0,0.0
113,113年決算書第四冊.pdf,520,743,0.0
113,113年決算書第四冊.pdf,521,824,0.0
113,113年決算書第四冊.pdf,522,673,0.0
113,113年決算書第四冊.pdf,523,0,0.0
113,113年決算書第四冊.pdf,524,0,0.0
113,113年決算書第四冊.pdf,525,0,0.0
113,113年決算書第四冊.pdf,526,0,0.0
113,113年決算書第四冊.pdf,527,0,0.0
113,113年決算書第四冊.pdf,528,0,0.0
113,113年決算書第四冊.pdf,529,0,0.0
113,113年決算書第四冊.pdf,530,0,0.0
113,113年決算書第四冊.pdf,531,0,0.0
113,113年決算書第四冊.pdf,532,0,0.0
113,113年決算書第四冊.pdf,533,0,0.0
113,113年決算書第四冊.pdf,534,0,0.0
113,113年決算書第四冊.pdf,535,0,0.0
113,113年決算書第四冊.pdf,536,0,0.0
113,113年決算書第四冊.pdf,537,0,0.0
113,113年決算書第四冊.pdf,538,0,0.0
113,113年決算書第四冊.pdf,539,0,0.0
113,113年決算書第四冊.pdf,540,0,0.0
113,113年決算書第四冊.pdf,541,0,0.0
113,113年決算書第四冊.pdf,542,0,0.0
113,113年決算書第四冊.pdf,543,0,0.0
113,113年決算書第四冊.pdf,544,0,0.0
113,113年決算書第四冊.pdf,545,0,0.0
113,113年決算書第四冊.pdf,546,97,0.0
113,113年決算書第四冊.pdf,547,0,0.0
113,113年決算書第四冊.pdf,548,708,0.0
113,113年決算書第四冊.pdf,549,0,0.0
113,113年決算書第四冊.pdf,550,804,0.0
113,113年決算書第四冊.pdf,551,760,0.0
113,113年決算書第四冊.pdf,552,811,0.0
113,113年決算書第四冊.pdf,553,1294,0.0
113,113年決算書第四冊.pdf,554,673,0.0
113,113年決算書第四冊.pdf,555,1283,0.0
113,113年決算書第四冊.pdf,556,459,0.0
113,113年決算書第四冊.pdf,557,804,0.0
113,113年決算書第四冊.pdf,558,272,0.0
113,113年決算書第四冊.pdf,559,532,0.0
113,113年決算書第四冊.pdf,560,175,0.0
113,113年決算書第四冊.pdf,561,674,0.0
113,113年決算書第四冊.pdf,562,450,0.0
113,113年決算書第四冊.pdf,563,94,0.0
113,113年決算書第四冊.pdf,564,309,0.0
113,113年決算書第四冊.pdf,565,1432,0.0
113,113年決算書第四冊.pdf,566,234,0.0
113,113年決算書第四冊.pdf,567,1149,0.0
113,113年決算書第四冊.pdf,568,1068,0.0
113,113年決算書第四冊.pdf,569,1498,0.0
113,113年決算書第四冊.pdf,570,142,0.0
113,113年決算書第四冊.pdf,571,1694,0.0
113,113年決算書第四冊.pdf,572,480,0.0
113,113年決算書第四冊.pdf,573,1016,0.0
113,113年決算書第四冊.pdf,574,0,0.0
113,113年決算書第四冊.pdf,575,0,0.0
113,113年決算書第四冊.pdf,576,95,0.0
113,113年決算書第四冊.pdf,577,0,0.0
113,113年決算書第四冊.pdf,578,707,0.0
113,113年決算書第四冊.pdf,579,0,0.0
113,113年決算書第四冊.pdf,580,796,0.0
113,113年決算書第四冊.pdf,581,840,0.0
113,113年決算書第四冊.pdf,582,616,0.0
113,113年決算書第四冊.pdf,583,1193,0.0
113,113年決算書第四冊.pdf,584,713,0.0
113,113年決算書第四冊.pdf,585,1301,0.0
113,113年決算書第四冊.pdf,586,353,0.0
113,113年決算書第四冊.pdf,587,715,0.0
113,113年決算書第四冊.pdf,588,299,0.0
113,113年決算書第四冊.pdf,589,408,0.0
113,113年決算書第四冊.pdf,590,188,0.0
113,113年決算書第四冊.pdf,591,744,0.0
113,113年決算書第四冊.pdf,592,385,0.0
113,113年決算書第四冊.pdf,593,93,0.0
113,113年決算書第四冊.pdf,594,256,0.0
113,113年決算書第四冊.pdf,595,1311,0.0
113,113年決算書第四冊.pdf,596,237,0.0
113,113年決算書第四冊.pdf,597,1747,0.0
113,113年決算書第四冊.pdf,598,845,0.0
113,113年決算書第四冊.pdf,599,466,0.0
113,113年決算書第四冊.pdf,600,145,0.0
113,113年決算書第四冊.pdf,601,1794,0.0
113,113年決算書第四冊.pdf,602,475,0.0
113,113年決算書第四冊.pdf,603,1009,0.0
113,113年決算書第四冊.pdf,604,0,0.0
113,113年決算書第四冊.pdf,605,0,0.0
113,113年決算書第四冊.pdf,606,95,0.0
113,113年決算書第四冊.pdf,607,0,0.0
113,113年決算書第四冊.pdf,608,707,0.0
113,113年決算書第四冊.pdf,609,0,0.0
113,113年決算書第四冊.pdf,610,764,0.0
113,113年決算書第四冊.pdf,611,784,0.0
113,113年決算書第四冊.pdf,612,778,0.0
113,113年決算書第四冊.pdf,613,1290,0.0
113,113年決算書第四冊.pdf,614,731,0.0
113,113年決算書第四冊.pdf,615,1219,0.0
113,113年決算書第四冊.pdf,616,389,0.0
113,113年決算書第四冊.pdf,617,536,0.0
113,113年決算書第四冊.pdf,618,530,0.0
113,113年決算書第四冊.pdf,619,492,0.0
113,113年決算書第四冊.pdf,620,180,0.0
113,113年決算書第四冊.pdf,621,742,0.0
113,113年決算書第四冊.pdf,622,456,0.0
113,113年決算書第四冊.pdf,623,93,0.0
113,113年決算書第四冊.pdf,624,286,0.0
113,113年決算書第四冊.pdf,625,1338,0.0
113,113年決算書第四冊.pdf,626,235,0.0
113,113年決算書第四冊.pdf,627,1106,0.0
113,113年決算書第四冊.pdf,628,1070,0.0
113,113年決算書第四冊.pdf,629,1433,0.0
113,113年決算書第四冊.pdf,630,129,0.0
113,113年決算書第四冊.pdf,631,1830,0.0
113,113年決算書第四冊.pdf,632,476,0.0
113,113年決算書第四冊.pdf,633,1039,0.0
113,113年決算書第四冊.pdf,634,0,0.0
113,113年決算書第四冊.pdf,635,0,0.0
113,113年決算書第四冊.pdf,636,95,0.0
113,113年決算書第四冊.pdf,637,0,0.0
113,113年決算書第四冊.pdf,638,707,0.0
113,113年決算書第四冊.pdf,639,0,0.0
113,113年決算書第四冊.pdf,640,761,0.0
113,113年決算書第四冊.pdf,641,764,0.0
113,113年決算書第四冊.pdf,642,816,0.0
113,113年決算書第四冊.pdf,643,1153,0.0
113,113年決算書第四冊.pdf,644,619,0.0
113,113年決算書第四冊.pdf,645,1182,0.0
113,113年決算書第四冊.pdf,646,317,0.0
113,113年決算書第四冊.pdf,647,663,0.0
113,113年決算書第四冊.pdf,648,529,0.0
113,113年決算書第四冊.pdf,649,524,0.0
113,113年決算書第四冊.pdf,650,164,0.0
113,113年決算書第四冊.pdf,651,698,0.0
113,113年決算書第四冊.pdf,652,451,0.0
113,113年決算書第四冊.pdf,653,93,0.0
113,113年決算書第四冊.pdf,654,308,0.0
113,113年決算書第四冊.pdf,655,1194,0.0
113,113年決算書第四冊.pdf,656,242,0.0
113,113年決算書第四冊.pdf,657,1040,0.0
113,113年決算書第四冊.pdf,658,1107,0.0
113,113年決算書第四冊.pdf,659,1526,0.0
113,113年決算書第四冊.pdf,660,128,0.0
113,113年決算書第四冊.pdf,661,1644,0.0
113,113年決算書第四冊.pdf,662,481,0.0
113,113年決算書第四冊.pdf,663,948,0.0
113,113年決算書第四冊.pdf,664,0,0.0
113,113年決算書第四冊.pdf,665,0,0.0
113,113年決算書第四冊.pdf,666,99,0.0
113,113年決算書第四冊.pdf,667,0,0.0
113,113年決算書第四冊.pdf,668,709,0.0
113,113年決算書第四冊.pdf,669,0,0.0
113,113年決算書第四冊.pdf,670,788,0.0
113,113年決算書第四冊.pdf,671,914,0.0
113,113年決算書第四冊.pdf,672,473,0.0
113,113年決算書第四冊.pdf,673,1166,0.0
113,113年決算書第四冊.pdf,674,633,0.0
113,113年決算書第四冊.pdf,675,1257,0.0
113,113年決算書第四冊.pdf,676,190,0.0
113,113年決算書第四冊.pdf,677,823,0.0
113,113年決算書第四冊.pdf,678,299,0.0
113,113年決算書第四冊.pdf,679,481,0.0
113,113年決算書第四冊.pdf,680,196,0.0
113,113年決算書第四冊.pdf,681,757,0.0
113,113年決算書第四冊.pdf,682,447,0.0
113,113年決算書第四冊.pdf,683,95,0.0
113,113年決算書第四冊.pdf,684,217,0.0
113,113年決算書第四冊.pdf,685,1151,0.0
113,113年決算書第四冊.pdf,686,238,0.0
113,113年決算書第四冊.pdf,687,1690,0.0
113,113年決算書第四冊.pdf,688,845,0.0
113,113年決算書第四冊.pdf,689,642,0.0
113,113年決算書第四冊.pdf,690,132,0.0
113,113年決算書第四冊.pdf,691,1710,0.0
113,113年決算書第四冊.pdf,692,482,0.0
113,113年決算書第四冊.pdf,693,1012,0.0
113,113年決算書第四冊.pdf,694,0,0.0
113,113年決算書第四冊.pdf,695,0,0.0
113,113年決算書第四冊.pdf,696,97,0.0
113,113年決算書第四冊.pdf,697,0,0.0
113,113年決算書第四冊.pdf,698,708,0.0
113,113年決算書第四冊.pdf,699,0,0.0
113,113年決算書第四冊.pdf,700,733,0.0
113,113年決算書第四冊.pdf,701,825,0.0
113,113年決算書第四冊.pdf,702,638,0.0
113,113年決算書第四冊.pdf,703,1061,0.0
113,113年決算書第四冊.pdf,704,566,0.0
113,113年決算書第四冊.pdf,705,1257,0.0
113,113年決算書第四冊.pdf,706,272,0.0
113,113年決算書第四冊.pdf,707,717,0.0
113,113年決算書第四冊.pdf,708,274,0.0
113,113年決算書第四冊.pdf,709,417,0.0
113,113年決算書第四冊.pdf,710,144,0.0
113,113年決算書第四冊.pdf,711,734,0.0
113,113年決算書第四冊.pdf,712,451,0.0
113,113年決算書第四冊.pdf,713,94,0.0
113,113年決算書第四冊.pdf,714,269,0.0
113,113年決算書第四冊.pdf,715,1195,0.0
113,113年決算書第四冊.pdf,716,235,0.0
113,113年決算書第四冊.pdf,717,1652,0.0
113,113年決算書第四冊.pdf,718,946,0.0
113,113年決算書第四冊.pdf,719,461,0.0
113,113年決算書第四冊.pdf,720,125,0.0
113,113年決算書第四冊.pdf,721,1764,0.0
113,113年決算書第四冊.pdf,722,482,0.0
113,113年決算書第四冊.pdf,723,950,0.0
113,113年決算書第四冊.pdf,724,0,0.0
113,113年決算書第四冊.pdf,725,0,0.0
113,113年決算書第四冊.pdf,726,95,0.0
113,113年決算書第四冊.pdf,727,0,0.0
113,113年決算書第四冊.pdf,728,707,0.0
113,113年決算書第四冊.pdf,729,0,0.0
113,113年決算書第四冊.pdf,730,744,0.0
113,113年決算書第四冊.pdf,731,807,0.0
113,113年決算書第四冊.pdf,732,539,0.0
113,113年決算書第四冊.pdf,733,1138,0.0
113,113年決算書第四冊.pdf,734,617,0.0
113,113年決算書第四冊.pdf,735,1256,0.0
113,113年決算書第四冊.pdf,736,253,0.0
113,113年決算書第四冊.pdf,737,634,0.0
113,113年決算書第四冊.pdf,738,251,0.0
113,113年決算書第四冊.pdf,739,406,0.0
113,113年決算書第四冊.pdf,740,200,0.0
113,113年決算書第四冊.pdf,741,722,0.0
113,113年決算書第四冊.pdf,742,433,0.0
113,113年決算書第四冊.pdf,743,93,0.0
113,113年決算書第四冊.pdf,744,313,0.0
113,113年決算書第四冊.pdf,745,1124,0.0
113,113年決算書第四冊.pdf,746,236,0.0
113,113年決算書第四冊.pdf,747,1142,0.0
113,113年決算書第四冊.pdf,748,1003,0.0
113,113年決算書第四冊.pdf,749,1369,0.0
113,113年決算書第四冊.pdf,750,129,0.0
113,113年決算書第四冊.pdf,751,1514,0.0
113,113年決算書第四冊.pdf,752,473,0.0
113,113年決算書第四冊.pdf,753,927,0.0
113,113年決算書第四冊.pdf,754,0,0.0
113,113年決算書第四冊.pdf,755,0,0.0
113,113年決算書第五冊.pdf,0,1276,0.0
113,113年決算書第五冊.pdf,1,1189,0.0
113,113年決算書第五冊.pdf,2,95,0.0
113,113年決算書第五冊.pdf,3,0,0.0
113,113年決算書第五冊.pdf,4,707,0.0
113,113年決算書第五冊.pdf,5,0,0.0
113,113年決算書第五冊.pdf,6,748,0.0
113,113年決算書第五冊.pdf,7,794,0.0
113,113年決算書第五冊.pdf,8,570,0.0
113,113年決算書第五冊.pdf,9,1135,0.0
113,113年決算書第五冊.pdf,10,597,0.0
113,113年決算書第五冊.pdf,11,1257,0.0
113,113年決算書第五冊.pdf,12,305,0.0
113,113年決算書第五冊.pdf,13,606,0.0
113,113年決算書第五冊.pdf,14,249,0.0
113,113年決算書第五冊.pdf,15,372,0.0
113,113年決算書第五冊.pdf,16,116,0.0
113,113年決算書第五冊.pdf,17,661,0.0
113,113年決算書第五冊.pdf,18,380,0.0
113,113年決算書第五冊.pdf,19,93,0.0
113,113年決算書第五冊.pdf,20,261,0.0
113,113年決算書第五冊.pdf,21,1303,0.0
113,113年決算書第五冊.pdf,22,227,0.0
113,113年決算書第五冊.pdf,23,1138,0.0
113,113年決算書第五冊.pdf,24,1067,0.0
113,113年決算書第五冊.pdf,25,1444,0.0
113,113年決算書第五冊.pdf,26,127,0.0
113,113年決算書第五冊.pdf,27,1621,0.0
113,113年決算書第五冊.pdf,28,473,0.0
113,113年決算書第五冊.pdf,29,906,0.0
113,113年決算書第五冊.pdf,30,0,0.0
113,113年決算書第五冊.pdf,31,0,0.0
113,113年決算書第五冊.pdf,32,95,0.0
113,113年決算書第五冊.pdf,33,0,0.0
113,113年決算書第五冊.pdf,34,707,0.0
113,113年決算書第五冊.pdf,35,0,0.0
113,113年決算書第五冊.pdf,36,710,0.0
113,113年決算書第五冊.pdf,37,761,0.0
113,113年決算書第五冊.pdf,38,91,0.0
113,113年決算書第五冊.pdf,39,773,0.0
113,113年決算書第五冊.pdf,40,322,0.0
113,113年決算書第五冊.pdf,41,807,0.0
113,113年決算書第五冊.pdf,42,11,0.0
113,113年決算書第五冊.pdf,43,354,0.0
113,113年決算書第五冊.pdf,44,171,0.0
113,113年決算書第五冊.pdf,45,337,0.0
113,113年決算書第五冊.pdf,46,86,0.0
113,113年決算書第五冊.pdf,47,500,0.0
113,113年決算書第五冊.pdf,48,275,0.0
113,113年決算書第五冊.pdf,49,93,0.0
113,113年決算書第五冊.pdf,50,248,0.0
113,113年決算書第五冊.pdf,51,694,0.0
113,113年決算書第五冊.pdf,52,177,0.0
113,113年決算書第五冊.pdf,53,1227,0.0
113,113年決算書第五冊.pdf,54,727,0.0
113,113年決算書第五冊.pdf,55,1207,0.0
113,113年決算書第五冊.pdf,56,450,0.0
113,113年決算書第五冊.pdf,57,570,0.0
113,113年決算書第五冊.pdf,58,0,0.0
113,113年決算書第五冊.pdf,59,0,0.0
113,113年決算書第五冊.pdf,60,91,0.0
113,113年決算書第五冊.pdf,61,0,0.0
113,113年決算書第五冊.pdf,62,705,0.0
113,113年決算書第五冊.pdf,63,0,0.0
113,113年決算書第五冊.pdf,64,773,0.0
113,113年決算書第五冊.pdf,65,792,0.0
113,113年決算書第五冊.pdf,66,638,0.0
113,113年決算書第五冊.pdf,67,662,0.0
113,113年決算書第五冊.pdf,68,600,0.0
113,113年決算書第五冊.pdf,69,797,0.0
113,113年決算書第五冊.pdf,70,800,0.0
113,113年決算書第五冊.pdf,71,782,0.0
113,113年決算書第五冊.pdf,72,777,0.0
113,113年決算書第五冊.pdf,73,748,0.0
113,113年決算書第五冊.pdf,74,693,0.0
113,113年決算書第五冊.pdf,75,664,0.0
113,113年決算書第五冊.pdf,76,670,0.0
113,113年決算書第五冊.pdf,77,710,0.0
113,113年決算書第五冊.pdf,78,734,0.0
113,113年決算書第五冊.pdf,79,710,0.0
113,113年決算書第五冊.pdf,80,690,0.0
113,113年決算書第五冊.pdf,81,369,0.0
113,113年決算書第五冊.pdf,82,1808,0.0
113,113年決算書第五冊.pdf,83,1045,0.0
113,113年決算書第五冊.pdf,84,1393,0.0
113,113年決算書第五冊.pdf,85,1295,0.0
113,113年決算書第五冊.pdf,86,12,0.0
113,113年決算書第五冊.pdf,87,1442,0.0
113,113年決算書第五冊.pdf,88,1394,0.0
113,113年決算書第五冊.pdf,89,1007,0.0
113,113年決算書第五冊.pdf,90,280,0.0
113,113年決算書第五冊.pdf,91,838,0.0
113,113年決算書第五冊.pdf,92,892,0.0
113,113年決算書第五冊.pdf,93,222,0.0
113,113年決算書第五冊.pdf,94,452,0.0
113,113年決算書第五冊.pdf,95,1812,0.0
113,113年決算書第五冊.pdf,96,135,0.0
113,113年決算書第五冊.pdf,97,598,0.0
113,113年決算書第五冊.pdf,98,12,0.0
113,113年決算書第五冊.pdf,99,1559,0.0
113,113年決算書第五冊.pdf,100,1358,0.0
113,113年決算書第五冊.pdf,101,1708,0.0
113,113年決算書第五冊.pdf,102,534,0.0
113,113年決算書第五冊.pdf,103,2061,0.0
113,113年決算書第五冊.pdf,104,716,0.0
113,113年決算書第五冊.pdf,105,709,0.0
113,113年決算書第五冊.pdf,106,1482,0.0
113,113年決算書第五冊.pdf,107,0,0.0
113,113年決算書第五冊.pdf,108,13,0.0
113,113年決算書第五冊.pdf,109,0,0.0
113,113年決算書第五冊.pdf,110,93,0.0
113,113年決算書第五冊.pdf,111,0,0.0
113,113年決算書第五冊.pdf,112,706,0.0
113,113年決算書第五冊.pdf,113,0,0.0
113,113年決算書第五冊.pdf,114,744,0.0
113,113年決算書第五冊.pdf,115,775,0.0
113,113年決算書第五冊.pdf,116,306,0.0
113,113年決算書第五冊.pdf,117,961,0.0
113,113年決算書第五冊.pdf,118,453,0.0
113,113年決算書第五冊.pdf,119,1201,0.0
113,113年決算書第五冊.pdf,120,267,0.0
113,113年決算書第五冊.pdf,121,484,0.0
113,113年決算書第五冊.pdf,122,173,0.0
113,113年決算書第五冊.pdf,123,348,0.0
113,113年決算書第五冊.pdf,124,103,0.0
113,113年決算書第五冊.pdf,125,591,0.0
113,113年決算書第五冊.pdf,126,358,0.0
113,113年決算書第五冊.pdf,127,92,0.0
113,113年決算書第五冊.pdf,128,196,0.0
113,113年決算書第五冊.pdf,129,1299,0.0
113,113年決算書第五冊.pdf,130,232,0.0
113,113年決算書第五冊.pdf,131,1362,0.0
113,113年決算書第五冊.pdf,132,768,0.0
113,113年決算書第五冊.pdf,133,1537,0.0
113,113年決算書第五冊.pdf,134,463,0.0
113,113年決算書第五冊.pdf,135,821,0.0
113,113年決算書第五冊.pdf,136,0,0.0
113,113年決算書第五冊.pdf,137,0,0.0
113,113年決算書第五冊.pdf,138,93,0.0
113,113年決算書第五冊.pdf,139,0,0.0
113,113年決算書第五冊.pdf,140,706,0.0
113,113年決算書第五冊.pdf,141,0,0.0
113,113年決算書第五冊.pdf,142,789,0.0
113,113年決算書第五冊.pdf,143,786,0.0
113,113年決算書第五冊.pdf,144,206,0.0
113,113年決算書第五冊.pdf,145,889,0.0
113,113年決算書第五冊.pdf,146,370,0.0
113,113年決算書第五冊.pdf,147,1120,0.0
113,113年決算書第五冊.pdf,148,254,0.0
113,113年決算書第五冊.pdf,149,428,0.0
113,113年決算書第五冊.pdf,150,189,0.0
113,113年決算書第五冊.pdf,151,286,0.0
113,113年決算書第五冊.pdf,152,96,0.0
113,113年決算書第五冊.pdf,153,603,0.0
113,113年決算書第五冊.pdf,154,367,0.0
113,113年決算書第五冊.pdf,155,102,0.0
113,113年決算書第五冊.pdf,156,247,0.0
113,113年決算書第五冊.pdf,157,1170,0.0
113,113年決算書第五冊.pdf,158,114,0.0
113,113年決算書第五冊.pdf,159,1370,0.0
113,113年決算書第五冊.pdf,160,711,0.0
113,113年決算書第五冊.pdf,161,1426,0.0
113,113年決算書第五冊.pdf,162,455,0.0
113,113年決算書第五冊.pdf,163,873,0.0
113,113年決算書第五冊.pdf,164,0,0.0
113,113年決算書第五冊.pdf,165,0,0.0
113,113年決算書第五冊.pdf,166,93,0.0
113,113年決算書第五冊.pdf,167,0,0.0
113,113年決算書第五冊.pdf,168,706,0.0
113,113年決算書第五冊.pdf,169,0,0.0
113,113年決算書第五冊.pdf,170,802,0.0
113,113年決算書第五冊.pdf,171,797,0.0
113,113年決算書第五冊.pdf,172,185,0.0
113,113年決算書第五冊.pdf,173,900,0.0
113,113年決算書第五冊.pdf,174,426,0.0
113,113年決算書第五冊.pdf,175,1143,0.0
113,113年決算書第五冊.pdf,176,98,0.0
113,113年決算書第五冊.pdf,177,529,0.0
113,113年決算書第五冊.pdf,178,192,0.0
113,113年決算書第五冊.pdf,179,339,0.0
113,113年決算書第五冊.pdf,180,103,0.0
113,113年決算書第五冊.pdf,181,625,0.0
113,113年決算書第五冊.pdf,182,346,0.0
113,113年決算書第五冊.pdf,183,92,0.0
113,113年決算書第五冊.pdf,184,192,0.0
113,113年決算書第五冊.pdf,185,1086,0.0
113,113年決算書第五冊.pdf,186,258,0.0
113,113年決算書第五冊.pdf,187,939,0.0
113,113年決算書第五冊.pdf,188,1008,0.0
113,113年決算書第五冊.pdf,189,1260,0.0
113,113年決算書第五冊.pdf,190,126,0.0
113,113年決算書第五冊.pdf,191,1404,0.0
113,113年決算書第五冊.pdf,192,463,0.0
113,113年決算書第五冊.pdf,193,826,0.0
113,113年決算書第五冊.pdf,194,0,0.0
113,113年決算書第五冊.pdf,195,0,0.0
113,113年決算書第五冊.pdf,196,93,0.0
113,113年決算書第五冊.pdf,197,0,0.0
113,113年決算書第五冊.pdf,198,706,0.0
113,113年決算書第五冊.pdf,199,0,0.0
113,113年決算書第五冊.pdf,200,760,0.0
113,113年決算書第五冊.pdf,201,771,0.0
113,113年決算書第五冊.pdf,202,206,0.0
113,113年決算書第五冊.pdf,203,934,0.0
113,113年決算書第五冊.pdf,204,425,0.0
113,113年決算書第五冊.pdf,205,1193,0.0
113,113年決算書第五冊.pdf,206,198,0.0
113,113年決算書第五冊.pdf,207,487,0.0
113,113年決算書第五冊.pdf,208,187,0.0
113,113年決算書第五冊.pdf,209,321,0.0
113,113年決算書第五冊.pdf,210,105,0.0
113,113年決算書第五冊.pdf,211,638,0.0
113,113年決算書第五冊.pdf,212,361,0.0
113,113年決算書第五冊.pdf,213,102,0.0
113,113年決算書第五冊.pdf,214,196,0.0
113,113年決算書第五冊.pdf,215,1226,0.0
113,113年決算書第五冊.pdf,216,230,0.0
113,113年決算書第五冊.pdf,217,943,0.0
113,113年決算書第五冊.pdf,218,1018,0.0
113,113年決算書第五冊.pdf,219,1264,0.0
113,113年決算書第五冊.pdf,220,126,0.0
113,113年決算書第五冊.pdf,221,1482,0.0
113,113年決算書第五冊.pdf,222,467,0.0
113,113年決算書第五冊.pdf,223,842,0.0
113,113年決算書第五冊.pdf,224,0,0.0
113,113年決算書第五冊.pdf,225,0,0.0
113,113年決算書第五冊.pdf,226,93,0.0
113,113年決算書第五冊.pdf,227,0,0.0
113,113年決算書第五冊.pdf,228,706,0.0
113,113年決算書第五冊.pdf,229,0,0.0
113,113年決算書第五冊.pdf,230,795,0.0
113,113年決算書第五冊.pdf,231,754,0.0
113,113年決算書第五冊.pdf,232,153,0.0
113,113年決算書第五冊.pdf,233,898,0.0
113,113年決算書第五冊.pdf,234,356,0.0
113,113年決算書第五冊.pdf,235,1163,0.0
113,113年決算書第五冊.pdf,236,169,0.0
113,113年決算書第五冊.pdf,237,527,0.0
113,113年決算書第五冊.pdf,238,173,0.0
113,113年決算書第五冊.pdf,239,396,0.0
113,113年決算書第五冊.pdf,240,100,0.0
113,113年決算書第五冊.pdf,241,590,0.0
113,113年決算書第五冊.pdf,242,365,0.0
113,113年決算書第五冊.pdf,243,102,0.0
113,113年決算書第五冊.pdf,244,199,0.0
113,113年決算書第五冊.pdf,245,1184,0.0
113,113年決算書第五冊.pdf,246,205,0.0
113,113年決算書第五冊.pdf,247,1295,0.0
113,113年決算書第五冊.pdf,248,748,0.0
113,113年決算書第五冊.pdf,249,1410,0.0
113,113年決算書第五冊.pdf,250,456,0.0
113,113年決算書第五冊.pdf,251,740,0.0
113,113年決算書第五冊.pdf,252,0,0.0
113,113年決算書第五冊.pdf,253,0,0.0
113,113年決算書第五冊.pdf,254,93,0.0
113,113年決算書第五冊.pdf,255,0,0.0
113,113年決算書第五冊.pdf,256,706,0.0
113,113年決算書第五冊.pdf,257,0,0.0
113,113年決算書第五冊.pdf,258,819,0.0
113,113年決算書第五冊.pdf,259,745,0.0
113,113年決算書第五冊.pdf,260,277,0.0
113,113年決算書第五冊.pdf,261,895,0.0
113,113年決算書第五冊.pdf,262,349,0.0
113,113年決算書第五冊.pdf,263,1184,0.0
113,113年決算書第五冊.pdf,264,361,0.0
113,113年決算書第五冊.pdf,265,493,0.0
113,113年決算書第五冊.pdf,266,176,0.0
113,113年決算書第五冊.pdf,267,398,0.0
113,113年決算書第五冊.pdf,268,114,0.0
113,113年決算書第五冊.pdf,269,633,0.0
113,113年決算書第五冊.pdf,270,350,0.0
113,113年決算書第五冊.pdf,271,102,0.0
113,113年決算書第五冊.pdf,272,366,0.0
113,113年決算書第五冊.pdf,273,1162,0.0
113,113年決算書第五冊.pdf,274,230,0.0
113,113年決算書第五冊.pdf,275,1417,0.0
113,113年決算書第五冊.pdf,276,764,0.0
113,113年決算書第五冊.pdf,277,1603,0.0
113,113年決算書第五冊.pdf,278,466,0.0
113,113年決算書第五冊.pdf,279,834,0.0
113,113年決算書第五冊.pdf,280,0,0.0
113,113年決算書第五冊.pdf,281,0,0.0
113,113年決算書第五冊.pdf,282,93,0.0
113,113年決算書第五冊.pdf,283,0,0.0
113,113年決算書第五冊.pdf,284,706,0.0
113,113年決算書第五冊.pdf,285,0,0.0
113,113年決算書第五冊.pdf,286,735,0.0
113,113年決算書第五冊.pdf,287,836,0.0
113,113年決算書第五冊.pdf,288,243,0.0
113,113年決算書第五冊.pdf,289,954,0.0
113,113年決算書第五冊.pdf,290,505,0.0
113,113年決算書第五冊.pdf,291,1181,0.0
113,113年決算書第五冊.pdf,292,167,0.0
113,113年決算書第五冊.pdf,293,370,0.0
113,113年決算書第五冊.pdf,294,170,0.0
113,113年決算書第五冊.pdf,295,295,0.0
113,113年決算書第五冊.pdf,296,104,0.0
113,113年決算書第五冊.pdf,297,600,0.0
113,113年決算書第五冊.pdf,298,346,0.0
113,113年決算書第五冊.pdf,299,92,0.0
113,113年決算書第五冊.pdf,300,198,0.0
113,113年決算書第五冊.pdf,301,1166,0.0
113,113年決算書第五冊.pdf,302,219,0.0
113,113年決算書第五冊.pdf,303,914,0.0
113,113年決算書第五冊.pdf,304,974,0.0
113,113年決算書第五冊.pdf,305,1226,0.0
113,113年決算書第五冊.pdf,306,124,0.0
113,113年決算書第五冊.pdf,307,1513,0.0
113,113年決算書第五冊.pdf,308,456,0.0
113,113年決算書第五冊.pdf,309,839,0.0
113,113年決算書第五冊.pdf,310,0,0.0
113,113年決算書第五冊.pdf,311,0,0.0
113,113年決算書第五冊.pdf,312,93,0.0
113,113年決算書第五冊.pdf,313,0,0.0
113,113年決算書第五冊.pdf,314,706,0.0
113,113年決算書第五冊.pdf,315,0,0.0
113,113年決算書第五冊.pdf,316,799,0.0
113,113年決算書第五冊.pdf,317,782,0.0
113,113年決算書第五冊.pdf,318,52,0.0
113,113年決算書第五冊.pdf,319,858,0.0
113,113年決算書第五冊.pdf,320,367,0.0
113,113年決算書第五冊.pdf,321,1170,0.0
113,113年決算書第五冊.pdf,322,168,0.0
113,113年決算書第五冊.pdf,323,472,0.0
113,113年決算書第五冊.pdf,324,175,0.0
113,113年決算書第五冊.pdf,325,329,0.0
113,113年決算書第五冊.pdf,326,170,0.0
113,113年決算書第五冊.pdf,327,685,0.0
113,113年決算書第五冊.pdf,328,350,0.0
113,113年決算書第五冊.pdf,329,92,0.0
113,113年決算書第五冊.pdf,330,192,0.0
113,113年決算書第五冊.pdf,331,1117,0.0
113,113年決算書第五冊.pdf,332,237,0.0
113,113年決算書第五冊.pdf,333,1411,0.0
113,113年決算書第五冊.pdf,334,818,0.0
113,113年決算書第五冊.pdf,335,1404,0.0
113,113年決算書第五冊.pdf,336,458,0.0
113,113年決算書第五冊.pdf,337,776,0.0
113,113年決算書第五冊.pdf,338,0,0.0
113,113年決算書第五冊.pdf,339,0,0.0
113,113年決算書第五冊.pdf,340,93,0.0
113,113年決算書第五冊.pdf,341,0,0.0
113,113年決算書第五冊.pdf,342,706,0.0
113,113年決算書第五冊.pdf,343,0,0.0
113,113年決算書第五冊.pdf,344,817,0.0
113,113年決算書第五冊.pdf,345,825,0.0
113,113年決算書第五冊.pdf,346,153,0.0
113,113年決算書第五冊.pdf,347,1068,1.0
113,113年決算書第五冊.pdf,348,474,1.0
113,113年決算書第五冊.pdf,349,1336,1.0
113,113年決算書第五冊.pdf,350,376,1.0
113,113年決算書第五冊.pdf,351,461,1.0
113,113年決算書第五冊.pdf,352,181,1.0
113,113年決算書第五冊.pdf,353,442,1.0
113,113年決算書第五冊.pdf,354,196,1.0
113,113年決算書第五冊.pdf,355,586,1.0
113,113年決算書第五冊.pdf,356,398,1.0
113,113年決算書第五冊.pdf,357,142,1.0
113,113年決算書第五冊.pdf,358,318,1.0
113,113年決算書第五冊.pdf,359,1292,0.0
113,113年決算書第五冊.pdf,360,241,1.0
113,113年決算書第五冊.pdf,361,1442,1.0
113,113年決算書第五冊.pdf,362,881,1.0
113,113年決算書第五冊.pdf,363,1294,1.0
113,113年決算書第五冊.pdf,364,554,1.0
113,113年決算書第五冊.pdf,365,820,1.0
113,113年決算書第五冊.pdf,366,0,0.0
113,113年決算書第五冊.pdf,367,0,0.0
113,113年決算書第五冊.pdf,368,93,0.0
113,113年決算書第五冊.pdf,369,0,0.0
113,113年決算書第五冊.pdf,370,706,0.0
113,113年決算書第五冊.pdf,371,0,0.0
113,113年決算書第五冊.pdf,372,756,0.0
113,113年決算書第五冊.pdf,373,742,0.0
113,113年決算書第五冊.pdf,374,221,0.0
113,113年決算書第五冊.pdf,375,894,0.0
113,113年決算書第五冊.pdf,376,435,0.0
113,113年決算書第五冊.pdf,377,1228,0.0
113,113年決算書第五冊.pdf,378,191,0.0
113,113年決算書第五冊.pdf,379,352,0.0
113,113年決算書第五冊.pdf,380,173,0.0
113,113年決算書第五冊.pdf,381,268,0.0
113,113年決算書第五冊.pdf,382,96,0.0
113,113年決算書第五冊.pdf,383,588,0.0
113,113年決算書第五冊.pdf,384,350,0.0
113,113年決算書第五冊.pdf,385,102,0.0
113,113年決算書第五冊.pdf,386,237,0.0
113,113年決算書第五冊.pdf,387,1242,0.0
113,113年決算書第五冊.pdf,388,210,0.0
113,113年決算書第五冊.pdf,389,1258,0.0
113,113年決算書第五冊.pdf,390,752,0.0
113,113年決算書第五冊.pdf,391,1393,0.0
113,113年決算書第五冊.pdf,392,450,0.0
113,113年決算書第五冊.pdf,393,805,0.0
113,113年決算書第五冊.pdf,394,0,0.0
113,113年決算書第五冊.pdf,395,0,0.0
113,113年決算書第五冊.pdf,396,93,0.0
113,113年決算書第五冊.pdf,397,0,0.0
113,113年決算書第五冊.pdf,398,706,0.0
113,113年決算書第五冊.pdf,399,0,0.0
113,113年決算書第五冊.pdf,400,770,0.0
113,113年決算書第五冊.pdf,401,795,0.0
113,113年決算書第五冊.pdf,402,275,0.0
113,113年決算書第五冊.pdf,403,933,0.0
113,113年決算書第五冊.pdf,404,422,0.0
113,113年決算書第五冊.pdf,405,1194,0.0
113,113年決算書第五冊.pdf,406,359,0.0
113,113年決算書第五冊.pdf,407,467,0.0
113,113年決算書第五冊.pdf,408,177,0.0
113,113年決算書第五冊.pdf,409,364,0.0
113,113年決算書第五冊.pdf,410,104,0.0
113,113年決算書第五冊.pdf,411,624,0.0
113,113年決算書第五冊.pdf,412,379,0.0
113,113年決算書第五冊.pdf,413,102,0.0
113,113年決算書第五冊.pdf,414,310,0.0
113,113年決算書第五冊.pdf,415,1273,0.0
113,113年決算書第五冊.pdf,416,231,0.0
113,113年決算書第五冊.pdf,417,1290,0.0
113,113年決算書第五冊.pdf,418,749,0.0
113,113年決算書第五冊.pdf,419,1283,0.0
113,113年決算書第五冊.pdf,420,460,0.0
113,113年決算書第五冊.pdf,421,805,0.0
113,113年決算書第五冊.pdf,422,0,0.0
113,113年決算書第五冊.pdf,423,0,0.0
113,113年決算書第五冊.pdf,424,93,0.0
113,113年決算書第五冊.pdf,425,0,0.0
113,113年決算書第五冊.pdf,426,706,0.0
113,113年決算書第五冊.pdf,427,0,0.0
113,113年決算書第五冊.pdf,428,787,0.0
113,113年決算書第五冊.pdf,429,777,0.0
113,113年決算書第五冊.pdf,430,121,0.0
113,113年決算書第五冊.pdf,431,871,0.0
113,113年決算書第五冊.pdf,432,361,0.0
113,113年決算書第五冊.pdf,433,1091,0.0
113,113年決算書第五冊.pdf,434,11,0.0
113,113年決算書第五冊.pdf,435,396,0.0
113,113年決算書第五冊.pdf,436,170,0.0
113,113年決算書第五冊.pdf,437,268,0.0
113,113年決算書第五冊.pdf,438,96,0.0
113,113年決算書第五冊.pdf,439,579,0.0
113,113年決算書第五冊.pdf,440,337,0.0
113,113年決算書第五冊.pdf,441,92,0.0
113,113年決算書第五冊.pdf,442,186,0.0
113,113年決算書第五冊.pdf,443,1049,0.0
113,113年決算書第五冊.pdf,444,187,0.0
113,113年決算書第五冊.pdf,445,1123,0.0
113,113年決算書第五冊.pdf,446,741,0.0
113,113年決算書第五冊.pdf,447,1340,0.0
113,113年決算書第五冊.pdf,448,450,0.0
113,113年決算書第五冊.pdf,449,767,0.0
113,113年決算書第五冊.pdf,450,0,0.0
113,113年決算書第五冊.pdf,451,0,0.0
113,113年決算書第五冊.pdf,452,17,0.0
113,113年決算書第五冊.pdf,453,0,0.0
113,113年決算書第五冊.pdf,454,70,0.0
113,113年決算書第五冊.pdf,455,0,0.0
113,113年決算書第五冊.pdf,456,255,0.0
113,113年決算書第五冊.pdf,457,239,0.0
113,113年決算書第五冊.pdf,458,23,0.0
113,113年決算書第五冊.pdf,459,1107,1.0
113,113年決算書第五冊.pdf,460,557,1.0
113,113年決算書第五冊.pdf,461,1374,1.0
113,113年決算書第五冊.pdf,462,311,1.0
113,113年決算書第五冊.pdf,463,395,1.0
113,113年決算書第五冊.pdf,464,198,1.0
113,113年決算書第五冊.pdf,465,330,1.0
113,113年決算書第五冊.pdf,466,224,1.0
113,113年決算書第五冊.pdf,467,770,1.0
113,113年決算書第五冊.pdf,468,424,1.0
113,113年決算書第五冊.pdf,469,142,1.0
113,113年決算書第五冊.pdf,470,262,1.0
113,113年決算書第五冊.pdf,471,0,0.0
113,113年決算書第五冊.pdf,472,294,1.0
113,113年決算書第五冊.pdf,473,0,0.0
113,113年決算書第五冊.pdf,474,0,0.0
113,113年決算書第五冊.pdf,475,0,0.0
113,113年決算書第五冊.pdf,476,0,0.0
113,113年決算書第五冊.pdf,477,1199,0.0
113,113年決算書第五冊.pdf,478,436,0.0
113,113年決算書第五冊.pdf,479,837,0.0
113,113年決算書第五冊.pdf,480,0,0.0
113,113年決算書第五冊.pdf,481,0,0.0
113,113年決算書第五冊.pdf,482,93,0.0
113,113年決算書第五冊.pdf,483,0,0.0
113,113年決算書第五冊.pdf,484,706,0.0
113,113年決算書第五冊.pdf,485,0,0.0
113,113年決算書第五冊.pdf,486,803,0.0
113,113年決算書第五冊.pdf,487,805,0.0
113,113年決算書第五冊.pdf,488,221,0.0
113,113年決算書第五冊.pdf,489,1015,0.0
113,113年決算書第五冊.pdf,490,455,0.0
113,113年決算書第五冊.pdf,491,1224,0.0
113,113年決算書第五冊.pdf,492,204,0.0
113,113年決算書第五冊.pdf,493,382,0.0
113,113年決算書第五冊.pdf,494,176,0.0
113,113年決算書第五冊.pdf,495,298,0.0
113,113年決算書第五冊.pdf,496,115,0.0
113,113年決算書第五冊.pdf,497,657,0.0
113,113年決算書第五冊.pdf,498,358,0.0
113,113年決算書第五冊.pdf,499,92,0.0
113,113年決算書第五冊.pdf,500,245,0.0
113,113年決算書第五冊.pdf,501,1160,0.0
113,113年決算書第五冊.pdf,502,225,0.0
113,113年決算書第五冊.pdf,503,1299,0.0
113,113年決算書第五冊.pdf,504,755,0.0
113,113年決算書第五冊.pdf,505,1518,0.0
113,113年決算書第五冊.pdf,506,467,0.0
113,113年決算書第五冊.pdf,507,579,0.0
113,113年決算書第五冊.pdf,508,0,0.0
113,113年決算書第五冊.pdf,509,0,0.0
113,113年決算書第五冊.pdf,510,93,0.0
113,113年決算書第五冊.pdf,511,0,0.0
113,113年決算書第五冊.pdf,512,706,0.0
113,113年決算書第五冊.pdf,513,0,0.0
113,113年決算書第五冊.pdf,514,747,0.0
113,113年決算書第五冊.pdf,515,801,0.0
113,113年決算書第五冊.pdf,516,354,0.0
113,113年決算書第五冊.pdf,517,974,0.0
113,113年決算書第五冊.pdf,518,508,0.0
113,113年決算書第五冊.pdf,519,1155,0.0
113,113年決算書第五冊.pdf,520,198,0.0
113,113年決算書第五冊.pdf,521,412,0.0
113,113年決算書第五冊.pdf,522,181,0.0
113,113年決算書第五冊.pdf,523,292,0.0
113,113年決算書第五冊.pdf,524,100,0.0
113,113年決算書第五冊.pdf,525,584,0.0
113,113年決算書第五冊.pdf,526,350,0.0
113,113年決算書第五冊.pdf,527,102,0.0
113,113年決算書第五冊.pdf,528,247,0.0
113,113年決算書第五冊.pdf,529,1170,0.0
113,113年決算書第五冊.pdf,530,189,0.0
113,113年決算書第五冊.pdf,531,1280,0.0
113,113年決算書第五冊.pdf,532,765,0.0
113,113年決算書第五冊.pdf,533,1329,0.0
113,113年決算書第五冊.pdf,534,457,0.0
113,113年決算書第五冊.pdf,535,809,0.0
113,113年決算書第五冊.pdf,536,0,0.0
113,113年決算書第五冊.pdf,537,0,0.0
113,113年決算書第五冊.pdf,538,93,0.0
113,113年決算書第五冊.pdf,539,0,0.0
113,113年決算書第五冊.pdf,540,706,0.0
113,113年決算書第五冊.pdf,541,0,0.0
113,113年決算書第五冊.pdf,542,747,0.0
113,113年決算書第五冊.pdf,543,776,0.0
113,113年決算書第五冊.pdf,544,185,0.0
113,113年決算書第五冊.pdf,545,867,0.0
113,113年決算書第五冊.pdf,546,417,0.0
113,113年決算書第五冊.pdf,547,1195,0.0
113,113年決算書第五冊.pdf,548,141,0.0
113,113年決算書第五冊.pdf,549,442,0.0
113,113年決算書第五冊.pdf,550,188,0.0
113,113年決算書第五冊.pdf,551,268,0.0
113,113年決算書第五冊.pdf,552,110,0.0
113,113年決算書第五冊.pdf,553,591,0.0
113,113年決算書第五冊.pdf,554,331,0.0
113,113年決算書第五冊.pdf,555,92,0.0
113,113年決算書第五冊.pdf,556,239,0.0
113,113年決算書第五冊.pdf,557,1080,0.0
113,113年決算書第五冊.pdf,558,247,0.0
113,113年決算書第五冊.pdf,559,896,0.0
113,113年決算書第五冊.pdf,560,915,0.0
113,113年決算書第五冊.pdf,561,1124,0.0
113,113年決算書第五冊.pdf,562,120,0.0
113,113年決算書第五冊.pdf,563,1298,0.0
113,113年決算書第五冊.pdf,564,427,0.0
113,113年決算書第五冊.pdf,565,818,0.0
113,113年決算書第五冊.pdf,566,0,0.0
113,113年決算書第五冊.pdf,567,0,0.0
113,113年決算書第五冊.pdf,568,93,0.0
113,113年決算書第五冊.pdf,569,0,0.0
113,113年決算書第五冊.pdf,570,706,0.0
113,113年決算書第五冊.pdf,571,0,0.0
113,113年決算書第五冊.pdf,572,784,0.0
113,113年決算書第五冊.pdf,573,815,0.0
113,113年決算書第五冊.pdf,574,221,0.0
113,113年決算書第五冊.pdf,575,928,0.0
113,113年決算書第五冊.pdf,576,434,0.0
113,113年決算書第五冊.pdf,577,1141,0.0
113,113年決算書第五冊.pdf,578,165,0.0
113,113年決算書第五冊.pdf,579,411,0.0
113,113年決算書第五冊.pdf,580,182,0.0
113,113年決算書第五冊.pdf,581,292,0.0
113,113年決算書第五冊.pdf,582,96,0.0
113,113年決算書第五冊.pdf,583,585,0.0
113,113年決算書第五冊.pdf,584,344,0.0
113,113年決算書第五冊.pdf,585,92,0.0
113,113年決算書第五冊.pdf,586,193,0.0
113,113年決算書第五冊.pdf,587,1170,0.0
113,113年決算書第五冊.pdf,588,201,0.0
113,113年決算書第五冊.pdf,589,1284,0.0
113,113年決算書第五冊.pdf,590,726,0.0
113,113年決算書第五冊.pdf,591,1311,0.0
113,113年決算書第五冊.pdf,592,452,0.0
113,113年決算書第五冊.pdf,593,821,0.0
113,113年決算書第五冊.pdf,594,0,0.0
113,113年決算書第五冊.pdf,595,0,0.0
113,113年決算書第五冊.pdf,596,93,0.0
113,113年決算書第五冊.pdf,597,0,0.0
113,113年決算書第五冊.pdf,598,706,0.0
113,113年決算書第五冊.pdf,599,0,0.0
113,113年決算書第五冊.pdf,600,777,0.0
113,113年決算書第五冊.pdf,601,796,0.0
113,113年決算書第五冊.pdf,602,347,0.0
113,113年決算書第五冊.pdf,603,951,0.0
113,113年決算書第五冊.pdf,604,482,0.0
113,113年決算書第五冊.pdf,605,1178,0.0
113,113年決算書第五冊.pdf,606,112,0.0
113,113年決算書第五冊.pdf,607,454,0.0
113,113年決算書第五冊.pdf,608,158,0.0
113,113年決算書第五冊.pdf,609,387,0.0
113,113年決算書第五冊.pdf,610,153,0.0
113,113年決算書第五冊.pdf,611,590,0.0
113,113年決算書第五冊.pdf,612,348,0.0
113,113年決算書第五冊.pdf,613,92,0.0
113,113年決算書第五冊.pdf,614,253,0.0
113,113年決算書第五冊.pdf,615,1058,0.0
113,113年決算書第五冊.pdf,616,231,0.0
113,113年決算書第五冊.pdf,617,1237,0.0
113,113年決算書第五冊.pdf,618,732,0.0
113,113年決算書第五冊.pdf,619,1393,0.0
113,113年決算書第五冊.pdf,620,454,0.0
113,113年決算書第五冊.pdf,621,757,0.0
113,113年決算書第五冊.pdf,622,0,0.0
113,113年決算書第五冊.pdf,623,0,0.0
113,113年決算書第五冊.pdf,624,93,0.0
113,113年決算書第五冊.pdf,625,0,0.0
113,113年決算書第五冊.pdf,626,706,0.0
113,113年決算書第五冊.pdf,627,0,0.0
113,113年決算書第五冊.pdf,628,763,0.0
113,113年決算書第五冊.pdf,629,719,0.0
113,113年決算書第五冊.pdf,630,71,0.0
113,113年決算書第五冊.pdf,631,902,0.0
113,113年決算書第五冊.pdf,632,503,0.0
113,113年決算書第五冊.pdf,633,1175,0.0
113,113年決算書第五冊.pdf,634,207,0.0
113,113年決算書第五冊.pdf,635,316,0.0
113,113年決算書第五冊.pdf,636,253,0.0
113,113年決算書第五冊.pdf,637,286,0.0
113,113年決算書第五冊.pdf,638,98,0.0
113,113年決算書第五冊.pdf,639,398,0.0
113,113年決算書第五冊.pdf,640,512,0.0
113,113年決算書第五冊.pdf,641,92,0.0
113,113年決算書第五冊.pdf,642,256,0.0
113,113年決算書第五冊.pdf,643,1142,0.0
113,113年決算書第五冊.pdf,644,214,0.0
113,113年決算書第五冊.pdf,645,1082,0.0
113,113年決算書第五冊.pdf,646,463,0.0
113,113年決算書第五冊.pdf,647,1527,0.0
113,113年決算書第五冊.pdf,648,378,0.0
113,113年決算書第五冊.pdf,649,742,0.0
113,113年決算書第五冊.pdf,650,0,0.0
113,113年決算書第五冊.pdf,651,0,0.0
113,113年決算書第五冊.pdf,652,91,0.0
113,113年決算書第五冊.pdf,653,0,0.0
113,113年決算書第五冊.pdf,654,705,0.0
113,113年決算書第五冊.pdf,655,0,0.0
113,113年決算書第五冊.pdf,656,764,0.0
113,113年決算書第五冊.pdf,657,777,0.0
113,113年決算書第五冊.pdf,658,372,0.0
113,113年決算書第五冊.pdf,659,911,0.0
113,113年決算書第五冊.pdf,660,491,0.0
113,113年決算書第五冊.pdf,661,1110,0.0
113,113年決算書第五冊.pdf,662,11,0.0
113,113年決算書第五冊.pdf,663,436,0.0
113,113年決算書第五冊.pdf,664,160,0.0
113,113年決算書第五冊.pdf,665,348,0.0
113,113年決算書第五冊.pdf,666,96,0.0
113,113年決算書第五冊.pdf,667,569,0.0
113,113年決算書第五冊.pdf,668,331,0.0
113,113年決算書第五冊.pdf,669,92,0.0
113,113年決算書第五冊.pdf,670,280,0.0
113,113年決算書第五冊.pdf,671,963,0.0
113,113年決算書第五冊.pdf,672,183,0.0
113,113年決算書第五冊.pdf,673,905,0.0
113,113年決算書第五冊.pdf,674,917,0.0
113,113年決算書第五冊.pdf,675,1129,0.0
113,113年決算書第五冊.pdf,676,122,0.0
113,113年決算書第五冊.pdf,677,1335,0.0
113,113年決算書第五冊.pdf,678,447,0.0
113,113年決算書第五冊.pdf,679,717,0.0
113,113年決算書第五冊.pdf,680,0,0.0
113,113年決算書第五冊.pdf,681,0,0.0
113,113年決算書第五冊.pdf,682,93,0.0
113,113年決算書第五冊.pdf,683,0,0.0
113,113年決算書第五冊.pdf,684,706,0.0
113,113年決算書第五冊.pdf,685,0,0.0
113,113年決算書第五冊.pdf,686,736,0.0
113,113年決算書第五冊.pdf,687,779,0.0
113,113年決算書第五冊.pdf,688,153,0.0
113,113年決算書第五冊.pdf,689,794,0.0
113,113年決算書第五冊.pdf,690,299,0.0
113,113年決算書第五冊.pdf,691,1096,0.0
113,113年決算書第五冊.pdf,692,11,0.0
113,113年決算書第五冊.pdf,693,370,0.0
113,113年決算書第五冊.pdf,694,166,0.0
113,113年決算書第五冊.pdf,695,286,0.0
113,113年決算書第五冊.pdf,696,90,0.0
113,113年決算書第五冊.pdf,697,514,0.0
113,113年決算書第五冊.pdf,698,322,0.0
113,113年決算書第五冊.pdf,699,104,0.0
113,113年決算書第五冊.pdf,700,188,0.0
113,113年決算書第五冊.pdf,701,1039,0.0
113,113年決算書第五冊.pdf,702,140,0.0
113,113年決算書第五冊.pdf,703,1190,0.0
113,113年決算書第五冊.pdf,704,737,0.0
113,113年決算書第五冊.pdf,705,1003,0.0
113,113年決算書第五冊.pdf,706,457,0.0
113,113年決算書第五冊.pdf,707,747,0.0
113,113年決算書第五冊.pdf,708,0,0.0
113,113年決算書第五冊.pdf,709,0,0.0
114,114年決算書第一冊.pdf,0,1276,0.0
114,114年決算書第一冊.pdf,1,1189,0.0
114,114年決算書第一冊.pdf,2,79,0.0
114,114年決算書第一冊.pdf,3,0,0.0
114,114年決算書第一冊.pdf,4,792,0.0
114,114年決算書第一冊.pdf,5,0,0.0
114,114年決算書第一冊.pdf,6,5,0.0
114,114年決算書第一冊.pdf,7,0,0.0
114,114年決算書第一冊.pdf,8,882,0.0
114,114年決算書第一冊.pdf,9,812,0.0
114,114年決算書第一冊.pdf,10,872,0.0
114,114年決算書第一冊.pdf,11,645,0.0
114,114年決算書第一冊.pdf,12,540,0.0
114,114年決算書第一冊.pdf,13,533,0.0
114,114年決算書第一冊.pdf,14,646,0.0
114,114年決算書第一冊.pdf,15,638,0.0
114,114年決算書第一冊.pdf,16,766,0.0
114,114年決算書第一冊.pdf,17,617,0.0
114,114年決算書第一冊.pdf,18,664,0.0
114,114年決算書第一冊.pdf,19,690,0.0
114,114年決算書第一冊.pdf,20,582,0.0
114,114年決算書第一冊.pdf,21,583,0.0
114,114年決算書第一冊.pdf,22,534,0.0
114,114年決算書第一冊.pdf,23,585,0.0
114,114年決算書第一冊.pdf,24,605,0.0
114,114年決算書第一冊.pdf,25,554,0.0
114,114年決算書第一冊.pdf,26,592,0.0
114,114年決算書第一冊.pdf,27,556,0.0
114,114年決算書第一冊.pdf,28,601,0.0
114,114年決算書第一冊.pdf,29,590,0.0
114,114年決算書第一冊.pdf,30,778,0.0
114,114年決算書第一冊.pdf,31,744,0.0
114,114年決算書第一冊.pdf,32,618,0.0
114,114年決算書第一冊.pdf,33,550,0.0
114,114年決算書第一冊.pdf,34,720,0.0
114,114年決算書第一冊.pdf,35,726,0.0
114,114年決算書第一冊.pdf,36,776,0.0
114,114年決算書第一冊.pdf,37,647,0.0
114,114年決算書第一冊.pdf,38,706,0.0
114,114年決算書第一冊.pdf,39,593,0.0
114,114年決算書第一冊.pdf,40,796,0.0
114,114年決算書第一冊.pdf,41,807,0.0
114,114年決算書第一冊.pdf,42,411,0.0
114,114年決算書第一冊.pdf,43,695,0.0
114,114年決算書第一冊.pdf,44,692,0.0
114,114年決算書第一冊.pdf,45,678,0.0
114,114年決算書第一冊.pdf,46,950,0.0
114,114年決算書第一冊.pdf,47,688,0.0
114,114年決算書第一冊.pdf,48,793,0.0
114,114年決算書第一冊.pdf,49,966,0.0
114,114年決算書第一冊.pdf,50,906,0.0
114,114年決算書第一冊.pdf,51,1059,0.0
114,114年決算書第一冊.pdf,52,1055,0.0
114,114年決算書第一冊.pdf,53,1078,0.0
114,114年決算書第一冊.pdf,54,1061,0.0
114,114年決算書第一冊.pdf,55,1118,0.0
114,114年決算書第一冊.pdf,56,892,0.0
114,114年決算書第一冊.pdf,57,864,0.0
114,114年決算書第一冊.pdf,58,1106,0.0
114,114年決算書第一冊.pdf,59,993,0.0
114,114年決算書第一冊.pdf,60,957,0.0
114,114年決算書第一冊.pdf,61,889,0.0
114,114年決算書第一冊.pdf,62,1018,0.0
114,114年決算書第一冊.pdf,63,1003,0.0
114,114年決算書第一冊.pdf,64,949,0.0
114,114年決算書第一冊.pdf,65,1033,0.0
114,114年決算書第一冊.pdf,66,1158,0.0
114,114年決算書第一冊.pdf,67,1055,0.0
114,114年決算書第一冊.pdf,68,1023,0.0
114,114年決算書第一冊.pdf,69,962,0.0
114,114年決算書第一冊.pdf,70,919,0.0
114,114年決算書第一冊.pdf,71,1008,0.0
114,114年決算書第一冊.pdf,72,993,0.0
114,114年決算書第一冊.pdf,73,1081,0.0
114,114年決算書第一冊.pdf,74,898,0.0
114,114年決算書第一冊.pdf,75,282,0.0
114,114年決算書第一冊.pdf,76,6,0.0
114,114年決算書第一冊.pdf,77,0,0.0
114,114年決算書第一冊.pdf,78,5,0.0
114,114年決算書第一冊.pdf,79,0,0.0
114,114年決算書第一冊.pdf,80,2568,0.0
114,114年決算書第一冊.pdf,81,8,0.0
114,114年決算書第一冊.pdf,82,5,0.0
114,114年決算書第一冊.pdf,83,0,0.0
114,114年決算書第一冊.pdf,84,1209,0.0
114,114年決算書第一冊.pdf,85,202,0.0
114,114年決算書第一冊.pdf,86,1315,0.0
114,114年決算書第一冊.pdf,87,1482,0.0
114,114年決算書第一冊.pdf,88,1248,0.0
114,114年決算書第一冊.pdf,89,1333,0.0
114,114年決算書第一冊.pdf,90,1057,0.0
114,114年決算書第一冊.pdf,91,1232,0.0
114,114年決算書第一冊.pdf,92,1190,0.0
114,114年決算書第一冊.pdf,93,1015,0.0
114,114年決算書第一冊.pdf,94,1297,0.0
114,114年決算書第一冊.pdf,95,736,0.0
114,114年決算書第一冊.pdf,96,8,0.0
114,114年決算書第一冊.pdf,97,2003,0.0
114,114年決算書第一冊.pdf,98,1048,0.0
114,114年決算書第一冊.pdf,99,1212,0.0
114,114年決算書第一冊.pdf,100,2623,0.0
114,114年決算書第一冊.pdf,101,2489,0.0
114,114年決算書第一冊.pdf,102,2542,0.0
114,114年決算書第一冊.pdf,103,2528,0.0
114,114年決算書第一冊.pdf,104,2519,0.0
114,114年決算書第一冊.pdf,105,2462,0.0
114,114年決算書第一冊.pdf,106,2543,0.0
114,114年決算書第一冊.pdf,107,2550,0.0
114,114年決算書第一冊.pdf,108,1272,0.0
114,114年決算書第一冊.pdf,109,357,0.0
114,114年決算書第一冊.pdf,110,8,0.0
114,114年決算書第一冊.pdf,111,2379,0.0
114,114年決算書第一冊.pdf,112,2181,0.0
114,114年決算書第一冊.pdf,113,445,0.0
114,114年決算書第一冊.pdf,114,612,0.0
114,114年決算書第一冊.pdf,115,286,0.0
114,114年決算書第一冊.pdf,116,344,0.0
114,114年決算書第一冊.pdf,117,1881,0.0
114,114年決算書第一冊.pdf,118,148,0.0
114,114年決算書第一冊.pdf,119,1082,0.0
114,114年決算書第一冊.pdf,120,579,0.0
114,114年決算書第一冊.pdf,121,9,0.0
114,114年決算書第一冊.pdf,122,6,0.0
114,114年決算書第一冊.pdf,123,0,0.0
114,114年決算書第一冊.pdf,124,9,0.0
114,114年決算書第一冊.pdf,125,1943,0.0
114,114年決算書第一冊.pdf,126,1408,0.0
114,114年決算書第一冊.pdf,127,2051,0.0
114,114年決算書第一冊.pdf,128,548,0.0
114,114年決算書第一冊.pdf,129,2151,0.0
114,114年決算書第一冊.pdf,130,353,0.0
114,114年決算書第一冊.pdf,131,643,0.0
114,114年決算書第一冊.pdf,132,5,0.0
114,114年決算書第一冊.pdf,133,0,0.0
114,114年決算書第一冊.pdf,134,1526,0.0
114,114年決算書第一冊.pdf,135,0,0.0
114,114年決算書第一冊.pdf,136,0,0.0
114,114年決算書第一冊.pdf,137,0,0.0
114,114年決算書第一冊.pdf,138,91,0.0
114,114年決算書第一冊.pdf,139,0,0.0
114,114年決算書第一冊.pdf,140,706,0.0
114,114年決算書第一冊.pdf,141,0,0.0
114,114年決算書第一冊.pdf,142,870,0.0
114,114年決算書第一冊.pdf,143,816,0.0
114,114年決算書第一冊.pdf,144,772,0.0
114,114年決算書第一冊.pdf,145,760,0.0
114,114年決算書第一冊.pdf,146,646,0.0
114,114年決算書第一冊.pdf,147,550,0.0
114,114年決算書第一冊.pdf,148,758,0.0
114,114年決算書第一冊.pdf,149,824,0.0
114,114年決算書第一冊.pdf,150,735,0.0
114,114年決算書第一冊.pdf,151,674,0.0
114,114年決算書第一冊.pdf,152,722,0.0
114,114年決算書第一冊.pdf,153,696,0.0
114,114年決算書第一冊.pdf,154,706,0.0
114,114年決算書第一冊.pdf,155,636,0.0
114,114年決算書第一冊.pdf,156,620,0.0
114,114年決算書第一冊.pdf,157,682,0.0
114,114年決算書第一冊.pdf,158,631,0.0
114,114年決算書第一冊.pdf,159,620,0.0
114,114年決算書第一冊.pdf,160,642,0.0
114,114年決算書第一冊.pdf,161,690,0.0
114,114年決算書第一冊.pdf,162,724,0.0
114,114年決算書第一冊.pdf,163,610,0.0
114,114年決算書第一冊.pdf,164,824,0.0
114,114年決算書第一冊.pdf,165,708,0.0
114,114年決算書第一冊.pdf,166,740,0.0
114,114年決算書第一冊.pdf,167,875,0.0
114,114年決算書第一冊.pdf,168,839,0.0
114,114年決算書第一冊.pdf,169,685,0.0
114,114年決算書第一冊.pdf,170,821,0.0
114,114年決算書第一冊.pdf,171,730,0.0
114,114年決算書第一冊.pdf,172,800,0.0
114,114年決算書第一冊.pdf,173,736,0.0
114,114年決算書第一冊.pdf,174,631,0.0
114,114年決算書第一冊.pdf,175,878,0.0
114,114年決算書第一冊.pdf,176,863,0.0
114,114年決算書第一冊.pdf,177,750,0.0
114,114年決算書第一冊.pdf,178,742,0.0
114,114年決算書第一冊.pdf,179,847,0.0
114,114年決算書第一冊.pdf,180,802,0.0
114,114年決算書第一冊.pdf,181,888,0.0
114,114年決算書第一冊.pdf,182,860,0.0
114,114年決算書第一冊.pdf,183,796,0.0
114,114年決算書第一冊.pdf,184,821,0.0
114,114年決算書第一冊.pdf,185,902,0.0
114,114年決算書第一冊.pdf,186,811,0.0
114,114年決算書第一冊.pdf,187,798,0.0
114,114年決算書第一冊.pdf,188,130,0.0
114,114年決算書第一冊.pdf,189,0,0.0
114,114年決算書第一冊.pdf,190,0,0.0
114,114年決算書第一冊.pdf,191,0,0.0
114,114年決算書第一冊.pdf,192,0,0.0
114,114年決算書第一冊.pdf,193,0,0.0
114,114年決算書第一冊.pdf,194,0,0.0
114,114年決算書第一冊.pdf,195,0,0.0
114,114年決算書第一冊.pdf,196,0,0.0
114,114年決算書第一冊.pdf,197,0,0.0
114,114年決算書第一冊.pdf,198,12,0.0
114,114年決算書第一冊.pdf,199,934,0.0
114,114年決算書第一冊.pdf,200,761,0.0
114,114年決算書第一冊.pdf,201,901,0.0
114,114年決算書第一冊.pdf,202,0,0.0
114,114年決算書第一冊.pdf,203,0,0.0
114,114年決算書第一冊.pdf,204,0,0.0
114,114年決算書第一冊.pdf,205,388,0.0
114,114年決算書第一冊.pdf,206,0,0.0
114,114年決算書第一冊.pdf,207,0,0.0
114,114年決算書第一冊.pdf,208,0,0.0
114,114年決算書第一冊.pdf,209,0,0.0
114,114年決算書第一冊.pdf,210,12,0.0
114,114年決算書第一冊.pdf,211,0,0.0
114,114年決算書第一冊.pdf,212,0,0.0
114,114年決算書第一冊.pdf,213,0,0.0
114,114年決算書第一冊.pdf,214,0,0.0
114,114年決算書第一冊.pdf,215,0,0.0
114,114年決算書第一冊.pdf,216,699,0.0
114,114年決算書第一冊.pdf,217,0,0.0
114,114年決算書第一冊.pdf,218,0,0.0
114,114年決算書第一冊.pdf,219,0,0.0
114,114年決算書第一冊.pdf,220,95,0.0
114,114年決算書第一冊.pdf,221,0,0.0
114,114年決算書第一冊.pdf,222,709,0.0
114,114年決算書第一冊.pdf,223,0,0.0
114,114年決算書第一冊.pdf,224,782,0.0
114,114年決算書第一冊.pdf,225,780,0.0
114,114年決算書第一冊.pdf,226,866,0.0
114,114年決算書第一冊.pdf,227,53,0.0
114,114年決算書第一冊.pdf,228,1358,0.0
114,114年決算書第一冊.pdf,229,688,0.0
114,114年決算書第一冊.pdf,230,1319,0.0
114,114年決算書第一冊.pdf,231,340,0.0
114,114年決算書第一冊.pdf,232,11,0.0
114,114年決算書第一冊.pdf,233,657,0.0
114,114年決算書第一冊.pdf,234,521,0.0
114,114年決算書第一冊.pdf,235,557,0.0
114,114年決算書第一冊.pdf,236,140,0.0
114,114年決算書第一冊.pdf,237,772,0.0
114,114年決算書第一冊.pdf,238,469,0.0
114,114年決算書第一冊.pdf,239,93,0.0
114,114年決算書第一冊.pdf,240,336,0.0
114,114年決算書第一冊.pdf,241,1242,0.0
114,114年決算書第一冊.pdf,242,296,0.0
114,114年決算書第一冊.pdf,243,1674,0.0
114,114年決算書第一冊.pdf,244,897,0.0
114,114年決算書第一冊.pdf,245,472,0.0
114,114年決算書第一冊.pdf,246,122,0.0
114,114年決算書第一冊.pdf,247,1676,0.0
114,114年決算書第一冊.pdf,248,479,0.0
114,114年決算書第一冊.pdf,249,1027,0.0
114,114年決算書第一冊.pdf,250,0,0.0
114,114年決算書第一冊.pdf,251,31,0.0
114,114年決算書第一冊.pdf,252,95,0.0
114,114年決算書第一冊.pdf,253,0,0.0
114,114年決算書第一冊.pdf,254,707,0.0
114,114年決算書第一冊.pdf,255,0,0.0
114,114年決算書第一冊.pdf,256,820,0.0
114,114年決算書第一冊.pdf,257,772,0.0
114,114年決算書第一冊.pdf,258,828,0.0
114,114年決算書第一冊.pdf,259,1390,0.0
114,114年決算書第一冊.pdf,260,756,0.0
114,114年決算書第一冊.pdf,261,1292,0.0
114,114年決算書第一冊.pdf,262,11,0.0
114,114年決算書第一冊.pdf,263,735,0.0
114,114年決算書第一冊.pdf,264,265,0.0
114,114年決算書第一冊.pdf,265,496,0.0
114,114年決算書第一冊.pdf,266,226,0.0
114,114年決算書第一冊.pdf,267,761,0.0
114,114年決算書第一冊.pdf,268,471,0.0
114,114年決算書第一冊.pdf,269,93,0.0
114,114年決算書第一冊.pdf,270,215,0.0
114,114年決算書第一冊.pdf,271,1139,0.0
114,114年決算書第一冊.pdf,272,267,0.0
114,114年決算書第一冊.pdf,273,1638,0.0
114,114年決算書第一冊.pdf,274,884,0.0
114,114年決算書第一冊.pdf,275,287,0.0
114,114年決算書第一冊.pdf,276,119,0.0
114,114年決算書第一冊.pdf,277,1738,0.0
114,114年決算書第一冊.pdf,278,479,0.0
114,114年決算書第一冊.pdf,279,998,0.0
114,114年決算書第一冊.pdf,280,0,0.0
114,114年決算書第一冊.pdf,281,0,0.0
114,114年決算書第一冊.pdf,282,95,0.0
114,114年決算書第一冊.pdf,283,0,0.0
114,114年決算書第一冊.pdf,284,709,0.0
114,114年決算書第一冊.pdf,285,0,0.0
114,114年決算書第一冊.pdf,286,837,0.0
114,114年決算書第一冊.pdf,287,792,0.0
114,114年決算書第一冊.pdf,288,876,0.0
114,114年決算書第一冊.pdf,289,87,0.0
114,114年決算書第一冊.pdf,290,1441,0.0
114,114年決算書第一冊.pdf,291,754,0.0
114,114年決算書第一冊.pdf,292,1313,0.0
114,114年決算書第一冊.pdf,293,379,0.0
114,114年決算書第一冊.pdf,294,11,0.0
114,114年決算書第一冊.pdf,295,586,0.0
114,114年決算書第一冊.pdf,296,471,0.0
114,114年決算書第一冊.pdf,297,531,0.0
114,114年決算書第一冊.pdf,298,147,0.0
114,114年決算書第一冊.pdf,299,801,0.0
114,114年決算書第一冊.pdf,300,469,0.0
114,114年決算書第一冊.pdf,301,105,0.0
114,114年決算書第一冊.pdf,302,304,0.0
114,114年決算書第一冊.pdf,303,1451,1.0
114,114年決算書第一冊.pdf,304,376,0.0
114,114年決算書第一冊.pdf,305,1639,0.0
114,114年決算書第一冊.pdf,306,937,0.0
114,114年決算書第一冊.pdf,307,443,0.0
114,114年決算書第一冊.pdf,308,141,0.0
114,114年決算書第一冊.pdf,309,1697,0.0
114,114年決算書第一冊.pdf,310,477,0.0
114,114年決算書第一冊.pdf,311,1051,0.0
114,114年決算書第一冊.pdf,312,0,0.0
114,114年決算書第一冊.pdf,313,0,0.0
114,114年決算書第一冊.pdf,314,95,0.0
114,114年決算書第一冊.pdf,315,0,0.0
114,114年決算書第一冊.pdf,316,707,0.0
114,114年決算書第一冊.pdf,317,0,0.0
114,114年決算書第一冊.pdf,318,772,0.0
114,114年決算書第一冊.pdf,319,827,0.0
114,114年決算書第一冊.pdf,320,753,0.0
114,114年決算書第一冊.pdf,321,1391,0.0
114,114年決算書第一冊.pdf,322,700,0.0
114,114年決算書第一冊.pdf,323,1333,0.0
114,114年決算書第一冊.pdf,324,180,0.0
114,114年決算書第一冊.pdf,325,767,0.0
114,114年決算書第一冊.pdf,326,289,0.0
114,114年決算書第一冊.pdf,327,488,0.0
114,114年決算書第一冊.pdf,328,118,0.0
114,114年決算書第一冊.pdf,329,732,0.0
114,114年決算書第一冊.pdf,330,531,0.0
114,114年決算書第一冊.pdf,331,93,0.0
114,114年決算書第一冊.pdf,332,216,0.0
114,114年決算書第一冊.pdf,333,1259,0.0
114,114年決算書第一冊.pdf,334,374,0.0
114,114年決算書第一冊.pdf,335,1653,0.0
114,114年決算書第一冊.pdf,336,872,0.0
114,114年決算書第一冊.pdf,337,471,0.0
114,114年決算書第一冊.pdf,338,118,0.0
114,114年決算書第一冊.pdf,339,1703,0.0
114,114年決算書第一冊.pdf,340,474,0.0
114,114年決算書第一冊.pdf,341,978,0.0
114,114年決算書第一冊.pdf,342,0,0.0
114,114年決算書第一冊.pdf,343,0,0.0
114,114年決算書第一冊.pdf,344,95,0.0
114,114年決算書第一冊.pdf,345,0,0.0
114,114年決算書第一冊.pdf,346,709,0.0
114,114年決算書第一冊.pdf,347,0,0.0
114,114年決算書第一冊.pdf,348,731,0.0
114,114年決算書第一冊.pdf,349,770,0.0
114,114年決算書第一冊.pdf,350,833,0.0
114,114年決算書第一冊.pdf,351,127,0.0
114,114年決算書第一冊.pdf,352,1390,0.0
114,114年決算書第一冊.pdf,353,833,0.0
114,114年決算書第一冊.pdf,354,1301,0.0
114,114年決算書第一冊.pdf,355,416,0.0
114,114年決算書第一冊.pdf,356,11,0.0
114,114年決算書第一冊.pdf,357,531,0.0
114,114年決算書第一冊.pdf,358,433,0.0
114,114年決算書第一冊.pdf,359,446,0.0
114,114年決算書第一冊.pdf,360,132,0.0
114,114年決算書第一冊.pdf,361,596,0.0
114,114年決算書第一冊.pdf,362,728,0.0
114,114年決算書第一冊.pdf,363,104,0.0
114,114年決算書第一冊.pdf,364,275,0.0
114,114年決算書第一冊.pdf,365,1346,0.0
114,114年決算書第一冊.pdf,366,363,0.0
114,114年決算書第一冊.pdf,367,1641,0.0
114,114年決算書第一冊.pdf,368,1007,0.0
114,114年決算書第一冊.pdf,369,516,0.0
114,114年決算書第一冊.pdf,370,146,0.0
114,114年決算書第一冊.pdf,371,1677,0.0
114,114年決算書第一冊.pdf,372,478,0.0
114,114年決算書第一冊.pdf,373,996,0.0
114,114年決算書第一冊.pdf,374,0,0.0
114,114年決算書第一冊.pdf,375,0,0.0
114,114年決算書第一冊.pdf,376,95,0.0
114,114年決算書第一冊.pdf,377,0,0.0
114,114年決算書第一冊.pdf,378,709,0.0
114,114年決算書第一冊.pdf,379,0,0.0
114,114年決算書第一冊.pdf,380,829,0.0
114,114年決算書第一冊.pdf,381,824,0.0
114,114年決算書第一冊.pdf,382,854,0.0
114,114年決算書第一冊.pdf,383,87,0.0
114,114年決算書第一冊.pdf,384,1400,0.0
114,114年決算書第一冊.pdf,385,720,0.0
114,114年決算書第一冊.pdf,386,1323,0.0
114,114年決算書第一冊.pdf,387,417,0.0
114,114年決算書第一冊.pdf,388,11,0.0
114,114年決算書第一冊.pdf,389,525,0.0
114,114年決算書第一冊.pdf,390,515,0.0
114,114年決算書第一冊.pdf,391,511,0.0
114,114年決算書第一冊.pdf,392,202,0.0
114,114年決算書第一冊.pdf,393,800,0.0
114,114年決算書第一冊.pdf,394,468,0.0
114,114年決算書第一冊.pdf,395,93,0.0
114,114年決算書第一冊.pdf,396,315,0.0
114,114年決算書第一冊.pdf,397,1319,0.0
114,114年決算書第一冊.pdf,398,377,0.0
114,114年決算書第一冊.pdf,399,1652,0.0
114,114年決算書第一冊.pdf,400,886,0.0
114,114年決算書第一冊.pdf,401,341,0.0
114,114年決算書第一冊.pdf,402,120,0.0
114,114年決算書第一冊.pdf,403,1654,0.0
114,114年決算書第一冊.pdf,404,484,0.0
114,114年決算書第一冊.pdf,405,1038,0.0
114,114年決算書第一冊.pdf,406,0,0.0
114,114年決算書第一冊.pdf,407,0,0.0
114,114年決算書第一冊.pdf,408,95,0.0
114,114年決算書第一冊.pdf,409,0,0.0
114,114年決算書第一冊.pdf,410,709,0.0
114,114年決算書第一冊.pdf,411,0,0.0
114,114年決算書第一冊.pdf,412,728,0.0
114,114年決算書第一冊.pdf,413,799,0.0
114,114年決算書第一冊.pdf,414,778,0.0
114,114年決算書第一冊.pdf,415,207,0.0
114,114年決算書第一冊.pdf,416,1452,0.0
114,114年決算書第一冊.pdf,417,757,0.0
114,114年決算書第一冊.pdf,418,1306,0.0
114,114年決算書第一冊.pdf,419,476,0.0
114,114年決算書第一冊.pdf,420,11,0.0
114,114年決算書第一冊.pdf,421,870,0.0
114,114年決算書第一冊.pdf,422,287,0.0
114,114年決算書第一冊.pdf,423,581,0.0
114,114年決算書第一冊.pdf,424,153,0.0
114,114年決算書第一冊.pdf,425,838,0.0
114,114年決算書第一冊.pdf,426,468,0.0
114,114年決算書第一冊.pdf,427,93,0.0
114,114年決算書第一冊.pdf,428,314,0.0
114,114年決算書第一冊.pdf,429,1369,0.0
114,114年決算書第一冊.pdf,430,270,0.0
114,114年決算書第一冊.pdf,431,1713,0.0
114,114年決算書第一冊.pdf,432,894,0.0
114,114年決算書第一冊.pdf,433,443,0.0
114,114年決算書第一冊.pdf,434,134,0.0
114,114年決算書第一冊.pdf,435,1679,0.0
114,114年決算書第一冊.pdf,436,478,0.0
114,114年決算書第一冊.pdf,437,1018,0.0
114,114年決算書第一冊.pdf,438,0,0.0
114,114年決算書第一冊.pdf,439,0,0.0
114,114年決算書第一冊.pdf,440,95,0.0
114,114年決算書第一冊.pdf,441,0,0.0
114,114年決算書第一冊.pdf,442,707,0.0
114,114年決算書第一冊.pdf,443,0,0.0
114,114年決算書第一冊.pdf,444,819,0.0
114,114年決算書第一冊.pdf,445,792,0.0
114,114年決算書第一冊.pdf,446,814,0.0
114,114年決算書第一冊.pdf,447,1382,0.0
114,114年決算書第一冊.pdf,448,692,0.0
114,114年決算書第一冊.pdf,449,1306,0.0
114,114年決算書第一冊.pdf,450,431,0.0
114,114年決算書第一冊.pdf,451,626,0.0
114,114年決算書第一冊.pdf,452,528,0.0
114,114年決算書第一冊.pdf,453,572,0.0
114,114年決算書第一冊.pdf,454,155,0.0
114,114年決算書第一冊.pdf,455,724,0.0
114,114年決算書第一冊.pdf,456,583,0.0
114,114年決算書第一冊.pdf,457,113,0.0
114,114年決算書第一冊.pdf,458,218,0.0
114,114年決算書第一冊.pdf,459,1394,0.0
114,114年決算書第一冊.pdf,460,304,0.0
114,114年決算書第一冊.pdf,461,1638,0.0
114,114年決算書第一冊.pdf,462,924,0.0
114,114年決算書第一冊.pdf,463,447,0.0
114,114年決算書第一冊.pdf,464,137,0.0
114,114年決算書第一冊.pdf,465,1713,0.0
114,114年決算書第一冊.pdf,466,485,0.0
114,114年決算書第一冊.pdf,467,1058,0.0
114,114年決算書第一冊.pdf,468,0,0.0
114,114年決算書第一冊.pdf,469,0,0.0
114,114年決算書第一冊.pdf,470,95,0.0
114,114年決算書第一冊.pdf,471,0,0.0
114,114年決算書第一冊.pdf,472,709,0.0
114,114年決算書第一冊.pdf,473,0,0.0
114,114年決算書第一冊.pdf,474,752,0.0
114,114年決算書第一冊.pdf,475,834,0.0
114,114年決算書第一冊.pdf,476,856,0.0
114,114年決算書第一冊.pdf,477,87,0.0
114,114年決算書第一冊.pdf,478,1363,0.0
114,114年決算書第一冊.pdf,479,833,0.0
114,114年決算書第一冊.pdf,480,1311,0.0
114,114年決算書第一冊.pdf,481,365,0.0
114,114年決算書第一冊.pdf,482,11,0.0
114,114年決算書第一冊.pdf,483,542,0.0
114,114年決算書第一冊.pdf,484,485,0.0
114,114年決算書第一冊.pdf,485,507,0.0
114,114年決算書第一冊.pdf,486,197,0.0
114,114年決算書第一冊.pdf,487,859,0.0
114,114年決算書第一冊.pdf,488,474,0.0
114,114年決算書第一冊.pdf,489,93,0.0
114,114年決算書第一冊.pdf,490,304,0.0
114,114年決算書第一冊.pdf,491,1240,0.0
114,114年決算書第一冊.pdf,492,287,0.0
114,114年決算書第一冊.pdf,493,1708,0.0
114,114年決算書第一冊.pdf,494,863,0.0
114,114年決算書第一冊.pdf,495,358,0.0
114,114年決算書第一冊.pdf,496,137,0.0
114,114年決算書第一冊.pdf,497,1694,0.0
114,114年決算書第一冊.pdf,498,484,0.0
114,114年決算書第一冊.pdf,499,951,0.0
114,114年決算書第一冊.pdf,500,0,0.0
114,114年決算書第一冊.pdf,501,0,0.0
114,114年決算書第一冊.pdf,502,95,0.0
114,114年決算書第一冊.pdf,503,0,0.0
114,114年決算書第一冊.pdf,504,709,0.0
114,114年決算書第一冊.pdf,505,0,0.0
114,114年決算書第一冊.pdf,506,794,0.0
114,114年決算書第一冊.pdf,507,809,0.0
114,114年決算書第一冊.pdf,508,787,0.0
114,114年決算書第一冊.pdf,509,186,0.0
114,114年決算書第一冊.pdf,510,1431,0.0
114,114年決算書第一冊.pdf,511,797,0.0
114,114年決算書第一冊.pdf,512,1330,0.0
114,114年決算書第一冊.pdf,513,366,0.0
114,114年決算書第一冊.pdf,514,11,0.0
114,114年決算書第一冊.pdf,515,806,0.0
114,114年決算書第一冊.pdf,516,295,0.0
114,114年決算書第一冊.pdf,517,512,0.0
114,114年決算書第一冊.pdf,518,177,0.0
114,114年決算書第一冊.pdf,519,751,0.0
114,114年決算書第一冊.pdf,520,468,0.0
114,114年決算書第一冊.pdf,521,93,0.0
114,114年決算書第一冊.pdf,522,265,0.0
114,114年決算書第一冊.pdf,523,1406,0.0
114,114年決算書第一冊.pdf,524,259,0.0
114,114年決算書第一冊.pdf,525,1630,0.0
114,114年決算書第一冊.pdf,526,860,0.0
114,114年決算書第一冊.pdf,527,558,0.0
114,114年決算書第一冊.pdf,528,118,0.0
114,114年決算書第一冊.pdf,529,1694,0.0
114,114年決算書第一冊.pdf,530,474,0.0
114,114年決算書第一冊.pdf,531,1039,0.0
114,114年決算書第一冊.pdf,532,0,0.0
114,114年決算書第一冊.pdf,533,0,0.0
114,114年決算書第一冊.pdf,534,95,0.0
114,114年決算書第一冊.pdf,535,0,0.0
114,114年決算書第一冊.pdf,536,702,0.0
114,114年決算書第一冊.pdf,537,0,0.0
114,114年決算書第一冊.pdf,538,811,0.0
114,114年決算書第一冊.pdf,539,822,0.0
114,114年決算書第一冊.pdf,540,843,0.0
114,114年決算書第一冊.pdf,541,1392,0.0
114,114年決算書第一冊.pdf,542,770,0.0
114,114年決算書第一冊.pdf,543,1289,0.0
114,114年決算書第一冊.pdf,544,223,0.0
114,114年決算書第一冊.pdf,545,704,0.0
114,114年決算書第一冊.pdf,546,241,0.0
114,114年決算書第一冊.pdf,547,460,0.0
114,114年決算書第一冊.pdf,548,118,0.0
114,114年決算書第一冊.pdf,549,757,0.0
114,114年決算書第一冊.pdf,550,540,0.0
114,114年決算書第一冊.pdf,551,93,0.0
114,114年決算書第一冊.pdf,552,217,0.0
114,114年決算書第一冊.pdf,553,1259,0.0
114,114年決算書第一冊.pdf,554,360,0.0
114,114年決算書第一冊.pdf,555,1621,0.0
114,114年決算書第一冊.pdf,556,855,0.0
114,114年決算書第一冊.pdf,557,340,0.0
114,114年決算書第一冊.pdf,558,172,0.0
114,114年決算書第一冊.pdf,559,1647,0.0
114,114年決算書第一冊.pdf,560,475,0.0
114,114年決算書第一冊.pdf,561,951,0.0
114,114年決算書第一冊.pdf,562,0,0.0
114,114年決算書第一冊.pdf,563,0,0.0
114,114年決算書第一冊.pdf,564,95,0.0
114,114年決算書第一冊.pdf,565,0,0.0
114,114年決算書第一冊.pdf,566,709,0.0
114,114年決算書第一冊.pdf,567,0,0.0
114,114年決算書第一冊.pdf,568,753,0.0
114,114年決算書第一冊.pdf,569,788,0.0
114,114年決算書第一冊.pdf,570,832,0.0
114,114年決算書第一冊.pdf,571,87,0.0
114,114年決算書第一冊.pdf,572,0,0.0
114,114年決算書第一冊.pdf,573,0,0.0
114,114年決算書第一冊.pdf,574,0,0.0
114,114年決算書第一冊.pdf,575,0,0.0
114,114年決算書第一冊.pdf,576,11,0.0
114,114年決算書第一冊.pdf,577,0,0.0
114,114年決算書第一冊.pdf,578,0,0.0
114,114年決算書第一冊.pdf,579,0,0.0
114,114年決算書第一冊.pdf,580,0,0.0
114,114年決算書第一冊.pdf,581,0,0.0
114,114年決算書第一冊.pdf,582,0,0.0
114,114年決算書第一冊.pdf,583,0,0.0
114,114年決算書第一冊.pdf,584,0,0.0
114,114年決算書第一冊.pdf,585,1427,0.0
114,114年決算書第一冊.pdf,586,0,0.0
114,114年決算書第一冊.pdf,587,0,0.0
114,114年決算書第一冊.pdf,588,0,0.0
114,114年決算書第一冊.pdf,589,0,0.0
114,114年決算書第一冊.pdf,590,0,0.0
114,114年決算書第一冊.pdf,591,1721,0.0
114,114年決算書第一冊.pdf,592,0,0.0
114,114年決算書第一冊.pdf,593,0,0.0
114,114年決算書第一冊.pdf,594,0,0.0
114,114年決算書第一冊.pdf,595,0,0.0
114,114年決算書第一冊.pdf,596,95,0.0
114,114年決算書第一冊.pdf,597,0,0.0
114,114年決算書第一冊.pdf,598,707,0.0
114,114年決算書第一冊.pdf,599,0,0.0
114,114年決算書第一冊.pdf,600,777,0.0
114,114年決算書第一冊.pdf,601,838,0.0
114,114年決算書第一冊.pdf,602,752,0.0
114,114年決算書第一冊.pdf,603,1432,0.0
114,114年決算書第一冊.pdf,604,747,0.0
114,114年決算書第一冊.pdf,605,1274,0.0
114,114年決算書第一冊.pdf,606,533,0.0
114,114年決算書第一冊.pdf,607,722,0.0
114,114年決算書第一冊.pdf,608,277,0.0
114,114年決算書第一冊.pdf,609,470,0.0
114,114年決算書第一冊.pdf,610,193,0.0
114,114年決算書第一冊.pdf,611,848,0.0
114,114年決算書第一冊.pdf,612,471,0.0
114,114年決算書第一冊.pdf,613,111,0.0
114,114年決算書第一冊.pdf,614,262,0.0
114,114年決算書第一冊.pdf,615,1412,0.0
114,114年決算書第一冊.pdf,616,299,0.0
114,114年決算書第一冊.pdf,617,1671,0.0
114,114年決算書第一冊.pdf,618,885,0.0
114,114年決算書第一冊.pdf,619,439,0.0
114,114年決算書第一冊.pdf,620,118,0.0
114,114年決算書第一冊.pdf,621,1654,0.0
114,114年決算書第一冊.pdf,622,476,0.0
114,114年決算書第一冊.pdf,623,1062,0.0
114,114年決算書第一冊.pdf,624,0,0.0
114,114年決算書第一冊.pdf,625,0,0.0
114,114年決算書第一冊.pdf,626,95,0.0
114,114年決算書第一冊.pdf,627,0,0.0
114,114年決算書第一冊.pdf,628,707,0.0
114,114年決算書第一冊.pdf,629,0,0.0
114,114年決算書第一冊.pdf,630,818,0.0
114,114年決算書第一冊.pdf,631,850,0.0
114,114年決算書第一冊.pdf,632,819,0.0
114,114年決算書第一冊.pdf,633,1387,0.0
114,114年決算書第一冊.pdf,634,727,0.0
114,114年決算書第一冊.pdf,635,1333,0.0
114,114年決算書第一冊.pdf,636,333,0.0
114,114年決算書第一冊.pdf,637,509,0.0
114,114年決算書第一冊.pdf,638,525,0.0
114,114年決算書第一冊.pdf,639,481,0.0
114,114年決算書第一冊.pdf,640,179,0.0
114,114年決算書第一冊.pdf,641,801,0.0
114,114年決算書第一冊.pdf,642,482,0.0
114,114年決算書第一冊.pdf,643,93,0.0
114,114年決算書第一冊.pdf,644,309,0.0
114,114年決算書第一冊.pdf,645,1294,0.0
114,114年決算書第一冊.pdf,646,285,0.0
114,114年決算書第一冊.pdf,647,1655,0.0
114,114年決算書第一冊.pdf,648,894,0.0
114,114年決算書第一冊.pdf,649,492,0.0
114,114年決算書第一冊.pdf,650,118,0.0
114,114年決算書第一冊.pdf,651,1670,0.0
114,114年決算書第一冊.pdf,652,481,0.0
114,114年決算書第一冊.pdf,653,1024,0.0
114,114年決算書第一冊.pdf,654,0,0.0
114,114年決算書第一冊.pdf,655,0,0.0
114,114年決算書第一冊.pdf,656,95,0.0
114,114年決算書第一冊.pdf,657,0,0.0
114,114年決算書第一冊.pdf,658,709,0.0
114,114年決算書第一冊.pdf,659,0,0.0
114,114年決算書第一冊.pdf,660,752,0.0
114,114年決算書第一冊.pdf,661,835,0.0
114,114年決算書第一冊.pdf,662,807,0.0
114,114年決算書第一冊.pdf,663,122,0.0
114,114年決算書第一冊.pdf,664,1341,0.0
114,114年決算書第一冊.pdf,665,690,0.0
114,114年決算書第一冊.pdf,666,1288,0.0
114,114年決算書第一冊.pdf,667,357,0.0
114,114年決算書第一冊.pdf,668,11,0.0
114,114年決算書第一冊.pdf,669,665,0.0
114,114年決算書第一冊.pdf,670,284,0.0
114,114年決算書第一冊.pdf,671,368,0.0
114,114年決算書第一冊.pdf,672,132,0.0
114,114年決算書第一冊.pdf,673,795,0.0
114,114年決算書第一冊.pdf,674,468,0.0
114,114年決算書第一冊.pdf,675,93,0.0
114,114年決算書第一冊.pdf,676,267,0.0
114,114年決算書第一冊.pdf,677,1321,0.0
114,114年決算書第一冊.pdf,678,268,0.0
114,114年決算書第一冊.pdf,679,1684,0.0
114,114年決算書第一冊.pdf,680,884,0.0
114,114年決算書第一冊.pdf,681,483,0.0
114,114年決算書第一冊.pdf,682,137,0.0
114,114年決算書第一冊.pdf,683,1700,0.0
114,114年決算書第一冊.pdf,684,475,0.0
114,114年決算書第一冊.pdf,685,1052,0.0
114,114年決算書第一冊.pdf,686,0,0.0
114,114年決算書第一冊.pdf,687,0,0.0
114,114年決算書第一冊.pdf,688,95,0.0
114,114年決算書第一冊.pdf,689,0,0.0
114,114年決算書第一冊.pdf,690,709,0.0
114,114年決算書第一冊.pdf,691,0,0.0
114,114年決算書第一冊.pdf,692,763,0.0
114,114年決算書第一冊.pdf,693,786,0.0
114,114年決算書第一冊.pdf,694,803,0.0
114,114年決算書第一冊.pdf,695,122,0.0
114,114年決算書第一冊.pdf,696,1503,0.0
114,114年決算書第一冊.pdf,697,805,0.0
114,114年決算書第一冊.pdf,698,1308,0.0
114,114年決算書第一冊.pdf,699,535,0.0
114,114年決算書第一冊.pdf,700,11,0.0
114,114年決算書第一冊.pdf,701,469,0.0
114,114年決算書第一冊.pdf,702,541,0.0
114,114年決算書第一冊.pdf,703,526,0.0
114,114年決算書第一冊.pdf,704,133,0.0
114,114年決算書第一冊.pdf,705,775,0.0
114,114年決算書第一冊.pdf,706,471,0.0
114,114年決算書第一冊.pdf,707,93,0.0
114,114年決算書第一冊.pdf,708,313,0.0
114,114年決算書第一冊.pdf,709,1494,0.0
114,114年決算書第一冊.pdf,710,288,0.0
114,114年決算書第一冊.pdf,711,1617,0.0
114,114年決算書第一冊.pdf,712,801,0.0
114,114年決算書第一冊.pdf,713,261,0.0
114,114年決算書第一冊.pdf,714,118,0.0
114,114年決算書第一冊.pdf,715,1768,0.0
114,114年決算書第一冊.pdf,716,476,0.0
114,114年決算書第一冊.pdf,717,1042,0.0
114,114年決算書第一冊.pdf,718,0,0.0
114,114年決算書第一冊.pdf,719,0,0.0
114,114年決算書第一冊.pdf,720,95,0.0
114,114年決算書第一冊.pdf,721,0,0.0
114,114年決算書第一冊.pdf,722,709,0.0
114,114年決算書第一冊.pdf,723,0,0.0
114,114年決算書第一冊.pdf,724,728,0.0
114,114年決算書第一冊.pdf,725,848,0.0
114,114年決算書第一冊.pdf,726,855,0.0
114,114年決算書第一冊.pdf,727,386,0.0
114,114年決算書第一冊.pdf,728,1460,0.0
114,114年決算書第一冊.pdf,729,835,0.0
114,114年決算書第一冊.pdf,730,1294,0.0
114,114年決算書第一冊.pdf,731,486,0.0
114,114年決算書第一冊.pdf,732,11,0.0
114,114年決算書第一冊.pdf,733,892,0.0
114,114年決算書第一冊.pdf,734,274,0.0
114,114年決算書第一冊.pdf,735,591,0.0
114,114年決算書第一冊.pdf,736,128,0.0
114,114年決算書第一冊.pdf,737,747,0.0
114,114年決算書第一冊.pdf,738,463,0.0
114,114年決算書第一冊.pdf,739,93,0.0
114,114年決算書第一冊.pdf,740,391,0.0
114,114年決算書第一冊.pdf,741,1356,0.0
114,114年決算書第一冊.pdf,742,290,0.0
114,114年決算書第一冊.pdf,743,0,0.0
114,114年決算書第一冊.pdf,744,0,0.0
114,114年決算書第一冊.pdf,745,0,0.0
114,114年決算書第一冊.pdf,746,0,0.0
114,114年決算書第一冊.pdf,747,1796,0.0
114,114年決算書第一冊.pdf,748,483,0.0
114,114年決算書第一冊.pdf,749,1056,0.0
114,114年決算書第一冊.pdf,750,0,0.0
114,114年決算書第一冊.pdf,751,0,0.0
114,114年決算書第二冊.pdf,0,1276,0.0
114,114年決算書第二冊.pdf,1,1189,0.0
114,114年決算書第二冊.pdf,2,95,0.0
114,114年決算書第二冊.pdf,3,0,0.0
114,114年決算書第二冊.pdf,4,707,0.0
114,114年決算書第二冊.pdf,5,0,0.0
114,114年決算書第二冊.pdf,6,757,0.0
114,114年決算書第二冊.pdf,7,837,0.0
114,114年決算書第二冊.pdf,8,772,0.0
114,114年決算書第二冊.pdf,9,1448,0.0
114,114年決算書第二冊.pdf,10,724,0.0
114,114年決算書第二冊.pdf,11,1291,0.0
114,114年決算書第二冊.pdf,12,460,0.0
114,114年決算書第二冊.pdf,13,756,0.0
114,114年決算書第二冊.pdf,14,264,0.0
114,114年決算書第二冊.pdf,15,536,0.0
114,114年決算書第二冊.pdf,16,162,0.0
114,114年決算書第二冊.pdf,17,713,0.0
114,114年決算書第二冊.pdf,18,474,0.0
114,114年決算書第二冊.pdf,19,103,0.0
114,114年決算書第二冊.pdf,20,319,0.0
114,114年決算書第二冊.pdf,21,1446,0.0
114,114年決算書第二冊.pdf,22,266,0.0
114,114年決算書第二冊.pdf,23,1537,0.0
114,114年決算書第二冊.pdf,24,896,0.0
114,114年決算書第二冊.pdf,25,192,0.0
114,114年決算書第二冊.pdf,26,155,0.0
114,114年決算書第二冊.pdf,27,1704,0.0
114,114年決算書第二冊.pdf,28,478,0.0
114,114年決算書第二冊.pdf,29,937,0.0
114,114年決算書第二冊.pdf,30,0,0.0
114,114年決算書第二冊.pdf,31,0,0.0
114,114年決算書第二冊.pdf,32,95,0.0
114,114年決算書第二冊.pdf,33,0,0.0
114,114年決算書第二冊.pdf,34,709,0.0
114,114年決算書第二冊.pdf,35,0,0.0
114,114年決算書第二冊.pdf,36,794,0.0
114,114年決算書第二冊.pdf,37,821,0.0
114,114年決算書第二冊.pdf,38,780,0.0
114,114年決算書第二冊.pdf,39,186,0.0
114,114年決算書第二冊.pdf,40,1523,0.0
114,114年決算書第二冊.pdf,41,856,0.0
114,114年決算書第二冊.pdf,42,1337,0.0
114,114年決算書第二冊.pdf,43,281,0.0
114,114年決算書第二冊.pdf,44,11,0.0
114,114年決算書第二冊.pdf,45,737,0.0
114,114年決算書第二冊.pdf,46,262,0.0
114,114年決算書第二冊.pdf,47,540,0.0
114,114年決算書第二冊.pdf,48,174,0.0
114,114年決算書第二冊.pdf,49,756,0.0
114,114年決算書第二冊.pdf,50,465,0.0
114,114年決算書第二冊.pdf,51,93,0.0
114,114年決算書第二冊.pdf,52,315,0.0
114,114年決算書第二冊.pdf,53,1270,0.0
114,114年決算書第二冊.pdf,54,295,0.0
114,114年決算書第二冊.pdf,55,1570,0.0
114,114年決算書第二冊.pdf,56,788,0.0
114,114年決算書第二冊.pdf,57,301,0.0
114,114年決算書第二冊.pdf,58,132,0.0
114,114年決算書第二冊.pdf,59,1780,0.0
114,114年決算書第二冊.pdf,60,478,0.0
114,114年決算書第二冊.pdf,61,1012,0.0
114,114年決算書第二冊.pdf,62,0,0.0
114,114年決算書第二冊.pdf,63,0,0.0
114,114年決算書第二冊.pdf,64,95,0.0
114,114年決算書第二冊.pdf,65,0,0.0
114,114年決算書第二冊.pdf,66,709,0.0
114,114年決算書第二冊.pdf,67,0,0.0
114,114年決算書第二冊.pdf,68,792,0.0
114,114年決算書第二冊.pdf,69,881,0.0
114,114年決算書第二冊.pdf,70,832,0.0
114,114年決算書第二冊.pdf,71,91,0.0
114,114年決算書第二冊.pdf,72,1440,0.0
114,114年決算書第二冊.pdf,73,740,0.0
114,114年決算書第二冊.pdf,74,1311,0.0
114,114年決算書第二冊.pdf,75,291,0.0
114,114年決算書第二冊.pdf,76,11,0.0
114,114年決算書第二冊.pdf,77,674,0.0
114,114年決算書第二冊.pdf,78,243,0.0
114,114年決算書第二冊.pdf,79,492,0.0
114,114年決算書第二冊.pdf,80,156,0.0
114,114年決算書第二冊.pdf,81,713,0.0
114,114年決算書第二冊.pdf,82,460,0.0
114,114年決算書第二冊.pdf,83,93,0.0
114,114年決算書第二冊.pdf,84,311,0.0
114,114年決算書第二冊.pdf,85,1305,0.0
114,114年決算書第二冊.pdf,86,260,0.0
114,114年決算書第二冊.pdf,87,1445,0.0
114,114年決算書第二冊.pdf,88,837,0.0
114,114年決算書第二冊.pdf,89,1805,0.0
114,114年決算書第二冊.pdf,90,476,0.0
114,114年決算書第二冊.pdf,91,936,0.0
114,114年決算書第二冊.pdf,92,0,0.0
114,114年決算書第二冊.pdf,93,0,0.0
114,114年決算書第二冊.pdf,94,95,0.0
114,114年決算書第二冊.pdf,95,0,0.0
114,114年決算書第二冊.pdf,96,709,0.0
114,114年決算書第二冊.pdf,97,0,0.0
114,114年決算書第二冊.pdf,98,773,0.0
114,114年決算書第二冊.pdf,99,821,0.0
114,114年決算書第二冊.pdf,100,871,0.0
114,114年決算書第二冊.pdf,101,418,0.0
114,114年決算書第二冊.pdf,102,1550,0.0
114,114年決算書第二冊.pdf,103,885,0.0
114,114年決算書第二冊.pdf,104,1316,0.0
114,114年決算書第二冊.pdf,105,412,0.0
114,114年決算書第二冊.pdf,106,11,0.0
114,114年決算書第二冊.pdf,107,682,0.0
114,114年決算書第二冊.pdf,108,534,0.0
114,114年決算書第二冊.pdf,109,596,0.0
114,114年決算書第二冊.pdf,110,129,0.0
114,114年決算書第二冊.pdf,111,757,0.0
114,114年決算書第二冊.pdf,112,465,0.0
114,114年決算書第二冊.pdf,113,93,0.0
114,114年決算書第二冊.pdf,114,313,0.0
114,114年決算書第二冊.pdf,115,1403,0.0
114,114年決算書第二冊.pdf,116,354,0.0
114,114年決算書第二冊.pdf,117,1606,0.0
114,114年決算書第二冊.pdf,118,911,0.0
114,114年決算書第二冊.pdf,119,304,0.0
114,114年決算書第二冊.pdf,120,137,0.0
114,114年決算書第二冊.pdf,121,1802,0.0
114,114年決算書第二冊.pdf,122,480,0.0
114,114年決算書第二冊.pdf,123,1057,0.0
114,114年決算書第二冊.pdf,124,0,0.0
114,114年決算書第二冊.pdf,125,0,0.0
114,114年決算書第二冊.pdf,126,95,0.0
114,114年決算書第二冊.pdf,127,0,0.0
114,114年決算書第二冊.pdf,128,707,0.0
114,114年決算書第二冊.pdf,129,0,0.0
114,114年決算書第二冊.pdf,130,772,0.0
114,114年決算書第二冊.pdf,131,796,0.0
114,114年決算書第二冊.pdf,132,800,0.0
114,114年決算書第二冊.pdf,133,1423,0.0
114,114年決算書第二冊.pdf,134,793,0.0
114,114年決算書第二冊.pdf,135,1311,0.0
114,114年決算書第二冊.pdf,136,327,0.0
114,114年決算書第二冊.pdf,137,581,0.0
114,114年決算書第二冊.pdf,138,470,0.0
114,114年決算書第二冊.pdf,139,548,0.0
114,114年決算書第二冊.pdf,140,127,0.0
114,114年決算書第二冊.pdf,141,748,0.0
114,114年決算書第二冊.pdf,142,460,0.0
114,114年決算書第二冊.pdf,143,93,0.0
114,114年決算書第二冊.pdf,144,265,0.0
114,114年決算書第二冊.pdf,145,1370,0.0
114,114年決算書第二冊.pdf,146,284,0.0
114,114年決算書第二冊.pdf,147,1580,0.0
114,114年決算書第二冊.pdf,148,806,0.0
114,114年決算書第二冊.pdf,149,205,0.0
114,114年決算書第二冊.pdf,150,132,0.0
114,114年決算書第二冊.pdf,151,1750,0.0
114,114年決算書第二冊.pdf,152,476,0.0
114,114年決算書第二冊.pdf,153,964,0.0
114,114年決算書第二冊.pdf,154,0,0.0
114,114年決算書第二冊.pdf,155,0,0.0
114,114年決算書第二冊.pdf,156,95,0.0
114,114年決算書第二冊.pdf,157,0,0.0
114,114年決算書第二冊.pdf,158,709,0.0
114,114年決算書第二冊.pdf,159,0,0.0
114,114年決算書第二冊.pdf,160,731,0.0
114,114年決算書第二冊.pdf,161,799,0.0
114,114年決算書第二冊.pdf,162,862,0.0
114,114年決算書第二冊.pdf,163,276,0.0
114,114年決算書第二冊.pdf,164,1378,0.0
114,114年決算書第二冊.pdf,165,789,0.0
114,114年決算書第二冊.pdf,166,1256,0.0
114,114年決算書第二冊.pdf,167,336,0.0
114,114年決算書第二冊.pdf,168,11,0.0
114,114年決算書第二冊.pdf,169,843,0.0
114,114年決算書第二冊.pdf,170,279,0.0
114,114年決算書第二冊.pdf,171,551,0.0
114,114年決算書第二冊.pdf,172,167,0.0
114,114年決算書第二冊.pdf,173,746,0.0
114,114年決算書第二冊.pdf,174,459,0.0
114,114年決算書第二冊.pdf,175,93,0.0
114,114年決算書第二冊.pdf,176,330,0.0
114,114年決算書第二冊.pdf,177,1217,0.0
114,114年決算書第二冊.pdf,178,311,0.0
114,114年決算書第二冊.pdf,179,1658,0.0
114,114年決算書第二冊.pdf,180,915,0.0
114,114年決算書第二冊.pdf,181,448,0.0
114,114年決算書第二冊.pdf,182,135,0.0
114,114年決算書第二冊.pdf,183,1745,0.0
114,114年決算書第二冊.pdf,184,474,0.0
114,114年決算書第二冊.pdf,185,1015,0.0
114,114年決算書第二冊.pdf,186,0,0.0
114,114年決算書第二冊.pdf,187,0,0.0
114,114年決算書第二冊.pdf,188,95,0.0
114,114年決算書第二冊.pdf,189,0,0.0
114,114年決算書第二冊.pdf,190,707,0.0
114,114年決算書第二冊.pdf,191,0,0.0
114,114年決算書第二冊.pdf,192,819,0.0
114,114年決算書第二冊.pdf,193,819,0.0
114,114年決算書第二冊.pdf,194,668,0.0
114,114年決算書第二冊.pdf,195,1321,0.0
114,114年決算書第二冊.pdf,196,668,0.0
114,114年決算書第二冊.pdf,197,1319,0.0
114,114年決算書第二冊.pdf,198,182,0.0
114,114年決算書第二冊.pdf,199,672,0.0
114,114年決算書第二冊.pdf,200,508,0.0
114,114年決算書第二冊.pdf,201,502,0.0
114,114年決算書第二冊.pdf,202,164,0.0
114,114年決算書第二冊.pdf,203,715,0.0
114,114年決算書第二冊.pdf,204,438,0.0
114,114年決算書第二冊.pdf,205,93,0.0
114,114年決算書第二冊.pdf,206,266,0.0
114,114年決算書第二冊.pdf,207,1213,0.0
114,114年決算書第二冊.pdf,208,268,0.0
114,114年決算書第二冊.pdf,209,1677,0.0
114,114年決算書第二冊.pdf,210,808,0.0
114,114年決算書第二冊.pdf,211,230,0.0
114,114年決算書第二冊.pdf,212,136,0.0
114,114年決算書第二冊.pdf,213,1606,0.0
114,114年決算書第二冊.pdf,214,473,0.0
114,114年決算書第二冊.pdf,215,926,0.0
114,114年決算書第二冊.pdf,216,0,0.0
114,114年決算書第二冊.pdf,217,0,0.0
114,114年決算書第二冊.pdf,218,91,0.0
114,114年決算書第二冊.pdf,219,0,0.0
114,114年決算書第二冊.pdf,220,705,0.0
114,114年決算書第二冊.pdf,221,0,0.0
114,114年決算書第二冊.pdf,222,770,0.0
114,114年決算書第二冊.pdf,223,820,0.0
114,114年決算書第二冊.pdf,224,353,0.0
114,114年決算書第二冊.pdf,225,1010,0.0
114,114年決算書第二冊.pdf,226,460,0.0
114,114年決算書第二冊.pdf,227,1298,0.0
114,114年決算書第二冊.pdf,228,234,0.0
114,114年決算書第二冊.pdf,229,541,0.0
114,114年決算書第二冊.pdf,230,225,0.0
114,114年決算書第二冊.pdf,231,363,0.0
114,114年決算書第二冊.pdf,232,144,0.0
114,114年決算書第二冊.pdf,233,793,0.0
114,114年決算書第二冊.pdf,234,480,0.0
114,114年決算書第二冊.pdf,235,105,0.0
114,114年決算書第二冊.pdf,236,201,0.0
114,114年決算書第二冊.pdf,237,1235,0.0
114,114年決算書第二冊.pdf,238,287,0.0
114,114年決算書第二冊.pdf,239,1510,0.0
114,114年決算書第二冊.pdf,240,833,0.0
114,114年決算書第二冊.pdf,241,422,0.0
114,114年決算書第二冊.pdf,242,111,0.0
114,114年決算書第二冊.pdf,243,1364,0.0
114,114年決算書第二冊.pdf,244,459,0.0
114,114年決算書第二冊.pdf,245,838,0.0
114,114年決算書第二冊.pdf,246,0,0.0
114,114年決算書第二冊.pdf,247,0,0.0
114,114年決算書第二冊.pdf,248,103,0.0
114,114年決算書第二冊.pdf,249,0,0.0
114,114年決算書第二冊.pdf,250,711,0.0
114,114年決算書第二冊.pdf,251,0,0.0
114,114年決算書第二冊.pdf,252,805,0.0
114,114年決算書第二冊.pdf,253,829,0.0
114,114年決算書第二冊.pdf,254,850,0.0
114,114年決算書第二冊.pdf,255,1502,0.0
114,114年決算書第二冊.pdf,256,870,0.0
114,114年決算書第二冊.pdf,257,1333,0.0
114,114年決算書第二冊.pdf,258,444,0.0
114,114年決算書第二冊.pdf,259,531,0.0
114,114年決算書第二冊.pdf,260,466,0.0
114,114年決算書第二冊.pdf,261,506,0.0
114,114年決算書第二冊.pdf,262,156,0.0
114,114年決算書第二冊.pdf,263,837,0.0
114,114年決算書第二冊.pdf,264,459,0.0
114,114年決算書第二冊.pdf,265,117,0.0
114,114年決算書第二冊.pdf,266,274,0.0
114,114年決算書第二冊.pdf,267,1401,0.0
114,114年決算書第二冊.pdf,268,356,0.0
114,114年決算書第二冊.pdf,269,1717,0.0
114,114年決算書第二冊.pdf,270,887,0.0
114,114年決算書第二冊.pdf,271,308,0.0
114,114年決算書第二冊.pdf,272,136,0.0
114,114年決算書第二冊.pdf,273,1778,0.0
114,114年決算書第二冊.pdf,274,481,0.0
114,114年決算書第二冊.pdf,275,1043,0.0
114,114年決算書第二冊.pdf,276,0,0.0
114,114年決算書第二冊.pdf,277,0,0.0
114,114年決算書第二冊.pdf,278,103,0.0
114,114年決算書第二冊.pdf,279,0,0.0
114,114年決算書第二冊.pdf,280,713,0.0
114,114年決算書第二冊.pdf,281,0,0.0
114,114年決算書第二冊.pdf,282,828,0.0
114,114年決算書第二冊.pdf,283,848,0.0
114,114年決算書第二冊.pdf,284,785,0.0
114,114年決算書第二冊.pdf,285,445,0.0
114,114年決算書第二冊.pdf,286,1628,0.0
114,114年決算書第二冊.pdf,287,938,0.0
114,114年決算書第二冊.pdf,288,1317,0.0
114,114年決算書第二冊.pdf,289,538,0.0
114,114年決算書第二冊.pdf,290,11,0.0
114,114年決算書第二冊.pdf,291,724,0.0
114,114年決算書第二冊.pdf,292,570,0.0
114,114年決算書第二冊.pdf,293,578,0.0
114,114年決算書第二冊.pdf,294,135,0.0
114,114年決算書第二冊.pdf,295,772,0.0
114,114年決算書第二冊.pdf,296,480,0.0
114,114年決算書第二冊.pdf,297,97,0.0
114,114年決算書第二冊.pdf,298,354,0.0
114,114年決算書第二冊.pdf,299,1469,0.0
114,114年決算書第二冊.pdf,300,352,0.0
114,114年決算書第二冊.pdf,301,0,0.0
114,114年決算書第二冊.pdf,302,825,0.0
114,114年決算書第二冊.pdf,303,0,0.0
114,114年決算書第二冊.pdf,304,144,0.0
114,114年決算書第二冊.pdf,305,1955,0.0
114,114年決算書第二冊.pdf,306,483,0.0
114,114年決算書第二冊.pdf,307,1118,0.0
114,114年決算書第二冊.pdf,308,0,0.0
114,114年決算書第二冊.pdf,309,0,0.0
114,114年決算書第二冊.pdf,310,103,0.0
114,114年決算書第二冊.pdf,311,0,0.0
114,114年決算書第二冊.pdf,312,713,0.0
114,114年決算書第二冊.pdf,313,0,0.0
114,114年決算書第二冊.pdf,314,818,0.0
114,114年決算書第二冊.pdf,315,883,0.0
114,114年決算書第二冊.pdf,316,833,0.0
114,114年決算書第二冊.pdf,317,532,0.0
114,114年決算書第二冊.pdf,318,1481,0.0
114,114年決算書第二冊.pdf,319,849,0.0
114,114年決算書第二冊.pdf,320,1347,0.0
114,114年決算書第二冊.pdf,321,456,0.0
114,114年決算書第二冊.pdf,322,11,0.0
114,114年決算書第二冊.pdf,323,918,0.0
114,114年決算書第二冊.pdf,324,283,0.0
114,114年決算書第二冊.pdf,325,643,0.0
114,114年決算書第二冊.pdf,326,136,0.0
114,114年決算書第二冊.pdf,327,760,0.0
114,114年決算書第二冊.pdf,328,469,0.0
114,114年決算書第二冊.pdf,329,97,0.0
114,114年決算書第二冊.pdf,330,390,0.0
114,114年決算書第二冊.pdf,331,1382,0.0
114,114年決算書第二冊.pdf,332,482,0.0
114,114年決算書第二冊.pdf,333,1515,0.0
114,114年決算書第二冊.pdf,334,933,0.0
114,114年決算書第二冊.pdf,335,289,0.0
114,114年決算書第二冊.pdf,336,120,0.0
114,114年決算書第二冊.pdf,337,1762,0.0
114,114年決算書第二冊.pdf,338,479,0.0
114,114年決算書第二冊.pdf,339,1048,0.0
114,114年決算書第二冊.pdf,340,0,0.0
114,114年決算書第二冊.pdf,341,0,0.0
114,114年決算書第二冊.pdf,342,103,0.0
114,114年決算書第二冊.pdf,343,0,0.0
114,114年決算書第二冊.pdf,344,713,0.0
114,114年決算書第二冊.pdf,345,0,0.0
114,114年決算書第二冊.pdf,346,751,0.0
114,114年決算書第二冊.pdf,347,752,0.0
114,114年決算書第二冊.pdf,348,757,0.0
114,114年決算書第二冊.pdf,349,832,0.0
114,114年決算書第二冊.pdf,350,130,0.0
114,114年決算書第二冊.pdf,351,1540,0.0
114,114年決算書第二冊.pdf,352,861,0.0
114,114年決算書第二冊.pdf,353,1322,0.0
114,114年決算書第二冊.pdf,354,599,0.0
114,114年決算書第二冊.pdf,355,673,0.0
114,114年決算書第二冊.pdf,356,632,0.0
114,114年決算書第二冊.pdf,357,684,0.0
114,114年決算書第二冊.pdf,358,137,0.0
114,114年決算書第二冊.pdf,359,771,0.0
114,114年決算書第二冊.pdf,360,473,0.0
114,114年決算書第二冊.pdf,361,108,0.0
114,114年決算書第二冊.pdf,362,371,0.0
114,114年決算書第二冊.pdf,363,1504,0.0
114,114年決算書第二冊.pdf,364,392,0.0
114,114年決算書第二冊.pdf,365,1674,0.0
114,114年決算書第二冊.pdf,366,1006,0.0
114,114年決算書第二冊.pdf,367,326,0.0
114,114年決算書第二冊.pdf,368,118,0.0
114,114年決算書第二冊.pdf,369,1345,0.0
114,114年決算書第二冊.pdf,370,175,0.0
114,114年決算書第二冊.pdf,371,484,0.0
114,114年決算書第二冊.pdf,372,1087,0.0
114,114年決算書第二冊.pdf,373,0,0.0
114,114年決算書第二冊.pdf,374,0,0.0
114,114年決算書第二冊.pdf,375,0,0.0
114,114年決算書第二冊.pdf,376,103,0.0
114,114年決算書第二冊.pdf,377,0,0.0
114,114年決算書第二冊.pdf,378,713,0.0
114,114年決算書第二冊.pdf,379,0,0.0
114,114年決算書第二冊.pdf,380,812,0.0
114,114年決算書第二冊.pdf,381,832,0.0
114,114年決算書第二冊.pdf,382,820,0.0
114,114年決算書第二冊.pdf,383,190,0.0
114,114年決算書第二冊.pdf,384,1493,0.0
114,114年決算書第二冊.pdf,385,803,0.0
114,114年決算書第二冊.pdf,386,1341,0.0
114,114年決算書第二冊.pdf,387,407,0.0
114,114年決算書第二冊.pdf,388,11,0.0
114,114年決算書第二冊.pdf,389,785,0.0
114,114年決算書第二冊.pdf,390,252,0.0
114,114年決算書第二冊.pdf,391,574,0.0
114,114年決算書第二冊.pdf,392,197,0.0
114,114年決算書第二冊.pdf,393,761,0.0
114,114年決算書第二冊.pdf,394,478,0.0
114,114年決算書第二冊.pdf,395,97,0.0
114,114年決算書第二冊.pdf,396,306,0.0
114,114年決算書第二冊.pdf,397,1415,0.0
114,114年決算書第二冊.pdf,398,353,0.0
114,114年決算書第二冊.pdf,399,1724,1.0
114,114年決算書第二冊.pdf,400,980,1.0
114,114年決算書第二冊.pdf,401,234,1.0
114,114年決算書第二冊.pdf,402,152,1.0
114,114年決算書第二冊.pdf,403,1815,0.0
114,114年決算書第二冊.pdf,404,481,0.0
114,114年決算書第二冊.pdf,405,1033,0.0
114,114年決算書第二冊.pdf,406,0,0.0
114,114年決算書第二冊.pdf,407,0,0.0
114,114年決算書第二冊.pdf,408,99,0.0
114,114年決算書第二冊.pdf,409,0,0.0
114,114年決算書第二冊.pdf,410,709,0.0
114,114年決算書第二冊.pdf,411,0,0.0
114,114年決算書第二冊.pdf,412,751,0.0
114,114年決算書第二冊.pdf,413,715,0.0
114,114年決算書第二冊.pdf,414,755,0.0
114,114年決算書第二冊.pdf,415,1237,0.0
114,114年決算書第二冊.pdf,416,590,0.0
114,114年決算書第二冊.pdf,417,1347,0.0
114,114年決算書第二冊.pdf,418,524,0.0
114,114年決算書第二冊.pdf,419,494,0.0
114,114年決算書第二冊.pdf,420,584,0.0
114,114年決算書第二冊.pdf,421,496,0.0
114,114年決算書第二冊.pdf,422,148,0.0
114,114年決算書第二冊.pdf,423,796,0.0
114,114年決算書第二冊.pdf,424,464,0.0
114,114年決算書第二冊.pdf,425,124,0.0
114,114年決算書第二冊.pdf,426,320,0.0
114,114年決算書第二冊.pdf,427,1448,0.0
114,114年決算書第二冊.pdf,428,305,0.0
114,114年決算書第二冊.pdf,429,1528,0.0
114,114年決算書第二冊.pdf,430,922,0.0
114,114年決算書第二冊.pdf,431,269,0.0
114,114年決算書第二冊.pdf,432,121,0.0
114,114年決算書第二冊.pdf,433,1725,0.0
114,114年決算書第二冊.pdf,434,477,0.0
114,114年決算書第二冊.pdf,435,1029,0.0
114,114年決算書第二冊.pdf,436,0,0.0
114,114年決算書第二冊.pdf,437,0,0.0
114,114年決算書第二冊.pdf,438,107,0.0
114,114年決算書第二冊.pdf,439,0,0.0
114,114年決算書第二冊.pdf,440,715,0.0
114,114年決算書第二冊.pdf,441,0,0.0
114,114年決算書第二冊.pdf,442,736,0.0
114,114年決算書第二冊.pdf,443,834,0.0
114,114年決算書第二冊.pdf,444,826,0.0
114,114年決算書第二冊.pdf,445,219,0.0
114,114年決算書第二冊.pdf,446,1351,0.0
114,114年決算書第二冊.pdf,447,788,0.0
114,114年決算書第二冊.pdf,448,1309,0.0
114,114年決算書第二冊.pdf,449,374,0.0
114,114年決算書第二冊.pdf,450,11,0.0
114,114年決算書第二冊.pdf,451,585,0.0
114,114年決算書第二冊.pdf,452,495,0.0
114,114年決算書第二冊.pdf,453,482,0.0
114,114年決算書第二冊.pdf,454,151,0.0
114,114年決算書第二冊.pdf,455,797,0.0
114,114年決算書第二冊.pdf,456,470,0.0
114,114年決算書第二冊.pdf,457,99,0.0
114,114年決算書第二冊.pdf,458,314,0.0
114,114年決算書第二冊.pdf,459,1310,0.0
114,114年決算書第二冊.pdf,460,267,0.0
114,114年決算書第二冊.pdf,461,1779,1.0
114,114年決算書第二冊.pdf,462,1007,1.0
114,114年決算書第二冊.pdf,463,448,1.0
114,114年決算書第二冊.pdf,464,155,1.0
114,114年決算書第二冊.pdf,465,1695,0.0
114,114年決算書第二冊.pdf,466,484,0.0
114,114年決算書第二冊.pdf,467,1016,0.0
114,114年決算書第二冊.pdf,468,0,0.0
114,114年決算書第二冊.pdf,469,0,0.0
114,114年決算書第二冊.pdf,470,17,0.0
114,114年決算書第二冊.pdf,471,0,0.0
114,114年決算書第二冊.pdf,472,70,0.0
114,114年決算書第二冊.pdf,473,0,0.0
114,114年決算書第二冊.pdf,474,188,0.0
114,114年決算書第二冊.pdf,475,338,0.0
114,114年決算書第二冊.pdf,476,137,0.0
114,114年決算書第二冊.pdf,477,0,0.0
114,114年決算書第二冊.pdf,478,0,0.0
114,114年決算書第二冊.pdf,479,0,0.0
114,114年決算書第二冊.pdf,480,0,0.0
114,114年決算書第二冊.pdf,481,0,0.0
114,114年決算書第二冊.pdf,482,0,0.0
114,114年決算書第二冊.pdf,483,0,0.0
114,114年決算書第二冊.pdf,484,0,0.0
114,114年決算書第二冊.pdf,485,0,0.0
114,114年決算書第二冊.pdf,486,0,0.0
114,114年決算書第二冊.pdf,487,0,0.0
114,114年決算書第二冊.pdf,488,0,0.0
114,114年決算書第二冊.pdf,489,965,0.0
114,114年決算書第二冊.pdf,490,0,0.0
114,114年決算書第二冊.pdf,491,0,0.0
114,114年決算書第二冊.pdf,492,0,0.0
114,114年決算書第二冊.pdf,493,0,0.0
114,114年決算書第二冊.pdf,494,0,0.0
114,114年決算書第二冊.pdf,495,1215,0.0
114,114年決算書第二冊.pdf,496,0,0.0
114,114年決算書第二冊.pdf,497,0,0.0
114,114年決算書第二冊.pdf,498,0,0.0
114,114年決算書第二冊.pdf,499,0,0.0
114,114年決算書第二冊.pdf,500,95,0.0
114,114年決算書第二冊.pdf,501,0,0.0
114,114年決算書第二冊.pdf,502,707,0.0
114,114年決算書第二冊.pdf,503,0,0.0
114,114年決算書第二冊.pdf,504,815,0.0
114,114年決算書第二冊.pdf,505,782,0.0
114,114年決算書第二冊.pdf,506,799,0.0
114,114年決算書第二冊.pdf,507,1214,0.0
114,114年決算書第二冊.pdf,508,632,0.0
114,114年決算書第二冊.pdf,509,1290,0.0
114,114年決算書第二冊.pdf,510,517,0.0
114,114年決算書第二冊.pdf,511,838,0.0
114,114年決算書第二冊.pdf,512,280,0.0
114,114年決算書第二冊.pdf,513,375,0.0
114,114年決算書第二冊.pdf,514,222,0.0
114,114年決算書第二冊.pdf,515,690,0.0
114,114年決算書第二冊.pdf,516,660,0.0
114,114年決算書第二冊.pdf,517,166,0.0
114,114年決算書第二冊.pdf,518,319,0.0
114,114年決算書第二冊.pdf,519,1334,0.0
114,114年決算書第二冊.pdf,520,262,0.0
114,114年決算書第二冊.pdf,521,0,0.0
114,114年決算書第二冊.pdf,522,0,0.0
114,114年決算書第二冊.pdf,523,0,0.0
114,114年決算書第二冊.pdf,524,0,0.0
114,114年決算書第二冊.pdf,525,1521,0.0
114,114年決算書第二冊.pdf,526,478,0.0
114,114年決算書第二冊.pdf,527,996,0.0
114,114年決算書第二冊.pdf,528,0,0.0
114,114年決算書第二冊.pdf,529,0,0.0
114,114年決算書第二冊.pdf,530,0,0.0
114,114年決算書第二冊.pdf,531,0,0.0
114,114年決算書第二冊.pdf,532,0,0.0
114,114年決算書第二冊.pdf,533,0,0.0
114,114年決算書第二冊.pdf,534,0,0.0
114,114年決算書第二冊.pdf,535,0,0.0
114,114年決算書第二冊.pdf,536,0,0.0
114,114年決算書第二冊.pdf,537,0,0.0
114,114年決算書第二冊.pdf,538,0,0.0
114,114年決算書第二冊.pdf,539,0,0.0
114,114年決算書第二冊.pdf,540,0,0.0
114,114年決算書第二冊.pdf,541,0,0.0
114,114年決算書第二冊.pdf,542,0,0.0
114,114年決算書第二冊.pdf,543,0,0.0
114,114年決算書第二冊.pdf,544,0,0.0
114,114年決算書第二冊.pdf,545,0,0.0
114,114年決算書第二冊.pdf,546,0,0.0
114,114年決算書第二冊.pdf,547,0,0.0
114,114年決算書第二冊.pdf,548,0,0.0
114,114年決算書第二冊.pdf,549,0,0.0
114,114年決算書第二冊.pdf,550,0,0.0
114,114年決算書第二冊.pdf,551,0,0.0
114,114年決算書第二冊.pdf,552,0,0.0
114,114年決算書第二冊.pdf,553,0,0.0
114,114年決算書第二冊.pdf,554,0,0.0
114,114年決算書第二冊.pdf,555,1519,0.0
114,114年決算書第二冊.pdf,556,0,0.0
114,114年決算書第二冊.pdf,557,0,0.0
114,114年決算書第二冊.pdf,558,0,0.0
114,114年決算書第二冊.pdf,559,0,0.0
114,114年決算書第二冊.pdf,560,95,0.0
114,114年決算書第二冊.pdf,561,0,0.0
114,114年決算書第二冊.pdf,562,705,0.0
114,114年決算書第二冊.pdf,563,0,0.0
114,114年決算書第二冊.pdf,564,770,0.0
114,114年決算書第二冊.pdf,565,814,0.0
114,114年決算書第二冊.pdf,566,928,0.0
114,114年決算書第二冊.pdf,567,154,0.0
114,114年決算書第二冊.pdf,568,1325,0.0
114,114年決算書第二冊.pdf,569,684,0.0
114,114年決算書第二冊.pdf,570,1301,0.0
114,114年決算書第二冊.pdf,571,370,0.0
114,114年決算書第二冊.pdf,572,11,0.0
114,114年決算書第二冊.pdf,573,770,0.0
114,114年決算書第二冊.pdf,574,270,0.0
114,114年決算書第二冊.pdf,575,528,0.0
114,114年決算書第二冊.pdf,576,200,0.0
114,114年決算書第二冊.pdf,577,782,0.0
114,114年決算書第二冊.pdf,578,463,0.0
114,114年決算書第二冊.pdf,579,111,0.0
114,114年決算書第二冊.pdf,580,325,0.0
114,114年決算書第二冊.pdf,581,1307,0.0
114,114年決算書第二冊.pdf,582,245,0.0
114,114年決算書第二冊.pdf,583,1592,0.0
114,114年決算書第二冊.pdf,584,1032,0.0
114,114年決算書第二冊.pdf,585,607,0.0
114,114年決算書第二冊.pdf,586,124,0.0
114,114年決算書第二冊.pdf,587,1718,0.0
114,114年決算書第二冊.pdf,588,478,0.0
114,114年決算書第二冊.pdf,589,1065,0.0
114,114年決算書第二冊.pdf,590,0,0.0
114,114年決算書第二冊.pdf,591,0,0.0
114,114年決算書第二冊.pdf,592,95,0.0
114,114年決算書第二冊.pdf,593,0,0.0
114,114年決算書第二冊.pdf,594,707,0.0
114,114年決算書第二冊.pdf,595,0,0.0
114,114年決算書第二冊.pdf,596,772,0.0
114,114年決算書第二冊.pdf,597,798,0.0
114,114年決算書第二冊.pdf,598,904,0.0
114,114年決算書第二冊.pdf,599,1285,0.0
114,114年決算書第二冊.pdf,600,725,0.0
114,114年決算書第二冊.pdf,601,1263,0.0
114,114年決算書第二冊.pdf,602,326,0.0
114,114年決算書第二冊.pdf,603,780,0.0
114,114年決算書第二冊.pdf,604,268,0.0
114,114年決算書第二冊.pdf,605,477,0.0
114,114年決算書第二冊.pdf,606,145,0.0
114,114年決算書第二冊.pdf,607,773,0.0
114,114年決算書第二冊.pdf,608,450,0.0
114,114年決算書第二冊.pdf,609,93,0.0
114,114年決算書第二冊.pdf,610,303,0.0
114,114年決算書第二冊.pdf,611,1268,0.0
114,114年決算書第二冊.pdf,612,234,0.0
114,114年決算書第二冊.pdf,613,1345,0.0
114,114年決算書第二冊.pdf,614,819,0.0
114,114年決算書第二冊.pdf,615,282,0.0
114,114年決算書第二冊.pdf,616,114,0.0
114,114年決算書第二冊.pdf,617,1626,0.0
114,114年決算書第二冊.pdf,618,475,0.0
114,114年決算書第二冊.pdf,619,1011,0.0
114,114年決算書第二冊.pdf,620,0,0.0
114,114年決算書第二冊.pdf,621,0,0.0
114,114年決算書第二冊.pdf,622,95,0.0
114,114年決算書第二冊.pdf,623,0,0.0
114,114年決算書第二冊.pdf,624,709,0.0
114,114年決算書第二冊.pdf,625,0,0.0
114,114年決算書第二冊.pdf,626,771,0.0
114,114年決算書第二冊.pdf,627,799,0.0
114,114年決算書第二冊.pdf,628,961,0.0
114,114年決算書第二冊.pdf,629,126,0.0
114,114年決算書第二冊.pdf,630,1289,0.0
114,114年決算書第二冊.pdf,631,594,0.0
114,114年決算書第二冊.pdf,632,1281,0.0
114,114年決算書第二冊.pdf,633,530,0.0
114,114年決算書第二冊.pdf,634,11,0.0
114,114年決算書第二冊.pdf,635,529,0.0
114,114年決算書第二冊.pdf,636,541,0.0
114,114年決算書第二冊.pdf,637,557,0.0
114,114年決算書第二冊.pdf,638,205,0.0
114,114年決算書第二冊.pdf,639,854,0.0
114,114年決算書第二冊.pdf,640,461,0.0
114,114年決算書第二冊.pdf,641,105,0.0
114,114年決算書第二冊.pdf,642,324,0.0
114,114年決算書第二冊.pdf,643,1369,0.0
114,114年決算書第二冊.pdf,644,241,0.0
114,114年決算書第二冊.pdf,645,1596,0.0
114,114年決算書第二冊.pdf,646,929,0.0
114,114年決算書第二冊.pdf,647,651,0.0
114,114年決算書第二冊.pdf,648,134,0.0
114,114年決算書第二冊.pdf,649,1415,0.0
114,114年決算書第二冊.pdf,650,308,0.0
114,114年決算書第二冊.pdf,651,479,0.0
114,114年決算書第二冊.pdf,652,1025,0.0
114,114年決算書第二冊.pdf,653,0,0.0
114,114年決算書第二冊.pdf,654,0,0.0
114,114年決算書第二冊.pdf,655,0,0.0
114,114年決算書第二冊.pdf,656,95,0.0
114,114年決算書第二冊.pdf,657,0,0.0
114,114年決算書第二冊.pdf,658,707,0.0
114,114年決算書第二冊.pdf,659,0,0.0
114,114年決算書第二冊.pdf,660,759,0.0
114,114年決算書第二冊.pdf,661,837,0.0
114,114年決算書第二冊.pdf,662,395,0.0
114,114年決算書第二冊.pdf,663,1104,0.0
114,114年決算書第二冊.pdf,664,477,0.0
114,114年決算書第二冊.pdf,665,1227,0.0
114,114年決算書第二冊.pdf,666,268,0.0
114,114年決算書第二冊.pdf,667,600,0.0
114,114年決算書第二冊.pdf,668,245,0.0
114,114年決算書第二冊.pdf,669,380,0.0
114,114年決算書第二冊.pdf,670,169,0.0
114,114年決算書第二冊.pdf,671,720,0.0
114,114年決算書第二冊.pdf,672,447,0.0
114,114年決算書第二冊.pdf,673,93,0.0
114,114年決算書第二冊.pdf,674,259,0.0
114,114年決算書第二冊.pdf,675,1232,0.0
114,114年決算書第二冊.pdf,676,254,0.0
114,114年決算書第二冊.pdf,677,1593,0.0
114,114年決算書第二冊.pdf,678,818,0.0
114,114年決算書第二冊.pdf,679,408,0.0
114,114年決算書第二冊.pdf,680,116,0.0
114,114年決算書第二冊.pdf,681,1518,0.0
114,114年決算書第二冊.pdf,682,466,0.0
114,114年決算書第二冊.pdf,683,905,0.0
114,114年決算書第二冊.pdf,684,0,0.0
114,114年決算書第二冊.pdf,685,0,0.0
114,114年決算書第二冊.pdf,686,95,0.0
114,114年決算書第二冊.pdf,687,0,0.0
114,114年決算書第二冊.pdf,688,709,0.0
114,114年決算書第二冊.pdf,689,0,0.0
114,114年決算書第二冊.pdf,690,779,0.0
114,114年決算書第二冊.pdf,691,802,0.0
114,114年決算書第二冊.pdf,692,872,0.0
114,114年決算書第二冊.pdf,693,91,0.0
114,114年決算書第二冊.pdf,694,1342,0.0
114,114年決算書第二冊.pdf,695,774,0.0
114,114年決算書第二冊.pdf,696,1266,0.0
114,114年決算書第二冊.pdf,697,573,0.0
114,114年決算書第二冊.pdf,698,11,0.0
114,114年決算書第二冊.pdf,699,645,0.0
114,114年決算書第二冊.pdf,700,518,0.0
114,114年決算書第二冊.pdf,701,500,0.0
114,114年決算書第二冊.pdf,702,226,0.0
114,114年決算書第二冊.pdf,703,776,0.0
114,114年決算書第二冊.pdf,704,562,0.0
114,114年決算書第二冊.pdf,705,106,0.0
114,114年決算書第二冊.pdf,706,278,1.0
114,114年決算書第二冊.pdf,707,1418,0.0
114,114年決算書第二冊.pdf,708,237,0.0
114,114年決算書第二冊.pdf,709,1392,0.0
114,114年決算書第二冊.pdf,710,755,0.0
114,114年決算書第二冊.pdf,711,214,0.0
114,114年決算書第二冊.pdf,712,59,0.0
114,114年決算書第二冊.pdf,713,1762,0.0
114,114年決算書第二冊.pdf,714,474,0.0
114,114年決算書第二冊.pdf,715,1078,0.0
114,114年決算書第二冊.pdf,716,0,0.0
114,114年決算書第二冊.pdf,717,0,0.0
114,114年決算書第二冊.pdf,718,95,0.0
114,114年決算書第二冊.pdf,719,0,0.0
114,114年決算書第二冊.pdf,720,707,0.0
114,114年決算書第二冊.pdf,721,0,0.0
114,114年決算書第二冊.pdf,722,712,0.0
114,114年決算書第二冊.pdf,723,771,0.0
114,114年決算書第二冊.pdf,724,746,0.0
114,114年決算書第二冊.pdf,725,1255,0.0
114,114年決算書第二冊.pdf,726,632,0.0
114,114年決算書第二冊.pdf,727,1261,0.0
114,114年決算書第二冊.pdf,728,174,0.0
114,114年決算書第二冊.pdf,729,646,0.0
114,114年決算書第二冊.pdf,730,278,0.0
114,114年決算書第二冊.pdf,731,352,0.0
114,114年決算書第二冊.pdf,732,183,0.0
114,114年決算書第二冊.pdf,733,719,0.0
114,114年決算書第二冊.pdf,734,460,0.0
114,114年決算書第二冊.pdf,735,93,0.0
114,114年決算書第二冊.pdf,736,255,0.0
114,114年決算書第二冊.pdf,737,1215,0.0
114,114年決算書第二冊.pdf,738,194,0.0
114,114年決算書第二冊.pdf,739,1657,0.0
114,114年決算書第二冊.pdf,740,911,0.0
114,114年決算書第二冊.pdf,741,615,0.0
114,114年決算書第二冊.pdf,742,138,0.0
114,114年決算書第二冊.pdf,743,1618,0.0
114,114年決算書第二冊.pdf,744,474,0.0
114,114年決算書第二冊.pdf,745,991,0.0
114,114年決算書第二冊.pdf,746,0,0.0
114,114年決算書第二冊.pdf,747,0,0.0
114,114年決算書第二冊.pdf,748,95,0.0
114,114年決算書第二冊.pdf,749,0,0.0
114,114年決算書第二冊.pdf,750,707,0.0
114,114年決算書第二冊.pdf,751,0,0.0
114,114年決算書第二冊.pdf,752,807,0.0
114,114年決算書第二冊.pdf,753,789,0.0
114,114年決算書第二冊.pdf,754,534,0.0
114,114年決算書第二冊.pdf,755,1242,0.0
114,114年決算書第二冊.pdf,756,610,0.0
114,114年決算書第二冊.pdf,757,1264,0.0
114,114年決算書第二冊.pdf,758,170,0.0
114,114年決算書第二冊.pdf,759,692,0.0
114,114年決算書第二冊.pdf,760,264,0.0
114,114年決算書第二冊.pdf,761,393,0.0
114,114年決算書第二冊.pdf,762,130,0.0
114,114年決算書第二冊.pdf,763,717,0.0
114,114年決算書第二冊.pdf,764,452,0.0
114,114年決算書第二冊.pdf,765,93,0.0
114,114年決算書第二冊.pdf,766,206,0.0
114,114年決算書第二冊.pdf,767,1184,0.0
114,114年決算書第二冊.pdf,768,251,0.0
114,114年決算書第二冊.pdf,769,1584,0.0
114,114年決算書第二冊.pdf,770,870,0.0
114,114年決算書第二冊.pdf,771,435,0.0
114,114年決算書第二冊.pdf,772,123,0.0
114,114年決算書第二冊.pdf,773,1563,0.0
114,114年決算書第二冊.pdf,774,471,0.0
114,114年決算書第二冊.pdf,775,967,0.0
114,114年決算書第二冊.pdf,776,0,0.0
114,114年決算書第二冊.pdf,777,0,0.0
114,114年決算書第三冊.pdf,0,1276,0.0
114,114年決算書第三冊.pdf,1,1189,0.0
114,114年決算書第三冊.pdf,2,96,0.0
114,114年決算書第三冊.pdf,3,0,0.0
114,114年決算書第三冊.pdf,4,709,0.0
114,114年決算書第三冊.pdf,5,0,0.0
114,114年決算書第三冊.pdf,6,766,0.0
114,114年決算書第三冊.pdf,7,794,0.0
114,114年決算書第三冊.pdf,8,935,0.0
114,114年決算書第三冊.pdf,9,54,0.0
114,114年決算書第三冊.pdf,10,1188,0.0
114,114年決算書第三冊.pdf,11,687,0.0
114,114年決算書第三冊.pdf,12,1256,0.0
114,114年決算書第三冊.pdf,13,409,0.0
114,114年決算書第三冊.pdf,14,11,0.0
114,114年決算書第三冊.pdf,15,600,0.0
114,114年決算書第三冊.pdf,16,250,0.0
114,114年決算書第三冊.pdf,17,332,0.0
114,114年決算書第三冊.pdf,18,217,0.0
114,114年決算書第三冊.pdf,19,859,0.0
114,114年決算書第三冊.pdf,20,454,0.0
114,114年決算書第三冊.pdf,21,106,0.0
114,114年決算書第三冊.pdf,22,301,0.0
114,114年決算書第三冊.pdf,23,1256,0.0
114,114年決算書第三冊.pdf,24,280,0.0
114,114年決算書第三冊.pdf,25,1662,0.0
114,114年決算書第三冊.pdf,26,863,0.0
114,114年決算書第三冊.pdf,27,515,0.0
114,114年決算書第三冊.pdf,28,144,0.0
114,114年決算書第三冊.pdf,29,1618,0.0
114,114年決算書第三冊.pdf,30,485,0.0
114,114年決算書第三冊.pdf,31,982,0.0
114,114年決算書第三冊.pdf,32,0,0.0
114,114年決算書第三冊.pdf,33,0,0.0
114,114年決算書第三冊.pdf,34,95,0.0
114,114年決算書第三冊.pdf,35,0,0.0
114,114年決算書第三冊.pdf,36,707,0.0
114,114年決算書第三冊.pdf,37,0,0.0
114,114年決算書第三冊.pdf,38,750,0.0
114,114年決算書第三冊.pdf,39,730,0.0
114,114年決算書第三冊.pdf,40,708,0.0
114,114年決算書第三冊.pdf,41,1223,0.0
114,114年決算書第三冊.pdf,42,630,0.0
114,114年決算書第三冊.pdf,43,1236,0.0
114,114年決算書第三冊.pdf,44,297,0.0
114,114年決算書第三冊.pdf,45,543,0.0
114,114年決算書第三冊.pdf,46,259,0.0
114,114年決算書第三冊.pdf,47,296,0.0
114,114年決算書第三冊.pdf,48,146,0.0
114,114年決算書第三冊.pdf,49,793,0.0
114,114年決算書第三冊.pdf,50,524,0.0
114,114年決算書第三冊.pdf,51,106,0.0
114,114年決算書第三冊.pdf,52,207,0.0
114,114年決算書第三冊.pdf,53,1258,0.0
114,114年決算書第三冊.pdf,54,189,0.0
114,114年決算書第三冊.pdf,55,1611,0.0
114,114年決算書第三冊.pdf,56,869,0.0
114,114年決算書第三冊.pdf,57,470,0.0
114,114年決算書第三冊.pdf,58,134,0.0
114,114年決算書第三冊.pdf,59,1458,0.0
114,114年決算書第三冊.pdf,60,471,0.0
114,114年決算書第三冊.pdf,61,919,0.0
114,114年決算書第三冊.pdf,62,0,0.0
114,114年決算書第三冊.pdf,63,0,0.0
114,114年決算書第三冊.pdf,64,95,0.0
114,114年決算書第三冊.pdf,65,0,0.0
114,114年決算書第三冊.pdf,66,707,0.0
114,114年決算書第三冊.pdf,67,0,0.0
114,114年決算書第三冊.pdf,68,776,0.0
114,114年決算書第三冊.pdf,69,821,0.0
114,114年決算書第三冊.pdf,70,357,0.0
114,114年決算書第三冊.pdf,71,1000,0.0
114,114年決算書第三冊.pdf,72,433,0.0
114,114年決算書第三冊.pdf,73,1213,0.0
114,114年決算書第三冊.pdf,74,11,0.0
114,114年決算書第三冊.pdf,75,478,0.0
114,114年決算書第三冊.pdf,76,202,0.0
114,114年決算書第三冊.pdf,77,341,0.0
114,114年決算書第三冊.pdf,78,135,0.0
114,114年決算書第三冊.pdf,79,677,0.0
114,114年決算書第三冊.pdf,80,496,0.0
114,114年決算書第三冊.pdf,81,93,0.0
114,114年決算書第三冊.pdf,82,200,0.0
114,114年決算書第三冊.pdf,83,0,0.0
114,114年決算書第三冊.pdf,84,258,0.0
114,114年決算書第三冊.pdf,85,1579,0.0
114,114年決算書第三冊.pdf,86,918,0.0
114,114年決算書第三冊.pdf,87,305,0.0
114,114年決算書第三冊.pdf,88,153,0.0
114,114年決算書第三冊.pdf,89,0,0.0
114,114年決算書第三冊.pdf,90,464,0.0
114,114年決算書第三冊.pdf,91,797,0.0
114,114年決算書第三冊.pdf,92,0,0.0
114,114年決算書第三冊.pdf,93,0,0.0
114,114年決算書第三冊.pdf,94,95,0.0
114,114年決算書第三冊.pdf,95,0,0.0
114,114年決算書第三冊.pdf,96,707,0.0
114,114年決算書第三冊.pdf,97,0,0.0
114,114年決算書第三冊.pdf,98,766,0.0
114,114年決算書第三冊.pdf,99,788,0.0
114,114年決算書第三冊.pdf,100,779,0.0
114,114年決算書第三冊.pdf,101,1253,0.0
114,114年決算書第三冊.pdf,102,587,0.0
114,114年決算書第三冊.pdf,103,1295,0.0
114,114年決算書第三冊.pdf,104,517,0.0
114,114年決算書第三冊.pdf,105,819,0.0
114,114年決算書第三冊.pdf,106,257,0.0
114,114年決算書第三冊.pdf,107,551,0.0
114,114年決算書第三冊.pdf,108,151,0.0
114,114年決算書第三冊.pdf,109,829,0.0
114,114年決算書第三冊.pdf,110,460,0.0
114,114年決算書第三冊.pdf,111,93,0.0
114,114年決算書第三冊.pdf,112,316,0.0
114,114年決算書第三冊.pdf,113,1407,0.0
114,114年決算書第三冊.pdf,114,238,0.0
114,114年決算書第三冊.pdf,115,1579,0.0
114,114年決算書第三冊.pdf,116,909,0.0
114,114年決算書第三冊.pdf,117,500,0.0
114,114年決算書第三冊.pdf,118,118,0.0
114,114年決算書第三冊.pdf,119,1592,0.0
114,114年決算書第三冊.pdf,120,479,0.0
114,114年決算書第三冊.pdf,121,1020,0.0
114,114年決算書第三冊.pdf,122,0,0.0
114,114年決算書第三冊.pdf,123,0,0.0
114,114年決算書第三冊.pdf,124,17,0.0
114,114年決算書第三冊.pdf,125,0,0.0
114,114年決算書第三冊.pdf,126,72,0.0
114,114年決算書第三冊.pdf,127,0,0.0
114,114年決算書第三冊.pdf,128,189,0.0
114,114年決算書第三冊.pdf,129,311,0.0
114,114年決算書第三冊.pdf,130,356,0.0
114,114年決算書第三冊.pdf,131,101,0.0
114,114年決算書第三冊.pdf,132,1587,1.0
114,114年決算書第三冊.pdf,133,802,1.0
114,114年決算書第三冊.pdf,134,1431,1.0
114,114年決算書第三冊.pdf,135,570,1.0
114,114年決算書第三冊.pdf,136,11,0.0
114,114年決算書第三冊.pdf,137,710,1.0
114,114年決算書第三冊.pdf,138,594,1.0
114,114年決算書第三冊.pdf,139,685,1.0
114,114年決算書第三冊.pdf,140,349,1.0
114,114年決算書第三冊.pdf,141,835,1.0
114,114年決算書第三冊.pdf,142,620,1.0
114,114年決算書第三冊.pdf,143,159,1.0
114,114年決算書第三冊.pdf,144,340,1.0
114,114年決算書第三冊.pdf,145,1036,0.0
114,114年決算書第三冊.pdf,146,296,1.0
114,114年決算書第三冊.pdf,147,1745,1.0
114,114年決算書第三冊.pdf,148,1061,1.0
114,114年決算書第三冊.pdf,149,862,1.0
114,114年決算書第三冊.pdf,150,169,1.0
114,114年決算書第三冊.pdf,151,1344,0.0
114,114年決算書第三冊.pdf,152,574,1.0
114,114年決算書第三冊.pdf,153,1096,1.0
114,114年決算書第三冊.pdf,154,0,0.0
114,114年決算書第三冊.pdf,155,0,0.0
114,114年決算書第三冊.pdf,156,99,0.0
114,114年決算書第三冊.pdf,157,0,0.0
114,114年決算書第三冊.pdf,158,709,0.0
114,114年決算書第三冊.pdf,159,0,0.0
114,114年決算書第三冊.pdf,160,775,0.0
114,114年決算書第三冊.pdf,161,831,0.0
114,114年決算書第三冊.pdf,162,359,0.0
114,114年決算書第三冊.pdf,163,1055,0.0
114,114年決算書第三冊.pdf,164,491,0.0
114,114年決算書第三冊.pdf,165,1177,0.0
114,114年決算書第三冊.pdf,166,170,0.0
114,114年決算書第三冊.pdf,167,643,0.0
114,114年決算書第三冊.pdf,168,230,0.0
114,114年決算書第三冊.pdf,169,408,0.0
114,114年決算書第三冊.pdf,170,131,0.0
114,114年決算書第三冊.pdf,171,650,0.0
114,114年決算書第三冊.pdf,172,487,0.0
114,114年決算書第三冊.pdf,173,95,0.0
114,114年決算書第三冊.pdf,174,203,0.0
114,114年決算書第三冊.pdf,175,1124,0.0
114,114年決算書第三冊.pdf,176,225,0.0
114,114年決算書第三冊.pdf,177,1638,1.0
114,114年決算書第三冊.pdf,178,951,1.0
114,114年決算書第三冊.pdf,179,572,1.0
114,114年決算書第三冊.pdf,180,149,1.0
114,114年決算書第三冊.pdf,181,1450,0.0
114,114年決算書第三冊.pdf,182,461,0.0
114,114年決算書第三冊.pdf,183,867,0.0
114,114年決算書第三冊.pdf,184,0,0.0
114,114年決算書第三冊.pdf,185,0,0.0
114,114年決算書第三冊.pdf,186,97,0.0
114,114年決算書第三冊.pdf,187,0,0.0
114,114年決算書第三冊.pdf,188,708,0.0
114,114年決算書第三冊.pdf,189,0,0.0
114,114年決算書第三冊.pdf,190,814,0.0
114,114年決算書第三冊.pdf,191,829,0.0
114,114年決算書第三冊.pdf,192,433,0.0
114,114年決算書第三冊.pdf,193,1134,0.0
114,114年決算書第三冊.pdf,194,561,0.0
114,114年決算書第三冊.pdf,195,1210,0.0
114,114年決算書第三冊.pdf,196,446,0.0
114,114年決算書第三冊.pdf,197,589,0.0
114,114年決算書第三冊.pdf,198,258,0.0
114,114年決算書第三冊.pdf,199,371,0.0
114,114年決算書第三冊.pdf,200,155,0.0
114,114年決算書第三冊.pdf,201,758,0.0
114,114年決算書第三冊.pdf,202,484,0.0
114,114年決算書第三冊.pdf,203,110,0.0
114,114年決算書第三冊.pdf,204,209,0.0
114,114年決算書第三冊.pdf,205,1331,0.0
114,114年決算書第三冊.pdf,206,236,0.0
114,114年決算書第三冊.pdf,207,1558,0.0
114,114年決算書第三冊.pdf,208,757,0.0
114,114年決算書第三冊.pdf,209,353,0.0
114,114年決算書第三冊.pdf,210,121,0.0
114,114年決算書第三冊.pdf,211,1503,0.0
114,114年決算書第三冊.pdf,212,471,0.0
114,114年決算書第三冊.pdf,213,919,0.0
114,114年決算書第三冊.pdf,214,0,0.0
114,114年決算書第三冊.pdf,215,0,0.0
114,114年決算書第三冊.pdf,216,95,0.0
114,114年決算書第三冊.pdf,217,0,0.0
114,114年決算書第三冊.pdf,218,707,0.0
114,114年決算書第三冊.pdf,219,0,0.0
114,114年決算書第三冊.pdf,220,766,0.0
114,114年決算書第三冊.pdf,221,763,0.0
114,114年決算書第三冊.pdf,222,780,0.0
114,114年決算書第三冊.pdf,223,1326,0.0
114,114年決算書第三冊.pdf,224,708,0.0
114,114年決算書第三冊.pdf,225,1323,0.0
114,114年決算書第三冊.pdf,226,264,0.0
114,114年決算書第三冊.pdf,227,754,0.0
114,114年決算書第三冊.pdf,228,261,0.0
114,114年決算書第三冊.pdf,229,482,0.0
114,114年決算書第三冊.pdf,230,265,0.0
114,114年決算書第三冊.pdf,231,750,0.0
114,114年決算書第三冊.pdf,232,463,0.0
114,114年決算書第三冊.pdf,233,93,0.0
114,114年決算書第三冊.pdf,234,255,0.0
114,114年決算書第三冊.pdf,235,1321,0.0
114,114年決算書第三冊.pdf,236,263,0.0
114,114年決算書第三冊.pdf,237,1569,0.0
114,114年決算書第三冊.pdf,238,1072,0.0
114,114年決算書第三冊.pdf,239,605,0.0
114,114年決算書第三冊.pdf,240,118,0.0
114,114年決算書第三冊.pdf,241,1644,0.0
114,114年決算書第三冊.pdf,242,476,0.0
114,114年決算書第三冊.pdf,243,1018,0.0
114,114年決算書第三冊.pdf,244,0,0.0
114,114年決算書第三冊.pdf,245,0,0.0
114,114年決算書第三冊.pdf,246,95,0.0
114,114年決算書第三冊.pdf,247,0,0.0
114,114年決算書第三冊.pdf,248,707,0.0
114,114年決算書第三冊.pdf,249,0,0.0
114,114年決算書第三冊.pdf,250,796,0.0
114,114年決算書第三冊.pdf,251,797,0.0
114,114年決算書第三冊.pdf,252,601,0.0
114,114年決算書第三冊.pdf,253,1163,0.0
114,114年決算書第三冊.pdf,254,575,0.0
114,114年決算書第三冊.pdf,255,1206,0.0
114,114年決算書第三冊.pdf,256,261,0.0
114,114年決算書第三冊.pdf,257,790,0.0
114,114年決算書第三冊.pdf,258,267,0.0
114,114年決算書第三冊.pdf,259,490,0.0
114,114年決算書第三冊.pdf,260,169,0.0
114,114年決算書第三冊.pdf,261,726,0.0
114,114年決算書第三冊.pdf,262,444,0.0
114,114年決算書第三冊.pdf,263,93,0.0
114,114年決算書第三冊.pdf,264,254,0.0
114,114年決算書第三冊.pdf,265,1237,0.0
114,114年決算書第三冊.pdf,266,230,0.0
114,114年決算書第三冊.pdf,267,1609,0.0
114,114年決算書第三冊.pdf,268,890,1.0
114,114年決算書第三冊.pdf,269,430,0.0
114,114年決算書第三冊.pdf,270,151,1.0
114,114年決算書第三冊.pdf,271,1477,0.0
114,114年決算書第三冊.pdf,272,473,0.0
114,114年決算書第三冊.pdf,273,970,0.0
114,114年決算書第三冊.pdf,274,0,0.0
114,114年決算書第三冊.pdf,275,0,0.0
114,114年決算書第三冊.pdf,276,95,0.0
114,114年決算書第三冊.pdf,277,0,0.0
114,114年決算書第三冊.pdf,278,707,0.0
114,114年決算書第三冊.pdf,279,0,0.0
114,114年決算書第三冊.pdf,280,785,0.0
114,114年決算書第三冊.pdf,281,793,0.0
114,114年決算書第三冊.pdf,282,681,0.0
114,114年決算書第三冊.pdf,283,1205,0.0
114,114年決算書第三冊.pdf,284,646,0.0
114,114年決算書第三冊.pdf,285,1285,0.0
114,114年決算書第三冊.pdf,286,333,0.0
114,114年決算書第三冊.pdf,287,663,0.0
114,114年決算書第三冊.pdf,288,278,0.0
114,114年決算書第三冊.pdf,289,350,0.0
114,114年決算書第三冊.pdf,290,188,0.0
114,114年決算書第三冊.pdf,291,774,0.0
114,114年決算書第三冊.pdf,292,461,0.0
114,114年決算書第三冊.pdf,293,103,0.0
114,114年決算書第三冊.pdf,294,258,0.0
114,114年決算書第三冊.pdf,295,1319,0.0
114,114年決算書第三冊.pdf,296,237,0.0
114,114年決算書第三冊.pdf,297,1635,0.0
114,114年決算書第三冊.pdf,298,991,0.0
114,114年決算書第三冊.pdf,299,423,0.0
114,114年決算書第三冊.pdf,300,122,0.0
114,114年決算書第三冊.pdf,301,1529,0.0
114,114年決算書第三冊.pdf,302,471,0.0
114,114年決算書第三冊.pdf,303,1025,0.0
114,114年決算書第三冊.pdf,304,0,0.0
114,114年決算書第三冊.pdf,305,0,0.0
114,114年決算書第三冊.pdf,306,21,0.0
114,114年決算書第三冊.pdf,307,0,0.0
114,114年決算書第三冊.pdf,308,0,0.0
114,114年決算書第三冊.pdf,309,0,0.0
114,114年決算書第三冊.pdf,310,0,0.0
114,114年決算書第三冊.pdf,311,0,0.0
114,114年決算書第三冊.pdf,312,0,0.0
114,114年決算書第三冊.pdf,313,0,0.0
114,114年決算書第三冊.pdf,314,0,0.0
114,114年決算書第三冊.pdf,315,0,0.0
114,114年決算書第三冊.pdf,316,0,0.0
114,114年決算書第三冊.pdf,317,0,0.0
114,114年決算書第三冊.pdf,318,0,0.0
114,114年決算書第三冊.pdf,319,0,0.0
114,114年決算書第三冊.pdf,320,0,0.0
114,114年決算書第三冊.pdf,321,0,0.0
114,114年決算書第三冊.pdf,322,0,0.0
114,114年決算書第三冊.pdf,323,0,0.0
114,114年決算書第三冊.pdf,324,0,0.0
114,114年決算書第三冊.pdf,325,0,0.0
114,114年決算書第三冊.pdf,326,0,0.0
114,114年決算書第三冊.pdf,327,0,0.0
114,114年決算書第三冊.pdf,328,0,0.0
114,114年決算書第三冊.pdf,329,0,0.0
114,114年決算書第三冊.pdf,330,0,0.0
114,114年決算書第三冊.pdf,331,0,0.0
114,114年決算書第三冊.pdf,332,0,0.0
114,114年決算書第三冊.pdf,333,0,0.0
114,114年決算書第三冊.pdf,334,0,0.0
114,114年決算書第三冊.pdf,335,0,0.0
114,114年決算書第三冊.pdf,336,99,0.0
114,114年決算書第三冊.pdf,337,0,0.0
114,114年決算書第三冊.pdf,338,709,0.0
114,114年決算書第三冊.pdf,339,0,0.0
114,114年決算書第三冊.pdf,340,752,0.0
114,114年決算書第三冊.pdf,341,814,0.0
114,114年決算書第三冊.pdf,342,312,0.0
114,114年決算書第三冊.pdf,343,951,0.0
114,114年決算書第三冊.pdf,344,464,0.0
114,114年決算書第三冊.pdf,345,1236,0.0
114,114年決算書第三冊.pdf,346,171,0.0
114,114年決算書第三冊.pdf,347,622,0.0
114,114年決算書第三冊.pdf,348,249,0.0
114,114年決算書第三冊.pdf,349,280,0.0
114,114年決算書第三冊.pdf,350,121,0.0
114,114年決算書第三冊.pdf,351,688,0.0
114,114年決算書第三冊.pdf,352,476,0.0
114,114年決算書第三冊.pdf,353,95,0.0
114,114年決算書第三冊.pdf,354,244,0.0
114,114年決算書第三冊.pdf,355,1147,0.0
114,114年決算書第三冊.pdf,356,250,0.0
114,114年決算書第三冊.pdf,357,1532,0.0
114,114年決算書第三冊.pdf,358,767,0.0
114,114年決算書第三冊.pdf,359,358,0.0
114,114年決算書第三冊.pdf,360,116,0.0
114,114年決算書第三冊.pdf,361,1476,0.0
114,114年決算書第三冊.pdf,362,471,0.0
114,114年決算書第三冊.pdf,363,924,0.0
114,114年決算書第三冊.pdf,364,0,0.0
114,114年決算書第三冊.pdf,365,0,0.0
114,114年決算書第三冊.pdf,366,99,0.0
114,114年決算書第三冊.pdf,367,0,0.0
114,114年決算書第三冊.pdf,368,709,0.0
114,114年決算書第三冊.pdf,369,0,0.0
114,114年決算書第三冊.pdf,370,772,0.0
114,114年決算書第三冊.pdf,371,800,0.0
114,114年決算書第三冊.pdf,372,462,0.0
114,114年決算書第三冊.pdf,373,1071,0.0
114,114年決算書第三冊.pdf,374,529,0.0
114,114年決算書第三冊.pdf,375,1229,0.0
114,114年決算書第三冊.pdf,376,332,0.0
114,114年決算書第三冊.pdf,377,502,0.0
114,114年決算書第三冊.pdf,378,218,0.0
114,114年決算書第三冊.pdf,379,304,0.0
114,114年決算書第三冊.pdf,380,131,0.0
114,114年決算書第三冊.pdf,381,746,0.0
114,114年決算書第三冊.pdf,382,482,0.0
114,114年決算書第三冊.pdf,383,123,0.0
114,114年決算書第三冊.pdf,384,296,0.0
114,114年決算書第三冊.pdf,385,1212,0.0
114,114年決算書第三冊.pdf,386,252,0.0
114,114年決算書第三冊.pdf,387,1481,0.0
114,114年決算書第三冊.pdf,388,804,0.0
114,114年決算書第三冊.pdf,389,251,0.0
114,114年決算書第三冊.pdf,390,118,0.0
114,114年決算書第三冊.pdf,391,1390,0.0
114,114年決算書第三冊.pdf,392,475,0.0
114,114年決算書第三冊.pdf,393,916,0.0
114,114年決算書第三冊.pdf,394,0,0.0
114,114年決算書第三冊.pdf,395,0,0.0
114,114年決算書第三冊.pdf,396,95,0.0
114,114年決算書第三冊.pdf,397,0,0.0
114,114年決算書第三冊.pdf,398,707,0.0
114,114年決算書第三冊.pdf,399,0,0.0
114,114年決算書第三冊.pdf,400,820,0.0
114,114年決算書第三冊.pdf,401,825,0.0
114,114年決算書第三冊.pdf,402,851,0.0
114,114年決算書第三冊.pdf,403,1201,0.0
114,114年決算書第三冊.pdf,404,602,0.0
114,114年決算書第三冊.pdf,405,1286,0.0
114,114年決算書第三冊.pdf,406,316,0.0
114,114年決算書第三冊.pdf,407,811,0.0
114,114年決算書第三冊.pdf,408,265,0.0
114,114年決算書第三冊.pdf,409,497,0.0
114,114年決算書第三冊.pdf,410,139,0.0
114,114年決算書第三冊.pdf,411,783,0.0
114,114年決算書第三冊.pdf,412,445,0.0
114,114年決算書第三冊.pdf,413,93,0.0
114,114年決算書第三冊.pdf,414,309,0.0
114,114年決算書第三冊.pdf,415,1261,0.0
114,114年決算書第三冊.pdf,416,231,0.0
114,114年決算書第三冊.pdf,417,1731,1.0
114,114年決算書第三冊.pdf,418,927,1.0
114,114年決算書第三冊.pdf,419,463,1.0
114,114年決算書第三冊.pdf,420,170,1.0
114,114年決算書第三冊.pdf,421,1569,0.0
114,114年決算書第三冊.pdf,422,476,0.0
114,114年決算書第三冊.pdf,423,998,0.0
114,114年決算書第三冊.pdf,424,0,0.0
114,114年決算書第三冊.pdf,425,0,0.0
114,114年決算書第三冊.pdf,426,95,0.0
114,114年決算書第三冊.pdf,427,0,0.0
114,114年決算書第三冊.pdf,428,707,0.0
114,114年決算書第三冊.pdf,429,0,0.0
114,114年決算書第三冊.pdf,430,779,0.0
114,114年決算書第三冊.pdf,431,840,0.0
114,114年決算書第三冊.pdf,432,357,0.0
114,114年決算書第三冊.pdf,433,998,0.0
114,114年決算書第三冊.pdf,434,483,0.0
114,114年決算書第三冊.pdf,435,1231,0.0
114,114年決算書第三冊.pdf,436,170,0.0
114,114年決算書第三冊.pdf,437,628,0.0
114,114年決算書第三冊.pdf,438,261,0.0
114,114年決算書第三冊.pdf,439,376,0.0
114,114年決算書第三冊.pdf,440,106,0.0
114,114年決算書第三冊.pdf,441,644,0.0
114,114年決算書第三冊.pdf,442,439,0.0
114,114年決算書第三冊.pdf,443,93,0.0
114,114年決算書第三冊.pdf,444,246,0.0
114,114年決算書第三冊.pdf,445,1169,0.0
114,114年決算書第三冊.pdf,446,254,0.0
114,114年決算書第三冊.pdf,447,1589,0.0
114,114年決算書第三冊.pdf,448,803,0.0
114,114年決算書第三冊.pdf,449,450,0.0
114,114年決算書第三冊.pdf,450,135,0.0
114,114年決算書第三冊.pdf,451,1333,0.0
114,114年決算書第三冊.pdf,452,460,0.0
114,114年決算書第三冊.pdf,453,846,0.0
114,114年決算書第三冊.pdf,454,0,0.0
114,114年決算書第三冊.pdf,455,0,0.0
114,114年決算書第三冊.pdf,456,95,0.0
114,114年決算書第三冊.pdf,457,0,0.0
114,114年決算書第三冊.pdf,458,707,0.0
114,114年決算書第三冊.pdf,459,0,0.0
114,114年決算書第三冊.pdf,460,763,0.0
114,114年決算書第三冊.pdf,461,760,0.0
114,114年決算書第三冊.pdf,462,352,0.0
114,114年決算書第三冊.pdf,463,969,0.0
114,114年決算書第三冊.pdf,464,475,0.0
114,114年決算書第三冊.pdf,465,1205,0.0
114,114年決算書第三冊.pdf,466,11,0.0
114,114年決算書第三冊.pdf,467,629,0.0
114,114年決算書第三冊.pdf,468,227,0.0
114,114年決算書第三冊.pdf,469,404,0.0
114,114年決算書第三冊.pdf,470,109,0.0
114,114年決算書第三冊.pdf,471,644,0.0
114,114年決算書第三冊.pdf,472,474,0.0
114,114年決算書第三冊.pdf,473,93,0.0
114,114年決算書第三冊.pdf,474,260,0.0
114,114年決算書第三冊.pdf,475,1026,0.0
114,114年決算書第三冊.pdf,476,224,0.0
114,114年決算書第三冊.pdf,477,1441,0.0
114,114年決算書第三冊.pdf,478,733,0.0
114,114年決算書第三冊.pdf,479,295,0.0
114,114年決算書第三冊.pdf,480,112,0.0
114,114年決算書第三冊.pdf,481,1113,0.0
114,114年決算書第三冊.pdf,482,458,0.0
114,114年決算書第三冊.pdf,483,807,0.0
114,114年決算書第三冊.pdf,484,0,0.0
114,114年決算書第三冊.pdf,485,0,0.0
114,114年決算書第三冊.pdf,486,95,0.0
114,114年決算書第三冊.pdf,487,0,0.0
114,114年決算書第三冊.pdf,488,709,0.0
114,114年決算書第三冊.pdf,489,0,0.0
114,114年決算書第三冊.pdf,490,737,0.0
114,114年決算書第三冊.pdf,491,815,0.0
114,114年決算書第三冊.pdf,492,888,0.0
114,114年決算書第三冊.pdf,493,207,0.0
114,114年決算書第三冊.pdf,494,1333,0.0
114,114年決算書第三冊.pdf,495,773,0.0
114,114年決算書第三冊.pdf,496,1254,0.0
114,114年決算書第三冊.pdf,497,420,0.0
114,114年決算書第三冊.pdf,498,11,0.0
114,114年決算書第三冊.pdf,499,849,0.0
114,114年決算書第三冊.pdf,500,299,0.0
114,114年決算書第三冊.pdf,501,488,0.0
114,114年決算書第三冊.pdf,502,161,0.0
114,114年決算書第三冊.pdf,503,814,0.0
114,114年決算書第三冊.pdf,504,459,0.0
114,114年決算書第三冊.pdf,505,93,0.0
114,114年決算書第三冊.pdf,506,345,0.0
114,114年決算書第三冊.pdf,507,1252,0.0
114,114年決算書第三冊.pdf,508,234,0.0
114,114年決算書第三冊.pdf,509,1650,0.0
114,114年決算書第三冊.pdf,510,943,0.0
114,114年決算書第三冊.pdf,511,545,0.0
114,114年決算書第三冊.pdf,512,134,0.0
114,114年決算書第三冊.pdf,513,1656,0.0
114,114年決算書第三冊.pdf,514,475,0.0
114,114年決算書第三冊.pdf,515,1059,0.0
114,114年決算書第三冊.pdf,516,0,0.0
114,114年決算書第三冊.pdf,517,0,0.0
114,114年決算書第三冊.pdf,518,95,0.0
114,114年決算書第三冊.pdf,519,0,0.0
114,114年決算書第三冊.pdf,520,707,0.0
114,114年決算書第三冊.pdf,521,0,0.0
114,114年決算書第三冊.pdf,522,761,0.0
114,114年決算書第三冊.pdf,523,785,0.0
114,114年決算書第三冊.pdf,524,625,0.0
114,114年決算書第三冊.pdf,525,1178,0.0
114,114年決算書第三冊.pdf,526,559,0.0
114,114年決算書第三冊.pdf,527,1258,0.0
114,114年決算書第三冊.pdf,528,299,0.0
114,114年決算書第三冊.pdf,529,617,0.0
114,114年決算書第三冊.pdf,530,273,0.0
114,114年決算書第三冊.pdf,531,299,0.0
114,114年決算書第三冊.pdf,532,183,0.0
114,114年決算書第三冊.pdf,533,777,0.0
114,114年決算書第三冊.pdf,534,441,0.0
114,114年決算書第三冊.pdf,535,93,0.0
114,114年決算書第三冊.pdf,536,300,0.0
114,114年決算書第三冊.pdf,537,1204,0.0
114,114年決算書第三冊.pdf,538,232,0.0
114,114年決算書第三冊.pdf,539,1647,0.0
114,114年決算書第三冊.pdf,540,785,0.0
114,114年決算書第三冊.pdf,541,418,0.0
114,114年決算書第三冊.pdf,542,104,0.0
114,114年決算書第三冊.pdf,543,1561,0.0
114,114年決算書第三冊.pdf,544,478,0.0
114,114年決算書第三冊.pdf,545,931,0.0
114,114年決算書第三冊.pdf,546,0,0.0
114,114年決算書第三冊.pdf,547,0,0.0
114,114年決算書第三冊.pdf,548,95,0.0
114,114年決算書第三冊.pdf,549,0,0.0
114,114年決算書第三冊.pdf,550,707,0.0
114,114年決算書第三冊.pdf,551,0,0.0
114,114年決算書第三冊.pdf,552,746,0.0
114,114年決算書第三冊.pdf,553,856,0.0
114,114年決算書第三冊.pdf,554,766,0.0
114,114年決算書第三冊.pdf,555,1389,0.0
114,114年決算書第三冊.pdf,556,651,0.0
114,114年決算書第三冊.pdf,557,1251,0.0
114,114年決算書第三冊.pdf,558,514,0.0
114,114年決算書第三冊.pdf,559,524,0.0
114,114年決算書第三冊.pdf,560,437,0.0
114,114年決算書第三冊.pdf,561,504,0.0
114,114年決算書第三冊.pdf,562,168,0.0
114,114年決算書第三冊.pdf,563,861,0.0
114,114年決算書第三冊.pdf,564,453,0.0
114,114年決算書第三冊.pdf,565,93,0.0
114,114年決算書第三冊.pdf,566,269,0.0
114,114年決算書第三冊.pdf,567,1378,0.0
114,114年決算書第三冊.pdf,568,245,0.0
114,114年決算書第三冊.pdf,569,1528,0.0
114,114年決算書第三冊.pdf,570,866,0.0
114,114年決算書第三冊.pdf,571,326,0.0
114,114年決算書第三冊.pdf,572,117,0.0
114,114年決算書第三冊.pdf,573,1700,0.0
114,114年決算書第三冊.pdf,574,473,0.0
114,114年決算書第三冊.pdf,575,1032,0.0
114,114年決算書第三冊.pdf,576,0,0.0
114,114年決算書第三冊.pdf,577,0,0.0
114,114年決算書第三冊.pdf,578,95,0.0
114,114年決算書第三冊.pdf,579,0,0.0
114,114年決算書第三冊.pdf,580,707,0.0
114,114年決算書第三冊.pdf,581,0,0.0
114,114年決算書第三冊.pdf,582,789,0.0
114,114年決算書第三冊.pdf,583,846,0.0
114,114年決算書第三冊.pdf,584,834,0.0
114,114年決算書第三冊.pdf,585,1344,0.0
114,114年決算書第三冊.pdf,586,725,0.0
114,114年決算書第三冊.pdf,587,1285,0.0
114,114年決算書第三冊.pdf,588,341,0.0
114,114年決算書第三冊.pdf,589,577,0.0
114,114年決算書第三冊.pdf,590,262,0.0
114,114年決算書第三冊.pdf,591,332,0.0
114,114年決算書第三冊.pdf,592,140,0.0
114,114年決算書第三冊.pdf,593,740,0.0
114,114年決算書第三冊.pdf,594,448,0.0
114,114年決算書第三冊.pdf,595,93,0.0
114,114年決算書第三冊.pdf,596,320,0.0
114,114年決算書第三冊.pdf,597,1269,0.0
114,114年決算書第三冊.pdf,598,238,0.0
114,114年決算書第三冊.pdf,599,1680,0.0
114,114年決算書第三冊.pdf,600,856,0.0
114,114年決算書第三冊.pdf,601,397,0.0
114,114年決算書第三冊.pdf,602,143,0.0
114,114年決算書第三冊.pdf,603,1727,0.0
114,114年決算書第三冊.pdf,604,476,0.0
114,114年決算書第三冊.pdf,605,989,0.0
114,114年決算書第三冊.pdf,606,0,0.0
114,114年決算書第三冊.pdf,607,0,0.0
114,114年決算書第三冊.pdf,608,95,0.0
114,114年決算書第三冊.pdf,609,0,0.0
114,114年決算書第三冊.pdf,610,707,0.0
114,114年決算書第三冊.pdf,611,0,0.0
114,114年決算書第三冊.pdf,612,813,0.0
114,114年決算書第三冊.pdf,613,843,0.0
114,114年決算書第三冊.pdf,614,778,0.0
114,114年決算書第三冊.pdf,615,1461,0.0
114,114年決算書第三冊.pdf,616,840,0.0
114,114年決算書第三冊.pdf,617,1323,0.0
114,114年決算書第三冊.pdf,618,362,0.0
114,114年決算書第三冊.pdf,619,645,0.0
114,114年決算書第三冊.pdf,620,264,0.0
114,114年決算書第三冊.pdf,621,432,0.0
114,114年決算書第三冊.pdf,622,218,0.0
114,114年決算書第三冊.pdf,623,834,0.0
114,114年決算書第三冊.pdf,624,470,0.0
114,114年決算書第三冊.pdf,625,93,0.0
114,114年決算書第三冊.pdf,626,261,0.0
114,114年決算書第三冊.pdf,627,1338,0.0
114,114年決算書第三冊.pdf,628,241,0.0
114,114年決算書第三冊.pdf,629,1657,0.0
114,114年決算書第三冊.pdf,630,1045,0.0
114,114年決算書第三冊.pdf,631,348,0.0
114,114年決算書第三冊.pdf,632,137,0.0
114,114年決算書第三冊.pdf,633,1667,0.0
114,114年決算書第三冊.pdf,634,477,0.0
114,114年決算書第三冊.pdf,635,1020,0.0
114,114年決算書第三冊.pdf,636,0,0.0
114,114年決算書第三冊.pdf,637,0,0.0
114,114年決算書第三冊.pdf,638,95,0.0
114,114年決算書第三冊.pdf,639,0,0.0
114,114年決算書第三冊.pdf,640,709,0.0
114,114年決算書第三冊.pdf,641,0,0.0
114,114年決算書第三冊.pdf,642,766,0.0
114,114年決算書第三冊.pdf,643,818,0.0
114,114年決算書第三冊.pdf,644,844,0.0
114,114年決算書第三冊.pdf,645,339,0.0
114,114年決算書第三冊.pdf,646,1365,0.0
114,114年決算書第三冊.pdf,647,754,0.0
114,114年決算書第三冊.pdf,648,1318,0.0
114,114年決算書第三冊.pdf,649,470,0.0
114,114年決算書第三冊.pdf,650,11,0.0
114,114年決算書第三冊.pdf,651,612,0.0
114,114年決算書第三冊.pdf,652,446,0.0
114,114年決算書第三冊.pdf,653,515,0.0
114,114年決算書第三冊.pdf,654,222,0.0
114,114年決算書第三冊.pdf,655,814,0.0
114,114年決算書第三冊.pdf,656,456,0.0
114,114年決算書第三冊.pdf,657,121,0.0
114,114年決算書第三冊.pdf,658,354,0.0
114,114年決算書第三冊.pdf,659,1362,0.0
114,114年決算書第三冊.pdf,660,236,0.0
114,114年決算書第三冊.pdf,661,1640,0.0
114,114年決算書第三冊.pdf,662,1051,0.0
114,114年決算書第三冊.pdf,663,609,0.0
114,114年決算書第三冊.pdf,664,134,0.0
114,114年決算書第三冊.pdf,665,1651,0.0
114,114年決算書第三冊.pdf,666,476,0.0
114,114年決算書第三冊.pdf,667,1018,0.0
114,114年決算書第三冊.pdf,668,0,0.0
114,114年決算書第三冊.pdf,669,0,0.0
114,114年決算書第三冊.pdf,670,95,0.0
114,114年決算書第三冊.pdf,671,0,0.0
114,114年決算書第三冊.pdf,672,707,0.0
114,114年決算書第三冊.pdf,673,0,0.0
114,114年決算書第三冊.pdf,674,784,0.0
114,114年決算書第三冊.pdf,675,812,0.0
114,114年決算書第三冊.pdf,676,701,0.0
114,114年決算書第三冊.pdf,677,1205,0.0
114,114年決算書第三冊.pdf,678,630,0.0
114,114年決算書第三冊.pdf,679,1200,0.0
114,114年決算書第三冊.pdf,680,342,0.0
114,114年決算書第三冊.pdf,681,557,0.0
114,114年決算書第三冊.pdf,682,255,0.0
114,114年決算書第三冊.pdf,683,320,0.0
114,114年決算書第三冊.pdf,684,174,0.0
114,114年決算書第三冊.pdf,685,688,0.0
114,114年決算書第三冊.pdf,686,406,0.0
114,114年決算書第三冊.pdf,687,93,0.0
114,114年決算書第三冊.pdf,688,312,0.0
114,114年決算書第三冊.pdf,689,1216,0.0
114,114年決算書第三冊.pdf,690,236,0.0
114,114年決算書第三冊.pdf,691,1604,0.0
114,114年決算書第三冊.pdf,692,802,0.0
114,114年決算書第三冊.pdf,693,432,0.0
114,114年決算書第三冊.pdf,694,130,0.0
114,114年決算書第三冊.pdf,695,1566,0.0
114,114年決算書第三冊.pdf,696,460,0.0
114,114年決算書第三冊.pdf,697,949,0.0
114,114年決算書第三冊.pdf,698,0,0.0
114,114年決算書第三冊.pdf,699,0,0.0
114,114年決算書第三冊.pdf,700,95,0.0
114,114年決算書第三冊.pdf,701,0,0.0
114,114年決算書第三冊.pdf,702,707,0.0
114,114年決算書第三冊.pdf,703,0,0.0
114,114年決算書第三冊.pdf,704,784,0.0
114,114年決算書第三冊.pdf,705,717,0.0
114,114年決算書第三冊.pdf,706,745,0.0
114,114年決算書第三冊.pdf,707,1284,0.0
114,114年決算書第三冊.pdf,708,714,0.0
114,114年決算書第三冊.pdf,709,1245,0.0
114,114年決算書第三冊.pdf,710,272,0.0
114,114年決算書第三冊.pdf,711,579,0.0
114,114年決算書第三冊.pdf,712,266,0.0
114,114年決算書第三冊.pdf,713,296,0.0
114,114年決算書第三冊.pdf,714,144,0.0
114,114年決算書第三冊.pdf,715,775,0.0
114,114年決算書第三冊.pdf,716,441,0.0
114,114年決算書第三冊.pdf,717,93,0.0
114,114年決算書第三冊.pdf,718,203,0.0
114,114年決算書第三冊.pdf,719,1288,0.0
114,114年決算書第三冊.pdf,720,239,0.0
114,114年決算書第三冊.pdf,721,1598,0.0
114,114年決算書第三冊.pdf,722,951,1.0
114,114年決算書第三冊.pdf,723,496,0.0
114,114年決算書第三冊.pdf,724,132,0.0
114,114年決算書第三冊.pdf,725,1621,0.0
114,114年決算書第三冊.pdf,726,475,0.0
114,114年決算書第三冊.pdf,727,1026,0.0
114,114年決算書第三冊.pdf,728,0,0.0
114,114年決算書第三冊.pdf,729,0,0.0
114,114年決算書第三冊.pdf,730,95,0.0
114,114年決算書第三冊.pdf,731,0,0.0
114,114年決算書第三冊.pdf,732,707,0.0
114,114年決算書第三冊.pdf,733,0,0.0
114,114年決算書第三冊.pdf,734,799,0.0
114,114年決算書第三冊.pdf,735,782,0.0
114,114年決算書第三冊.pdf,736,816,0.0
114,114年決算書第三冊.pdf,737,1386,0.0
114,114年決算書第三冊.pdf,738,680,0.0
114,114年決算書第三冊.pdf,739,1301,0.0
114,114年決算書第三冊.pdf,740,455,0.0
114,114年決算書第三冊.pdf,741,493,0.0
114,114年決算書第三冊.pdf,742,500,0.0
114,114年決算書第三冊.pdf,743,413,0.0
114,114年決算書第三冊.pdf,744,155,0.0
114,114年決算書第三冊.pdf,745,844,0.0
114,114年決算書第三冊.pdf,746,481,0.0
114,114年決算書第三冊.pdf,747,93,0.0
114,114年決算書第三冊.pdf,748,312,0.0
114,114年決算書第三冊.pdf,749,1337,0.0
114,114年決算書第三冊.pdf,750,233,0.0
114,114年決算書第三冊.pdf,751,1651,0.0
114,114年決算書第三冊.pdf,752,922,0.0
114,114年決算書第三冊.pdf,753,365,0.0
114,114年決算書第三冊.pdf,754,124,0.0
114,114年決算書第三冊.pdf,755,1705,0.0
114,114年決算書第三冊.pdf,756,479,0.0
114,114年決算書第三冊.pdf,757,1049,0.0
114,114年決算書第三冊.pdf,758,0,0.0
114,114年決算書第三冊.pdf,759,0,0.0
114,114年決算書第四冊.pdf,0,1276,0.0
114,114年決算書第四冊.pdf,1,1189,0.0
114,114年決算書第四冊.pdf,2,95,0.0
114,114年決算書第四冊.pdf,3,0,0.0
114,114年決算書第四冊.pdf,4,707,0.0
114,114年決算書第四冊.pdf,5,0,0.0
114,114年決算書第四冊.pdf,6,785,0.0
114,114年決算書第四冊.pdf,7,798,0.0
114,114年決算書第四冊.pdf,8,571,0.0
114,114年決算書第四冊.pdf,9,1208,0.0
114,114年決算書第四冊.pdf,10,605,0.0
114,114年決算書第四冊.pdf,11,1279,0.0
114,114年決算書第四冊.pdf,12,354,0.0
114,114年決算書第四冊.pdf,13,732,0.0
114,114年決算書第四冊.pdf,14,249,0.0
114,114年決算書第四冊.pdf,15,476,0.0
114,114年決算書第四冊.pdf,16,138,0.0
114,114年決算書第四冊.pdf,17,729,0.0
114,114年決算書第四冊.pdf,18,460,0.0
114,114年決算書第四冊.pdf,19,93,0.0
114,114年決算書第四冊.pdf,20,251,0.0
114,114年決算書第四冊.pdf,21,1339,0.0
114,114年決算書第四冊.pdf,22,263,0.0
114,114年決算書第四冊.pdf,23,1638,0.0
114,114年決算書第四冊.pdf,24,971,0.0
114,114年決算書第四冊.pdf,25,524,0.0
114,114年決算書第四冊.pdf,26,134,0.0
114,114年決算書第四冊.pdf,27,1550,0.0
114,114年決算書第四冊.pdf,28,478,0.0
114,114年決算書第四冊.pdf,29,1045,0.0
114,114年決算書第四冊.pdf,30,0,0.0
114,114年決算書第四冊.pdf,31,0,0.0
114,114年決算書第四冊.pdf,32,95,0.0
114,114年決算書第四冊.pdf,33,0,0.0
114,114年決算書第四冊.pdf,34,707,0.0
114,114年決算書第四冊.pdf,35,0,0.0
114,114年決算書第四冊.pdf,36,836,0.0
114,114年決算書第四冊.pdf,37,830,0.0
114,114年決算書第四冊.pdf,38,719,0.0
114,114年決算書第四冊.pdf,39,1194,0.0
114,114年決算書第四冊.pdf,40,643,0.0
114,114年決算書第四冊.pdf,41,1294,0.0
114,114年決算書第四冊.pdf,42,495,0.0
114,114年決算書第四冊.pdf,43,756,0.0
114,114年決算書第四冊.pdf,44,253,0.0
114,114年決算書第四冊.pdf,45,520,0.0
114,114年決算書第四冊.pdf,46,203,0.0
114,114年決算書第四冊.pdf,47,781,0.0
114,114年決算書第四冊.pdf,48,472,0.0
114,114年決算書第四冊.pdf,49,107,0.0
114,114年決算書第四冊.pdf,50,321,0.0
114,114年決算書第四冊.pdf,51,1385,0.0
114,114年決算書第四冊.pdf,52,303,0.0
114,114年決算書第四冊.pdf,53,1628,0.0
114,114年決算書第四冊.pdf,54,869,0.0
114,114年決算書第四冊.pdf,55,381,0.0
114,114年決算書第四冊.pdf,56,116,0.0
114,114年決算書第四冊.pdf,57,1554,0.0
114,114年決算書第四冊.pdf,58,474,0.0
114,114年決算書第四冊.pdf,59,994,0.0
114,114年決算書第四冊.pdf,60,0,0.0
114,114年決算書第四冊.pdf,61,0,0.0
114,114年決算書第四冊.pdf,62,0,0.0
114,114年決算書第四冊.pdf,63,0,0.0
114,114年決算書第四冊.pdf,64,0,0.0
114,114年決算書第四冊.pdf,65,0,0.0
114,114年決算書第四冊.pdf,66,0,0.0
114,114年決算書第四冊.pdf,67,0,0.0
114,114年決算書第四冊.pdf,68,0,0.0
114,114年決算書第四冊.pdf,69,0,0.0
114,114年決算書第四冊.pdf,70,0,0.0
114,114年決算書第四冊.pdf,71,0,0.0
114,114年決算書第四冊.pdf,72,0,0.0
114,114年決算書第四冊.pdf,73,0,0.0
114,114年決算書第四冊.pdf,74,0,0.0
114,114年決算書第四冊.pdf,75,0,0.0
114,114年決算書第四冊.pdf,76,0,0.0
114,114年決算書第四冊.pdf,77,0,0.0
114,114年決算書第四冊.pdf,78,0,0.0
114,114年決算書第四冊.pdf,79,0,0.0
114,114年決算書第四冊.pdf,80,0,0.0
114,114年決算書第四冊.pdf,81,0,0.0
114,114年決算書第四冊.pdf,82,0,0.0
114,114年決算書第四冊.pdf,83,0,0.0
114,114年決算書第四冊.pdf,84,0,0.0
114,114年決算書第四冊.pdf,85,0,0.0
114,114年決算書第四冊.pdf,86,0,0.0
114,114年決算書第四冊.pdf,87,0,0.0
114,114年決算書第四冊.pdf,88,0,0.0
114,114年決算書第四冊.pdf,89,0,0.0
114,114年決算書第四冊.pdf,90,0,0.0
114,114年決算書第四冊.pdf,91,0,0.0
114,114年決算書第四冊.pdf,92,95,0.0
114,114年決算書第四冊.pdf,93,0,0.0
114,114年決算書第四冊.pdf,94,709,0.0
114,114年決算書第四冊.pdf,95,0,0.0
114,114年決算書第四冊.pdf,96,770,0.0
114,114年決算書第四冊.pdf,97,848,0.0
114,114年決算書第四冊.pdf,98,884,0.0
114,114年決算書第四冊.pdf,99,122,0.0
114,114年決算書第四冊.pdf,100,1356,0.0
114,114年決算書第四冊.pdf,101,724,0.0
114,114年決算書第四冊.pdf,102,1254,0.0
114,114年決算書第四冊.pdf,103,424,0.0
114,114年決算書第四冊.pdf,104,11,0.0
114,114年決算書第四冊.pdf,105,649,0.0
114,114年決算書第四冊.pdf,106,242,0.0
114,114年決算書第四冊.pdf,107,416,0.0
114,114年決算書第四冊.pdf,108,144,0.0
114,114年決算書第四冊.pdf,109,723,0.0
114,114年決算書第四冊.pdf,110,447,0.0
114,114年決算書第四冊.pdf,111,103,0.0
114,114年決算書第四冊.pdf,112,342,0.0
114,114年決算書第四冊.pdf,113,1264,0.0
114,114年決算書第四冊.pdf,114,282,0.0
114,114年決算書第四冊.pdf,115,1627,0.0
114,114年決算書第四冊.pdf,116,872,0.0
114,114年決算書第四冊.pdf,117,377,0.0
114,114年決算書第四冊.pdf,118,118,0.0
114,114年決算書第四冊.pdf,119,1661,0.0
114,114年決算書第四冊.pdf,120,476,0.0
114,114年決算書第四冊.pdf,121,967,0.0
114,114年決算書第四冊.pdf,122,0,0.0
114,114年決算書第四冊.pdf,123,0,0.0
114,114年決算書第四冊.pdf,124,95,0.0
114,114年決算書第四冊.pdf,125,0,0.0
114,114年決算書第四冊.pdf,126,709,0.0
114,114年決算書第四冊.pdf,127,0,0.0
114,114年決算書第四冊.pdf,128,778,0.0
114,114年決算書第四冊.pdf,129,772,0.0
114,114年決算書第四冊.pdf,130,879,0.0
114,114年決算書第四冊.pdf,131,186,0.0
114,114年決算書第四冊.pdf,132,1304,0.0
114,114年決算書第四冊.pdf,133,743,0.0
114,114年決算書第四冊.pdf,134,1166,0.0
114,114年決算書第四冊.pdf,135,353,0.0
114,114年決算書第四冊.pdf,136,11,0.0
114,114年決算書第四冊.pdf,137,538,0.0
114,114年決算書第四冊.pdf,138,628,0.0
114,114年決算書第四冊.pdf,139,570,0.0
114,114年決算書第四冊.pdf,140,171,0.0
114,114年決算書第四冊.pdf,141,680,0.0
114,114年決算書第四冊.pdf,142,438,0.0
114,114年決算書第四冊.pdf,143,93,0.0
114,114年決算書第四冊.pdf,144,338,0.0
114,114年決算書第四冊.pdf,145,1192,0.0
114,114年決算書第四冊.pdf,146,245,0.0
114,114年決算書第四冊.pdf,147,1660,0.0
114,114年決算書第四冊.pdf,148,884,0.0
114,114年決算書第四冊.pdf,149,383,0.0
114,114年決算書第四冊.pdf,150,134,0.0
114,114年決算書第四冊.pdf,151,1689,0.0
114,114年決算書第四冊.pdf,152,478,0.0
114,114年決算書第四冊.pdf,153,1012,0.0
114,114年決算書第四冊.pdf,154,0,0.0
114,114年決算書第四冊.pdf,155,0,0.0
114,114年決算書第四冊.pdf,156,95,0.0
114,114年決算書第四冊.pdf,157,0,0.0
114,114年決算書第四冊.pdf,158,707,0.0
114,114年決算書第四冊.pdf,159,0,0.0
114,114年決算書第四冊.pdf,160,812,0.0
114,114年決算書第四冊.pdf,161,872,0.0
114,114年決算書第四冊.pdf,162,535,0.0
114,114年決算書第四冊.pdf,163,1226,0.0
114,114年決算書第四冊.pdf,164,620,0.0
114,114年決算書第四冊.pdf,165,1297,0.0
114,114年決算書第四冊.pdf,166,331,0.0
114,114年決算書第四冊.pdf,167,794,0.0
114,114年決算書第四冊.pdf,168,273,0.0
114,114年決算書第四冊.pdf,169,506,0.0
114,114年決算書第四冊.pdf,170,144,0.0
114,114年決算書第四冊.pdf,171,755,0.0
114,114年決算書第四冊.pdf,172,444,0.0
114,114年決算書第四冊.pdf,173,93,0.0
114,114年決算書第四冊.pdf,174,265,0.0
114,114年決算書第四冊.pdf,175,1280,0.0
114,114年決算書第四冊.pdf,176,251,0.0
114,114年決算書第四冊.pdf,177,1698,0.0
114,114年決算書第四冊.pdf,178,927,0.0
114,114年決算書第四冊.pdf,179,466,0.0
114,114年決算書第四冊.pdf,180,141,0.0
114,114年決算書第四冊.pdf,181,1512,0.0
114,114年決算書第四冊.pdf,182,484,0.0
114,114年決算書第四冊.pdf,183,997,0.0
114,114年決算書第四冊.pdf,184,0,0.0
114,114年決算書第四冊.pdf,185,0,0.0
114,114年決算書第四冊.pdf,186,95,0.0
114,114年決算書第四冊.pdf,187,0,0.0
114,114年決算書第四冊.pdf,188,707,0.0
114,114年決算書第四冊.pdf,189,0,0.0
114,114年決算書第四冊.pdf,190,781,0.0
114,114年決算書第四冊.pdf,191,839,0.0
114,114年決算書第四冊.pdf,192,773,0.0
114,114年決算書第四冊.pdf,193,1342,0.0
114,114年決算書第四冊.pdf,194,704,0.0
114,114年決算書第四冊.pdf,195,1344,0.0
114,114年決算書第四冊.pdf,196,340,0.0
114,114年決算書第四冊.pdf,197,678,0.0
114,114年決算書第四冊.pdf,198,262,0.0
114,114年決算書第四冊.pdf,199,449,0.0
114,114年決算書第四冊.pdf,200,205,0.0
114,114年決算書第四冊.pdf,201,782,0.0
114,114年決算書第四冊.pdf,202,463,0.0
114,114年決算書第四冊.pdf,203,106,0.0
114,114年決算書第四冊.pdf,204,212,0.0
114,114年決算書第四冊.pdf,205,1349,0.0
114,114年決算書第四冊.pdf,206,336,0.0
114,114年決算書第四冊.pdf,207,1509,0.0
114,114年決算書第四冊.pdf,208,989,0.0
114,114年決算書第四冊.pdf,209,676,0.0
114,114年決算書第四冊.pdf,210,117,0.0
114,114年決算書第四冊.pdf,211,1582,0.0
114,114年決算書第四冊.pdf,212,477,0.0
114,114年決算書第四冊.pdf,213,1089,0.0
114,114年決算書第四冊.pdf,214,0,0.0
114,114年決算書第四冊.pdf,215,0,0.0
114,114年決算書第四冊.pdf,216,95,0.0
114,114年決算書第四冊.pdf,217,0,0.0
114,114年決算書第四冊.pdf,218,707,0.0
114,114年決算書第四冊.pdf,219,0,0.0
114,114年決算書第四冊.pdf,220,736,0.0
114,114年決算書第四冊.pdf,221,740,0.0
114,114年決算書第四冊.pdf,222,932,0.0
114,114年決算書第四冊.pdf,223,1291,0.0
114,114年決算書第四冊.pdf,224,645,0.0
114,114年決算書第四冊.pdf,225,1277,0.0
114,114年決算書第四冊.pdf,226,303,0.0
114,114年決算書第四冊.pdf,227,705,0.0
114,114年決算書第四冊.pdf,228,270,0.0
114,114年決算書第四冊.pdf,229,419,0.0
114,114年決算書第四冊.pdf,230,179,0.0
114,114年決算書第四冊.pdf,231,774,0.0
114,114年決算書第四冊.pdf,232,441,0.0
114,114年決算書第四冊.pdf,233,93,0.0
114,114年決算書第四冊.pdf,234,306,0.0
114,114年決算書第四冊.pdf,235,1228,0.0
114,114年決算書第四冊.pdf,236,237,0.0
114,114年決算書第四冊.pdf,237,1577,0.0
114,114年決算書第四冊.pdf,238,1012,0.0
114,114年決算書第四冊.pdf,239,617,0.0
114,114年決算書第四冊.pdf,240,123,0.0
114,114年決算書第四冊.pdf,241,1632,0.0
114,114年決算書第四冊.pdf,242,480,0.0
114,114年決算書第四冊.pdf,243,967,0.0
114,114年決算書第四冊.pdf,244,0,0.0
114,114年決算書第四冊.pdf,245,0,0.0
114,114年決算書第四冊.pdf,246,95,0.0
114,114年決算書第四冊.pdf,247,0,0.0
114,114年決算書第四冊.pdf,248,707,0.0
114,114年決算書第四冊.pdf,249,0,0.0
114,114年決算書第四冊.pdf,250,814,0.0
114,114年決算書第四冊.pdf,251,795,0.0
114,114年決算書第四冊.pdf,252,782,0.0
114,114年決算書第四冊.pdf,253,1250,0.0
114,114年決算書第四冊.pdf,254,655,0.0
114,114年決算書第四冊.pdf,255,1305,0.0
114,114年決算書第四冊.pdf,256,261,0.0
114,114年決算書第四冊.pdf,257,821,0.0
114,114年決算書第四冊.pdf,258,277,0.0
114,114年決算書第四冊.pdf,259,539,0.0
114,114年決算書第四冊.pdf,260,135,0.0
114,114年決算書第四冊.pdf,261,715,0.0
114,114年決算書第四冊.pdf,262,466,0.0
114,114年決算書第四冊.pdf,263,93,0.0
114,114年決算書第四冊.pdf,264,216,0.0
114,114年決算書第四冊.pdf,265,1328,0.0
114,114年決算書第四冊.pdf,266,265,0.0
114,114年決算書第四冊.pdf,267,1558,0.0
114,114年決算書第四冊.pdf,268,887,0.0
114,114年決算書第四冊.pdf,269,574,0.0
114,114年決算書第四冊.pdf,270,119,0.0
114,114年決算書第四冊.pdf,271,1720,0.0
114,114年決算書第四冊.pdf,272,480,0.0
114,114年決算書第四冊.pdf,273,1033,0.0
114,114年決算書第四冊.pdf,274,0,0.0
114,114年決算書第四冊.pdf,275,0,0.0
114,114年決算書第四冊.pdf,276,95,0.0
114,114年決算書第四冊.pdf,277,0,0.0
114,114年決算書第四冊.pdf,278,707,0.0
114,114年決算書第四冊.pdf,279,0,0.0
114,114年決算書第四冊.pdf,280,678,0.0
114,114年決算書第四冊.pdf,281,740,0.0
114,114年決算書第四冊.pdf,282,758,0.0
114,114年決算書第四冊.pdf,283,1169,0.0
114,114年決算書第四冊.pdf,284,575,0.0
114,114年決算書第四冊.pdf,285,1288,0.0
114,114年決算書第四冊.pdf,286,187,0.0
114,114年決算書第四冊.pdf,287,629,0.0
114,114年決算書第四冊.pdf,288,528,0.0
114,114年決算書第四冊.pdf,289,423,0.0
114,114年決算書第四冊.pdf,290,153,0.0
114,114年決算書第四冊.pdf,291,780,0.0
114,114年決算書第四冊.pdf,292,473,0.0
114,114年決算書第四冊.pdf,293,93,0.0
114,114年決算書第四冊.pdf,294,205,0.0
114,114年決算書第四冊.pdf,295,1186,0.0
114,114年決算書第四冊.pdf,296,276,0.0
114,114年決算書第四冊.pdf,297,1645,0.0
114,114年決算書第四冊.pdf,298,938,0.0
114,114年決算書第四冊.pdf,299,573,0.0
114,114年決算書第四冊.pdf,300,144,0.0
114,114年決算書第四冊.pdf,301,1579,0.0
114,114年決算書第四冊.pdf,302,472,0.0
114,114年決算書第四冊.pdf,303,1023,0.0
114,114年決算書第四冊.pdf,304,0,0.0
114,114年決算書第四冊.pdf,305,0,0.0
114,114年決算書第四冊.pdf,306,95,0.0
114,114年決算書第四冊.pdf,307,0,0.0
114,114年決算書第四冊.pdf,308,707,0.0
114,114年決算書第四冊.pdf,309,0,0.0
114,114年決算書第四冊.pdf,310,754,0.0
114,114年決算書第四冊.pdf,311,808,0.0
114,114年決算書第四冊.pdf,312,851,0.0
114,114年決算書第四冊.pdf,313,1192,0.0
114,114年決算書第四冊.pdf,314,665,0.0
114,114年決算書第四冊.pdf,315,1215,0.0
114,114年決算書第四冊.pdf,316,326,0.0
114,114年決算書第四冊.pdf,317,776,0.0
114,114年決算書第四冊.pdf,318,264,0.0
114,114年決算書第四冊.pdf,319,480,0.0
114,114年決算書第四冊.pdf,320,135,0.0
114,114年決算書第四冊.pdf,321,722,0.0
114,114年決算書第四冊.pdf,322,445,0.0
114,114年決算書第四冊.pdf,323,93,0.0
114,114年決算書第四冊.pdf,324,325,0.0
114,114年決算書第四冊.pdf,325,1173,0.0
114,114年決算書第四冊.pdf,326,245,0.0
114,114年決算書第四冊.pdf,327,1622,0.0
114,114年決算書第四冊.pdf,328,804,0.0
114,114年決算書第四冊.pdf,329,335,0.0
114,114年決算書第四冊.pdf,330,116,0.0
114,114年決算書第四冊.pdf,331,1475,0.0
114,114年決算書第四冊.pdf,332,471,0.0
114,114年決算書第四冊.pdf,333,935,0.0
114,114年決算書第四冊.pdf,334,0,0.0
114,114年決算書第四冊.pdf,335,0,0.0
114,114年決算書第四冊.pdf,336,95,0.0
114,114年決算書第四冊.pdf,337,0,0.0
114,114年決算書第四冊.pdf,338,709,0.0
114,114年決算書第四冊.pdf,339,0,0.0
114,114年決算書第四冊.pdf,340,803,0.0
114,114年決算書第四冊.pdf,341,774,0.0
114,114年決算書第四冊.pdf,342,866,0.0
114,114年決算書第四冊.pdf,343,87,0.0
114,114年決算書第四冊.pdf,344,1383,0.0
114,114年決算書第四冊.pdf,345,756,0.0
114,114年決算書第四冊.pdf,346,1273,0.0
114,114年決算書第四冊.pdf,347,312,0.0
114,114年決算書第四冊.pdf,348,11,0.0
114,114年決算書第四冊.pdf,349,712,0.0
114,114年決算書第四冊.pdf,350,257,0.0
114,114年決算書第四冊.pdf,351,480,0.0
114,114年決算書第四冊.pdf,352,193,0.0
114,114年決算書第四冊.pdf,353,788,0.0
114,114年決算書第四冊.pdf,354,452,0.0
114,114年決算書第四冊.pdf,355,103,0.0
114,114年決算書第四冊.pdf,356,311,0.0
114,114年決算書第四冊.pdf,357,1232,0.0
114,114年決算書第四冊.pdf,358,244,0.0
114,114年決算書第四冊.pdf,359,1631,0.0
114,114年決算書第四冊.pdf,360,857,0.0
114,114年決算書第四冊.pdf,361,390,0.0
114,114年決算書第四冊.pdf,362,172,0.0
114,114年決算書第四冊.pdf,363,1715,0.0
114,114年決算書第四冊.pdf,364,473,0.0
114,114年決算書第四冊.pdf,365,1010,0.0
114,114年決算書第四冊.pdf,366,0,0.0
114,114年決算書第四冊.pdf,367,0,0.0
114,114年決算書第四冊.pdf,368,95,0.0
114,114年決算書第四冊.pdf,369,0,0.0
114,114年決算書第四冊.pdf,370,707,0.0
114,114年決算書第四冊.pdf,371,0,0.0
114,114年決算書第四冊.pdf,372,789,0.0
114,114年決算書第四冊.pdf,373,820,0.0
114,114年決算書第四冊.pdf,374,555,0.0
114,114年決算書第四冊.pdf,375,1202,0.0
114,114年決算書第四冊.pdf,376,551,0.0
114,114年決算書第四冊.pdf,377,1094,0.0
114,114年決算書第四冊.pdf,378,290,0.0
114,114年決算書第四冊.pdf,379,455,0.0
114,114年決算書第四冊.pdf,380,423,0.0
114,114年決算書第四冊.pdf,381,408,0.0
114,114年決算書第四冊.pdf,382,114,0.0
114,114年決算書第四冊.pdf,383,654,0.0
114,114年決算書第四冊.pdf,384,400,0.0
114,114年決算書第四冊.pdf,385,105,0.0
114,114年決算書第四冊.pdf,386,289,0.0
114,114年決算書第四冊.pdf,387,1098,0.0
114,114年決算書第四冊.pdf,388,238,0.0
114,114年決算書第四冊.pdf,389,1663,0.0
114,114年決算書第四冊.pdf,390,884,1.0
114,114年決算書第四冊.pdf,391,342,0.0
114,114年決算書第四冊.pdf,392,166,1.0
114,114年決算書第四冊.pdf,393,1575,0.0
114,114年決算書第四冊.pdf,394,462,0.0
114,114年決算書第四冊.pdf,395,863,0.0
114,114年決算書第四冊.pdf,396,0,0.0
114,114年決算書第四冊.pdf,397,0,0.0
114,114年決算書第四冊.pdf,398,95,0.0
114,114年決算書第四冊.pdf,399,0,0.0
114,114年決算書第四冊.pdf,400,707,0.0
114,114年決算書第四冊.pdf,401,0,0.0
114,114年決算書第四冊.pdf,402,759,0.0
114,114年決算書第四冊.pdf,403,814,0.0
114,114年決算書第四冊.pdf,404,594,0.0
114,114年決算書第四冊.pdf,405,1166,0.0
114,114年決算書第四冊.pdf,406,611,0.0
114,114年決算書第四冊.pdf,407,1279,0.0
114,114年決算書第四冊.pdf,408,111,0.0
114,114年決算書第四冊.pdf,409,645,0.0
114,114年決算書第四冊.pdf,410,250,0.0
114,114年決算書第四冊.pdf,411,405,0.0
114,114年決算書第四冊.pdf,412,190,0.0
114,114年決算書第四冊.pdf,413,699,0.0
114,114年決算書第四冊.pdf,414,435,0.0
114,114年決算書第四冊.pdf,415,93,0.0
114,114年決算書第四冊.pdf,416,208,0.0
114,114年決算書第四冊.pdf,417,1133,0.0
114,114年決算書第四冊.pdf,418,251,0.0
114,114年決算書第四冊.pdf,419,1449,0.0
114,114年決算書第四冊.pdf,420,867,0.0
114,114年決算書第四冊.pdf,421,1536,0.0
114,114年決算書第四冊.pdf,422,470,0.0
114,114年決算書第四冊.pdf,423,958,0.0
114,114年決算書第四冊.pdf,424,0,0.0
114,114年決算書第四冊.pdf,425,0,0.0
114,114年決算書第四冊.pdf,426,95,0.0
114,114年決算書第四冊.pdf,427,0,0.0
114,114年決算書第四冊.pdf,428,707,0.0
114,114年決算書第四冊.pdf,429,0,0.0
114,114年決算書第四冊.pdf,430,803,0.0
114,114年決算書第四冊.pdf,431,778,0.0
114,114年決算書第四冊.pdf,432,624,0.0
114,114年決算書第四冊.pdf,433,1242,0.0
114,114年決算書第四冊.pdf,434,685,0.0
114,114年決算書第四冊.pdf,435,1207,0.0
114,114年決算書第四冊.pdf,436,164,0.0
114,114年決算書第四冊.pdf,437,441,0.0
114,114年決算書第四冊.pdf,438,489,0.0
114,114年決算書第四冊.pdf,439,436,0.0
114,114年決算書第四冊.pdf,440,177,0.0
114,114年決算書第四冊.pdf,441,712,0.0
114,114年決算書第四冊.pdf,442,427,0.0
114,114年決算書第四冊.pdf,443,93,0.0
114,114年決算書第四冊.pdf,444,201,0.0
114,114年決算書第四冊.pdf,445,1175,0.0
114,114年決算書第四冊.pdf,446,248,0.0
114,114年決算書第四冊.pdf,447,1818,1.0
114,114年決算書第四冊.pdf,448,1026,1.0
114,114年決算書第四冊.pdf,449,435,1.0
114,114年決算書第四冊.pdf,450,168,1.0
114,114年決算書第四冊.pdf,451,1561,0.0
114,114年決算書第四冊.pdf,452,474,0.0
114,114年決算書第四冊.pdf,453,933,0.0
114,114年決算書第四冊.pdf,454,0,0.0
114,114年決算書第四冊.pdf,455,0,0.0
114,114年決算書第四冊.pdf,456,95,0.0
114,114年決算書第四冊.pdf,457,0,0.0
114,114年決算書第四冊.pdf,458,707,0.0
114,114年決算書第四冊.pdf,459,0,0.0
114,114年決算書第四冊.pdf,460,779,0.0
114,114年決算書第四冊.pdf,461,787,0.0
114,114年決算書第四冊.pdf,462,760,0.0
114,114年決算書第四冊.pdf,463,1375,0.0
114,114年決算書第四冊.pdf,464,699,0.0
114,114年決算書第四冊.pdf,465,1258,0.0
114,114年決算書第四冊.pdf,466,172,0.0
114,114年決算書第四冊.pdf,467,636,0.0
114,114年決算書第四冊.pdf,468,247,0.0
114,114年決算書第四冊.pdf,469,355,0.0
114,114年決算書第四冊.pdf,470,176,0.0
114,114年決算書第四冊.pdf,471,715,0.0
114,114年決算書第四冊.pdf,472,450,0.0
114,114年決算書第四冊.pdf,473,93,0.0
114,114年決算書第四冊.pdf,474,295,0.0
114,114年決算書第四冊.pdf,475,1093,0.0
114,114年決算書第四冊.pdf,476,238,0.0
114,114年決算書第四冊.pdf,477,1642,0.0
114,114年決算書第四冊.pdf,478,826,0.0
114,114年決算書第四冊.pdf,479,444,0.0
114,114年決算書第四冊.pdf,480,132,0.0
114,114年決算書第四冊.pdf,481,1644,0.0
114,114年決算書第四冊.pdf,482,477,0.0
114,114年決算書第四冊.pdf,483,980,0.0
114,114年決算書第四冊.pdf,484,0,0.0
114,114年決算書第四冊.pdf,485,0,0.0
114,114年決算書第四冊.pdf,486,95,0.0
114,114年決算書第四冊.pdf,487,0,0.0
114,114年決算書第四冊.pdf,488,707,0.0
114,114年決算書第四冊.pdf,489,0,0.0
114,114年決算書第四冊.pdf,490,829,0.0
114,114年決算書第四冊.pdf,491,792,0.0
114,114年決算書第四冊.pdf,492,777,0.0
114,114年決算書第四冊.pdf,493,0,0.0
114,114年決算書第四冊.pdf,494,0,0.0
114,114年決算書第四冊.pdf,495,0,0.0
114,114年決算書第四冊.pdf,496,0,0.0
114,114年決算書第四冊.pdf,497,0,0.0
114,114年決算書第四冊.pdf,498,0,0.0
114,114年決算書第四冊.pdf,499,0,0.0
114,114年決算書第四冊.pdf,500,174,0.0
114,114年決算書第四冊.pdf,501,0,0.0
114,114年決算書第四冊.pdf,502,0,0.0
114,114年決算書第四冊.pdf,503,0,0.0
114,114年決算書第四冊.pdf,504,0,0.0
114,114年決算書第四冊.pdf,505,0,0.0
114,114年決算書第四冊.pdf,506,0,0.0
114,114年決算書第四冊.pdf,507,1626,0.0
114,114年決算書第四冊.pdf,508,0,0.0
114,114年決算書第四冊.pdf,509,447,0.0
114,114年決算書第四冊.pdf,510,0,0.0
114,114年決算書第四冊.pdf,511,0,0.0
114,114年決算書第四冊.pdf,512,0,0.0
114,114年決算書第四冊.pdf,513,0,0.0
114,114年決算書第四冊.pdf,514,0,0.0
114,114年決算書第四冊.pdf,515,0,0.0
114,114年決算書第四冊.pdf,516,95,0.0
114,114年決算書第四冊.pdf,517,0,0.0
114,114年決算書第四冊.pdf,518,707,0.0
114,114年決算書第四冊.pdf,519,0,0.0
114,114年決算書第四冊.pdf,520,783,0.0
114,114年決算書第四冊.pdf,521,789,0.0
114,114年決算書第四冊.pdf,522,630,0.0
114,114年決算書第四冊.pdf,523,1279,0.0
114,114年決算書第四冊.pdf,524,656,0.0
114,114年決算書第四冊.pdf,525,1360,0.0
114,114年決算書第四冊.pdf,526,182,0.0
114,114年決算書第四冊.pdf,527,671,0.0
114,114年決算書第四冊.pdf,528,234,0.0
114,114年決算書第四冊.pdf,529,480,0.0
114,114年決算書第四冊.pdf,530,193,0.0
114,114年決算書第四冊.pdf,531,718,0.0
114,114年決算書第四冊.pdf,532,436,0.0
114,114年決算書第四冊.pdf,533,93,0.0
114,114年決算書第四冊.pdf,534,296,0.0
114,114年決算書第四冊.pdf,535,1206,0.0
114,114年決算書第四冊.pdf,536,231,0.0
114,114年決算書第四冊.pdf,537,1306,0.0
114,114年決算書第四冊.pdf,538,893,1.0
114,114年決算書第四冊.pdf,539,225,0.0
114,114年決算書第四冊.pdf,540,148,1.0
114,114年決算書第四冊.pdf,541,1521,0.0
114,114年決算書第四冊.pdf,542,472,0.0
114,114年決算書第四冊.pdf,543,967,0.0
114,114年決算書第四冊.pdf,544,0,0.0
114,114年決算書第四冊.pdf,545,0,0.0
114,114年決算書第四冊.pdf,546,97,0.0
114,114年決算書第四冊.pdf,547,0,0.0
114,114年決算書第四冊.pdf,548,708,0.0
114,114年決算書第四冊.pdf,549,0,0.0
114,114年決算書第四冊.pdf,550,790,0.0
114,114年決算書第四冊.pdf,551,812,0.0
114,114年決算書第四冊.pdf,552,761,0.0
114,114年決算書第四冊.pdf,553,1366,0.0
114,114年決算書第四冊.pdf,554,721,0.0
114,114年決算書第四冊.pdf,555,1283,0.0
114,114年決算書第四冊.pdf,556,348,0.0
114,114年決算書第四冊.pdf,557,873,0.0
114,114年決算書第四冊.pdf,558,305,0.0
114,114年決算書第四冊.pdf,559,534,0.0
114,114年決算書第四冊.pdf,560,172,0.0
114,114年決算書第四冊.pdf,561,676,0.0
114,114年決算書第四冊.pdf,562,451,0.0
114,114年決算書第四冊.pdf,563,94,0.0
114,114年決算書第四冊.pdf,564,213,0.0
114,114年決算書第四冊.pdf,565,1420,0.0
114,114年決算書第四冊.pdf,566,230,0.0
114,114年決算書第四冊.pdf,567,1678,0.0
114,114年決算書第四冊.pdf,568,1014,1.0
114,114年決算書第四冊.pdf,569,434,0.0
114,114年決算書第四冊.pdf,570,171,1.0
114,114年決算書第四冊.pdf,571,1650,0.0
114,114年決算書第四冊.pdf,572,478,0.0
114,114年決算書第四冊.pdf,573,985,0.0
114,114年決算書第四冊.pdf,574,0,0.0
114,114年決算書第四冊.pdf,575,0,0.0
114,114年決算書第四冊.pdf,576,95,0.0
114,114年決算書第四冊.pdf,577,0,0.0
114,114年決算書第四冊.pdf,578,707,0.0
114,114年決算書第四冊.pdf,579,0,0.0
114,114年決算書第四冊.pdf,580,799,0.0
114,114年決算書第四冊.pdf,581,835,0.0
114,114年決算書第四冊.pdf,582,686,0.0
114,114年決算書第四冊.pdf,583,1262,0.0
114,114年決算書第四冊.pdf,584,681,0.0
114,114年決算書第四冊.pdf,585,1280,0.0
114,114年決算書第四冊.pdf,586,338,0.0
114,114年決算書第四冊.pdf,587,758,0.0
114,114年決算書第四冊.pdf,588,301,0.0
114,114年決算書第四冊.pdf,589,410,0.0
114,114年決算書第四冊.pdf,590,158,0.0
114,114年決算書第四冊.pdf,591,780,0.0
114,114年決算書第四冊.pdf,592,433,0.0
114,114年決算書第四冊.pdf,593,93,0.0
114,114年決算書第四冊.pdf,594,210,0.0
114,114年決算書第四冊.pdf,595,1291,0.0
114,114年決算書第四冊.pdf,596,237,0.0
114,114年決算書第四冊.pdf,597,1714,0.0
114,114年決算書第四冊.pdf,598,936,0.0
114,114年決算書第四冊.pdf,599,403,0.0
114,114年決算書第四冊.pdf,600,142,0.0
114,114年決算書第四冊.pdf,601,1672,0.0
114,114年決算書第四冊.pdf,602,479,0.0
114,114年決算書第四冊.pdf,603,1001,0.0
114,114年決算書第四冊.pdf,604,0,0.0
114,114年決算書第四冊.pdf,605,0,0.0
114,114年決算書第四冊.pdf,606,95,0.0
114,114年決算書第四冊.pdf,607,0,0.0
114,114年決算書第四冊.pdf,608,707,0.0
114,114年決算書第四冊.pdf,609,0,0.0
114,114年決算書第四冊.pdf,610,743,0.0
114,114年決算書第四冊.pdf,611,830,0.0
114,114年決算書第四冊.pdf,612,786,0.0
114,114年決算書第四冊.pdf,613,1333,0.0
114,114年決算書第四冊.pdf,614,785,0.0
114,114年決算書第四冊.pdf,615,1265,0.0
114,114年決算書第四冊.pdf,616,342,0.0
114,114年決算書第四冊.pdf,617,524,0.0
114,114年決算書第四冊.pdf,618,462,0.0
114,114年決算書第四冊.pdf,619,452,0.0
114,114年決算書第四冊.pdf,620,184,0.0
114,114年決算書第四冊.pdf,621,755,0.0
114,114年決算書第四冊.pdf,622,449,0.0
114,114年決算書第四冊.pdf,623,93,0.0
114,114年決算書第四冊.pdf,624,288,0.0
114,114年決算書第四冊.pdf,625,1331,0.0
114,114年決算書第四冊.pdf,626,242,0.0
114,114年決算書第四冊.pdf,627,1574,0.0
114,114年決算書第四冊.pdf,628,883,0.0
114,114年決算書第四冊.pdf,629,440,0.0
114,114年決算書第四冊.pdf,630,106,0.0
114,114年決算書第四冊.pdf,631,1612,0.0
114,114年決算書第四冊.pdf,632,473,0.0
114,114年決算書第四冊.pdf,633,1012,0.0
114,114年決算書第四冊.pdf,634,0,0.0
114,114年決算書第四冊.pdf,635,0,0.0
114,114年決算書第四冊.pdf,636,95,0.0
114,114年決算書第四冊.pdf,637,0,0.0
114,114年決算書第四冊.pdf,638,707,0.0
114,114年決算書第四冊.pdf,639,0,0.0
114,114年決算書第四冊.pdf,640,778,0.0
114,114年決算書第四冊.pdf,641,891,0.0
114,114年決算書第四冊.pdf,642,460,0.0
114,114年決算書第四冊.pdf,643,0,0.0
114,114年決算書第四冊.pdf,644,0,0.0
114,114年決算書第四冊.pdf,645,1236,0.0
114,114年決算書第四冊.pdf,646,302,0.0
114,114年決算書第四冊.pdf,647,566,0.0
114,114年決算書第四冊.pdf,648,546,0.0
114,114年決算書第四冊.pdf,649,507,0.0
114,114年決算書第四冊.pdf,650,122,0.0
114,114年決算書第四冊.pdf,651,698,0.0
114,114年決算書第四冊.pdf,652,456,0.0
114,114年決算書第四冊.pdf,653,93,0.0
114,114年決算書第四冊.pdf,654,301,0.0
114,114年決算書第四冊.pdf,655,1245,0.0
114,114年決算書第四冊.pdf,656,257,0.0
114,114年決算書第四冊.pdf,657,0,0.0
114,114年決算書第四冊.pdf,658,0,0.0
114,114年決算書第四冊.pdf,659,426,0.0
114,114年決算書第四冊.pdf,660,0,0.0
114,114年決算書第四冊.pdf,661,1570,0.0
114,114年決算書第四冊.pdf,662,483,0.0
114,114年決算書第四冊.pdf,663,962,0.0
114,114年決算書第四冊.pdf,664,0,0.0
114,114年決算書第四冊.pdf,665,0,0.0
114,114年決算書第四冊.pdf,666,99,0.0
114,114年決算書第四冊.pdf,667,0,0.0
114,114年決算書第四冊.pdf,668,709,0.0
114,114年決算書第四冊.pdf,669,0,0.0
114,114年決算書第四冊.pdf,670,812,0.0
114,114年決算書第四冊.pdf,671,880,0.0
114,114年決算書第四冊.pdf,672,407,0.0
114,114年決算書第四冊.pdf,673,1199,0.0
114,114年決算書第四冊.pdf,674,521,0.0
114,114年決算書第四冊.pdf,675,1258,0.0
114,114年決算書第四冊.pdf,676,234,0.0
114,114年決算書第四冊.pdf,677,940,0.0
114,114年決算書第四冊.pdf,678,316,0.0
114,114年決算書第四冊.pdf,679,585,0.0
114,114年決算書第四冊.pdf,680,305,0.0
114,114年決算書第四冊.pdf,681,758,0.0
114,114年決算書第四冊.pdf,682,462,0.0
114,114年決算書第四冊.pdf,683,95,0.0
114,114年決算書第四冊.pdf,684,219,0.0
114,114年決算書第四冊.pdf,685,1204,0.0
114,114年決算書第四冊.pdf,686,245,0.0
114,114年決算書第四冊.pdf,687,1642,0.0
114,114年決算書第四冊.pdf,688,930,0.0
114,114年決算書第四冊.pdf,689,563,0.0
114,114年決算書第四冊.pdf,690,118,0.0
114,114年決算書第四冊.pdf,691,1577,0.0
114,114年決算書第四冊.pdf,692,480,0.0
114,114年決算書第四冊.pdf,693,977,0.0
114,114年決算書第四冊.pdf,694,0,0.0
114,114年決算書第四冊.pdf,695,0,0.0
114,114年決算書第四冊.pdf,696,97,0.0
114,114年決算書第四冊.pdf,697,0,0.0
114,114年決算書第四冊.pdf,698,708,0.0
114,114年決算書第四冊.pdf,699,0,0.0
114,114年決算書第四冊.pdf,700,777,0.0
114,114年決算書第四冊.pdf,701,843,0.0
114,114年決算書第四冊.pdf,702,568,0.0
114,114年決算書第四冊.pdf,703,1076,0.0
114,114年決算書第四冊.pdf,704,511,0.0
114,114年決算書第四冊.pdf,705,1242,0.0
114,114年決算書第四冊.pdf,706,241,0.0
114,114年決算書第四冊.pdf,707,756,0.0
114,114年決算書第四冊.pdf,708,281,0.0
114,114年決算書第四冊.pdf,709,450,0.0
114,114年決算書第四冊.pdf,710,144,0.0
114,114年決算書第四冊.pdf,711,737,0.0
114,114年決算書第四冊.pdf,712,466,0.0
114,114年決算書第四冊.pdf,713,94,0.0
114,114年決算書第四冊.pdf,714,246,0.0
114,114年決算書第四冊.pdf,715,1151,0.0
114,114年決算書第四冊.pdf,716,239,0.0
114,114年決算書第四冊.pdf,717,1617,0.0
114,114年決算書第四冊.pdf,718,960,0.0
114,114年決算書第四冊.pdf,719,387,0.0
114,114年決算書第四冊.pdf,720,119,0.0
114,114年決算書第四冊.pdf,721,1469,0.0
114,114年決算書第四冊.pdf,722,476,0.0
114,114年決算書第四冊.pdf,723,964,0.0
114,114年決算書第四冊.pdf,724,0,0.0
114,114年決算書第四冊.pdf,725,0,0.0
114,114年決算書第四冊.pdf,726,95,0.0
114,114年決算書第四冊.pdf,727,0,0.0
114,114年決算書第四冊.pdf,728,707,0.0
114,114年決算書第四冊.pdf,729,0,0.0
114,114年決算書第四冊.pdf,730,747,0.0
114,114年決算書第四冊.pdf,731,794,0.0
114,114年決算書第四冊.pdf,732,636,0.0
114,114年決算書第四冊.pdf,733,1146,0.0
114,114年決算書第四冊.pdf,734,569,0.0
114,114年決算書第四冊.pdf,735,1253,0.0
114,114年決算書第四冊.pdf,736,298,0.0
114,114年決算書第四冊.pdf,737,709,0.0
114,114年決算書第四冊.pdf,738,267,0.0
114,114年決算書第四冊.pdf,739,460,0.0
114,114年決算書第四冊.pdf,740,203,0.0
114,114年決算書第四冊.pdf,741,723,0.0
114,114年決算書第四冊.pdf,742,427,0.0
114,114年決算書第四冊.pdf,743,93,0.0
114,114年決算書第四冊.pdf,744,357,0.0
114,114年決算書第四冊.pdf,745,1129,0.0
114,114年決算書第四冊.pdf,746,226,0.0
114,114年決算書第四冊.pdf,747,1623,0.0
114,114年決算書第四冊.pdf,748,792,0.0
114,114年決算書第四冊.pdf,749,289,0.0
114,114年決算書第四冊.pdf,750,118,0.0
114,114年決算書第四冊.pdf,751,1578,0.0
114,114年決算書第四冊.pdf,752,474,0.0
114,114年決算書第四冊.pdf,753,890,0.0
114,114年決算書第四冊.pdf,754,0,0.0
114,114年決算書第四冊.pdf,755,0,0.0
114,114年決算書第五冊.pdf,0,1276,0.0
114,114年決算書第五冊.pdf,1,1189,0.0
114,114年決算書第五冊.pdf,2,95,0.0
114,114年決算書第五冊.pdf,3,0,0.0
114,114年決算書第五冊.pdf,4,707,0.0
114,114年決算書第五冊.pdf,5,0,0.0
114,114年決算書第五冊.pdf,6,756,0.0
114,114年決算書第五冊.pdf,7,784,0.0
114,114年決算書第五冊.pdf,8,630,0.0
114,114年決算書第五冊.pdf,9,1176,0.0
114,114年決算書第五冊.pdf,10,596,0.0
114,114年決算書第五冊.pdf,11,1262,0.0
114,114年決算書第五冊.pdf,12,326,0.0
114,114年決算書第五冊.pdf,13,679,0.0
114,114年決算書第五冊.pdf,14,258,0.0
114,114年決算書第五冊.pdf,15,421,0.0
114,114年決算書第五冊.pdf,16,116,0.0
114,114年決算書第五冊.pdf,17,665,0.0
114,114年決算書第五冊.pdf,18,426,0.0
114,114年決算書第五冊.pdf,19,93,0.0
114,114年決算書第五冊.pdf,20,300,0.0
114,114年決算書第五冊.pdf,21,1298,0.0
114,114年決算書第五冊.pdf,22,230,0.0
114,114年決算書第五冊.pdf,23,1636,0.0
114,114年決算書第五冊.pdf,24,892,0.0
114,114年決算書第五冊.pdf,25,489,1.0
114,114年決算書第五冊.pdf,26,115,0.0
114,114年決算書第五冊.pdf,27,1578,0.0
114,114年決算書第五冊.pdf,28,479,0.0
114,114年決算書第五冊.pdf,29,900,0.0
114,114年決算書第五冊.pdf,30,0,0.0
114,114年決算書第五冊.pdf,31,0,0.0
114,114年決算書第五冊.pdf,32,95,0.0
114,114年決算書第五冊.pdf,33,0,0.0
114,114年決算書第五冊.pdf,34,691,0.0
114,114年決算書第五冊.pdf,35,0,0.0
114,114年決算書第五冊.pdf,36,737,0.0
114,114年決算書第五冊.pdf,37,855,0.0
114,114年決算書第五冊.pdf,38,265,0.0
114,114年決算書第五冊.pdf,39,889,0.0
114,114年決算書第五冊.pdf,40,432,0.0
114,114年決算書第五冊.pdf,41,1208,0.0
114,114年決算書第五冊.pdf,42,162,0.0
114,114年決算書第五冊.pdf,43,374,0.0
114,114年決算書第五冊.pdf,44,430,0.0
114,114年決算書第五冊.pdf,45,373,0.0
114,114年決算書第五冊.pdf,46,106,0.0
114,114年決算書第五冊.pdf,47,606,0.0
114,114年決算書第五冊.pdf,48,359,0.0
114,114年決算書第五冊.pdf,49,93,0.0
114,114年決算書第五冊.pdf,50,279,0.0
114,114年決算書第五冊.pdf,51,1112,0.0
114,114年決算書第五冊.pdf,52,228,0.0
114,114年決算書第五冊.pdf,53,1453,0.0
114,114年決算書第五冊.pdf,54,834,0.0
114,114年決算書第五冊.pdf,55,1163,0.0
114,114年決算書第五冊.pdf,56,481,0.0
114,114年決算書第五冊.pdf,57,841,0.0
114,114年決算書第五冊.pdf,58,0,0.0
114,114年決算書第五冊.pdf,59,0,0.0
114,114年決算書第五冊.pdf,60,91,0.0
114,114年決算書第五冊.pdf,61,0,0.0
114,114年決算書第五冊.pdf,62,703,0.0
114,114年決算書第五冊.pdf,63,0,0.0
114,114年決算書第五冊.pdf,64,766,0.0
114,114年決算書第五冊.pdf,65,833,0.0
114,114年決算書第五冊.pdf,66,650,0.0
114,114年決算書第五冊.pdf,67,661,0.0
114,114年決算書第五冊.pdf,68,618,0.0
114,114年決算書第五冊.pdf,69,761,0.0
114,114年決算書第五冊.pdf,70,762,0.0
114,114年決算書第五冊.pdf,71,770,0.0
114,114年決算書第五冊.pdf,72,783,0.0
114,114年決算書第五冊.pdf,73,788,0.0
114,114年決算書第五冊.pdf,74,689,0.0
114,114年決算書第五冊.pdf,75,735,0.0
114,114年決算書第五冊.pdf,76,740,0.0
114,114年決算書第五冊.pdf,77,720,0.0
114,114年決算書第五冊.pdf,78,698,0.0
114,114年決算書第五冊.pdf,79,710,0.0
114,114年決算書第五冊.pdf,80,728,0.0
114,114年決算書第五冊.pdf,81,727,0.0
114,114年決算書第五冊.pdf,82,719,0.0
114,114年決算書第五冊.pdf,83,657,0.0
114,114年決算書第五冊.pdf,84,199,0.0
114,114年決算書第五冊.pdf,85,0,0.0
114,114年決算書第五冊.pdf,86,1115,0.0
114,114年決算書第五冊.pdf,87,144,0.0
114,114年決算書第五冊.pdf,88,0,0.0
114,114年決算書第五冊.pdf,89,0,0.0
114,114年決算書第五冊.pdf,90,12,0.0
114,114年決算書第五冊.pdf,91,1498,0.0
114,114年決算書第五冊.pdf,92,1331,0.0
114,114年決算書第五冊.pdf,93,0,0.0
114,114年決算書第五冊.pdf,94,281,0.0
114,114年決算書第五冊.pdf,95,855,0.0
114,114年決算書第五冊.pdf,96,894,0.0
114,114年決算書第五冊.pdf,97,222,0.0
114,114年決算書第五冊.pdf,98,0,0.0
114,114年決算書第五冊.pdf,99,1833,0.0
114,114年決算書第五冊.pdf,100,622,0.0
114,114年決算書第五冊.pdf,101,1565,0.0
114,114年決算書第五冊.pdf,102,1340,0.0
114,114年決算書第五冊.pdf,103,1703,0.0
114,114年決算書第五冊.pdf,104,541,0.0
114,114年決算書第五冊.pdf,105,0,0.0
114,114年決算書第五冊.pdf,106,0,0.0
114,114年決算書第五冊.pdf,107,705,0.0
114,114年決算書第五冊.pdf,108,1489,0.0
114,114年決算書第五冊.pdf,109,0,0.0
114,114年決算書第五冊.pdf,110,0,0.0
114,114年決算書第五冊.pdf,111,0,0.0
114,114年決算書第五冊.pdf,112,93,0.0
114,114年決算書第五冊.pdf,113,0,0.0
114,114年決算書第五冊.pdf,114,706,0.0
114,114年決算書第五冊.pdf,115,0,0.0
114,114年決算書第五冊.pdf,116,759,0.0
114,114年決算書第五冊.pdf,117,801,0.0
114,114年決算書第五冊.pdf,118,413,0.0
114,114年決算書第五冊.pdf,119,1020,0.0
114,114年決算書第五冊.pdf,120,504,0.0
114,114年決算書第五冊.pdf,121,1161,0.0
114,114年決算書第五冊.pdf,122,324,0.0
114,114年決算書第五冊.pdf,123,533,0.0
114,114年決算書第五冊.pdf,124,191,0.0
114,114年決算書第五冊.pdf,125,398,0.0
114,114年決算書第五冊.pdf,126,134,0.0
114,114年決算書第五冊.pdf,127,561,0.0
114,114年決算書第五冊.pdf,128,358,0.0
114,114年決算書第五冊.pdf,129,92,0.0
114,114年決算書第五冊.pdf,130,345,0.0
114,114年決算書第五冊.pdf,131,1211,0.0
114,114年決算書第五冊.pdf,132,179,0.0
114,114年決算書第五冊.pdf,133,1375,0.0
114,114年決算書第五冊.pdf,134,755,0.0
114,114年決算書第五冊.pdf,135,1350,0.0
114,114年決算書第五冊.pdf,136,462,0.0
114,114年決算書第五冊.pdf,137,867,0.0
114,114年決算書第五冊.pdf,138,0,0.0
114,114年決算書第五冊.pdf,139,0,0.0
114,114年決算書第五冊.pdf,140,93,0.0
114,114年決算書第五冊.pdf,141,0,0.0
114,114年決算書第五冊.pdf,142,706,0.0
114,114年決算書第五冊.pdf,143,0,0.0
114,114年決算書第五冊.pdf,144,789,0.0
114,114年決算書第五冊.pdf,145,788,0.0
114,114年決算書第五冊.pdf,146,221,0.0
114,114年決算書第五冊.pdf,147,861,0.0
114,114年決算書第五冊.pdf,148,381,0.0
114,114年決算書第五冊.pdf,149,1139,0.0
114,114年決算書第五冊.pdf,150,195,0.0
114,114年決算書第五冊.pdf,151,444,0.0
114,114年決算書第五冊.pdf,152,183,0.0
114,114年決算書第五冊.pdf,153,286,0.0
114,114年決算書第五冊.pdf,154,100,0.0
114,114年決算書第五冊.pdf,155,603,0.0
114,114年決算書第五冊.pdf,156,394,0.0
114,114年決算書第五冊.pdf,157,102,0.0
114,114年決算書第五冊.pdf,158,198,0.0
114,114年決算書第五冊.pdf,159,1191,0.0
114,114年決算書第五冊.pdf,160,114,0.0
114,114年決算書第五冊.pdf,161,1308,0.0
114,114年決算書第五冊.pdf,162,737,0.0
114,114年決算書第五冊.pdf,163,1135,0.0
114,114年決算書第五冊.pdf,164,455,0.0
114,114年決算書第五冊.pdf,165,805,0.0
114,114年決算書第五冊.pdf,166,0,0.0
114,114年決算書第五冊.pdf,167,0,0.0
114,114年決算書第五冊.pdf,168,0,0.0
114,114年決算書第五冊.pdf,169,0,0.0
114,114年決算書第五冊.pdf,170,706,0.0
114,114年決算書第五冊.pdf,171,0,0.0
114,114年決算書第五冊.pdf,172,791,0.0
114,114年決算書第五冊.pdf,173,817,0.0
114,114年決算書第五冊.pdf,174,125,0.0
114,114年決算書第五冊.pdf,175,895,0.0
114,114年決算書第五冊.pdf,176,386,0.0
114,114年決算書第五冊.pdf,177,1095,0.0
114,114年決算書第五冊.pdf,178,145,0.0
114,114年決算書第五冊.pdf,179,468,0.0
114,114年決算書第五冊.pdf,180,181,0.0
114,114年決算書第五冊.pdf,181,339,0.0
114,114年決算書第五冊.pdf,182,103,0.0
114,114年決算書第五冊.pdf,183,621,0.0
114,114年決算書第五冊.pdf,184,346,0.0
114,114年決算書第五冊.pdf,185,92,0.0
114,114年決算書第五冊.pdf,186,194,0.0
114,114年決算書第五冊.pdf,187,1108,0.0
114,114年決算書第五冊.pdf,188,213,0.0
114,114年決算書第五冊.pdf,189,1271,0.0
114,114年決算書第五冊.pdf,190,761,0.0
114,114年決算書第五冊.pdf,191,0,0.0
114,114年決算書第五冊.pdf,192,463,0.0
114,114年決算書第五冊.pdf,193,801,0.0
114,114年決算書第五冊.pdf,194,0,0.0
114,114年決算書第五冊.pdf,195,0,0.0
114,114年決算書第五冊.pdf,196,93,0.0
114,114年決算書第五冊.pdf,197,0,0.0
114,114年決算書第五冊.pdf,198,706,0.0
114,114年決算書第五冊.pdf,199,0,0.0
114,114年決算書第五冊.pdf,200,738,0.0
114,114年決算書第五冊.pdf,201,820,0.0
114,114年決算書第五冊.pdf,202,349,0.0
114,114年決算書第五冊.pdf,203,978,0.0
114,114年決算書第五冊.pdf,204,435,0.0
114,114年決算書第五冊.pdf,205,1173,0.0
114,114年決算書第五冊.pdf,206,282,0.0
114,114年決算書第五冊.pdf,207,456,0.0
114,114年決算書第五冊.pdf,208,191,0.0
114,114年決算書第五冊.pdf,209,345,0.0
114,114年決算書第五冊.pdf,210,104,0.0
114,114年決算書第五冊.pdf,211,610,0.0
114,114年決算書第五冊.pdf,212,367,0.0
114,114年決算書第五冊.pdf,213,102,0.0
114,114年決算書第五冊.pdf,214,271,0.0
114,114年決算書第五冊.pdf,215,1232,0.0
114,114年決算書第五冊.pdf,216,187,0.0
114,114年決算書第五冊.pdf,217,1334,0.0
114,114年決算書第五冊.pdf,218,781,0.0
114,114年決算書第五冊.pdf,219,1423,0.0
114,114年決算書第五冊.pdf,220,468,0.0
114,114年決算書第五冊.pdf,221,826,0.0
114,114年決算書第五冊.pdf,222,0,0.0
114,114年決算書第五冊.pdf,223,0,0.0
114,114年決算書第五冊.pdf,224,93,0.0
114,114年決算書第五冊.pdf,225,0,0.0
114,114年決算書第五冊.pdf,226,706,0.0
114,114年決算書第五冊.pdf,227,0,0.0
114,114年決算書第五冊.pdf,228,719,0.0
114,114年決算書第五冊.pdf,229,736,0.0
114,114年決算書第五冊.pdf,230,353,0.0
114,114年決算書第五冊.pdf,231,0,0.0
114,114年決算書第五冊.pdf,232,0,0.0
114,114年決算書第五冊.pdf,233,0,0.0
114,114年決算書第五冊.pdf,234,0,0.0
114,114年決算書第五冊.pdf,235,0,0.0
114,114年決算書第五冊.pdf,236,0,0.0
114,114年決算書第五冊.pdf,237,0,0.0
114,114年決算書第五冊.pdf,238,0,0.0
114,114年決算書第五冊.pdf,239,0,0.0
114,114年決算書第五冊.pdf,240,0,0.0
114,114年決算書第五冊.pdf,241,0,0.0
114,114年決算書第五冊.pdf,242,0,0.0
114,114年決算書第五冊.pdf,243,1150,0.0
114,114年決算書第五冊.pdf,244,0,0.0
114,114年決算書第五冊.pdf,245,0,0.0
114,114年決算書第五冊.pdf,246,0,0.0
114,114年決算書第五冊.pdf,247,1176,0.0
114,114年決算書第五冊.pdf,248,0,0.0
114,114年決算書第五冊.pdf,249,0,0.0
114,114年決算書第五冊.pdf,250,0,0.0
114,114年決算書第五冊.pdf,251,0,0.0
114,114年決算書第五冊.pdf,252,93,0.0
114,114年決算書第五冊.pdf,253,0,0.0
114,114年決算書第五冊.pdf,254,706,0.0
114,114年決算書第五冊.pdf,255,0,0.0
114,114年決算書第五冊.pdf,256,808,0.0
114,114年決算書第五冊.pdf,257,799,0.0
114,114年決算書第五冊.pdf,258,125,0.0
114,114年決算書第五冊.pdf,259,870,0.0
114,114年決算書第五冊.pdf,260,315,0.0
114,114年決算書第五冊.pdf,261,1191,0.0
114,114年決算書第五冊.pdf,262,263,0.0
114,114年決算書第五冊.pdf,263,577,0.0
114,114年決算書第五冊.pdf,264,196,0.0
114,114年決算書第五冊.pdf,265,429,0.0
114,114年決算書第五冊.pdf,266,114,0.0
114,114年決算書第五冊.pdf,267,633,0.0
114,114年決算書第五冊.pdf,268,350,0.0
114,114年決算書第五冊.pdf,269,102,0.0
114,114年決算書第五冊.pdf,270,252,0.0
114,114年決算書第五冊.pdf,271,1183,0.0
114,114年決算書第五冊.pdf,272,235,0.0
114,114年決算書第五冊.pdf,273,1432,0.0
114,114年決算書第五冊.pdf,274,0,0.0
114,114年決算書第五冊.pdf,275,1188,0.0
114,114年決算書第五冊.pdf,276,464,0.0
114,114年決算書第五冊.pdf,277,842,0.0
114,114年決算書第五冊.pdf,278,0,0.0
114,114年決算書第五冊.pdf,279,0,0.0
114,114年決算書第五冊.pdf,280,93,0.0
114,114年決算書第五冊.pdf,281,0,0.0
114,114年決算書第五冊.pdf,282,706,0.0
114,114年決算書第五冊.pdf,283,0,0.0
114,114年決算書第五冊.pdf,284,752,0.0
114,114年決算書第五冊.pdf,285,832,0.0
114,114年決算書第五冊.pdf,286,275,0.0
114,114年決算書第五冊.pdf,287,990,0.0
114,114年決算書第五冊.pdf,288,489,0.0
114,114年決算書第五冊.pdf,289,1144,0.0
114,114年決算書第五冊.pdf,290,167,0.0
114,114年決算書第五冊.pdf,291,422,0.0
114,114年決算書第五冊.pdf,292,173,0.0
114,114年決算書第五冊.pdf,293,345,0.0
114,114年決算書第五冊.pdf,294,96,0.0
114,114年決算書第五冊.pdf,295,565,0.0
114,114年決算書第五冊.pdf,296,346,0.0
114,114年決算書第五冊.pdf,297,92,0.0
114,114年決算書第五冊.pdf,298,200,0.0
114,114年決算書第五冊.pdf,299,1162,0.0
114,114年決算書第五冊.pdf,300,179,0.0
114,114年決算書第五冊.pdf,301,1249,0.0
114,114年決算書第五冊.pdf,302,747,0.0
114,114年決算書第五冊.pdf,303,1387,0.0
114,114年決算書第五冊.pdf,304,455,0.0
114,114年決算書第五冊.pdf,305,679,0.0
114,114年決算書第五冊.pdf,306,0,0.0
114,114年決算書第五冊.pdf,307,0,0.0
114,114年決算書第五冊.pdf,308,93,0.0
114,114年決算書第五冊.pdf,309,0,0.0
114,114年決算書第五冊.pdf,310,710,0.0
114,114年決算書第五冊.pdf,311,0,0.0
114,114年決算書第五冊.pdf,312,770,0.0
114,114年決算書第五冊.pdf,313,785,0.0
114,114年決算書第五冊.pdf,314,121,0.0
114,114年決算書第五冊.pdf,315,836,0.0
114,114年決算書第五冊.pdf,316,367,0.0
114,114年決算書第五冊.pdf,317,1137,0.0
114,114年決算書第五冊.pdf,318,145,0.0
114,114年決算書第五冊.pdf,319,464,0.0
114,114年決算書第五冊.pdf,320,175,0.0
114,114年決算書第五冊.pdf,321,333,0.0
114,114年決算書第五冊.pdf,322,110,0.0
114,114年決算書第五冊.pdf,323,659,0.0
114,114年決算書第五冊.pdf,324,346,0.0
114,114年決算書第五冊.pdf,325,92,0.0
114,114年決算書第五冊.pdf,326,188,0.0
114,114年決算書第五冊.pdf,327,1087,0.0
114,114年決算書第五冊.pdf,328,235,0.0
114,114年決算書第五冊.pdf,329,1363,0.0
114,114年決算書第五冊.pdf,330,801,0.0
114,114年決算書第五冊.pdf,331,1144,0.0
114,114年決算書第五冊.pdf,332,454,0.0
114,114年決算書第五冊.pdf,333,783,0.0
114,114年決算書第五冊.pdf,334,0,0.0
114,114年決算書第五冊.pdf,335,0,0.0
114,114年決算書第五冊.pdf,336,93,0.0
114,114年決算書第五冊.pdf,337,0,0.0
114,114年決算書第五冊.pdf,338,706,0.0
114,114年決算書第五冊.pdf,339,0,0.0
114,114年決算書第五冊.pdf,340,781,0.0
114,114年決算書第五冊.pdf,341,842,0.0
114,114年決算書第五冊.pdf,342,275,0.0
114,114年決算書第五冊.pdf,343,955,0.0
114,114年決算書第五冊.pdf,344,487,0.0
114,114年決算書第五冊.pdf,345,1190,0.0
114,114年決算書第五冊.pdf,346,314,0.0
114,114年決算書第五冊.pdf,347,316,0.0
114,114年決算書第五冊.pdf,348,297,0.0
114,114年決算書第五冊.pdf,349,355,0.0
114,114年決算書第五冊.pdf,350,96,0.0
114,114年決算書第五冊.pdf,351,560,0.0
114,114年決算書第五冊.pdf,352,350,0.0
114,114年決算書第五冊.pdf,353,102,0.0
114,114年決算書第五冊.pdf,354,254,0.0
114,114年決算書第五冊.pdf,355,1287,0.0
114,114年決算書第五冊.pdf,356,205,0.0
114,114年決算書第五冊.pdf,357,1297,0.0
114,114年決算書第五冊.pdf,358,738,0.0
114,114年決算書第五冊.pdf,359,1175,0.0
114,114年決算書第五冊.pdf,360,450,0.0
114,114年決算書第五冊.pdf,361,785,0.0
114,114年決算書第五冊.pdf,362,0,0.0
114,114年決算書第五冊.pdf,363,0,0.0
114,114年決算書第五冊.pdf,364,93,0.0
114,114年決算書第五冊.pdf,365,0,0.0
114,114年決算書第五冊.pdf,366,706,0.0
114,114年決算書第五冊.pdf,367,0,0.0
114,114年決算書第五冊.pdf,368,780,0.0
114,114年決算書第五冊.pdf,369,760,0.0
114,114年決算書第五冊.pdf,370,221,0.0
114,114年決算書第五冊.pdf,371,900,0.0
114,114年決算書第五冊.pdf,372,379,0.0
114,114年決算書第五冊.pdf,373,1209,0.0
114,114年決算書第五冊.pdf,374,221,0.0
114,114年決算書第五冊.pdf,375,412,0.0
114,114年決算書第五冊.pdf,376,178,0.0
114,114年決算書第五冊.pdf,377,307,0.0
114,114年決算書第五冊.pdf,378,100,0.0
114,114年決算書第五冊.pdf,379,588,0.0
114,114年決算書第五冊.pdf,380,347,0.0
114,114年決算書第五冊.pdf,381,102,0.0
114,114年決算書第五冊.pdf,382,239,0.0
114,114年決算書第五冊.pdf,383,1252,0.0
114,114年決算書第五冊.pdf,384,216,0.0
114,114年決算書第五冊.pdf,385,1258,0.0
114,114年決算書第五冊.pdf,386,729,0.0
114,114年決算書第五冊.pdf,387,1203,0.0
114,114年決算書第五冊.pdf,388,452,0.0
114,114年決算書第五冊.pdf,389,804,0.0
114,114年決算書第五冊.pdf,390,0,0.0
114,114年決算書第五冊.pdf,391,0,0.0
114,114年決算書第五冊.pdf,392,93,0.0
114,114年決算書第五冊.pdf,393,0,0.0
114,114年決算書第五冊.pdf,394,706,0.0
114,114年決算書第五冊.pdf,395,0,0.0
114,114年決算書第五冊.pdf,396,765,0.0
114,114年決算書第五冊.pdf,397,768,0.0
114,114年決算書第五冊.pdf,398,455,0.0
114,114年決算書第五冊.pdf,399,0,0.0
114,114年決算書第五冊.pdf,400,0,0.0
114,114年決算書第五冊.pdf,401,0,0.0
114,114年決算書第五冊.pdf,402,0,0.0
114,114年決算書第五冊.pdf,403,0,0.0
114,114年決算書第五冊.pdf,404,0,0.0
114,114年決算書第五冊.pdf,405,0,0.0
114,114年決算書第五冊.pdf,406,0,0.0
114,114年決算書第五冊.pdf,407,0,0.0
114,114年決算書第五冊.pdf,408,0,0.0
114,114年決算書第五冊.pdf,409,0,0.0
114,114年決算書第五冊.pdf,410,0,0.0
114,114年決算書第五冊.pdf,411,939,0.0
114,114年決算書第五冊.pdf,412,0,0.0
114,114年決算書第五冊.pdf,413,0,0.0
114,114年決算書第五冊.pdf,414,0,0.0
114,114年決算書第五冊.pdf,415,0,0.0
114,114年決算書第五冊.pdf,416,0,0.0
114,114年決算書第五冊.pdf,417,0,0.0
114,114年決算書第五冊.pdf,418,0,0.0
114,114年決算書第五冊.pdf,419,0,0.0
114,114年決算書第五冊.pdf,420,93,0.0
114,114年決算書第五冊.pdf,421,0,0.0
114,114年決算書第五冊.pdf,422,706,0.0
114,114年決算書第五冊.pdf,423,0,0.0
114,114年決算書第五冊.pdf,424,795,0.0
114,114年決算書第五冊.pdf,425,798,0.0
114,114年決算書第五冊.pdf,426,125,0.0
114,114年決算書第五冊.pdf,427,0,0.0
114,114年決算書第五冊.pdf,428,472,1.0
114,114年決算書第五冊.pdf,429,1225,1.0
114,114年決算書第五冊.pdf,430,11,0.0
114,114年決算書第五冊.pdf,431,0,0.0
114,114年決算書第五冊.pdf,432,0,0.0
114,114年決算書第五冊.pdf,433,0,0.0
114,114年決算書第五冊.pdf,434,0,0.0
114,114年決算書第五冊.pdf,435,0,0.0
114,114年決算書第五冊.pdf,436,0,0.0
114,114年決算書第五冊.pdf,437,0,0.0
114,114年決算書第五冊.pdf,438,0,0.0
114,114年決算書第五冊.pdf,439,0,0.0
114,114年決算書第五冊.pdf,440,0,0.0
114,114年決算書第五冊.pdf,441,1227,1.0
114,114年決算書第五冊.pdf,442,0,0.0
114,114年決算書第五冊.pdf,443,1258,1.0
114,114年決算書第五冊.pdf,444,549,1.0
114,114年決算書第五冊.pdf,445,0,0.0
114,114年決算書第五冊.pdf,446,0,0.0
114,114年決算書第五冊.pdf,447,0,0.0
114,114年決算書第五冊.pdf,448,93,0.0
114,114年決算書第五冊.pdf,449,0,0.0
114,114年決算書第五冊.pdf,450,706,0.0
114,114年決算書第五冊.pdf,451,0,0.0
114,114年決算書第五冊.pdf,452,813,0.0
114,114年決算書第五冊.pdf,453,760,0.0
114,114年決算書第五冊.pdf,454,303,0.0
114,114年決算書第五冊.pdf,455,940,0.0
114,114年決算書第五冊.pdf,456,458,0.0
114,114年決算書第五冊.pdf,457,1228,0.0
114,114年決算書第五冊.pdf,458,322,0.0
114,114年決算書第五冊.pdf,459,442,0.0
114,114年決算書第五冊.pdf,460,181,0.0
114,114年決算書第五冊.pdf,461,319,0.0
114,114年決算書第五冊.pdf,462,115,0.0
114,114年決算書第五冊.pdf,463,684,0.0
114,114年決算書第五冊.pdf,464,413,0.0
114,114年決算書第五冊.pdf,465,92,0.0
114,114年決算書第五冊.pdf,466,288,0.0
114,114年決算書第五冊.pdf,467,1233,0.0
114,114年決算書第五冊.pdf,468,255,0.0
114,114年決算書第五冊.pdf,469,1350,0.0
114,114年決算書第五冊.pdf,470,643,0.0
114,114年決算書第五冊.pdf,471,1206,0.0
114,114年決算書第五冊.pdf,472,436,0.0
114,114年決算書第五冊.pdf,473,840,0.0
114,114年決算書第五冊.pdf,474,0,0.0
114,114年決算書第五冊.pdf,475,0,0.0
114,114年決算書第五冊.pdf,476,93,0.0
114,114年決算書第五冊.pdf,477,0,0.0
114,114年決算書第五冊.pdf,478,706,0.0
114,114年決算書第五冊.pdf,479,0,0.0
114,114年決算書第五冊.pdf,480,800,0.0
114,114年決算書第五冊.pdf,481,804,0.0
114,114年決算書第五冊.pdf,482,153,0.0
114,114年決算書第五冊.pdf,483,910,0.0
114,114年決算書第五冊.pdf,484,363,0.0
114,114年決算書第五冊.pdf,485,1167,0.0
114,114年決算書第五冊.pdf,486,259,0.0
114,114年決算書第五冊.pdf,487,355,0.0
114,114年決算書第五冊.pdf,488,163,0.0
114,114年決算書第五冊.pdf,489,301,0.0
114,114年決算書第五冊.pdf,490,154,0.0
114,114年決算書第五冊.pdf,491,622,0.0
114,114年決算書第五冊.pdf,492,358,0.0
114,114年決算書第五冊.pdf,493,92,0.0
114,114年決算書第五冊.pdf,494,296,0.0
114,114年決算書第五冊.pdf,495,1151,0.0
114,114年決算書第五冊.pdf,496,219,0.0
114,114年決算書第五冊.pdf,497,1216,0.0
114,114年決算書第五冊.pdf,498,733,0.0
114,114年決算書第五冊.pdf,499,1175,0.0
114,114年決算書第五冊.pdf,500,461,0.0
114,114年決算書第五冊.pdf,501,719,0.0
114,114年決算書第五冊.pdf,502,0,0.0
114,114年決算書第五冊.pdf,503,0,0.0
114,114年決算書第五冊.pdf,504,93,0.0
114,114年決算書第五冊.pdf,505,0,0.0
114,114年決算書第五冊.pdf,506,706,0.0
114,114年決算書第五冊.pdf,507,0,0.0
114,114年決算書第五冊.pdf,508,702,0.0
114,114年決算書第五冊.pdf,509,793,0.0
114,114年決算書第五冊.pdf,510,308,0.0
114,114年決算書第五冊.pdf,511,943,0.0
114,114年決算書第五冊.pdf,512,390,0.0
114,114年決算書第五冊.pdf,513,1133,0.0
114,114年決算書第五冊.pdf,514,145,0.0
114,114年決算書第五冊.pdf,515,405,0.0
114,114年決算書第五冊.pdf,516,180,0.0
114,114年決算書第五冊.pdf,517,277,0.0
114,114年決算書第五冊.pdf,518,99,0.0
114,114年決算書第五冊.pdf,519,584,0.0
114,114年決算書第五冊.pdf,520,350,0.0
114,114年決算書第五冊.pdf,521,102,0.0
114,114年決算書第五冊.pdf,522,194,0.0
114,114年決算書第五冊.pdf,523,1175,0.0
114,114年決算書第五冊.pdf,524,189,0.0
114,114年決算書第五冊.pdf,525,1287,0.0
114,114年決算書第五冊.pdf,526,798,0.0
114,114年決算書第五冊.pdf,527,1255,0.0
114,114年決算書第五冊.pdf,528,466,0.0
114,114年決算書第五冊.pdf,529,779,0.0
114,114年決算書第五冊.pdf,530,0,0.0
114,114年決算書第五冊.pdf,531,0,0.0
114,114年決算書第五冊.pdf,532,93,0.0
114,114年決算書第五冊.pdf,533,0,0.0
114,114年決算書第五冊.pdf,534,706,0.0
114,114年決算書第五冊.pdf,535,0,0.0
114,114年決算書第五冊.pdf,536,751,0.0
114,114年決算書第五冊.pdf,537,813,0.0
114,114年決算書第五冊.pdf,538,242,0.0
114,114年決算書第五冊.pdf,539,875,0.0
114,114年決算書第五冊.pdf,540,458,0.0
114,114年決算書第五冊.pdf,541,1183,0.0
114,114年決算書第五冊.pdf,542,141,0.0
114,114年決算書第五冊.pdf,543,431,0.0
114,114年決算書第五冊.pdf,544,186,0.0
114,114年決算書第五冊.pdf,545,268,0.0
114,114年決算書第五冊.pdf,546,110,0.0
114,114年決算書第五冊.pdf,547,608,0.0
114,114年決算書第五冊.pdf,548,331,0.0
114,114年決算書第五冊.pdf,549,92,0.0
114,114年決算書第五冊.pdf,550,236,0.0
114,114年決算書第五冊.pdf,551,1073,0.0
114,114年決算書第五冊.pdf,552,251,0.0
114,114年決算書第五冊.pdf,553,1064,0.0
114,114年決算書第五冊.pdf,554,696,0.0
114,114年決算書第五冊.pdf,555,1166,0.0
114,114年決算書第五冊.pdf,556,427,0.0
114,114年決算書第五冊.pdf,557,778,0.0
114,114年決算書第五冊.pdf,558,0,0.0
114,114年決算書第五冊.pdf,559,0,0.0
114,114年決算書第五冊.pdf,560,93,0.0
114,114年決算書第五冊.pdf,561,0,0.0
114,114年決算書第五冊.pdf,562,706,0.0
114,114年決算書第五冊.pdf,563,0,0.0
114,114年決算書第五冊.pdf,564,787,0.0
114,114年決算書第五冊.pdf,565,818,0.0
114,114年決算書第五冊.pdf,566,221,0.0
114,114年決算書第五冊.pdf,567,928,0.0
114,114年決算書第五冊.pdf,568,418,0.0
114,114年決算書第五冊.pdf,569,1188,0.0
114,114年決算書第五冊.pdf,570,11,0.0
114,114年決算書第五冊.pdf,571,365,0.0
114,114年決算書第五冊.pdf,572,177,0.0
114,114年決算書第五冊.pdf,573,292,0.0
114,114年決算書第五冊.pdf,574,96,0.0
114,114年決算書第五冊.pdf,575,587,0.0
114,114年決算書第五冊.pdf,576,390,0.0
114,114年決算書第五冊.pdf,577,92,0.0
114,114年決算書第五冊.pdf,578,199,0.0
114,114年決算書第五冊.pdf,579,1120,0.0
114,114年決算書第五冊.pdf,580,187,0.0
114,114年決算書第五冊.pdf,581,1213,0.0
114,114年決算書第五冊.pdf,582,715,0.0
114,114年決算書第五冊.pdf,583,1423,0.0
114,114年決算書第五冊.pdf,584,436,0.0
114,114年決算書第五冊.pdf,585,758,0.0
114,114年決算書第五冊.pdf,586,0,0.0
114,114年決算書第五冊.pdf,587,0,0.0
114,114年決算書第五冊.pdf,588,93,0.0
114,114年決算書第五冊.pdf,589,0,0.0
114,114年決算書第五冊.pdf,590,706,0.0
114,114年決算書第五冊.pdf,591,0,0.0
114,114年決算書第五冊.pdf,592,794,0.0
114,114年決算書第五冊.pdf,593,812,0.0
114,114年決算書第五冊.pdf,594,243,0.0
114,114年決算書第五冊.pdf,595,968,0.0
114,114年決算書第五冊.pdf,596,434,0.0
114,114年決算書第五冊.pdf,597,1141,0.0
114,114年決算書第五冊.pdf,598,173,0.0
114,114年決算書第五冊.pdf,599,390,0.0
114,114年決算書第五冊.pdf,600,151,0.0
114,114年決算書第五冊.pdf,601,349,0.0
114,114年決算書第五冊.pdf,602,145,0.0
114,114年決算書第五冊.pdf,603,553,0.0
114,114年決算書第五冊.pdf,604,346,0.0
114,114年決算書第五冊.pdf,605,92,0.0
114,114年決算書第五冊.pdf,606,301,0.0
114,114年決算書第五冊.pdf,607,1065,0.0
114,114年決算書第五冊.pdf,608,209,0.0
114,114年決算書第五冊.pdf,609,1132,0.0
114,114年決算書第五冊.pdf,610,716,0.0
114,114年決算書第五冊.pdf,611,1422,0.0
114,114年決算書第五冊.pdf,612,454,0.0
114,114年決算書第五冊.pdf,613,706,0.0
114,114年決算書第五冊.pdf,614,0,0.0
114,114年決算書第五冊.pdf,615,0,0.0
114,114年決算書第五冊.pdf,616,93,0.0
114,114年決算書第五冊.pdf,617,0,0.0
114,114年決算書第五冊.pdf,618,706,0.0
114,114年決算書第五冊.pdf,619,0,0.0
114,114年決算書第五冊.pdf,620,780,0.0
114,114年決算書第五冊.pdf,621,752,0.0
114,114年決算書第五冊.pdf,622,185,0.0
114,114年決算書第五冊.pdf,623,997,0.0
114,114年決算書第五冊.pdf,624,368,0.0
114,114年決算書第五冊.pdf,625,1088,0.0
114,114年決算書第五冊.pdf,626,11,0.0
114,114年決算書第五冊.pdf,627,403,0.0
114,114年決算書第五冊.pdf,628,171,0.0
114,114年決算書第五冊.pdf,629,330,0.0
114,114年決算書第五冊.pdf,630,96,0.0
114,114年決算書第五冊.pdf,631,565,0.0
114,114年決算書第五冊.pdf,632,337,0.0
114,114年決算書第五冊.pdf,633,92,0.0
114,114年決算書第五冊.pdf,634,250,0.0
114,114年決算書第五冊.pdf,635,976,0.0
114,114年決算書第五冊.pdf,636,201,0.0
114,114年決算書第五冊.pdf,637,1063,0.0
114,114年決算書第五冊.pdf,638,704,0.0
114,114年決算書第五冊.pdf,639,1270,0.0
114,114年決算書第五冊.pdf,640,452,0.0
114,114年決算書第五冊.pdf,641,732,0.0
114,114年決算書第五冊.pdf,642,0,0.0
114,114年決算書第五冊.pdf,643,0,0.0
114,114年決算書第五冊.pdf,644,93,0.0
114,114年決算書第五冊.pdf,645,0,0.0
114,114年決算書第五冊.pdf,646,706,0.0
114,114年決算書第五冊.pdf,647,0,0.0
114,114年決算書第五冊.pdf,648,762,0.0
114,114年決算書第五冊.pdf,649,751,0.0
114,114年決算書第五冊.pdf,650,206,0.0
114,114年決算書第五冊.pdf,651,830,0.0
114,114年決算書第五冊.pdf,652,361,0.0
114,114年決算書第五冊.pdf,653,1064,0.0
114,114年決算書第五冊.pdf,654,11,0.0
114,114年決算書第五冊.pdf,655,409,0.0
114,114年決算書第五冊.pdf,656,174,0.0
114,114年決算書第五冊.pdf,657,286,0.0
114,114年決算書第五冊.pdf,658,90,0.0
114,114年決算書第五冊.pdf,659,514,0.0
114,114年決算書第五冊.pdf,660,313,0.0
114,114年決算書第五冊.pdf,661,104,0.0
114,114年決算書第五冊.pdf,662,188,0.0
114,114年決算書第五冊.pdf,663,1022,0.0
114,114年決算書第五冊.pdf,664,140,0.0
114,114年決算書第五冊.pdf,665,1076,0.0
114,114年決算書第五冊.pdf,666,726,0.0
114,114年決算書第五冊.pdf,667,1037,0.0
114,114年決算書第五冊.pdf,668,452,0.0
114,114年決算書第五冊.pdf,669,713,0.0
114,114年決算書第五冊.pdf,670,0,0.0
114,114年決算書第五冊.pdf,671,0,0.0
