id,title,parent,entity,type,town,owner,operator,count_approved,monthly,reg_date,is_active,size,size_in,size_out,indoor_area_per_child,shuttle,after_care,pre_public,penalty_count,total_fine,nonmonetary_sanction_count
00636d3d-0a8e-411c-bef6-eaeb6d4b8153,財團法人新北市私立竹林高級中學附設新北市私立竹林幼兒園,財團法人新北市私立竹林高級中學附設新北市私立竹林幼兒園,財團法人新北市私立竹林高級中學附設新北市私立竹林幼兒園,私立,中和區,,,224,13617,2000/05/16,1,911.53,911.53,,4.07,0,0,無,1,60000,0
00957c83-0061-4581-a587-97629968f371,新北市私立文德幼兒園,新北市私立文德幼兒園,新北市私立文德幼兒園,私立,蘆洲區,陳美莉,,37,3000,2004/12/13,1,133.62,133.62,,3.61,0,1,115-115,0,0,0
00ac631e-b98e-428f-9d79-d10a4ed4ed9a,新北市私立嘉府幼兒園,新北市私立嘉府幼兒園,新北市私立嘉府幼兒園,私立,土城區,莊百杰,,130,17173,2002/07/31,1,596.15,596.15,,4.59,0,1,無,12,1154000,0
00d30196-28bb-4e56-939e-29e2936fb7b9,新北市私立小綠芽幼兒園,新北市私立小綠芽幼兒園,新北市私立小綠芽幼兒園,私立,新店區,林麗花,,29,12667,2011/09/13,1,101.6,101.6,,3.5,0,0,無,4,176000,0
01442eb5-9fc6-4547-bb2c-1b8fceadd759,新北市私立嘉傑幼兒園,新北市私立嘉傑幼兒園,新北市私立嘉傑幼兒園,私立,林口區,朱慧蘭,,270,26350,2023/05/05,1,1589.56,847.05,742.51,3.14,0,0,無,2,120000,0
015041c0-b0f2-4796-8059-9326dc635995,新北市新莊區豐年國民小學附設幼兒園,新北市新莊區豐年國民小學附設幼兒園,新北市新莊區豐年國民小學附設幼兒園,公立,新莊區,張照璧,,196,3728,1994/02/05,1,1765.0,1177.0,588.0,6.01,0,0,無,0,0,0
017b0a72-fa5e-45eb-b115-b846c664659d,新北市私立培揚幼兒園,新北市私立培揚幼兒園,新北市私立培揚幼兒園,私立,板橋區,賴建愷,,38,4500,1997/03/20,1,133.41,133.41,,3.51,0,0,113-115,1,6000,0
01c2d147-101d-49e1-8893-0f6e977ac804,新北市私立尼斯堡幼兒園,新北市私立尼斯堡幼兒園,新北市私立尼斯堡幼兒園,私立,新店區,劉明樂,,83,4500,2002/05/27,1,395.47,359.47,,4.33,0,0,113-115,0,0,0
01eb50e6-fdd8-446b-965b-c8743840996b,新北市樹林區育林國民小學附設幼兒園,新北市樹林區育林國民小學附設幼兒園,新北市樹林區育林國民小學附設幼兒園,公立,樹林區,張維中,,60,3728,2013/08/01,1,674.74,344.05,330.69,5.73,0,0,無,0,0,0
0206afa6-30a0-4c84-ab75-7517cd9c17c6,財團法人天主教瑪利亞方濟各傳教女修會附設新北市私立曉明幼兒園,財團法人天主教瑪利亞方濟各傳教女修會附設新北市私立曉明幼兒園,財團法人天主教瑪利亞方濟各傳教女修會附設新北市私立曉明幼兒園,私立,泰山區,,,133,13055,1974/08/10,1,1174.72,293.2,881.52,2.2,0,0,無,0,0,0
021f761f-1453-478b-acef-67ba962aefc4,新北市私立福樂幼兒園,新北市私立福樂幼兒園,新北市私立福樂幼兒園,私立,中和區,俞麗娜,,180,19487,2012/10/18,1,1189.02,845.15,343.87,4.7,0,0,無,1,60000,0
0236265a-afaa-4f10-a39b-57875f4e33d3,新北市私立強生幼兒園,新北市私立強生幼兒園,新北市私立強生幼兒園,私立,五股區,韓人恆,,38,4500,1999/07/12,1,,,,,0,0,113-115,1,6000,0
025bf32e-2472-4b0c-8788-35d6f2a8408d,新北市私立小天才幼兒園,新北市私立小天才幼兒園,新北市私立小天才幼兒園,私立,新店區,許源,,35,4500,1983/12/15,1,122.61,122.61,,3.5,0,0,113-115,2,21000,0
02a9b22e-24c1-4697-b811-4e71ca41e32c,新北市私立美樂蒂幼兒園,新北市私立美樂蒂幼兒園,新北市私立美樂蒂幼兒園,私立,蘆洲區,邱燕玲,,36,4125,2002/10/23,1,153.0,153.0,,4.25,0,0,113-115,3,126000,0
02d6d62d-c603-40fb-9216-e32b0dbc529b,新北市私立雙成幼兒園,新北市私立雙成幼兒園,新北市私立雙成幼兒園,私立,板橋區,黃龍德,,40,3750,1996/08/02,1,215.32,81.0,83.92,2.02,0,0,113-115,0,0,0
02f02585-4ed6-4760-8378-aa0d1dc24592,新北市私立嘉維幼兒園,新北市私立嘉維幼兒園,新北市私立嘉維幼兒園,私立,汐止區,秦鴻筠,,76,16083,2002/07/02,1,267.03,267.03,,3.51,0,0,無,0,0,0
03175d8f-1bef-4e67-9672-a81ef3d0efa4,新北市私立俏媽咪幼兒園,新北市私立俏媽咪幼兒園,新北市私立俏媽咪幼兒園,私立,新店區,蔡翠芳,,70,3000,2005/10/17,1,247.47,247.47,,3.54,0,0,115-115,1,60000,0
03270d23-e743-49e7-a553-5374c02f3c2a,新北市立崇林國民中學附設幼兒園,新北市立崇林國民中學附設幼兒園,新北市立崇林國民中學附設幼兒園,公立,林口區,徐巧玲,,90,3728,1999/08/02,1,1006.0,736.0,270.0,8.18,0,0,無,0,0,0
036a7238-a59b-4510-93c7-2faa94842fa3,新北市私立秀明幼兒園,新北市私立秀明幼兒園,新北市私立秀明幼兒園,私立,永和區,李韋德,,60,17943,1985/10/23,1,337.54,250.94,86.6,4.18,0,0,無,0,0,0
03708867-73a4-4ecf-b4bd-5fc56bb89533,新北市私立幸福幼兒園,新北市私立幸福幼兒園,新北市私立幸福幼兒園,私立,板橋區,陳楊淑惠,,65,3750,1974/01/01,1,229.09,144.81,84.28,2.23,0,0,113-115,2,9000,0
03825d7c-3ee1-4a49-9faf-e5a31f9ea091,新北市立萬里幼兒園,新北市立萬里幼兒園,新北市立萬里幼兒園,公立,萬里區,鍾綺芬,,105,3706,1970/01/01,1,1111.0,781.6,,7.44,0,0,無,0,0,0
03ab7b24-d3c2-42e9-8529-f11ef9f872dd,新北市私立樂童幼兒園,新北市私立樂童幼兒園,新北市私立樂童幼兒園,私立,新店區,楊金隆,,65,4500,1986/09/01,1,235.42,128.92,106.5,1.98,0,0,113-115,2,120000,0
03eb9a65-0d42-449e-89c4-55e132541b72,新北市私立名人幼兒園,新北市私立名人幼兒園,新北市私立名人幼兒園,私立,樹林區,洪文雄,,90,4500,1981/02/04,1,2808.95,300.0,2508.95,3.33,0,0,113-115,2,18000,0
047084ac-b09b-4bbc-b26c-48038f6eb3c2,新北市私立諾亞幼兒園,新北市私立諾亞幼兒園,新北市私立諾亞幼兒園,私立,板橋區,周庭玉,,81,13667,2000/03/14,1,286.63,286.63,,3.54,0,0,無,0,0,0
047189d5-c1c1-473b-ad95-28a89393f152,新北市私立橡樹園幼兒園,新北市私立橡樹園幼兒園,新北市私立橡樹園幼兒園,私立,樹林區,田臺明,,53,9667,2000/07/17,1,188.64,,,,0,0,無,0,0,0
04e11b3c-18be-462a-8051-605d19f099d5,新北市私立童苑幼兒園,新北市私立童苑幼兒園,新北市私立童苑幼兒園,私立,板橋區,莊美珍,,38,4540,1999/11/25,1,213.68,170.4,43.28,4.48,0,0,113-115,0,0,0
04e13797-848b-44bf-b8cd-6560b75ea6c2,新北市私立禾力幼兒園,新北市私立禾力幼兒園,新北市私立禾力幼兒園,私立,新店區,陳柏健,,90,18840,2009/07/21,1,428.59,428.59,,4.76,0,0,無,0,0,0
050e21d5-d9ea-459e-8b0d-27d23f33c46e,新北市私立鴻園幼兒園,新北市私立鴻園幼兒園,新北市私立鴻園幼兒園,私立,板橋區,曾鈴惠,,50,4500,1983/08/01,1,276.0,276.0,,5.52,0,0,113-115,3,69000,0
051090ca-0490-409c-9325-c3c6b864fb44,新北市私立維妮爾國際幼兒園,新北市私立維妮爾國際幼兒園,新北市私立維妮爾國際幼兒園,私立,土城區,柯學璵,,165,22915,2024/07/31,1,1642.41,523.69,1118.72,3.17,0,0,無,0,0,0
0523237d-55c3-45db-a2c1-2992e24c994e,新北市私立寶貝媽咪資優幼兒園,新北市私立寶貝媽咪資優幼兒園,新北市私立寶貝媽咪資優幼兒園,私立,板橋區,莊筑涵,,74,18157,2010/12/13,1,365.82,365.82,,4.94,0,0,無,0,0,0
05251e4e-d9c7-4d7f-92c4-826600837171,新北市私立凱文幼兒園,新北市私立凱文幼兒園,新北市私立凱文幼兒園,私立,蘆洲區,張書語,,79,4500,2003/06/05,1,361.48,316.7,,4.01,0,0,113-115,4,78000,0
0565243e-7cbe-4e7b-bbdd-af5681fb3cd6,新北市私立蘆洲北大幼兒園,新北市私立蘆洲北大幼兒園,新北市私立蘆洲北大幼兒園,私立,蘆洲區,黃吉郎,,90,14833,1986/09/05,0,1305.0,180.0,1125.0,2.0,0,0,無,0,0,0
057c3fba-aa93-4565-b6a3-538934701761,新北市私立柏克萊幼兒園,新北市私立柏克萊幼兒園,新北市私立柏克萊幼兒園,私立,樹林區,王美惠,,150,9870,1998/03/19,1,529.41,327.71,201.7,2.18,0,0,無,0,0,0
05836c61-7743-4587-af34-47fb426d94cd,新北市私立上綸幼兒園,新北市私立上綸幼兒園,新北市私立上綸幼兒園,私立,三重區,楊吳錦惠,,38,14299,2000/06/15,1,135.09,135.09,,3.56,0,0,無,0,0,0
06097a7f-62a8-408a-b006-05b4a54330cf,新北市私立安尼爾幼兒園,新北市私立安尼爾幼兒園,新北市私立安尼爾幼兒園,私立,三重區,林慧玟,,75,16867,2009/06/16,1,410.7,273.04,,3.64,0,0,無,0,0,0
066d09b6-1db4-4fc7-a897-fa95c5ac85a2,新北市私立愛迪生幼兒園,新北市私立愛迪生幼兒園,新北市私立愛迪生幼兒園,私立,鶯歌區,李秀珍,,165,4500,1999/03/24,1,913.7,577.71,170.0,3.5,0,0,113-115,8,438000,0
0672f4e2-4339-4c18-819d-a3eb7fe096fd,新北市私立巧可麗幼兒園,新北市私立巧可麗幼兒園,新北市私立巧可麗幼兒園,私立,永和區,林晏仲,,91,18847,2000/10/12,1,382.63,382.63,,4.2,0,0,無,1,6000,0
06e366dd-480f-4c0b-86ba-eb292df929c6,新北市私立新永福幼兒園,新北市私立新永福幼兒園,新北市私立新永福幼兒園,私立,三重區,林月瑛,,109,11167,2000/08/19,1,493.04,381.63,,3.5,0,0,無,0,0,0
06e694a9-1cfb-4e3e-a4ce-15efde3fd78c,新北市私立宏米優質幼兒園,新北市私立宏米優質幼兒園,新北市私立宏米優質幼兒園,私立,汐止區,呂慧萍,,102,11500,2007/06/22,1,362.71,362.71,,3.56,0,1,無,1,6000,0
0730f616-9521-46ec-b831-0d993606fe5f,新北市深坑區深坑國民小學附設幼兒園,新北市深坑區深坑國民小學附設幼兒園,新北市深坑區深坑國民小學附設幼兒園,公立,深坑區,李春芳,,136,3728,1995/01/23,1,1892.0,504.0,1388.0,3.71,0,0,無,0,0,0
0731e5ee-c386-4de4-9217-5f7409e6cf3b,新北市淡水區水源國民小學附設幼兒園,新北市淡水區水源國民小學附設幼兒園,新北市淡水區水源國民小學附設幼兒園,公立,淡水區,李烟長,,30,3728,2012/08/01,1,388.0,162.0,226.0,5.4,0,0,無,0,0,0
0757c89e-fa4c-4392-a504-1fdcd50b2906,新北市立新店幼兒園雙城分班,新北市立新店幼兒園,新北市立新店幼兒園,公立,新店區,,,90,3706,1974/08/01,1,397.9,262.32,135.58,2.91,0,0,無,0,0,0
07ed3cd3-7d1b-4b62-a7ec-00a03b6cda3c,新北市私立心兒園幼兒園,新北市私立心兒園幼兒園,新北市私立心兒園幼兒園,私立,林口區,邱美蓮,,70,15397,1998/04/28,1,,,,,0,0,無,0,0,0
07f2384a-52ca-4a43-8b96-71b67e545462,新北市私立漢斯堡國際幼兒園,新北市私立漢斯堡國際幼兒園,新北市私立漢斯堡國際幼兒園,私立,淡水區,高明漢,,57,6790,2003/07/14,1,313.0,186.06,59.83,3.26,0,0,無,2,120000,0
0841a89b-e5f0-49b6-8586-cd8ff5065ab3,新北市私立娃娃國幼兒園,新北市私立娃娃國幼兒園,新北市私立娃娃國幼兒園,私立,三峽區,彭亦誠,,45,15334,2014/04/22,1,333.23,189.54,143.69,4.21,0,0,無,0,0,0
0868f6a3-b2b8-402c-a03c-63f78d32b2c5,新北市私立幼育成幼兒園,新北市私立幼育成幼兒園,新北市私立幼育成幼兒園,私立,蘆洲區,張詩斌,,50,6333,1983/01/01,1,240.49,181.17,59.32,3.62,0,0,無,2,12000,0
086c4c0c-9253-433d-853e-7ee5b927c91d,新北市私立維多莉爾幼兒園,新北市私立維多莉爾幼兒園,新北市私立維多莉爾幼兒園,私立,土城區,許麗珍,,59,15723,2000/08/08,1,228.19,228.19,,3.87,0,0,無,0,0,0
08917a82-ed8e-42ec-b59f-c2e756852234,新北市私立欣勵德幼兒園,新北市私立欣勵德幼兒園,新北市私立欣勵德幼兒園,私立,板橋區,邱泰源,,28,10467,2000/11/09,1,104.18,104.18,,3.72,0,0,無,7,477000,0
08cc687b-a0bc-4d36-899d-67b98e572c60,新北市立重慶國民中學附設幼兒園,新北市立重慶國民中學附設幼兒園,新北市立重慶國民中學附設幼兒園,公立,板橋區,蔡安繕,,180,3728,1999/09/28,1,1395.0,845.0,550.0,4.69,0,0,無,0,0,0
08e74596-075e-4961-ab2d-50301e2f186f,新北市政府板橋員工子女非營利幼兒園（委託財團法人台北基督教女青年會辦理）,新北市政府板橋員工子女非營利幼兒園（委託財團法人台北基督教女青年會辦理）,新北市政府板橋員工子女非營利幼兒園,非營利,板橋區,程思聆,財團法人台北基督教女青年會,166,2000,2003/06/10,1,975.28,975.28,,5.88,0,0,無,0,0,0
094e6561-88ab-43e1-9acf-41a9ddb507dd,新北市私立吉的堡英群幼兒園,新北市私立吉的堡英群幼兒園,新北市私立吉的堡英群幼兒園,私立,三重區,楊明潭,,260,21033,2000/01/03,0,950.2,548.49,401.71,2.11,0,0,無,0,0,0
097d4932-435e-484a-8e39-351017c3f667,新北市林口區麗林國民小學附設幼兒園,新北市林口區麗林國民小學附設幼兒園,新北市林口區麗林國民小學附設幼兒園,公立,林口區,李勇緻,,90,3728,1999/09/09,1,979.0,709.0,270.0,7.88,0,0,無,0,0,0
09846f04-3a58-4c54-b222-722a0fcc2b85,新北市私立育全三峽幼兒園,新北市私立育全三峽幼兒園,新北市私立育全三峽幼兒園,私立,三峽區,蕭惠燕,,346,12115,1998/11/05,1,2619.25,520.18,1101.75,1.5,0,0,無,0,0,0
099f7cc7-d0bf-4fdd-b281-7df64dbea080,新北市私立德寶幼兒園,新北市私立德寶幼兒園,新北市私立德寶幼兒園,私立,五股區,吳政權,,70,4000,1998/11/19,1,243.94,243.94,,3.48,0,0,113-115,2,12000,0
09be1cb5-c75e-4fdd-907a-4e7853adcd7e,新北市私立全國幼兒園,新北市私立全國幼兒園,新北市私立全國幼兒園,私立,蘆洲區,張淑津,,40,5000,2000/06/22,1,140.74,140.74,,3.52,0,0,113-115,0,0,0
09d521bc-f7f5-420a-bcac-953e0a4827ad,新北市私立松林幼兒園,新北市私立松林幼兒園,新北市私立松林幼兒園,私立,淡水區,呂紹強,,80,19692,2014/04/10,1,733.95,253.4,480.55,3.17,0,0,無,0,0,0
09ea5a8f-fbe7-40b8-9067-931089945675,新北市瑞芳區瑞芳國民小學附設幼兒園東和分班,新北市瑞芳區瑞芳國民小學附設幼兒園,新北市瑞芳區瑞芳國民小學附設幼兒園,公立,瑞芳區,,,38,3728,2023/08/01,1,395.76,281.76,114.0,7.41,0,0,無,0,0,0
09f6e448-aa45-4a1c-b5b3-4add442db7f0,新北市私立邦仁幼兒園,新北市私立邦仁幼兒園,新北市私立邦仁幼兒園,私立,三重區,陳彥臻,,56,12340,2000/03/01,1,196.2,196.2,,3.5,0,0,無,0,0,0
09f708ff-ad35-4f07-be19-d57c712a7188,新北市萬里區萬里國民小學附設幼兒園,新北市萬里區萬里國民小學附設幼兒園,新北市萬里區萬里國民小學附設幼兒園,公立,萬里區,余昆旺,,106,3728,1995/08/31,1,1508.0,539.0,969.0,5.08,0,0,無,0,0,0
0a054b45-4dd0-4bb6-8735-0f8e796ba42a,新北市貢寮區澳底國民小學附設幼兒園,新北市貢寮區澳底國民小學附設幼兒園,新北市貢寮區澳底國民小學附設幼兒園,公立,貢寮區,馮端瑩,,75,3728,1985/12/27,1,791.0,341.0,450.0,4.55,0,0,無,0,0,0
0a0da41f-bca0-469f-86a9-98526c16e4c4,新北市私立連城幼兒園,新北市私立連城幼兒園,新北市私立連城幼兒園,私立,中和區,黃秀靜,,120,15742,2009/10/12,1,432.51,432.51,,3.6,0,0,無,1,3000,0
0a416012-cf0a-4b40-b2b3-875b3b1a2a31,新北市私立芝蔴城幼兒園,新北市私立芝蔴城幼兒園,新北市私立芝蔴城幼兒園,私立,汐止區,江保樺,,45,3750,2003/10/20,1,160.19,160.19,,3.56,0,0,113-115,3,24000,0
0a570d8a-b251-49fc-ab19-b093539a51b0,新北市私立民治藝術幼兒園,新北市私立民治藝術幼兒園,新北市私立民治藝術幼兒園,私立,中和區,劉月仙,,60,18138,2013/10/09,1,447.15,227.7,219.45,3.79,0,0,無,0,0,0
0afcfc9f-3765-4071-b651-5eebd2cd45c3,新北市中平非營利幼兒園(委託社團法人新北市中華國際嬰幼兒發展學會辦理),新北市中平非營利幼兒園(委託社團法人新北市中華國際嬰幼兒發展學會辦理),新北市中平非營利幼兒園,非營利,新莊區,林芷涵,社團法人新北市中華國際嬰幼兒發展學會,120,2000,2018/07/05,1,938.74,450.0,488.74,3.75,0,0,無,0,0,0
0b18d748-fc34-495f-820b-80c97f99f756,新北市林口區頭湖國民小學附設幼兒園,新北市林口區頭湖國民小學附設幼兒園,新北市林口區頭湖國民小學附設幼兒園,公立,林口區,陳承賢,,90,3728,2011/04/26,1,1424.0,871.0,553.0,9.68,0,0,無,0,0,0
0b544379-755b-42a0-81fb-e16afcd97895,新北市私立山姆叔叔幼兒園,新北市私立山姆叔叔幼兒園,新北市私立山姆叔叔幼兒園,私立,三峽區,陳錦富,,146,9533,2003/12/02,1,820.38,526.96,293.42,3.61,0,0,無,3,21000,0
0b8c0c9c-df8b-458b-a9df-0c853a62554d,新北市新店區大豐國民小學附設幼兒園,新北市新店區大豐國民小學附設幼兒園,新北市新店區大豐國民小學附設幼兒園,公立,新店區,姜孟佑,,270,3728,2012/08/01,1,1612.82,563.98,960.0,2.09,0,0,無,0,0,0
0bafeeb6-dc1d-4592-894d-9528af8f629c,新北市私立企鵝家族幼兒園,新北市私立企鵝家族幼兒園,新北市私立企鵝家族幼兒園,私立,樹林區,劉睿航,,59,10500,2002/03/01,1,209.91,209.91,,3.56,0,0,無,1,6000,0
0bd4921c-773e-4760-b546-b4345270ddec,新北市新店區新店國民小學附設幼兒園,新北市新店區新店國民小學附設幼兒園,新北市新店區新店國民小學附設幼兒園,公立,新店區,許德田,,106,3728,1997/09/17,1,3263.0,643.0,2620.0,6.07,0,0,無,0,0,0
0bdb1178-783e-4c1d-88d4-bf629d4a2852,新北市私立何嘉仁幼兒園,新北市私立何嘉仁幼兒園,新北市私立何嘉仁幼兒園,私立,新莊區,朱嘉宗,,150,16731,2000/07/15,1,1628.21,508.52,667.22,3.39,0,0,無,2,12000,0
0c29f5ef-a1dc-4a2e-b4fb-69e88d7203a7,新北市板橋區莒光國民小學附設幼兒園,新北市板橋區莒光國民小學附設幼兒園,新北市板橋區莒光國民小學附設幼兒園,公立,板橋區,周德銘,,120,3728,1986/04/23,1,850.0,490.0,360.0,4.08,0,0,無,0,0,0
0c2f255a-591c-4fc0-b2f8-0b673fc821ef,新北市私立捧馨園幼兒園,新北市私立捧馨園幼兒園,新北市私立捧馨園幼兒園,私立,板橋區,楊麗瓊,,32,14468,2010/03/18,1,138.91,114.68,,3.58,0,0,無,1,6000,0
0c756e37-94fb-4fac-b532-37953641a384,新北市新莊區新莊國民小學附設幼兒園,新北市新莊區新莊國民小學附設幼兒園,新北市新莊區新莊國民小學附設幼兒園,公立,新莊區,林惠珍,,120,3728,1999/11/25,1,855.98,430.78,425.2,3.59,0,0,無,0,0,0
0c77ddec-2329-4903-89ad-c0a3bbf41f46,新北市私立丹力幼兒園,新北市私立丹力幼兒園,新北市私立丹力幼兒園,私立,三重區,陳震宇,,72,19191,2002/11/19,1,253.69,253.69,,3.52,0,0,無,0,0,0
0c78938e-e7c8-4f59-a38e-652d9b97931b,新北市私立芮嘉幼兒園,新北市私立芮嘉幼兒園,新北市私立芮嘉幼兒園,私立,五股區,黃佾平,,40,5000,2004/06/28,1,147.0,147.0,,3.67,0,0,113-115,2,66000,0
0c7d724a-e0f5-4b38-9ed2-b9cc705b1f3d,新北市私立漢華幼兒園,新北市私立漢華幼兒園,新北市私立漢華幼兒園,私立,新店區,張棣修,,60,12200,1996/08/09,1,316.2,160.7,155.5,2.68,0,0,無,0,0,0
0cc06644-bdee-4b85-8100-ce2d9c1cc0c5,新北市私立人文幼兒園,新北市私立人文幼兒園,新北市私立人文幼兒園,私立,八里區,陳奕杰,,180,10792,2009/02/04,1,,,,,0,0,無,0,0,0
0d50df65-ee81-462d-88ea-e9604da3fed6,新北市私立班博士幼兒園,新北市私立班博士幼兒園,新北市私立班博士幼兒園,私立,三重區,李雪麗,,68,12400,2004/07/16,1,238.37,238.37,,3.51,0,0,無,0,0,0
0d963dcb-e8f7-4013-ba2f-793c8acc35d7,新北市私立碧安幼兒園,新北市私立碧安幼兒園,新北市私立碧安幼兒園,私立,新店區,劉小綺,,60,11117,1985/07/25,0,254.88,219.72,35.16,3.66,0,0,無,2,9000,0
0dab6b26-9031-44ec-87e8-3378c1b43b07,新北市立八里幼兒園龍源分班,新北市立八里幼兒園,新北市立八里幼兒園,公立,八里區,,,40,3706,1980/07/01,1,295.04,295.04,,7.38,0,0,無,0,0,0
0dacc7c1-cd8a-42b0-acff-e1ceacdc5255,新北市私立佳辰幼兒園,新北市私立佳辰幼兒園,新北市私立佳辰幼兒園,私立,蘆洲區,陳麗珍,,130,12717,2009/12/14,1,456.33,456.33,,3.51,0,0,無,0,0,0
0dafa1c3-187d-4672-999c-1b16768a7c82,新北市樹林區武林國民小學附設幼兒園,新北市樹林區武林國民小學附設幼兒園,新北市樹林區武林國民小學附設幼兒園,公立,樹林區,莊見智,,166,3728,1993/12/09,1,2170.0,796.0,1374.0,4.8,0,0,無,1,12000,0
0de9a70f-d8b3-497b-84b7-95f3c54cf342,國防部陸軍司令部第六軍團指揮部前鋒職場互助教保服務中心(委託財團法人三之三生命教育基金會辦理),國防部陸軍司令部第六軍團指揮部前鋒職場互助教保服務中心(委託財團法人三之三生命教育基金會辦理),國防部陸軍司令部第六軍團指揮部前鋒職場互助教保服務中心,私立,五股區,吳文宗,財團法人三之三生命教育基金會,60,2000,2022/09/16,1,309.43,309.43,,5.16,0,0,無,0,0,0
0e702c3b-1483-4347-a88e-1b31274146b7,新北市安興非營利幼兒園(委託社團法人臺灣兒童教育發展協會辦理),新北市安興非營利幼兒園(委託社團法人臺灣兒童教育發展協會辦理),新北市安興非營利幼兒園,非營利,新店區,簡名吟,社團法人臺灣兒童教育發展協會,60,2000,2018/07/05,1,459.66,279.66,180.0,4.66,0,0,無,4,156000,0
0efd221a-9504-43f5-b066-4c8e5d17c88b,新北市瑞芳區濂洞國民小學附設幼兒園,新北市瑞芳區濂洞國民小學附設幼兒園,新北市瑞芳區濂洞國民小學附設幼兒園,公立,瑞芳區,黃恕懿,,15,3728,2012/08/01,1,232.8,142.8,90.0,9.52,0,0,無,0,0,0
0f4df6b9-d3e5-4bfe-9f04-288270ff36e7,新北市私立卡爾威特幼兒園,新北市私立卡爾威特幼兒園,新北市私立卡爾威特幼兒園,私立,板橋區,張國彥,,130,17166,2003/07/25,1,587.42,587.42,,4.52,0,0,無,0,0,0
0f57fead-e491-4569-8eb1-83341a6df287,新北市私立欣園幼兒園,新北市私立欣園幼兒園,新北市私立欣園幼兒園,私立,新莊區,賴致宏,,135,13858,1992/09/01,1,2155.94,392.75,1763.19,2.91,0,0,無,1,6000,0
0f9602d3-afb7-42df-8261-eb69a9f96bba,新北市淡水區淡水國民小學附設幼兒園,新北市淡水區淡水國民小學附設幼兒園,新北市淡水區淡水國民小學附設幼兒園,公立,淡水區,陳佩芝,,90,3728,1994/12/21,1,739.0,469.0,270.0,5.21,0,0,無,0,0,0
0fe8f8be-e19a-456c-ae12-6a05bb56e68c,新北市私立名亮幼兒園,新北市私立名亮幼兒園,新北市私立名亮幼兒園,私立,土城區,楊玉成,,100,13901,2005/06/01,1,365.35,365.35,,3.65,0,0,無,1,6000,0
10bf79f2-6226-4a1a-972c-5ae04e85c0c9,新北市私立常春藤幼兒園,新北市私立常春藤幼兒園,新北市私立常春藤幼兒園,私立,土城區,陳慧雯,,51,4500,2000/12/15,1,248.95,248.95,,4.88,0,0,113-115,0,0,0
10e2ec54-a5ac-4b44-b86c-3a41c76fd067,新北市土城區廣福國民小學附設幼兒園,新北市土城區廣福國民小學附設幼兒園,新北市土城區廣福國民小學附設幼兒園,公立,土城區,張美鳳,,196,3728,1997/09/18,1,1372.34,784.34,588.0,4.0,0,0,無,0,0,0
1107bf72-dca2-4c4d-8090-017df5b1e102,新北市私立芝柏幼兒園,新北市私立芝柏幼兒園,新北市私立芝柏幼兒園,私立,三芝區,黃瑞齡,,70,3000,2003/07/01,1,1962.04,540.76,881.18,7.73,0,0,113-115,1,3000,0
110f7d07-8411-4f60-9d59-5bbf8bcfbfd4,新北市三重區修德國民小學附設幼兒園,新北市三重區修德國民小學附設幼兒園,新北市三重區修德國民小學附設幼兒園,公立,三重區,陳俊生,,60,3728,1995/02/15,1,500.0,320.0,180.0,5.33,0,0,無,0,0,0
1199b44f-884e-4fbe-98b1-8b0b485093f5,新北市私立邦喬妮幼兒園,新北市私立邦喬妮幼兒園,新北市私立邦喬妮幼兒園,私立,三重區,吳玉芳,,32,10517,2002/07/30,1,112.9,112.9,,3.53,0,0,無,6,290000,0
11aac97d-ba70-4e33-8d78-1093f5d9cf98,新北市私立惠群幼兒園,新北市私立惠群幼兒園,新北市私立惠群幼兒園,私立,新莊區,王琪淳,,45,4500,2005/07/30,1,176.54,176.54,,3.92,0,0,113-115,0,0,0
11f7549c-fb3e-4e62-bd8f-556cfbfb1368,新北市私立淡水松柏幼兒園,新北市私立淡水松柏幼兒園,新北市私立淡水松柏幼兒園,私立,淡水區,呂學義,,152,3750,2000/10/04,1,532.92,532.92,,3.51,0,0,113-115,0,0,0
11f7ba32-ceeb-4e4f-a101-8dee6f9c35ee,新北市私立建和幼兒園,新北市私立建和幼兒園,新北市私立建和幼兒園,私立,新莊區,裴慧蓉,,80,18988,2004/07/22,1,500.98,500.98,,6.26,0,0,無,0,0,0
12108b51-cfd5-48b4-a1e4-43970b1bcc59,新北市私立艾法貝爾幼兒園,新北市私立艾法貝爾幼兒園,新北市私立艾法貝爾幼兒園,私立,板橋區,魏汗青,,120,18000,2017/07/26,1,593.07,346.84,246.23,2.89,0,0,無,8,120000,1
125c0989-7417-4e95-9d0d-05c030b4c396,新北市私立李氏姐妹幼兒園,新北市私立李氏姐妹幼兒園,新北市私立李氏姐妹幼兒園,私立,新店區,李文漪,,142,14873,1999/04/23,1,437.24,437.24,,3.08,0,1,無,4,246000,0
12a65098-9668-481c-8445-2f9824a8c6bb,新北市私立良華幼兒園,新北市私立良華幼兒園,新北市私立良華幼兒園,私立,五股區,陳玟卉,,29,10500,2002/08/15,1,127.99,102.54,,3.54,0,0,無,4,150000,1
12c7dcdf-7f8b-4708-8574-3999bdd4f2e6,新北市私立幼祥幼兒園,新北市私立幼祥幼兒園,新北市私立幼祥幼兒園,私立,板橋區,陳庚申,,84,16266,1993/05/12,1,422.0,306.0,116.0,3.64,0,0,無,4,129000,0
12e13348-be68-4038-bc53-b123a74ee353,新北市私立卡兒堡幼兒園,新北市私立卡兒堡幼兒園,新北市私立卡兒堡幼兒園,私立,永和區,張鈺淳,,30,16417,1999/10/30,1,138.21,138.21,,4.61,0,0,無,0,0,0
130d35d4-6b73-4a4a-942f-5b6bf6f027f0,新北市私立英嘉幼兒園,新北市私立英嘉幼兒園,新北市私立英嘉幼兒園,私立,三重區,楊明潭,,300,19033,1959/07/20,1,429.0,297.0,132.0,0.99,0,0,無,1,60000,0
13139b3b-c2dd-493f-b23f-6a47fa47ce0b,新北市汐止區北港國民小學附設幼兒園,新北市汐止區北港國民小學附設幼兒園,新北市汐止區北港國民小學附設幼兒園,公立,汐止區,林素滿,,30,3706,1999/08/21,1,292.8,247.8,45.0,8.26,0,0,無,0,0,0
131f7ce0-8226-4ceb-a412-3d8be943d4f7,新北市私立三重忠孝幼兒園,新北市私立三重忠孝幼兒園,新北市私立三重忠孝幼兒園,私立,三重區,李慶成,,60,3750,1983/03/19,1,355.1,165.1,190.0,2.75,0,0,113-115,0,0,0
1356fdaa-9960-4660-a2d3-01ec0d1aa046,財團法人享翔葉克膜教育基金會附設新北市私立翔耀幼兒園,財團法人享翔葉克膜教育基金會附設新北市私立翔耀幼兒園,財團法人享翔葉克膜教育基金會附設新北市私立翔耀幼兒園,私立,三峽區,陳益川,,66,4600,2021/02/02,1,396.71,276.68,120.03,4.19,0,0,114-115,0,0,0
135cf610-4b12-4d39-a571-14348cb1634c,新北市私立宜德幼兒園,新北市私立宜德幼兒園,新北市私立宜德幼兒園,私立,三重區,陳金鳳,,37,3750,2000/07/11,1,132.75,132.75,,3.59,0,0,113-115,0,0,0
1380519e-c032-409f-b6e3-1cae67f0edc7,新北市泰山區明志國民小學附設幼兒園,新北市泰山區明志國民小學附設幼兒園,新北市泰山區明志國民小學附設幼兒園,公立,泰山區,劉道德,,196,3728,1989/08/30,1,1540.0,910.0,630.0,4.64,0,0,無,0,0,0
13a401e6-bb30-4a85-9633-bc6fed8e2130,新北市蘆洲區仁愛國民小學附設幼兒園,新北市蘆洲區仁愛國民小學附設幼兒園,新北市蘆洲區仁愛國民小學附設幼兒園,公立,蘆洲區,陳志哲,,256,3728,2000/10/25,1,1915.0,1417.0,498.0,5.54,0,0,無,0,0,0
13b5ae47-69e7-48e4-8122-8feea339718f,社團法人新竹市教保人員協會附設新北市私立新莊聯合幼兒園,社團法人新竹市教保人員協會附設新北市私立新莊聯合幼兒園,社團法人新竹市教保人員協會附設新北市私立新莊聯合幼兒園,私立,新莊區,許玉齡,,105,14000,2018/07/27,1,669.6,327.7,341.9,3.12,0,0,無,0,0,0
148001c6-5150-43d5-8a64-5937a9dd2e3a,新北市私立維珍妮幼兒園,新北市私立維珍妮幼兒園,新北市私立維珍妮幼兒園,私立,五股區,黃桂貞,,40,12483,2002/05/06,1,321.25,305.25,,7.63,0,0,無,14,1287000,2
1491ce09-9d8d-4a95-b40f-b7b2644942fd,財團法人新北市樹林基督長老教會附設新北市私立牧人幼兒園,財團法人新北市樹林基督長老教會附設新北市私立牧人幼兒園,財團法人新北市樹林基督長老教會附設新北市私立牧人幼兒園,私立,樹林區,,,150,11909,1995/03/21,1,1957.0,1543.0,414.0,10.29,0,0,無,0,0,0
14bf14e5-0d43-454d-9211-4703a1c60b9b,新北市私立實踐菁英幼兒園,新北市私立實踐菁英幼兒園,新北市私立實踐菁英幼兒園,私立,中和區,莊吉田,,60,16367,2017/07/24,1,309.49,189.38,120.11,3.16,0,0,無,3,75000,0
14fb4d1a-738c-4c97-9829-2d98bb5bfe37,新北市私立榮欣幼兒園,新北市私立榮欣幼兒園,新北市私立榮欣幼兒園,私立,新莊區,陳怡伶,,33,9500,2005/01/17,1,117.2,117.2,,3.55,0,0,無,1,6000,0
158e4a00-dc41-4292-9af2-942b357677bc,新北市私立吉的堡南雅幼兒園,新北市私立吉的堡南雅幼兒園,新北市私立吉的堡南雅幼兒園,私立,板橋區,張嘉真,,102,16300,2011/01/21,1,359.2,359.2,,3.52,0,0,無,2,36000,0
15ab21b9-e681-43d9-941b-a06a3726c398,財團法人臺灣省天主教道明傳教修女會附設新北市私立道明幼兒園,財團法人臺灣省天主教道明傳教修女會附設新北市私立道明幼兒園,財團法人臺灣省天主教道明傳教修女會附設新北市私立道明幼兒園,私立,泰山區,,,90,3750,1986/10/27,1,5876.03,632.0,5244.03,7.02,0,0,113-115,0,0,0
15bf45de-27f8-4367-8446-6f2fd3439851,新北市私立葳肯幼兒園,新北市私立葳肯幼兒園,新北市私立葳肯幼兒園,私立,板橋區,高大晏,,37,4500,2005/07/29,1,157.43,157.43,,4.25,0,0,113-115,2,12000,0
15ec1920-1054-4c4d-ad7e-e1190f28284a,新北市私立正隆幼兒園,新北市私立正隆幼兒園,新北市私立正隆幼兒園,私立,板橋區,林賀年,,50,8500,1986/05/20,1,288.75,288.75,,5.78,0,0,無,0,0,0
15efd19a-3408-4f84-b0b2-babfd10d4d6d,新北市私立英群幼兒園,新北市私立英群幼兒園,新北市私立英群幼兒園,私立,三重區,楊明潭,,92,,2004/05/31,0,322.05,322.05,,3.5,0,0,無,1,6000,0
16089acb-3c92-412b-8c47-5f48466e97d2,新北市私立林肯幼兒園,新北市私立林肯幼兒園,新北市私立林肯幼兒園,私立,新店區,林寶專,,240,18200,2003/06/13,1,2590.0,752.0,1838.0,3.13,0,0,無,3,48000,0
16510117-52e3-4f06-943e-45c2dfe2cc9d,新北市私立愛唯兒幼兒園,新北市私立愛唯兒幼兒園,新北市私立愛唯兒幼兒園,私立,板橋區,郭枝盈,,180,16950,2005/10/03,1,1224.77,813.65,411.12,4.52,0,0,無,1,3000,0
16d21171-c2af-4e60-8478-df98b13c60d0,新北市立瑞芳幼兒園,新北市立瑞芳幼兒園,新北市立瑞芳幼兒園,公立,瑞芳區,周筠珍,,38,3706,1970/01/01,0,281.76,281.76,,7.41,0,0,無,0,0,0
16d2f560-8468-4c43-b75b-a73c3fbb36a8,新北市私立道欣幼兒園,新北市私立道欣幼兒園,新北市私立道欣幼兒園,私立,新店區,洪雅芳,,38,4125,2000/09/26,1,132.05,132.05,,3.48,0,0,113-115,0,0,0
16e7020f-0ece-4bad-a0e5-3d30fef608fb,新北市私立吾米幼兒園,新北市私立吾米幼兒園,新北市私立吾米幼兒園,私立,淡水區,鄞榛言,,320,26033,2023/11/17,1,3386.61,1402.93,1983.68,4.38,0,0,無,0,0,0
176614a5-6766-4db1-812c-4497e114a1ab,新北市私立新仁愛幼兒園,新北市私立新仁愛幼兒園,新北市私立新仁愛幼兒園,私立,泰山區,陳文莉,,73,22500,2017/09/15,1,,,,,0,0,無,3,126000,0
18087f97-a944-441c-96cd-0d01f80eafbc,新北市瑞芳區瓜山國民小學附設幼兒園,新北市瑞芳區瓜山國民小學附設幼兒園,新北市瑞芳區瓜山國民小學附設幼兒園,公立,瑞芳區,沈美慧,,15,3728,1989/08/30,1,284.37,194.37,90.0,12.96,0,0,無,0,0,0
183276c3-2665-4503-af18-4f2ad53f9acf,新北市私立奇異鳥米蘭幼兒園,新北市私立奇異鳥米蘭幼兒園,新北市私立奇異鳥米蘭幼兒園,私立,樹林區,林玉敏,,86,23500,2011/10/12,1,301.0,301.0,,3.5,0,0,無,1,6000,0
1859a3e0-b28f-4d58-a369-db13047b4f0f,新北市樹林區育德國民小學附設幼兒園,新北市樹林區育德國民小學附設幼兒園,新北市樹林區育德國民小學附設幼兒園,公立,樹林區,蔡佩芳,,60,3728,1990/05/10,1,,,,,0,0,無,0,0,0
18eda382-e1ad-4d79-8bbb-f85aa3609387,新北市林口區嘉寶國民小學附設幼兒園,新北市林口區嘉寶國民小學附設幼兒園,新北市林口區嘉寶國民小學附設幼兒園,公立,林口區,邱文良,,30,3728,2012/08/01,1,160.0,100.0,60.0,3.33,0,0,無,0,0,0
18f61e0e-c279-4550-8e68-5eebe8aba5b3,新北市私立新惠幼幼兒園,新北市私立新惠幼幼兒園,新北市私立新惠幼幼兒園,私立,永和區,連秀鳳,,60,22323,1992/04/01,1,297.33,170.33,127.0,2.84,0,0,無,1,6000,0
18f7a431-ab91-46d6-b1ff-96fcbc31dedd,新北市私立蘋果苑幼兒園,新北市私立蘋果苑幼兒園,新北市私立蘋果苑幼兒園,私立,淡水區,黃惠敏,,130,15273,2003/04/29,1,596.15,596.15,,4.59,0,0,無,0,0,0
191cf44e-403f-4a05-b2a2-1d0c9090b390,新北市私立欣明幼兒園,新北市私立欣明幼兒園,新北市私立欣明幼兒園,私立,中和區,黃美滿,,50,3750,1981/04/01,1,276.82,176.0,100.82,3.52,0,0,113-115,0,0,0
1944b465-0b1a-416c-bbb0-f6e70c55c81c,新北市板橋區中山國民小學附設幼兒園,新北市板橋區中山國民小學附設幼兒園,新北市板橋區中山國民小學附設幼兒園,公立,板橋區,陳學添,,180,3728,1963/02/26,1,1360.43,805.87,554.56,4.48,0,0,無,0,0,0
195475f3-7ccf-466b-a5c5-b37f5d6f59cf,新北市立三峽幼兒園,新北市立三峽幼兒園,新北市立三峽幼兒園,公立,三峽區,李麗娟,,85,3706,1970/01/01,1,385.21,385.21,,4.53,0,0,無,0,0,0
19b9ac96-ebb8-49f7-97d0-9d88b2dad1ed,新北市立深坑國民中學附設幼兒園,新北市立深坑國民中學附設幼兒園,新北市立深坑國民中學附設幼兒園,公立,深坑區,李建英,,30,3728,2000/09/13,1,514.0,154.0,360.0,5.13,0,0,無,1,12000,0
19c1a589-4d00-4b3a-b37d-15bd98cc953e,新北市私立椰林幼兒園,新北市私立椰林幼兒園,新北市私立椰林幼兒園,私立,中和區,洪碩亨,,29,4600,2001/07/04,1,116.82,112.0,,3.86,0,0,115-115,8,258000,0
1a2e36e8-a011-45f3-89fe-be7074dbc814,新北市新店區屈尺國民小學附設幼兒園,新北市新店區屈尺國民小學附設幼兒園,新北市新店區屈尺國民小學附設幼兒園,公立,新店區,張漢堯,,30,3728,1993/09/07,1,684.0,384.0,300.0,12.8,0,0,無,0,0,0
1a4557fa-c0f2-42d3-86da-37fd98c5fab3,新北市立泰山國民中學附設幼兒園,新北市立泰山國民中學附設幼兒園,新北市立泰山國民中學附設幼兒園,公立,泰山區,鄭杏玲,,60,3728,2000/09/20,1,393.45,213.45,156.0,3.56,0,0,無,0,0,0
1a80a785-86b6-4d93-bffb-4ec244bbe68e,新北市私立心語仁愛幼兒園,新北市私立心語仁愛幼兒園,新北市私立心語仁愛幼兒園,私立,林口區,劉婕盈,,120,27070,2020/05/19,1,820.77,357.67,463.1,2.98,0,0,無,0,0,0
1ac90d57-47b4-4298-bae7-9ef432d81329,新北市私立野聲幼兒園,新北市私立野聲幼兒園,新北市私立野聲幼兒園,私立,永和區,徐小美,,128,12350,2001/12/21,1,916.0,612.0,304.0,4.78,0,0,無,3,18000,0
1aeb1b0d-48c7-49d0-80d9-554ba10c1a95,新北市私立親親袋鼠幼兒園,新北市私立親親袋鼠幼兒園,新北市私立親親袋鼠幼兒園,私立,新莊區,胡昕蔚,,145,9300,2004/07/22,1,584.64,470.4,114.23,3.24,0,0,無,5,90000,0
1b10e186-c28e-4ea6-8405-6be92b6ba8c4,天主教聖心學校財團法人新北市聖心國民小學附設私立善牧園幼兒園,天主教聖心學校財團法人新北市聖心國民小學附設私立善牧園幼兒園,天主教聖心學校財團法人新北市聖心國民小學附設私立善牧園幼兒園,私立,八里區,林沛英,,210,8123,1997/08/01,1,2208.75,834.94,1373.81,3.98,0,0,無,0,0,0
1b52e758-e9a7-49c0-aacf-8cb74c18e62c,新北市私立福祿貝爾大有幼兒園,新北市私立福祿貝爾大有幼兒園,新北市私立福祿貝爾大有幼兒園,私立,樹林區,黃幸如,,452,23198,2022/09/01,1,3585.482,2286.612,1298.87,5.06,0,0,無,0,0,0
1b66b96d-fc59-4939-a91d-0f1cfe627978,新北市私立天愛幼兒園,新北市私立天愛幼兒園,新北市私立天愛幼兒園,私立,板橋區,黃愛茱,,77,4575,2011/04/06,1,338.98,145.975,124.12,1.9,0,0,114-115,2,63000,0
1b7412f1-13f5-4a8c-a5ca-154cecbfb162,新北市私立新林幼兒園,新北市私立新林幼兒園,新北市私立新林幼兒園,私立,林口區,蔡敦豪,,127,19200,2018/01/15,1,712.66,517.32,195.3,4.07,0,0,無,1,6000,0
1b96c15c-c710-4185-9c6f-9794f5852b3d,新北市私立向日園幼兒園,新北市私立向日園幼兒園,新北市私立向日園幼兒園,私立,新店區,劉庭溱,,42,4540,2000/03/01,1,180.54,180.54,,4.3,0,0,114-115,0,0,0
1b9a086a-a27b-4669-8259-75864828e6b5,新北市私立君格綠園道幼兒園,新北市私立君格綠園道幼兒園,新北市私立君格綠園道幼兒園,私立,汐止區,周麗珍,,92,18839,2001/12/25,1,365.04,322.12,42.92,3.5,0,0,無,0,0,0
1bccb4da-f81d-4c79-b1ca-45d120d2d0be,新北市北大非營利幼兒園(委託明新學校財團法人明新科技大學辦理),新北市北大非營利幼兒園(委託明新學校財團法人明新科技大學辦理),新北市北大非營利幼兒園,非營利,三峽區,呂明峯,明新學校財團法人明新科技大學,182,2000,2017/06/28,1,2857.67,1757.67,1100.0,9.66,0,0,無,1,30000,0
1bed194b-2261-4284-9397-ddc2d6c67d51,新北市私立佳盈幼兒園,新北市私立佳盈幼兒園,新北市私立佳盈幼兒園,私立,汐止區,蔡孟嘉,,180,13800,2003/12/16,1,698.91,698.91,,3.88,0,0,無,1,60000,0
1bf70674-f432-44f9-b054-e0f995de88da,新北市私立華兒園精緻幼兒園,新北市私立華兒園精緻幼兒園,新北市私立華兒園精緻幼兒園,私立,三重區,林錦惠,,61,12615,2005/05/27,1,218.07,218.07,,3.57,0,1,無,1,60000,0
1c85aae3-c95c-4733-a0a9-6836126476bc,新北市私立小博士幼兒園,新北市私立小博士幼兒園,新北市私立小博士幼兒園,私立,中和區,陳奕穎,,255,15800,2001/09/13,1,1075.45,1075.45,,4.22,0,0,無,2,110000,0
1ca62a1e-7925-4f51-98f2-e1f3e021f8ac,新北市石碇區石碇國民小學附設幼兒園,新北市石碇區石碇國民小學附設幼兒園,新北市石碇區石碇國民小學附設幼兒園,公立,石碇區,許慈芬,,30,3728,1985/12/27,1,2363.0,97.52,135.0,3.25,0,0,無,0,0,0
1cff3c7f-bdde-47a8-bd74-783c69e219a2,新北市私立幼心園幼兒園,新北市私立幼心園幼兒園,新北市私立幼心園幼兒園,私立,三峽區,陳寶慧,,29,5533,2002/10/30,1,102.6,102.06,,3.52,0,0,無,1,6000,0
1d07c669-62b8-4810-995a-f75f297d7cef,行政院新莊聯合辦公大樓各進駐機關員工子女非營利幼兒園(委託社團法人新竹市教保人員協會辦理),行政院新莊聯合辦公大樓各進駐機關員工子女非營利幼兒園(委託社團法人新竹市教保人員協會辦理),行政院新莊聯合辦公大樓各進駐機關員工子女非營利幼兒園,非營利,新莊區,許玉齡,社團法人新竹市教保人員協會,105,2000,2018/07/27,1,669.6,327.7,341.9,3.12,0,0,無,0,0,0
1d307668-1a56-464a-9546-a92e51187cb4,新北市立淡水幼兒園竹圍分班,新北市立淡水幼兒園,新北市立淡水幼兒園,公立,淡水區,,,106,3706,2000/07/01,1,998.81,998.81,,9.42,0,0,無,0,0,0
1d6d422b-e67a-451c-b8c1-7951ac5e4f27,新北市私立立大幼兒園,新北市私立立大幼兒園,新北市私立立大幼兒園,私立,新店區,陳禮輝,,52,12450,2010/01/05,1,187.18,187.18,,3.6,0,0,無,0,0,0
1d8a884d-520e-4ece-8ff3-76ddc4f82666,新北市立中和幼兒園碧湖分班,新北市立中和幼兒園,新北市立中和幼兒園,公立,中和區,,,90,3706,2007/10/26,1,316.96,151.96,165.0,1.69,0,0,無,0,0,0
1dc12f64-2a96-458c-a4e9-4c6cd9ec274c,新北市私立幼愛幼兒園,新北市私立幼愛幼兒園,新北市私立幼愛幼兒園,私立,新莊區,高碧森,,80,4500,1998/04/02,1,392.3,279.3,113.0,3.49,0,0,113-115,1,6000,0
1e133a1e-f41b-4c9f-a706-02a4585c03a0,新北市私立小甜甜幼兒園,新北市私立小甜甜幼兒園,新北市私立小甜甜幼兒園,私立,三峽區,范偉,,61,4500,1982/08/15,1,215.26,122.24,93.02,2.0,0,0,113-115,3,59000,0
1e5ca79c-2cac-44b8-9474-346a7555064d,新北市清水高中非營利幼兒園(委託財團法人台北市中華基督教青年會辦理),新北市清水高中非營利幼兒園(委託財團法人台北市中華基督教青年會辦理),新北市清水高中非營利幼兒園,非營利,土城區,賴允亮,財團法人台北市中華基督教青年會,90,2000,2024/09/05,1,1304.38,745.74,558.64,8.29,0,0,無,0,0,0
1eb5842d-5e62-4777-ba95-6051a5e5cfa7,新北市私立謙禧幼兒園,新北市私立謙禧幼兒園,新北市私立謙禧幼兒園,私立,中和區,楊維萍,,25,13564,2015/11/18,1,136.69,86.67,50.02,3.47,0,0,無,0,0,0
1ef11ca7-994f-4fc8-8757-0bc422967021,新北市私立菁英幼兒園,新北市私立菁英幼兒園,新北市私立菁英幼兒園,私立,淡水區,林瑋琳,,40,9300,2005/01/12,1,141.755,141.755,,3.54,0,0,無,8,201000,1
1ef21201-707b-40b2-9e07-1710f5f69e96,新北市私立吉優幼兒園,新北市私立吉優幼兒園,新北市私立吉優幼兒園,私立,汐止區,賴德義,,133,18100,2001/07/27,1,668.04,467.78,,3.52,0,0,無,0,0,0
1efbdd20-20a4-4751-8500-a777d9ef60f1,新北市私立天心幼兒園,新北市私立天心幼兒園,新北市私立天心幼兒園,私立,萬里區,王德鏗,,50,4500,2000/10/13,1,181.22,115.6,65.62,2.31,0,0,113-115,1,50000,0
1f24bd95-2d34-4de9-93c1-ba1198b2f6d4,新北市立永和幼兒園忠孝分班,新北市立永和幼兒園,新北市立永和幼兒園,公立,永和區,,,100,3706,2004/08/06,1,619.45,619.45,,6.19,0,0,無,0,0,0
1f5965d3-a5cb-4988-9044-27ea0605cf76,新北市中和區興南國民小學附設幼兒園,新北市中和區興南國民小學附設幼兒園,新北市中和區興南國民小學附設幼兒園,公立,中和區,曾長麗,,166,3728,1986/04/23,1,1349.75,966.1,383.65,5.82,0,0,無,0,0,0
1f5c5076-404b-4cbd-929a-27ba0c15b36f,新北市私立雨果幼兒園,新北市私立雨果幼兒園,新北市私立雨果幼兒園,私立,淡水區,吳靜美,,34,12600,2003/10/07,1,160.196,140.77,,4.14,0,0,無,0,0,0
1fbc2160-6c3a-4c34-9d89-4989e9eb311c,新北市私立景新幼兒園,新北市私立景新幼兒園,新北市私立景新幼兒園,私立,中和區,許芳玲,,40,4606,1999/07/12,1,,,,,0,0,115-115,0,0,0
1fdbe55b-77a7-4357-9677-d50b29ac90df,新北市立猴硐—蒙特梭利實驗小學附設幼兒園,新北市立猴硐—蒙特梭利實驗小學附設幼兒園,新北市立猴硐—蒙特梭利實驗小學附設幼兒園,公立,瑞芳區,王瑞邦,,23,3728,1993/11/25,1,373.0,152.0,221.0,6.61,0,0,無,0,0,0
1ff04a14-59b9-4537-b84c-31be0cf1bd01,新北市私立小親親幼兒園,新北市私立小親親幼兒園,新北市私立小親親幼兒園,私立,淡水區,陳定國,,78,4575,1983/02/23,1,370.0,370.0,,4.74,0,0,114-115,7,318000,0
1ff0e2db-4e9e-4e65-a8a2-20513d655330,新北市私立淯馨幼兒園,新北市私立淯馨幼兒園,新北市私立淯馨幼兒園,私立,永和區,黃聖凱,,37,5000,2009/04/20,1,160.47,160.47,,4.34,0,0,114-115,2,12000,0
201270ee-418d-451e-9220-a0670c3fd257,新北市私立童心幼兒園,新北市私立童心幼兒園,新北市私立童心幼兒園,私立,板橋區,周慶寧,,41,9500,2009/04/29,1,149.3,149.3,,3.64,0,1,無,1,60000,0
211d9561-1287-4e21-8893-9ea56e3e0863,新北市私立春福幼兒園,新北市私立春福幼兒園,新北市私立春福幼兒園,私立,深坑區,陳明志,,44,4500,2001/01/20,1,154.24,154.24,,3.51,0,0,113-115,0,0,0
21531b5d-6f2e-4579-bb33-69e6b696f1b1,新北市私立雅格幼兒園,新北市私立雅格幼兒園,新北市私立雅格幼兒園,私立,新店區,林愉靜,,29,3000,2010/11/08,1,131.08,104.56,,3.61,0,0,115-115,2,6000,0
21a24ff7-584f-4b1d-9378-87976ec68ef3,新北市立林口幼兒園湖北分班,新北市立林口幼兒園,新北市立林口幼兒園,公立,林口區,,,30,3706,2004/11/23,1,206.08,74.86,131.22,2.5,0,0,無,0,0,0
21b31ad5-c236-40d6-90c5-0fb17a31df6f,新北市三重區三重國民小學附設幼兒園,新北市三重區三重國民小學附設幼兒園,新北市三重區三重國民小學附設幼兒園,公立,三重區,朱富榮,,60,3728,1993/12/04,1,558.0,348.0,210.0,5.8,0,0,無,0,0,0
21ecfdec-e787-4743-8eee-d723acd88121,新北市淡水區鄧公國民小學附設幼兒園,新北市淡水區鄧公國民小學附設幼兒園,新北市淡水區鄧公國民小學附設幼兒園,公立,淡水區,顏顯權,,60,3728,1997/08/01,1,570.0,390.0,180.0,6.5,0,0,無,0,0,0
226e12ea-7849-43aa-8b5d-3c8625c2bf06,新北市私立華邇街感恩幼兒園,新北市私立華邇街感恩幼兒園,新北市私立華邇街感恩幼兒園,私立,林口區,蔡清雯,,180,20200,2025/04/10,1,1495.65,672.65,823.0,3.74,0,0,無,0,0,0
229662e6-3d38-44c4-9862-098b4bfae61b,新北市中正非營利幼兒園(委託財團法人三之三生命教育基金會辦理),新北市中正非營利幼兒園(委託財團法人三之三生命教育基金會辦理),新北市中正非營利幼兒園,非營利,土城區,吳文宗,財團法人三之三生命教育基金會,136,2000,2018/09/27,1,855.16,587.43,267.73,4.32,0,0,無,1,6000,0
22a21be5-c879-4cc7-a118-61f93ebbe586,新北市立樹林幼兒園,新北市立樹林幼兒園,新北市立樹林幼兒園,公立,樹林區,古烘桄,,90,3706,1970/01/01,1,516.95,221.96,294.99,2.47,0,0,無,0,0,0
22adff3d-3807-4663-ba69-023f24039731,新北市私立林口啟文幼兒園,新北市私立林口啟文幼兒園,新北市私立林口啟文幼兒園,私立,林口區,陳鳳珠,,180,13383,2003/12/18,1,1011.2,611.56,399.64,3.4,0,1,無,3,72000,0
22de9110-5265-4c1a-aa32-6198fc901fbc,新北市文創非營利幼兒園(委託財團法人三之三生命教育基金會辦理),新北市文創非營利幼兒園(委託財團法人三之三生命教育基金會辦理),新北市文創非營利幼兒園,非營利,林口區,吳文宗,財團法人三之三生命教育基金會,90,2000,2020/01/22,1,103767.0,60666.0,43101.0,674.07,0,0,無,0,0,0
22e543e9-6393-4670-8b77-33c8e339440e,新北市私立禾稼幼兒園,新北市私立禾稼幼兒園,新北市私立禾稼幼兒園,私立,板橋區,李瓊梅,,38,10117,2003/09/20,0,136.31,136.31,,3.59,0,0,無,2,21000,0
2356b4d4-4a46-42be-b750-1be146d81325,新北市私立凱撒琳幼兒園,新北市私立凱撒琳幼兒園,新北市私立凱撒琳幼兒園,私立,新店區,張敏慧,,70,16318,1996/12/14,1,532.0,349.0,183.0,4.99,0,0,無,2,56000,0
236d4037-865a-4aa4-a9e6-7ce461468a6a,新北市私立茁壯園幼兒園,新北市私立茁壯園幼兒園,新北市私立茁壯園幼兒園,私立,土城區,鄭廣權,,60,16648,1998/02/17,1,274.9,134.49,140.41,2.24,0,0,無,1,6000,0
23905c3f-41b1-4d5d-be17-cc3f6ec7fbba,新北市私立溫德爾林口幼兒園,新北市私立溫德爾林口幼兒園,新北市私立溫德爾林口幼兒園,私立,林口區,蕭惠燕,,300,4500,2007/08/08,1,1300.85,565.38,735.47,1.88,0,0,113-115,0,0,0
2395f107-e342-41d1-9057-be5b2afe8b16,新北市私立威頓皇家幼兒園,新北市私立威頓皇家幼兒園,新北市私立威頓皇家幼兒園,私立,汐止區,陳和順,,70,4600,2007/01/03,1,305.35,305.35,,4.36,0,0,115-115,1,6000,0
239fee84-962a-43e8-99e2-1e70272ac307,新北市私立新冠鈞幼兒園,新北市私立新冠鈞幼兒園,新北市私立新冠鈞幼兒園,私立,蘆洲區,張淑津,,45,5000,2004/03/12,1,163.87,163.87,,3.64,0,0,113-115,1,15000,0
23f36b27-fcbc-4b5b-84c4-c2bead986afc,新北市私立佳南幼兒園,新北市私立佳南幼兒園,新北市私立佳南幼兒園,私立,中和區,陳金山,,60,4600,1984/02/29,1,391.6,216.6,119.5,3.61,0,0,113-115,0,0,0
24173fbf-513d-4937-b6f8-5aa8d98a68b8,新北市私立吉而堡幼兒園,新北市私立吉而堡幼兒園,新北市私立吉而堡幼兒園,私立,林口區,蔡繼志,,171,23300,2001/06/15,1,674.87,674.87,,3.95,0,1,無,2,12000,0
24b7a6a5-ac83-47b0-a7f2-2316b4e3bfe7,新北市私立藍天永和幼兒園,新北市私立藍天永和幼兒園,新北市私立藍天永和幼兒園,私立,永和區,王文正,,89,17850,2007/07/11,1,314.01,314.01,,3.53,0,0,無,0,0,0
24d42d8b-b793-4746-81fb-8eee65d6ff6e,新北市私立立強幼兒園,新北市私立立強幼兒園,新北市私立立強幼兒園,私立,汐止區,賴靖雯,,60,4320,1983/05/27,1,810.0,327.0,483.0,5.45,0,0,113-115,1,3000,0
24fef8f8-97ea-4d1b-a102-f1ed9d4f6296,新北市私立哈佛園幼兒園,新北市私立哈佛園幼兒園,新北市私立哈佛園幼兒園,私立,三重區,李錦雲,,78,10000,2000/02/09,1,273.01,154.24,118.77,1.98,0,0,無,0,0,0
2501b654-cf62-4631-a6b7-adefed791260,新北市中和區秀山國民小學附設幼兒園,新北市中和區秀山國民小學附設幼兒園,新北市中和區秀山國民小學附設幼兒園,公立,中和區,梁均紘,,210,3728,1995/09/18,1,3694.05,1369.05,2325.0,6.52,0,0,無,0,0,0
25085963-bc7c-4c63-84e3-35785148a108,新北市私立惟柰米幼兒園,新北市私立惟柰米幼兒園,新北市私立惟柰米幼兒園,私立,汐止區,安鳳琪,,180,14030,2003/10/06,1,720.94,720.94,,4.01,0,0,無,0,0,0
255c6ee1-561c-4325-854a-31bcda1ca1e0,新北市私立圓心坊幼兒園,新北市私立圓心坊幼兒園,新北市私立圓心坊幼兒園,私立,板橋區,蕭仁傑,,30,14267,2003/01/25,1,134.8,134.8,,4.49,0,0,無,0,0,0
257592a7-2642-49df-baa7-61e687035dbe,新北市私立育人幼兒園,新北市私立育人幼兒園,新北市私立育人幼兒園,私立,板橋區,蔡萓槿,,41,11933,1982/01/01,1,144.23,144.23,,3.52,0,0,無,8,161000,0
259297c9-ce55-4026-839d-08eed210c671,新北市板橋區江翠國民小學附設幼兒園,新北市板橋區江翠國民小學附設幼兒園,新北市板橋區江翠國民小學附設幼兒園,公立,板橋區,柯志賢,,152,3728,1994/02/15,1,1652.82,1196.82,456.0,7.87,0,0,無,0,0,0
25c7bba4-1ffe-4901-8b30-88dbb0180125,新北市私立愛樂幼兒園,新北市私立愛樂幼兒園,新北市私立愛樂幼兒園,私立,汐止區,林秀姬,,35,15589,2000/05/01,1,,,,,0,0,無,0,0,0
25e9f797-5731-42e9-b979-e04f249dbfaa,新北市立三和國民中學附設幼兒園,新北市立三和國民中學附設幼兒園,新北市立三和國民中學附設幼兒園,公立,三重區,林真真,,120,3728,2000/08/07,1,2219.0,1066.0,1153.0,8.88,0,0,無,0,0,0
25fc064f-c79c-4eaf-9740-6f82c55c91bf,新北市私立邦妮幼兒園,新北市私立邦妮幼兒園,新北市私立邦妮幼兒園,私立,蘆洲區,吳麗雪,,74,11407,2000/09/01,1,288.7,262.15,,3.54,0,0,無,0,0,0
264b6367-4203-4264-9788-849556ea87da,新北市私立蘋果樹仁政幼兒園,新北市私立蘋果樹仁政幼兒園,新北市私立蘋果樹仁政幼兒園,私立,三重區,葉若蕎,,85,17333,2004/09/21,1,,,,,0,1,無,0,0,0
264c0186-84bb-4816-9c06-2b44304b3896,新北市私立忠山幼兒園,新北市私立忠山幼兒園,新北市私立忠山幼兒園,私立,板橋區,楊忠山,,57,3750,1983/02/01,1,259.27,180.76,78.51,3.17,0,0,113-115,2,66000,0
266ffc3e-6d59-4211-a611-2b082143568d,新北市瑞芳區吉慶國民小學附設幼兒園,新北市瑞芳區吉慶國民小學附設幼兒園,新北市瑞芳區吉慶國民小學附設幼兒園,公立,瑞芳區,王淑芬,,60,3728,1999/09/02,1,760.0,560.0,200.0,9.33,0,0,無,0,0,0
272e4405-f3fe-49fc-88f3-15d0903815a9,清福長照社團法人附設新北市私立清福幼兒園,清福長照社團法人附設新北市私立清福幼兒園,清福長照社團法人附設新北市私立清福幼兒園,私立,三峽區,陳意千,,30,14718,2022/02/24,1,337.76,190.68,147.08,6.36,0,0,無,0,0,0
2754276d-1ff2-4e75-9f81-6695de738418,新北市私立復國幼兒園,新北市私立復國幼兒園,新北市私立復國幼兒園,私立,三重區,黃瓘惠,,36,4500,1984/04/18,1,199.9,153.56,21.4,4.27,0,0,113-115,1,6000,0
27639079-9c97-4584-b2f2-234f2fd2fc0a,新北市立忠孝國民中學附設幼兒園,新北市立忠孝國民中學附設幼兒園,新北市立忠孝國民中學附設幼兒園,公立,板橋區,陳秀標,,120,3728,1999/09/20,1,1914.5,607.5,1307.0,5.06,0,0,無,0,0,0
27ac1e37-5c63-4cce-bbd9-088b58169814,新北市私立喬幼國際幼兒園,新北市私立喬幼國際幼兒園,新北市私立喬幼國際幼兒園,私立,永和區,廖偉尊,,45,19335,2008/02/01,1,158.21,158.21,,3.52,0,0,無,7,588000,0
27f73fa1-9966-4293-85ed-350848b8ec0a,新北市平溪區平溪國民小學附設幼兒園,新北市平溪區平溪國民小學附設幼兒園,新北市平溪區平溪國民小學附設幼兒園,公立,平溪區,黃珮琇,,15,3728,2013/08/01,1,209.53,100.23,109.3,6.68,0,0,無,0,0,0
280894f5-62a5-4162-a769-de8f0cfdc736,新北市雙溪區牡丹國民小學附設幼兒園,新北市雙溪區牡丹國民小學附設幼兒園,新北市雙溪區牡丹國民小學附設幼兒園,公立,雙溪區,王志龍,,15,3728,2012/08/01,1,203.0,153.0,50.0,10.2,0,0,無,0,0,0
29deedd8-5915-4415-8124-566c94d2667e,新北市私立瑪莉亞蒙特梭利幼兒園,新北市私立瑪莉亞蒙特梭利幼兒園,新北市私立瑪莉亞蒙特梭利幼兒園,私立,三峽區,毛淑玲,,60,20233,2010/11/29,1,222.76,222.76,,3.71,0,0,無,0,0,0
2a03089f-d89a-400b-9758-188c64400c43,新北市石門區石門國民小學附設幼兒園,新北市石門區石門國民小學附設幼兒園,新北市石門區石門國民小學附設幼兒園,公立,石門區,吳景泉,,60,3728,1996/10/05,1,460.8,280.8,180.0,4.68,0,0,無,0,0,0
2a071751-89a0-473d-b310-2ac3fbc8e857,新北市樹林區彭福國民小學附設幼兒園,新北市樹林區彭福國民小學附設幼兒園,新北市樹林區彭福國民小學附設幼兒園,公立,樹林區,林顯宜,,226,3728,1970/01/01,1,2265.0,1587.0,678.0,7.02,0,0,無,0,0,0
2a17e374-788f-4ebe-90e6-3a39dc9ab1ce,奇異莊股份有限公司附設新北市私立奇異鳥幼兒園,奇異莊股份有限公司附設新北市私立奇異鳥幼兒園,奇異莊股份有限公司附設新北市私立奇異鳥幼兒園,私立,新莊區,林秀姿,,120,23500,2011/03/03,1,512.96,512.96,,4.27,0,0,無,2,69000,0
2a5829a6-b423-4744-afd3-30f9e32ad453,新北市立五股幼兒園成州分班,新北市立五股幼兒園,新北市立五股幼兒園,公立,五股區,,,29,3706,2002/04/30,1,127.74,127.74,,4.4,0,0,無,0,0,0
2a6ffe0d-21c8-4cd9-942d-b45f57929392,新北市私立全能愛彌兒板橋幼兒園,新北市私立全能愛彌兒板橋幼兒園,新北市私立全能愛彌兒板橋幼兒園,私立,板橋區,陳麗英,,56,4600,2000/10/13,1,234.63,234.63,,4.19,0,0,113-115,4,75000,0
2a971bfe-707e-4a79-ad1d-0ad5da741c2a,新北市私立博士兒幼兒園,新北市私立博士兒幼兒園,新北市私立博士兒幼兒園,私立,淡水區,許毓鍇,,28,8000,2002/04/22,1,119.46,119.46,,4.27,0,0,無,6,201000,0
2aa9e54f-2b5d-4271-bfce-3da63480a1b7,新北市私立太陽花幼兒園,新北市私立太陽花幼兒園,新北市私立太陽花幼兒園,私立,新莊區,劉鴻宇,,150,15320,2000/04/12,1,1718.04,1066.04,652.0,7.11,0,0,無,0,0,0
2ad11ed7-68b6-4fe8-b18e-e26817ebbee1,新北市新店區雙峰國民小學附設幼兒園,新北市新店區雙峰國民小學附設幼兒園,新北市新店區雙峰國民小學附設幼兒園,公立,新店區,王耀德,,30,3728,2000/09/01,1,19410.0,140.0,19200.0,4.67,0,0,無,0,0,0
2b49b756-435f-4f32-b88f-1129ff82e3d8,新北市私立育苗幼兒園,新北市私立育苗幼兒園,新北市私立育苗幼兒園,私立,永和區,趙雅君,,50,4500,1986/03/13,1,250.76,115.76,135.0,2.32,0,0,113-115,1,6000,0
2ba5208c-7438-4216-95eb-6e6b2ac29280,新北市龍埔成長非營利幼兒園(委託財團法人成長文教基金會辦理),新北市龍埔成長非營利幼兒園(委託財團法人成長文教基金會辦理),新北市龍埔成長非營利幼兒園,非營利,三峽區,陳筠安,財團法人成長文教基金會,90,2000,2012/08/01,1,,,,,0,0,無,0,0,0
2bbeb328-66ea-4f68-85bd-d806148bd95f,新北市新莊區光華國民小學附設幼兒園,新北市新莊區光華國民小學附設幼兒園,新北市新莊區光華國民小學附設幼兒園,公立,新莊區,洪中明,,60,3728,1993/11/02,1,558.0,378.0,180.0,6.3,0,0,無,0,0,0
2bf5ccee-d543-4cbe-b6fd-daf08c1bf7a9,新北市新莊區中信國民小學附設幼兒園,新北市新莊區中信國民小學附設幼兒園,新北市新莊區中信國民小學附設幼兒園,公立,新莊區,楊宗時,,180,3728,1998/09/04,1,1628.0,710.0,918.0,3.94,0,0,無,0,0,0
2bfd018c-4cac-42af-820c-d25612853abb,新北市萬里區大鵬國民小學附設幼兒園,新北市萬里區大鵬國民小學附設幼兒園,新北市萬里區大鵬國民小學附設幼兒園,公立,萬里區,徐嘉鴻,,30,3728,1997/09/17,1,360.0,270.0,90.0,9.0,0,0,無,0,0,0
2c345793-0ba4-4fb6-aabd-55790eeed4a0,新北市蘆洲區鷺江國民小學附設幼兒園,新北市蘆洲區鷺江國民小學附設幼兒園,新北市蘆洲區鷺江國民小學附設幼兒園,公立,蘆洲區,吳惠花,,166,6148,1993/12/04,1,1610.5,1105.0,505.5,6.66,0,0,無,0,0,0
2c34e04d-9e22-4e81-a6b9-0da6f5429618,新北市私立勁寶兒林口幼兒園,新北市私立勁寶兒林口幼兒園,新北市私立勁寶兒林口幼兒園,私立,林口區,馮祖芳,,120,18510,2008/04/22,1,1200.45,871.79,21.01,7.26,0,0,無,1,60000,0
2c49b63e-e2e5-4a52-a92d-a1f606f34557,新北市樹林區樹林國民小學附設幼兒園,新北市樹林區樹林國民小學附設幼兒園,新北市樹林區樹林國民小學附設幼兒園,公立,樹林區,林義祥,,120,3728,1998/10/30,1,1060.0,700.0,360.0,5.83,0,0,無,0,0,0
2cd10247-28de-45c6-a6aa-1266d8d6ba52,新北市私立育誠幼兒園,新北市私立育誠幼兒園,新北市私立育誠幼兒園,私立,新莊區,羅玉琴,,110,4540,1997/02/03,1,412.61,284.63,127.98,2.59,0,0,113-115,0,0,0
2d4ca00d-66c8-4268-9b80-78453e20e8ca,新北市三芝區興華國民小學附設幼兒園,新北市三芝區興華國民小學附設幼兒園,新北市三芝區興華國民小學附設幼兒園,公立,三芝區,林振勝,,30,3728,1999/08/01,1,976.19,408.62,567.57,13.62,0,0,無,0,0,0
2db2c984-9327-4e20-9f7f-a6eba27ffec5,新北市立深坑幼兒園土庫分班,新北市立深坑幼兒園,新北市立深坑幼兒園,公立,深坑區,,,30,3706,2010/11/30,1,144.49,144.49,,4.82,0,0,無,0,0,0
2dbe4bf8-9111-4c45-8942-5f3e6b5e3954,新北市私立安安幼兒園,新北市私立安安幼兒園,新北市私立安安幼兒園,私立,新莊區,蔡秀偵,,90,8117,1982/04/19,1,600.0,500.0,100.0,5.56,0,0,無,3,15000,0
2e7c6993-f77a-4165-a4a7-b04e3d75e584,新北市私立日光幼兒園,新北市私立日光幼兒園,新北市私立日光幼兒園,私立,中和區,廖繼蕾,,188,11000,2005/08/23,1,661.38,661.38,,3.52,0,0,無,0,0,0
2ea5a0ce-936a-4560-a093-48cd9e175396,新北市私立忠孝幼兒園,新北市私立忠孝幼兒園,新北市私立忠孝幼兒園,私立,板橋區,鄧雲楨,,60,6000,1976/02/16,1,287.0,174.8,79.49,2.91,0,0,113-115,0,0,0
2ec019c8-41d0-4b9e-b28a-52ed2027e3c2,新北市立尖山國民中學附設幼兒園,新北市立尖山國民中學附設幼兒園,新北市立尖山國民中學附設幼兒園,公立,鶯歌區,紀淑珍,,30,3728,1999/09/22,1,510.0,150.0,360.0,5.0,0,0,無,0,0,0
304555dc-0298-435e-95c1-dab30a9f6d0b,新北市私立育全幼兒園,新北市私立育全幼兒園,新北市私立育全幼兒園,私立,新莊區,張志誠,,210,4600,1980/06/13,1,1320.33,534.64,785.69,2.55,0,0,115-115,0,0,0
304e7b1e-4709-4576-bdc0-d39d3cd7544a,新北市私立悅淨幼兒園,新北市私立悅淨幼兒園,新北市私立悅淨幼兒園,私立,板橋區,傅麗娜,,32,4500,2012/04/16,1,131.06,114.18,,3.57,0,0,113-115,0,0,0
3056da2e-59d5-4884-93f4-7c7ff2ebdf53,南山學校財團法人新北市南山高級中學附設私立員工幼兒園,南山學校財團法人新北市南山高級中學附設私立員工幼兒園,南山學校財團法人新北市南山高級中學附設私立員工幼兒園,私立,中和區,蔡銘城,,200,14400,2003/01/29,1,1561.0,1021.0,540.0,5.11,0,0,無,2,120000,0
305fc171-973f-4705-90b0-ed4f8e43d311,新北市私立佩思幼兒園,新北市私立佩思幼兒園,新北市私立佩思幼兒園,私立,三峽區,陳明利,,29,20751,2003/05/01,1,275.65,163.17,,5.63,0,0,無,0,0,0
3069be5c-d1bf-4003-9824-66bec04b5783,新北市三峽區插角國民小學附設幼兒園,新北市三峽區插角國民小學附設幼兒園,新北市三峽區插角國民小學附設幼兒園,公立,三峽區,宋宏璋,,30,3828,1998/09/03,1,1337.0,19.0,1299.0,0.63,0,0,無,0,0,0
30d29a31-46e9-474c-adcf-f81178ec88b0,新北市立永和幼兒園大同分班,新北市立永和幼兒園,新北市立永和幼兒園,公立,永和區,,,105,3706,1970/07/01,1,909.65,586.65,323.0,5.59,0,0,無,0,0,0
30f43a37-8653-43fb-bc32-9ded0c010e9a,新北市私立兆元幼兒園,新北市私立兆元幼兒園,新北市私立兆元幼兒園,私立,中和區,汪李惠珍,,50,11000,1979/03/07,1,229.26,167.99,61.27,3.36,0,0,無,12,225000,2
311fd89e-984f-4532-8b68-1e5ced7a7a34,新北市淡海非營利幼兒園(委託財團法人三之三生命教育基金會辦理),新北市淡海非營利幼兒園(委託財團法人三之三生命教育基金會辦理),新北市淡海非營利幼兒園,非營利,淡水區,吳文宗,財團法人三之三生命教育基金會,182,2000,2023/09/26,1,1734.07,1170.87,563.2,6.43,0,0,無,0,0,0
31a684a5-06f9-4e1b-8a13-cfd545907722,財團法人天主教聖母聖心會附設新北市私立天仁幼兒園,財團法人天主教聖母聖心會附設新北市私立天仁幼兒園,財團法人天主教聖母聖心會附設新北市私立天仁幼兒園,私立,金山區,洪山川,,60,4000,1983/03/16,1,1885.0,343.0,1542.0,5.72,0,0,113-115,2,66000,0
31d95ae6-3b97-485a-9fb8-20fd78317f1e,新北市私立三之三幼兒園,新北市私立三之三幼兒園,新北市私立三之三幼兒園,私立,新店區,吳文宗,,59,14400,1999/12/02,1,248.92,206.57,,3.5,0,0,無,0,0,0
31fdebf4-824c-4c97-96ec-5e243d928dc6,新北市私立勁寶兒長樂幼兒園,新北市私立勁寶兒長樂幼兒園,新北市私立勁寶兒長樂幼兒園,私立,蘆洲區,張翊琳,,120,17783,2013/01/31,1,680.41,328.31,352.1,2.74,0,0,無,0,0,0
31ff1615-999a-4508-9656-9d1bb4e0c051,新北市鶯歌區二橋國民小學附設幼兒園,新北市鶯歌區二橋國民小學附設幼兒園,新北市鶯歌區二橋國民小學附設幼兒園,公立,鶯歌區,林朝隆,,60,3728,2000/09/11,1,638.0,338.0,300.0,5.63,0,0,無,0,0,0
322a3978-1c5e-42cb-ade5-82348f3dd4e6,新北市私立安特幼兒園,新北市私立安特幼兒園,新北市私立安特幼兒園,私立,中和區,呂玟蒨,,30,4500,2003/07/28,1,132.17,132.17,,4.41,0,0,113-115,5,36000,0
325023a2-4fe8-4c84-b8c5-0b349afc3321,財團法人新北市私立竹林國民小學附設幼兒園,財團法人新北市私立竹林國民小學附設幼兒園,財團法人新北市私立竹林國民小學附設幼兒園,私立,永和區,,,210,13617,1956/09/08,1,1357.7,911.2,446.5,4.34,0,0,無,0,0,0
325315a4-ab13-4536-b488-8df18910a2e6,新北市立三重幼兒園,新北市立三重幼兒園,新北市立三重幼兒園,公立,三重區,劉明博,,94,3706,1970/01/01,1,329.48,329.48,,3.51,0,0,無,0,0,0
32979b65-ef25-4c02-a4ea-7beca3323da0,新北市新莊區興化國民小學附設幼兒園,新北市新莊區興化國民小學附設幼兒園,新北市新莊區興化國民小學附設幼兒園,公立,新莊區,謝秋如,,136,3728,1997/09/11,1,986.78,626.78,360.0,4.61,0,0,無,0,0,0
32edc944-e6ab-42c3-87a8-3659bbba3575,新北市私立兜群育資優幼兒園,新北市私立兜群育資優幼兒園,新北市私立兜群育資優幼兒園,私立,蘆洲區,陳和順,,30,4500,2001/03/13,1,106.73,106.73,,3.56,0,0,113-115,0,0,0
334d64c6-33f6-4e04-b6e9-431323bef7d8,新北市私立寶貝家族幼兒園,新北市私立寶貝家族幼兒園,新北市私立寶貝家族幼兒園,私立,新莊區,張嘉真,,59,10832,2002/03/14,1,209.04,142.98,66.06,2.42,0,0,無,0,0,0
3385550b-ae53-46f0-870e-72b8caca005a,新北市立頭前國民中學附設幼兒園,新北市立頭前國民中學附設幼兒園,新北市立頭前國民中學附設幼兒園,公立,新莊區,許淑貞,,90,3728,1999/09/14,1,585.0,405.0,180.0,4.5,0,0,無,0,0,0
3396d2bc-2588-406e-9beb-43ede03d96f2,新北市私立育誠中榮幼兒園,新北市私立育誠中榮幼兒園,新北市私立育誠中榮幼兒園,私立,新莊區,羅玉琴,,55,4540,2004/07/15,1,194.33,194.33,,3.53,0,0,113-115,0,0,0
339da5ec-6fbc-4e8b-9ed4-4ce9b94a1477,新北市立烏來國民中小學附設幼兒園,新北市立烏來國民中小學附設幼兒園,新北市立烏來國民中小學附設幼兒園,公立,烏來區,蔡依玲,,60,3728,1985/12/27,1,831.0,256.0,575.0,4.27,0,0,無,0,0,0
341c4824-12e0-434b-9841-530384230cd5,新北市私立皇家貴族幼兒園,新北市私立皇家貴族幼兒園,新北市私立皇家貴族幼兒園,私立,板橋區,張梓渙,,52,21167,2003/07/25,1,239.96,184.15,,3.54,0,0,無,0,0,0
34567ea7-cf0d-441c-a31c-1557ec7d975a,新北市私立星莆幼兒園,新北市私立星莆幼兒園,新北市私立星莆幼兒園,私立,八里區,林家暐,,38,3750,2001/11/07,1,152.43,120.4,32.03,3.17,0,0,113-115,3,126000,0
347c8be8-1ab1-43ed-a4d0-cdba52c6a9b7,新北市昌福非營利幼兒園（委託明新學校財團法人明新科技大學辦理）,新北市昌福非營利幼兒園（委託明新學校財團法人明新科技大學辦理）,新北市昌福非營利幼兒園,非營利,鶯歌區,呂明峯,明新學校財團法人明新科技大學,90,2000,2018/07/20,1,846.57,666.57,,7.41,0,0,無,2,90000,0
348398a1-1f14-42da-bc82-c7f6fb874e96,新北市私立朱徠德幼兒園,新北市私立朱徠德幼兒園,新北市私立朱徠德幼兒園,私立,鶯歌區,朱俐,,250,16283,2006/08/14,1,977.13,451.95,525.18,1.81,0,0,無,6,188000,0
34a549d6-1cf4-494c-8f80-ddef9e3332c5,新北市貢寮區和美國民小學附設幼兒園,新北市貢寮區和美國民小學附設幼兒園,新北市貢寮區和美國民小學附設幼兒園,公立,貢寮區,林雁平,,15,3728,1996/11/15,1,1548.0,198.0,1350.0,13.2,0,0,無,0,0,0
34aef4fb-aead-46d2-a5f2-ee9229949f03,新北市私立微笑幼兒園,新北市私立微笑幼兒園,新北市私立微笑幼兒園,私立,林口區,陳和順,,95,4500,1996/11/08,1,320.0,200.0,120.0,2.11,0,0,113-115,3,62000,0
34dddb0d-8983-45d2-a0e9-ec317d3470c7,新北市私立菲蒙思幼兒園,新北市私立菲蒙思幼兒園,新北市私立菲蒙思幼兒園,私立,板橋區,林盈,,32,14468,2010/03/18,1,138.91,114.68,,3.58,0,0,無,0,0,0
34e647b9-6c1c-406b-a43d-15620cd4f203,新北市私立田園幼兒園,新北市私立田園幼兒園,新北市私立田園幼兒園,私立,板橋區,江保樺,,60,19846,1984/06/13,1,1694.24,483.36,968.0,8.06,0,0,無,0,0,0
35141b6f-91f4-43df-a419-3e90c29ff78b,建豐國際資產管理股份有限公司附設新北市私立卡爾維德幼兒園,建豐國際資產管理股份有限公司附設新北市私立卡爾維德幼兒園,建豐國際資產管理股份有限公司附設新北市私立卡爾維德幼兒園,私立,新莊區,陳柄武,,117,11433,2002/05/02,1,412.91,412.91,,3.53,0,0,無,0,0,0
35be58a7-e52b-48ab-81f4-7467716b43bd,新北市新林非營利幼兒園(委託社團法人中華音樂舞蹈暨表演藝術教育協會辦理),新北市新林非營利幼兒園(委託社團法人中華音樂舞蹈暨表演藝術教育協會辦理),新北市新林非營利幼兒園,非營利,林口區,邱健凱,社團法人中華音樂舞蹈暨表演藝術教育協會,136,2000,2018/07/05,1,938.0,635.0,303.0,4.67,0,0,無,1,3000,0
35c0cfe2-2b27-492d-946c-f20317e89fef,新北市私立花仙子幼兒園,新北市私立花仙子幼兒園,新北市私立花仙子幼兒園,私立,汐止區,黃明翰,,75,4500,2002/07/19,1,265.48,265.48,,3.54,0,0,113-115,0,0,0
35e531de-ac1c-45b1-af51-fe5cf845bbba,新北市立插角森林實驗小學附設幼兒園,新北市立插角森林實驗小學附設幼兒園,新北市立插角森林實驗小學附設幼兒園,公立,三峽區,宋宏璋,,30,3828,1998/09/03,1,1337.0,19.0,1299.0,0.63,0,0,無,0,0,0
36a014b1-3d58-4545-8278-e55f113ade7b,翰科教育股份有限公司附設新北市私立林口夏恩國際幼兒園,翰科教育股份有限公司附設新北市私立林口夏恩國際幼兒園,翰科教育股份有限公司附設新北市私立林口夏恩國際幼兒園,私立,林口區,林皓昱,,394,28667,2020/08/17,1,2923.06,1939.33,983.73,4.92,0,0,無,1,50000,0
36bd8abf-2adf-4647-a040-edc63819b189,新北市私立夏哲森幼兒園,新北市私立夏哲森幼兒園,新北市私立夏哲森幼兒園,私立,林口區,楊傳蓮,,180,23417,2021/08/27,1,1391.32,1069.59,321.73,5.94,0,0,無,1,12000,0
36c1f7c1-fb02-48f3-941d-61154aa4025b,新北市私立尼爾生幼兒園,新北市私立尼爾生幼兒園,新北市私立尼爾生幼兒園,私立,新莊區,蔡勝偉,,53,4500,2003/01/22,1,185.52,185.52,,3.5,0,0,113-115,2,110000,0
36de5e6f-85ae-402a-af0a-b601d517e48d,新北市私立儒林幼兒園,新北市私立儒林幼兒園,新北市私立儒林幼兒園,私立,新莊區,陳媛媛,,42,9408,2000/08/07,1,166.27,144.96,,3.45,0,0,無,3,129000,0
36e80338-35a4-4fb7-910d-66071feaa1b3,新北市私立史丹力幼兒園,新北市私立史丹力幼兒園,新北市私立史丹力幼兒園,私立,蘆洲區,陳正萍,,90,16700,2018/01/22,1,735.08,388.83,346.25,4.32,0,0,無,1,60000,0
36eb695c-41ad-419c-8535-682995c67d8d,新北市私立冠軍幼兒園,新北市私立冠軍幼兒園,新北市私立冠軍幼兒園,私立,樹林區,呂聰海,,85,4500,1999/03/12,1,361.9,300.18,,3.53,0,0,113-115,0,0,0
36f8cf74-1740-478f-8419-7bfca90f8bb9,新北市平溪區菁桐國民小學附設幼兒園,新北市平溪區菁桐國民小學附設幼兒園,新北市平溪區菁桐國民小學附設幼兒園,公立,平溪區,翁俊生,,30,3728,1977/06/10,1,165.0,75.0,90.0,2.5,0,0,無,0,0,0
3749105d-59be-4352-8235-99e388ec1d4c,新北市菁湖非營利幼兒園(委託財團法人三之三生命教育基金會辦理),新北市菁湖非營利幼兒園(委託財團法人三之三生命教育基金會辦理),新北市菁湖非營利幼兒園,非營利,林口區,吳文宗,財團法人三之三生命教育基金會,106,2000,2020/10/14,1,1581.53,461.22,1120.31,4.35,0,0,無,0,0,0
374c62cc-c4af-48b3-8d45-a06de44a204f,新北市私立凱達格蘭幼兒園,新北市私立凱達格蘭幼兒園,新北市私立凱達格蘭幼兒園,私立,新莊區,張登凱,,33,3750,2003/05/20,1,112.71,112.71,,3.42,0,1,113-115,0,0,0
3755c6ec-d8b2-4b31-b041-58123f255b20,新北市私立東光幼兒園,新北市私立東光幼兒園,新北市私立東光幼兒園,私立,三重區,吳政權,,60,17620,1967/03/16,1,265.0,182.0,83.0,3.03,0,0,無,0,0,0
378d2e25-f8b2-42da-8b88-3531577f7f13,新北市立永和幼兒園保生分班,新北市立永和幼兒園,新北市立永和幼兒園,公立,永和區,,,81,3706,2010/06/14,1,284.0,284.0,,3.51,0,0,無,0,0,0
379894b6-e3ad-4ecf-bb81-e9315d0c5049,新北市三峽區民義國民小學附設幼兒園,新北市三峽區民義國民小學附設幼兒園,新北市三峽區民義國民小學附設幼兒園,公立,三峽區,許仁利,,30,3728,1999/07/17,1,585.0,135.0,450.0,4.5,0,0,無,0,0,0
37afce56-ce91-4490-9fbc-b8f14ae9428c,新北市板橋區文聖國民小學附設幼兒園,新北市板橋區文聖國民小學附設幼兒園,新北市板橋區文聖國民小學附設幼兒園,公立,板橋區,沈玉芬,,212,3728,1994/02/15,1,1490.0,840.0,650.0,3.96,0,0,無,0,0,0
37b0a62e-913b-465e-8eee-dfbcb7ed684a,新北市私立快樂芝麻幼兒園,新北市私立快樂芝麻幼兒園,新北市私立快樂芝麻幼兒園,私立,八里區,周慶寧,,75,11717,2000/09/29,1,733.11,419.23,313.88,5.59,0,0,無,1,6000,0
38c96456-339e-4944-90b4-aebdf938f412,新北市私立育林幼兒園,新北市私立育林幼兒園,新北市私立育林幼兒園,私立,三重區,汪聰明,,60,10757,1984/02/18,1,141.9,121.44,20.46,2.02,0,0,無,2,12000,0
38dafd4a-0a5b-4a4d-8478-26c207673146,新北市私立萊恩思幼兒園,新北市私立萊恩思幼兒園,新北市私立萊恩思幼兒園,私立,林口區,楊芮琦,,60,24600,2021/08/06,1,442.02,229.59,212.43,3.83,0,0,無,0,0,0
38f483d9-2536-4ef5-b24a-0b49f64ca432,新北市私立樹林育林幼兒園,新北市私立樹林育林幼兒園,新北市私立樹林育林幼兒園,私立,樹林區,陳明紅,,105,16524,2005/03/14,1,367.88,367.88,,3.5,0,0,無,0,0,0
392872aa-20dd-4716-80a4-8b170461525b,新北市立江翠國民中學附設幼兒園,新北市立江翠國民中學附設幼兒園,新北市立江翠國民中學附設幼兒園,公立,板橋區,林裕國,,210,3728,2000/07/19,1,2839.95,2139.95,700.0,10.19,0,0,無,0,0,0
3941e605-bac6-41da-bf5a-d66235497094,新北市三重區正義國民小學附設幼兒園,新北市三重區正義國民小學附設幼兒園,新北市三重區正義國民小學附設幼兒園,公立,三重區,陳勇達,,120,3728,1993/12/04,1,1154.25,648.0,506.25,5.4,0,0,無,0,0,0
39611f58-bb9d-4ff5-9313-3f6083e5947d,新北市土城區土城國民小學附設幼兒園,新北市土城區土城國民小學附設幼兒園,新北市土城區土城國民小學附設幼兒園,公立,土城區,謝芳儒,,226,3728,1989/08/30,1,2480.0,1097.0,1383.0,4.85,0,0,無,0,0,0
39e9493e-41e2-430c-9146-ce679079b04d,新北市淡水區竹圍國民小學附設幼兒園,新北市淡水區竹圍國民小學附設幼兒園,新北市淡水區竹圍國民小學附設幼兒園,公立,淡水區,林愛玲,,90,3728,1997/09/11,1,5024.0,616.0,4288.0,6.84,0,0,無,0,0,0
39eb94bb-6061-40c2-853d-64cc5cbd1c23,新北市私立新育幼幼兒園,新北市私立新育幼幼兒園,新北市私立新育幼幼兒園,私立,新莊區,羅素屘,,57,4500,2012/09/06,1,226.28,201.21,,3.53,0,0,113-115,0,0,0
3a8754a5-e6e1-47ce-9ffb-7f8c67a417d4,新北市私立水星幼兒園,新北市私立水星幼兒園,新北市私立水星幼兒園,私立,新店區,鄒元中,,55,14917,2008/04/23,1,,,,,0,0,無,1,6000,0
3a9a706c-72f8-4a8b-ba1f-cfb8766ec6f2,新北市萬里區大坪國民小學附設幼兒園,新北市萬里區大坪國民小學附設幼兒園,新北市萬里區大坪國民小學附設幼兒園,公立,萬里區,石啓宏,,30,3728,2012/08/01,1,2540.51,378.51,2162.0,12.62,0,0,無,0,0,0
3aa3c56a-79da-4c20-8f9c-371a36ef6a3b,新北市私立育全鶯歌幼兒園,新北市私立育全鶯歌幼兒園,新北市私立育全鶯歌幼兒園,私立,鶯歌區,蕭惠燕,,474,12140,2001/06/27,1,3972.55,999.1,2973.45,2.11,0,0,無,1,6000,0
3aa8e358-47e8-426a-a5ef-437653d6a6ef,新北市私立北大迦美幼兒園,新北市私立北大迦美幼兒園,新北市私立北大迦美幼兒園,私立,樹林區,詹馨恩,,40,13333,2013/03/27,1,246.72,153.82,,3.85,0,0,無,7,198000,0
3ab40852-000b-4669-977d-6a3b29c20bbe,新北市私立雅德賽思幼兒園,新北市私立雅德賽思幼兒園,新北市私立雅德賽思幼兒園,私立,永和區,黃能得,,45,15217,2004/04/06,0,157.94,99.4,58.54,2.21,0,0,無,1,6000,0
3abca323-8baf-44f4-b535-f027eac53a2e,新北市立三重幼兒園崇德分班,新北市立三重幼兒園,新北市立三重幼兒園,公立,三重區,,,80,3706,1987/02/01,1,310.9,310.9,,3.89,0,0,無,0,0,0
3ac9af40-d4e3-41c9-a218-4af0587d47ae,新北市私立淡水啟文幼兒園,新北市私立淡水啟文幼兒園,新北市私立淡水啟文幼兒園,私立,淡水區,周慶寧,,46,9667,1999/12/21,1,191.18,191.18,,4.16,0,0,無,1,6000,0
3af8c360-397b-4afe-8eb9-1462d8429af9,新北市私立快樂地幼兒園,新北市私立快樂地幼兒園,新北市私立快樂地幼兒園,私立,樹林區,吳麗珠,,81,10833,2000/06/16,1,370.64,265.46,105.18,3.28,0,0,無,0,0,0
3b37e092-91d0-47aa-a524-f6e26c5c3b45,新北市三重區重陽國民小學附設幼兒園,新北市三重區重陽國民小學附設幼兒園,新北市三重區重陽國民小學附設幼兒園,公立,三重區,蕭惠文,,210,3728,1993/12/04,1,1927.0,1188.0,739.0,5.66,0,0,無,0,0,0
3b74f059-fa08-48db-8787-d4b0b6f64f79,新北市私立吉的堡北馨園幼兒園,新北市私立吉的堡北馨園幼兒園,新北市私立吉的堡北馨園幼兒園,私立,淡水區,吳聖瑜,,88,16000,2002/09/24,1,360.01,310.04,,3.52,0,0,無,1,30000,0
3bbf8a2b-27c5-4383-80be-94b8a937d203,新北市私立勵輝國際幼兒園,新北市私立勵輝國際幼兒園,新北市私立勵輝國際幼兒園,私立,新莊區,張再發,,84,3750,2012/01/20,1,435.4,296.04,,3.52,0,0,113-115,1,60000,0
3c288002-d579-4ece-9a1b-9f2a5e1f3ee7,新北市私立弘儒幼兒園,新北市私立弘儒幼兒園,新北市私立弘儒幼兒園,私立,中和區,黃子芩,,30,3750,2012/04/10,1,133.76,106.13,,3.54,0,0,113-115,0,0,0
3c71aa5a-67b2-4954-b94a-49c6ef6fb16f,新北市私立慈園幼兒園,新北市私立慈園幼兒園,新北市私立慈園幼兒園,私立,土城區,呂理勝,,180,15750,1984/12/20,1,981.0,776.0,205.0,4.31,0,0,無,1,6000,0
3c81572a-5000-4715-a051-0af4d164cdca,新北市私立晨星幼兒園,新北市私立晨星幼兒園,新北市私立晨星幼兒園,私立,新莊區,譚燱暻,,80,15000,2011/05/31,1,502.38,502.38,,6.28,0,0,無,0,0,0
3cbbaa70-6a5b-46d3-8f35-9b1a278b9021,新北市私立永松幼兒園,新北市私立永松幼兒園,新北市私立永松幼兒園,私立,新莊區,吳明倫,,89,6000,1977/06/08,1,359.92,244.92,115.0,2.75,0,0,無,3,72000,0
3ccc71a2-183d-4699-955e-08b1ff4efb3d,新北市私立夢不落幼兒園,新北市私立夢不落幼兒園,新北市私立夢不落幼兒園,私立,泰山區,林坪錠,,267,25600,2021/03/15,1,,,,,0,0,無,0,0,0
3cf2caec-cbce-4a2d-bc44-971e11ec758b,新北市私立妙博士幼兒園,新北市私立妙博士幼兒園,新北市私立妙博士幼兒園,私立,新莊區,羅美珠,,41,11500,2002/04/15,1,193.22,155.03,,3.78,0,0,無,3,12000,0
3cf90a13-95fc-490e-8563-0bde3b735db3,新北市私立巨星幼兒園,新北市私立巨星幼兒園,新北市私立巨星幼兒園,私立,中和區,王宣逸,,59,8075,2004/02/02,1,264.97,264.97,,4.49,0,0,無,3,135000,0
3d124323-b77e-4c6f-84d1-022b345007dd,新北市新莊區國泰國民小學附設幼兒園,新北市新莊區國泰國民小學附設幼兒園,新北市新莊區國泰國民小學附設幼兒園,公立,新莊區,蔡麗華,,166,3728,1997/08/01,1,1611.8,791.0,820.8,4.77,0,0,無,0,0,0
3d2f0593-3df4-4cd2-812d-a97d4f404814,新北市私立景文幼兒園,新北市私立景文幼兒園,新北市私立景文幼兒園,私立,新店區,王永敏,,35,13887,1989/01/23,1,623.965,387.84,236.125,11.08,0,0,無,2,12000,0
3d3058c8-48b5-4c8b-b2a8-4fd7e519afd8,新北市私立育安園幼兒園,新北市私立育安園幼兒園,新北市私立育安園幼兒園,私立,樹林區,張美月,,160,14017,2000/05/12,1,992.0,247.0,745.0,1.54,0,0,無,0,0,0
3d7e824a-6823-4580-aca4-4d243fb45941,新北市私立佳欣幼兒園,新北市私立佳欣幼兒園,新北市私立佳欣幼兒園,私立,新店區,王選南,,35,4000,1982/01/01,1,127.12,61.12,66.0,1.75,0,0,114-115,0,0,0
3e535f7e-a3e4-49c1-a0b8-426ef0854398,新北市私立聯合幼兒園,新北市私立聯合幼兒園,新北市私立聯合幼兒園,私立,汐止區,翁允嫻,,120,4320,1984/08/01,1,742.0,420.5,321.5,3.5,0,0,113-115,0,0,0
3e5ae222-940c-43e0-971e-4bdd50ca72a3,新北市私立寶貝媽咪幼兒園,新北市私立寶貝媽咪幼兒園,新北市私立寶貝媽咪幼兒園,私立,板橋區,莊筑涵,,60,6467,2010/01/05,1,300.96,300.96,,5.02,0,0,無,1,6000,0
3e6651d6-4091-4754-9012-f4c56d960f2b,新北市私立菩提幼兒園,新北市私立菩提幼兒園,新北市私立菩提幼兒園,私立,板橋區,陳素珠,,49,4500,2002/01/31,1,171.57,171.57,,3.5,0,0,113-115,0,0,0
3ead8e5e-3287-4a40-90a9-5bb706874d3b,新北市私立板橋育安幼兒園,新北市私立板橋育安幼兒園,新北市私立板橋育安幼兒園,私立,板橋區,丁惠娟,,54,9707,1999/05/27,1,230.94,230.94,,4.28,0,0,無,0,0,0
3ec47483-9047-45d5-8202-5e5feeebe5d1,新北市私立班尼迪克幼兒園,新北市私立班尼迪克幼兒園,新北市私立班尼迪克幼兒園,私立,板橋區,吳美惠,,60,4540,2000/08/16,1,254.4,254.4,,4.24,0,0,113-115,0,0,0
3ee45fe7-413a-4bec-b938-786be73f75ee,新北市新莊區頭前國民小學附設幼兒園,新北市新莊區頭前國民小學附設幼兒園,新北市新莊區頭前國民小學附設幼兒園,公立,新莊區,周崇儒,,120,3728,1998/09/09,1,926.84,566.84,360.0,4.72,0,0,無,0,0,0
3f04a887-9c3a-4fbf-888e-2f5583965f63,新北市私立智晶幼兒園,新北市私立智晶幼兒園,新北市私立智晶幼兒園,私立,淡水區,洪子翔,,46,4606,2006/03/20,1,162.4,162.4,,3.53,0,1,114-115,0,0,0
3f1701e1-366d-41ca-8b93-e1a864ee9949,新北市三重區集美國民小學附設幼兒園,新北市三重區集美國民小學附設幼兒園,新北市三重區集美國民小學附設幼兒園,公立,三重區,高淑真,,120,3728,2014/08/01,1,1185.91,636.91,549.0,5.31,0,0,無,0,0,0
3f5d0f89-5a6d-4be6-9e2a-23f9a9715b85,國家教育研究院員工子女非營利幼兒園(委託財團法人彭婉如文教基金會辦理),國家教育研究院員工子女非營利幼兒園(委託財團法人彭婉如文教基金會辦理),國家教育研究院員工子女非營利幼兒園,非營利,三峽區,郭淑雅,財團法人彭婉如文教基金會,75,2000,2022/08/09,1,762.63,509.63,253.0,6.8,0,0,無,0,0,0
3f612038-8097-4d90-8d7f-809e180b8946,新北市新店區龜山國民小學附設幼兒園,新北市新店區龜山國民小學附設幼兒園,新北市新店區龜山國民小學附設幼兒園,公立,新店區,陳紹賓,,45,3728,1998/09/09,1,303.0,168.0,135.0,3.73,0,0,無,0,0,0
3fb3a0bc-4a76-4c72-9673-13ddb434b3c7,新北市立鳳鳴國民中學附設幼兒園,新北市立鳳鳴國民中學附設幼兒園,新北市立鳳鳴國民中學附設幼兒園,公立,鶯歌區,林世慶,,76,3728,1999/09/08,1,1040.0,680.0,360.0,8.95,0,0,無,0,0,0
3fc4aedf-30eb-47d9-953d-45011415c9f6,新北市三峽區介壽國民小學附設幼兒園,新北市三峽區介壽國民小學附設幼兒園,新北市三峽區介壽國民小學附設幼兒園,公立,三峽區,林逸松,,212,3728,1998/08/01,1,3651.52,1369.416,2282.104,6.46,0,0,無,0,0,0
3fe2d8ef-dd98-47c4-89c3-10c62242412a,新北市私立方圓幼兒園,新北市私立方圓幼兒園,新北市私立方圓幼兒園,私立,新店區,譚建平,,38,7017,2002/07/22,0,164.58,164.58,,4.33,0,0,無,0,0,0
3fe58231-3cce-4c82-b9ab-cdbac3f48706,新北市私立文愛幼兒園,新北市私立文愛幼兒園,新北市私立文愛幼兒園,私立,五股區,林偉力,,90,4500,1966/07/21,1,1400.36,713.73,686.63,7.93,0,0,113-115,3,27000,0
402f7507-3aca-4c3d-913c-71648f2127ba,新北市林口區興福國民小學附設幼兒園,新北市林口區興福國民小學附設幼兒園,新北市林口區興福國民小學附設幼兒園,公立,林口區,林世彬,,30,3728,1999/09/01,1,437.5,146.0,237.25,4.87,0,0,無,0,0,0
403ade7b-d824-4391-b10e-61fd745e66fc,財團法人新北市私立一信幼兒園,財團法人新北市私立一信幼兒園,財團法人新北市私立一信幼兒園,私立,淡水區,,,180,11898,1969/11/06,1,1913.23,640.27,1272.96,3.56,0,0,無,0,0,0
404d2966-663a-4e8c-8d65-1810d3e944ce,新北市立新莊幼兒園中心分班,新北市立新莊幼兒園,新北市立新莊幼兒園,公立,新莊區,,,120,3706,2010/08/17,1,705.99,651.74,54.25,5.43,0,0,無,0,0,0
4070131c-eafc-48f3-93a1-a174aa2314bd,新北市私立臻寶園幼兒園,新北市私立臻寶園幼兒園,新北市私立臻寶園幼兒園,私立,淡水區,許佩玉,,42,4000,2004/08/05,1,177.06,177.06,,4.22,0,0,113-115,0,0,0
407e6aaf-77f1-4802-8be1-9b3fbb9f286f,新北市淡水區新市國民小學附設幼兒園,新北市淡水區新市國民小學附設幼兒園,新北市淡水區新市國民小學附設幼兒園,公立,淡水區,李畇龍,,90,3728,2014/08/01,1,1313.02,739.26,573.76,8.21,0,0,無,0,0,0
40b1cf2b-5e68-454b-bd73-02e4b5f4dc79,新北市私立聯華幼兒園,新北市私立聯華幼兒園,新北市私立聯華幼兒園,私立,新店區,陳麗梅,,75,4606,2007/03/27,1,332.64,332.64,,4.44,0,1,114-115,1,6000,0
41e1cf5c-4fb8-4789-a791-af925567dee1,新北市私立成功幼兒園,新北市私立成功幼兒園,新北市私立成功幼兒園,私立,新莊區,張錦揚,,240,12500,1998/03/15,1,,,,,0,0,無,0,0,0
420bfa2a-7cc4-4a93-a1b5-6c6e44927dbb,新北市私立博安幼兒園,新北市私立博安幼兒園,新北市私立博安幼兒園,私立,新店區,王邑媗,,60,4500,1985/07/25,1,254.88,219.72,35.16,3.66,0,0,113-115,0,0,0
422005e5-bb7e-4f43-8625-eb8080d91eef,新北市私立民治園幼兒園,新北市私立民治園幼兒園,新北市私立民治園幼兒園,私立,中和區,王美惠,,112,18138,2000/11/09,1,551.61,298.77,198.34,2.67,0,0,無,3,72000,0
426e2c9b-5023-49da-a735-36cd65748b4f,新北市立五股幼兒園,新北市立五股幼兒園,新北市立五股幼兒園,公立,五股區,張鈺純,,150,3706,1970/01/01,1,795.51,527.51,268.0,3.52,0,0,無,0,0,0
4273705a-5297-4025-a88b-f133cf5f6bca,新北市私立吉尼爾幼兒園,新北市私立吉尼爾幼兒園,新北市私立吉尼爾幼兒園,私立,新莊區,鄒淑真,,56,12210,2000/11/21,1,197.28,197.28,,3.52,0,0,無,14,961000,2
429c5a73-1630-4d63-bf17-934713a8202a,新北市私立比陽幼兒園,新北市私立比陽幼兒園,新北市私立比陽幼兒園,私立,泰山區,林美蘭,,28,4500,2008/11/04,1,173.04,104.35,,3.73,0,0,113-115,0,0,0
43180470-8920-4811-980b-4230fd4c495a,新北市私立鹿兒堡幼兒園,新北市私立鹿兒堡幼兒園,新北市私立鹿兒堡幼兒園,私立,板橋區,黃芳蘭,,35,4615,2000/07/11,1,124.36,124.36,,3.55,0,0,114-115,0,0,0
432f8a3b-c175-458c-826c-df59f05d22c6,財團法人耕莘健康管理專科學校附設新北市私立實驗幼兒園,財團法人耕莘健康管理專科學校附設新北市私立實驗幼兒園,財團法人耕莘健康管理專科學校附設新北市私立實驗幼兒園,私立,新店區,,,130,14043,2007/08/10,1,456.22,456.22,,3.51,0,1,無,0,0,0
4339f6eb-8ae3-45ba-bc84-3a47bbd22b1b,新北市金山區三和國民小學附設幼兒園,新北市金山區三和國民小學附設幼兒園,新北市金山區三和國民小學附設幼兒園,公立,金山區,王蘭芝,,30,3728,1997/09/10,1,260.0,114.0,146.0,3.8,0,0,無,0,0,0
4364b579-747e-47d9-b6c2-6d8f630e33da,新北市安興非營利幼兒園(委託財團法人仁德醫護管理專科學校辦理),新北市安興非營利幼兒園(委託財團法人仁德醫護管理專科學校辦理),新北市安興非營利幼兒園,非營利,新店區,鍾佳穎,財團法人仁德醫護管理專科學校,60,2000,2018/07/05,1,459.66,279.66,180.0,4.66,0,0,無,2,66000,0
43bd6e3e-0526-4c76-934d-e8cd58e7b0ed,新北市私立康橋幼兒園,新北市私立康橋幼兒園,新北市私立康橋幼兒園,私立,蘆洲區,林秀美,,59,3000,2007/07/05,1,208.66,208.66,,3.54,0,0,113-115,2,75000,0
43e6455b-1620-40c2-840d-5005980bfd37,新北市私立千愛幼兒園,新北市私立千愛幼兒園,新北市私立千愛幼兒園,私立,林口區,江保樺,,190,4500,1998/02/17,1,1052.0,420.6,631.4,2.21,0,0,113-115,0,0,0
43fd123b-00c7-4310-862f-e46e797b5824,新北市立德拉楠民族實驗小學附設幼兒園,新北市立德拉楠民族實驗小學附設幼兒園,新北市立德拉楠民族實驗小學附設幼兒園,公立,烏來區,高曉琳,,30,3728,1995/09/18,1,2840.0,218.0,2622.0,7.27,0,0,無,0,0,0
4427290e-4d85-48e4-abb5-f9e1d3b5468a,新北市私立泰山慈惠幼兒園,新北市私立泰山慈惠幼兒園,新北市私立泰山慈惠幼兒園,私立,泰山區,黃世傑,,90,4500,1982/12/31,1,760.4,449.2,311.2,4.99,0,0,113-115,0,0,0
447a5067-eb22-441d-ae18-ba052fe22550,新北市私立德明幼兒園,新北市私立德明幼兒園,新北市私立德明幼兒園,私立,中和區,劉金蓮,,60,3000,1983/03/19,1,497.0,215.86,281.14,3.6,0,0,114-115,0,0,0
44f32f53-dac5-4590-bf26-bfa6d259e02d,嘉聲文教事業股份有限公司附設新北市私立嘉聲幼兒園,嘉聲文教事業股份有限公司附設新北市私立嘉聲幼兒園,嘉聲文教事業股份有限公司附設新北市私立嘉聲幼兒園,私立,林口區,顏正錡,,121,27100,2021/10/12,1,822.88,576.78,246.1,4.77,0,0,無,1,60000,0
4515ce65-195a-42c3-87f6-128d59f9aade,新北市漢翔非營利幼兒園(委託財團法人三之三生命教育基金會辦理),新北市漢翔非營利幼兒園(委託財團法人三之三生命教育基金會辦理),新北市漢翔非營利幼兒園,非營利,三峽區,吳文宗,財團法人三之三生命教育基金會,76,2000,2016/10/31,1,807.92,682.1,125.82,8.97,0,0,無,0,0,0
452566f0-0bf7-47f1-b72d-6f17d2f00bd5,新北市私立長青幼兒園,新北市私立長青幼兒園,新北市私立長青幼兒園,私立,鶯歌區,沈聲淼,,88,4500,1992/08/08,1,743.0,293.0,450.0,3.33,0,0,113-115,0,0,0
4542d7c4-9ddc-44bf-b53d-d7870eb5ac6c,新北市立八里幼兒園,新北市立八里幼兒園,新北市立八里幼兒園,公立,八里區,林家如,,48,3706,1970/01/01,1,385.35,385.35,,8.03,0,0,無,0,0,0
4552d0c8-7f4d-4402-a61b-e66bcb3cd9bc,新北市三重區興穀國民小學附設幼兒園,新北市三重區興穀國民小學附設幼兒園,新北市三重區興穀國民小學附設幼兒園,公立,三重區,胡銘浚,,76,3728,1990/05/10,1,659.0,479.0,180.0,6.3,0,0,無,0,0,0
456bc54d-fcd4-4f67-a5dc-bf48a04721d4,新北市福營非營利幼兒園(委託社團法人中華兆陽文教發展協會辦理),新北市福營非營利幼兒園(委託社團法人中華兆陽文教發展協會辦理),新北市福營非營利幼兒園,非營利,新莊區,陸珮文,社團法人中華兆陽文教發展協會,120,2000,2018/10/05,1,607.94,470.77,137.17,3.92,0,0,無,2,12000,0
458dd761-94c6-43c9-913f-d1424b410e70,新北市立瑞芳幼兒園爪峰分班,新北市立瑞芳幼兒園,新北市立瑞芳幼兒園,公立,瑞芳區,,,38,3706,1981/09/11,0,255.28,255.28,,6.72,0,0,無,0,0,0
45a53079-154a-4a6f-b5f7-e64c1031a17f,新北市私立祐昇幼兒園,新北市私立祐昇幼兒園,新北市私立祐昇幼兒園,私立,蘆洲區,鍾開文,,29,3750,2006/11/21,1,104.87,104.87,,3.62,0,0,113-115,1,6000,0
45b6376b-6c77-420e-a544-e4de7acca0f5,新北市私立路亞幼兒園,新北市私立路亞幼兒園,新北市私立路亞幼兒園,私立,林口區,李路加,,210,35455,2023/02/21,1,1584.26,1151.95,432.31,5.49,0,0,無,0,0,0
45ead89b-1543-41c4-839f-6aca0a4681fd,新北市私立合安幼兒園,新北市私立合安幼兒園,新北市私立合安幼兒園,私立,永和區,高立華,,30,3000,1980/09/11,1,177.61,89.3,88.31,2.98,0,0,113-115,4,48000,0
45ee61dd-6e97-41ad-ad0e-91c3322baaaf,新北市立安溪國民中學附設幼兒園,新北市立安溪國民中學附設幼兒園,新北市立安溪國民中學附設幼兒園,公立,三峽區,王雯華,,166,3728,1999/11/01,1,1677.0,893.0,784.0,5.38,0,0,無,0,0,0
465120db-023f-47f3-a50b-c4918ef6af63,新北市私立愷僑幼兒園,新北市私立愷僑幼兒園,新北市私立愷僑幼兒園,私立,板橋區,張紘瑋,,39,3000,2004/05/21,1,174.34,174.34,,4.47,0,1,115-115,2,66000,0
46beaff5-3393-4fef-b230-198296a384b4,新北市私立西雅圖幼兒園,新北市私立西雅圖幼兒園,新北市私立西雅圖幼兒園,私立,蘆洲區,陳正芳,,150,16700,2007/06/21,1,553.82,553.82,,3.69,0,0,無,1,15000,0
47243483-2120-48d7-accc-8b992948d7b9,新北市私立快樂靜思園幼兒園,新北市私立快樂靜思園幼兒園,新北市私立快樂靜思園幼兒園,私立,三峽區,楊貴南,,29,4606,2003/07/30,1,194.65,117.77,,4.06,0,0,114-115,0,0,0
473fc5a9-a0a1-4f7e-860e-39152ae43dfb,新北市新店民安非營利幼兒園（委託康寧學校財團法人康寧大學辦理）,新北市新店民安非營利幼兒園（委託康寧學校財團法人康寧大學辦理）,新北市新店民安非營利幼兒園,非營利,新店區,陳清溪,康寧學校財團法人康寧大學,76,2000,2025/08/01,1,740.99,530.93,210.06,6.99,0,0,無,0,0,0
4752477a-9fa5-4f86-bded-e24a7827de25,新北市私立愛迪爾國際幼兒園,新北市私立愛迪爾國際幼兒園,新北市私立愛迪爾國際幼兒園,私立,土城區,王舜慶,,345,21415,2021/07/28,1,1977.11,1307.12,669.99,3.79,0,0,無,0,0,0
47707b31-7ea4-45bc-8e31-26700d17a6d0,新北市私立森堡幼兒園,新北市私立森堡幼兒園,新北市私立森堡幼兒園,私立,中和區,陳世娟,,40,10152,1997/04/28,1,162.61,162.61,,4.07,0,0,無,0,0,0
4787abd9-937a-49fe-b11a-0cac6f97e748,新北市柏翠非營利幼兒園(委託財團法人心路社會福利基金會辦理),新北市柏翠非營利幼兒園(委託財團法人心路社會福利基金會辦理),新北市柏翠非營利幼兒園,非營利,板橋區,馮碧華,財團法人心路社會福利基金會,166,2000,2019/10/07,1,1783.26,1557.93,225.33,9.39,0,0,無,0,0,0
4799786c-53b9-4c85-8bd9-7aab89eed5b9,新北市山北非營利幼兒園（委託財團法人三之三生命教育基金會辦理）,新北市山北非營利幼兒園（委託財團法人三之三生命教育基金會辦理）,新北市山北非營利幼兒園,非營利,中和區,吳文宗,財團法人三之三生命教育基金會,90,2000,2008/01/24,1,364.84,364.84,,4.05,0,0,無,0,0,0
479c0546-86aa-45fd-ae73-d5b55e3faf18,新北市私立金祥慈幼兒園,新北市私立金祥慈幼兒園,新北市私立金祥慈幼兒園,私立,三峽區,賴明宗,,57,9600,2000/04/28,1,273.66,199.62,,3.5,0,0,無,0,0,0
47dddae5-4ced-43d0-91a3-2eae44b0eb0b,新北市私立吉智幼兒園,新北市私立吉智幼兒園,新北市私立吉智幼兒園,私立,板橋區,廖文銘,,158,12600,2000/06/20,1,802.19,467.82,88.07,2.96,0,0,無,0,0,0
47ed892c-5cbe-43f9-838c-e62b18c99bd5,新北市瑞芳區瑞亭國民小學附設幼兒園,新北市瑞芳區瑞亭國民小學附設幼兒園,新北市瑞芳區瑞亭國民小學附設幼兒園,公立,瑞芳區,柯俊生,,45,3728,1997/03/15,1,1869.8,210.8,1659.0,4.68,0,0,無,0,0,0
47f413c9-8223-43c3-980f-da40791fe8c8,新北市私立科見幼兒園,新北市私立科見幼兒園,新北市私立科見幼兒園,私立,永和區,侯光玲,,90,18200,2000/05/16,1,410.86,410.86,,4.57,0,0,無,1,60000,0
48ca7ef9-2087-4394-8a65-71b6463d8412,新北市私立時代幼兒園,新北市私立時代幼兒園,新北市私立時代幼兒園,私立,中和區,洪春夏,,55,4615,1980/03/01,1,303.89,163.71,140.18,2.98,0,0,114-115,2,110000,0
49403098-8455-4804-a7d9-1c88b402b7e4,新北市私立小紅豆幼兒園,新北市私立小紅豆幼兒園,新北市私立小紅豆幼兒園,私立,永和區,高立華,,31,15000,2010/08/17,1,137.41,137.41,,4.43,0,0,無,0,0,0
49b6037e-0e67-42b9-bfb8-2b12033abdd2,新北市私立大恩幼兒園,新北市私立大恩幼兒園,新北市私立大恩幼兒園,私立,板橋區,鐘文君,,42,4500,2002/09/10,1,148.6,148.6,,3.54,0,0,113-115,0,0,0
49c0430a-d4bd-4045-bab2-7dcc641684e6,新北市私立培英幼兒園,新北市私立培英幼兒園,新北市私立培英幼兒園,私立,新店區,王瑞棟,,43,4125,1977/10/19,1,215.22,152.12,63.1,3.54,0,0,113-115,2,126000,0
4a0013ac-6406-4c6a-97fd-87fc5ee6dc00,新北市私立寶媽媽幼兒園,新北市私立寶媽媽幼兒園,新北市私立寶媽媽幼兒園,私立,新店區,王育仁,,33,3750,2003/01/27,1,131.0,131.0,,3.97,0,0,113-115,0,0,0
4a3a5512-2139-4e86-8416-5f4f5c9c5e67,新北市私立南蒂亞新林幼兒園,新北市私立南蒂亞新林幼兒園,新北市私立南蒂亞新林幼兒園,私立,林口區,曾榮章,,15,25973,2022/10/17,1,217.772,89.8,127.972,5.99,0,0,無,1,6000,0
4a4008f9-dc4c-401f-8a0d-a0ee8f3c14e6,新北市立泰山幼兒園貴和分班,新北市立泰山幼兒園,新北市立泰山幼兒園,公立,泰山區,,,48,3706,1974/09/01,1,640.17,640.17,,13.34,0,0,無,1,6000,0
4abfa281-5e6c-4777-88c5-349ae47d2a9f,新北市私立嘉樂幼兒園,新北市私立嘉樂幼兒園,新北市私立嘉樂幼兒園,私立,永和區,董禮賢,,90,4500,1967/11/27,1,369.62,290.62,79.0,3.23,0,0,113-115,0,0,0
4b81b32f-a96f-4ea8-bd8e-91bbab60454b,新北市私立翊華幼兒園民族分班,新北市私立翊華幼兒園,新北市私立翊華幼兒園,私立,蘆洲區,,,30,9000,2018/11/29,1,164.17,99.02,,3.3,0,0,無,0,0,0
4bc549a2-b0d0-41bc-ac2d-93c776ff6957,新北市私立微笑太陽幼兒園,新北市私立微笑太陽幼兒園,新北市私立微笑太陽幼兒園,私立,永和區,蘇育萱,,60,4125,1985/05/30,1,390.0,203.82,186.18,3.4,0,0,113-115,2,12000,0
4bee1786-2005-4953-8cb7-d89ae7ae7674,新北市私立文揚幼兒園,新北市私立文揚幼兒園,新北市私立文揚幼兒園,私立,永和區,蘇謝美妙,,29,4500,2003/01/30,1,141.9,141.9,,4.89,0,0,113-115,0,0,0
4bf18dc4-942a-4828-9148-cfa150085748,新北市東湖非營利幼兒園(委託社團法人新北市巧湖溫馨關懷發展協會辦理),新北市東湖非營利幼兒園(委託社團法人新北市巧湖溫馨關懷發展協會辦理),新北市東湖非營利幼兒園,非營利,林口區,張進偉,社團法人新北市巧湖溫馨關懷發展協會,242,2000,2022/08/30,1,2123.68,1397.68,726.0,5.78,0,0,無,0,0,0
4c7c0177-a2d0-4d4c-9e5f-61d3860e81d1,新北市私立柏克力幼兒園,新北市私立柏克力幼兒園,新北市私立柏克力幼兒園,私立,汐止區,王心迪,,66,9500,1998/06/04,1,236.38,236.38,,3.58,0,0,無,5,93000,0
4c9d503c-0996-4dc1-8e95-4174c286285b,新北市私立育安幼兒園,新北市私立育安幼兒園,新北市私立育安幼兒園,私立,樹林區,張美月,,60,14083,1998/07/16,1,1039.0,512.0,527.0,8.53,0,0,無,1,6000,0
4cd41136-bdf0-4175-87cc-e822d2dd0cdb,新北市私立鶯歌芝麻村幼兒園,新北市私立鶯歌芝麻村幼兒園,新北市私立鶯歌芝麻村幼兒園,私立,鶯歌區,張育婷,,304,13926,2001/05/31,1,4275.98,1090.02,3185.96,3.59,0,0,無,0,0,0
4cdc5924-0f16-48dd-b794-768940bf0884,新北市私立大鵬幼兒園,新北市私立大鵬幼兒園,新北市私立大鵬幼兒園,私立,萬里區,陳建平,,216,3750,1999/08/11,1,4948.0,325.0,4623.0,1.5,0,0,113-115,0,0,0
4d43a9de-5a9c-4984-961e-e8541853c72a,新北市私立成泰幼兒園,新北市私立成泰幼兒園,新北市私立成泰幼兒園,私立,五股區,楊雅如,,38,16118,2009/07/15,1,132.98,132.98,,3.5,0,0,無,0,0,0
4d48a511-d0e6-45e4-86ba-4d800531c7d6,新北市私立塏地安幼兒園,新北市私立塏地安幼兒園,新北市私立塏地安幼兒園,私立,新莊區,黃宏德,,40,4500,2005/07/01,1,144.98,144.98,,3.62,0,0,113-115,0,0,0
4e18251f-f8cb-4da6-9686-15cdec2af7b0,新北市新店及人非營利幼兒園(財團法人新北市私立及人高級中學申請辦理),新北市新店及人非營利幼兒園(財團法人新北市私立及人高級中學申請辦理),新北市新店及人非營利幼兒園,非營利,新店區,王傳亮,財團法人新北市私立及人高級中學,120,2000,2021/07/30,1,1043.83,592.87,450.96,4.94,0,0,無,0,0,0
4e46f68a-104d-4e4a-a75a-e9fc2342f7d9,新北市私立嘉煌幼兒園,新北市私立嘉煌幼兒園,新北市私立嘉煌幼兒園,私立,中和區,陳秋娟,,80,17125,1999/12/31,1,431.77,431.77,,5.4,0,0,無,2,21000,0
4e67c253-b1e0-49b0-898f-749f03456f46,新北市私立喬幼幼兒園,新北市私立喬幼幼兒園,新北市私立喬幼幼兒園,私立,板橋區,李江莉,,80,15683,1999/04/19,1,404.58,311.83,,3.9,0,0,無,1,9000,0
4e6a428f-7436-4921-9e13-312788824de7,新北市立八里幼兒園大埤頂分班,新北市立八里幼兒園,新北市立八里幼兒園,公立,八里區,,,40,3706,2010/09/03,1,255.23,255.23,,6.38,0,0,無,0,0,0
4ea2c7a7-39f7-4a60-bfbe-591e5501978a,新北市私立永佳幼兒園,新北市私立永佳幼兒園,新北市私立永佳幼兒園,私立,永和區,郭清陽,,52,12000,1991/04/13,1,183.99,103.52,80.47,1.99,0,0,無,3,72000,0
4ee41785-7456-4294-9166-45b5152e3314,新北市桃子腳非營利幼兒園(委託財團法人三之三生命教育基金會辦理),新北市桃子腳非營利幼兒園(委託財團法人三之三生命教育基金會辦理),新北市桃子腳非營利幼兒園,非營利,樹林區,吳文宗,財團法人三之三生命教育基金會,242,2000,2024/08/26,1,1710.73,1279.79,430.94,5.29,0,0,無,0,0,0
4fca915d-62bb-4293-a7a6-b2614b121cd8,新北市私立薇吉妮亞幼兒園,新北市私立薇吉妮亞幼兒園,新北市私立薇吉妮亞幼兒園,私立,板橋區,洪碩希,,97,4500,2014/07/09,1,592.81,483.9,108.91,4.99,0,0,113-115,2,12000,0
4fd16ce0-4141-4447-ba26-c0254bd0e884,新北市私立愛麗斯幼兒園,新北市私立愛麗斯幼兒園,新北市私立愛麗斯幼兒園,私立,蘆洲區,李世鎮,,76,6583,2003/03/26,1,301.85,301.85,,3.97,0,0,無,7,165000,0
4fe8fe6c-2543-4e7b-a737-c3b7608958ed,新北市私立向詮幼兒園,新北市私立向詮幼兒園,新北市私立向詮幼兒園,私立,蘆洲區,蘇育萱,,45,4125,2001/04/24,1,159.02,159.02,,3.53,0,0,113-115,1,6000,0
4ff95ae8-a274-4db8-92fc-3dfdbcd7d9dd,新北市私立博聖幼兒園,新北市私立博聖幼兒園,新北市私立博聖幼兒園,私立,蘆洲區,李鴻儀,,28,9252,2003/06/10,1,121.1,121.1,,4.33,0,0,無,0,0,0
503a2327-afe1-416d-b253-1e71007db1de,新北市私立國花幼兒園,新北市私立國花幼兒園,新北市私立國花幼兒園,私立,淡水區,蔡鎧安,,166,15343,1982/05/10,1,1396.47,889.79,506.68,5.36,0,0,無,0,0,0
504ae586-196a-4272-9e52-7411b1ab7105,新北市私立東橙幼兒園,新北市私立東橙幼兒園,新北市私立東橙幼兒園,私立,三峽區,呂芳龍,,146,12667,2011/04/15,1,496.11,431.36,,2.95,0,0,無,1,50000,0
5064eaec-72ba-47c4-9ca0-c6aa6bd17720,新北市私立中仁幼兒園,新北市私立中仁幼兒園,新北市私立中仁幼兒園,私立,中和區,吳俊龍,,120,3750,1980/12/12,1,671.0,315.0,356.0,2.62,0,0,113-115,1,3000,0
50f67678-8c34-4491-94fa-c3d6c0a3d8ef,新北市板橋區信義國民小學附設幼兒園,新北市板橋區信義國民小學附設幼兒園,新北市板橋區信義國民小學附設幼兒園,公立,板橋區,陳桂蘭,,212,3717,1995/09/11,1,27804.6,1494.8,26309.8,7.05,0,0,無,0,0,0
51651518-d8fd-4385-9a51-4071d32b23b2,新北市私立新大智幼兒園,新北市私立新大智幼兒園,新北市私立新大智幼兒園,私立,蘆洲區,陳晞玄,,30,14803,1999/11/01,1,137.38,137.38,,4.58,0,0,無,2,12000,0
51762c3e-6378-4f48-b21c-1ff11b646169,新北市私立仁慈幼兒園,新北市私立仁慈幼兒園,新北市私立仁慈幼兒園,私立,三重區,劉倢騏,,29,3750,1999/03/30,1,117.0,105.8,,3.65,0,0,113-115,0,0,0
51d0d7e5-d2cd-415c-b397-3216d1fc26fc,新北市私立致理幼兒園,新北市私立致理幼兒園,新北市私立致理幼兒園,私立,板橋區,陳碧容,,56,4500,1975/03/01,1,235.0,84.0,151.0,1.5,0,0,113-115,0,0,0
51df8cf4-2263-4dc1-ab2b-609b9119b97d,新北市立樹林幼兒園彭厝分班,新北市立樹林幼兒園,新北市立樹林幼兒園,公立,樹林區,,,47,3706,1975/11/15,1,237.9,150.46,87.44,3.2,0,0,無,0,0,0
521389c9-7477-40ab-aef9-28d9ad3b4dca,新北市石門區乾華國民小學附設幼兒園,新北市石門區乾華國民小學附設幼兒園,新北市石門區乾華國民小學附設幼兒園,公立,石門區,張惠玲,,15,3706,2020/08/24,1,343.1,246.34,96.76,16.42,0,0,無,0,0,0
52a97392-2223-4034-84fc-74296f6cb9fb,新北市私立裕民幼兒園,新北市私立裕民幼兒園,新北市私立裕民幼兒園,私立,土城區,呂文綾,,100,15478,2004/12/20,1,501.47,407.09,94.38,4.07,0,0,無,0,0,0
5341113f-80c4-4c14-ab6d-11f2693bf5e4,新北市私立卓越幼兒園,新北市私立卓越幼兒園,新北市私立卓越幼兒園,私立,淡水區,張義雄,,40,4500,2011/11/16,1,191.99,191.99,,4.8,0,0,113-115,0,0,0
53a57131-7f3f-4676-83e9-0e0d07592e7f,新北市汐止區農會附設新北市私立汐農幼兒園,新北市汐止區農會附設新北市私立汐農幼兒園,新北市汐止區農會附設新北市私立汐農幼兒園,私立,汐止區,呂山松,,360,3000,1988/08/08,1,3546.0,1373.0,2173.0,3.81,0,0,113-115,3,21000,0
540dc5bf-15c5-479c-8356-bcf049fa1b8e,新北市私立雨農幼兒園,新北市私立雨農幼兒園,新北市私立雨農幼兒園,私立,板橋區,陳明紅,,168,16550,2005/11/22,1,587.7,587.7,,3.5,0,0,無,5,456000,0
5434e90c-0349-48b3-b730-19766a662308,新北市私立芫銘幼兒園,新北市私立芫銘幼兒園,新北市私立芫銘幼兒園,私立,中和區,高立華,,40,4125,2000/12/12,1,161.13,100.33,46.8,2.51,0,0,113-115,0,0,0
543b91a6-3d80-4fe2-9273-d42ba92b43fe,新北市私立文笙幼兒園,新北市私立文笙幼兒園,新北市私立文笙幼兒園,私立,新莊區,陳彥臻,,80,10873,2000/06/12,1,362.33,283.38,,3.54,0,0,無,7,180000,0
557076d4-60a1-4dfa-9b32-140dce817963,新北市新莊區裕民國民小學附設幼兒園,新北市新莊區裕民國民小學附設幼兒園,新北市新莊區裕民國民小學附設幼兒園,公立,新莊區,黃榮泰,,210,3717,1996/08/01,1,3119.83,1169.83,1950.0,5.57,0,0,無,0,0,0
56553eed-a5ad-482a-bcb4-ba9f0a0ed8ca,新北市私立佳兒幼兒園,新北市私立佳兒幼兒園,新北市私立佳兒幼兒園,私立,三峽區,王余美華,,210,13090,1991/02/09,1,735.7,549.84,185.86,2.62,0,0,無,0,0,0
565a7911-6e1d-4904-91a0-2708b24def41,新北市私立新華德幼兒園,新北市私立新華德幼兒園,新北市私立新華德幼兒園,私立,汐止區,蔡欣庭,,43,4500,2003/06/19,1,151.43,151.43,,3.52,0,0,113-115,1,6000,0
565e3362-b5ef-4dd1-8d52-023678171b71,新北市私立安佳國際幼兒園,新北市私立安佳國際幼兒園,新北市私立安佳國際幼兒園,私立,土城區,柯學璵,,75,22100,2025/07/14,1,446.6,197.88,248.72,2.64,0,0,無,0,0,0
566b54f4-4785-4d87-a6be-5c0eb819a3eb,新北市私立翊華幼兒園,新北市私立翊華幼兒園,新北市私立翊華幼兒園,私立,蘆洲區,葉耿華,,59,10500,2005/07/28,1,329.0,209.0,120.0,3.54,0,0,無,2,12000,0
56872455-2d88-4a2e-a7d2-9c4e3724a1de,新北市私立立群幼兒園,新北市私立立群幼兒園,新北市私立立群幼兒園,私立,樹林區,林清,,73,10800,1978/07/01,1,355.88,355.88,,4.88,0,0,無,4,78000,0
5691b486-ecc9-47ce-abbf-445309b4b98c,新北市私立名欣幼兒園,新北市私立名欣幼兒園,新北市私立名欣幼兒園,私立,樹林區,陸珩,,199,11403,2000/09/11,1,348.85,150.4,198.45,0.76,0,0,無,2,12000,0
56b544bf-35bf-496f-ab73-0019b9f9e6e6,新北市私立小小幼兒園,新北市私立小小幼兒園,新北市私立小小幼兒園,私立,中和區,鄧瑞玉,,30,4500,2003/12/30,1,,,,,0,0,113-115,1,60000,0
5782c769-d0ee-4091-81d4-ce673d2e38ae,新北市私立大自然幼兒園,新北市私立大自然幼兒園,新北市私立大自然幼兒園,私立,板橋區,黃玉好,,49,15726,1988/02/08,1,204.72,204.72,,4.18,0,1,無,1,15000,0
579c7b5f-0eaf-4604-97cb-c4b1f1553015,新北市立永和幼兒園博愛分班,新北市立永和幼兒園,新北市立永和幼兒園,公立,永和區,,,60,3706,1984/07/01,1,389.19,304.58,,5.08,0,0,無,0,0,0
57a05b41-dc1f-4634-9bab-ac07d4067b14,新北市私立新蘆洲北大幼兒園,新北市私立新蘆洲北大幼兒園,新北市私立新蘆洲北大幼兒園,私立,蘆洲區,許善美,,90,14833,1986/09/05,1,1305.0,180.0,1125.0,2.0,0,0,無,0,0,0
57ca0fe9-f49d-4a17-af33-a68a45788c29,新北市私立劍聲樹林幼兒園,新北市私立劍聲樹林幼兒園,新北市私立劍聲樹林幼兒園,私立,樹林區,,,90,3000,1981/11/17,1,556.0,374.12,181.88,4.16,0,0,113-115,0,0,0
57db5735-a7e7-4cea-8a18-63fb6a35169f,新北市私立新榮富新莊幼兒園,新北市私立新榮富新莊幼兒園,新北市私立新榮富新莊幼兒園,私立,新莊區,陳致達,,180,14333,2012/02/29,1,814.81,814.81,,4.53,0,0,無,1,6000,0
57fa89ca-a0ba-4dc6-80f1-ab6cf85fdfd6,新北市立新莊幼兒園,新北市立新莊幼兒園,新北市立新莊幼兒園,公立,新莊區,章寶瑩,,163,3706,1970/01/01,1,823.0,823.0,,5.05,0,0,無,0,0,0
5800b050-f193-4a16-9ba0-12de20fa0e56,新北市瑞芳區瑞芳國民小學附設幼兒園爪峰分班,新北市瑞芳區瑞芳國民小學附設幼兒園,新北市瑞芳區瑞芳國民小學附設幼兒園,公立,瑞芳區,,,38,3728,2023/08/01,1,369.28,255.28,114.0,6.72,0,0,無,0,0,0
58793408-a677-46c0-b5cf-d1951e8d84e9,新北市海工非營利幼兒園(委託社團法人新北市幼兒成長協會辦理),新北市海工非營利幼兒園(委託社團法人新北市幼兒成長協會辦理),新北市海工非營利幼兒園,非營利,土城區,朱芷曼,社團法人新北市幼兒成長協會,60,2000,2002/04/22,1,211.4,211.4,,3.52,0,0,無,0,0,0
58c8528d-3852-431c-b633-7f91d0575477,新北市私立艾維恩幼兒園,新北市私立艾維恩幼兒園,新北市私立艾維恩幼兒園,私立,樹林區,許為庠,,42,4500,2011/04/08,1,229.73,152.78,,3.64,0,0,113-115,2,66000,0
58d13496-b54a-4b72-8323-a3868b09c16c,新北市板橋區大觀國民小學附設幼兒園,新北市板橋區大觀國民小學附設幼兒園,新北市板橋區大觀國民小學附設幼兒園,公立,板橋區,吳國銘,,210,3728,1996/11/22,1,2424.98,990.19,1434.79,4.72,0,0,無,0,0,0
58dd27cc-d6a4-4156-8e08-ef4b2fc62388,新北市蘆洲區蘆洲國民小學附設幼兒園,新北市蘆洲區蘆洲國民小學附設幼兒園,新北市蘆洲區蘆洲國民小學附設幼兒園,公立,蘆洲區,陳明利,,166,3728,1999/10/22,1,1594.46,1094.46,500.0,6.59,0,0,無,0,0,0
58e3e31d-1e4c-4cc1-9b71-700efe0b7e22,新北市私立江翠幼兒園,新北市私立江翠幼兒園,新北市私立江翠幼兒園,私立,板橋區,林逸祥,,100,3750,1979/01/03,1,362.28,184.52,177.76,1.85,0,0,113-115,1,60000,0
58ed5a99-b649-4984-91c2-e8bcc17ab573,新北市私立悅嘉幼兒園,新北市私立悅嘉幼兒園,新北市私立悅嘉幼兒園,私立,板橋區,陳皆興,,74,19107,2004/01/30,1,2156.0,2156.0,,29.14,0,0,無,0,0,0
5946964a-7c5f-44a6-bef7-e5a3821d61b5,新北市私立童妍幼兒園,新北市私立童妍幼兒園,新北市私立童妍幼兒園,私立,三峽區,林乙葶,,90,4125,2020/07/29,1,637.2,328.9,308.3,3.65,0,0,113-115,0,0,0
5a918cf0-54f4-4b35-b5c8-443c4200277a,新北市私立建丞幼兒園,新北市私立建丞幼兒園,新北市私立建丞幼兒園,私立,樹林區,陸珩,,110,10833,1999/04/27,1,444.9365,389.385,55.5515,3.54,0,0,無,0,0,0
5aaf5e6f-5970-448a-8038-37a9c26c2b03,新北市雙溪區上林國民小學附設幼兒園,新北市雙溪區上林國民小學附設幼兒園,新北市雙溪區上林國民小學附設幼兒園,公立,雙溪區,陳彥宏,,30,3728,2014/08/01,1,274.18,154.18,120.0,5.14,0,0,無,1,15000,0
5af4badf-1839-4954-a74f-a26dd28b5645,新北市私立東北藝園幼兒園,新北市私立東北藝園幼兒園,新北市私立東北藝園幼兒園,私立,三峽區,劉鈴子,,93,16251,1999/03/04,1,327.39,181.39,146.0,1.95,0,0,無,0,0,0
5b39f9ed-7683-43b7-b3f8-87d0d420e5c5,中信國際學校財團法人新北市私立中信高級中等學校附設幼兒園,中信國際學校財團法人新北市私立中信高級中等學校附設幼兒園,中信國際學校財團法人新北市私立中信高級中等學校附設幼兒園,私立,新店區,謝惠玟,,106,2000,2025/09/10,1,1252.63,953.99,298.64,9.0,0,0,無,0,0,0
5b795786-6427-4289-99ac-1f6c1c8bc6de,新北市私立有一天幼兒園,新北市私立有一天幼兒園,新北市私立有一天幼兒園,私立,土城區,黃愛茱,,181,4500,2022/09/30,1,1350.41,682.08,668.33,3.77,0,0,113-115,2,66000,0
5bc3b38f-4d54-4277-8998-6b8ada28648c,新北市中和區復興國民小學附設幼兒園,新北市中和區復興國民小學附設幼兒園,新北市中和區復興國民小學附設幼兒園,公立,中和區,蔡清寬,,120,3728,1994/11/05,1,9375.0,794.0,8581.0,6.62,0,0,無,0,0,0
5bfadeed-2d31-43af-b091-6f904fa11e9f,新北市私立容石園幼兒園,新北市私立容石園幼兒園,新北市私立容石園幼兒園,私立,新店區,廖秀麗,,28,4500,2000/08/07,1,169.06,100.34,52.12,3.58,0,0,113-115,3,27000,0
5c5300f4-4a82-421f-a5a0-d507e43f5b14,新北市私立綺莉絲幼兒園,新北市私立綺莉絲幼兒園,新北市私立綺莉絲幼兒園,私立,蘆洲區,戴嬡櫻,,57,3750,2002/12/04,1,201.59,154.58,47.01,2.71,0,0,113-115,1,50000,0
5cbbc708-6d5c-466e-939f-caacf2bdca59,新北市私立勁寶兒喜星園幼兒園,新北市私立勁寶兒喜星園幼兒園,新北市私立勁寶兒喜星園幼兒園,私立,三重區,魏楚軍,,51,19000,2001/12/05,1,253.39,253.39,,4.97,0,0,無,0,0,0
5cc25593-a6fe-4f4f-9720-b2d524bfa3ed,新北市私立幼幼立大幼兒園,新北市私立幼幼立大幼兒園,新北市私立幼幼立大幼兒園,私立,新店區,陳禮輝,,29,10600,2008/09/11,0,101.64,101.64,,3.5,0,0,無,0,0,0
5cf641e0-f9cc-4fe4-b176-98d07c4c2730,新北市私立思源幼兒園,新北市私立思源幼兒園,新北市私立思源幼兒園,私立,新莊區,劉阿斗,,90,4500,1986/02/12,1,360.0,226.0,134.0,2.51,0,0,113-115,2,12000,0
5d03db47-2285-4c61-bf6f-d1e2de6c5a13,新北市板橋區溪洲國民小學附設幼兒園,新北市板橋區溪洲國民小學附設幼兒園,新北市板橋區溪洲國民小學附設幼兒園,公立,板橋區,陳志鉉,,120,3728,1998/09/04,1,660.0,300.0,360.0,2.5,0,0,無,0,0,0
5df108e3-1f77-42be-bbbc-e588d225e968,新北市私立永錡裕民幼兒園,新北市私立永錡裕民幼兒園,新北市私立永錡裕民幼兒園,私立,新莊區,許炳崑,,83,12976,2004/09/10,1,254.0,254.0,,3.06,0,0,無,0,0,0
5e1ac800-bc0e-432c-b09d-43935bae5899,新北市私立太平洋幼兒園,新北市私立太平洋幼兒園,新北市私立太平洋幼兒園,私立,新店區,許家秀,,99,11617,1983/01/01,1,368.57,149.54,219.0,1.51,0,0,無,1,6000,0
5e289f7e-3dcf-4257-b3d8-e25ca4fd3a58,康橋學校財團法人新北市康橋高級中學附屬新北市私立康橋幼兒園,康橋學校財團法人新北市康橋高級中學附屬新北市私立康橋幼兒園,康橋學校財團法人新北市康橋高級中學附屬新北市私立康橋幼兒園,私立,新店區,李萬吉,,390,18700,2010/05/28,1,3399.97,2791.01,608.96,7.16,0,0,無,0,0,0
5e4ad622-6022-49f3-abb7-2ab735594078,新北市私立白兔幼兒園,新北市私立白兔幼兒園,新北市私立白兔幼兒園,私立,中和區,魏珮娟,,60,8333,1982/02/01,1,538.41,182.72,355.69,3.05,0,0,無,0,0,0
5e69bf48-dd43-4215-8227-555ca4909676,新北市立三芝幼兒園福成分班,新北市立三芝幼兒園,新北市立三芝幼兒園,公立,三芝區,,,42,3706,1979/10/01,1,385.0,190.0,195.0,4.52,0,0,無,0,0,0
5e69ff8c-05a0-4619-ba0b-44f1fc33cd01,新北市三峽區大埔國民小學附設幼兒園,新北市三峽區大埔國民小學附設幼兒園,新北市三峽區大埔國民小學附設幼兒園,公立,三峽區,黃國鏘,,60,3728,2001/09/14,1,497.3747,297.3747,200.0,4.96,0,0,無,0,0,0
5e9adeb8-1403-4f0f-88e3-31092adb99af,新北市私立樹德幼兒園,新北市私立樹德幼兒園,新北市私立樹德幼兒園,私立,土城區,吳美玲,,45,4500,1999/06/01,1,233.13,184.81,,4.11,0,0,113-115,0,0,0
5f325386-5ff9-4b2a-bc24-3a78e7a71092,新北市私立翰尼永和幼兒園,新北市私立翰尼永和幼兒園,新北市私立翰尼永和幼兒園,私立,永和區,江慶祥,,50,4500,2000/01/06,1,263.34,230.69,,4.61,0,0,113-115,0,0,0
5f3269f0-721a-4ae3-907b-f50d1f80e8d1,新北市鶯歌區建國國民小學附設幼兒園,新北市鶯歌區建國國民小學附設幼兒園,新北市鶯歌區建國國民小學附設幼兒園,公立,鶯歌區,林建能,,166,3728,1997/09/11,1,1428.0,903.0,525.0,5.44,0,0,無,0,0,0
5fccf220-28eb-4b7b-bf79-7f6e70211b37,新北市私立興名陽幼兒園,新北市私立興名陽幼兒園,新北市私立興名陽幼兒園,私立,板橋區,魏淑英,,66,4500,2002/05/21,1,232.82,232.82,,3.53,0,0,113-115,0,0,0
5fde7e92-ef52-413d-9a4f-a1a24c3aae33,新北市私立文強幼兒園,新北市私立文強幼兒園,新北市私立文強幼兒園,私立,三峽區,陳瑤萍,,60,4500,1984/06/15,1,462.48,127.94,334.54,2.13,0,0,113-115,0,0,0
5ffc42be-ae19-4bcf-8b89-ca936497bf23,新北市石碇區和平國民小學附設幼兒園,新北市石碇區和平國民小學附設幼兒園,新北市石碇區和平國民小學附設幼兒園,公立,石碇區,黃家裕,,45,3728,2019/08/01,1,394.66,255.06,139.6,5.67,0,0,無,0,0,0
600d045a-d2b3-4e9d-af52-fc8e4f43804f,新北市私立華納幼兒園,新北市私立華納幼兒園,新北市私立華納幼兒園,私立,三重區,張桂芬,,170,3500,2000/10/02,1,921.4,756.51,164.89,4.45,0,0,114-115,9,141000,0
60ff647e-9f81-40a8-8f7e-9aa54cac7dc8,新北市私立學仕幼兒園,新北市私立學仕幼兒園,新北市私立學仕幼兒園,私立,三重區,簡惠玲,,93,22337,2012/06/08,1,,,,,0,0,無,14,1374000,1
61054a80-a32e-4124-9e84-64cb24a943b4,新北市私立悠幼幼兒園,新北市私立悠幼幼兒園,新北市私立悠幼幼兒園,私立,新莊區,王綠蘋,,194,3000,2005/07/29,1,727.02,727.02,,3.75,0,1,114-115,0,0,0
6117ae1c-f5b2-4f3e-99a2-c7bddcd510ab,新北市私立靜立幼兒園,新北市私立靜立幼兒園,新北市私立靜立幼兒園,私立,板橋區,史政加,,41,3750,2002/01/10,1,146.64,146.64,,3.58,0,0,113-115,0,0,0
6129ae4a-e2e3-41c1-990c-637296c0001e,新北市私立榮光幼兒園,新北市私立榮光幼兒園,新北市私立榮光幼兒園,私立,汐止區,劉朝忠,,100,6375,1996/11/15,0,395.18,189.98,205.2,1.9,0,0,無,3,27000,0
61354b93-5d59-4c6f-8e5d-b2158ce51bcc,新北市私立心萬美幼兒園,新北市私立心萬美幼兒園,新北市私立心萬美幼兒園,私立,林口區,陳如意,,76,20733,2020/12/10,1,559.81,317.86,241.95,4.18,0,0,無,0,0,0
613e8aef-8ff3-4776-a944-6d67b419f427,新北市立新埔國民中學附設幼兒園,新北市立新埔國民中學附設幼兒園,新北市立新埔國民中學附設幼兒園,公立,板橋區,郭月秀,,240,3728,1999/09/16,1,2046.0,1105.0,941.0,4.6,0,0,無,0,0,0
61ff5d3f-631b-4ffa-b3f5-a592c6a295db,新北市私立僑治亞幼兒園中港分班,新北市私立僑治亞幼兒園,新北市私立僑治亞幼兒園,私立,新莊區,,,50,15239,2017/06/23,1,279.31,165.85,113.46,3.32,0,0,無,6,66000,0
620b6fb7-f2aa-4908-aa63-43cd88945d04,新北市立三重幼兒園厚德分班,新北市立三重幼兒園,新北市立三重幼兒園,公立,三重區,,,33,3706,2000/11/03,1,118.14,118.14,,3.58,0,0,無,0,0,0
6222faa7-3ddc-4b56-b34f-579311f363d2,新北市碧城非營利幼兒園(委託財團法人仁德醫護管理專科學校辦理),新北市碧城非營利幼兒園(委託財團法人仁德醫護管理專科學校辦理),新北市碧城非營利幼兒園,非營利,三重區,鍾佳穎,財團法人仁德醫護管理專科學校,120,2000,2021/07/30,1,1498.75,1095.92,402.83,9.13,0,0,無,0,0,0
622db54b-1498-47ca-9133-cc895426b5e5,新北市私立珈和幼兒園,新北市私立珈和幼兒園,新北市私立珈和幼兒園,私立,樹林區,朱國禎,,135,23217,2023/07/27,1,824.81,481.62,343.19,3.57,0,0,無,0,0,0
6247b2e0-cc1c-4a3b-8771-638bd283d18f,新北市板橋區新埔國民小學附設幼兒園,新北市板橋區新埔國民小學附設幼兒園,新北市板橋區新埔國民小學附設幼兒園,公立,板橋區,陳維穎,,120,3728,1993/11/05,1,1009.722,649.722,360.0,5.41,0,0,無,0,0,0
631c8d20-251c-4a90-9047-7b39102a8d34,新北市私立新時代幼兒園,新北市私立新時代幼兒園,新北市私立新時代幼兒園,私立,中和區,洪春夏,,32,4540,2000/06/15,1,146.29,146.29,,4.57,0,0,114-115,1,6000,0
6335cd95-09ff-41e5-9287-177d94e49f7d,新北市立五股幼兒園水碓分班,新北市立五股幼兒園,新北市立五股幼兒園,公立,五股區,,,68,3706,2005/08/24,1,311.63,240.61,,3.54,0,0,無,1,6000,0
6346023f-5ad6-46dc-b81a-78bcf98fffdb,財團法人天主教會台北教區附設新北市私立鳴遠幼兒園,財團法人天主教會台北教區附設新北市私立鳴遠幼兒園,財團法人天主教會台北教區附設新北市私立鳴遠幼兒園,私立,新莊區,鍾安住,,300,10218,1954/10/03,1,1561.0,681.0,880.0,2.27,0,0,無,0,0,0
6369ee15-bfde-47de-98fb-d72ca63c20d0,新北市私立佳佳安長榮幼兒園,新北市私立佳佳安長榮幼兒園,新北市私立佳佳安長榮幼兒園,私立,蘆洲區,陳莞荽,,224,16133,2005/06/02,1,785.57,642.79,142.78,2.87,0,0,無,0,0,0
637b3485-2fe3-4551-9b56-75c5b8fa39e2,新北市私立漢東幼兒園,新北市私立漢東幼兒園,新北市私立漢東幼兒園,私立,板橋區,郭慧姝,,130,16333,2000/06/20,1,573.86,490.96,82.9,3.78,0,0,無,7,51000,0
63830602-e7f0-4f09-8b17-576e3ad46f78,新北市私立華邇街幼兒園,新北市私立華邇街幼兒園,新北市私立華邇街幼兒園,私立,林口區,蔡清雯,,60,3000,2000/12/26,1,407.77,158.43,249.34,2.64,0,0,115-115,2,66000,0
63894143-b185-4e79-b372-1624ed1b7cd2,新北市私立偉仁幼兒園,新北市私立偉仁幼兒園,新北市私立偉仁幼兒園,私立,板橋區,李韋德,,70,4615,1982/10/01,1,242.0,184.0,46.0,2.63,0,0,114-115,0,0,0
638b877e-fbeb-45dd-aa28-6bab88c38199,新北市私立振德幼兒園,新北市私立振德幼兒園,新北市私立振德幼兒園,私立,泰山區,李冠德,,43,10640,1999/08/11,0,187.3,187.3,,4.36,0,0,無,0,0,0
63c70bdf-8655-456e-be21-073855ea7cf3,財團法人新北市大觀書社附設新北市私立大觀幼兒園,財團法人新北市大觀書社附設新北市私立大觀幼兒園,財團法人新北市大觀書社附設新北市私立大觀幼兒園,私立,板橋區,,,360,9392,1968/12/17,1,2714.0,1570.37,1143.63,4.36,0,0,無,0,0,0
63d36526-6924-401b-b3ab-5516dae4f48c,新北市立三峽幼兒園中興分班,新北市立三峽幼兒園,新北市立三峽幼兒園,公立,三峽區,,,30,3706,1988/08/01,1,225.34,225.34,,7.51,0,0,無,0,0,0
63dbe953-46be-436b-bec5-1bf352d6881e,新北市私立天翔幼兒園,新北市私立天翔幼兒園,新北市私立天翔幼兒園,私立,土城區,黃愛茱,,194,4575,2001/07/12,1,680.8,318.93,361.85,1.64,0,0,113-115,0,0,0
646d7822-df59-43b7-8206-e9ad9106a889,新北市新店區北新國民小學附設幼兒園,新北市新店區北新國民小學附設幼兒園,新北市新店區北新國民小學附設幼兒園,公立,新店區,施裕明,,122,3728,2001/08/01,1,4675.0,1035.0,3640.0,8.48,0,0,無,0,0,0
64a0b98d-74c8-4981-8b23-41f1afd581b5,新北市私立新榮富幼兒園,新北市私立新榮富幼兒園,新北市私立新榮富幼兒園,私立,新莊區,林振欣,,30,9500,1998/07/16,1,,,,,0,0,無,1,9000,0
6566c522-5ef1-4a2e-b196-255c00df53a1,新北市私立大業幼兒園,新北市私立大業幼兒園,新北市私立大業幼兒園,私立,板橋區,林玉惠,,40,3000,1983/01/01,1,159.4,61.6,97.8,1.54,0,0,113-115,0,0,0
656849ac-e277-484a-b31f-2c6acd2fa72a,新北市私立華慶幼兒園,新北市私立華慶幼兒園,新北市私立華慶幼兒園,私立,汐止區,葉淑華,,120,4500,2000/07/11,1,423.78,423.78,,3.53,0,1,113-115,3,72000,0
65b61543-6d18-4210-844e-32ee9c68b4c7,新北市私立欣和幼兒園,新北市私立欣和幼兒園,新北市私立欣和幼兒園,私立,土城區,林雪子,,40,3750,2003/07/14,1,201.06,144.92,,3.62,0,0,113-115,2,75000,0
65b850b7-3a53-437f-ac5e-c66435996798,新北市永和區秀朗國民小學附設幼兒園,新北市永和區秀朗國民小學附設幼兒園,新北市永和區秀朗國民小學附設幼兒園,公立,永和區,曾秀珠,,300,3728,1986/04/23,1,1678.0,884.0,794.0,2.95,0,0,無,0,0,0
6631915f-54c2-4f2b-ae34-2ea9c6af1cea,新北市板橋區重慶國民小學附設幼兒園,新北市板橋區重慶國民小學附設幼兒園,新北市板橋區重慶國民小學附設幼兒園,公立,板橋區,許清林,,76,3728,1997/09/17,1,965.0,673.0,292.0,8.86,0,0,無,0,0,0
66555bb3-366d-42fe-b5b8-c0f9bd190e12,新北市私立喬合幼兒園,新北市私立喬合幼兒園,新北市私立喬合幼兒園,私立,永和區,戴玉娟,,45,3000,2004/04/06,1,157.94,99.4,58.54,2.21,0,0,113-115,1,6000,0
668ff3b2-8dd7-4532-b541-d18f207a6f67,新北市私立華興幼兒園,新北市私立華興幼兒園,新北市私立華興幼兒園,私立,汐止區,林芷瑜,,47,4500,1999/10/26,1,166.72,164.12,,3.49,0,0,113-115,0,0,0
66deb801-17f8-4f7f-9676-2aca8f4e219a,新北市私立萬美憶月幼兒園,新北市私立萬美憶月幼兒園,新北市私立萬美憶月幼兒園,私立,林口區,陳如意,,90,23046,2019/03/06,1,536.16,354.55,181.61,3.94,0,0,無,0,0,0
67bb9a80-c403-408b-a0a5-a5303ec9ff38,新北市立新店幼兒園新店分班,新北市立新店幼兒園,新北市立新店幼兒園,公立,新店區,,,60,3706,1977/09/01,1,386.78,328.22,58.56,5.47,0,0,無,0,0,0
680fe201-d194-4b69-9600-9499a916f3d3,新北市私立鑫立群幼兒園,新北市私立鑫立群幼兒園,新北市私立鑫立群幼兒園,私立,樹林區,林清,,60,10800,1983/07/08,1,621.4,165.76,455.64,2.76,0,0,無,1,6000,0
68858ac0-2407-4d98-953d-3ee4c9986042,新北市北大非營利幼兒園(委託社團法人中華音樂舞蹈暨表演藝術教育協會辦理),新北市北大非營利幼兒園(委託社團法人中華音樂舞蹈暨表演藝術教育協會辦理),新北市北大非營利幼兒園,非營利,三峽區,邱健凱,社團法人中華音樂舞蹈暨表演藝術教育協會,182,2000,2017/06/28,1,2857.67,1757.67,1100.0,9.66,0,0,無,4,42000,0
68c0aad1-e8da-463c-bf20-20d3b2dbd691,新北市私立中中幼兒園,新北市私立中中幼兒園,新北市私立中中幼兒園,私立,永和區,曾崇民,,71,3750,1984/01/17,1,249.81,249.81,,3.52,0,0,113-115,0,0,0
68ffc11c-17f1-41ca-9d11-408cb9591f3a,新北市私立啟育幼兒園,新北市私立啟育幼兒園,新北市私立啟育幼兒園,私立,三峽區,葉美桃,,384,3300,2003/01/28,1,1677.98,1677.98,,4.37,0,1,114-115,2,12000,0
6918136f-6f90-483a-9701-0c984f7439ba,新北市私立奧林匹克幼兒園,新北市私立奧林匹克幼兒園,新北市私立奧林匹克幼兒園,私立,中和區,周稚芬,,110,4500,2009/09/07,1,941.6,424.6,220.89,3.86,0,0,113-115,2,6000,0
694de2db-d20f-4fdc-9de3-d6da2603f574,新北市私立及人幼兒園,新北市私立及人幼兒園,新北市私立及人幼兒園,私立,新莊區,徐鳳連,,68,3750,1979/08/07,1,239.3,157.55,81.75,2.32,0,0,113-115,1,6000,0
69ba31ea-acec-42fa-a294-4a9dadf2303f,新北市私立陽光聖谷幼兒園,新北市私立陽光聖谷幼兒園,新北市私立陽光聖谷幼兒園,私立,新店區,吳文朗,,128,4100,2024/07/30,1,1085.155,699.945,385.21,5.47,0,0,113-115,0,0,0
69edc735-e2ab-429a-ae9d-595289a3d905,新北市私立國儷幼兒園,新北市私立國儷幼兒園,新北市私立國儷幼兒園,私立,板橋區,褚玉霞,,220,11000,1989/02/13,1,834.4,289.0,545.4,1.31,0,1,無,6,95000,0
69ef2561-1a90-4156-8c64-b47c82973f51,新北市私立芯琦幼兒園,新北市私立芯琦幼兒園,新北市私立芯琦幼兒園,私立,新店區,崔禮梅,,89,17650,1999/08/06,1,311.76,141.76,170.0,1.59,0,0,無,1,6000,0
6a041030-5f41-4a4f-b718-51fcd84b5029,新北市中和區積穗國民小學附設幼兒園,新北市中和區積穗國民小學附設幼兒園,新北市中和區積穗國民小學附設幼兒園,公立,中和區,洪國維,,120,3728,1998/09/21,1,1144.3,633.1,511.2,5.28,0,0,無,0,0,0
6a0412fc-d87b-4a18-af63-07b658b758af,新北市私立環愛幼兒園,新北市私立環愛幼兒園,新北市私立環愛幼兒園,私立,蘆洲區,張淑津,,38,5000,2004/05/25,1,134.56,134.56,,3.54,0,0,113-115,0,0,0
6a053f78-15ef-4031-959b-3d148aa2439b,新北市私立維格爾幼兒園,新北市私立維格爾幼兒園,新北市私立維格爾幼兒園,私立,汐止區,黃美珍,,60,15040,2011/08/04,1,231.45,231.45,,3.86,0,0,無,1,6000,0
6a8a7c53-8479-4dae-a6b2-53ffab98fb98,新北市私立吉的堡佳樂幼兒園,新北市私立吉的堡佳樂幼兒園,新北市私立吉的堡佳樂幼兒園,私立,永和區,余靜美,,92,10600,2003/12/16,0,322.52,322.52,,3.51,0,0,無,6,60000,1
6aa84d75-3e5b-4d92-a3ce-0d8b2813bc60,新北市私立培幼幼兒園,新北市私立培幼幼兒園,新北市私立培幼幼兒園,私立,土城區,柯學璵,,66,12433,1981/09/29,1,254.19,254.19,,3.85,0,0,無,2,12000,0
6ad6cab6-74fa-459b-86e8-786bcd74a4cc,新北市私立真理蒙特梭利幼兒園,新北市私立真理蒙特梭利幼兒園,新北市私立真理蒙特梭利幼兒園,私立,中和區,梁曉嵐,,93,3000,2003/02/27,1,326.16,326.16,,3.51,0,0,115-115,1,6000,0
6af0a4c2-a188-4535-8097-99ead88907a4,新北市萬里區野柳國民小學附設幼兒園,新北市萬里區野柳國民小學附設幼兒園,新北市萬里區野柳國民小學附設幼兒園,公立,萬里區,邱華璋,,30,3728,1985/12/27,1,492.0,222.0,270.0,7.4,0,0,無,0,0,0
6b15a10a-1603-423f-92f4-4ea3df0c2351,新北市私立凱樂蒂幼兒園,新北市私立凱樂蒂幼兒園,新北市私立凱樂蒂幼兒園,私立,淡水區,曾思萍,,70,10767,2010/06/21,0,247.3,107.3,140.0,1.53,0,0,無,1,50000,0
6b1c388c-e415-492d-95b4-cd635a10478c,新北市私立薇妮幼兒園,新北市私立薇妮幼兒園,新北市私立薇妮幼兒園,私立,五股區,顧瑾琪,,40,5500,2004/06/28,0,172.38,148.24,,3.71,0,0,110-112,0,0,0
6c6e9735-1c8b-4260-8b4d-567d4d26bac4,新北市私立愛霖幼兒園,新北市私立愛霖幼兒園,新北市私立愛霖幼兒園,私立,林口區,孫福忠,,126,9727,2003/12/02,1,444.24,272.76,171.48,2.16,0,0,無,0,0,0
6c8bc868-9c54-479b-8a14-036867031795,新北市私立新豐幼兒園,新北市私立新豐幼兒園,新北市私立新豐幼兒園,私立,汐止區,李冠賢,,60,4320,1979/06/18,1,439.0,239.0,200.0,3.98,0,0,113-115,0,0,0
6d700ec8-125a-4d52-b0cb-600b5b68eea1,新北市雙溪區雙溪國民小學附設幼兒園,新北市雙溪區雙溪國民小學附設幼兒園,新北市雙溪區雙溪國民小學附設幼兒園,公立,雙溪區,葉永菁,,60,3728,1985/12/27,1,526.0,256.0,270.0,4.27,0,0,無,0,0,0
6e0ea08e-661f-4c9d-85fc-b82931a992eb,新北市私立捷群幼兒園,新北市私立捷群幼兒園,新北市私立捷群幼兒園,私立,新莊區,張雅鳳,,30,4500,2001/03/14,1,126.75,126.75,,4.22,0,0,113-115,0,0,0
6e117a3a-298e-4257-9c37-aa55331fa005,新北市立淡水幼兒園,新北市立淡水幼兒園,新北市立淡水幼兒園,公立,淡水區,鐘素翎,,128,3706,1970/01/01,1,970.37,970.37,,7.58,0,0,無,0,0,0
6e3cf8db-2d42-436d-9286-2777aad3b19c,新北市私立向日葵幼兒園,新北市私立向日葵幼兒園,新北市私立向日葵幼兒園,私立,汐止區,江束,,72,4320,1999/12/17,1,500.0,400.0,100.0,5.56,0,0,113-115,0,0,0
6e54fc70-5470-4428-a996-90797343d34a,新北市私立璽悅幼兒園,新北市私立璽悅幼兒園,新北市私立璽悅幼兒園,私立,蘆洲區,孫國雄,,39,6709,2004/01/29,1,150.0,136.92,,3.51,0,0,無,0,0,0
6e677694-9d84-4b8c-aa08-a894002d16e1,新北市三重區光興國民小學附設幼兒園,新北市三重區光興國民小學附設幼兒園,新北市三重區光興國民小學附設幼兒園,公立,三重區,鄭秋嬋,,226,3728,1987/08/11,1,1834.0,1132.0,702.0,5.01,0,0,無,2,63000,0
6ea977d2-d7f2-4adf-b2a6-8bbdbbdffc48,新北市私立巨堡幼兒園,新北市私立巨堡幼兒園,新北市私立巨堡幼兒園,私立,永和區,江宗軒,,45,17340,1999/04/13,1,220.56,220.56,,4.9,0,0,無,2,21000,0
6f2834da-05f3-47d7-a4e5-e92500c377d9,新北市私立茁壯園板橋幼兒園,新北市私立茁壯園板橋幼兒園,新北市私立茁壯園板橋幼兒園,私立,板橋區,鄭廣權,,50,14333,2009/07/15,1,212.91,212.91,,4.26,0,0,無,1,60000,0
6f52e67b-f02d-498d-921e-0c3f0d20afeb,新北市立中和幼兒園秀山分班,新北市立中和幼兒園,新北市立中和幼兒園,公立,中和區,,,65,3706,1972/02/16,0,227.71,136.57,91.14,2.1,0,0,無,0,0,0
6f8baeb0-a053-4224-adfc-06b5ca808088,新北市私立通泉草幼兒園,新北市私立通泉草幼兒園,新北市私立通泉草幼兒園,私立,新店區,鄭婉琪,,55,17515,2006/04/21,1,477.45,185.32,292.13,3.37,0,1,無,0,0,0
6ffe76fa-780d-4da2-8819-ab204578ac0e,新北市汐止區崇德國民小學附設幼兒園,新北市汐止區崇德國民小學附設幼兒園,新北市汐止區崇德國民小學附設幼兒園,公立,汐止區,李顯鎮,,106,3728,1994/11/18,1,1359.0,900.0,459.0,8.49,0,0,無,0,0,0
701f2542-9ee7-4d75-9752-5e6c49f9897c,新北市私立政達幼兒園,新北市私立政達幼兒園,新北市私立政達幼兒園,私立,樹林區,郭又溱,,40,6666,2001/05/07,1,140.26,140.26,,3.51,0,0,無,0,0,0
70297042-e8d6-4c86-ad30-b9bc6681ea7e,新北市私立新惠幼幼兒園保安分班,新北市私立新惠幼幼兒園,新北市私立新惠幼幼兒園,私立,永和區,,,16,27300,2022/03/07,1,359.92,67.16,292.76,4.2,0,0,無,1,60000,0
7051510f-adcb-4102-8d9e-519c27e307a8,新北市私立勵輝幼兒園,新北市私立勵輝幼兒園,新北市私立勵輝幼兒園,私立,新莊區,張再發,,60,3750,2003/07/29,1,613.42,246.28,367.14,4.1,0,0,113-115,0,0,0
70658f6e-2849-40d1-a3ca-ec19419dac24,新北市私立文堡幼兒園,新北市私立文堡幼兒園,新北市私立文堡幼兒園,私立,板橋區,吳泰泉,,170,18181,1997/06/06,1,600.75,387.35,213.4,2.28,0,0,無,0,0,0
70793858-8907-4e8e-a9ef-44bb1119933e,財團法人台北市中華基督教青年會附設新北市私立板新幼兒園,財團法人台北市中華基督教青年會附設新北市私立板新幼兒園,財團法人台北市中華基督教青年會附設新北市私立板新幼兒園,私立,板橋區,黃文聰,,94,15667,2000/04/10,1,329.29,329.29,,3.5,0,0,無,0,0,0
70bf8bcd-486f-4c0f-9129-251ce89be091,新北市私立傑瑞兒童村幼兒園,新北市私立傑瑞兒童村幼兒園,新北市私立傑瑞兒童村幼兒園,私立,新莊區,楊秀珍,,150,13300,1997/07/04,1,528.49,439.83,88.66,2.93,0,0,無,4,138000,0
70c642c9-2bcb-4848-bdae-be336babcbe0,新北市私立文達幼兒園,新北市私立文達幼兒園,新北市私立文達幼兒園,私立,林口區,陳和順,,40,4500,1988/08/05,1,461.0,138.92,295.83,3.47,0,0,113-115,0,0,0
714c7934-98bc-4b1d-8286-e5d6127bad06,新北市五股區成州國民小學附設幼兒園,新北市五股區成州國民小學附設幼兒園,新北市五股區成州國民小學附設幼兒園,公立,五股區,利一奇,,76,3728,1996/09/24,1,890.0,650.0,240.0,8.55,0,0,無,1,60000,0
71748a8a-8b75-46f3-8e62-abc9431709dd,新北市私立何嘉仁昌隆幼兒園,新北市私立何嘉仁昌隆幼兒園,新北市私立何嘉仁昌隆幼兒園,私立,新莊區,黃俊賢,,135,15834,2008/02/22,0,,,,,0,0,無,2,186000,0
7196f653-1692-4cdc-9408-0ec0514cd563,新北市私立福音幼兒園,新北市私立福音幼兒園,新北市私立福音幼兒園,私立,板橋區,張復民,,60,11500,2004/08/27,1,294.84,233.33,,3.89,0,0,無,8,1068000,1
719d4452-278e-46fd-afd9-6dca48e6be06,新北市私立米亞藝術幼兒園,新北市私立米亞藝術幼兒園,新北市私立米亞藝術幼兒園,私立,土城區,洪碩亨,,30,5000,2003/07/14,1,126.72,126.72,,4.22,0,0,113-115,1,6000,0
71b5222c-7a41-420f-99a2-89d9dec189ba,新北市私立金幼聲幼兒園,新北市私立金幼聲幼兒園,新北市私立金幼聲幼兒園,私立,瑞芳區,宋素玉,,49,11367,2000/07/14,1,173.38,173.38,,3.54,0,0,無,4,138000,0
71c11a34-b991-4466-a9ff-e95d50682084,新北市私立華人幼兒園,新北市私立華人幼兒園,新北市私立華人幼兒園,私立,中和區,洪秋金,,60,4606,1986/06/02,1,306.0,151.24,154.76,2.52,0,0,114-115,0,0,0
721a03dc-2f6f-42ea-b46f-842e7bfb3551,新北市私立晨光幼兒園,新北市私立晨光幼兒園,新北市私立晨光幼兒園,私立,新莊區,陳泰儒,,120,14600,1982/12/28,1,418.0,206.0,212.0,1.72,0,0,無,4,102000,0
7222dcca-41c3-4200-82c0-d580829097af,新北市私立板橋大華幼兒園,新北市私立板橋大華幼兒園,新北市私立板橋大華幼兒園,私立,板橋區,范縵卿,,60,13333,1984/08/09,1,361.0,217.0,144.0,3.62,0,0,無,1,6000,0
723a2473-af95-4fca-921e-3b2622a04073,新北市私立日日安幼兒園,新北市私立日日安幼兒園,新北市私立日日安幼兒園,私立,蘆洲區,劉佳宜,,30,3750,2022/01/14,1,180.12,119.98,60.14,4.0,0,0,113-115,0,0,0
724fbbd5-486a-4c02-bf60-fd471dd7ae8e,國防部陸軍司令部前鋒員工子女非營利幼兒園（委託社團法人中華音樂舞蹈暨表演藝術教育協會辦理）,國防部陸軍司令部前鋒員工子女非營利幼兒園（委託社團法人中華音樂舞蹈暨表演藝術教育協會辦理）,國防部陸軍司令部前鋒員工子女非營利幼兒園,非營利,中和區,邱健凱,社團法人中華音樂舞蹈暨表演藝術教育協會,60,2000,2022/09/30,1,1107.93,225.1,882.83,3.75,0,0,無,2,12000,0
726841eb-f9af-465f-bb10-e0896a0c5d40,新北市立蘆洲國民中學附設幼兒園,新北市立蘆洲國民中學附設幼兒園,新北市立蘆洲國民中學附設幼兒園,公立,蘆洲區,薛秀玉,,286,3728,1999/08/09,1,2050.13,1391.6,658.53,4.87,0,0,無,0,0,0
73089b32-5cb3-48d6-b488-642f0059cab3,新北市私立陽光天使幼兒園,新北市私立陽光天使幼兒園,新北市私立陽光天使幼兒園,私立,新店區,羅秀麗,,195,4000,2013/02/05,1,1489.92,752.42,737.5,3.86,0,0,113-115,1,3000,0
7319d09d-87d3-4021-83cb-49d17cd3d0a8,新北市私立三民幼兒園,新北市私立三民幼兒園,新北市私立三民幼兒園,私立,新店區,管崇傑,,60,16500,1983/03/16,1,559.0,369.0,190.0,6.15,0,0,無,0,0,0
73764d5b-7e05-4a49-b0d6-36397d72fa43,新北市私立僑治亞幼兒園,新北市私立僑治亞幼兒園,新北市私立僑治亞幼兒園,私立,新莊區,張錦鈴,,60,15239,2000/05/06,1,525.5,239.5,286.0,3.99,0,0,無,2,66000,0
73a63aca-30b9-454c-b048-8e06d10ae917,新北市樹林區大同國民小學附設幼兒園,新北市樹林區大同國民小學附設幼兒園,新北市樹林區大同國民小學附設幼兒園,公立,樹林區,高烱琪,,212,3728,1994/01/31,1,1580.0,720.0,588.0,3.4,0,0,無,1,6000,0
73d3065a-ea2d-4edb-ad24-570557289b7a,新北市私立格林幼兒園,新北市私立格林幼兒園,新北市私立格林幼兒園,私立,中和區,呂幸容,,100,11101,1996/10/22,1,674.15,524.15,150.0,5.24,0,0,無,3,18000,0
73df977f-e339-4cc0-92ca-5f79ebd74f7b,新北市私立青樺幼兒園,新北市私立青樺幼兒園,新北市私立青樺幼兒園,私立,泰山區,蘇家儀,,60,12578,1983/03/28,1,369.0,167.93,174.82,2.8,0,0,無,1,6000,0
7428e9de-21be-44b3-b64f-1c2c7caa10a3,新北市私立山姆叔叔板橋幼兒園,新北市私立山姆叔叔板橋幼兒園,新北市私立山姆叔叔板橋幼兒園,私立,板橋區,陳錦富,,40,9533,2007/02/05,1,148.32,148.32,,3.71,0,0,無,7,156000,0
74412644-e1b9-4368-bc59-3015142aa2ae,新北市蘆洲區成功國民小學附設幼兒園,新北市蘆洲區成功國民小學附設幼兒園,新北市蘆洲區成功國民小學附設幼兒園,公立,蘆洲區,蔡建文,,106,3728,2000/10/17,1,,,,,0,0,無,0,0,0
74670790-1bf5-4d0e-aee3-12b41d4213ca,新北市私立嘉盛幼兒園,新北市私立嘉盛幼兒園,新北市私立嘉盛幼兒園,私立,板橋區,武榮財,,84,16355,2002/06/05,1,316.48,316.48,,3.77,0,0,無,3,62000,0
74bd1bbc-00c1-4c18-a7f0-ce9157995bde,新北市私立心象園幼兒園,新北市私立心象園幼兒園,新北市私立心象園幼兒園,私立,新店區,廖乾福,,30,4540,2000/01/18,1,105.0,77.67,27.23,2.59,0,0,113-115,0,0,0
74df6b44-a7ba-4318-aec8-0466a393fbc9,新北市私立惠文幼兒園,新北市私立惠文幼兒園,新北市私立惠文幼兒園,私立,三重區,劉惠文,,60,21704,1998/09/22,1,387.0,241.74,145.26,4.03,0,0,無,0,0,0
75332d54-be2b-4526-b8f5-664a89da1078,天億文教事業股份有限公司附設新北市私立皇家幼兒園,天億文教事業股份有限公司附設新北市私立皇家幼兒園,天億文教事業股份有限公司附設新北市私立皇家幼兒園,私立,新莊區,拾天億,,60,4600,1996/10/11,1,389.84,207.6,182.24,3.46,0,0,114-115,0,0,0
754d43de-94c2-4759-bd27-3b3267ded745,新北市私立古典幼兒園,新北市私立古典幼兒園,新北市私立古典幼兒園,私立,板橋區,林綠涓,,43,4125,2003/07/20,1,183.76,183.76,,4.27,0,0,113-115,0,0,0
756f0b61-e9d3-4670-9d2c-178092a7e70d,新北市私立幼華幼兒園,新北市私立幼華幼兒園,新北市私立幼華幼兒園,私立,板橋區,梁鈺慧,,39,13000,1983/04/01,1,136.87,136.87,,3.51,0,0,無,4,75000,0
758d054a-246d-494c-b004-aaf292b8967b,陽光森林文教股份有限公司臺北縣分公司附設新北市私立陽光小子幼兒園,陽光森林文教股份有限公司臺北縣分公司附設新北市私立陽光小子幼兒園,陽光森林文教股份有限公司臺北縣分公司附設新北市私立陽光小子幼兒園,私立,板橋區,呂麗華,,62,14050,2004/06/07,1,219.58,219.58,,3.54,0,0,無,6,93000,0
75c979e7-2b33-40ab-9538-a3cced0cde39,新北市新店區安坑國民小學附設幼兒園,新北市新店區安坑國民小學附設幼兒園,新北市新店區安坑國民小學附設幼兒園,公立,新店區,陳玉芳,,270,3998,1963/02/26,1,1875.49,1402.92,392.76,5.2,0,0,無,0,0,0
76a33422-0b58-405e-941b-c913e5fa9831,新北市私立嘉聲幼兒園,新北市私立嘉聲幼兒園,新北市私立嘉聲幼兒園,私立,林口區,張惠文,,121,27100,2021/10/12,1,822.88,576.78,246.1,4.77,0,0,無,1,60000,0
76dc701a-4c46-4ce6-a748-471686fe86b4,新北市私立艾力克幼兒園,新北市私立艾力克幼兒園,新北市私立艾力克幼兒園,私立,三重區,許國堂,,75,5000,2011/01/31,1,275.08,275.08,,3.67,0,0,113-115,2,66000,0
7702c144-31d2-40d8-8f15-85b4ecec61f5,新北市私立板橋天翔幼兒園,新北市私立板橋天翔幼兒園,新北市私立板橋天翔幼兒園,私立,板橋區,黃愛茱,,60,4575,1984/05/22,1,721.27,62.09,659.18,1.03,0,0,113-115,0,0,0
771f9416-0c15-4ab1-8898-dc5fdaea2d81,新北市私立康大幼兒園,新北市私立康大幼兒園,新北市私立康大幼兒園,私立,汐止區,林美莉,,70,13850,1999/07/02,1,296.03,246.34,,3.52,0,0,無,0,0,0
7743711e-466a-43aa-b46b-9e16b1816192,新北市私立康華幼兒園,新北市私立康華幼兒園,新北市私立康華幼兒園,私立,汐止區,沈玉盆,,92,4500,1996/01/30,1,323.78,323.78,,3.52,0,0,113-115,0,0,0
7782c6d2-9218-4420-b9fe-802b319061e2,新北市私立芯品幼兒園,新北市私立芯品幼兒園,新北市私立芯品幼兒園,私立,新店區,崔禮梅,,57,21850,2000/02/19,1,283.5,86.1,114.0,1.51,0,0,無,0,0,0
7809948e-1c15-4b6e-b347-5e827fa73ac7,新北市私立新七賢幼兒園,新北市私立新七賢幼兒園,新北市私立新七賢幼兒園,私立,永和區,周重穎,,80,14000,1975/03/17,1,387.25,169.58,217.67,2.12,0,0,無,0,0,0
781ef1a5-e52d-4fa5-a761-b74885ea25d2,新北市私立文心幼兒園,新北市私立文心幼兒園,新北市私立文心幼兒園,私立,蘆洲區,曾麗娟,,40,14495,1998/12/22,1,263.5,263.5,,6.59,0,0,無,1,15000,0
78b66292-425a-4c93-8542-75e9e5dec3b7,新北市私立夏恩雙響幼兒園,新北市私立夏恩雙響幼兒園,新北市私立夏恩雙響幼兒園,私立,板橋區,李光斌,,34,17639,2001/09/25,1,119.78,119.78,,3.52,0,0,無,0,0,0
790bf7aa-d77f-4a64-b3e9-70bcebb8f336,新北市私立愛森堡幼兒園,新北市私立愛森堡幼兒園,新北市私立愛森堡幼兒園,私立,板橋區,羅英弘,,75,4200,1974/08/06,1,365.1,360.99,,4.81,0,0,113-115,0,0,0
790ca435-d9fe-44dc-af25-924d582ee5c0,新北市私立新新幼兒園,新北市私立新新幼兒園,新北市私立新新幼兒園,私立,永和區,王庭儀,,80,17364,1980/02/01,1,363.91,195.8,168.11,2.45,0,0,無,0,0,0
7925b208-0c2c-42cb-8f59-b7ac7fba1a13,新北市私立童心圓幼兒園,新北市私立童心圓幼兒園,新北市私立童心圓幼兒園,私立,新店區,張秀敏,,45,3000,2002/03/28,1,180.67,180.67,,4.01,0,1,114-115,4,78000,0
792eb71e-c7cf-4b24-ad9b-98beceb1df83,新北市私立傑安幼兒園,新北市私立傑安幼兒園,新北市私立傑安幼兒園,私立,新莊區,林鴻芬,,30,3750,2011/01/25,1,137.01,137.01,,4.57,0,0,113-115,2,18000,0
796afbe2-f9d3-44f9-9c07-7f4ead099064,新北市私立優質幼兒園,新北市私立優質幼兒園,新北市私立優質幼兒園,私立,五股區,吳秀枝,,32,3750,2000/01/20,1,127.27,127.27,,3.98,0,0,113-115,0,0,0
79a05cd7-8a6d-438e-a7c7-c45209c515e6,新北市私立台大幼兒園,新北市私立台大幼兒園,新北市私立台大幼兒園,私立,板橋區,宋采珍,,60,4500,1985/03/08,1,501.16,312.96,188.2,5.22,0,0,113-115,0,0,0
79ef45d0-92bf-457c-8290-9bd33f81d8b6,新北市私立新邦仁幼兒園,新北市私立新邦仁幼兒園,新北市私立新邦仁幼兒園,私立,五股區,莊雪清,,56,9100,2010/08/09,1,250.21,197.4,,3.52,0,1,無,3,78000,0
7a045f7d-9fd9-4869-a3bf-e6f8d4d24e62,新北市新莊區丹鳳國民小學附設幼兒園,新北市新莊區丹鳳國民小學附設幼兒園,新北市新莊區丹鳳國民小學附設幼兒園,公立,新莊區,鄭旭泰,,180,3728,1994/09/21,1,1660.0,1120.0,540.0,6.22,0,0,無,0,0,0
7a6ad621-a452-40bc-a971-09b93f01ee6a,新北市私立青園幼兒園,新北市私立青園幼兒園,新北市私立青園幼兒園,私立,新莊區,陳茂正,,90,16877,2006/03/29,1,324.45,324.45,,3.6,0,0,無,1,6000,0
7ab6c0de-99d5-406b-9b84-857c685b34de,新北市私立恆育幼兒園,新北市私立恆育幼兒園,新北市私立恆育幼兒園,私立,三峽區,張梅林,,75,13906,1985/03/08,1,550.77,234.77,316.0,3.13,0,0,無,1,6000,0
7ae6df38-9d94-4821-9dac-c8b23da5a25a,財團法人天主教會台北教區附設新北市私立母心幼兒園,財團法人天主教會台北教區附設新北市私立母心幼兒園,財團法人天主教會台北教區附設新北市私立母心幼兒園,私立,三重區,鍾安住,,180,10773,1967/08/28,1,461.16,273.82,187.34,1.52,0,0,無,3,72000,0
7b334513-3cdd-4019-82b9-d4d92963eaf8,品哲文化股份有限公司附設新北市私立英群幼兒園,品哲文化股份有限公司附設新北市私立英群幼兒園,品哲文化股份有限公司附設新北市私立英群幼兒園,私立,三重區,沈玉屏,,270,22115,2024/07/12,1,1235.45,962.88,272.57,3.57,0,0,無,0,0,0
7b539675-8fe9-4f05-942f-92c9627fbc2a,新北市私立艾法薇爾幼兒園,新北市私立艾法薇爾幼兒園,新北市私立艾法薇爾幼兒園,私立,板橋區,俞佩樺,,218,16000,2001/01/18,1,1502.695,910.19,,4.18,0,0,無,5,144000,0
7c003cfb-93bc-442c-8b7f-2b9a3db63b8d,新北市瑞芳區義方國民小學附設幼兒園,新北市瑞芳區義方國民小學附設幼兒園,新北市瑞芳區義方國民小學附設幼兒園,公立,瑞芳區,羅智殷,,30,3728,2000/07/24,1,399.0,178.0,221.0,5.93,0,0,無,0,0,0
7c6dd548-d71f-4818-8a91-f7a641f783d7,新北市私立喬安幼兒園.,新北市私立喬安幼兒園.,新北市私立喬安幼兒園.,私立,新店區,王邑媗,,60,,1985/07/25,0,254.88,219.72,35.16,3.66,0,0,無,0,0,0
7c855dcc-b8a9-4646-83c1-e7cfa303bd20,新北市私立安和幼兒園,新北市私立安和幼兒園,新北市私立安和幼兒園,私立,土城區,李玉芬,,37,5200,2003/12/26,1,161.52,161.52,,4.37,0,0,115-115,2,15000,0
7cc0771a-080a-4d41-86b6-1c626349e844,新北市立福和國民中學附設幼兒園,新北市立福和國民中學附設幼兒園,新北市立福和國民中學附設幼兒園,公立,永和區,陳君武,,60,3728,1999/09/07,1,660.0,300.0,360.0,5.0,0,0,無,0,0,0
7d3ab1f7-6454-46cd-9aa0-9636d9273696,新北市私立和平幼兒園,新北市私立和平幼兒園,新北市私立和平幼兒園,私立,板橋區,薛艷珠,,180,17850,1981/01/20,1,648.51,216.78,431.73,1.2,0,0,無,3,69000,0
7d72d332-351e-4342-9050-09672d9f599d,新北市新月非營利幼兒園(委託財團法人彭婉如文教基金會辦理),新北市新月非營利幼兒園(委託財團法人彭婉如文教基金會辦理),新北市新月非營利幼兒園,非營利,板橋區,郭淑雅,財團法人彭婉如文教基金會,484,2000,2018/07/20,1,5412.4,4170.5,1241.9,8.62,0,0,無,1,6000,0
7d806d65-d9b2-454e-8776-2dc61bc39750,新北市私立景平幼兒園,新北市私立景平幼兒園,新北市私立景平幼兒園,私立,中和區,黃振銘,,60,3375,1985/07/24,1,322.07,157.36,164.71,2.62,0,0,113-115,0,0,0
7d8efc23-4d4f-4c86-acd8-8cc579875679,新北市私立吉德幼兒園,新北市私立吉德幼兒園,新北市私立吉德幼兒園,私立,三重區,林雅玲,,70,15802,1999/12/09,1,250.37,250.37,,3.58,0,0,無,1,9000,0
7db0512b-9b5e-4de3-8896-0dec4a7e4761,新北市五股區德音國民小學附設幼兒園,新北市五股區德音國民小學附設幼兒園,新北市五股區德音國民小學附設幼兒園,公立,五股區,李財福,,60,3728,2000/09/15,1,495.0,315.0,180.0,5.25,0,0,無,0,0,0
7dd10969-9eca-470c-b6e4-25f205cf1791,新北市私立益智幼兒園,新北市私立益智幼兒園,新北市私立益智幼兒園,私立,三重區,徐紅珍,,59,7000,2004/12/24,1,208.97,208.97,,3.54,0,0,無,0,0,0
7e4091bb-f0ee-4a6a-80f5-3c14da4077b9,新北市私立森林幼兒園,新北市私立森林幼兒園,新北市私立森林幼兒園,私立,土城區,劉秋美,,35,7967,2003/07/14,1,124.54,124.54,,3.56,0,0,無,1,9000,0
7e6126eb-0622-4c32-9e7c-52564930b49f,新北市私立幼暉幼兒園,新北市私立幼暉幼兒園,新北市私立幼暉幼兒園,私立,板橋區,林昆恭,,46,10000,1985/01/17,1,162.98,86.28,76.7,1.88,0,0,無,0,0,0
7e99f2fc-51cc-4a33-8c0f-9d3218ae283e,新北市私立榕榕園幼兒園,新北市私立榕榕園幼兒園,新北市私立榕榕園幼兒園,私立,蘆洲區,林筱意,,20,10200,2002/11/11,1,127.6,87.46,40.14,4.37,0,0,無,6,205000,0
7ea53564-9e3d-4426-80a4-55b55bd743e1,新北市新店區直潭國民小學附設幼兒園,新北市新店區直潭國民小學附設幼兒園,新北市新店區直潭國民小學附設幼兒園,公立,新店區,劉世和,,30,3728,2000/09/19,1,297.5,207.5,90.0,6.92,0,0,無,0,0,0
7ec27714-ca0b-4bec-bac0-7bb7ea0a2d22,新北市私立彤恩幼兒園,新北市私立彤恩幼兒園,新北市私立彤恩幼兒園,私立,土城區,柯學璵,,42,12000,2011/09/14,1,212.91,185.42,,4.41,0,0,無,2,66000,0
7edc91b8-0641-46a8-bdca-55b6227c4bdc,新北市私立維尼芽幼兒園,新北市私立維尼芽幼兒園,新北市私立維尼芽幼兒園,私立,新莊區,翟盛華,,58,5000,2008/10/08,1,241.95,203.93,,3.52,0,0,115-115,3,126000,0
7ef13d36-3b25-4567-9afe-a26320a10eed,新北市私立漂亮寶貝幼兒園,新北市私立漂亮寶貝幼兒園,新北市私立漂亮寶貝幼兒園,私立,板橋區,許雅惠,,77,16567,2002/01/22,1,274.61,274.61,,3.57,0,0,無,4,78000,0
7f008a17-cf7f-4d48-9810-14d53d43bccf,新北市貢寮區福隆國民小學附設幼兒園,新北市貢寮區福隆國民小學附設幼兒園,新北市貢寮區福隆國民小學附設幼兒園,公立,貢寮區,鍾敏龍,,30,3717,1998/09/01,1,251.0,151.0,100.0,5.03,0,0,無,0,0,0
7f50368b-06f5-45d7-bc79-8970cb8496e2,新北市立溪崑國民中學附設幼兒園,新北市立溪崑國民中學附設幼兒園,新北市立溪崑國民中學附設幼兒園,公立,板橋區,徐淑敏,,136,3728,1999/08/30,1,1250.0,932.0,318.0,6.85,0,0,無,0,0,0
7fa290c1-dd31-492b-a2db-e76477d3c802,新北市私立征洋幼兒園,新北市私立征洋幼兒園,新北市私立征洋幼兒園,私立,土城區,黃慧瓊,,80,4500,1985/10/04,1,336.98,170.0,166.98,2.12,0,0,113-115,1,6000,0
7fc87612-1a5d-443c-b6b4-2415e8638795,新北市私立萊恩得幼兒園,新北市私立萊恩得幼兒園,新北市私立萊恩得幼兒園,私立,淡水區,張書語,,65,4500,2006/04/27,1,357.29,357.29,,5.5,0,0,113-115,2,66000,0
8018ff80-cd38-4e2b-86c0-90297b81f52e,新北市私立啟育藝術幼兒園,新北市私立啟育藝術幼兒園,新北市私立啟育藝術幼兒園,私立,三峽區,李韋德,,384,2000,2003/01/28,1,1677.98,1677.98,,4.37,0,1,114-115,0,0,0
805799c2-8be8-466d-a454-581b3d892afc,財團法人天主教會台北教區附設新北市私立聖言幼兒園,財團法人天主教會台北教區附設新北市私立聖言幼兒園,財團法人天主教會台北教區附設新北市私立聖言幼兒園,私立,樹林區,鍾安住,,195,12000,2015/08/24,1,1298.32,644.76,450.99,3.31,0,0,無,0,0,0
80f53df3-89c9-4966-b901-4678f91b35fe,新北市文中非營利幼兒園(委託財團法人三之三生命教育基金會辦理),新北市文中非營利幼兒園(委託財團法人三之三生命教育基金會辦理),新北市文中非營利幼兒園,非營利,新店區,吳文宗,財團法人三之三生命教育基金會,106,2000,2022/09/16,1,1048.0,642.0,406.0,6.06,0,0,無,2,90000,0
811f0046-2ae4-438d-bc8a-291fc9e98485,新北市淡水區天生國民小學附設幼兒園,新北市淡水區天生國民小學附設幼兒園,新北市淡水區天生國民小學附設幼兒園,公立,淡水區,陳月華,,76,3728,1999/08/30,1,762.0,414.0,348.0,5.45,0,0,無,0,0,0
8130099f-1615-4cb5-b948-cf1995cc8730,新北市立樹林幼兒園圳安分班,新北市立樹林幼兒園,新北市立樹林幼兒園,公立,樹林區,,,30,3706,1980/01/01,1,257.81,257.81,,8.59,0,0,無,0,0,0
813cf136-6759-4528-afc6-bbac6a57636f,新北市立泰山幼兒園明志分班,新北市立泰山幼兒園,新北市立泰山幼兒園,公立,泰山區,,,57,3706,1975/01/01,1,289.94,259.94,30.0,4.56,0,0,無,0,0,0
8163bf08-3dd1-4788-b10c-f2427daa8860,新北市私立雅立福幼兒園,新北市私立雅立福幼兒園,新北市私立雅立福幼兒園,私立,樹林區,林郁庭,,57,8418,2000/04/07,1,250.9,144.01,106.89,2.53,0,0,無,3,72000,0
818ed658-8295-4b49-a727-ce5e3d4e623e,新北市私立溫特爾幼兒園,新北市私立溫特爾幼兒園,新北市私立溫特爾幼兒園,私立,三峽區,張進偉,,495,14825,2012/03/03,1,2745.56,783.22,1962.34,1.58,0,1,無,0,0,0
81dc71b4-2059-42fc-93b4-5a350a78286d,新北市佳家非營利幼兒園(委託財團法人享翔葉克膜教育基金會辦理),新北市佳家非營利幼兒園(委託財團法人享翔葉克膜教育基金會辦理),新北市佳家非營利幼兒園,非營利,三峽區,陳益川,財團法人享翔葉克膜教育基金會,90,2000,2026/07/23,1,,,,,0,0,無,0,0,0
82171ef0-86b6-4c61-bef8-d6f4079bd78d,新北市私立土城育全幼兒園,新北市私立土城育全幼兒園,新北市私立土城育全幼兒園,私立,土城區,蕭惠燕,,349,14514,1997/04/09,1,1425.0,397.0,1028.0,1.14,0,0,無,9,530000,0
82394a26-2933-4adb-9f32-97f6000060f9,新北市立土城幼兒園,新北市立土城幼兒園,新北市立土城幼兒園,公立,土城區,李淑萍,,180,3706,1970/01/01,1,1805.25,1805.25,,10.03,0,0,無,0,0,0
8255a4db-d5b0-4875-8057-87587203d0c1,新北市私立安康幼兒園,新北市私立安康幼兒園,新北市私立安康幼兒園,私立,新店區,劉月仙,,121,4606,1999/12/17,1,1219.48,1008.72,210.76,8.34,0,0,115-115,4,186000,0
82738d3e-6fc2-4c0a-a6b2-080508be769f,新北市淡水區文化國民小學附設幼兒園,新北市淡水區文化國民小學附設幼兒園,新北市淡水區文化國民小學附設幼兒園,公立,淡水區,蔣承志,,106,3728,1998/09/09,1,720.38,450.38,270.0,4.25,0,0,無,0,0,0
827c5813-1b6b-4ba6-8a8c-f398e091e0cb,新北市永和區永和國民小學附設幼兒園,新北市永和區永和國民小學附設幼兒園,新北市永和區永和國民小學附設幼兒園,公立,永和區,莊朝欽,,226,3728,1993/10/22,1,1223.0,635.7,587.3,2.81,0,0,無,4,152000,0
827dedcf-299d-4a83-a08c-f6623cd84f59,新北市立新莊幼兒園三合分班,新北市立新莊幼兒園,新北市立新莊幼兒園,公立,新莊區,,,34,3706,1971/03/10,1,228.65,228.65,,6.73,0,0,無,0,0,0
82fb7ba0-f833-44c2-96b6-e7030824af30,新北市私立嘉慶幼兒園,新北市私立嘉慶幼兒園,新北市私立嘉慶幼兒園,私立,新店區,許婉亭,,110,18046,2002/12/20,1,385.11,385.11,,3.5,0,0,無,3,15000,0
832e9999-ae48-400d-a39e-276d657dea61,新北市私立佳恩幼兒園,新北市私立佳恩幼兒園,新北市私立佳恩幼兒園,私立,新店區,劉立黛,,60,4500,1982/04/10,1,171.8,171.8,,2.86,0,0,113-115,0,0,0
832f17b4-5007-4f13-9443-6847547e0d90,新北市私立聖母幼兒園,新北市私立聖母幼兒園,新北市私立聖母幼兒園,私立,三峽區,毛淑媛,,60,13290,1974/11/05,1,1588.8,236.8,1352.0,3.95,0,0,無,0,0,0
83389027-a400-4152-bca6-f3d2b928e1e4,新北市私立蘆洲來來幼兒園,新北市私立蘆洲來來幼兒園,新北市私立蘆洲來來幼兒園,私立,蘆洲區,翁豐榮,,200,14893,1990/10/08,1,2271.0,1296.0,975.0,6.48,0,0,無,5,171000,0
83cd8ff0-1463-496d-be98-7573ca4ce370,新北市私立夏綠蒂幼兒園,新北市私立夏綠蒂幼兒園,新北市私立夏綠蒂幼兒園,私立,三重區,葉奕舉,,138,14867,2001/03/09,1,484.82,322.02,162.8,2.33,0,0,無,1,6000,0
840fb2c1-e993-4db8-85d5-b3f64ede1912,新北市私立康大創藝幼兒園,新北市私立康大創藝幼兒園,新北市私立康大創藝幼兒園,私立,汐止區,林美莉,,117,16067,2019/12/06,1,1394.52,531.97,862.55,4.55,0,0,無,0,0,0
8460fc75-3623-4777-8a71-4d1f0e406e8d,新北市私立普林斯頓幼兒園,新北市私立普林斯頓幼兒園,新北市私立普林斯頓幼兒園,私立,中和區,蔡惠英,,58,4500,2000/11/27,1,254.75,254.75,,4.39,0,0,113-115,0,0,0
849d672b-2842-4761-b184-59fea37b8fa2,新北市永和區網溪國民小學附設幼兒園,新北市永和區網溪國民小學附設幼兒園,新北市永和區網溪國民小學附設幼兒園,公立,永和區,李明杰,,136,3728,1993/07/21,1,1530.5,946.69,583.76,6.96,0,0,無,0,0,0
84cccc5d-15cd-478b-8f4e-13715ffa9b7c,新北市立中和幼兒園飛駝分班,新北市立中和幼兒園,新北市立中和幼兒園,公立,中和區,,,48,3706,1975/02/16,1,212.53,120.53,92.0,2.51,0,0,無,0,0,0
84dec3bc-a585-4f77-98de-a1f74ed3b18d,新北市私立強森園幼兒園,新北市私立強森園幼兒園,新北市私立強森園幼兒園,私立,三重區,黃填津,,38,3750,2000/04/24,1,250.0,230.0,20.0,6.05,0,0,113-115,0,0,0
8549f509-2db5-4fd0-bf58-03fa4afdb67b,新北市私立遠東幼兒園,新北市私立遠東幼兒園,新北市私立遠東幼兒園,私立,板橋區,黎偉程,,37,4000,1979/12/01,1,138.9,118.04,20.86,3.19,0,0,113-115,0,0,0
85795761-6d05-4d62-aba2-e5c495aec105,嘉聲文教事業股份有限公司附設新北市私立佳呈幼兒園,嘉聲文教事業股份有限公司附設新北市私立佳呈幼兒園,嘉聲文教事業股份有限公司附設新北市私立佳呈幼兒園,私立,林口區,顏正錡,,104,27217,2020/06/11,1,685.94,529.48,156.46,5.09,0,0,無,0,0,0
857c4368-1eb0-452e-8aaf-1393accc7ee0,新北市私立普薪幼兒園,新北市私立普薪幼兒園,新北市私立普薪幼兒園,私立,蘆洲區,黃麗鈴,,54,14839,1996/06/19,1,459.41,459.41,,8.51,0,0,無,4,48000,0
85c9f44c-0347-4396-a9fc-223e1aef47f6,新北市私立弘恩幼兒園,新北市私立弘恩幼兒園,新北市私立弘恩幼兒園,私立,中和區,梁蘭萍,,36,7600,2004/11/04,1,129.18,129.18,,3.59,0,0,無,4,78000,0
85e094d3-4ea5-49a2-bddd-81e2cfc24d79,財團法人天主教會台北教區附設新北市私立三芝幼兒園,財團法人天主教會台北教區附設新北市私立三芝幼兒園,財團法人天主教會台北教區附設新北市私立三芝幼兒園,私立,三芝區,鍾安住,,180,3750,1983/04/30,1,3294.88,1545.66,1749.22,8.59,0,1,113-115,0,0,0
8615d6e6-85fc-462f-85e9-1b748e955cfc,新北市私立愛妮爾國際幼兒園,新北市私立愛妮爾國際幼兒園,新北市私立愛妮爾國際幼兒園,私立,土城區,柯學璵,,126,12783,2013/12/12,1,954.3,505.95,448.35,4.02,0,0,無,0,0,0
862cc998-efb8-41c7-a119-97fee0c76edc,新北市私立格登幼兒園,新北市私立格登幼兒園,新北市私立格登幼兒園,私立,新莊區,江保樺,,122,4500,2000/09/25,1,429.501,429.501,,3.52,0,0,113-115,5,114000,0
863bef3e-0edd-43a0-98f6-6d331bfe3209,新北市私立吉恩幼兒園,新北市私立吉恩幼兒園,新北市私立吉恩幼兒園,私立,土城區,劉蒨如,,69,9743,2010/04/15,1,402.74,244.78,,3.55,0,0,無,2,15000,0
864db84f-ddfc-4a36-9b47-61ef471b1214,新北市私立心辰幼兒園,新北市私立心辰幼兒園,新北市私立心辰幼兒園,私立,林口區,黃慧珠,,38,21330,2020/06/24,1,297.01,135.33,161.68,3.56,0,0,無,1,3000,0
869a115c-a3de-4044-b949-60e1acf9eae3,新北市八里區大崁國民小學附設幼兒園,新北市八里區大崁國民小學附設幼兒園,新北市八里區大崁國民小學附設幼兒園,公立,八里區,張麗秋,,136,3728,2000/10/02,1,1532.0,920.0,476.0,6.76,0,0,無,0,0,0
86b871c0-bf3f-45f7-905b-9f395b8f0067,新北市政府新北捷運員工子女非營利幼兒園(委託康寧學校財團法人康寧大學辦理),新北市政府新北捷運員工子女非營利幼兒園(委託康寧學校財團法人康寧大學辦理),新北市政府新北捷運員工子女非營利幼兒園,非營利,新店區,陳清溪,康寧學校財團法人康寧大學,150,2000,2025/07/16,1,1669.62,1218.62,451.0,8.12,0,0,無,0,0,0
86bbb86c-b24e-43a3-b4e6-ef09671cdfd6,新北市私立華菂幼兒園,新北市私立華菂幼兒園,新北市私立華菂幼兒園,私立,泰山區,張進毅,,309,12965,1995/09/25,1,769.47,456.71,312.76,1.48,0,0,無,0,0,0
86d7e17f-6108-4930-b06e-25cdf20fb901,新北市立忠山實驗小學附設幼兒園,新北市立忠山實驗小學附設幼兒園,新北市立忠山實驗小學附設幼兒園,公立,淡水區,彭增龍,,30,3728,1999/08/01,1,238.0,148.0,90.0,4.93,0,0,無,0,0,0
86e5fab6-1d52-47c9-ac83-813293d5447a,新北市私立童話村幼兒園,新北市私立童話村幼兒園,新北市私立童話村幼兒園,私立,三峽區,林宇晨,,44,4500,2011/09/01,1,197.03,197.03,,4.48,0,0,113-115,0,0,0
86ebbd61-434f-4835-8af6-38c171744d79,新北市私立底格里思幼兒園,新北市私立底格里思幼兒園,新北市私立底格里思幼兒園,私立,中和區,廖偉尊,,139,19582,2002/08/26,1,603.89,603.89,,4.34,0,0,無,0,0,0
87032329-dd8e-4e07-95ee-dafe5968e041,新北市私立三元幼兒園,新北市私立三元幼兒園,新北市私立三元幼兒園,私立,板橋區,蔡翠芳,,69,4500,2002/12/25,1,313.47,244.16,,3.54,0,0,114-115,0,0,0
87221d1d-627a-4338-a685-e60bc7af9fa4,新北市立蘆洲幼兒園,新北市立蘆洲幼兒園,新北市立蘆洲幼兒園,公立,蘆洲區,余美容,,150,3706,2005/08/19,1,1021.72,1021.72,,6.81,0,0,無,0,0,0
8731db07-330b-449b-bb0f-ed6c3f040101,新北市私立智盛幼兒園,新北市私立智盛幼兒園,新北市私立智盛幼兒園,私立,林口區,楊雅如,,104,16193,2011/04/13,0,403.2,403.2,,3.88,0,1,無,23,1425000,4
87327405-ef1e-4422-9154-d84a780dc1f2,新北市瑞芳區瑞芳國民小學附設幼兒園,新北市瑞芳區瑞芳國民小學附設幼兒園,新北市瑞芳區瑞芳國民小學附設幼兒園,公立,瑞芳區,鄭益堯,,120,3728,1989/08/01,1,1132.5,612.0,368.0,5.1,0,0,無,0,0,0
87394a30-4964-40e8-b99b-0eb41fdefc18,新北市私立超群幼兒園,新北市私立超群幼兒園,新北市私立超群幼兒園,私立,汐止區,方秋菊,,60,14050,1986/04/03,1,290.0,164.0,126.0,2.73,0,0,無,0,0,0
87499978-d658-43c5-ba24-987192d12507,新北市私立童圓幼兒園,新北市私立童圓幼兒園,新北市私立童圓幼兒園,私立,汐止區,曾琡惠,,46,3750,1999/04/19,1,227.08,161.61,,3.51,0,0,113-115,1,6000,0
87ac6735-28c9-4597-930b-e7d45674c802,新北市私立慷乃兒幼兒園,新北市私立慷乃兒幼兒園,新北市私立慷乃兒幼兒園,私立,新莊區,陳科名,,75,16877,1995/09/23,1,,,,,0,0,無,0,0,0
884712c9-f9ac-472b-8f29-95b2164738cb,新北市私立辰修幼兒園,新北市私立辰修幼兒園,新北市私立辰修幼兒園,私立,中和區,高立華,,34,4125,1980/01/01,1,149.69,149.69,,4.4,0,0,113-115,2,21000,0
88715302-1745-44ec-9d35-afcf5ece835e,新北市私立曼哈頓幼兒園,新北市私立曼哈頓幼兒園,新北市私立曼哈頓幼兒園,私立,汐止區,國世爽,,300,3750,1998/08/25,1,1966.25,1151.82,776.8,3.84,0,1,113-115,1,3000,0
88ba0d01-b13f-4f4e-86b1-c1a5bdb74de6,新北市私立巧可麗雙和幼兒園,新北市私立巧可麗雙和幼兒園,新北市私立巧可麗雙和幼兒園,私立,永和區,林晏仲,,62,17858,2003/07/18,1,295.17,295.17,,4.76,0,0,無,0,0,0
88df5fa9-1c12-4291-8afc-25f74cfc64f8,新北市私立金城幼兒園,新北市私立金城幼兒園,新北市私立金城幼兒園,私立,土城區,王美惠,,240,4660,2000/12/11,1,888.12,888.12,,3.7,0,0,115-115,0,0,0
88ecdc9b-a873-4014-9d33-e7dd4e32a59e,財團法人中華民國佛教慈濟慈善事業基金會附設新北市私立臺北大愛幼兒園,財團法人中華民國佛教慈濟慈善事業基金會附設新北市私立臺北大愛幼兒園,財團法人中華民國佛教慈濟慈善事業基金會附設新北市私立臺北大愛幼兒園,私立,新店區,釋證嚴,,106,12500,2016/09/05,1,1193.26,960.45,232.81,9.06,0,0,無,0,0,0
8900bdee-b258-46f5-81f9-cc6c9925eb78,新北市私立新中幼兒園,新北市私立新中幼兒園,新北市私立新中幼兒園,私立,新店區,吳宏哲,,170,19783,2004/05/12,1,595.48,595.48,,3.5,0,0,無,1,6000,0
891fa4c5-bc43-4465-a393-f50a37593be1,新北市永和區頂溪國民小學附設幼兒園,新北市永和區頂溪國民小學附設幼兒園,新北市永和區頂溪國民小學附設幼兒園,公立,永和區,方文誼,,180,3728,1993/10/22,1,1792.0,967.0,825.0,5.37,0,0,無,0,0,0
893e426e-bf9a-4414-a344-f959dc7e2fdd,新北市私立康園幼兒園,新北市私立康園幼兒園,新北市私立康園幼兒園,私立,板橋區,莊璧如,,58,14940,2001/01/18,1,203.78,203.78,,3.51,0,0,無,0,0,0
89422f67-8b2c-4af9-adca-69fe4f6a3f69,新北市石門區老梅國民小學附設幼兒園,新北市石門區老梅國民小學附設幼兒園,新北市石門區老梅國民小學附設幼兒園,公立,石門區,涂志賢,,30,3728,1985/12/27,0,620.0,120.0,500.0,4.0,0,0,無,0,0,0
895ba81e-791e-4cc8-b4c9-25b7428eceec,新北市私立發現小熊森林幼兒園,新北市私立發現小熊森林幼兒園,新北市私立發現小熊森林幼兒園,私立,板橋區,周大鎮,,29,21460,2005/04/19,1,115.87,102.74,,3.54,0,0,無,0,0,0
896210ed-3171-4980-b2f3-962ffa15b6e1,新北市私立星星幼兒園,新北市私立星星幼兒園,新北市私立星星幼兒園,私立,瑞芳區,方建文,,91,4125,1985/07/01,1,668.96,274.49,394.47,3.02,0,0,113-115,4,102000,0
899d7cca-7d38-460a-a27b-69e58ad61d74,新北市私立日恩幼兒園,新北市私立日恩幼兒園,新北市私立日恩幼兒園,私立,土城區,吳愛華,,55,14817,2000/03/03,1,236.5,236.5,,4.3,0,0,無,0,0,0
899fd63e-9ae3-446e-aefc-aa452609aec0,新北市立板橋幼兒園和平分班,新北市立板橋幼兒園,新北市立板橋幼兒園,公立,板橋區,,,93,3706,1993/08/01,1,497.55,326.7,,3.51,0,0,無,0,0,0
89def7f5-8972-4056-ab86-2bce5b5e6a3c,新北市私立新二重幼兒園,新北市私立新二重幼兒園,新北市私立新二重幼兒園,私立,三重區,金瑃美,,29,4125,2014/02/21,1,119.85,119.85,,4.13,0,0,113-115,1,6000,0
8ae6976c-37c4-47cb-9c56-8d1cdec82fa1,新北市私立及幼幼兒園,新北市私立及幼幼兒園,新北市私立及幼幼兒園,私立,泰山區,鄭守芳,,59,9333,1974/08/22,1,208.86,208.86,,3.54,0,0,無,0,0,0
8b143010-7879-4756-b57b-fb8a1012e89f,新北市私立好好幼兒園,新北市私立好好幼兒園,新北市私立好好幼兒園,私立,新店區,張沛縈,,54,11833,2001/01/20,1,235.27,235.27,,4.36,0,0,無,1,6000,0
8b394672-9045-4408-bc7e-7b8f918f0dea,新北市私立傳動幼兒園,新北市私立傳動幼兒園,新北市私立傳動幼兒園,私立,永和區,洪秋香,,30,9833,2004/03/09,1,106.8,106.8,,3.56,0,0,無,8,57000,0
8bd1767f-f40f-4d5c-83a1-ba0647c9d541,新北市私立北極星幼兒園,新北市私立北極星幼兒園,新北市私立北極星幼兒園,私立,土城區,王舜慶,,43,12800,2004/07/05,1,217.67,153.03,,3.56,0,0,無,2,12000,0
8c45852f-0b40-4341-8cc9-1390da4876d6,新北市私立鼎群幼兒園,新北市私立鼎群幼兒園,新北市私立鼎群幼兒園,私立,三重區,郭美惠,,29,13650,2007/07/02,1,104.5,104.5,,3.6,0,0,無,6,275000,0
8c663438-ae6b-4e57-bf70-1a28962ab285,新北市私立福祿貝爾幼兒園,新北市私立福祿貝爾幼兒園,新北市私立福祿貝爾幼兒園,私立,林口區,鄭妍卉,,180,16851,2014/07/30,1,1979.29,1360.86,618.43,7.56,0,0,無,2,12000,0
8c9f81b6-9984-41b7-9430-5121ba2c0fd0,新北市私立大鵬鳥幼兒園,新北市私立大鵬鳥幼兒園,新北市私立大鵬鳥幼兒園,私立,新莊區,陳佳敏,,58,13414,1998/04/21,1,339.746,339.746,,5.86,0,0,無,0,0,0
8cc440cb-a560-4a73-a61f-3877509200aa,新北市立瑞芳國民中學附設幼兒園,新北市立瑞芳國民中學附設幼兒園,新北市立瑞芳國民中學附設幼兒園,公立,瑞芳區,許憶雯,,60,3728,2000/07/19,1,660.0,300.0,360.0,5.0,0,0,無,0,0,0
8d062a0a-1381-4c0e-a8a6-544ce1efb934,新北市坪林區坪林國民小學附設幼兒園,新北市坪林區坪林國民小學附設幼兒園,新北市坪林區坪林國民小學附設幼兒園,公立,坪林區,王佩君,,60,3728,1985/12/27,1,730.0,340.13,389.87,5.67,0,0,無,0,0,0
8d5f9c27-6348-40b4-8062-6c2ddcbe27d4,新北市立坪林實驗國民中學附設幼兒園,新北市立坪林實驗國民中學附設幼兒園,新北市立坪林實驗國民中學附設幼兒園,公立,坪林區,歐志華,,36,3728,2021/08/01,1,269.31,161.31,108.0,4.48,0,0,無,0,0,0
8d9f6d02-a023-4b7a-8c2f-6f29fc437f09,新北市金山區金美國民小學附設幼兒園,新北市金山區金美國民小學附設幼兒園,新北市金山區金美國民小學附設幼兒園,公立,金山區,陳癸伶,,76,3728,1999/09/02,1,1981.0,658.0,1323.0,8.66,0,0,無,0,0,0
8dad8c8c-b455-428a-910e-29deb8e3f51d,新北市汐止區長安國民小學附設幼兒園,新北市汐止區長安國民小學附設幼兒園,新北市汐止區長安國民小學附設幼兒園,公立,汐止區,許聰顯,,136,3728,2014/08/01,1,1572.02,871.02,701.0,6.4,0,0,無,0,0,0
8ddba3fa-d297-4f27-83da-656f04edd12c,新北市私立中華兒童幼兒園,新北市私立中華兒童幼兒園,新北市私立中華兒童幼兒園,私立,蘆洲區,張培安,,42,4500,2000/10/03,1,148.5,148.5,,3.54,0,0,113-115,2,56000,0
8e155d23-5aee-4302-88d8-072bfcae1bdd,新北市私立新天地國際蒙特梭利幼兒園,新北市私立新天地國際蒙特梭利幼兒園,新北市私立新天地國際蒙特梭利幼兒園,私立,中和區,許瑜娟,,56,15306,2000/05/16,1,223.66,223.66,,3.99,0,0,無,3,126000,0
8e1ab98c-5485-4b38-a606-066690944fde,新北市私立蘆幼幼兒園,新北市私立蘆幼幼兒園,新北市私立蘆幼幼兒園,私立,蘆洲區,許國堂,,66,4500,1999/07/17,1,231.74,231.74,,3.51,0,0,113-115,1,6000,0
8e299ebb-2d64-43b9-a2df-0b998ad348da,新北市私立慈德幼兒園,新北市私立慈德幼兒園,新北市私立慈德幼兒園,私立,中和區,陳喬靖,,180,3750,2020/07/16,1,1128.49,815.56,312.93,4.53,0,0,113-115,1,6000,0
8e3b7107-dcaa-4e1e-a693-ea255607f93c,新北市私立佳宜幼兒園,新北市私立佳宜幼兒園,新北市私立佳宜幼兒園,私立,三峽區,朱慧芬,,210,18667,2022/06/29,1,1540.12,956.65,583.47,4.56,0,0,無,5,84000,0
8f4dc715-c261-4045-a15b-45929598a107,新北市私立永錡板橋幼兒園,新北市私立永錡板橋幼兒園,新北市私立永錡板橋幼兒園,私立,板橋區,許耀堂,,135,14300,2000/08/07,1,559.44,559.44,,4.14,0,0,無,3,126000,0
8f7e2dd8-739b-4e56-959b-41bdf53682ef,新北市板橋區國光國民小學附設幼兒園,新北市板橋區國光國民小學附設幼兒園,新北市板橋區國光國民小學附設幼兒園,公立,板橋區,梁榮仁,,210,3728,1993/07/21,1,3948.24,1486.24,2462.0,7.08,0,0,無,1,6000,0
8fa733e9-7d77-4e2c-90aa-8c564d34211e,台電公司林口發電廠職場互助教保服務中心(委託社團法人台灣公共托育協會辦理),台電公司林口發電廠職場互助教保服務中心(委託社團法人台灣公共托育協會辦理),台電公司林口發電廠職場互助教保服務中心,私立,林口區,呂佳旻,社團法人台灣公共托育協會,40,2000,2022/08/11,1,175.53,175.53,,4.39,0,0,無,0,0,0
8fc15b27-cc27-4dd7-8cab-9b31bc37ae8b,新北市私立新佳美幼兒園,新北市私立新佳美幼兒園,新北市私立新佳美幼兒園,私立,永和區,劉玉嬋,,120,15820,1982/12/21,1,699.18,429.21,269.97,3.58,0,0,無,0,0,0
9016ac64-f9fe-4e76-b915-a291669823fd,新北市私立青山幼兒園,新北市私立青山幼兒園,新北市私立青山幼兒園,私立,汐止區,郭本義,,70,17115,2002/11/07,1,371.17,371.17,,5.3,0,0,無,6,60000,0
90315eaf-e9ec-4c19-88c6-b05d7af3557c,新北市私立培賢幼兒園,新北市私立培賢幼兒園,新北市私立培賢幼兒園,私立,永和區,楊麗芬,,62,14865,1977/09/01,1,220.3,121.16,99.14,1.95,0,0,無,2,66000,0
90505bf2-3550-4297-994c-685e7bb04d28,新北市私立優時代幼兒園,新北市私立優時代幼兒園,新北市私立優時代幼兒園,私立,新店區,陳美如,,90,24732,2019/07/15,1,576.21,388.92,187.29,4.32,0,0,無,1,6000,0
90e8aab9-a2f4-4da9-b931-288b14e8b75b,新北市私立大同幼兒園,新北市私立大同幼兒園,新北市私立大同幼兒園,私立,板橋區,周沛慈,,66,4606,1975/01/01,1,231.59,150.18,81.41,2.28,0,0,114-115,0,0,0
90ed51b5-00b2-4cc8-ba4a-3d15d0ad1901,新北市私立興南幼兒園,新北市私立興南幼兒園,新北市私立興南幼兒園,私立,中和區,朱力新,,65,17175,2003/01/10,1,417.66,417.66,,6.43,0,0,無,11,684000,0
91b21342-a397-46aa-8088-b4bf6f7047aa,新北市私立悅欣幼兒園,新北市私立悅欣幼兒園,新北市私立悅欣幼兒園,私立,板橋區,傅麗娜,,42,4500,2011/11/02,1,149.12,149.12,,3.55,0,0,113-115,0,0,0
91bb8a71-63d1-48ef-8b27-804cf3f370e1,新北市私立神奇小子幼兒園,新北市私立神奇小子幼兒園,新北市私立神奇小子幼兒園,私立,汐止區,周怡雯,,86,4500,2000/03/24,1,755.21,399.43,,4.64,0,0,113-115,0,0,0
92164d20-23fa-40c5-a50b-176788279728,新北市瑞芳區瑞柑國民小學附設幼兒園,新北市瑞芳區瑞柑國民小學附設幼兒園,新北市瑞芳區瑞柑國民小學附設幼兒園,公立,瑞芳區,乃瑞春,,30,3728,2013/08/01,1,431.55,139.95,291.6,4.67,0,0,無,0,0,0
92379b9b-984e-4e7a-a998-3553323c5534,新北市汐止區保長國民小學附設幼兒園,新北市汐止區保長國民小學附設幼兒園,新北市汐止區保長國民小學附設幼兒園,公立,汐止區,黃鈺樺,,30,3728,1999/08/21,1,463.69,313.69,150.0,10.46,0,0,無,0,0,0
927e3a97-e752-4667-935f-7b431851db1e,新北市私立亞特幼兒園,新北市私立亞特幼兒園,新北市私立亞特幼兒園,私立,板橋區,高大晏,,29,4500,2002/01/04,1,102.73,102.73,,3.54,0,0,113-115,0,0,0
9307748c-3174-41b4-a581-926ae1dc1a5a,新北市文仁非營利幼兒園(委託社團法人臺灣兒童教育發展協會辦理),新北市文仁非營利幼兒園(委託社團法人臺灣兒童教育發展協會辦理),新北市文仁非營利幼兒園,非營利,林口區,簡名吟,社團法人臺灣兒童教育發展協會,90,2000,2020/01/22,1,1024.11,525.1,499.01,5.83,0,0,無,0,0,0
934245b6-6578-4bdc-9ed6-98b561353049,新北市私立愛箂兒幼兒園,新北市私立愛箂兒幼兒園,新北市私立愛箂兒幼兒園,私立,三重區,陳偲維,,74,4600,2000/06/20,1,313.39,313.39,,4.23,0,0,113-115,2,96000,0
934a7446-000f-4d05-96f3-7430918aea13,新北市板橋區海山國民小學附設幼兒園,新北市板橋區海山國民小學附設幼兒園,新北市板橋區海山國民小學附設幼兒園,公立,板橋區,謝治平,,90,3728,1997/09/11,1,1246.0,666.0,580.0,7.4,0,0,無,0,0,0
939cfcd8-07d6-48db-af1b-e86ea2f9922a,新北市私立惠園幼兒園,新北市私立惠園幼兒園,新北市私立惠園幼兒園,私立,新莊區,劉素蘭,,59,4500,2000/05/04,1,208.91,208.91,,3.54,0,0,113-115,2,120000,0
9423b80a-77bf-4bf9-a9f1-45cb4438408b,新北市私立菲米力幼兒園,新北市私立菲米力幼兒園,新北市私立菲米力幼兒園,私立,五股區,林佳慧,,34,10000,2011/05/19,1,,,,,0,0,無,0,0,0
944c4b68-f147-442e-ad4f-94e0aa582c80,交通部航港局臺北港行政大樓職場互助教保服務中心(委託財團法人三之三生命教育基金會辦理),交通部航港局臺北港行政大樓職場互助教保服務中心(委託財團法人三之三生命教育基金會辦理),交通部航港局臺北港行政大樓職場互助教保服務中心,私立,八里區,吳文宗,財團法人三之三生命教育基金會,60,2000,2022/08/08,1,337.15,337.15,,5.62,0,0,無,0,0,0
94cedf73-dc3b-4aea-af19-7a9839ee288e,新北市私立小木屋蒙特梭利幼兒園,新北市私立小木屋蒙特梭利幼兒園,新北市私立小木屋蒙特梭利幼兒園,私立,林口區,張珊珊,,136,16067,2013/11/04,1,916.86,485.34,431.52,3.57,0,0,無,0,0,0
94d076cb-0ffd-4bd1-a7af-1ee33c9e0bed,新北市私立菲力中興幼兒園,新北市私立菲力中興幼兒園,新北市私立菲力中興幼兒園,私立,新店區,吳若虹,,77,19640,1999/02/08,1,300.19,300.19,,3.9,0,0,無,2,15000,0
94d3801f-37d1-42d3-b1db-77922f84830e,新北市立板橋幼兒園,新北市立板橋幼兒園,新北市立板橋幼兒園,公立,板橋區,林語蓁,,126,3706,1970/01/01,1,800.0,497.88,,3.95,0,0,無,0,0,0
95086c0c-b216-4140-a2ba-69c71ec0b7bb,新北市新莊區新泰國民小學附設幼兒園,新北市新莊區新泰國民小學附設幼兒園,新北市新莊區新泰國民小學附設幼兒園,公立,新莊區,許恒禎,,182,3728,1998/09/02,1,1578.0,720.0,858.0,3.96,0,0,無,0,0,0
9567eb0b-f638-4cc1-836e-0d5bece7e7df,新北市私立新學林幼兒園,新北市私立新學林幼兒園,新北市私立新學林幼兒園,私立,三重區,許義祥,,36,9400,2007/12/10,1,158.47,158.47,,4.4,0,0,無,0,0,0
95a28881-5893-4a12-b3a4-81749501840a,新北市私立若仁幼兒園,新北市私立若仁幼兒園,新北市私立若仁幼兒園,私立,板橋區,陳景賜,,270,14933,1974/09/16,1,1413.1,946.35,,3.5,0,0,無,0,0,0
95cd5167-79de-4f4f-85a4-9e65c05d23e0,新北市私立育才幼兒園,新北市私立育才幼兒園,新北市私立育才幼兒園,私立,中和區,葉思菁,,80,13605,1998/12/09,1,278.45,167.91,110.54,2.1,0,0,無,0,0,0
95eb6c52-42e7-4fae-b8f3-0ce76dd3c6c8,新北市立林口幼兒園忠孝分班,新北市立林口幼兒園,新北市立林口幼兒園,公立,林口區,,,60,3706,2003/06/25,1,417.49,186.0,231.49,3.1,0,0,無,0,0,0
960ac56c-b94d-4a50-995a-6655f8f86633,新北市中和區自強國民小學附設幼兒園,新北市中和區自強國民小學附設幼兒園,新北市中和區自強國民小學附設幼兒園,公立,中和區,張明賢,,210,3728,1993/09/07,1,2300.0,1300.0,1000.0,6.19,0,0,無,0,0,0
96247b6a-7517-4ba7-8496-416d167b0c1f,新北市私立安邦幼兒園,新北市私立安邦幼兒園,新北市私立安邦幼兒園,私立,中和區,謝慧芬,,35,5836,1998/09/23,0,123.23,69.23,54.0,1.98,0,0,無,0,0,0
963ea442-cfb9-48df-94c5-b949f833bf20,新北市中和區光復國民小學附設幼兒園,新北市中和區光復國民小學附設幼兒園,新北市中和區光復國民小學附設幼兒園,公立,中和區,許以平,,272,3728,1999/10/08,1,4260.0,2494.0,1766.0,9.17,0,0,無,1,6000,0
967b5756-78f1-4415-8b52-9c883e2473e3,新北市私立可爾威德幼兒園,新北市私立可爾威德幼兒園,新北市私立可爾威德幼兒園,私立,淡水區,顏美麗,,59,18548,2003/04/24,1,238.6,167.19,71.41,2.83,0,0,無,0,0,0
969acc4d-fc0c-4cf1-865e-e54e49cdcf59,新北市私立邱吉爾幼兒園,新北市私立邱吉爾幼兒園,新北市私立邱吉爾幼兒園,私立,八里區,陳淑芬,,31,5643,2002/07/22,1,110.59,110.59,,3.57,0,0,無,2,66000,0
96c2d902-4819-43a2-91d8-1d6b008503c9,新北市私立三暉幼兒園,新北市私立三暉幼兒園,新北市私立三暉幼兒園,私立,永和區,孫健一,,120,14960,1979/11/01,1,473.6,352.0,121.6,2.93,0,0,無,0,0,0
96ef36d1-1015-49bc-a314-3d06d6fb477d,新北市私立文聖幼兒園,新北市私立文聖幼兒園,新北市私立文聖幼兒園,私立,板橋區,李琳瓊,,45,4500,2013/03/28,1,161.679,161.679,,3.59,0,0,113-115,1,6000,0
97320624-d2b0-489c-93c0-9f74f783af46,新北市私立金吉邇幼兒園,新北市私立金吉邇幼兒園,新北市私立金吉邇幼兒園,私立,三重區,黃琮晏,,51,3000,2021/11/22,1,391.18,162.39,228.79,3.18,0,0,114-115,1,60000,0
97521d7f-b4cc-4e19-967e-3220c1efecb7,新北市明德非營利幼兒園（委託社團法人中華幼兒創造思考教育學會辦理）,新北市明德非營利幼兒園（委託社團法人中華幼兒創造思考教育學會辦理）,新北市明德非營利幼兒園,非營利,土城區,張瀞文,社團法人中華幼兒創造思考教育學會,106,2000,2024/09/23,1,1214.95,1011.83,203.12,9.55,0,0,無,0,0,0
97526871-ce13-4729-98e3-82bda0879a13,新北市私立啟蒙幼兒園,新北市私立啟蒙幼兒園,新北市私立啟蒙幼兒園,私立,淡水區,黃淑婷,,66,15540,1996/07/15,1,289.62,289.62,,4.39,0,0,無,1,6000,0
975681c7-8722-4a31-b2c9-4743f6bf7f32,新北市私立幼幼立大幼兒園,新北市私立幼幼立大幼兒園,新北市私立幼幼立大幼兒園,私立,新店區,陳星妤,,60,2000,2000/08/31,1,,,,,0,0,113-115,1,60000,0
976c7cac-419b-4c33-b769-98293026f935,新北市私立威爾斯幼兒園,新北市私立威爾斯幼兒園,新北市私立威爾斯幼兒園,私立,五股區,陳妙苑,,150,14478,2002/07/30,1,1114.0,1114.0,,7.43,0,0,無,6,342000,0
978a3cb0-1b4b-48f1-9083-8a4a8173511e,財團法人天主教新北市私立育新幼兒園,財團法人天主教新北市私立育新幼兒園,財團法人天主教新北市私立育新幼兒園,私立,新店區,,,210,15133,1978/07/20,1,2619.05,2391.41,227.64,11.39,0,0,無,3,126000,0
9887b59a-62b4-4a74-9a0d-a07ec117edba,新北市私立喬治亞幼兒園,新北市私立喬治亞幼兒園,新北市私立喬治亞幼兒園,私立,板橋區,連文齊,,90,17600,1999/07/12,1,377.23,377.23,,4.19,0,0,無,2,9000,0
98dd921a-95e8-45dd-b69b-64361caa7599,新北市新樂非營利幼兒園(委託財團法人三之三生命教育基金會辦理),新北市新樂非營利幼兒園(委託財團法人三之三生命教育基金會辦理),新北市新樂非營利幼兒園,非營利,新莊區,吳文宗,財團法人三之三生命教育基金會,212,2000,2022/01/13,1,2802.43,1896.43,906.0,8.95,0,0,無,0,0,0
992b473e-f9ea-440b-a981-a4ff6165edb9,新北市私立幼學館幼兒園,新北市私立幼學館幼兒園,新北市私立幼學館幼兒園,私立,永和區,黃成旭,,155,18367,2004/12/23,1,583.71,583.71,,3.77,0,0,無,1,6000,0
993ca2d5-e46e-4567-ae61-5cd46bcff397,新北市私立安馨新店幼兒園,新北市私立安馨新店幼兒園,新北市私立安馨新店幼兒園,私立,新店區,陳思穎,,52,4500,1997/05/21,1,182.48,120.05,62.43,2.31,0,0,113-115,4,21000,0
99543d81-20b2-4756-bcab-dba1b5131588,新北市私立育勝幼兒園,新北市私立育勝幼兒園,新北市私立育勝幼兒園,私立,新莊區,楊明潭,,300,19615,2021/10/19,1,1605.06,1291.86,313.2,4.31,0,0,無,5,252000,0
9964b703-c847-4041-aa17-2066a070634c,新北市三多非營利幼兒園(委託社團法人中華巧耕多元教育發展協會辦理),新北市三多非營利幼兒園(委託社團法人中華巧耕多元教育發展協會辦理),新北市三多非營利幼兒園,非營利,樹林區,林培祺,社團法人中華巧耕多元教育發展協會,90,2000,2018/07/20,1,1600.15,876.85,723.3,9.74,0,0,無,0,0,0
99895adf-5e90-485c-b7f9-9e16a389cf08,新北市私立布朗尼幼兒園,新北市私立布朗尼幼兒園,新北市私立布朗尼幼兒園,私立,中和區,周端虹,,130,4500,2000/12/27,1,631.06,507.12,,3.9,0,0,113-115,2,66000,0
99adf680-7739-4bcc-a767-74368cd98934,新北市私立溫德爾幼兒園,新北市私立溫德爾幼兒園,新北市私立溫德爾幼兒園,私立,五股區,張春重,,300,13875,2006/07/06,1,1445.92,567.35,878.5,1.89,0,1,無,3,59000,0
9a4b7bf1-e63c-44cd-8dca-b0c97ddf748d,新北市立土城幼兒園大頂埔分班,新北市立土城幼兒園,新北市立土城幼兒園,公立,土城區,,,90,3706,2007/11/02,1,981.05,981.05,,10.9,0,0,無,0,0,0
9a9fb5a5-451f-42ea-ba87-4aebad5d5aaa,新北市立老梅實驗小學附設幼兒園,新北市立老梅實驗小學附設幼兒園,新北市立老梅實驗小學附設幼兒園,公立,石門區,涂志賢,,30,3728,1985/12/27,1,620.0,120.0,500.0,4.0,0,0,無,0,0,0
9ab572f1-6f45-497d-b001-757a59047aed,財團法人華山愛德教育基金會附設新北市私立林口愛德幼兒園,財團法人華山愛德教育基金會附設新北市私立林口愛德幼兒園,財團法人華山愛德教育基金會附設新北市私立林口愛德幼兒園,私立,林口區,林琦敏,,150,21615,2014/01/07,1,927.66,520.03,407.63,3.47,0,0,無,0,0,0
9ad2058a-ffcc-402c-83b8-2b60dc44db49,新北市私立凱思莉幼兒園,新北市私立凱思莉幼兒園,新北市私立凱思莉幼兒園,私立,板橋區,蔡依伶,,28,17350,2003/07/29,1,174.55,100.73,,3.6,0,0,無,0,0,0
9b06fe0f-4849-47fa-92c6-4abce102cfe3,新北市私立天藍幼兒園,新北市私立天藍幼兒園,新北市私立天藍幼兒園,私立,板橋區,吳建甫,,60,4500,1982/12/06,1,475.51,66.0,409.51,1.1,0,0,113-115,0,0,0
9b381e64-ea03-42cb-8474-cc5f4b068a1d,新北市私立傑出幼兒園,新北市私立傑出幼兒園,新北市私立傑出幼兒園,私立,新莊區,顏佩瑜,,38,4000,2004/07/15,1,165.26,134.91,,3.55,0,0,113-115,0,0,0
9b406d28-e3e4-4ba8-a7ea-1fda96744306,新北市私立喬幼光明幼兒園,新北市私立喬幼光明幼兒園,新北市私立喬幼光明幼兒園,私立,板橋區,林煌傑,,93,18592,2000/12/21,1,372.86,301.89,70.97,3.25,0,0,無,0,0,0
9b6342d9-1181-4c56-afa1-20e0510c56ce,新北市私立蓮育幼兒園,新北市私立蓮育幼兒園,新北市私立蓮育幼兒園,私立,新莊區,林石城,,33,7917,1999/12/29,1,226.78,149.61,55.0,4.53,0,0,無,0,0,0
9b63fcbd-59aa-4441-beba-a2d5343a8318,新北市新店區中正國民小學附設幼兒園,新北市新店區中正國民小學附設幼兒園,新北市新店區中正國民小學附設幼兒園,公立,新店區,徐韶佑,,212,3706,1998/11/30,1,1448.0,837.5,610.5,3.95,0,0,無,0,0,0
9b8a0797-8e2c-4006-82cb-e9228472f969,新北市平溪區十分國民小學附設幼兒園,新北市平溪區十分國民小學附設幼兒園,新北市平溪區十分國民小學附設幼兒園,公立,平溪區,吳忠霖,,30,3728,1990/05/10,1,284.58,194.58,90.0,6.49,0,0,無,0,0,0
9c2ca516-0873-41f6-939b-1d8d50aa9f35,新北市私立心慈幼兒園,新北市私立心慈幼兒園,新北市私立心慈幼兒園,私立,新莊區,卓惠子,,62,7000,2002/07/23,1,355.53,287.13,,4.63,0,0,無,9,318000,0
9c4bf503-e512-44f7-ad36-bf7a17003ffa,新北市私立全能愛彌兒板橋幼兒園永豐分班,新北市私立全能愛彌兒板橋幼兒園,新北市私立全能愛彌兒板橋幼兒園,私立,板橋區,,,45,4600,2017/08/03,1,243.58,152.58,91.0,3.39,0,0,114-115,4,186000,0
9c99d6ee-31c4-472c-bdd4-14549f8f6103,新北市私立實踐幼兒園,新北市私立實踐幼兒園,新北市私立實踐幼兒園,私立,中和區,褚玉霞,,130,11000,1979/11/28,1,536.05,324.87,211.18,2.5,0,0,無,6,66000,0
9cbdf581-4c71-4ce1-8dd0-b72e1585dba8,新北市私立健群幼兒園,新北市私立健群幼兒園,新北市私立健群幼兒園,私立,新莊區,張秀觀,,58,4500,2002/03/05,1,205.46,205.46,,3.54,0,0,113-115,0,0,0
9d0ccc0e-0cb2-4097-aadd-923ae85612a4,新北市私立新華園幼兒園,新北市私立新華園幼兒園,新北市私立新華園幼兒園,私立,土城區,江明哲,,69,5000,1986/12/22,1,292.62,292.62,,4.24,0,0,113-115,0,0,0
9d2a2dee-6862-4e36-a861-0ad9d46c3760,新北市私立和智幼兒園,新北市私立和智幼兒園,新北市私立和智幼兒園,私立,新莊區,陳淑華,,39,3000,2005/07/27,1,137.36,137.36,,3.52,0,0,113-115,0,0,0
9d2b781b-5aec-4c91-9ad7-e74cd22286b0,新北市淡水區坪頂國民小學附設幼兒園,新北市淡水區坪頂國民小學附設幼兒園,新北市淡水區坪頂國民小學附設幼兒園,公立,淡水區,蔡明雄,,30,3728,1970/01/01,1,217.9,127.9,90.0,4.26,0,0,無,0,0,0
9db381ed-39f5-4ddf-8c72-ee00135d7a6e,新北市立漳和國民中學附設幼兒園,新北市立漳和國民中學附設幼兒園,新北市立漳和國民中學附設幼兒園,公立,中和區,陳喬禹,,210,3728,1999/09/03,1,3161.8,2371.4,790.4,11.29,0,0,無,0,0,0
9dbd6bb2-3657-4c92-9ab8-c7d0e5b3774c,新北市私立恩佑幼兒園,新北市私立恩佑幼兒園,新北市私立恩佑幼兒園,私立,汐止區,林純如,,53,4600,2004/01/30,1,184.92,184.92,,3.49,0,0,115-115,0,0,0
9e0779be-6ca8-4951-b4c1-1988ad031f2d,新北市立青山國民中小學附設幼兒園,新北市立青山國民中小學附設幼兒園,新北市立青山國民中小學附設幼兒園,公立,汐止區,陳衍鈴,,120,3728,2000/11/21,1,1164.0,855.0,309.0,7.12,0,0,無,0,0,0
9e923ae1-15ce-4114-88bd-e7514891d3d2,新北市私立來得幼兒園,新北市私立來得幼兒園,新北市私立來得幼兒園,私立,蘆洲區,賴葉致,,50,3750,2004/12/23,1,247.04,247.04,,4.94,0,0,113-115,0,0,0
9eb02385-0735-4ac3-bdb7-1a3cd5cc249f,新北市私立宇和幼兒園,新北市私立宇和幼兒園,新北市私立宇和幼兒園,私立,三重區,林詠玫,,150,20382,2021/04/12,0,,,,,0,0,無,0,0,0
9ec62de3-e71d-4298-ba3e-76d67d6a3edf,新北市土城區樂利國民小學附設幼兒園,新北市土城區樂利國民小學附設幼兒園,新北市土城區樂利國民小學附設幼兒園,公立,土城區,張宗義,,150,3728,1998/09/02,1,1343.7,768.0,575.7,5.12,0,0,無,0,0,0
9edd9f64-dd47-4c5c-90db-77aebc082427,新北市私立立仁幼兒園,新北市私立立仁幼兒園,新北市私立立仁幼兒園,私立,土城區,黃愛茱,,120,13275,1979/03/14,1,592.94,232.0,360.94,1.93,0,0,無,3,75000,0
9ef530da-7a7a-4f30-a4dd-8bdf215d91ee,新北市私立莘莘幼兒園,新北市私立莘莘幼兒園,新北市私立莘莘幼兒園,私立,新店區,周童希玉,,30,9566,1998/07/02,1,134.06,134.06,,4.47,0,0,無,2,63000,0
9f18a0e4-12e2-43f8-a74d-122ac44dfb90,新北市立新店幼兒園,新北市立新店幼兒園,新北市立新店幼兒園,公立,新店區,廖藪芬,,120,3706,1970/01/01,1,788.815,505.55,283.265,4.21,0,0,無,0,0,0
9f1aa196-4552-4f73-84b9-a30719c6e287,新北市淡水區中泰國民小學附設幼兒園,新北市淡水區中泰國民小學附設幼兒園,新北市淡水區中泰國民小學附設幼兒園,公立,淡水區,陳莉君,,30,3717,2000/06/26,1,599.0,313.0,286.0,10.43,0,0,無,0,0,0
9f58da60-f141-45f1-be49-5ccf7ac691e6,新北市淡水區屯山國民小學附設幼兒園,新北市淡水區屯山國民小學附設幼兒園,新北市淡水區屯山國民小學附設幼兒園,公立,淡水區,鄒惠娟,,60,3728,2000/09/01,1,634.0,419.0,215.0,6.98,0,0,無,0,0,0
9f8530cf-5b75-4e21-bd38-7f5ca275ef36,新北市私立敦品幼兒園,新北市私立敦品幼兒園,新北市私立敦品幼兒園,私立,三芝區,林伯修,,65,3750,2003/04/30,1,280.81,280.81,,4.32,0,0,113-115,0,0,0
9fc7e4ca-96c3-4a6b-8827-1a733573cc4e,新北市育平非營利幼兒園（委託財團法人彭婉如文教基金會辦理）,新北市育平非營利幼兒園（委託財團法人彭婉如文教基金會辦理）,新北市育平非營利幼兒園,非營利,永和區,郭淑雅,財團法人彭婉如文教基金會,106,2000,2021/07/30,1,693.0,559.0,134.0,5.27,0,0,無,0,0,0
9ff66df9-136b-4249-9857-e96e902d972f,財團法人天主教會台北教區附設新北市私立恆毅幼兒園,財團法人天主教會台北教區附設新北市私立恆毅幼兒園,財團法人天主教會台北教區附設新北市私立恆毅幼兒園,私立,新莊區,洪山川,,90,11409,1975/06/27,1,2375.71,305.5,2070.21,3.39,0,0,無,0,0,0
a00e6e51-2d7a-4fa8-872e-7bea21716a17,新北市私立富群幼兒園,新北市私立富群幼兒園,新北市私立富群幼兒園,私立,三重區,楊明潭,,180,22348,2022/07/20,1,906.91,599.98,306.93,3.33,0,0,無,0,0,0
a0541100-35f1-45bc-9070-5664f75b2f87,新北市立金山幼兒園,新北市立金山幼兒園,新北市立金山幼兒園,公立,金山區,柯中智,,55,3706,1970/01/01,1,193.62,193.62,,3.52,0,0,無,0,0,0
a0724e56-a9fc-4f10-88f8-3ca4b2d2e0e1,新北市土城區頂埔國民小學附設幼兒園,新北市土城區頂埔國民小學附設幼兒園,新北市土城區頂埔國民小學附設幼兒園,公立,土城區,方慶林,,136,3728,1998/09/04,1,956.0,504.0,452.0,3.71,0,0,無,0,0,0
a07a496e-ee97-4a5d-8b66-7062910f3dce,新北市立林口幼兒園,新北市立林口幼兒園,新北市立林口幼兒園,公立,林口區,吳欣芳,,90,3706,1970/01/01,1,767.75,471.75,296.0,5.24,0,0,無,0,0,0
a0b41cf3-101a-444b-a8f2-033b51b9b09a,新北市立鶯歌幼兒園,新北市立鶯歌幼兒園,新北市立鶯歌幼兒園,公立,鶯歌區,邱莛薽,,271,3706,1970/01/01,1,2312.03,1070.23,1241.8,3.95,0,0,無,1,60000,0
a0be67b7-fbf1-4bbb-9dea-2878f0d84717,新北市私立青子園幼兒園,新北市私立青子園幼兒園,新北市私立青子園幼兒園,私立,八里區,謝紫涵,,34,13340,2004/01/08,1,121.18,121.18,,3.56,0,0,無,0,0,0
a0dd20b0-5ed2-48a8-b921-b30be4b616f4,新北市私立永愛幼兒園,新北市私立永愛幼兒園,新北市私立永愛幼兒園,私立,中和區,陳素卿,,120,14867,1978/01/14,1,783.47,320.66,462.81,2.67,0,0,無,1,60000,0
a1600a00-7cdc-4b50-a536-c13d032768fe,新北市私立山姆幼兒園,新北市私立山姆幼兒園,新北市私立山姆幼兒園,私立,鶯歌區,鍾玉婷,,286,9533,2012/05/22,1,1415.28,1334.64,80.64,4.67,0,0,無,0,0,0
a162b516-dc65-4cd1-8457-4d4932302087,新北市私立快樂佳園幼兒園,新北市私立快樂佳園幼兒園,新北市私立快樂佳園幼兒園,私立,蘆洲區,張玉清,,92,4500,2001/05/04,1,690.87,188.96,483.9,2.05,0,0,113-115,3,24000,0
a167cb32-4b51-4907-a16a-541838665ea8,新北市私立宏幼幼兒園,新北市私立宏幼幼兒園,新北市私立宏幼幼兒園,私立,永和區,趙雁君,,40,4500,1974/11/29,1,138.58,60.94,77.64,1.52,0,0,113-115,2,12000,0
a20f2153-7288-4c8d-8ec0-4422e524685a,新北市私立博智幼兒園,新北市私立博智幼兒園,新北市私立博智幼兒園,私立,樹林區,許孟琪,,30,4000,2007/09/10,1,115.86,115.86,,3.86,0,0,113-115,0,0,0
a2515870-54f6-4c34-9604-ebd44126965a,新北市私立大愛幼兒園,新北市私立大愛幼兒園,新北市私立大愛幼兒園,私立,汐止區,李翠英,,37,3750,2005/05/16,1,172.21,131.59,,3.56,0,0,113-115,0,0,0
a2cbea3d-f7d2-4ce6-86f5-1a8ab0272dcc,新北市私立今人園幼兒園,新北市私立今人園幼兒園,新北市私立今人園幼兒園,私立,蘆洲區,吳善紋,,29,12364,2003/10/09,1,103.66,103.66,,3.57,0,0,無,0,0,0
a2f55b05-29a6-429c-86e4-c6d0d7d386b7,新北市私立成德菁英幼兒園,新北市私立成德菁英幼兒園,新北市私立成德菁英幼兒園,私立,新莊區,林國霖,,705,17000,2017/09/30,1,4050.58,2375.24,1675.34,3.37,0,0,無,0,0,0
a3008be4-54d5-4880-b84c-0da5fc8209ac,新北市鶯歌區中湖國民小學附設幼兒園,新北市鶯歌區中湖國民小學附設幼兒園,新北市鶯歌區中湖國民小學附設幼兒園,公立,鶯歌區,陳進德,,76,3728,2000/01/13,1,561.6,331.6,230.0,4.36,0,0,無,0,0,0
a33d7769-25d9-41a2-affb-dbcad3bdd3a9,新北市私立茱莉亞園幼兒園,新北市私立茱莉亞園幼兒園,新北市私立茱莉亞園幼兒園,私立,三重區,林育慈,,175,11292,2007/09/12,1,707.12,451.25,161.27,2.58,0,0,無,0,0,0
a3bece0f-4547-4e4f-a5e6-09ddc28ae480,新北市私立唯寶幼兒園,新北市私立唯寶幼兒園,新北市私立唯寶幼兒園,私立,淡水區,周慶寧,,45,6040,2003/10/30,1,208.25,172.52,,3.83,0,0,無,1,60000,0
a3db23ce-e4a8-4e90-8e7a-40c98a9eab82,新北市林口區林口國民小學附設幼兒園,新北市林口區林口國民小學附設幼兒園,新北市林口區林口國民小學附設幼兒園,公立,林口區,施惠珍,,120,3728,1999/09/28,1,,,,,0,0,無,0,0,0
a3ec15ec-696c-44e0-a3a7-5bd00f9367d0,新北市昌平非營利幼兒園（委託財團法人三之三生命教育基金會辦理）,新北市昌平非營利幼兒園（委託財團法人三之三生命教育基金會辦理）,新北市昌平非營利幼兒園,非營利,新莊區,吳文宗,財團法人三之三生命教育基金會,120,2000,2017/07/13,1,798.0,558.0,,4.65,0,0,無,0,0,0
a434044b-6608-47d8-a3bd-85a88f9500c6,新北市私立艾瑞克幼兒園,新北市私立艾瑞克幼兒園,新北市私立艾瑞克幼兒園,私立,永和區,史政加,,49,15347,2004/04/06,1,175.0,175.0,,3.57,0,0,無,2,66000,0
a456fd33-3ab5-4ca5-b729-7a2cca1478de,新北市私立幼禾幼兒園,新北市私立幼禾幼兒園,新北市私立幼禾幼兒園,私立,新店區,陳柏健,,28,19640,1997/11/10,1,120.27,120.27,,4.3,0,0,無,9,129000,2
a4a2f21d-fcaf-4d5c-bde3-149c18f95955,新北市私立民生幼兒園,新北市私立民生幼兒園,新北市私立民生幼兒園,私立,新莊區,張仁楨,,102,4615,1984/03/03,1,433.12,286.24,146.88,2.81,0,0,115-115,11,240000,1
a4e0bbee-429b-4dd5-b897-6cfff6494322,新北市立三芝幼兒園,新北市立三芝幼兒園,新北市立三芝幼兒園,公立,三芝區,朱詩穎,,73,3706,1970/01/01,1,456.87,456.87,,6.26,0,0,無,0,0,0
a5032de3-5c9c-4917-b7c0-3b829aa1bd0b,新北市立中和幼兒園,新北市立中和幼兒園,新北市立中和幼兒園,公立,中和區,何仁馨,,105,3706,2002/08/16,1,655.3,506.25,149.05,4.82,0,0,無,0,0,0
a56dbe90-d0b5-42fd-964d-ce5f7629fad0,新北市私立小百科幼兒園,新北市私立小百科幼兒園,新北市私立小百科幼兒園,私立,五股區,林勝和,,28,4500,2012/02/01,1,116.13,116.13,,4.15,0,0,113-115,1,6000,0
a5b9dd5c-6f8d-4fad-98ae-6c8bb5ab3a42,新北市私立雅森幼兒園,新北市私立雅森幼兒園,新北市私立雅森幼兒園,私立,板橋區,方鈞立,,80,12267,2002/01/10,1,365.0,358.23,,4.48,0,0,無,0,0,0
a5e0ee45-b08c-455e-85a0-090eadbbd883,新北市昌福非營利幼兒園(委託中華民國文教產業發展暨補習服務品保協會辦理),新北市昌福非營利幼兒園(委託中華民國文教產業發展暨補習服務品保協會辦理),新北市昌福非營利幼兒園,非營利,鶯歌區,張義雄,中華民國文教產業發展暨補習服務品保協會,90,2000,2018/07/20,1,846.57,666.57,,7.41,0,0,無,7,138000,0
a6ab66ea-8bbc-49f6-84e9-ff3f7cfa79c1,新北市私立來來幼兒園,新北市私立來來幼兒園,新北市私立來來幼兒園,私立,三重區,林儒聰,,113,17690,1982/10/21,1,417.86,417.86,,3.7,0,0,無,1,3000,0
a6feb4b1-ac6d-494e-9a1e-bb13132750f9,新北市私立快樂小熊幼兒園,新北市私立快樂小熊幼兒園,新北市私立快樂小熊幼兒園,私立,淡水區,黃木發,,60,9315,2000/10/11,1,,,,,0,1,無,8,111000,0
a7227cb6-db3d-4ed4-815a-28f1e6e87c0d,新北市私立國花幼兒園,新北市私立國花幼兒園,新北市私立國花幼兒園,私立,淡水區,蔡鎧安,,166,15343,1982/05/10,1,1396.47,889.79,506.68,5.36,0,0,無,0,0,0
a7bf3887-0892-4aad-8e84-da9137dde0f5,新北市私立陽光幼兒園,新北市私立陽光幼兒園,新北市私立陽光幼兒園,私立,八里區,黃文煒,,100,11533,2017/03/02,1,674.34,357.65,316.69,3.58,0,0,無,0,0,0
a803921d-c054-48fb-ac6f-d5b389de49ac,新北市三重區光榮國民小學附設幼兒園,新北市三重區光榮國民小學附設幼兒園,新北市三重區光榮國民小學附設幼兒園,公立,三重區,施智元,,226,3706,1995/07/20,1,2368.23,1873.6,494.63,8.29,0,0,無,1,30000,0
a833e4db-3d45-4d91-aca1-604ec013cc5b,新北市私立宥寶幼兒園,新北市私立宥寶幼兒園,新北市私立宥寶幼兒園,私立,三重區,李鎂慧,,45,7933,1990/02/09,1,201.99,159.71,,3.55,0,0,無,0,0,0
a8d91a0c-c34b-4705-84b4-ea6110f1545b,新北市立中和國民中學附設幼兒園,新北市立中和國民中學附設幼兒園,新北市立中和國民中學附設幼兒園,公立,中和區,陳春男,,240,3728,2000/01/06,1,1957.0,1125.0,832.0,4.69,0,0,無,0,0,0
a9072f2f-c817-4bc2-95d9-ef4297f66f44,新北市私立紅樹林幼兒園,新北市私立紅樹林幼兒園,新北市私立紅樹林幼兒園,私立,淡水區,薛秀芳,,171,14370,1998/11/05,1,1282.1,968.48,313.62,5.66,0,0,無,2,12000,0
a9fd6811-c11c-4501-9255-dea9a26e0ca3,新北市私立意秋幼兒園,新北市私立意秋幼兒園,新北市私立意秋幼兒園,私立,新莊區,黃致銘,,200,4925,2002/04/25,1,1331.0,1046.0,285.0,5.23,0,0,115-115,0,0,0
aa01e25d-c02b-45ee-823a-97a6450cdf59,新北市私立布查花園幼兒園,新北市私立布查花園幼兒園,新北市私立布查花園幼兒園,私立,板橋區,蔡惠英,,180,20600,2020/07/30,1,931.97,740.81,191.16,4.12,0,0,無,0,0,0
aa26a6b0-ccdd-4c86-8597-3b9e4fb31002,新北市私立朝陽幼兒園,新北市私立朝陽幼兒園,新北市私立朝陽幼兒園,私立,三峽區,林月珠,,80,8000,1981/08/15,1,1122.48,305.46,817.02,3.82,0,0,無,2,9000,0
aac8b700-9c27-4c1d-bd3b-220cb12142d7,新北市私立加州森林國際幼兒園,新北市私立加州森林國際幼兒園,新北市私立加州森林國際幼兒園,私立,三重區,陳麗珍,,531,19364,2019/07/26,1,2798.11,1960.88,837.23,3.69,0,0,無,1,6000,0
ab054663-8c71-445a-a53f-2667fa972857,新北市立自強國民中學附設幼兒園,新北市立自強國民中學附設幼兒園,新北市立自強國民中學附設幼兒園,公立,中和區,鄭建立,,210,3728,2000/08/31,1,,,,,0,0,無,0,0,0
ab216151-8d81-40d8-ac15-36a3e01b7c36,新北市私立重愛幼兒園,新北市私立重愛幼兒園,新北市私立重愛幼兒園,私立,三重區,邱婷蔚,,41,4500,2007/02/02,1,106.73,106.73,,2.6,0,1,113-115,1,12000,0
ab55e11b-43e7-480d-98a7-5f70aad1fde6,新北市新店區青潭國民小學附設幼兒園,新北市新店區青潭國民小學附設幼兒園,新北市新店區青潭國民小學附設幼兒園,公立,新店區,林錫恩,,182,3728,1963/02/26,1,1446.0,948.0,498.0,5.21,0,0,無,0,0,0
ab565c30-40ae-4791-b29b-e09b1cd6ebad,新北市樹林區山佳國民小學附設幼兒園,新北市樹林區山佳國民小學附設幼兒園,新北市樹林區山佳國民小學附設幼兒園,公立,樹林區,林秀雲,,136,3728,2000/09/13,1,1279.0,871.0,408.0,6.4,0,0,無,0,0,0
ab77f820-8816-4b86-b0f4-88f8843c7c4b,新北市私立民安幼兒園,新北市私立民安幼兒園,新北市私立民安幼兒園,私立,新莊區,黃秀靜,,240,16472,2010/02/09,1,1496.15,1496.15,,6.23,0,1,無,5,74000,0
aba0e090-999a-42cc-a583-036813dd5f67,新北市私立愛心園幼兒園,新北市私立愛心園幼兒園,新北市私立愛心園幼兒園,私立,蘆洲區,何愛玉,,60,3750,1998/12/22,1,213.59,162.36,51.23,2.71,0,0,113-115,0,0,0
abc2ed9a-45f0-4ce2-bfff-45541c15b7f1,新北市私立佳呈幼兒園,新北市私立佳呈幼兒園,新北市私立佳呈幼兒園,私立,林口區,張惠文,,104,27217,2020/06/11,1,685.94,529.48,156.46,5.09,0,0,無,0,0,0
abe7af7f-710a-46d5-9e5b-bf7b21d1aaf8,新北市私立溫斯頓幼兒園,新北市私立溫斯頓幼兒園,新北市私立溫斯頓幼兒園,私立,淡水區,馮曾玉美,,139,15500,2000/06/12,1,734.38,209.21,525.17,1.51,0,0,無,1,50000,0
ac37636e-d1ee-49f9-8938-20d4ed688cbf,新北市私立喬心幼兒園,新北市私立喬心幼兒園,新北市私立喬心幼兒園,私立,板橋區,林淑禎,,98,16400,2000/03/14,1,385.6,385.6,,3.93,0,0,無,0,0,0
ac908dec-32c2-4722-a931-aeabe4434509,新北市私立荳荳幼兒園,新北市私立荳荳幼兒園,新北市私立荳荳幼兒園,私立,永和區,盧麗娟,,34,4125,1999/04/29,1,134.3,134.3,,3.95,0,0,113-115,3,84000,0
ad3ca5e6-3294-4cae-a0b5-3d4a296b7442,新北市土城區安和國民小學附設幼兒園,新北市土城區安和國民小學附設幼兒園,新北市土城區安和國民小學附設幼兒園,公立,土城區,朱聖雯,,106,3728,1998/09/04,1,922.0,604.0,318.0,5.7,0,0,無,1,6000,0
ad4298ab-33b9-4409-bb5b-cc792f78be06,新北市私立巧可麗巧新幼兒園,新北市私立巧可麗巧新幼兒園,新北市私立巧可麗巧新幼兒園,私立,中和區,林晏仲,,83,19638,2003/04/30,1,339.18,339.18,,4.09,0,0,無,0,0,0
ad72ba24-d6e8-4e65-9caa-20af556811b9,新北市立板橋幼兒園新民分班,新北市立板橋幼兒園,新北市立板橋幼兒園,公立,板橋區,,,93,3706,1981/08/01,1,419.23,327.4,,3.52,0,0,無,0,0,0
ad7ef1f5-4986-433f-a971-597e7a8c29aa,新北市私立宏仁幼兒園,新北市私立宏仁幼兒園,新北市私立宏仁幼兒園,私立,新莊區,薛豔珠,,57,4615,1983/02/05,1,201.4,109.4,92.0,1.92,0,0,113-115,0,0,0
adc0bbb7-2e90-4530-83c6-5fc02c78c8aa,新北市私立生活村幼兒園,新北市私立生活村幼兒園,新北市私立生活村幼兒園,私立,板橋區,許雅倫,,50,14250,2004/07/13,1,177.25,177.25,,3.54,0,0,無,0,0,0
adc87eda-8ed6-4bc1-b2a0-c8681da3897e,新北市私立成真幼兒園,新北市私立成真幼兒園,新北市私立成真幼兒園,私立,中和區,顏明真,,85,14368,2001/11/19,1,300.94,300.94,,3.54,0,0,無,1,6000,0
ade1b418-6c83-4297-b891-cede62e820af,新北市私立超級小太陽幼兒園,新北市私立超級小太陽幼兒園,新北市私立超級小太陽幼兒園,私立,新莊區,葉布僑,,38,9670,2000/10/13,1,134.33,134.33,,3.54,0,0,無,4,81000,0
ae2bbc0f-aa1e-4b89-b914-f20fd504ac9c,新北市私立貝爾花園幼兒園,新北市私立貝爾花園幼兒園,新北市私立貝爾花園幼兒園,私立,林口區,魏汗青,,75,20000,2025/05/12,1,755.52,281.82,473.7,3.76,0,0,無,0,0,0
ae2dd979-5b7b-4ac8-9a53-4fa82c4f261d,新北市私立璦俐兒幼兒園,新北市私立璦俐兒幼兒園,新北市私立璦俐兒幼兒園,私立,三峽區,鄭宛依,,60,9283,2001/01/30,1,250.09,250.09,,4.17,0,0,無,4,78000,0
ae3830b7-1c71-4e21-a4a2-f9d667873594,新北市私立福華幼兒園,新北市私立福華幼兒園,新北市私立福華幼兒園,私立,新莊區,徐立慧,,310,5200,1992/06/19,1,1645.0,1039.07,605.93,3.35,0,0,114-115,5,116000,0
ae5f88e5-6c2f-450f-87cc-da25dee305a6,新北市私立奇士華幼兒園,新北市私立奇士華幼兒園,新北市私立奇士華幼兒園,私立,土城區,梁秀娥,,40,4500,2003/05/09,1,163.77,163.77,,4.09,0,0,113-115,0,0,0
af8bbbfc-2c48-414c-b4f0-95daf37cad7c,新北市私立幼森幼兒園,新北市私立幼森幼兒園,新北市私立幼森幼兒園,私立,永和區,黃金櫻,,60,12000,2000/05/04,1,218.61,218.61,,3.64,0,0,無,1,60000,0
afaa15e7-3a45-442f-9365-b5f4f603aaa9,新北市私立幼親國際幼兒園,新北市私立幼親國際幼兒園,新北市私立幼親國際幼兒園,私立,三芝區,戴光治,,58,3800,2011/01/20,1,247.09,247.09,,4.26,0,0,113-115,0,0,0
afc5cb83-ded9-4a88-a026-a77b70c2d74d,新北市私立中冠幼兒園,新北市私立中冠幼兒園,新北市私立中冠幼兒園,私立,蘆洲區,林秋蓉,,28,9080,2001/04/24,1,121.06,121.06,,4.32,0,0,無,3,140000,0
b0100f5c-fd88-4f05-991b-80cfd2d63bde,新北市私立寧馨園幼兒園,新北市私立寧馨園幼兒園,新北市私立寧馨園幼兒園,私立,新莊區,林中堯,,39,9550,2001/07/24,1,150.0,150.0,,3.85,0,0,無,3,69000,0
b06d9bdc-e40b-4150-8f84-5f76f984380e,新北市私立唯爾幼兒園,新北市私立唯爾幼兒園,新北市私立唯爾幼兒園,私立,汐止區,李世玲,,50,15973,2002/01/24,1,274.31,274.31,,5.49,0,0,無,0,0,0
b07cf511-19e1-4791-bc6e-3ece1bda6b0f,新北市私立安迪芬幼兒園,新北市私立安迪芬幼兒園,新北市私立安迪芬幼兒園,私立,永和區,茆素瑛,,40,3000,2003/04/09,1,178.33,178.33,,4.46,0,0,115-115,1,6000,0
b0840436-dced-4689-8fc2-c1bd08bbe90e,新北市私立維多莉爾南天母幼兒園,新北市私立維多莉爾南天母幼兒園,新北市私立維多莉爾南天母幼兒園,私立,土城區,方綉媚,,65,3750,2002/06/10,1,592.0,292.0,300.0,4.49,0,0,113-115,0,0,0
b09b7ba5-49bb-49fc-bea3-042d340540a3,新北市私立華德幼兒園,新北市私立華德幼兒園,新北市私立華德幼兒園,私立,土城區,王舜慶,,69,10183,2000/10/07,1,282.2,244.99,,3.55,0,0,無,1,6000,0
b0b589d0-cce8-4280-bc19-82b3a2a8edf9,新北市私立小樹苗幼兒園,新北市私立小樹苗幼兒園,新北市私立小樹苗幼兒園,私立,三峽區,賀堅耀,,100,11700,1988/05/12,1,352.95,232.95,120.0,2.33,0,0,無,0,0,0
b0b6491d-d360-45a1-bf69-e3568c9450c0,新北市私立忠合幼兒園,新北市私立忠合幼兒園,新北市私立忠合幼兒園,私立,中和區,曹琮玉,,75,4540,1975/04/01,1,286.1,125.1,161.0,1.67,0,0,113-115,0,0,0
b0c19f69-21a1-45e5-99fc-1b70e49085a5,新北市私立新雙成幼兒園,新北市私立新雙成幼兒園,新北市私立新雙成幼兒園,私立,板橋區,劉怡君,,50,3750,2002/12/30,1,176.1,176.1,,3.52,0,0,113-115,1,3000,0
b0e697a7-b077-4d2e-a37a-982762dae166,新北市立淡水幼兒園福德分班,新北市立淡水幼兒園,新北市立淡水幼兒園,公立,淡水區,,,30,3706,2003/08/26,1,141.79,141.79,,4.73,0,0,無,0,0,0
b120943d-ab65-4d63-a48c-9fd5df6f9625,新北市私立心耶魯幼兒園,新北市私立心耶魯幼兒園,新北市私立心耶魯幼兒園,私立,板橋區,王晋盛,,38,4500,2003/07/01,1,133.91,133.91,,3.52,0,0,113-115,1,15000,0
b12d0d0b-87b1-4f4f-b8ae-2f7d02264ffc,中華郵政公司樹林三多郵局職場互助教保服務中心(委託社團法人臺灣兒童教育發展協會辦理),中華郵政公司樹林三多郵局職場互助教保服務中心(委託社團法人臺灣兒童教育發展協會辦理),中華郵政公司樹林三多郵局職場互助教保服務中心,私立,樹林區,簡名吟,社團法人臺灣兒童教育發展協會,40,2000,2022/08/04,1,253.27,253.27,,6.33,0,0,無,0,0,0
b152708e-2d96-4883-b006-4dde4855a98e,新北市私立泉慧幼兒園,新北市私立泉慧幼兒園,新北市私立泉慧幼兒園,私立,蘆洲區,翁水泉,,37,4500,2015/10/13,1,203.78,101.38,102.4,2.74,0,0,113-115,2,120000,0
b15d6acb-5c8b-40a5-9a44-03c50203fa7f,新北市三重區碧華國民小學附設幼兒園,新北市三重區碧華國民小學附設幼兒園,新北市三重區碧華國民小學附設幼兒園,公立,三重區,葉誌鑑,,210,3728,1989/08/30,1,2377.24,1747.24,630.0,8.32,0,0,無,0,0,0
b18735e6-e1d1-4625-8e87-c399b603feb8,新北市三峽區建安國民小學附設幼兒園,新北市三峽區建安國民小學附設幼兒園,新北市三峽區建安國民小學附設幼兒園,公立,三峽區,林美秀,,30,3728,1996/09/06,1,836.0,610.0,226.0,20.33,0,0,無,0,0,0
b1aaa1d0-a24b-444e-b591-2f6a66fd0e2a,新北市汐止區白雲國民小學附設幼兒園,新北市汐止區白雲國民小學附設幼兒園,新北市汐止區白雲國民小學附設幼兒園,公立,汐止區,施富有,,30,3728,1998/09/09,1,1766.0,360.0,1406.0,12.0,0,0,無,0,0,0
b1b8300b-d701-4376-beb5-b71dbc647fe1,新北市立三峽幼兒園龍埔分班,新北市立三峽幼兒園,新北市立三峽幼兒園,公立,三峽區,,,80,3706,1985/07/01,1,365.16,238.02,127.14,2.98,0,0,無,1,12000,0
b1fc71e8-1e46-4743-87f6-7351827187e3,新北市私立科見板橋幼兒園,新北市私立科見板橋幼兒園,新北市私立科見板橋幼兒園,私立,板橋區,侯光玲,,138,18169,2003/08/10,1,486.16,486.16,,3.52,0,0,無,6,153000,0
b247a74f-8a8b-42cd-aa53-8869d955cbe9,新北市私立幸運草幼兒園,新北市私立幸運草幼兒園,新北市私立幸運草幼兒園,私立,蘆洲區,戴嬡櫻,,57,10645,2002/12/04,0,201.59,154.58,47.01,2.71,0,0,無,1,50000,0
b2cd6a35-dc95-4055-94fb-cc83c11ba651,育才學校財團法人新北市私立育才國民小學附設幼兒園,育才學校財團法人新北市私立育才國民小學附設幼兒園,育才學校財團法人新北市私立育才國民小學附設幼兒園,私立,永和區,,,120,15256,1959/08/27,1,5300.0,2500.0,2800.0,20.83,0,0,無,4,192000,0
b2dfc870-6df3-45f0-84ab-765ef2d1d33e,新北市立泰山幼兒園,新北市立泰山幼兒園,新北市立泰山幼兒園,公立,泰山區,林耘伊,,121,3706,1970/01/01,1,895.62,532.62,363.0,4.4,0,0,無,1,12000,0
b2ec8f37-54a6-4791-830b-3434d6b1ebfe,新北市私立多比幼兒園,新北市私立多比幼兒園,新北市私立多比幼兒園,私立,蘆洲區,葉秉鋐,,37,14167,2008/11/18,1,153.47,129.57,,3.5,0,0,無,0,0,0
b37110b4-9813-4ff0-9133-1b613cac89a8,新北市樹林區文林國民小學附設幼兒園,新北市樹林區文林國民小學附設幼兒園,新北市樹林區文林國民小學附設幼兒園,公立,樹林區,張文斌,,182,3728,1994/04/20,1,2231.3,1116.3,1115.0,6.13,0,0,無,0,0,0
b3745023-72b7-44c4-89ef-a0fca6d5637a,新北市私立新乖乖幼兒園,新北市私立新乖乖幼兒園,新北市私立新乖乖幼兒園,私立,新店區,游金英,,33,4000,2002/09/26,1,153.2,153.2,,4.64,0,0,113-115,0,0,0
b469cebb-35a4-4dff-b993-79d8b5b17e39,新北市立五股幼兒園更新分班,新北市立五股幼兒園,新北市立五股幼兒園,公立,五股區,,,75,3706,2002/04/16,1,298.87,298.87,,3.98,0,0,無,0,0,0
b47a63e0-21b8-4eb6-adac-fbab3541c438,新北市立安康高級中學附設幼兒園,新北市立安康高級中學附設幼兒園,新北市立安康高級中學附設幼兒園,公立,新店區,謝順榮,,30,3728,1999/08/13,1,512.0,152.0,360.0,5.07,0,0,無,0,0,0
b4982ad9-ae8e-4528-8232-e922ee0eca31,新北市私立幼苗國際幼兒園,新北市私立幼苗國際幼兒園,新北市私立幼苗國際幼兒園,私立,三重區,黃碧娥,,228,10452,2002/05/30,1,1000.64,900.5,,3.95,0,0,無,16,800000,0
b4cfc3d1-8ebf-4b9c-98cd-5cb73ab8c714,新北市立中和幼兒園慈光分班,新北市立中和幼兒園,新北市立中和幼兒園,公立,中和區,,,81,3706,2008/10/21,1,365.04,365.01,,4.51,0,0,無,0,0,0
b51486a7-da59-49db-b90f-b10e79914e97,新北市私立貝吉堡幼兒園,新北市私立貝吉堡幼兒園,新北市私立貝吉堡幼兒園,私立,中和區,江姵辰,,60,4500,2008/10/20,1,219.44,219.44,,3.66,0,0,113-115,0,0,0
b58a8b05-52ac-42b2-9939-852a16ea2e8e,新北市立新店幼兒園碧潭分班,新北市立新店幼兒園,新北市立新店幼兒園,公立,新店區,,,60,4296,1977/09/01,1,386.78,328.22,58.56,5.47,0,0,無,0,0,0
b5c310cc-71bc-43b1-a86d-54db9d97f62e,新北市私立肯恩土城幼兒園,新北市私立肯恩土城幼兒園,新北市私立肯恩土城幼兒園,私立,土城區,曾鈴惠,,96,3000,2004/01/28,1,419.18,419.18,,4.37,0,1,114-115,9,501000,0
b5f704ff-be54-46f9-96e9-48a471982478,新北市私立迴龍幼兒園,新北市私立迴龍幼兒園,新北市私立迴龍幼兒園,私立,樹林區,林俊宏,,60,4500,1975/11/05,1,876.9,268.74,608.16,4.48,0,0,113-115,0,0,0
b60fdd07-6b86-47c2-ab12-bea0029b20ca,新北市汐止區北峰國民小學附設幼兒園,新北市汐止區北峰國民小學附設幼兒園,新北市汐止區北峰國民小學附設幼兒園,公立,汐止區,劉國華,,152,3728,1993/11/10,1,998.75,742.5,256.25,4.88,0,0,無,0,0,0
b65c5296-9d07-4d0c-ac78-a351e34c42e2,新北市土城區清水國民小學附設幼兒園,新北市土城區清水國民小學附設幼兒園,新北市土城區清水國民小學附設幼兒園,公立,土城區,吳瑞文,,196,3728,2000/09/14,1,1704.0,1116.0,348.0,5.69,0,0,無,0,0,0
b6804254-ae3f-4b99-808e-3ca14d856f28,新北市三重區厚德國民小學附設幼兒園,新北市三重區厚德國民小學附設幼兒園,新北市三重區厚德國民小學附設幼兒園,公立,三重區,潘志忠,,90,3728,1995/04/14,1,908.28,638.28,270.0,7.09,0,0,無,0,0,0
b6a946ec-82c4-4825-a51f-bca6d96654e6,新北市私立茁壯園中和幼兒園,新北市私立茁壯園中和幼兒園,新北市私立茁壯園中和幼兒園,私立,中和區,鄭廣權,,120,16648,1999/02/06,1,427.68,255.39,172.29,2.13,0,0,無,1,6000,0
b6e4fb47-798d-4b25-aa77-8e27088483f4,新北市私立頂埔幼兒園,新北市私立頂埔幼兒園,新北市私立頂埔幼兒園,私立,土城區,嚴雅筑,,80,4500,1979/07/15,1,280.24,120.12,160.12,1.5,0,0,113-115,0,0,0
b73b224d-b0fc-4798-815e-5eb3277e5993,新北市私立林口愛丁堡幼兒園,新北市私立林口愛丁堡幼兒園,新北市私立林口愛丁堡幼兒園,私立,林口區,蘇惠娟,,29,7900,2001/01/17,1,165.6,165.6,,5.71,0,0,無,0,0,0
b7e480b2-8345-4775-b44f-32a3ec85fb80,新北市板橋區文德國民小學附設幼兒園,新北市板橋區文德國民小學附設幼兒園,新北市板橋區文德國民小學附設幼兒園,公立,板橋區,李慧美,,120,3728,1995/01/16,1,1030.0,670.0,360.0,5.58,0,0,無,0,0,0
b80451d5-2b62-4fbb-8376-a25028d3c024,新北市私立新欣欣幼兒園,新北市私立新欣欣幼兒園,新北市私立新欣欣幼兒園,私立,三重區,簡玉娥,,117,15298,1982/07/01,1,440.0,175.5,264.4,1.5,0,0,無,1,15000,0
b85b6cd0-aec9-4216-b7fc-bc530bf27ee4,新北市私立喬中幼兒園,新北市私立喬中幼兒園,新北市私立喬中幼兒園,私立,樹林區,林承諺,,116,15070,2005/07/01,1,800.16,800.16,,6.9,0,1,無,3,45000,0
b90942c3-e766-4f79-8976-c97bc90eafca,新北市私立喬大幼兒園,新北市私立喬大幼兒園,新北市私立喬大幼兒園,私立,三重區,李素珍,,34,4600,2002/07/23,1,120.3,120.3,,3.54,0,0,115-115,0,0,0
b928d6b6-cd73-4005-aba4-bd36c40f7074,新北市淡水區育英國民小學附設幼兒園,新北市淡水區育英國民小學附設幼兒園,新北市淡水區育英國民小學附設幼兒園,公立,淡水區,陳東鴻,,60,3728,2012/08/01,1,3890.0,190.0,3700.0,3.17,0,0,無,1,18000,0
b98d8566-1e27-4237-b056-0f1d1a78be8b,新北市私立英勝幼兒園,新北市私立英勝幼兒園,新北市私立英勝幼兒園,私立,新莊區,楊明潭,,300,20700,2015/12/30,1,1582.0,1282.0,300.0,4.27,0,0,無,4,78000,0
b9b3812d-0ced-4421-a2d4-88c1d3e5e04a,新北市私立休士頓幼兒園,新北市私立休士頓幼兒園,新北市私立休士頓幼兒園,私立,土城區,楊慶鐘,,300,15100,2000/07/31,1,3678.06,2661.41,1016.65,8.87,0,0,無,6,144000,1
ba087a18-b29d-4815-99f3-196cd6d7fe78,新北市私立幼菁幼兒園,新北市私立幼菁幼兒園,新北市私立幼菁幼兒園,私立,板橋區,李健華,,70,14280,1982/12/28,1,358.38,160.98,197.4,2.3,0,0,無,0,0,0
ba475758-c5eb-456a-93cb-2a680a3faccd,新北市私立新寶兒幼兒園,新北市私立新寶兒幼兒園,新北市私立新寶兒幼兒園,私立,汐止區,張秀宇,,50,3000,2001/08/25,1,200.93,200.93,,4.02,0,0,115-115,0,0,0
ba7d7e03-b5cb-417b-93d5-2b3606bdd93f,新北市翠中非營利幼兒園(委託財團法人三之三生命教育基金會辦理),新北市翠中非營利幼兒園(委託財團法人三之三生命教育基金會辦理),新北市翠中非營利幼兒園,非營利,板橋區,吳文宗,財團法人三之三生命教育基金會,90,2000,2022/08/31,1,1430.0,680.0,750.0,7.56,0,0,無,0,0,0
bac2cfa0-0d60-4861-b935-d5ea5ce06d04,新北市立鶯歌國民中學附設幼兒園,新北市立鶯歌國民中學附設幼兒園,新北市立鶯歌國民中學附設幼兒園,公立,鶯歌區,江明泱,,76,3728,1999/08/24,1,816.0,428.0,388.0,5.63,0,0,無,0,0,0
bb0ccca3-321f-4e69-a7a3-bff247177591,新北市私立艾蒙幼兒園,新北市私立艾蒙幼兒園,新北市私立艾蒙幼兒園,私立,中和區,洪文俊,,34,7583,2006/03/31,1,163.19,120.78,,3.55,0,0,無,2,12000,0
bb163950-e6d4-4e74-92c5-3f6d5ae9ed1e,新北市板橋區沙崙國民小學附設幼兒園,新北市板橋區沙崙國民小學附設幼兒園,新北市板橋區沙崙國民小學附設幼兒園,公立,板橋區,徐福海,,196,3728,1993/11/08,1,1344.0,756.0,588.0,3.86,0,0,無,0,0,0
bb3654a1-875d-4eba-89a0-3a77c5fcccf7,新北市私立恬馨幼兒園,新北市私立恬馨幼兒園,新北市私立恬馨幼兒園,私立,板橋區,林庭安,,120,14274,1993/05/04,1,425.49,323.06,102.43,2.69,0,1,無,0,0,0
bb78af99-a134-4549-816a-48760de84fb4,新北市汐止區秀峰國民小學附設幼兒園,新北市汐止區秀峰國民小學附設幼兒園,新北市汐止區秀峰國民小學附設幼兒園,公立,汐止區,戴雲卿,,150,3728,1998/09/02,1,870.0,420.0,450.0,2.8,0,0,無,0,0,0
bb80c01b-b0c9-4225-bfaf-1ff10ad2b82c,新北市林口區南勢國民小學附設幼兒園,新北市林口區南勢國民小學附設幼兒園,新北市林口區南勢國民小學附設幼兒園,公立,林口區,張萬枝,,60,3728,1990/05/10,1,545.5,322.5,223.0,5.38,0,0,無,0,0,0
bb9ce49e-428c-40b2-ada8-4a5c6798ce8e,新北市私立喬聖幼兒園,新北市私立喬聖幼兒園,新北市私立喬聖幼兒園,私立,新莊區,林坤樹,,80,15070,2003/07/21,1,445.51,445.51,,5.57,0,0,無,1,6000,0
bb9f08c8-4b5d-42f5-9d62-dd1a2e96cd9b,新北市私立心世紀幼兒園,新北市私立心世紀幼兒園,新北市私立心世紀幼兒園,私立,板橋區,李嘉文,,59,16650,2001/09/28,1,236.77,236.77,,4.01,0,0,無,1,6000,0
bbc215f7-a63a-413d-a3fb-8d6d08c89cfa,新北市私立惠文領袖幼兒園,新北市私立惠文領袖幼兒園,新北市私立惠文領袖幼兒園,私立,新莊區,陳靜儀,,150,17142,1970/01/01,1,1116.08,718.29,397.79,4.79,0,0,無,2,9000,0
bbee8ed1-390e-4804-9929-64be44b38985,新北市立永和幼兒園福和分班,新北市立永和幼兒園,新北市立永和幼兒園,公立,永和區,,,80,3706,1983/07/01,1,639.41,639.41,,7.99,0,0,無,0,0,0
bc0ac35c-44a5-42f4-8c4e-b1f810ee4201,新北市鷺江非營利幼兒園(委託財團法人彭婉如文教基金會辦理),新北市鷺江非營利幼兒園(委託財團法人彭婉如文教基金會辦理),新北市鷺江非營利幼兒園,非營利,蘆洲區,郭淑雅,財團法人彭婉如文教基金會,106,2000,2017/07/06,1,1457.37,717.13,740.24,6.77,0,0,無,0,0,0
bc220eef-3c74-418e-82c4-b08d411f0637,新北市私立廣福幼兒園,新北市私立廣福幼兒園,新北市私立廣福幼兒園,私立,土城區,江麗雪,,120,4500,2000/10/02,1,543.31,,,,0,0,113-115,1,6000,0
bc407262-a175-4df5-aafc-1f8037299ab8,新北市私立富雅幼兒園,新北市私立富雅幼兒園,新北市私立富雅幼兒園,私立,樹林區,許為庠,,190,4320,2002/12/23,1,1185.23,1185.23,,6.24,0,0,113-115,3,660000,1
bc935f6f-712d-4912-bea9-2500b6e8751d,新北市貢寮區貢寮國民小學附設幼兒園,新北市貢寮區貢寮國民小學附設幼兒園,新北市貢寮區貢寮國民小學附設幼兒園,公立,貢寮區,楊小梅,,30,3728,1999/09/02,1,410.59,158.44,252.15,5.28,0,0,無,0,0,0
bc99c54d-535b-4360-b62c-f613c273b7da,新北市私立優兒幼兒園,新北市私立優兒幼兒園,新北市私立優兒幼兒園,私立,板橋區,簡美淑,,29,4500,2003/08/13,1,105.18,84.88,20.3,2.93,0,0,113-115,0,0,0
bd024eb5-4ed3-48ef-9e63-8b743bb8f3e9,新北市私立徠安幼兒園,新北市私立徠安幼兒園,新北市私立徠安幼兒園,私立,三重區,吳怡臻,,51,4320,2008/03/05,1,291.3,291.3,,5.71,0,0,113-115,0,0,0
bd61936d-35c2-4880-83f8-4644fdca0860,新北市私立子禕天地幼兒園,新北市私立子禕天地幼兒園,新北市私立子禕天地幼兒園,私立,三重區,舒德玟,,37,6080,2000/06/17,1,130.53,130.53,,3.53,0,0,113-115,0,0,0
bd907d7f-b6f7-4fc6-b8f5-2b433ce5d4da,新北市私立維多利亞幼兒園,新北市私立維多利亞幼兒園,新北市私立維多利亞幼兒園,私立,蘆洲區,林儀忠,,300,14356,1996/06/18,1,2495.31,2133.38,361.93,7.11,0,0,無,4,33000,0
bd91c5fd-6d09-4d11-ba1e-dca7d712e11c,建豐建設股份有限公司附設新北市私立卡爾維德幼兒園,建豐建設股份有限公司附設新北市私立卡爾維德幼兒園,建豐建設股份有限公司附設新北市私立卡爾維德幼兒園,私立,新莊區,陳柄武,,117,10917,2002/05/02,0,412.91,412.91,,3.53,0,0,無,0,0,0
be123bc4-aadf-425b-98f5-4f5c22f2b1db,新北市私立巧可麗巧宇幼兒園,新北市私立巧可麗巧宇幼兒園,新北市私立巧可麗巧宇幼兒園,私立,板橋區,沈怡文,,180,17028,2005/04/06,1,1225.74,1225.74,,6.81,0,0,無,1,6000,0
be7078ac-a662-4c79-84f0-e9ab45ac84e5,新北市私立晨暘幼兒園,新北市私立晨暘幼兒園,新北市私立晨暘幼兒園,私立,板橋區,陳麗萍,,140,10467,1998/03/24,1,516.47,516.47,,3.69,0,0,無,1,6000,0
be81ee84-6247-4adc-87ae-4201b8493acc,寶寶潛能開發股份有限公司附設新北市私立奇異鳥蘆洲幼兒園,寶寶潛能開發股份有限公司附設新北市私立奇異鳥蘆洲幼兒園,寶寶潛能開發股份有限公司附設新北市私立奇異鳥蘆洲幼兒園,私立,蘆洲區,高維偵,,160,23500,2016/12/19,1,931.85,753.57,178.28,4.71,0,0,無,1,6000,0
be9013dc-aefd-4dfb-a000-8db7cc3c7f9d,新北市汐止區汐止國民小學附設幼兒園,新北市汐止區汐止國民小學附設幼兒園,新北市汐止區汐止國民小學附設幼兒園,公立,汐止區,王俊杰,,90,3728,1995/09/11,1,1181.28,731.28,350.0,8.13,0,0,無,0,0,0
be9445d7-cbff-4ddc-9703-e33e781d6617,新北市瑞芳區鼻頭國民小學附設幼兒園,新北市瑞芳區鼻頭國民小學附設幼兒園,新北市瑞芳區鼻頭國民小學附設幼兒園,公立,瑞芳區,李延昌,,15,3728,2012/08/01,1,558.0,308.0,250.0,20.53,0,0,無,0,0,0
bf0709fa-3134-4dde-b5e3-64bcbcd22b2a,新北市三峽區三峽國民小學附設幼兒園,新北市三峽區三峽國民小學附設幼兒園,新北市三峽區三峽國民小學附設幼兒園,公立,三峽區,陳宥然,,180,3728,2000/07/27,1,1736.35,968.84,767.5,5.38,0,0,無,0,0,0
bf0bf99c-cdfa-4e52-a69f-32ea1d266c0e,新北市立淡水國民中學附設幼兒園,新北市立淡水國民中學附設幼兒園,新北市立淡水國民中學附設幼兒園,公立,淡水區,王潔雯,,120,3728,2000/04/03,1,1570.0,800.0,770.0,6.67,0,0,無,0,0,0
bf39bbd7-643c-4438-97d7-c27a685718a0,新北市私立樹林匯文幼兒園,新北市私立樹林匯文幼兒園,新北市私立樹林匯文幼兒園,私立,樹林區,馬薈平,,84,8500,1978/07/01,1,355.0,178.0,177.0,2.12,0,0,無,2,66000,0
bf3d5323-2596-4608-8e5d-f8d7f13f48e2,新北市私立翊華三重國際幼兒園,新北市私立翊華三重國際幼兒園,新北市私立翊華三重國際幼兒園,私立,三重區,葉威宏,,195,15888,2018/04/02,1,1082.58,795.14,287.44,4.08,0,0,無,3,126000,0
bfa53ee4-088a-4057-a6cb-22dcbb9ce619,新北市私立學華幼兒園,新北市私立學華幼兒園,新北市私立學華幼兒園,私立,五股區,蔡孟桂,,60,12115,2000/06/15,1,210.52,210.52,,3.51,0,0,無,2,12000,0
bfa5b1de-ff7b-4f23-bf30-acc40f8adf3b,新北市私立幼親幼兒園,新北市私立幼親幼兒園,新北市私立幼親幼兒園,私立,三芝區,戴光治,,32,3750,2000/03/24,1,193.74,133.75,59.99,4.18,0,0,113-115,0,0,0
bfde3f11-f7c9-4ae8-9288-3566c5c95d61,新北市私立小奈米幼兒園,新北市私立小奈米幼兒園,新北市私立小奈米幼兒園,私立,板橋區,江明哲,,95,4125,1981/02/15,1,335.68,260.27,75.41,2.74,0,0,113-115,3,72000,0
c00b775b-da35-41f5-9bdc-dba20bbc3bd3,新北市私立奧爾仕幼兒園,新北市私立奧爾仕幼兒園,新北市私立奧爾仕幼兒園,私立,永和區,江懿,,150,17000,1984/05/01,1,908.26,751.06,157.2,5.01,0,0,無,1,6000,0
c01cbc50-bc02-4d97-9e1a-6d0623736e1d,新北市立永和幼兒園,新北市立永和幼兒園,新北市立永和幼兒園,公立,永和區,宋國雄,,200,3706,1970/01/01,1,1236.46,1053.61,182.85,5.27,0,0,無,0,0,0
c028cf22-226c-4778-bd96-9c3680d7deba,新北市立深坑幼兒園,新北市立深坑幼兒園,新北市立深坑幼兒園,公立,深坑區,周寶華,,69,3706,1980/09/01,1,869.5,659.5,210.0,9.56,0,0,無,0,0,0
c02a1377-7c0e-440e-ba4d-341ab3d0ef05,新北市石碇區永定國民小學附設幼兒園,新北市石碇區永定國民小學附設幼兒園,新北市石碇區永定國民小學附設幼兒園,公立,石碇區,吳彦德,,15,3728,1999/08/12,1,705.0,205.0,500.0,13.67,0,0,無,0,0,0
c083d736-9d99-4a42-bfe5-0711da33a0ee,新北市私立土農幼兒園,新北市私立土農幼兒園,新北市私立土農幼兒園,私立,土城區,馬鈺淇,,159,12733,2002/06/10,1,564.62,264.62,300.0,1.66,0,0,無,1,3000,0
c0a81561-f3a1-4500-a0ff-cbcf3f5f9b8d,新北市私立華邇街美善幼兒園,新北市私立華邇街美善幼兒園,新北市私立華邇街美善幼兒園,私立,林口區,蔡清雯,,72,3000,2019/02/11,1,405.51,184.2,221.31,2.56,0,0,115-115,0,0,0
c0ae9780-98b9-403d-a2f0-fb2734651509,新北市私立力品幼兒園,新北市私立力品幼兒園,新北市私立力品幼兒園,私立,板橋區,林春鎂,,60,8388,1983/12/22,1,464.0,157.91,306.09,2.63,0,0,無,0,0,0
c10db83d-fa02-4973-aace-0fca86cb5339,新北市私立威妮斯特堡幼兒園,新北市私立威妮斯特堡幼兒園,新北市私立威妮斯特堡幼兒園,私立,三重區,林偉力,,170,3750,2002/01/29,1,744.38,601.13,143.25,3.54,0,0,113-115,1,6000,0
c138a917-993c-427f-8e50-f8f95526cd66,新北市私立振鋒幼兒園,新北市私立振鋒幼兒園,新北市私立振鋒幼兒園,私立,五股區,李威達,,150,11973,1999/05/18,1,875.83,305.83,570.0,2.04,0,0,無,3,69000,0
c16c4b1d-e5dc-463e-929b-c009bf16b449,新北市私立七賢幼兒園,新北市私立七賢幼兒園,新北市私立七賢幼兒園,私立,永和區,周重元,,60,12567,1984/01/26,1,489.0,139.0,265.0,2.32,0,0,無,9,291000,0
c2118411-fd31-4d8e-ab00-9a4c9a9148ab,新北市私立華登幼兒園,新北市私立華登幼兒園,新北市私立華登幼兒園,私立,中和區,施采吟,,36,13333,2001/09/06,1,128.75,128.75,,3.58,0,0,無,1,50000,0
c2a40f0a-fb87-4eb7-94a6-8a92343cf596,新北市私立芯宇幼兒園,新北市私立芯宇幼兒園,新北市私立芯宇幼兒園,私立,板橋區,李敏睿,,40,10682,1999/03/22,1,154.88,154.88,,3.87,0,0,無,0,0,0
c2be30fb-ba8e-4053-8a6b-a8ebe2f693ab,新北市私立僑治亞頭前幼兒園,新北市私立僑治亞頭前幼兒園,新北市私立僑治亞頭前幼兒園,私立,新莊區,陳秀旻,,34,15306,2003/05/28,1,165.63,119.73,,3.52,0,0,無,0,0,0
c32588bc-1f4e-46df-8fce-9373b4f88a01,新北市私立淡水新興幼兒園,新北市私立淡水新興幼兒園,新北市私立淡水新興幼兒園,私立,淡水區,林福來,,90,14281,2000/01/21,1,428.0,321.54,,3.57,0,0,無,0,0,0
c3524b87-3191-4f47-bce6-466ae04e3dd2,新北市私立逸德幼兒園,新北市私立逸德幼兒園,新北市私立逸德幼兒園,私立,中和區,黃子芩,,34,4500,1980/11/19,1,120.79,90.6,30.19,2.66,0,0,113-115,2,12000,0
c366019e-32ea-4083-b9e9-2503e64704a4,新北市私立雙和巨星幼兒園,新北市私立雙和巨星幼兒園,新北市私立雙和巨星幼兒園,私立,中和區,康均瑤,,59,8075,2004/02/02,0,208.46,208.46,,3.53,0,0,無,5,204000,0
c3774dae-b8ac-4760-9630-f2d78c586b74,新北市私立晴幼幼兒園,新北市私立晴幼幼兒園,新北市私立晴幼幼兒園,私立,泰山區,劉育榕,,36,6160,1989/05/02,1,212.1,67.1,145.0,1.86,0,0,無,2,18000,0
c38cfbd0-d110-4bed-bec1-b4a31cf3120a,康軒文教事業股份有限公司附設新北市私立員工幼兒園,康軒文教事業股份有限公司附設新北市私立員工幼兒園,康軒文教事業股份有限公司附設新北市私立員工幼兒園,私立,新店區,李萬吉,,267,28445,2003/01/27,1,942.4,942.4,,3.53,0,0,無,2,9000,0
c3a9de4a-36f0-4e54-8147-fe944ff56c9d,新北市立二重國民中學附設幼兒園,新北市立二重國民中學附設幼兒園,新北市立二重國民中學附設幼兒園,公立,三重區,游翔越,,152,3728,2018/08/01,1,951.84,525.84,426.0,3.46,0,0,無,2,12000,0
c3bf932a-247d-4033-ac04-5df8060a91bf,新北市板橋區後埔國民小學附設幼兒園,新北市板橋區後埔國民小學附設幼兒園,新北市板橋區後埔國民小學附設幼兒園,公立,板橋區,黃清海,,120,3728,1995/09/11,1,1339.0,480.0,859.0,4.0,0,0,無,0,0,0
c403c948-6bdf-4c31-9060-9ade2bba8bae,新北市板橋區板橋國民小學附設幼兒園,新北市板橋區板橋國民小學附設幼兒園,新北市板橋區板橋國民小學附設幼兒園,公立,板橋區,華志仁,,180,3728,1997/09/10,1,1080.0,540.0,540.0,3.0,0,0,無,0,0,0
c45c9b1b-c312-4479-af7d-7b4131c65018,新北市立光榮國民中學附設幼兒園,新北市立光榮國民中學附設幼兒園,新北市立光榮國民中學附設幼兒園,公立,三重區,黃居正,,210,3728,1999/08/21,1,1560.0,930.0,630.0,4.43,0,0,無,0,0,0
c4931f30-cb54-4142-9956-f57fc6309b1c,新北市私立佳思美幼兒園,新北市私立佳思美幼兒園,新北市私立佳思美幼兒園,私立,蘆洲區,李慧芬,,39,3750,2000/05/31,1,137.18,137.18,,3.52,0,0,113-115,0,0,0
c4b87fe7-b6c3-4906-8031-aafc1b726275,新北市私立兒童天地幼兒園,新北市私立兒童天地幼兒園,新北市私立兒童天地幼兒園,私立,三重區,蔡王麗美,,27,4125,2000/04/18,1,125.52,125.52,,4.65,0,0,113-115,0,0,0
c4dfc227-d58b-48e6-8e28-10f0fb910793,新北市私立育碩幼兒園,新北市私立育碩幼兒園,新北市私立育碩幼兒園,私立,淡水區,許育禎,,52,4540,2001/06/06,1,184.38,184.38,,3.55,0,0,113-115,0,0,0
c51f4fd2-9a7d-44a5-a040-b972f31bedbc,新北市私立艾寶貝幼兒園,新北市私立艾寶貝幼兒園,新北市私立艾寶貝幼兒園,私立,蘆洲區,陳勇志,,50,4606,1997/05/23,1,122.14,122.14,,2.44,0,0,113-115,1,6000,0
c5462926-50e2-46ea-a6fe-2380804cfdfe,新北市私立崇儒幼兒園,新北市私立崇儒幼兒園,新北市私立崇儒幼兒園,私立,中和區,王亦佳,,30,13373,2012/04/10,0,133.76,106.13,,3.54,0,0,112-112,2,21000,0
c558faff-9a62-44e8-bd80-f4abc07532dd,新北市私立新象幼兒園,新北市私立新象幼兒園,新北市私立新象幼兒園,私立,深坑區,柯淑華,,70,11883,1998/02/15,1,305.53,243.65,61.88,3.48,0,0,無,0,0,0
c58f269c-ac15-441e-ad90-2101726f63ed,新北市私立心語幼兒園,新北市私立心語幼兒園,新北市私立心語幼兒園,私立,林口區,劉婕盈,,60,27267,1993/04/13,1,211.39,211.39,,3.52,0,0,無,0,0,0
c5d3b7c8-5e4d-461f-b8e8-cfe9332d8b68,新北市私立喬安幼兒園,新北市私立喬安幼兒園,新北市私立喬安幼兒園,私立,泰山區,林坤樹,,80,15070,2000/07/10,1,298.05,298.05,,3.73,0,0,無,2,12000,0
c5f39e2a-8019-4a23-82a4-8dc5ec7d90e0,新北市私立新大華幼兒園,新北市私立新大華幼兒園,新北市私立新大華幼兒園,私立,汐止區,嚴明嬌,,139,4200,1997/08/23,1,587.08,587.08,,4.22,0,0,113-115,3,15000,0
c607f0c9-1b01-4a03-8974-59e385b67e73,新北市私立三愛幼兒園,新北市私立三愛幼兒園,新北市私立三愛幼兒園,私立,新店區,陳麗瓔,,90,10000,1983/02/10,1,427.68,233.28,194.4,2.59,0,0,無,2,12000,0
c67b59e4-d573-4aba-b75f-3d3e98bc899c,新北市泰山區同榮國民小學附設幼兒園,新北市泰山區同榮國民小學附設幼兒園,新北市泰山區同榮國民小學附設幼兒園,公立,泰山區,廖明正,,212,3728,1999/10/08,1,2643.19,1985.99,657.2,9.37,0,0,無,0,0,0
c6a63455-b921-45f8-8662-6f4af26cb7cd,新北市私立崇幼幼兒園,新北市私立崇幼幼兒園,新北市私立崇幼幼兒園,私立,汐止區,林裕騰,,56,4500,2000/12/27,1,235.08,235.08,,4.2,0,0,113-115,3,180000,0
c6bbcdde-300a-4fb1-9277-4f79f684eade,新北市私立慧晟幼兒園,新北市私立慧晟幼兒園,新北市私立慧晟幼兒園,私立,板橋區,曾玉梅,,45,4500,2002/07/24,1,158.42,158.42,,3.52,0,0,113-115,3,180000,0
c6d06e99-6371-4c72-871c-6c48cfe91565,新北市私立土城名仁幼兒園,新北市私立土城名仁幼兒園,新北市私立土城名仁幼兒園,私立,土城區,洪春夏,,47,4500,1986/06/25,1,164.85,83.7,81.15,1.78,0,0,113-115,0,0,0
c6db2a95-d811-4817-b84e-749790135b09,新北市私立育榕幼兒園,新北市私立育榕幼兒園,新北市私立育榕幼兒園,私立,泰山區,劉育榕,,29,6160,2005/07/04,1,102.39,102.39,,3.53,0,0,無,1,6000,0
c72f572e-c5b1-4d07-a37d-c3673f419018,新北市中和區景新國民小學附設幼兒園,新北市中和區景新國民小學附設幼兒園,新北市中和區景新國民小學附設幼兒園,公立,中和區,黃文賢,,212,3728,1994/02/01,1,1837.0,1197.0,640.0,5.65,0,0,無,0,0,0
c74dfa8f-217e-4afc-b783-763edb000d27,新北市私立智文幼兒園,新北市私立智文幼兒園,新北市私立智文幼兒園,私立,三峽區,王淑如,,74,10167,2010/01/13,0,261.37,261.37,,3.53,0,0,無,1,90000,0
c7517545-596b-4677-b25b-b33e9079573b,新北市私立慈祐幼兒園,新北市私立慈祐幼兒園,新北市私立慈祐幼兒園,私立,中和區,陳喬麟,,120,3750,2021/09/10,1,618.15,436.89,181.26,3.64,0,0,113-115,0,0,0
c7939e0f-8591-442a-a7a5-2bedebffb47d,新北市私立道安幼兒園,新北市私立道安幼兒園,新北市私立道安幼兒園,私立,板橋區,陳紗,,70,3750,1979/03/07,1,322.0,260.14,,3.72,0,0,113-115,0,0,0
c7fb2da3-6682-4e26-9dc6-4be0f54dd3dc,新北市林口區瑞平國民小學附設幼兒園,新北市林口區瑞平國民小學附設幼兒園,新北市林口區瑞平國民小學附設幼兒園,公立,林口區,范瑞瑩,,30,3728,2001/08/17,1,320.0,230.0,90.0,7.67,0,0,無,0,0,0
c81ef7f4-75d8-4009-9cc5-c3e451dab650,新北市私立宏仁蒙特梭利幼兒園,新北市私立宏仁蒙特梭利幼兒園,新北市私立宏仁蒙特梭利幼兒園,私立,中和區,林佳盈,,30,17837,2020/09/10,1,270.2,132.92,124.0,4.43,0,0,無,0,0,0
c831268b-0e52-44ec-932e-3969c173862f,新北市新林非營利幼兒園(委託明新學校財團法人明新科技大學辦理),新北市新林非營利幼兒園(委託明新學校財團法人明新科技大學辦理),新北市新林非營利幼兒園,非營利,林口區,呂明峯,明新學校財團法人明新科技大學,136,2000,2018/07/05,1,938.0,635.0,303.0,4.67,0,0,無,0,0,0
c8333e3a-272d-426e-9ea7-a03b9da8707c,新北市私立榮富日光幼兒園,新北市私立榮富日光幼兒園,新北市私立榮富日光幼兒園,私立,新莊區,朱國禎,,366,2000,2026/06/16,1,,,,,0,0,無,0,0,0
c8513495-6c41-4489-9a38-35c721e2fc03,內政部國土管理署北區都市基礎工程分署職場互助教保服務中心(委託社團法人中華音樂舞蹈暨表演藝術教育協會辦理),內政部國土管理署北區都市基礎工程分署職場互助教保服務中心(委託社團法人中華音樂舞蹈暨表演藝術教育協會辦理),內政部國土管理署北區都市基礎工程分署職場互助教保服務中心,私立,中和區,邱健凱,社團法人中華音樂舞蹈暨表演藝術教育協會,30,2000,2022/08/05,1,185.32,90.48,,3.02,0,0,無,0,0,0
c86a8912-1546-40c1-bb69-d2c57eb9db43,新北市私立慈惠幼兒園,新北市私立慈惠幼兒園,新北市私立慈惠幼兒園,私立,板橋區,拾聚億,,60,4125,1975/03/11,1,258.6,116.8,,1.95,0,0,113-115,5,54000,0
c8b6934e-5070-4449-87aa-e2c11a4b2933,新北市私立精英國際幼兒園,新北市私立精英國際幼兒園,新北市私立精英國際幼兒園,私立,鶯歌區,張書語,,151,4500,2020/08/04,1,928.2526,515.04,413.2126,3.41,0,0,113-115,7,128000,0
c8e8bdbe-ad6e-4bf5-a726-bd7c8ef27aef,財團法人天主教會臺北教區附設新北市私立玫瑰幼兒園,財團法人天主教會臺北教區附設新北市私立玫瑰幼兒園,財團法人天主教會臺北教區附設新北市私立玫瑰幼兒園,私立,中和區,鍾安住,,120,11738,1983/01/20,0,,,,,0,0,無,0,0,0
c9213eb8-ddff-44a1-9f3a-61cffc92363d,新北市私立樂韻幼兒園,新北市私立樂韻幼兒園,新北市私立樂韻幼兒園,私立,新店區,郭于瑄,,56,4615,1974/09/18,1,263.7,135.8,127.9,2.43,0,0,115-115,0,0,0
c94f1c2d-4700-4062-841f-4fb5240f5233,新北市私立集賢幼兒園,新北市私立集賢幼兒園,新北市私立集賢幼兒園,私立,蘆洲區,曾麗娟,,165,17333,2017/07/31,1,1277.131,786.04,491.091,4.76,0,0,無,4,132000,0
c9c672a3-ac68-4d5e-a9a3-497693d25a43,新北市私立劍聲幼兒園,新北市私立劍聲幼兒園,新北市私立劍聲幼兒園,私立,新店區,翁德彬,,150,17167,1983/06/29,1,480.0,286.63,173.37,1.91,0,0,無,4,15000,0
c9db2acc-ec78-4809-b1a6-e4f4483a3e4b,新北市私立汐止名人幼兒園,新北市私立汐止名人幼兒園,新北市私立汐止名人幼兒園,私立,汐止區,王寶珠,,50,4000,1997/07/04,1,281.11,281.11,,5.62,0,0,115-115,11,489000,0
c9f3a87e-8604-4c25-8117-19999b30fc9a,新北市私立彬彬幼兒園,新北市私立彬彬幼兒園,新北市私立彬彬幼兒園,私立,板橋區,吳俊毅,,150,4000,1980/03/19,1,1195.0,551.96,643.04,3.68,0,0,113-115,1,6000,0
ca6aa335-2f20-4e75-b392-7f981b4c6e4c,新北市私立美敦幼兒園,新北市私立美敦幼兒園,新北市私立美敦幼兒園,私立,蘆洲區,彭愛主,,47,3750,2002/11/15,1,165.88,165.88,,3.53,0,0,113-115,1,6000,0
cac7ae9f-669b-4f00-b658-5419e2675761,新北市私立佳欣中正幼兒園,新北市私立佳欣中正幼兒園,新北市私立佳欣中正幼兒園,私立,新店區,王選南,,42,3750,2003/11/21,1,147.43,147.43,,3.51,0,0,113-115,0,0,0
cac87fcb-acbd-42e7-b9e8-2d5b4565676a,新北市立五股幼兒園陸一分班,新北市立五股幼兒園,新北市立五股幼兒園,公立,五股區,,,60,3706,2013/04/15,1,672.1,672.1,,11.2,0,0,無,0,0,0
cad6a2c0-9de9-40d1-9997-bba61371e027,新北市私立文理幼兒園,新北市私立文理幼兒園,新北市私立文理幼兒園,私立,新莊區,陳豪宙,,75,3750,1985/08/01,1,264.59,164.53,100.06,2.19,0,0,113-115,1,6000,0
cae0ea01-2533-4370-90a1-e4419baedad8,新北市私立歡樂寶貝熊幼兒園,新北市私立歡樂寶貝熊幼兒園,新北市私立歡樂寶貝熊幼兒園,私立,淡水區,劉寶琳,,55,5500,1999/12/22,1,202.32,202.32,,3.68,0,0,113-115,1,60000,0
cb28d4c8-9c76-4c63-8c77-380d27a2a7e5,奇異林股份有限公司附設新北市私立奇異鳥麗林幼兒園,奇異林股份有限公司附設新北市私立奇異鳥麗林幼兒園,奇異林股份有限公司附設新北市私立奇異鳥麗林幼兒園,私立,林口區,李志鴻,,65,23500,2010/04/23,1,248.74,248.74,,3.83,0,0,無,5,87000,0
cb80a8cb-f3a2-4a2b-85e6-b2e97ff19822,新北市私立佳佳安幼兒園,新北市私立佳佳安幼兒園,新北市私立佳佳安幼兒園,私立,蘆洲區,陳莞荽,,57,4500,1983/05/01,1,243.67,243.67,,4.27,0,0,113-115,0,0,0
cba857c0-f695-49dd-b014-4b9a39b3dd64,新北市私立慈霖幼兒園,新北市私立慈霖幼兒園,新北市私立慈霖幼兒園,私立,土城區,呂理勝,,190,16350,2008/10/07,1,864.61,864.61,,4.55,0,1,無,0,0,0
cbd17ee5-7c7a-405c-a4f7-baec4e9989eb,新北市私立佳欣北新幼兒園,新北市私立佳欣北新幼兒園,新北市私立佳欣北新幼兒園,私立,新店區,王選南,,60,3750,2000/08/31,1,,,,,0,0,113-115,1,60000,0
cbf0ef75-bb62-4e2a-8b04-7d1c453277aa,新北市板橋區埔墘國民小學附設幼兒園,新北市板橋區埔墘國民小學附設幼兒園,新北市板橋區埔墘國民小學附設幼兒園,公立,板橋區,劉能賢,,286,3728,1998/09/25,1,1908.0,1050.0,858.0,3.67,0,0,無,0,0,0
cbfcd564-063a-45f7-bb04-348adda2d6ef,新北市私立民德義泉幼兒園,新北市私立民德義泉幼兒園,新北市私立民德義泉幼兒園,私立,中和區,何佳霖,,39,3500,2011/07/19,1,250.3,139.16,,3.57,0,0,114-115,0,0,0
cc1eac21-0964-4170-9d32-c2a21349c93d,新北市私立澄品幼兒園,新北市私立澄品幼兒園,新北市私立澄品幼兒園,私立,樹林區,涂富英,,80,14740,1983/03/30,1,318.0,222.0,96.0,2.77,0,0,無,0,0,0
cc3aa836-3d27-4842-9d9c-a8c091f52722,新北市三多非營利幼兒園(委託廣亞學校財團法人設立之廣亞學校財團法人育達科技大學辦理),新北市三多非營利幼兒園(委託廣亞學校財團法人設立之廣亞學校財團法人育達科技大學辦理),新北市三多非營利幼兒園,非營利,樹林區,王育文,廣亞學校財團法人設立之廣亞學校財團法人育達科技大學,90,2000,2018/07/20,1,1600.15,876.85,723.3,9.74,0,0,無,0,0,0
cc5daae7-b65f-4f54-969d-fc684e6b2220,新北市私立愛麗兒幼兒園,新北市私立愛麗兒幼兒園,新北市私立愛麗兒幼兒園,私立,汐止區,李敏華,,29,4500,2000/04/25,1,103.85,103.85,,3.58,0,0,113-115,0,0,0
ccab52c1-1640-432b-8235-bee35068df96,新北市私立雄林國際幼兒園,新北市私立雄林國際幼兒園,新北市私立雄林國際幼兒園,私立,蘆洲區,林伯翰,,350,28083,2025/03/26,1,2140.25,1726.46,413.79,4.93,0,0,無,0,0,0
ccb16d64-46a3-48ce-8c2e-9f3e388f2cf7,新北市私立永昇幼兒園,新北市私立永昇幼兒園,新北市私立永昇幼兒園,私立,土城區,李惠娟,,86,15341,2010/09/03,1,304.44,304.44,,3.54,0,0,無,1,6000,0
cd064d9b-14a7-4c5c-8994-f279ae66ee06,新北市金山區金山國民小學附設幼兒園美田分班,新北市金山區金山國民小學附設幼兒園,新北市金山區金山國民小學附設幼兒園,公立,金山區,,,55,3728,2024/08/01,1,355.31,190.31,165.0,3.46,0,0,無,0,0,0
cd384bce-451d-4c3c-a73a-9e6a713ffb09,新北市私立光星幼兒園,新北市私立光星幼兒園,新北市私立光星幼兒園,私立,板橋區,羅錫賢,,60,14153,1977/01/20,1,163.0,78.0,85.0,1.3,0,0,無,0,0,0
cd825bc8-2871-4a90-a6e3-a092d34ac42c,新北市私立奇異鳥幼兒園,新北市私立奇異鳥幼兒園,新北市私立奇異鳥幼兒園,私立,新莊區,張翠倩,,120,23500,2011/03/03,1,512.96,512.96,,4.27,0,0,無,3,72000,0
cd93bea7-d995-4bb6-8d6e-d7cb9ac49d02,新北市立樹林幼兒園山佳分班,新北市立樹林幼兒園,新北市立樹林幼兒園,公立,樹林區,,,50,3706,1972/02/01,1,258.32,166.8,91.52,3.34,0,0,無,0,0,0
cd986e57-c6a9-4ede-8778-248c985b803a,新北市三峽區農會附設新北市私立幼兒園,新北市三峽區農會附設新北市私立幼兒園,新北市三峽區農會附設新北市私立幼兒園,私立,三峽區,張永巨,,89,12317,1998/04/21,1,299.03,209.52,33.95,2.35,0,0,無,3,126000,0
cda05448-ce10-4f38-91d4-b78e74aa2f00,新北市私立汐止一二三幼兒園,新北市私立汐止一二三幼兒園,新北市私立汐止一二三幼兒園,私立,汐止區,李世珍,,66,16088,1998/02/19,1,363.08,265.22,,4.02,0,0,無,0,0,0
cdc92d41-66fd-4c61-b720-a73e9fb6fdbc,新北市私立沐野幼兒園,新北市私立沐野幼兒園,新北市私立沐野幼兒園,私立,中和區,葉智偉,,30,2000,2001/04/26,1,122.43,122.43,,4.08,0,0,113-115,0,0,0
ce6b3689-60a6-4b56-bf6a-a9d91233eb74,新北市瑞芳區瑞濱國民小學附設幼兒園,新北市瑞芳區瑞濱國民小學附設幼兒園,新北市瑞芳區瑞濱國民小學附設幼兒園,公立,瑞芳區,梁淑媛,,60,3728,1999/09/28,1,520.0,204.0,316.0,3.4,0,0,無,0,0,0
cedb09ac-5e6f-427d-b9ad-423024c71d88,新北市永翠非營利幼兒園（委託社團法人新北市多元教育協會辦理）,新北市永翠非營利幼兒園（委託社團法人新北市多元教育協會辦理）,新北市永翠非營利幼兒園,非營利,板橋區,簡平成,社團法人新北市多元教育協會,166,2000,2025/09/17,1,1406.7,1046.33,360.28,6.3,0,0,無,0,0,0
ceee7546-505f-4c16-b576-b796ab770cc1,新北市私立成德幼兒園,新北市私立成德幼兒園,新北市私立成德幼兒園,私立,新莊區,林國霖,,90,10817,2005/05/26,1,1068.78,543.69,218.69,6.04,0,0,無,0,0,0
cf120adb-abd4-4d50-8d5e-130f1c519919,新北市私立樂樂童年幼兒園,新北市私立樂樂童年幼兒園,新北市私立樂樂童年幼兒園,私立,淡水區,施逸萁,,241,19233,2019/08/01,1,1709.21,1335.46,373.75,5.54,0,0,無,0,0,0
cf1dd075-132e-4c0a-afa2-500ae4f6698b,新北市私立愛丁堡幼兒園,新北市私立愛丁堡幼兒園,新北市私立愛丁堡幼兒園,私立,蘆洲區,谷淑香,,120,17467,2003/12/05,1,1005.5,743.11,262.39,6.19,0,0,無,2,69000,0
cf8b7872-0cf7-42b8-b52d-5414975256c7,新北市私立京揚幼兒園,新北市私立京揚幼兒園,新北市私立京揚幼兒園,私立,土城區,郭志和,,31,19575,2004/07/15,1,142.86,142.86,,4.61,0,0,無,2,12000,0
cf8be783-fd0e-40ba-90ea-5bf83d057a07,新北市私立勝利幼兒園,新北市私立勝利幼兒園,新北市私立勝利幼兒園,私立,中和區,楊承勳,,79,4500,1976/07/01,1,276.05,180.2,95.85,2.28,0,0,113-115,0,0,0
cfc12ddb-f8d7-4e76-95dd-3beb2627ad69,新北市私立永錡光華幼兒園,新北市私立永錡光華幼兒園,新北市私立永錡光華幼兒園,私立,新莊區,許耀基,,37,10433,2000/10/13,1,173.77,151.67,22.1,4.1,0,0,無,0,0,0
cfd52b92-b80f-467a-9fac-370847017819,新北市私立聖雅幼兒園,新北市私立聖雅幼兒園,新北市私立聖雅幼兒園,私立,五股區,翁琦鴻,,48,4500,2000/10/02,1,198.12,198.12,,4.13,0,0,113-115,0,0,0
d01abef8-ebb3-4dd8-861b-e5c3d77117b8,新北市新莊區昌隆國民小學附設幼兒園,新北市新莊區昌隆國民小學附設幼兒園,新北市新莊區昌隆國民小學附設幼兒園,公立,新莊區,唐玉真,,212,3728,1993/09/21,1,1799.0,925.0,874.0,4.36,0,0,無,0,0,0
d028a98f-42da-44de-b711-b0e5a9bac0d4,新北市私立丹妮爾幼兒園,新北市私立丹妮爾幼兒園,新北市私立丹妮爾幼兒園,私立,土城區,王舜慶,,88,10383,2012/07/24,1,392.31,252.68,,2.87,0,0,無,2,120000,0
d07a996a-5cc8-46e8-a014-6956b1d31878,新北市鶯歌區永吉國民小學附設幼兒園,新北市鶯歌區永吉國民小學附設幼兒園,新北市鶯歌區永吉國民小學附設幼兒園,公立,鶯歌區,鍾信昌,,60,3728,1999/12/24,1,1465.0,344.0,777.0,5.73,0,0,無,0,0,0
d0c2aae3-173a-49f5-b30e-a5b8f5679b02,新北市私立鶯歌芝麻村幼兒園,新北市私立鶯歌芝麻村幼兒園,新北市私立鶯歌芝麻村幼兒園,私立,鶯歌區,張育婷,,304,13926,2001/05/31,1,4275.98,1090.02,3185.96,3.59,0,0,無,0,0,0
d146fe7a-5820-4286-b5cf-1e26db78417e,新北市私立小康幼兒園,新北市私立小康幼兒園,新北市私立小康幼兒園,私立,板橋區,涂福增,,48,4320,1976/10/23,1,290.4,168.43,,3.51,0,0,113-115,0,0,0
d14b5aca-625a-4f9a-961c-a079cb70c67d,新北市私立普登幼兒園,新北市私立普登幼兒園,新北市私立普登幼兒園,私立,淡水區,羅路加,,42,5000,2008/08/28,1,149.15,149.15,,3.55,0,0,113-115,1,6000,0
d1593649-cd42-4325-a826-900e719f0680,新北市私立南蒂亞幼兒園,新北市私立南蒂亞幼兒園,新北市私立南蒂亞幼兒園,私立,林口區,曾榮章,,115,16236,2000/07/29,0,790.0,430.0,360.0,3.74,0,1,無,13,663000,0
d1a252c3-5474-4512-a861-ccf3147d3ca9,新北市立三重高級中學附設幼兒園,新北市立三重高級中學附設幼兒園,新北市立三重高級中學附設幼兒園,公立,三重區,曾慧媚,,106,3728,1970/01/01,1,1248.0,888.0,360.0,8.38,0,0,無,0,0,0
d1d3d0f6-f97a-4203-8592-5a3aba4e26da,新北市淡水區新興國民小學附設幼兒園,新北市淡水區新興國民小學附設幼兒園,新北市淡水區新興國民小學附設幼兒園,公立,淡水區,李連成,,90,3728,1995/09/18,1,913.0,451.0,462.0,5.01,0,0,無,0,0,0
d1df93a0-0f90-49d1-8d2c-9fb54fd0bbf7,新北市私立溫馨幼兒園,新北市私立溫馨幼兒園,新北市私立溫馨幼兒園,私立,板橋區,楊美玲,,60,4500,1999/03/10,1,210.11,173.49,36.62,2.89,0,0,113-115,0,0,0
d1f8871d-0429-495c-a9da-96735dcbe2a0,新北市鶯歌區鶯歌國民小學附設幼兒園,新北市鶯歌區鶯歌國民小學附設幼兒園,新北市鶯歌區鶯歌國民小學附設幼兒園,公立,鶯歌區,簡聰義,,60,3728,1996/08/01,1,630.0,340.0,290.0,5.67,0,0,無,0,0,0
d278e786-2fb9-4da3-bf30-96f39df13c55,新北市私立民族幼兒園,新北市私立民族幼兒園,新北市私立民族幼兒園,私立,蘆洲區,陳麗珍,,60,8633,2003/05/12,1,234.63,211.315,,3.52,0,0,無,1,18000,0
d28efddf-cef7-4a02-9cfc-a71e1c358ad6,新北市永和區永平國民小學附設幼兒園,新北市永和區永平國民小學附設幼兒園,新北市永和區永平國民小學附設幼兒園,公立,永和區,唐永安,,274,3728,1989/08/30,1,1961.4,1061.6,735.0,3.87,0,0,無,0,0,0
d29c87d0-2ebb-478e-bd87-55df0110397b,新北市私立蘆洲星辰幼兒園,新北市私立蘆洲星辰幼兒園,新北市私立蘆洲星辰幼兒園,私立,蘆洲區,陳麗珍,,40,9433,2000/07/06,1,176.28,176.28,,4.41,0,0,無,0,0,0
d2bfca28-9d01-4d4d-a9ff-a46d29d28bf4,新北市五股區更寮國民小學附設幼兒園,新北市五股區更寮國民小學附設幼兒園,新北市五股區更寮國民小學附設幼兒園,公立,五股區,賴玉粉,,60,3728,1993/06/28,1,486.88,231.88,255.0,3.86,0,0,無,0,0,0
d2eff62f-d4d8-4b66-9af4-d74c49bfadf0,新北市私立崴崴幼兒園,新北市私立崴崴幼兒園,新北市私立崴崴幼兒園,私立,汐止區,許杜楊,,29,17000,2004/05/31,1,136.11,136.11,,4.69,0,0,無,0,0,0
d30a71b4-ba0d-4247-87e0-0f332d84eb28,新北市私立民華幼兒園,新北市私立民華幼兒園,新北市私立民華幼兒園,私立,永和區,劉月仙,,49,15807,2001/06/11,1,229.41,173.99,,3.55,0,0,無,0,0,0
d3267254-7f73-4c59-a7d7-30eb61f5b837,新北市私立禾米國際幼兒園,新北市私立禾米國際幼兒園,新北市私立禾米國際幼兒園,私立,新店區,吳政勲,,45,22400,2020/02/14,1,305.77,161.25,144.52,3.58,0,0,無,1,6000,0
d34bfb97-3f91-48cb-9b84-a00e8b2d69f0,新北市私立蘋果苑藝術幼兒園,新北市私立蘋果苑藝術幼兒園,新北市私立蘋果苑藝術幼兒園,私立,淡水區,林意恩,,60,2000,2026/07/31,1,,,,,0,0,無,0,0,0
d3529bca-98d5-4761-9ff3-40ee3716d1dc,新北市私立景光幼兒園,新北市私立景光幼兒園,新北市私立景光幼兒園,私立,中和區,陳芝宇,,40,9818,2001/04/16,1,140.0,126.73,13.27,3.17,0,0,無,16,987000,0
d38a3b99-3387-4bb5-b221-d9e2798b84e2,新北市私立凱樂幼兒園,新北市私立凱樂幼兒園,新北市私立凱樂幼兒園,私立,土城區,吳啟弘,,50,3750,2006/06/14,1,181.98,181.98,,3.64,0,0,113-115,0,0,0
d3d18119-54fa-46b0-924c-422220743708,新北市私立重新幼兒園,新北市私立重新幼兒園,新北市私立重新幼兒園,私立,三重區,簡怡君,,57,16952,2011/01/13,1,200.06,200.06,,3.51,0,0,無,5,101000,0
d4a8dcb8-8648-417f-98dd-d27810fa1b55,新北市瑞芳區九份國民小學附設幼兒園,新北市瑞芳區九份國民小學附設幼兒園,新北市瑞芳區九份國民小學附設幼兒園,公立,瑞芳區,劉淑惠,,30,4028,1989/08/30,1,279.0,189.0,90.0,6.3,0,0,無,0,0,0
d4aee1a7-f4cb-4a91-8544-f14cf51205c8,新北市私立天鵝園幼兒園,新北市私立天鵝園幼兒園,新北市私立天鵝園幼兒園,私立,三重區,陳宛柔,,34,8525,2002/07/16,1,120.52,120.52,,3.54,0,0,無,3,15000,0
d4e276d5-12f9-400d-a5b1-afe844aa4595,新北市私立比弗利幼兒園,新北市私立比弗利幼兒園,新北市私立比弗利幼兒園,私立,永和區,邱燕玲,,63,14406,2000/11/07,1,291.27,222.09,,3.53,0,0,無,1,6000,0
d53860da-c6f1-44b3-929b-961a4c7b9c60,新北市中和區錦和國民小學附設幼兒園,新北市中和區錦和國民小學附設幼兒園,新北市中和區錦和國民小學附設幼兒園,公立,中和區,洪靜春,,196,3728,1993/07/21,1,1858.0,1138.0,720.0,5.81,0,0,無,0,0,0
d55ed72e-896e-43cc-a131-0bece6c3d632,新北市私立長興幼兒園,新北市私立長興幼兒園,新北市私立長興幼兒園,私立,蘆洲區,郭淑娟,,86,21417,2012/05/10,1,,,,,0,0,無,2,9000,0
d56efb83-bf6b-4142-9068-a522e9dbf124,新北市五股區五股國民小學附設幼兒園,新北市五股區五股國民小學附設幼兒園,新北市五股區五股國民小學附設幼兒園,公立,五股區,謝正平,,106,3728,1993/12/08,1,896.0,576.0,320.0,5.43,0,0,無,0,0,0
d5910125-29a0-436f-bc58-09d6b178ed87,新北市立土城國民中學附設幼兒園,新北市立土城國民中學附設幼兒園,新北市立土城國民中學附設幼兒園,公立,土城區,徐淑芬,,106,3706,1999/08/26,1,1011.6,693.6,318.0,6.54,0,0,無,0,0,0
d5df7547-7a9e-42b5-8280-6bb114a85486,新北市私立汐止皇家幼兒園,新北市私立汐止皇家幼兒園,新北市私立汐止皇家幼兒園,私立,汐止區,賴德仁,,200,21500,2004/01/12,1,1317.78,1317.78,,6.59,0,0,無,5,99000,0
d5fe4214-cb9e-456e-b923-0666c2549a46,財團法人新北市私立聖心國民小學附設新北市私立善牧園幼兒園,財團法人新北市私立聖心國民小學附設新北市私立善牧園幼兒園,財團法人新北市私立聖心國民小學附設新北市私立善牧園幼兒園,私立,八里區,林沛英,,210,8123,1997/08/01,0,6066.32,1420.61,4645.71,6.76,0,0,無,0,0,0
d61a1eba-cf26-4627-b11a-15bf04a64a57,新北市私立緹家寶幼兒園,新北市私立緹家寶幼兒園,新北市私立緹家寶幼兒園,私立,板橋區,陳偉豪,,68,4500,2003/06/30,1,302.5,240.01,,3.53,0,1,114-115,13,233000,1
d6323aea-bb9f-43fd-9065-afda30b807fe,新北市私立及仁幼兒園,新北市私立及仁幼兒園,新北市私立及仁幼兒園,私立,鶯歌區,張振發,,151,10203,2008/07/23,1,1928.29,780.12,1148.17,5.17,0,0,無,11,380000,2
d6545095-8a02-469c-a129-98804aebfdcf,新北市私立艾美樂幼兒園,新北市私立艾美樂幼兒園,新北市私立艾美樂幼兒園,私立,三重區,胡張淑玲,,51,13775,2002/07/29,1,204.2,179.95,,3.53,0,0,無,0,0,0
d6558788-9d80-44fb-9e5b-812514df83c0,新北市私立探索幼兒園,新北市私立探索幼兒園,新北市私立探索幼兒園,私立,三重區,張碧玉,,60,18007,2004/05/18,1,249.58,249.58,,4.16,0,0,無,0,0,0
d66ce8b1-140a-4054-9615-14dce942b7b2,新北市私立全球幼兒園,新北市私立全球幼兒園,新北市私立全球幼兒園,私立,土城區,鄭旭茱,,63,3750,2000/11/07,1,222.11,222.11,,3.53,0,0,113-115,1,6000,0
d6d90775-8fce-4484-ba73-54e85b4f2849,海納川全人教育股份有限公司附設新北市私立艾倫戴爾幼兒園,海納川全人教育股份有限公司附設新北市私立艾倫戴爾幼兒園,海納川全人教育股份有限公司附設新北市私立艾倫戴爾幼兒園,私立,新莊區,拾聚億,,811,39133,2022/06/09,1,3930.14,2281.12,1649.02,2.81,0,0,無,5,79000,0
d74dda2b-213b-49d8-bbc9-39c37395edd7,新北市私立愛林幼兒園,新北市私立愛林幼兒園,新北市私立愛林幼兒園,私立,林口區,孫福忠,,60,9727,2001/04/09,1,500.0,300.0,200.0,5.0,0,0,無,0,0,0
d78ee303-84a2-4f74-a520-7c91c0c0236b,新北市私立何嘉仁得和幼兒園,新北市私立何嘉仁得和幼兒園,新北市私立何嘉仁得和幼兒園,私立,永和區,黃秀靜,,408,17721,2002/03/06,1,1430.93,1430.93,,3.51,0,0,無,0,0,0
d7f8145b-81c0-45a0-955f-ba5ea3f95354,新北市新莊區榮富國民小學附設幼兒園,新北市新莊區榮富國民小學附設幼兒園,新北市新莊區榮富國民小學附設幼兒園,公立,新莊區,陳月滿,,60,3728,1993/11/02,1,452.0,252.0,200.0,4.2,0,0,無,0,0,0
d7f9ff32-f3de-465b-912e-4592e31cd683,財團法人福智文教基金會附設新北市澄心職場互助教保服務中心,財團法人福智文教基金會附設新北市澄心職場互助教保服務中心,財團法人福智文教基金會附設新北市澄心職場互助教保服務中心,私立,汐止區,陳全成,,60,4125,2024/07/11,1,745.0,745.0,,12.42,0,0,113-115,0,0,0
d8042ceb-2ebe-4721-b5e7-fd361d1778eb,新北市私立啟文幼兒園,新北市私立啟文幼兒園,新北市私立啟文幼兒園,私立,三重區,陳鳳珠,,110,4600,2002/01/17,1,392.58,392.58,,3.57,0,0,115-115,2,12000,0
d83d1269-2c8c-431b-bdec-1d410ed6fcc5,新北市私立喬一幼兒園,新北市私立喬一幼兒園,新北市私立喬一幼兒園,私立,板橋區,林銘聰,,100,18500,2004/06/15,1,589.57,589.57,,5.9,0,0,無,2,126000,0
d8bf292d-85c6-48b9-90a2-64cc1d8af3e3,新北市私立立德幼兒園,新北市私立立德幼兒園,新北市私立立德幼兒園,私立,汐止區,陳銘和,,135,10305,2009/11/06,1,584.99,584.99,,4.33,0,1,無,4,30000,0
d8dfb998-2388-465e-a749-11d650a33d85,新北市私立北大幼兒園,新北市私立北大幼兒園,新北市私立北大幼兒園,私立,三峽區,宋玉珠,,60,4500,2003/03/21,1,,,,,0,0,113-115,0,0,0
d8e8bcd6-1a17-4d35-b6ac-958b529317e8,新北市私立育群幼兒園,新北市私立育群幼兒園,新北市私立育群幼兒園,私立,板橋區,李雪梅,,66,4500,1977/07/26,1,300.97,300.97,,4.56,0,0,113-115,4,75000,0
d8fbb391-8185-4d0c-98ad-407f3012abb6,新北市私立炫媽咪幼兒園,新北市私立炫媽咪幼兒園,新北市私立炫媽咪幼兒園,私立,新店區,張明道,,85,15391,2002/07/22,1,387.11,387.11,,4.55,0,0,無,0,0,0
d9937023-a54d-4f49-b9f8-d4ccdb575dfc,新北市私立宏修幼兒園,新北市私立宏修幼兒園,新北市私立宏修幼兒園,私立,鶯歌區,王黃碧蘭,,100,4500,2001/01/05,1,366.93,203.1,163.83,2.03,0,0,113-115,1,9000,0
d9f14a26-3513-4507-ac74-8afe42dd29bc,新北市私立翔祥幼兒園,新北市私立翔祥幼兒園,新北市私立翔祥幼兒園,私立,林口區,江束,,84,14995,1998/10/21,1,383.04,214.23,168.81,2.55,0,0,無,0,0,0
d9f5480a-24bc-44bf-bbef-c5f78aa32e08,新北市新莊區思賢國民小學附設幼兒園,新北市新莊區思賢國民小學附設幼兒園,新北市新莊區思賢國民小學附設幼兒園,公立,新莊區,李高財,,226,3728,1986/04/23,1,1757.0,1079.0,678.0,4.77,0,0,無,0,0,0
da27d793-d822-4199-95cc-4edea0a6f092,新北市私立象寶園幼兒園,新北市私立象寶園幼兒園,新北市私立象寶園幼兒園,私立,三重區,金瑃美,,66,12850,2002/03/06,1,231.24,164.74,66.5,2.5,0,0,無,2,18000,0
da28d522-a405-4117-a59a-c4999d79befb,新北市佳和非營利幼兒園(委託康寧學校財團法人康寧大學辦理),新北市佳和非營利幼兒園(委託康寧學校財團法人康寧大學辦理),新北市佳和非營利幼兒園,非營利,中和區,陳清溪,康寧學校財團法人康寧大學,106,2000,2023/09/26,1,749.1,404.86,344.23,3.82,0,0,無,0,0,0
da2e53e7-0007-4af5-ae2c-2c8493e9810b,新北市私立楷模幼兒園,新北市私立楷模幼兒園,新北市私立楷模幼兒園,私立,新莊區,廖建華,,104,12100,2003/12/22,1,452.02,366.04,,3.52,0,0,無,2,63000,0
da43e58a-01d3-476f-8d39-b9de73acb5de,新北市鶯歌區鳳鳴國民小學附設幼兒園,新北市鶯歌區鳳鳴國民小學附設幼兒園,新北市鶯歌區鳳鳴國民小學附設幼兒園,公立,鶯歌區,吳木樹,,181,3728,1996/09/06,1,2053.0,1293.0,760.0,7.14,0,0,無,0,0,0
da5193a8-a3d7-4f88-bb57-6ae9ec0e3e6b,新北市私立延吉幼兒園,新北市私立延吉幼兒園,新北市私立延吉幼兒園,私立,土城區,洪碩希,,32,4320,2004/07/12,1,159.38,159.38,,4.98,0,0,115-115,0,0,0
da653ab7-7b76-45fe-8131-a5cbee48ebd1,新北市私立愛丁堡探索幼兒園,新北市私立愛丁堡探索幼兒園,新北市私立愛丁堡探索幼兒園,私立,淡水區,陳又禎,,166,22200,2024/11/15,1,2339.52,713.93,1625.59,4.3,0,0,無,0,0,0
dae8502a-c037-4ac8-908f-8d70b9a3a9fe,新北市立柑園國民中學附設幼兒園,新北市立柑園國民中學附設幼兒園,新北市立柑園國民中學附設幼兒園,公立,樹林區,黃淑君,,60,3728,2012/08/01,1,408.24,270.0,138.24,4.5,0,0,無,0,0,0
dafd240f-3f7f-4db3-99af-e8a9aedc5721,新北市私立幼強幼兒園,新北市私立幼強幼兒園,新北市私立幼強幼兒園,私立,土城區,林錦蓮,,100,3000,1982/08/01,1,574.19,374.19,200.0,3.74,0,0,114-115,1,60000,0
db0297b1-8a08-498b-9e30-aab335107ea5,新北市立五股幼兒園德音分班,新北市立五股幼兒園,新北市立五股幼兒園,公立,五股區,,,120,3706,1985/07/01,1,2840.1,1454.34,1385.76,12.12,0,0,無,2,120000,0
db1b54c1-b1f2-459e-9db1-4e58a8ed3e14,新北市私立育太幼兒園,新北市私立育太幼兒園,新北市私立育太幼兒園,私立,板橋區,黃柏瑞,,178,5000,2004/03/11,1,623.7,513.69,110.01,2.89,0,0,115-115,1,6000,0
db59c701-8e8b-4632-99aa-c42220981f38,新北市私立詠樂幼兒園,新北市私立詠樂幼兒園,新北市私立詠樂幼兒園,私立,土城區,黃彥騰,,73,4500,2003/05/28,1,371.06,256.44,,3.51,0,0,113-115,1,6000,0
db79dc4f-f5f9-42e0-b760-1d1dc56db82b,新北市私立實栽童心幼兒園,新北市私立實栽童心幼兒園,新北市私立實栽童心幼兒園,私立,新店區,蔡濟安,,60,11117,1985/07/25,0,254.88,219.72,35.16,3.66,0,0,無,8,125000,0
dc03e2d3-db76-48d4-8127-e45520f690ea,新北市私立立信幼兒園,新北市私立立信幼兒園,新北市私立立信幼兒園,私立,板橋區,謝瑞珠,,57,11450,1981/03/01,1,220.56,220.56,,3.87,0,1,無,2,15000,0
dc329e9e-5763-4912-917f-4b3edf80cdb1,新北市私立智翔幼兒園,新北市私立智翔幼兒園,新北市私立智翔幼兒園,私立,板橋區,葉惠玲,,50,3750,1999/05/03,1,4473.899,4473.899,,89.48,0,0,113-115,2,21000,0
dc3c9d37-b4f4-4531-b50c-59ce65120b5c,新北市私立心翔幼兒園,新北市私立心翔幼兒園,新北市私立心翔幼兒園,私立,泰山區,王麗玲,,31,4615,2004/12/15,1,111.47,111.47,,3.6,0,0,114-115,0,0,0
dc571ef5-a5e5-4e41-bbd5-41fbc1272ca4,新北市私立文林幼兒園,新北市私立文林幼兒園,新北市私立文林幼兒園,私立,樹林區,陳麗存,,60,12241,1979/07/01,1,275.97,142.17,133.8,2.37,0,0,無,0,0,0
dc5bd7fe-1d67-43c8-a558-9ac0735574be,新北市私立肯妮斯幼兒園,新北市私立肯妮斯幼兒園,新北市私立肯妮斯幼兒園,私立,三重區,張義雄,,65,4500,2009/05/19,1,293.71,293.71,,4.52,0,0,113-115,0,0,0
dc671b2c-e2d1-4814-bef1-7d41fba87051,新北市立林口幼兒園文化分班,新北市立林口幼兒園,新北市立林口幼兒園,公立,林口區,,,46,3706,2023/08/01,1,471.11,305.11,166.0,6.63,0,0,無,0,0,0
dc995f6c-894d-48ca-a99b-fa77c05ec6a1,新北市立明志國民中學附設幼兒園,新北市立明志國民中學附設幼兒園,新北市立明志國民中學附設幼兒園,公立,三重區,楊明源,,196,3728,1999/08/30,1,1941.87,1012.4,929.47,5.17,0,0,無,0,0,0
dca69252-6799-484f-8dcf-0cd218174d72,新北市貢寮區貢寮國民小學附設幼兒園龍門分班,新北市貢寮區貢寮國民小學附設幼兒園,新北市貢寮區貢寮國民小學附設幼兒園,公立,貢寮區,,,15,3728,2018/08/01,1,1364.58,178.58,1186.0,11.91,0,0,無,0,0,0
dcbbfbfe-fa00-4edb-beec-951ca614dae1,新北市私立安欣幼兒園,新北市私立安欣幼兒園,新北市私立安欣幼兒園,私立,中和區,邱燕玲,,30,4125,1999/03/02,1,105.5,105.5,,3.52,0,0,113-115,0,0,0
dcc9f76c-7516-4ee6-a515-91ef8f56a931,新北市私立永育兒童城幼兒園,新北市私立永育兒童城幼兒園,新北市私立永育兒童城幼兒園,私立,永和區,蔡里鈞,,98,10300,1997/08/05,0,343.07,343.07,,3.5,0,0,無,0,0,0
dd17ca26-50f1-4758-abf8-6f2f16f44c1a,新北市私立惠文兒童領袖幼兒園,新北市私立惠文兒童領袖幼兒園,新北市私立惠文兒童領袖幼兒園,私立,三重區,劉俊宏,,237,15975,2003/11/28,1,866.95,866.95,,3.66,0,0,無,4,33000,0
dd33439b-13ed-402e-bc27-0be5e78a4de1,新北市三重區永福國民小學附設幼兒園,新北市三重區永福國民小學附設幼兒園,新北市三重區永福國民小學附設幼兒園,公立,三重區,蔡明貴,,60,3728,1994/11/18,1,451.0,271.0,180.0,4.52,0,0,無,0,0,0
dd5f0469-7732-4500-8b38-fbb55290b6df,新北市私立樺興幼兒園,新北市私立樺興幼兒園,新北市私立樺興幼兒園,私立,瑞芳區,詹淑娥,,60,3750,1993/03/01,1,484.32,212.06,272.26,3.53,0,0,113-115,3,75000,0
ddd713e8-82fc-4044-af3b-f5081eccf198,新北市私立華盛頓幼兒園,新北市私立華盛頓幼兒園,新北市私立華盛頓幼兒園,私立,五股區,呂文綾,,270,13689,1999/09/29,1,1041.076,1041.076,,3.86,0,1,無,2,9000,0
de02ab8e-2266-4463-b462-2541642b4657,新北市私立光華幼兒園,新北市私立光華幼兒園,新北市私立光華幼兒園,私立,蘆洲區,邱雅均,,263,4500,1994/12/29,1,1953.35,806.62,1146.73,3.07,0,0,113-115,4,78000,0
de088738-5fa8-4b22-9d47-54dc2a948203,新北市私立宏鶯幼兒園,新北市私立宏鶯幼兒園,新北市私立宏鶯幼兒園,私立,鶯歌區,陳金盞,,55,4500,1998/12/21,1,289.52,195.36,,3.55,0,0,113-115,2,56000,0
de1d35ee-09f5-4123-8b7e-eca39d945022,財團法人新北市私立及人國民小學附設新北市私立幼兒園,財團法人新北市私立及人國民小學附設新北市私立幼兒園,財團法人新北市私立及人國民小學附設新北市私立幼兒園,私立,永和區,,,300,11338,1952/01/01,1,2323.15,1144.43,1063.45,3.81,0,0,無,0,0,0
de663397-00fa-41ee-a49f-fc3dca3c5cc1,新北市三重區五華國民小學附設幼兒園,新北市三重區五華國民小學附設幼兒園,新北市三重區五華國民小學附設幼兒園,公立,三重區,葉綉燕,,120,3728,1994/01/21,1,1553.37,607.5,945.87,5.06,0,0,無,0,0,0
de94b80f-f2b3-4e11-a0b2-2fe860dade1b,新北市私立新寰宇國際幼兒園,新北市私立新寰宇國際幼兒園,新北市私立新寰宇國際幼兒園,私立,三重區,林悅瑂,,180,20382,2021/04/12,1,872.918,625.918,247.0,3.48,0,0,無,1,9000,0
deb48e81-e003-4c9c-9105-80c29e4d503b,新北市新店區新和國民小學附設幼兒園,新北市新店區新和國民小學附設幼兒園,新北市新店區新和國民小學附設幼兒園,公立,新店區,李正琳,,212,3728,1996/09/06,1,1671.078,1065.078,606.0,5.02,0,0,無,1,6000,0
dee6d12d-b6aa-451f-a6f0-d7ee60e39b7d,功學社教育用品股份有限公司附設新北市私立燕翔幼兒園,功學社教育用品股份有限公司附設新北市私立燕翔幼兒園,功學社教育用品股份有限公司附設新北市私立燕翔幼兒園,私立,蘆洲區,王皓,,130,14323,2006/01/18,1,714.0,549.0,165.0,4.22,0,0,無,0,0,0
defceb44-8c58-4e5e-97df-4601bbad1dca,新北市私立馨園幼兒園,新北市私立馨園幼兒園,新北市私立馨園幼兒園,私立,蘆洲區,鄭淑燕,,40,14867,2006/09/26,1,179.64,179.64,,4.49,0,0,無,0,0,0
df2dbb2e-4ab0-460a-aef5-597739263ad2,新北市私立艾維恩四維幼兒園,新北市私立艾維恩四維幼兒園,新北市私立艾維恩四維幼兒園,私立,板橋區,許為庠,,61,4200,2009/04/20,1,247.66,247.66,,4.06,0,1,113-115,8,75000,0
df65b2a1-e05d-420e-aa85-8a752e351c9d,新北市私立皇佳幼兒園,新北市私立皇佳幼兒園,新北市私立皇佳幼兒園,私立,板橋區,拾天億,,51,8550,1977/12/31,0,296.53,187.28,109.25,3.67,0,0,無,11,218000,0
dfab035f-e04d-4840-8ecb-11880b2fce12,新北市私立中和松柏幼兒園,新北市私立中和松柏幼兒園,新北市私立中和松柏幼兒園,私立,中和區,吳碧芳,,60,3750,1982/11/29,1,433.0,244.6,188.4,4.08,0,0,113-115,2,69000,0
dfdad258-8004-429a-aa99-8d67e4ba3400,新北市蘆洲區忠義國民小學附設幼兒園,新北市蘆洲區忠義國民小學附設幼兒園,新北市蘆洲區忠義國民小學附設幼兒園,公立,蘆洲區,賴森華,,30,3728,2003/08/19,1,858.0,442.0,416.0,14.73,0,0,無,0,0,0
dfe33fb7-a85f-49e0-97e2-458db82b2df7,新北市碧城非營利幼兒園(委託社團法人中華音樂舞蹈暨表演藝術教育協會辦理),新北市碧城非營利幼兒園(委託社團法人中華音樂舞蹈暨表演藝術教育協會辦理),新北市碧城非營利幼兒園,非營利,三重區,邱健凱,社團法人中華音樂舞蹈暨表演藝術教育協會,120,2000,2021/07/30,1,1498.75,1095.92,402.83,9.13,0,0,無,2,9000,0
dfef52a3-f8c1-439c-b081-fa894a0551a8,新北市私立深緣幼兒園,新北市私立深緣幼兒園,新北市私立深緣幼兒園,私立,深坑區,洪明德,,45,4500,2001/09/05,1,158.22,158.22,,3.52,0,0,113-115,1,60000,0
dff00ebe-2685-4543-aa09-023476a9a81c,新北市中華電信江翠職場互助教保服務中心（委託社團法人台灣幼兒早期教育協會辦理）,新北市中華電信江翠職場互助教保服務中心（委託社團法人台灣幼兒早期教育協會辦理）,新北市中華電信江翠職場互助教保服務中心,私立,板橋區,江尚明,社團法人台灣幼兒早期教育協會,50,2000,2022/08/26,1,187.64,187.64,,3.75,0,0,無,2,12000,0
e03bfe7f-32b8-40e6-84cd-0a50d11e90a4,新北市私立禾芮幼兒園,新北市私立禾芮幼兒園,新北市私立禾芮幼兒園,私立,中和區,黃國沛,,23,20120,2023/02/24,1,283.01,204.37,23.13,8.89,0,0,無,0,0,0
e04d2848-3544-427a-b063-ec94bca018e0,新北市立土城幼兒園清水分班,新北市立土城幼兒園,新北市立土城幼兒園,公立,土城區,,,45,3706,1979/08/01,1,375.77,306.2,69.57,6.8,0,0,無,0,0,0
e057547a-3b11-4109-94b6-caa253313a88,新北市私立永達幼兒園,新北市私立永達幼兒園,新北市私立永達幼兒園,私立,永和區,張小田,,90,4500,1976/03/23,1,410.5,235.5,175.0,2.62,0,0,113-115,4,132000,0
e09addda-b344-4f66-9d10-896468d30b50,新北市私立育全保安幼兒園,新北市私立育全保安幼兒園,新北市私立育全保安幼兒園,私立,樹林區,蕭惠燕,,456,4540,2001/10/24,1,1790.63,735.0,1055.63,1.61,0,1,113-115,5,192000,0
e0ce292e-a2ac-46e1-9dcd-a9b03edd95a8,小太陽教育事業股份有限公司附設新北市私立小太陽美學幼兒園,小太陽教育事業股份有限公司附設新北市私立小太陽美學幼兒園,小太陽教育事業股份有限公司附設新北市私立小太陽美學幼兒園,私立,永和區,羅慧卿,,93,6800,2004/12/13,1,327.96,327.96,,3.53,0,0,114-115,0,0,0
e0ee7859-8df5-4f94-8303-54f2d91514a4,新北市私立愛林城堡幼兒園,新北市私立愛林城堡幼兒園,新北市私立愛林城堡幼兒園,私立,林口區,孫福忠,,176,9727,2012/02/22,1,658.28,590.28,68.0,3.35,0,0,無,0,0,0
e130c7b5-0ce6-4bba-9755-aee40d27e305,新北市中園非營利幼兒園(委託財團法人成長文教基金會辦理),新北市中園非營利幼兒園(委託財團法人成長文教基金會辦理),新北市中園非營利幼兒園,非營利,三峽區,陳筠安,財團法人成長文教基金會,136,2000,2019/07/30,1,1684.05,1214.05,470.0,8.93,0,0,無,0,0,0
e17cc896-a8fb-471e-999a-7aa8993886cd,新北市私立立新幼兒園,新北市私立立新幼兒園,新北市私立立新幼兒園,私立,土城區,郭雅芬,,48,13873,2000/09/18,1,204.36,204.36,,4.26,0,0,無,2,36000,0
e17eb5a5-59a1-4935-9ff3-3aee4a5d0742,夏恩國際教育股份有限公司附設新北市私立夏恩昌隆幼兒園,夏恩國際教育股份有限公司附設新北市私立夏恩昌隆幼兒園,夏恩國際教育股份有限公司附設新北市私立夏恩昌隆幼兒園,私立,新莊區,陳文貴,,67,20000,2004/04/21,1,234.57,234.57,,3.5,0,0,無,1,60000,0
e1b33481-95f5-4acf-8bdb-6ca56da9b4ad,新北市私立劍橋幼兒園,新北市私立劍橋幼兒園,新北市私立劍橋幼兒園,私立,蘆洲區,沈書衣,,151,15732,2003/03/31,1,804.23,585.365,218.865,3.88,0,0,無,1,60000,0
e1cc4f14-019f-4f9e-9ac6-e003690c1b4a,新北市金山區中角國民小學附設幼兒園,新北市金山區中角國民小學附設幼兒園,新北市金山區中角國民小學附設幼兒園,公立,金山區,童新峯,,30,3728,1997/09/11,1,261.0,171.0,90.0,5.7,0,0,無,0,0,0
e1fe6333-13fe-40e7-a8fe-28d2d64136eb,新北市私立聖中幼兒園,新北市私立聖中幼兒園,新北市私立聖中幼兒園,私立,中和區,林清松,,50,11810,1979/07/01,1,803.39,252.96,550.43,5.06,0,0,無,9,198000,0
e2bc0caf-4b86-4bab-a200-0eee53e298dc,新北市私立迪仕尼幼兒園,新北市私立迪仕尼幼兒園,新北市私立迪仕尼幼兒園,私立,中和區,莊美秀,,32,10667,1999/04/07,1,148.85,110.8,,3.46,0,0,無,4,78000,0
e2f29417-5c73-45dd-ba33-3fb39c2cb44d,新北市私立康乃爾幼兒園,新北市私立康乃爾幼兒園,新北市私立康乃爾幼兒園,私立,鶯歌區,余秀鳳,,75,10900,1998/07/10,1,1247.47,227.52,1019.95,3.03,0,0,無,5,141000,0
e31b3c75-ab4f-463a-bbff-76b62b0c22d5,新北市私立育圃幼兒園,新北市私立育圃幼兒園,新北市私立育圃幼兒園,私立,永和區,錢侶廷,,50,21849,2011/04/11,1,211.55,211.55,,4.23,0,0,無,0,0,0
e34cced0-7837-4c70-8e2d-031e0942a03e,新北市私立禾森幼兒園,新北市私立禾森幼兒園,新北市私立禾森幼兒園,私立,林口區,陳柏璇,,63,23715,2021/08/13,1,417.6,226.5,191.1,3.6,0,0,無,0,0,0
e354470d-596a-422d-bf6e-56ad4c881493,新北市私立裕德幼兒園,新北市私立裕德幼兒園,新北市私立裕德幼兒園,私立,土城區,廖裕德,,600,14237,2001/07/31,1,3259.78,1850.05,1409.73,3.08,0,0,無,1,6000,0
e39c0502-e59a-4aee-9caf-8fcb66839548,新北市私立偉恩幼兒園,新北市私立偉恩幼兒園,新北市私立偉恩幼兒園,私立,中和區,羅清海,,90,12500,1988/07/01,1,1074.92,336.92,738.0,3.74,0,0,無,0,0,0
e3ab5d52-bfb7-4de6-bc8f-21f9064d3c37,新北市私立精緻之家幼兒園,新北市私立精緻之家幼兒園,新北市私立精緻之家幼兒園,私立,板橋區,陳成禹,,34,4500,2000/05/01,1,164.74,119.94,,3.53,0,0,113-115,0,0,0
e3b4597a-fa9a-49ca-9b80-3b5884c37b0a,新北市立烏來幼兒園,新北市立烏來幼兒園,新北市立烏來幼兒園,公立,烏來區,葉珮蓉,,45,3706,1976/09/01,1,595.9,522.12,70.78,11.6,0,0,無,0,0,0
e3ea126e-e857-48af-8ec3-5c3b59a35f27,新北市私立凱怡幼兒園,新北市私立凱怡幼兒園,新北市私立凱怡幼兒園,私立,五股區,王永順,,30,12606,2000/07/15,1,131.9,131.9,,4.4,0,0,無,0,0,0
e3f2caf9-0d88-4aed-b0ea-0afeea09d259,新北市私立積木幼兒園,新北市私立積木幼兒園,新北市私立積木幼兒園,私立,新店區,李辰歌,,36,15967,2002/07/26,1,129.19,129.19,,3.59,0,1,無,1,3000,0
e4acb8e1-28ed-4680-8069-f70082c5b3fa,新北市私立芯蒙園幼兒園,新北市私立芯蒙園幼兒園,新北市私立芯蒙園幼兒園,私立,蘆洲區,黃艶秋,,120,2000,2025/11/14,1,693.7,404.93,288.77,3.37,0,0,無,0,0,0
e55aa1f7-463a-45c9-bcfe-9dc3b7a46bf5,新北市三峽區五寮國民小學附設幼兒園,新北市三峽區五寮國民小學附設幼兒園,新北市三峽區五寮國民小學附設幼兒園,公立,三峽區,林雅芳,,30,3728,1998/08/01,1,153.0,63.0,90.0,2.1,0,0,無,0,0,0
e581af36-7a75-43ee-a980-4113715d0c03,新北市私立千暉幼兒園,新北市私立千暉幼兒園,新北市私立千暉幼兒園,私立,新莊區,張和城,,269,14667,1981/01/20,1,1051.69,268.5,547.5,1.0,0,0,無,2,90000,0
e58d0c67-78ff-4c26-9b37-ddf986454206,新北市立五峰國民中學附設幼兒園,新北市立五峰國民中學附設幼兒園,新北市立五峰國民中學附設幼兒園,公立,新店區,呂治中,,90,3728,1999/08/12,1,924.0,390.0,534.0,4.33,0,0,無,0,0,0
e5bccc29-be9c-4905-9761-2baae56e319d,新北市新莊區民安國民小學附設幼兒園,新北市新莊區民安國民小學附設幼兒園,新北市新莊區民安國民小學附設幼兒園,公立,新莊區,王健旺,,180,3728,1997/08/01,1,1150.0,610.0,540.0,3.39,0,0,無,0,0,0
e5c732cf-e5da-4c08-8bf7-b4a9b8c36140,新北市崁頂非營利幼兒園(委託財團法人三之三生命教育基金會辦理),新北市崁頂非營利幼兒園(委託財團法人三之三生命教育基金會辦理),新北市崁頂非營利幼兒園,非營利,淡水區,吳文宗,財團法人三之三生命教育基金會,272,2000,2024/09/24,1,3052.572,1915.262,1137.31,7.04,0,0,無,0,0,0
e60e6c87-d309-4928-88a3-54f7bb05ff0e,新北市私立聖路易幼兒園,新北市私立聖路易幼兒園,新北市私立聖路易幼兒園,私立,板橋區,林麗惠,,94,4540,1998/10/02,1,392.72,392.72,,4.18,0,0,113-115,0,0,0
e6198f58-e9bb-42c1-b3d5-3187334a865c,新北市私立菲力復興幼兒園,新北市私立菲力復興幼兒園,新北市私立菲力復興幼兒園,私立,新店區,吳若虹,,80,20790,2006/09/11,1,414.64,414.64,,5.18,0,0,無,0,0,0
e6613f6b-df05-4fda-95ba-35bde0f08ad1,新北市泰山區泰山國民小學附設幼兒園,新北市泰山區泰山國民小學附設幼兒園,新北市泰山區泰山國民小學附設幼兒園,公立,泰山區,楊順宇,,272,3728,1993/04/03,1,1698.0,882.0,816.0,3.24,0,0,無,1,6000,0
e669ee65-658a-4df7-a6f5-ac38166ce14f,新北市八里區八里國民小學附設幼兒園,新北市八里區八里國民小學附設幼兒園,新北市八里區八里國民小學附設幼兒園,公立,八里區,李瑩映,,136,3728,1999/09/10,1,848.6,529.6,319.0,3.89,0,0,無,0,0,0
e7071b50-ceec-44dd-8ea7-8472631c3360,新北市私立長頸鹿吉凱幼兒園,新北市私立長頸鹿吉凱幼兒園,新北市私立長頸鹿吉凱幼兒園,私立,三重區,蔡銘聰,,80,19760,2004/01/12,1,417.71,344.7,,4.31,0,0,無,6,60000,0
e71e588a-0f6a-4162-ac86-3fdc9055cca2,新北市私立春池幼兒園,新北市私立春池幼兒園,新北市私立春池幼兒園,私立,中和區,陳玫秀,,108,20148,2000/07/11,1,384.18,384.18,,3.56,0,0,無,0,0,0
e7d6abd6-c3cd-4b98-a303-f41aa9bcd1d1,新北市私立愛莉幼兒園,新北市私立愛莉幼兒園,新北市私立愛莉幼兒園,私立,汐止區,王珊珊,,40,4500,2007/01/23,1,164.52,164.52,,4.11,0,0,113-115,1,6000,0
e8291677-97a8-4410-8e9b-1c82144a180c,新北市林口區麗園國民小學附設幼兒園,新北市林口區麗園國民小學附設幼兒園,新北市林口區麗園國民小學附設幼兒園,公立,林口區,施杰翰,,106,3728,1998/09/14,1,1254.04,936.04,318.0,8.83,0,0,無,0,0,0
e8302dad-77f8-4f3e-9435-05380ada974d,天主教耕莘醫療財團法人附設新北市私立永和耕莘幼兒園,天主教耕莘醫療財團法人附設新北市私立永和耕莘幼兒園,天主教耕莘醫療財團法人附設新北市私立永和耕莘幼兒園,私立,永和區,,,31,15000,2010/08/17,1,137.41,137.41,,4.43,0,0,無,1,6000,0
e86a5c29-56c2-4a3d-ad96-e3c127194496,新北市私立維格爾欣悅幼兒園,新北市私立維格爾欣悅幼兒園,新北市私立維格爾欣悅幼兒園,私立,汐止區,李婉瑜,,76,17500,2019/04/19,1,437.26,235.7,201.56,3.1,0,0,無,0,0,0
e9d0c13f-6fb0-499d-a2af-06da5e03e945,新北市私立慧爾幼兒園,新北市私立慧爾幼兒園,新北市私立慧爾幼兒園,私立,汐止區,張雯瑄,,29,4500,2006/01/27,1,109.89,109.89,,3.79,0,0,113-115,0,0,0
ea883f16-11bf-4160-b8b8-202307f7d0b4,新北市私立嘉穎幼兒園,新北市私立嘉穎幼兒園,新北市私立嘉穎幼兒園,私立,板橋區,朱國禎,,190,21891,2010/03/29,1,691.33,691.33,,3.64,0,0,無,1,6000,0
ea8c388c-307e-4041-854f-8e3d41c8f5cb,新北市私立育樂幼兒園,新北市私立育樂幼兒園,新北市私立育樂幼兒園,私立,板橋區,林紫駖,,90,14950,1982/07/12,1,528.94,363.64,165.3,4.04,0,0,無,1,6000,0
ea94c3db-d304-4ad2-b6d5-2baa61c63705,新北市私立安迪生幼兒園,新北市私立安迪生幼兒園,新北市私立安迪生幼兒園,私立,永和區,周致華,,57,4320,2000/02/22,1,237.33,237.33,,4.16,0,0,113-115,0,0,0
eadf04f8-4024-4cf4-be6f-34f81e567a57,新北市私立永錡新莊幼兒園,新北市私立永錡新莊幼兒園,新北市私立永錡新莊幼兒園,私立,新莊區,許耀基,,166,14162,2013/10/18,1,1246.04,744.52,501.52,4.49,0,0,無,0,0,0
eb1a22a6-52ea-4dac-84cd-3aee315b4503,馬偕學校財團法人馬偕醫護管理專科學校附設新北市私立馬偕示範幼兒園,馬偕學校財團法人馬偕醫護管理專科學校附設新北市私立馬偕示範幼兒園,馬偕學校財團法人馬偕醫護管理專科學校附設新北市私立馬偕示範幼兒園,私立,三芝區,周克修,,60,13817,2008/07/10,1,906.5,906.5,,15.11,0,0,無,0,0,0
eb4be7d2-1387-4e06-8ed4-eaefc834d0b5,新北市私立文化幼兒園,新北市私立文化幼兒園,新北市私立文化幼兒園,私立,三峽區,蘇梅紅,,60,13246,1985/09/01,1,504.0,307.0,197.0,5.12,0,0,無,3,72000,0
eb4f6615-aff5-4e0b-8050-7cae8934aa11,新北市立碧華國民中學附設幼兒園,新北市立碧華國民中學附設幼兒園,新北市立碧華國民中學附設幼兒園,公立,三重區,謝承殷,,60,3728,1999/08/09,1,682.518,366.718,315.8,6.11,0,0,無,0,0,0
eb768316-913e-463a-b861-d7c266ac4e26,新北市私立葳瑪藝術幼兒園,新北市私立葳瑪藝術幼兒園,新北市私立葳瑪藝術幼兒園,私立,樹林區,符景隆,,28,12750,2013/03/26,0,163.32,119.59,,4.27,0,0,無,0,0,0
eb99d205-685d-41e6-bc51-879c8741817f,新北市板橋區實踐國民小學附設幼兒園,新北市板橋區實踐國民小學附設幼兒園,新北市板橋區實踐國民小學附設幼兒園,公立,板橋區,范振倫,,256,3728,1994/11/15,1,1766.08,1071.0,695.08,4.18,0,0,無,0,0,0
ebeeff50-09ba-429d-a0e6-36fcca4297b7,新北市私立三和幼兒園,新北市私立三和幼兒園,新北市私立三和幼兒園,私立,三重區,陳智勇,,66,15455,2012/02/14,1,334.51,233.54,,3.54,0,0,無,1,60000,0
ebf75b5f-1107-4ec6-95a5-8d6e4d13e7bc,新北市淡水區興仁國民小學附設幼兒園,新北市淡水區興仁國民小學附設幼兒園,新北市淡水區興仁國民小學附設幼兒園,公立,淡水區,陳政詮,,60,3728,1990/05/10,1,510.0,330.0,180.0,5.5,0,0,無,0,0,0
ec55349d-18ed-42de-9dbe-bf858bdcec96,新北市私立省思幼兒園,新北市私立省思幼兒園,新北市私立省思幼兒園,私立,板橋區,黃瓊滿,,40,10682,1999/03/22,1,154.88,154.88,,3.87,0,0,無,1,6000,0
ec75a10f-ffc2-435e-9721-97f3f8bc4178,新北市私立安佳幼兒園,新北市私立安佳幼兒園,新北市私立安佳幼兒園,私立,土城區,王舜慶,,123,11100,1980/02/15,1,601.0,186.02,414.88,1.51,0,0,無,2,66000,0
ecca529e-994f-430d-a4dd-571fbf742e40,新北市安溪非營利幼兒園(委託社團法人桃園市教保服務人員協會辦理),新北市安溪非營利幼兒園(委託社團法人桃園市教保服務人員協會辦理),新北市安溪非營利幼兒園,非營利,三峽區,吳淑華,社團法人桃園市教保服務人員協會,136,2000,2016/01/15,1,918.02,684.34,233.68,5.03,0,0,無,0,0,0
ed0c991d-b61b-4a7c-8802-db5b087c6500,新北市積穗非營利幼兒園(委託財團法人三之三生命教育基金會辦理),新北市積穗非營利幼兒園(委託財團法人三之三生命教育基金會辦理),新北市積穗非營利幼兒園,非營利,中和區,吳文宗,財團法人三之三生命教育基金會,196,2000,2018/07/20,1,1536.2,973.2,563.0,4.97,0,0,無,0,0,0
ed0e4646-ed9a-4910-8e3c-0395395269fc,新北市私立安安堡幼兒園,新北市私立安安堡幼兒園,新北市私立安安堡幼兒園,私立,中和區,金盈孜,,32,3750,2001/01/05,1,129.06,129.06,,4.03,0,0,113-115,0,0,0
ed11a794-5b74-4185-a81c-c57256cf4af1,新北市立金山幼兒園中正中華分班,新北市立金山幼兒園,新北市立金山幼兒園,公立,金山區,,,46,3706,2004/09/03,1,194.05,194.05,,4.22,0,0,無,0,0,0
ed7acddd-2520-42f2-b5d0-2ed00489a08b,新北市私立漢林堡幼兒園,新北市私立漢林堡幼兒園,新北市私立漢林堡幼兒園,私立,板橋區,簡明珠,,34,3750,1999/01/18,1,180.16,142.19,,4.18,0,0,113-115,0,0,0
ed8f84f3-130e-4081-8f21-694d5be7ff5a,新北市私立裕德藝術幼兒園,新北市私立裕德藝術幼兒園,新北市私立裕德藝術幼兒園,私立,土城區,林錦月,,570,15937,2001/07/17,1,2947.41,1148.8,1798.61,2.02,0,0,無,0,0,0
edad0b36-e01d-40df-a935-247f284f78b3,新北市私立佳學幼兒園,新北市私立佳學幼兒園,新北市私立佳學幼兒園,私立,土城區,陳茹萍,,211,23948,2024/04/10,1,1346.64,826.46,520.18,3.92,0,0,無,8,609000,0
ee1d8f01-f2cc-431e-be23-feab70e7293f,新北市立新店幼兒園和平分班,新北市立新店幼兒園,新北市立新店幼兒園,公立,新店區,,,60,3706,1981/09/01,1,269.36,269.36,,4.49,0,0,無,0,0,0
ee1db239-95e8-4509-8cbb-11ef60a95692,新北市私立大世紀幼兒園,新北市私立大世紀幼兒園,新北市私立大世紀幼兒園,私立,新莊區,黃俊賢,,170,16871,2008/12/31,1,1105.6,1105.6,,6.5,0,0,無,0,0,0
eedf3dd5-eac9-442c-8e06-4b4b6fa3c1a9,新北市私立蘇格拉底幼兒園,新北市私立蘇格拉底幼兒園,新北市私立蘇格拉底幼兒園,私立,板橋區,王淑蓮,,100,19667,2003/01/30,1,352.36,352.36,,3.52,0,0,無,1,6000,0
eef05ffd-f7bf-42b4-a7a2-ee687b4b9b06,新北市私立哈寶寶幼兒園,新北市私立哈寶寶幼兒園,新北市私立哈寶寶幼兒園,私立,汐止區,吳美玲,,97,4320,2000/10/15,1,394.07,394.04,,4.06,0,0,113-115,1,60000,0
efac417e-b683-4f5b-92b8-456a0c1dc795,新北市私立大崁璽恩幼兒園,新北市私立大崁璽恩幼兒園,新北市私立大崁璽恩幼兒園,私立,八里區,周慶寧,,60,7375,2004/10/04,1,646.8,160.49,486.31,2.67,0,0,無,2,120000,0
efeb2820-084e-43fa-8008-4b3bc42c66f0,新北市私立寶仁幼兒園,新北市私立寶仁幼兒園,新北市私立寶仁幼兒園,私立,板橋區,褚家雯,,82,17747,2000/09/21,0,365.56,365.56,,4.46,0,0,無,3,120000,1
effa475f-2829-416c-bd9c-ef6b0474c70c,新北市私立育心寶貝幼兒園,新北市私立育心寶貝幼兒園,新北市私立育心寶貝幼兒園,私立,中和區,林雪硃,,38,4584,2000/05/16,1,182.99,57.99,125.0,1.53,0,0,115-115,0,0,0
f00580b7-fe1d-445f-9ffa-20553a172def,新北市私立大全幼兒園,新北市私立大全幼兒園,新北市私立大全幼兒園,私立,三重區,李雪麗,,60,12400,1984/08/23,1,955.0,111.0,844.0,1.85,0,0,無,0,0,0
f0e38667-23c3-4848-84db-863d869544ab,新北市私立悅慧幼兒園,新北市私立悅慧幼兒園,新北市私立悅慧幼兒園,私立,淡水區,傅麗娜,,72,4320,2009/06/16,1,1129.74,368.14,761.6,5.11,0,0,113-115,0,0,0
f119ce7e-1d9b-47a2-b555-5b2fd94126de,新北市私立萬甲田幼兒園,新北市私立萬甲田幼兒園,新北市私立萬甲田幼兒園,私立,淡水區,朱立緯,,50,18800,2011/09/13,1,1320.0,263.62,900.0,5.27,0,0,無,0,0,0
f190914a-758c-4b35-99d9-eda6293a29d8,新北市汐止區樟樹國民小學附設幼兒園,新北市汐止區樟樹國民小學附設幼兒園,新北市汐止區樟樹國民小學附設幼兒園,公立,汐止區,邱俊傑,,166,3728,1996/09/11,1,25502.0,848.0,24654.0,5.11,0,0,無,0,0,0
f1bc359d-5695-48cf-b330-edc550f49ec3,新北市私立佳樂幼兒園,新北市私立佳樂幼兒園,新北市私立佳樂幼兒園,私立,永和區,余瑋珊,,92,10993,2003/12/16,1,370.63,370.63,,4.03,0,0,無,3,66000,1
f1f8cf71-0f09-4d3e-b95c-5a785292a1d8,新北市三重區二重國民小學附設幼兒園,新北市三重區二重國民小學附設幼兒園,新北市三重區二重國民小學附設幼兒園,公立,三重區,吳正雄,,60,3728,1994/01/12,1,904.0,392.0,512.0,6.53,0,0,無,0,0,0
f2072e48-0184-473d-8dd2-469d2262618d,新北市中和區中和國民小學附設幼兒園,新北市中和區中和國民小學附設幼兒園,新北市中和區中和國民小學附設幼兒園,公立,中和區,呂郁原,,226,3728,1998/09/24,1,1563.0,885.0,678.0,3.92,0,0,無,0,0,0
f210e8e4-5c95-41c6-97c1-ac2fe2875944,新北市私立優貝兒幼兒園,新北市私立優貝兒幼兒園,新北市私立優貝兒幼兒園,私立,板橋區,曾鈴惠,,50,4500,2004/12/08,1,177.34,177.34,,3.55,0,0,113-115,3,24000,0
f22a9587-06a1-46c4-8a59-8e257956137e,新北市私立美式夏綠蒂幼兒園,新北市私立美式夏綠蒂幼兒園,新北市私立美式夏綠蒂幼兒園,私立,蘆洲區,葉奕舉,,168,14800,1998/03/24,1,589.71,252.12,337.59,1.5,0,0,無,1,6000,0
f2eab8e7-d9aa-4540-b6a0-02301434fa42,新北市汐止區金龍國民小學附設幼兒園,新北市汐止區金龍國民小學附設幼兒園,新北市汐止區金龍國民小學附設幼兒園,公立,汐止區,呂金榮,,242,3728,1998/01/13,1,3324.0,2688.0,636.0,11.11,0,0,無,1,18000,0
f30b0190-a1f8-4782-b84a-8efbaf5f46e8,新北市私立藍天幼兒園,新北市私立藍天幼兒園,新北市私立藍天幼兒園,私立,板橋區,王文正,,77,13683,1998/09/08,1,427.44,246.1,181.34,3.2,0,0,無,0,0,0
f313f8eb-9e8c-422b-8f6d-74214031428d,新北市私立幼煊幼兒園,新北市私立幼煊幼兒園,新北市私立幼煊幼兒園,私立,汐止區,詹惠君,,30,5340,1985/09/01,1,156.63,112.42,44.21,3.75,0,0,113-115,2,110000,0
f33302f4-b904-4801-aac9-09893c7734bd,新北市立新泰國民中學附設幼兒園,新北市立新泰國民中學附設幼兒園,新北市立新泰國民中學附設幼兒園,公立,新莊區,黃美娟,,210,3728,1999/11/04,1,1468.5,838.5,630.0,3.99,0,0,無,0,0,0
f33e5472-f9c8-480f-b84a-9faba13a94f7,新北市私立新碧華幼兒園,新北市私立新碧華幼兒園,新北市私立新碧華幼兒園,私立,三重區,葉若蕎,,90,15400,1987/01/10,1,1080.96,369.09,711.87,4.1,0,0,無,0,0,0
f34a8c25-35e3-41a9-889a-88edc12ee6b4,新北市私立重愛幼兒園三民分班,新北市私立重愛幼兒園,新北市私立重愛幼兒園,私立,三重區,,,30,4500,2021/04/27,1,146.25,83.73,62.52,2.79,0,0,113-115,0,0,0
f3c34d13-d839-49c6-a902-94a7f30bec81,新北市私立巨耀幼兒園,新北市私立巨耀幼兒園,新北市私立巨耀幼兒園,私立,新店區,楊明潭,,180,21933,1999/02/06,1,752.9,330.65,337.08,1.84,0,0,無,0,0,0
f3cd3b25-909e-477e-bf1e-038bf98fc186,新北市私立喜星園幼兒園,新北市私立喜星園幼兒園,新北市私立喜星園幼兒園,私立,三重區,魏楚軍,,30,18000,2012/07/09,1,139.95,106.44,,3.55,0,0,無,0,0,0
f3f2154d-e82c-42c4-ae79-dbda89186ea8,新北市佳林非營利幼兒園(委託社團法人臺灣兒童教育發展協會辦理),新北市佳林非營利幼兒園(委託社團法人臺灣兒童教育發展協會辦理),新北市佳林非營利幼兒園,非營利,林口區,簡名吟,社團法人臺灣兒童教育發展協會,90,2000,2021/07/29,1,759.72,479.72,280.0,5.33,0,0,無,0,0,0
f3f500d9-6da4-487a-bc60-c3c7547b87ec,新北市大觀非營利幼兒園(委託社團法人新北市中華國際嬰幼兒發展學會辦理),新北市大觀非營利幼兒園(委託社團法人新北市中華國際嬰幼兒發展學會辦理),新北市大觀非營利幼兒園,非營利,板橋區,林芷涵,社團法人新北市中華國際嬰幼兒發展學會,106,2000,2018/07/05,1,1662.0,1060.0,602.0,10.0,0,0,無,0,0,0
f46b7d8a-8cd9-48c3-b7e6-acee8f03795d,新北市私立星辰幼兒園,新北市私立星辰幼兒園,新北市私立星辰幼兒園,私立,五股區,陳柏維,,90,4500,1987/06/18,1,942.19,275.954,551.06,3.07,0,0,113-115,1,6000,0
f498bba4-6086-41ab-988c-b9a8b388e5bd,新北市私立甜甜幼兒園,新北市私立甜甜幼兒園,新北市私立甜甜幼兒園,私立,三重區,莊志翔,,150,16605,1979/06/16,1,809.79,556.21,253.52,3.71,0,0,無,0,0,0
f5251c62-f52c-47f9-8ee2-acfc5add7e42,新北市私立興華幼兒園,新北市私立興華幼兒園,新北市私立興華幼兒園,私立,蘆洲區,呂文綾,,150,12663,1970/01/01,1,636.0,477.0,158.0,3.18,0,0,無,7,327000,0
f570be33-e7ca-47fb-a1bb-26c217133465,新北市立永和幼兒園民生分班,新北市立永和幼兒園,新北市立永和幼兒園,公立,永和區,,,110,3706,1982/02/01,1,1060.44,505.44,555.0,4.59,0,0,無,0,0,0
f596e9eb-3c03-4897-8739-da2fdf90a27d,新北市私立榮富幼兒園,新北市私立榮富幼兒園,新北市私立榮富幼兒園,私立,新莊區,朱嘉宗,,250,16731,2001/01/20,1,1052.2,1052.2,,4.21,0,0,無,2,9000,0
f5ad5f39-3a60-45ae-92a9-aa1ad961f18d,新北市立三峽國民中學附設幼兒園,新北市立三峽國民中學附設幼兒園,新北市立三峽國民中學附設幼兒園,公立,三峽區,林武龍,,76,3728,1999/10/28,1,1059.0,456.0,603.0,6.0,0,0,無,0,0,0
f5bc0710-c5da-45c4-bb70-101aeb738f9e,新北市樹林區三多國民小學附設幼兒園,新北市樹林區三多國民小學附設幼兒園,新北市樹林區三多國民小學附設幼兒園,公立,樹林區,洪珮瑀,,182,3728,1995/09/11,1,1274.1,854.1,420.0,4.69,0,0,無,0,0,0
f61a699d-908e-4bba-b94b-d9dfbb4775cc,新北市私立勁寶兒晨星園幼兒園,新北市私立勁寶兒晨星園幼兒園,新北市私立勁寶兒晨星園幼兒園,私立,新莊區,秦小萁,,80,15000,2011/05/31,1,502.38,502.38,,6.28,0,0,無,1,6000,0
f6269a4e-d973-4761-b949-2f3609e6c427,新北市私立書樂幼兒園,新北市私立書樂幼兒園,新北市私立書樂幼兒園,私立,汐止區,陳麗卿,,90,4584,1984/06/25,1,1025.64,807.56,218.08,8.97,0,0,115-115,0,0,0
f62f90e2-666b-4dda-9864-2680449bca74,新北市私立立聖幼兒園,新北市私立立聖幼兒園,新北市私立立聖幼兒園,私立,板橋區,古桂容,,120,4600,2012/05/30,1,755.28,624.74,130.54,5.21,0,0,114-115,7,90000,1
f639af8d-58f1-44e7-939e-cdc2ef87ec04,新北市私立泡泡龍幼兒園,新北市私立泡泡龍幼兒園,新北市私立泡泡龍幼兒園,私立,中和區,謝慧蘭,,30,4000,2001/04/26,1,122.43,122.43,,4.08,0,0,113-115,0,0,0
f662b387-dddd-4f86-adbd-66173ac3edb7,新北市私立高登幼兒園,新北市私立高登幼兒園,新北市私立高登幼兒園,私立,土城區,洪春夏,,225,4000,2001/07/04,1,1041.22,1041.22,,4.63,0,0,115-115,5,105000,0
f67bdbe3-b20e-423e-b72b-12c045394a0f,新北市私立惠文小熊森林幼兒園,新北市私立惠文小熊森林幼兒園,新北市私立惠文小熊森林幼兒園,私立,新莊區,劉惠文,,30,15563,2000/10/04,0,123.9134,123.9134,,4.13,0,0,無,0,0,0
f6b9d0a9-60ca-4534-80b9-4ea657d58543,新北市私立生活家幼兒園,新北市私立生活家幼兒園,新北市私立生活家幼兒園,私立,新莊區,陳麗如,,32,3750,2003/12/29,1,112.88,112.88,,3.53,0,0,113-115,0,0,0
f6f14775-9b17-4ffd-824b-b6161bb59851,新北市私立米其幼兒園,新北市私立米其幼兒園,新北市私立米其幼兒園,私立,瑞芳區,偕阿麗,,47,4500,2003/10/09,1,260.45,141.09,119.36,3.0,0,1,113-115,0,0,0
f778e8df-f306-4486-b462-214b08913c59,新北市私立親親幼兒園,新北市私立親親幼兒園,新北市私立親親幼兒園,私立,永和區,顏佩瑜,,30,4500,2011/06/13,1,159.02,159.02,,5.3,0,0,113-115,0,0,0
f79d0c6d-182d-48cb-85f1-b60e346e7bef,新北市私立快樂瑪麗安葳森幼兒園,新北市私立快樂瑪麗安葳森幼兒園,新北市私立快樂瑪麗安葳森幼兒園,私立,永和區,劉德萍,,68,20055,2012/01/31,1,320.96,239.5,,3.52,0,0,無,2,120000,0
f7a821ab-3e5a-48bc-bab5-1450bb75846c,新北市私立碧華幼兒園,新北市私立碧華幼兒園,新北市私立碧華幼兒園,私立,三重區,廖苑利,,90,11000,1987/01/10,1,1098.0,371.4,726.6,4.13,0,0,無,0,0,0
f7abc125-4419-446b-91bd-cfc594b79a67,新北市文中非營利幼兒園（委託社團法人臺灣澄芽全人文教發展協會辦理）,新北市文中非營利幼兒園（委託社團法人臺灣澄芽全人文教發展協會辦理）,新北市文中非營利幼兒園,非營利,新店區,詹孟婷,社團法人臺灣澄芽全人文教發展協會,106,2000,2022/09/16,1,1048.0,642.0,406.0,6.06,0,0,無,2,90000,0
f7aed9cb-3415-459a-852a-e0fa73ca55be,新北市私立愛家幼兒園,新北市私立愛家幼兒園,新北市私立愛家幼兒園,私立,淡水區,官慧鈴,,50,12400,1998/11/05,1,215.84,215.84,,4.32,0,0,無,2,120000,0
f85f47d5-e630-4d53-8d40-13def8b4b3d0,新北市私立愛唯揚幼兒園,新北市私立愛唯揚幼兒園,新北市私立愛唯揚幼兒園,私立,板橋區,郭文哲,,70,13867,2007/07/31,1,246.24,246.24,,3.52,0,0,無,3,72000,0
f87606c5-fac7-4313-a61b-ecaa05f5dedf,新北市私立互仁幼兒園,新北市私立互仁幼兒園,新北市私立互仁幼兒園,私立,新莊區,胡張素蓉,,90,3000,1980/12/04,1,430.62,316.9,88.0,3.52,0,0,115-115,0,0,0
f8a732f8-5713-45fd-8e4c-047bb3e4c1ce,新北市金山區金山國民小學附設幼兒園,新北市金山區金山國民小學附設幼兒園,新北市金山區金山國民小學附設幼兒園,公立,金山區,楊智先,,106,3706,1993/11/10,1,12500.5,558.5,11942.0,5.27,0,0,無,0,0,0
f8e8b0af-f718-497e-b604-c9ae907cf6f4,新北市私立杜克幼兒園,新北市私立杜克幼兒園,新北市私立杜克幼兒園,私立,新莊區,吳建甫,,43,4500,2003/06/25,1,152.99,152.99,,3.56,0,0,113-115,0,0,0
f90f4bc6-c088-408f-a4e5-fcb022b2b8f7,新北市私立莒光幼兒園,新北市私立莒光幼兒園,新北市私立莒光幼兒園,私立,板橋區,王瑜寧,,53,13439,1975/02/01,1,188.58,118.58,70.0,2.24,0,0,無,1,9000,0
f941a036-7e0e-4ec0-a24d-634e3d5cd42c,新北市私立學詮幼兒園,新北市私立學詮幼兒園,新北市私立學詮幼兒園,私立,鶯歌區,廖素蘭,,160,4000,2000/01/21,1,1168.62,553.3,198.12,3.46,0,0,113-115,0,0,0
f983a143-021d-4c5d-99bd-765242d5e97d,經濟部台灣自來水公司第一區管理處職場互助教保服務中心(委託財團法人三之三生命教育基金會辦理),經濟部台灣自來水公司第一區管理處職場互助教保服務中心(委託財團法人三之三生命教育基金會辦理),經濟部台灣自來水公司第一區管理處職場互助教保服務中心,私立,淡水區,吳文宗,財團法人三之三生命教育基金會,40,2000,2022/08/01,1,167.9,167.9,,4.2,0,0,無,0,0,0
fa8af2d7-bff8-4215-ad98-92ae4fa1e2cc,台灣基督長老教會淡江學校財團法人新北市私立淡江高級中學附設新北市私立純德幼兒園,台灣基督長老教會淡江學校財團法人新北市私立淡江高級中學附設新北市私立純德幼兒園,台灣基督長老教會淡江學校財團法人新北市私立淡江高級中學附設新北市私立純德幼兒園,私立,淡水區,周國生,,180,15987,1953/08/12,1,2076.7,762.38,1314.32,4.24,0,0,無,0,0,0
fa8c867e-6d4a-43d9-b7b7-7897552ad281,新北市私立今仁幼兒園,新北市私立今仁幼兒園,新北市私立今仁幼兒園,私立,板橋區,林德灼,,39,7283,1977/10/02,0,132.27,132.27,,3.39,0,0,無,4,78000,0
fad3f686-1250-4cb0-b43e-311617becaea,新北市三重區三光國民小學附設幼兒園,新北市三重區三光國民小學附設幼兒園,新北市三重區三光國民小學附設幼兒園,公立,三重區,陳敏輝,,166,3728,1986/04/23,1,2649.41,1069.53,1529.0,6.44,0,0,無,0,0,0
fae35007-ee81-4d2f-9669-44f3c2ddcd30,新北市私立嘉嘉幼兒園,新北市私立嘉嘉幼兒園,新北市私立嘉嘉幼兒園,私立,中和區,陳明紅,,109,17035,1998/12/09,1,383.08,383.08,,3.51,0,0,無,1,6000,0
fae74bd1-f657-4c50-967d-46c20967df88,新北市新店區雙城國民小學附設幼兒園,新北市新店區雙城國民小學附設幼兒園,新北市新店區雙城國民小學附設幼兒園,公立,新店區,蔡佳雯,,90,3728,2012/08/01,1,494.6,314.6,180.0,3.5,0,0,無,0,0,0
faf1a89b-d4ce-4cc2-a331-4b7be7b3ba09,新北市私立林口幼兒園,新北市私立林口幼兒園,新北市私立林口幼兒園,私立,林口區,林宏修,,90,12555,1983/10/05,1,445.81,216.65,229.16,2.41,0,0,無,1,6000,0
fb04a2d0-e968-44e0-8833-ca9ca38ab61c,新北市私立卡爾斯登幼兒園,新北市私立卡爾斯登幼兒園,新北市私立卡爾斯登幼兒園,私立,板橋區,吳淦鴻,,60,8525,2005/07/13,1,252.15,252.15,,4.2,0,0,無,2,120000,0
fb08959e-274d-4093-b39e-4e5628e9dc85,新北市私立大安幼兒園,新北市私立大安幼兒園,新北市私立大安幼兒園,私立,板橋區,郭欲豐,,90,10420,1982/11/19,1,570.0,228.03,341.97,2.53,0,0,無,1,6000,0
fb56026e-18c8-4ac0-9855-ad8e53c04be9,新北市私立吉的堡英資幼兒園,新北市私立吉的堡英資幼兒園,新北市私立吉的堡英資幼兒園,私立,三重區,楊明潭,,187,24383,1999/04/26,1,657.64,543.97,113.67,2.91,0,0,無,3,78000,0
fb9e4e97-815b-4e9f-879c-86b62c6b5bd5,財團法人新北市私立張方大慈善事業基金會附設新北市私立士箱幼兒園,財團法人新北市私立張方大慈善事業基金會附設新北市私立士箱幼兒園,財團法人新北市私立張方大慈善事業基金會附設新北市私立士箱幼兒園,私立,樹林區,,,180,13250,1983/12/09,1,1600.0,300.0,1300.0,1.67,0,0,無,1,6000,0
fc6cbf31-9bca-4a77-8b15-c7ea079742c8,新北市三芝區三芝國民小學附設幼兒園,新北市三芝區三芝國民小學附設幼兒園,新北市三芝區三芝國民小學附設幼兒園,公立,三芝區,許文勇,,106,3728,1999/08/31,1,1318.0,720.0,598.0,6.79,0,0,無,2,66000,0
fcac2136-5e03-4360-972f-04c6126c403c,新北市私立安格幼兒園,新北市私立安格幼兒園,新北市私立安格幼兒園,私立,汐止區,蘇文美,,46,9639,2000/09/11,1,161.56,161.56,,3.51,0,0,無,7,204000,0
fd466d95-3594-4897-85b1-9175b43d3348,新北市私立永錡幼兒園,新北市私立永錡幼兒園,新北市私立永錡幼兒園,私立,新莊區,許炳崑,,60,15793,1993/01/01,1,486.526,337.056,149.47,5.62,0,0,無,0,0,0
fdc90f88-d914-41b8-a768-2c4db2f4f6aa,新北市私立徐匯高級中學附設徐匯幼兒園,新北市私立徐匯高級中學附設徐匯幼兒園,新北市私立徐匯高級中學附設徐匯幼兒園,私立,蘆洲區,陳海珊,,80,11677,1985/08/30,1,343.16,232.32,110.84,2.9,0,0,無,0,0,0
fe7c0a9b-ba5b-4c94-925f-e6863d3a523c,新北市私立創意蘋果幼兒園,新北市私立創意蘋果幼兒園,新北市私立創意蘋果幼兒園,私立,中和區,丁紀寧,,46,4500,2003/04/30,1,163.13,163.13,,3.55,0,0,113-115,1,6000,0
fe8e739a-b6bd-42b6-94d0-10b473c70f3a,新北市新莊區中港國民小學附設幼兒園,新北市新莊區中港國民小學附設幼兒園,新北市新莊區中港國民小學附設幼兒園,公立,新莊區,李後榮,,212,3728,1994/02/05,1,2246.0,1327.0,919.0,6.26,0,0,無,0,0,0
fe9012c8-9ca2-400e-a87a-1e4d490aa7fd,新北市私立國園幼兒園,新北市私立國園幼兒園,新北市私立國園幼兒園,私立,蘆洲區,黃秋,,44,16689,1980/10/03,1,249.36,66.0,117.36,1.5,0,0,無,5,219000,0
fea3ddd6-221b-49ca-bb49-6880c7c41d6f,新北市私立愛蜜立幼兒園,新北市私立愛蜜立幼兒園,新北市私立愛蜜立幼兒園,私立,新莊區,陸聯祁,,29,14750,2002/12/23,1,104.09,104.09,,3.59,0,0,無,0,0,0
feac7379-0a71-478b-8650-0bba4c7cfd40,新北市私立育格幼兒園,新北市私立育格幼兒園,新北市私立育格幼兒園,私立,瑞芳區,周麗萍,,105,12500,2008/01/25,1,480.1,480.1,,4.57,0,1,無,0,0,0
ff0a824f-d127-4e64-9c97-22a2db7a15ee,輔仁大學學校財團法人輔仁大學附設新北市私立幼兒園,輔仁大學學校財團法人輔仁大學附設新北市私立幼兒園,輔仁大學學校財團法人輔仁大學附設新北市私立幼兒園,私立,新莊區,藍易振,,280,12326,1978/02/15,1,1928.06,1096.42,831.64,3.92,0,0,無,0,0,0
ff31a685-9cc5-4157-a73e-56efbec5d0ac,龍騰文化事業股份有限公司附設新北市私立林口康橋國際幼兒園,龍騰文化事業股份有限公司附設新北市私立林口康橋國際幼兒園,龍騰文化事業股份有限公司附設新北市私立林口康橋國際幼兒園,私立,林口區,李彥熹,,300,26000,2017/09/05,1,1871.24,854.69,1016.55,2.85,0,0,無,0,0,0
ff47b1d1-7399-4b11-b7c5-8d35d449c27c,新北市私立藤井樹幼兒園,新北市私立藤井樹幼兒園,新北市私立藤井樹幼兒園,私立,三重區,高冠鴻,,39,6590,2008/07/15,1,165.0,139.03,,3.56,0,0,無,0,0,0
ffa656c5-72e3-4dfb-8ab5-41d5f6233cfb,新北市私立英格麗幼兒園,新北市私立英格麗幼兒園,新北市私立英格麗幼兒園,私立,淡水區,劉音杏,,45,4500,2009/03/30,1,222.17,163.78,,3.64,0,0,113-115,0,0,0
ffc4bf34-7c35-439c-ae9c-8c064ba5a2ab,新北市私立比佛利幼兒園,新北市私立比佛利幼兒園,新北市私立比佛利幼兒園,私立,泰山區,陳妍妏,,71,4500,2010/11/25,1,350.52,350.52,,4.94,0,1,113-115,3,69000,0
ffcb9cfb-cf6f-4c26-8e26-1856c13b2d3c,新北市私立快樂家族幼兒園,新北市私立快樂家族幼兒園,新北市私立快樂家族幼兒園,私立,淡水區,康淑惠,,45,4540,2003/07/14,1,157.96,157.96,,3.51,0,0,113-115,0,0,0
