action_key,notice_id,notice_key,institution_source_title,institution_source_town,institution_source_type,institution_row_index,action_type,improvement_status,ordered_date,deadline_date,visit_date,source_language,source_evidence,raw_detail_file,raw_detail_sha256,raw_pdf_file,raw_pdf_sha256,pdf_page,pdf_row,registry_ids,registry_titles,entity,join_status,join_evidence,candidate_penalty_links
ntpc-kidedu-6097-action-475234dea6fd5f6a,6097,ntpc-kidedu-6097,新北市私立博士兒幼兒園,淡水區,私立,1,corrective_order_followup,ordered,2016-05-11,,2016-11-16,"二、本市103學年度幼兒園追蹤評鑑結果報告，未通過追蹤評鑑之受評園，本市已於105年5月11日函文至各園限期改善，各園應於文到次日起6個月內完成改善。
三、本局謹訂於本（105）年11月16日（星期三）至11月22日（星期二）針對未通過之評鑑項目進行實地訪視，其結果將另行公布。
四、旨揭實地訪視日程表，請逕至新北市幼兒教育資源網（路徑：新北市幼兒教育資源網－評鑑專區－基礎評鑑－參考表單）下載。","1
淡水區
私人
新北市私立博士兒幼兒園
11月16日
星期三",raw/001_6097_detail.html,b1394666606a4c14b803816fcba752e4ae6b59becd1f5cf3981e90e0a442db63,raw/002_6097_attachment_pdf.pdf,2ccae4bf231ebc4876c1d40ff09c3e909840267209bb284a1a2ea9d1dffb331e,1,1,"[""2a971bfe-707e-4a79-ad1d-0ad5da741c2a""]","[""新北市私立博士兒幼兒園""]",新北市私立博士兒幼兒園,matched_exact_title,exact_title:1;entity_candidates:1;name_core_candidates:1;sibling_registry_ids:1,"[{""basis"":""shared sibling registry UUID only"",""group_record_count"":1,""group_record_index"":1,""penalty_group_id"":""pengrp_1573fffcb744edeedc96"",""penalty_registry_id"":""2a971bfe-707e-4a79-ad1d-0ad5da741c2a"",""relationship"":""candidate only; not asserted to be the same event""},{""basis"":""shared sibling registry UUID only"",""group_record_count"":1,""group_record_index"":1,""penalty_group_id"":""pengrp_6f7f9d583f371561bdec"",""penalty_registry_id"":""2a971bfe-707e-4a79-ad1d-0ad5da741c2a"",""relationship"":""candidate only; not asserted to be the same event""},{""basis"":""shared sibling registry UUID only"",""group_record_count"":1,""group_record_index"":1,""penalty_group_id"":""pengrp_94259bf8199139662459"",""penalty_registry_id"":""2a971bfe-707e-4a79-ad1d-0ad5da741c2a"",""relationship"":""candidate only; not asserted to be the same event""},{""basis"":""shared sibling registry UUID only"",""group_record_count"":1,""group_record_index"":1,""penalty_group_id"":""pengrp_b9a2719b0c240e5e5493"",""penalty_registry_id"":""2a971bfe-707e-4a79-ad1d-0ad5da741c2a"",""relationship"":""candidate only; not asserted to be the same event""},{""basis"":""shared sibling registry UUID only"",""group_record_count"":1,""group_record_index"":1,""penalty_group_id"":""pengrp_eb6b2995fe304a8b2876"",""penalty_registry_id"":""2a971bfe-707e-4a79-ad1d-0ad5da741c2a"",""relationship"":""candidate only; not asserted to be the same event""},{""basis"":""shared sibling registry UUID only"",""group_record_count"":1,""group_record_index"":1,""penalty_group_id"":""pengrp_f56e298896ff827cab00"",""penalty_registry_id"":""2a971bfe-707e-4a79-ad1d-0ad5da741c2a"",""relationship"":""candidate only; not asserted to be the same event""}]"
ntpc-kidedu-6097-action-a95f222019024bf7,6097,ntpc-kidedu-6097,新北市私立唯寶幼兒園,淡水區,私立,2,corrective_order_followup,ordered,2016-05-11,,2016-11-16,"二、本市103學年度幼兒園追蹤評鑑結果報告，未通過追蹤評鑑之受評園，本市已於105年5月11日函文至各園限期改善，各園應於文到次日起6個月內完成改善。
三、本局謹訂於本（105）年11月16日（星期三）至11月22日（星期二）針對未通過之評鑑項目進行實地訪視，其結果將另行公布。
四、旨揭實地訪視日程表，請逕至新北市幼兒教育資源網（路徑：新北市幼兒教育資源網－評鑑專區－基礎評鑑－參考表單）下載。","2
淡水區
私人
新北市私立唯寶幼兒園
11月16日
星期三",raw/001_6097_detail.html,b1394666606a4c14b803816fcba752e4ae6b59becd1f5cf3981e90e0a442db63,raw/002_6097_attachment_pdf.pdf,2ccae4bf231ebc4876c1d40ff09c3e909840267209bb284a1a2ea9d1dffb331e,1,2,"[""a3bece0f-4547-4e4f-a5e6-09ddc28ae480""]","[""新北市私立唯寶幼兒園""]",新北市私立唯寶幼兒園,matched_exact_title,exact_title:1;entity_candidates:1;name_core_candidates:1;sibling_registry_ids:1,"[{""basis"":""shared sibling registry UUID only"",""group_record_count"":1,""group_record_index"":1,""penalty_group_id"":""pengrp_ff8c1aa32f80529f02c1"",""penalty_registry_id"":""a3bece0f-4547-4e4f-a5e6-09ddc28ae480"",""relationship"":""candidate only; not asserted to be the same event""}]"
ntpc-kidedu-6097-action-bdc119ed4d9bbd3d,6097,ntpc-kidedu-6097,新北市私立小親親幼兒園,淡水區,私立,3,corrective_order_followup,ordered,2016-05-11,,2016-11-16,"二、本市103學年度幼兒園追蹤評鑑結果報告，未通過追蹤評鑑之受評園，本市已於105年5月11日函文至各園限期改善，各園應於文到次日起6個月內完成改善。
三、本局謹訂於本（105）年11月16日（星期三）至11月22日（星期二）針對未通過之評鑑項目進行實地訪視，其結果將另行公布。
四、旨揭實地訪視日程表，請逕至新北市幼兒教育資源網（路徑：新北市幼兒教育資源網－評鑑專區－基礎評鑑－參考表單）下載。","3
淡水區
私人
新北市私立小親親幼兒園
11月16日
星期三",raw/001_6097_detail.html,b1394666606a4c14b803816fcba752e4ae6b59becd1f5cf3981e90e0a442db63,raw/002_6097_attachment_pdf.pdf,2ccae4bf231ebc4876c1d40ff09c3e909840267209bb284a1a2ea9d1dffb331e,1,3,"[""1ff04a14-59b9-4537-b84c-31be0cf1bd01""]","[""新北市私立小親親幼兒園""]",新北市私立小親親幼兒園,matched_exact_title,exact_title:1;entity_candidates:1;name_core_candidates:1;sibling_registry_ids:1,"[{""basis"":""shared sibling registry UUID only"",""group_record_count"":1,""group_record_index"":1,""penalty_group_id"":""pengrp_141a94bf4fe8618432f2"",""penalty_registry_id"":""1ff04a14-59b9-4537-b84c-31be0cf1bd01"",""relationship"":""candidate only; not asserted to be the same event""},{""basis"":""shared sibling registry UUID only"",""group_record_count"":1,""group_record_index"":1,""penalty_group_id"":""pengrp_2ebf2d4eb6198c5b76e0"",""penalty_registry_id"":""1ff04a14-59b9-4537-b84c-31be0cf1bd01"",""relationship"":""candidate only; not asserted to be the same event""},{""basis"":""shared sibling registry UUID only"",""group_record_count"":1,""group_record_index"":1,""penalty_group_id"":""pengrp_4a7c3a1ae6d6af5349f1"",""penalty_registry_id"":""1ff04a14-59b9-4537-b84c-31be0cf1bd01"",""relationship"":""candidate only; not asserted to be the same event""},{""basis"":""shared sibling registry UUID only"",""group_record_count"":1,""group_record_index"":1,""penalty_group_id"":""pengrp_58752f9d9b5be739554b"",""penalty_registry_id"":""1ff04a14-59b9-4537-b84c-31be0cf1bd01"",""relationship"":""candidate only; not asserted to be the same event""},{""basis"":""shared sibling registry UUID only"",""group_record_count"":1,""group_record_index"":1,""penalty_group_id"":""pengrp_769c49a55bfd682578b9"",""penalty_registry_id"":""1ff04a14-59b9-4537-b84c-31be0cf1bd01"",""relationship"":""candidate only; not asserted to be the same event""},{""basis"":""shared sibling registry UUID only"",""group_record_count"":1,""group_record_index"":1,""penalty_group_id"":""pengrp_ae1d656daf487ed77bd4"",""penalty_registry_id"":""1ff04a14-59b9-4537-b84c-31be0cf1bd01"",""relationship"":""candidate only; not asserted to be the same event""},{""basis"":""shared sibling registry UUID only"",""group_record_count"":1,""group_record_index"":1,""penalty_group_id"":""pengrp_d34f9e58b67536f1cef4"",""penalty_registry_id"":""1ff04a14-59b9-4537-b84c-31be0cf1bd01"",""relationship"":""candidate only; not asserted to be the same event""}]"
ntpc-kidedu-6097-action-eabe6b908a581109,6097,ntpc-kidedu-6097,新北市私立安迪生幼兒園,永和區,私立,4,corrective_order_followup,ordered,2016-05-11,,2016-11-17,"二、本市103學年度幼兒園追蹤評鑑結果報告，未通過追蹤評鑑之受評園，本市已於105年5月11日函文至各園限期改善，各園應於文到次日起6個月內完成改善。
三、本局謹訂於本（105）年11月16日（星期三）至11月22日（星期二）針對未通過之評鑑項目進行實地訪視，其結果將另行公布。
四、旨揭實地訪視日程表，請逕至新北市幼兒教育資源網（路徑：新北市幼兒教育資源網－評鑑專區－基礎評鑑－參考表單）下載。","4
永和區
私人
新北市私立安迪生幼兒園
11月17日
星期四",raw/001_6097_detail.html,b1394666606a4c14b803816fcba752e4ae6b59becd1f5cf3981e90e0a442db63,raw/002_6097_attachment_pdf.pdf,2ccae4bf231ebc4876c1d40ff09c3e909840267209bb284a1a2ea9d1dffb331e,1,4,"[""ea94c3db-d304-4ad2-b6d5-2baa61c63705""]","[""新北市私立安迪生幼兒園""]",新北市私立安迪生幼兒園,matched_exact_title,exact_title:1;entity_candidates:1;name_core_candidates:1;sibling_registry_ids:1,[]
ntpc-kidedu-6097-action-0a16808aa59d5f39,6097,ntpc-kidedu-6097,新北市私立艾蒙幼兒園,中和區,私立,5,corrective_order_followup,ordered,2016-05-11,,2016-11-17,"二、本市103學年度幼兒園追蹤評鑑結果報告，未通過追蹤評鑑之受評園，本市已於105年5月11日函文至各園限期改善，各園應於文到次日起6個月內完成改善。
三、本局謹訂於本（105）年11月16日（星期三）至11月22日（星期二）針對未通過之評鑑項目進行實地訪視，其結果將另行公布。
四、旨揭實地訪視日程表，請逕至新北市幼兒教育資源網（路徑：新北市幼兒教育資源網－評鑑專區－基礎評鑑－參考表單）下載。","5
中和區
私人
新北市私立艾蒙幼兒園
11月17日
星期四",raw/001_6097_detail.html,b1394666606a4c14b803816fcba752e4ae6b59becd1f5cf3981e90e0a442db63,raw/002_6097_attachment_pdf.pdf,2ccae4bf231ebc4876c1d40ff09c3e909840267209bb284a1a2ea9d1dffb331e,1,5,"[""bb0ccca3-321f-4e69-a7a3-bff247177591""]","[""新北市私立艾蒙幼兒園""]",新北市私立艾蒙幼兒園,matched_exact_title,exact_title:1;entity_candidates:1;name_core_candidates:1;sibling_registry_ids:1,"[{""basis"":""shared sibling registry UUID only"",""group_record_count"":1,""group_record_index"":1,""penalty_group_id"":""pengrp_0121cd77bb266aa295b8"",""penalty_registry_id"":""bb0ccca3-321f-4e69-a7a3-bff247177591"",""relationship"":""candidate only; not asserted to be the same event""},{""basis"":""shared sibling registry UUID only"",""group_record_count"":1,""group_record_index"":1,""penalty_group_id"":""pengrp_c23e16f8705cf19c75fc"",""penalty_registry_id"":""bb0ccca3-321f-4e69-a7a3-bff247177591"",""relationship"":""candidate only; not asserted to be the same event""}]"
ntpc-kidedu-6097-action-a878431600c5d7cb,6097,ntpc-kidedu-6097,新北市私立安邦幼兒園,中和區,私立,6,corrective_order_followup,ordered,2016-05-11,,2016-11-22,"二、本市103學年度幼兒園追蹤評鑑結果報告，未通過追蹤評鑑之受評園，本市已於105年5月11日函文至各園限期改善，各園應於文到次日起6個月內完成改善。
三、本局謹訂於本（105）年11月16日（星期三）至11月22日（星期二）針對未通過之評鑑項目進行實地訪視，其結果將另行公布。
四、旨揭實地訪視日程表，請逕至新北市幼兒教育資源網（路徑：新北市幼兒教育資源網－評鑑專區－基礎評鑑－參考表單）下載。","6
中和區
私人
新北市私立安邦幼兒園
11月22日
星期二",raw/001_6097_detail.html,b1394666606a4c14b803816fcba752e4ae6b59becd1f5cf3981e90e0a442db63,raw/002_6097_attachment_pdf.pdf,2ccae4bf231ebc4876c1d40ff09c3e909840267209bb284a1a2ea9d1dffb331e,1,6,"[""96247b6a-7517-4ba7-8496-416d167b0c1f""]","[""新北市私立安邦幼兒園""]",新北市私立安邦幼兒園,matched_exact_title,exact_title:1;entity_candidates:1;name_core_candidates:1;sibling_registry_ids:1,[]
ntpc-kidedu-6097-action-08c7f01836c063b4,6097,ntpc-kidedu-6097,新北市私立景光幼兒園,中和區,私立,7,corrective_order_followup,ordered,2016-05-11,,2016-11-22,"二、本市103學年度幼兒園追蹤評鑑結果報告，未通過追蹤評鑑之受評園，本市已於105年5月11日函文至各園限期改善，各園應於文到次日起6個月內完成改善。
三、本局謹訂於本（105）年11月16日（星期三）至11月22日（星期二）針對未通過之評鑑項目進行實地訪視，其結果將另行公布。
四、旨揭實地訪視日程表，請逕至新北市幼兒教育資源網（路徑：新北市幼兒教育資源網－評鑑專區－基礎評鑑－參考表單）下載。","7
中和區
私人
新北市私立景光幼兒園
11月22日
星期二",raw/001_6097_detail.html,b1394666606a4c14b803816fcba752e4ae6b59becd1f5cf3981e90e0a442db63,raw/002_6097_attachment_pdf.pdf,2ccae4bf231ebc4876c1d40ff09c3e909840267209bb284a1a2ea9d1dffb331e,1,7,"[""d3529bca-98d5-4761-9ff3-40ee3716d1dc""]","[""新北市私立景光幼兒園""]",新北市私立景光幼兒園,matched_exact_title,exact_title:1;entity_candidates:1;name_core_candidates:1;sibling_registry_ids:1,"[{""basis"":""shared sibling registry UUID only"",""group_record_count"":1,""group_record_index"":1,""penalty_group_id"":""pengrp_1267e56ed5222b7c4e7a"",""penalty_registry_id"":""d3529bca-98d5-4761-9ff3-40ee3716d1dc"",""relationship"":""candidate only; not asserted to be the same event""},{""basis"":""shared sibling registry UUID only"",""group_record_count"":1,""group_record_index"":1,""penalty_group_id"":""pengrp_1af21fe33c514ba53a99"",""penalty_registry_id"":""d3529bca-98d5-4761-9ff3-40ee3716d1dc"",""relationship"":""candidate only; not asserted to be the same event""},{""basis"":""shared sibling registry UUID only"",""group_record_count"":1,""group_record_index"":1,""penalty_group_id"":""pengrp_37e16491981bef76e189"",""penalty_registry_id"":""d3529bca-98d5-4761-9ff3-40ee3716d1dc"",""relationship"":""candidate only; not asserted to be the same event""},{""basis"":""shared sibling registry UUID only"",""group_record_count"":1,""group_record_index"":1,""penalty_group_id"":""pengrp_3d8ae718cafab3770998"",""penalty_registry_id"":""d3529bca-98d5-4761-9ff3-40ee3716d1dc"",""relationship"":""candidate only; not asserted to be the same event""},{""basis"":""shared sibling registry UUID only"",""group_record_count"":1,""group_record_index"":1,""penalty_group_id"":""pengrp_4f508e3935a011c78a8c"",""penalty_registry_id"":""d3529bca-98d5-4761-9ff3-40ee3716d1dc"",""relationship"":""candidate only; not asserted to be the same event""},{""basis"":""shared sibling registry UUID only"",""group_record_count"":1,""group_record_index"":1,""penalty_group_id"":""pengrp_6ea076d9f38681561902"",""penalty_registry_id"":""d3529bca-98d5-4761-9ff3-40ee3716d1dc"",""relationship"":""candidate only; not asserted to be the same event""},{""basis"":""shared sibling registry UUID only"",""group_record_count"":1,""group_record_index"":1,""penalty_group_id"":""pengrp_721e40fb56523c93fae3"",""penalty_registry_id"":""d3529bca-98d5-4761-9ff3-40ee3716d1dc"",""relationship"":""candidate only; not asserted to be the same event""},{""basis"":""shared sibling registry UUID only"",""group_record_count"":1,""group_record_index"":1,""penalty_group_id"":""pengrp_7bb6aaeb3e757b3523e5"",""penalty_registry_id"":""d3529bca-98d5-4761-9ff3-40ee3716d1dc"",""relationship"":""candidate only; not asserted to be the same event""},{""basis"":""shared sibling registry UUID only"",""group_record_count"":1,""group_record_index"":1,""penalty_group_id"":""pengrp_859df4630311a7c9dddc"",""penalty_registry_id"":""d3529bca-98d5-4761-9ff3-40ee3716d1dc"",""relationship"":""candidate only; not asserted to be the same event""},{""basis"":""shared sibling registry UUID only"",""group_record_count"":1,""group_record_index"":1,""penalty_group_id"":""pengrp_87b515e7936f856e1d71"",""penalty_registry_id"":""d3529bca-98d5-4761-9ff3-40ee3716d1dc"",""relationship"":""candidate only; not asserted to be the same event""},{""basis"":""shared sibling registry UUID only"",""group_record_count"":1,""group_record_index"":1,""penalty_group_id"":""pengrp_8baab17232b0bffec02e"",""penalty_registry_id"":""d3529bca-98d5-4761-9ff3-40ee3716d1dc"",""relationship"":""candidate only; not asserted to be the same event""},{""basis"":""shared sibling registry UUID only"",""group_record_count"":1,""group_record_index"":1,""penalty_group_id"":""pengrp_91171c42650aeaebad74"",""penalty_registry_id"":""d3529bca-98d5-4761-9ff3-40ee3716d1dc"",""relationship"":""candidate only; not asserted to be the same event""},{""basis"":""shared sibling registry UUID only"",""group_record_count"":1,""group_record_index"":1,""penalty_group_id"":""pengrp_b77d65898a62c9e6ef4b"",""penalty_registry_id"":""d3529bca-98d5-4761-9ff3-40ee3716d1dc"",""relationship"":""candidate only; not asserted to be the same event""},{""basis"":""shared sibling registry UUID only"",""group_record_count"":1,""group_record_index"":1,""penalty_group_id"":""pengrp_cd7a31e4a558d1fd8e63"",""penalty_registry_id"":""d3529bca-98d5-4761-9ff3-40ee3716d1dc"",""relationship"":""candidate only; not asserted to be the same event""},{""basis"":""shared sibling registry UUID only"",""group_record_count"":1,""group_record_index"":1,""penalty_group_id"":""pengrp_d7e816fd3edf44d9874f"",""penalty_registry_id"":""d3529bca-98d5-4761-9ff3-40ee3716d1dc"",""relationship"":""candidate only; not asserted to be the same event""},{""basis"":""shared sibling registry UUID only"",""group_record_count"":1,""group_record_index"":1,""penalty_group_id"":""pengrp_deea744d95bff61de45d"",""penalty_registry_id"":""d3529bca-98d5-4761-9ff3-40ee3716d1dc"",""relationship"":""candidate only; not asserted to be the same event""}]"
ntpc-kidedu-6097-action-48d3f33b63e41766,6097,ntpc-kidedu-6097,新北市私立傳動幼兒園,永和區,私立,8,corrective_order_followup,ordered,2016-05-11,,2016-11-22,"二、本市103學年度幼兒園追蹤評鑑結果報告，未通過追蹤評鑑之受評園，本市已於105年5月11日函文至各園限期改善，各園應於文到次日起6個月內完成改善。
三、本局謹訂於本（105）年11月16日（星期三）至11月22日（星期二）針對未通過之評鑑項目進行實地訪視，其結果將另行公布。
四、旨揭實地訪視日程表，請逕至新北市幼兒教育資源網（路徑：新北市幼兒教育資源網－評鑑專區－基礎評鑑－參考表單）下載。","8
永和區
私人
新北市私立傳動幼兒園
11月22日
星期二",raw/001_6097_detail.html,b1394666606a4c14b803816fcba752e4ae6b59becd1f5cf3981e90e0a442db63,raw/002_6097_attachment_pdf.pdf,2ccae4bf231ebc4876c1d40ff09c3e909840267209bb284a1a2ea9d1dffb331e,1,8,"[""8b394672-9045-4408-bc7e-7b8f918f0dea""]","[""新北市私立傳動幼兒園""]",新北市私立傳動幼兒園,matched_exact_title,exact_title:1;entity_candidates:1;name_core_candidates:1;sibling_registry_ids:1,"[{""basis"":""shared sibling registry UUID only"",""group_record_count"":1,""group_record_index"":1,""penalty_group_id"":""pengrp_02263bfbec2a92cc4e3c"",""penalty_registry_id"":""8b394672-9045-4408-bc7e-7b8f918f0dea"",""relationship"":""candidate only; not asserted to be the same event""},{""basis"":""shared sibling registry UUID only"",""group_record_count"":1,""group_record_index"":1,""penalty_group_id"":""pengrp_1dd7b73f8eb57db3f423"",""penalty_registry_id"":""8b394672-9045-4408-bc7e-7b8f918f0dea"",""relationship"":""candidate only; not asserted to be the same event""},{""basis"":""shared sibling registry UUID only"",""group_record_count"":1,""group_record_index"":1,""penalty_group_id"":""pengrp_4999af607697fffe629b"",""penalty_registry_id"":""8b394672-9045-4408-bc7e-7b8f918f0dea"",""relationship"":""candidate only; not asserted to be the same event""},{""basis"":""shared sibling registry UUID only"",""group_record_count"":1,""group_record_index"":1,""penalty_group_id"":""pengrp_7d6f87b10f8722a751e6"",""penalty_registry_id"":""8b394672-9045-4408-bc7e-7b8f918f0dea"",""relationship"":""candidate only; not asserted to be the same event""},{""basis"":""shared sibling registry UUID only"",""group_record_count"":1,""group_record_index"":1,""penalty_group_id"":""pengrp_8b0f09a5fa85fe6fa77e"",""penalty_registry_id"":""8b394672-9045-4408-bc7e-7b8f918f0dea"",""relationship"":""candidate only; not asserted to be the same event""},{""basis"":""shared sibling registry UUID only"",""group_record_count"":1,""group_record_index"":1,""penalty_group_id"":""pengrp_afbf499d036f1aa5e869"",""penalty_registry_id"":""8b394672-9045-4408-bc7e-7b8f918f0dea"",""relationship"":""candidate only; not asserted to be the same event""},{""basis"":""shared sibling registry UUID only"",""group_record_count"":1,""group_record_index"":1,""penalty_group_id"":""pengrp_cc76eaf60080aaa115ff"",""penalty_registry_id"":""8b394672-9045-4408-bc7e-7b8f918f0dea"",""relationship"":""candidate only; not asserted to be the same event""},{""basis"":""shared sibling registry UUID only"",""group_record_count"":1,""group_record_index"":1,""penalty_group_id"":""pengrp_ea1bca7bb00aa02eb887"",""penalty_registry_id"":""8b394672-9045-4408-bc7e-7b8f918f0dea"",""relationship"":""candidate only; not asserted to be the same event""}]"
ntpc-kidedu-6097-action-5b2f577f78d79774,6097,ntpc-kidedu-6097,新北市私立卡兒堡幼兒園,永和區,私立,9,corrective_order_followup,ordered,2016-05-11,,2016-11-22,"二、本市103學年度幼兒園追蹤評鑑結果報告，未通過追蹤評鑑之受評園，本市已於105年5月11日函文至各園限期改善，各園應於文到次日起6個月內完成改善。
三、本局謹訂於本（105）年11月16日（星期三）至11月22日（星期二）針對未通過之評鑑項目進行實地訪視，其結果將另行公布。
四、旨揭實地訪視日程表，請逕至新北市幼兒教育資源網（路徑：新北市幼兒教育資源網－評鑑專區－基礎評鑑－參考表單）下載。","9
永和區
私人
新北市私立卡兒堡幼兒園
11月22日
星期二",raw/001_6097_detail.html,b1394666606a4c14b803816fcba752e4ae6b59becd1f5cf3981e90e0a442db63,raw/002_6097_attachment_pdf.pdf,2ccae4bf231ebc4876c1d40ff09c3e909840267209bb284a1a2ea9d1dffb331e,1,9,"[""12e13348-be68-4038-bc53-b123a74ee353""]","[""新北市私立卡兒堡幼兒園""]",新北市私立卡兒堡幼兒園,matched_exact_title,exact_title:1;entity_candidates:1;name_core_candidates:1;sibling_registry_ids:1,[]
ntpc-kidedu-6098-action-95f4371f61aaa961,6098,ntpc-kidedu-6098,新北市私立喜星園幼兒園,三重區,私立,1,corrective_order_followup,ordered,2016-05-03,,2016-11-15,"二、本市104學年度幼兒園基礎評鑑結果報告已於105年5月3日新北教幼字第1050760195號函函文至各校(園)，未通過基礎評鑑之受評園，應於評鑑結果公布後6個月內限期改善。
三、本局謹訂於本（105）年11月15日（星期二）至11月25日（星期五）辦理追蹤評鑑，針對未通過之評鑑項目進行實地訪視評鑑，其結果將另行公布。
四、旨揭實地訪視日程表，請逕至新北市幼兒教育資源網（路徑：新北市幼兒教育資源網－評鑑專區－基礎評鑑－參考表單）下載。","1
三重區
私人
新北市私立喜星園幼兒園
11月15日
星期二",raw/003_6098_detail.html,8989b6aa04479ae105bc72085dc181d9b8216b3d1a83da72c3ff95265b27d53f,raw/004_6098_attachment_pdf.pdf,f39646ac937a239be1def5a80dc7596961a8c3f8d460720325e6b321c96ba94b,1,1,"[""f3cd3b25-909e-477e-bf1e-038bf98fc186""]","[""新北市私立喜星園幼兒園""]",新北市私立喜星園幼兒園,matched_exact_title,exact_title:1;entity_candidates:1;name_core_candidates:1;sibling_registry_ids:1,[]
ntpc-kidedu-6098-action-53c7107d3dc7f182,6098,ntpc-kidedu-6098,新北市私立新二重幼兒園,三重區,私立,2,corrective_order_followup,ordered,2016-05-03,,2016-11-15,"二、本市104學年度幼兒園基礎評鑑結果報告已於105年5月3日新北教幼字第1050760195號函函文至各校(園)，未通過基礎評鑑之受評園，應於評鑑結果公布後6個月內限期改善。
三、本局謹訂於本（105）年11月15日（星期二）至11月25日（星期五）辦理追蹤評鑑，針對未通過之評鑑項目進行實地訪視評鑑，其結果將另行公布。
四、旨揭實地訪視日程表，請逕至新北市幼兒教育資源網（路徑：新北市幼兒教育資源網－評鑑專區－基礎評鑑－參考表單）下載。","2
三重區
私人
新北市私立新二重幼兒園
11月15日
星期二",raw/003_6098_detail.html,8989b6aa04479ae105bc72085dc181d9b8216b3d1a83da72c3ff95265b27d53f,raw/004_6098_attachment_pdf.pdf,f39646ac937a239be1def5a80dc7596961a8c3f8d460720325e6b321c96ba94b,1,2,"[""89def7f5-8972-4056-ab86-2bce5b5e6a3c""]","[""新北市私立新二重幼兒園""]",新北市私立新二重幼兒園,matched_exact_title,exact_title:1;entity_candidates:1;name_core_candidates:1;sibling_registry_ids:1,"[{""basis"":""shared sibling registry UUID only"",""group_record_count"":1,""group_record_index"":1,""penalty_group_id"":""pengrp_768225214cc9b01913da"",""penalty_registry_id"":""89def7f5-8972-4056-ab86-2bce5b5e6a3c"",""relationship"":""candidate only; not asserted to be the same event""}]"
ntpc-kidedu-6098-action-76153d507fdf593d,6098,ntpc-kidedu-6098,新北市私立全能愛彌兒幼兒園,三重區,私立,3,corrective_order_followup,ordered,2016-05-03,,2016-11-15,"二、本市104學年度幼兒園基礎評鑑結果報告已於105年5月3日新北教幼字第1050760195號函函文至各校(園)，未通過基礎評鑑之受評園，應於評鑑結果公布後6個月內限期改善。
三、本局謹訂於本（105）年11月15日（星期二）至11月25日（星期五）辦理追蹤評鑑，針對未通過之評鑑項目進行實地訪視評鑑，其結果將另行公布。
四、旨揭實地訪視日程表，請逕至新北市幼兒教育資源網（路徑：新北市幼兒教育資源網－評鑑專區－基礎評鑑－參考表單）下載。","3
三重區
私人
新北市私立全能愛彌兒幼兒園
11月15日
星期二",raw/003_6098_detail.html,8989b6aa04479ae105bc72085dc181d9b8216b3d1a83da72c3ff95265b27d53f,raw/004_6098_attachment_pdf.pdf,f39646ac937a239be1def5a80dc7596961a8c3f8d460720325e6b321c96ba94b,1,3,[],[],,unresolved_historical_institution,exact_title:0;entity_candidates:0;name_core_candidates:0;sibling_registry_ids:0,[]
ntpc-kidedu-6098-action-6a2a4eaa36af1f98,6098,ntpc-kidedu-6098,新北市私立華兒園精緻幼兒園,三重區,私立,4,corrective_order_followup,ordered,2016-05-03,,2016-11-15,"二、本市104學年度幼兒園基礎評鑑結果報告已於105年5月3日新北教幼字第1050760195號函函文至各校(園)，未通過基礎評鑑之受評園，應於評鑑結果公布後6個月內限期改善。
三、本局謹訂於本（105）年11月15日（星期二）至11月25日（星期五）辦理追蹤評鑑，針對未通過之評鑑項目進行實地訪視評鑑，其結果將另行公布。
四、旨揭實地訪視日程表，請逕至新北市幼兒教育資源網（路徑：新北市幼兒教育資源網－評鑑專區－基礎評鑑－參考表單）下載。","4
三重區
私人
新北市私立華兒園精緻幼兒園
11月15日
星期二",raw/003_6098_detail.html,8989b6aa04479ae105bc72085dc181d9b8216b3d1a83da72c3ff95265b27d53f,raw/004_6098_attachment_pdf.pdf,f39646ac937a239be1def5a80dc7596961a8c3f8d460720325e6b321c96ba94b,1,4,"[""1bf70674-f432-44f9-b054-e0f995de88da""]","[""新北市私立華兒園精緻幼兒園""]",新北市私立華兒園精緻幼兒園,matched_exact_title,exact_title:1;entity_candidates:1;name_core_candidates:1;sibling_registry_ids:1,"[{""basis"":""shared sibling registry UUID only"",""group_record_count"":1,""group_record_index"":1,""penalty_group_id"":""pengrp_d4ee9651be683d1eefe5"",""penalty_registry_id"":""1bf70674-f432-44f9-b054-e0f995de88da"",""relationship"":""candidate only; not asserted to be the same event""}]"
ntpc-kidedu-6098-action-4fa01bf401848171,6098,ntpc-kidedu-6098,新北市私立智仁幼兒園,三重區,私立,5,corrective_order_followup,ordered,2016-05-03,,2016-11-15,"二、本市104學年度幼兒園基礎評鑑結果報告已於105年5月3日新北教幼字第1050760195號函函文至各校(園)，未通過基礎評鑑之受評園，應於評鑑結果公布後6個月內限期改善。
三、本局謹訂於本（105）年11月15日（星期二）至11月25日（星期五）辦理追蹤評鑑，針對未通過之評鑑項目進行實地訪視評鑑，其結果將另行公布。
四、旨揭實地訪視日程表，請逕至新北市幼兒教育資源網（路徑：新北市幼兒教育資源網－評鑑專區－基礎評鑑－參考表單）下載。","5
三重區
私人
新北市私立智仁幼兒園
11月15日
星期二",raw/003_6098_detail.html,8989b6aa04479ae105bc72085dc181d9b8216b3d1a83da72c3ff95265b27d53f,raw/004_6098_attachment_pdf.pdf,f39646ac937a239be1def5a80dc7596961a8c3f8d460720325e6b321c96ba94b,1,5,[],[],,unresolved_historical_institution,exact_title:0;entity_candidates:0;name_core_candidates:0;sibling_registry_ids:0,[]
ntpc-kidedu-6098-action-95e63aca17006c8a,6098,ntpc-kidedu-6098,財團法人天主教會台北教區附設新北市私立母心幼兒園,三重區,私立,6,corrective_order_followup,ordered,2016-05-03,,2016-11-15,"二、本市104學年度幼兒園基礎評鑑結果報告已於105年5月3日新北教幼字第1050760195號函函文至各校(園)，未通過基礎評鑑之受評園，應於評鑑結果公布後6個月內限期改善。
三、本局謹訂於本（105）年11月15日（星期二）至11月25日（星期五）辦理追蹤評鑑，針對未通過之評鑑項目進行實地訪視評鑑，其結果將另行公布。
四、旨揭實地訪視日程表，請逕至新北市幼兒教育資源網（路徑：新北市幼兒教育資源網－評鑑專區－基礎評鑑－參考表單）下載。","6
三重區
財團法人
附設
財團法人天主教會台北教區附設新北市
私立母心幼兒園
11月15日
星期二",raw/003_6098_detail.html,8989b6aa04479ae105bc72085dc181d9b8216b3d1a83da72c3ff95265b27d53f,raw/004_6098_attachment_pdf.pdf,f39646ac937a239be1def5a80dc7596961a8c3f8d460720325e6b321c96ba94b,1,6,"[""7ae6df38-9d94-4821-9dac-c8b23da5a25a""]","[""財團法人天主教會台北教區附設新北市私立母心幼兒園""]",財團法人天主教會台北教區附設新北市私立母心幼兒園,matched_exact_title,exact_title:1;entity_candidates:1;name_core_candidates:1;sibling_registry_ids:1,"[{""basis"":""shared sibling registry UUID only"",""group_record_count"":1,""group_record_index"":1,""penalty_group_id"":""pengrp_adc8e09dddd2aa29d915"",""penalty_registry_id"":""7ae6df38-9d94-4821-9dac-c8b23da5a25a"",""relationship"":""candidate only; not asserted to be the same event""},{""basis"":""shared sibling registry UUID only"",""group_record_count"":1,""group_record_index"":1,""penalty_group_id"":""pengrp_e1e9b5bf2f7f6f92dca2"",""penalty_registry_id"":""7ae6df38-9d94-4821-9dac-c8b23da5a25a"",""relationship"":""candidate only; not asserted to be the same event""},{""basis"":""shared sibling registry UUID only"",""group_record_count"":1,""group_record_index"":1,""penalty_group_id"":""pengrp_e71963ca5977ac8d98f2"",""penalty_registry_id"":""7ae6df38-9d94-4821-9dac-c8b23da5a25a"",""relationship"":""candidate only; not asserted to be the same event""}]"
ntpc-kidedu-6098-action-317084c8c23a5030,6098,ntpc-kidedu-6098,新北市私立肯妮斯幼兒園,三重區,私立,7,corrective_order_followup,ordered,2016-05-03,,2016-11-15,"二、本市104學年度幼兒園基礎評鑑結果報告已於105年5月3日新北教幼字第1050760195號函函文至各校(園)，未通過基礎評鑑之受評園，應於評鑑結果公布後6個月內限期改善。
三、本局謹訂於本（105）年11月15日（星期二）至11月25日（星期五）辦理追蹤評鑑，針對未通過之評鑑項目進行實地訪視評鑑，其結果將另行公布。
四、旨揭實地訪視日程表，請逕至新北市幼兒教育資源網（路徑：新北市幼兒教育資源網－評鑑專區－基礎評鑑－參考表單）下載。","7
三重區
私人
新北市私立肯妮斯幼兒園
11月15日
星期二",raw/003_6098_detail.html,8989b6aa04479ae105bc72085dc181d9b8216b3d1a83da72c3ff95265b27d53f,raw/004_6098_attachment_pdf.pdf,f39646ac937a239be1def5a80dc7596961a8c3f8d460720325e6b321c96ba94b,1,7,"[""dc5bd7fe-1d67-43c8-a558-9ac0735574be""]","[""新北市私立肯妮斯幼兒園""]",新北市私立肯妮斯幼兒園,matched_exact_title,exact_title:1;entity_candidates:1;name_core_candidates:1;sibling_registry_ids:1,[]
ntpc-kidedu-6098-action-6086dc5fdf903d5f,6098,ntpc-kidedu-6098,新北市私立興華幼兒園,蘆洲區,私立,8,corrective_order_followup,ordered,2016-05-03,,2016-11-15,"二、本市104學年度幼兒園基礎評鑑結果報告已於105年5月3日新北教幼字第1050760195號函函文至各校(園)，未通過基礎評鑑之受評園，應於評鑑結果公布後6個月內限期改善。
三、本局謹訂於本（105）年11月15日（星期二）至11月25日（星期五）辦理追蹤評鑑，針對未通過之評鑑項目進行實地訪視評鑑，其結果將另行公布。
四、旨揭實地訪視日程表，請逕至新北市幼兒教育資源網（路徑：新北市幼兒教育資源網－評鑑專區－基礎評鑑－參考表單）下載。","8
蘆洲區
私人
新北市私立興華幼兒園
11月15日
星期二",raw/003_6098_detail.html,8989b6aa04479ae105bc72085dc181d9b8216b3d1a83da72c3ff95265b27d53f,raw/004_6098_attachment_pdf.pdf,f39646ac937a239be1def5a80dc7596961a8c3f8d460720325e6b321c96ba94b,1,8,"[""f5251c62-f52c-47f9-8ee2-acfc5add7e42""]","[""新北市私立興華幼兒園""]",新北市私立興華幼兒園,matched_exact_title,exact_title:1;entity_candidates:1;name_core_candidates:1;sibling_registry_ids:1,"[{""basis"":""shared sibling registry UUID only"",""group_record_count"":1,""group_record_index"":1,""penalty_group_id"":""pengrp_03a1bd162ca964f8d86a"",""penalty_registry_id"":""f5251c62-f52c-47f9-8ee2-acfc5add7e42"",""relationship"":""candidate only; not asserted to be the same event""},{""basis"":""shared sibling registry UUID only"",""group_record_count"":1,""group_record_index"":1,""penalty_group_id"":""pengrp_065d37c83d2955b71809"",""penalty_registry_id"":""f5251c62-f52c-47f9-8ee2-acfc5add7e42"",""relationship"":""candidate only; not asserted to be the same event""},{""basis"":""shared sibling registry UUID only"",""group_record_count"":1,""group_record_index"":1,""penalty_group_id"":""pengrp_1c40e7011817275ccbf6"",""penalty_registry_id"":""f5251c62-f52c-47f9-8ee2-acfc5add7e42"",""relationship"":""candidate only; not asserted to be the same event""},{""basis"":""shared sibling registry UUID only"",""group_record_count"":1,""group_record_index"":1,""penalty_group_id"":""pengrp_6b6ea9d2909489697fb6"",""penalty_registry_id"":""f5251c62-f52c-47f9-8ee2-acfc5add7e42"",""relationship"":""candidate only; not asserted to be the same event""},{""basis"":""shared sibling registry UUID only"",""group_record_count"":1,""group_record_index"":1,""penalty_group_id"":""pengrp_81b74ffc06ef666e0058"",""penalty_registry_id"":""f5251c62-f52c-47f9-8ee2-acfc5add7e42"",""relationship"":""candidate only; not asserted to be the same event""},{""basis"":""shared sibling registry UUID only"",""group_record_count"":1,""group_record_index"":1,""penalty_group_id"":""pengrp_c92553302b27d05850fc"",""penalty_registry_id"":""f5251c62-f52c-47f9-8ee2-acfc5add7e42"",""relationship"":""candidate only; not asserted to be the same event""},{""basis"":""shared sibling registry UUID only"",""group_record_count"":1,""group_record_index"":1,""penalty_group_id"":""pengrp_ea8f049ceff3ed230fb9"",""penalty_registry_id"":""f5251c62-f52c-47f9-8ee2-acfc5add7e42"",""relationship"":""candidate only; not asserted to be the same event""}]"
ntpc-kidedu-6098-action-2889b6e7a9353956,6098,ntpc-kidedu-6098,新北市私立溫特爾幼兒園,三峽區,私立,9,corrective_order_followup,ordered,2016-05-03,,2016-11-15,"二、本市104學年度幼兒園基礎評鑑結果報告已於105年5月3日新北教幼字第1050760195號函函文至各校(園)，未通過基礎評鑑之受評園，應於評鑑結果公布後6個月內限期改善。
三、本局謹訂於本（105）年11月15日（星期二）至11月25日（星期五）辦理追蹤評鑑，針對未通過之評鑑項目進行實地訪視評鑑，其結果將另行公布。
四、旨揭實地訪視日程表，請逕至新北市幼兒教育資源網（路徑：新北市幼兒教育資源網－評鑑專區－基礎評鑑－參考表單）下載。","9
三峽區
私人
新北市私立溫特爾幼兒園
11月15日
星期二",raw/003_6098_detail.html,8989b6aa04479ae105bc72085dc181d9b8216b3d1a83da72c3ff95265b27d53f,raw/004_6098_attachment_pdf.pdf,f39646ac937a239be1def5a80dc7596961a8c3f8d460720325e6b321c96ba94b,1,9,"[""818ed658-8295-4b49-a727-ce5e3d4e623e""]","[""新北市私立溫特爾幼兒園""]",新北市私立溫特爾幼兒園,matched_exact_title,exact_title:1;entity_candidates:1;name_core_candidates:1;sibling_registry_ids:1,[]
ntpc-kidedu-6098-action-709f07c9d5acd608,6098,ntpc-kidedu-6098,新北市私立聖母幼兒園,三峽區,私立,10,corrective_order_followup,ordered,2016-05-03,,2016-11-15,"二、本市104學年度幼兒園基礎評鑑結果報告已於105年5月3日新北教幼字第1050760195號函函文至各校(園)，未通過基礎評鑑之受評園，應於評鑑結果公布後6個月內限期改善。
三、本局謹訂於本（105）年11月15日（星期二）至11月25日（星期五）辦理追蹤評鑑，針對未通過之評鑑項目進行實地訪視評鑑，其結果將另行公布。
四、旨揭實地訪視日程表，請逕至新北市幼兒教育資源網（路徑：新北市幼兒教育資源網－評鑑專區－基礎評鑑－參考表單）下載。","10
三峽區
私人
新北市私立聖母幼兒園
11月15日
星期二",raw/003_6098_detail.html,8989b6aa04479ae105bc72085dc181d9b8216b3d1a83da72c3ff95265b27d53f,raw/004_6098_attachment_pdf.pdf,f39646ac937a239be1def5a80dc7596961a8c3f8d460720325e6b321c96ba94b,1,10,"[""832f17b4-5007-4f13-9443-6847547e0d90""]","[""新北市私立聖母幼兒園""]",新北市私立聖母幼兒園,matched_exact_title,exact_title:1;entity_candidates:1;name_core_candidates:1;sibling_registry_ids:1,[]
ntpc-kidedu-6098-action-55629c82d4627bb5,6098,ntpc-kidedu-6098,新北市私立快樂靜思園幼兒園,三峽區,私立,11,corrective_order_followup,ordered,2016-05-03,,2016-11-15,"二、本市104學年度幼兒園基礎評鑑結果報告已於105年5月3日新北教幼字第1050760195號函函文至各校(園)，未通過基礎評鑑之受評園，應於評鑑結果公布後6個月內限期改善。
三、本局謹訂於本（105）年11月15日（星期二）至11月25日（星期五）辦理追蹤評鑑，針對未通過之評鑑項目進行實地訪視評鑑，其結果將另行公布。
四、旨揭實地訪視日程表，請逕至新北市幼兒教育資源網（路徑：新北市幼兒教育資源網－評鑑專區－基礎評鑑－參考表單）下載。","11
三峽區
私人
新北市私立快樂靜思園幼兒園
11月15日
星期二",raw/003_6098_detail.html,8989b6aa04479ae105bc72085dc181d9b8216b3d1a83da72c3ff95265b27d53f,raw/004_6098_attachment_pdf.pdf,f39646ac937a239be1def5a80dc7596961a8c3f8d460720325e6b321c96ba94b,1,11,"[""47243483-2120-48d7-accc-8b992948d7b9""]","[""新北市私立快樂靜思園幼兒園""]",新北市私立快樂靜思園幼兒園,matched_exact_title,exact_title:1;entity_candidates:1;name_core_candidates:1;sibling_registry_ids:1,[]
ntpc-kidedu-6098-action-c2007eab73ab18fb,6098,ntpc-kidedu-6098,新北市私立瑪莉亞蒙特梭利幼兒園,三峽區,私立,12,corrective_order_followup,ordered,2016-05-03,,2016-11-15,"二、本市104學年度幼兒園基礎評鑑結果報告已於105年5月3日新北教幼字第1050760195號函函文至各校(園)，未通過基礎評鑑之受評園，應於評鑑結果公布後6個月內限期改善。
三、本局謹訂於本（105）年11月15日（星期二）至11月25日（星期五）辦理追蹤評鑑，針對未通過之評鑑項目進行實地訪視評鑑，其結果將另行公布。
四、旨揭實地訪視日程表，請逕至新北市幼兒教育資源網（路徑：新北市幼兒教育資源網－評鑑專區－基礎評鑑－參考表單）下載。","12
三峽區
私人
新北市私立瑪莉亞蒙特梭利幼兒園
11月15日
星期二",raw/003_6098_detail.html,8989b6aa04479ae105bc72085dc181d9b8216b3d1a83da72c3ff95265b27d53f,raw/004_6098_attachment_pdf.pdf,f39646ac937a239be1def5a80dc7596961a8c3f8d460720325e6b321c96ba94b,1,12,"[""29deedd8-5915-4415-8124-566c94d2667e""]","[""新北市私立瑪莉亞蒙特梭利幼兒園""]",新北市私立瑪莉亞蒙特梭利幼兒園,matched_exact_title,exact_title:1;entity_candidates:1;name_core_candidates:1;sibling_registry_ids:1,[]
ntpc-kidedu-6098-action-b66e706580e51e47,6098,ntpc-kidedu-6098,新北市私立邦仁幼兒園,三重區,私立,13,corrective_order_followup,ordered,2016-05-03,,2016-11-16,"二、本市104學年度幼兒園基礎評鑑結果報告已於105年5月3日新北教幼字第1050760195號函函文至各校(園)，未通過基礎評鑑之受評園，應於評鑑結果公布後6個月內限期改善。
三、本局謹訂於本（105）年11月15日（星期二）至11月25日（星期五）辦理追蹤評鑑，針對未通過之評鑑項目進行實地訪視評鑑，其結果將另行公布。
四、旨揭實地訪視日程表，請逕至新北市幼兒教育資源網（路徑：新北市幼兒教育資源網－評鑑專區－基礎評鑑－參考表單）下載。","13
三重區
私人
新北市私立邦仁幼兒園
11月16日
星期三",raw/003_6098_detail.html,8989b6aa04479ae105bc72085dc181d9b8216b3d1a83da72c3ff95265b27d53f,raw/004_6098_attachment_pdf.pdf,f39646ac937a239be1def5a80dc7596961a8c3f8d460720325e6b321c96ba94b,1,13,"[""09f6e448-aa45-4a1c-b5b3-4add442db7f0""]","[""新北市私立邦仁幼兒園""]",新北市私立邦仁幼兒園,matched_exact_title,exact_title:1;entity_candidates:1;name_core_candidates:1;sibling_registry_ids:1,[]
ntpc-kidedu-6098-action-903ffbade90d8566,6098,ntpc-kidedu-6098,新北市私立宥寶幼兒園,三重區,私立,14,corrective_order_followup,ordered,2016-05-03,,2016-11-16,"二、本市104學年度幼兒園基礎評鑑結果報告已於105年5月3日新北教幼字第1050760195號函函文至各校(園)，未通過基礎評鑑之受評園，應於評鑑結果公布後6個月內限期改善。
三、本局謹訂於本（105）年11月15日（星期二）至11月25日（星期五）辦理追蹤評鑑，針對未通過之評鑑項目進行實地訪視評鑑，其結果將另行公布。
四、旨揭實地訪視日程表，請逕至新北市幼兒教育資源網（路徑：新北市幼兒教育資源網－評鑑專區－基礎評鑑－參考表單）下載。","14
三重區
私人
新北市私立宥寶幼兒園
11月16日
星期三",raw/003_6098_detail.html,8989b6aa04479ae105bc72085dc181d9b8216b3d1a83da72c3ff95265b27d53f,raw/004_6098_attachment_pdf.pdf,f39646ac937a239be1def5a80dc7596961a8c3f8d460720325e6b321c96ba94b,1,14,"[""a833e4db-3d45-4d91-aca1-604ec013cc5b""]","[""新北市私立宥寶幼兒園""]",新北市私立宥寶幼兒園,matched_exact_title,exact_title:1;entity_candidates:1;name_core_candidates:1;sibling_registry_ids:1,[]
ntpc-kidedu-6098-action-16a2948569d47959,6098,ntpc-kidedu-6098,新北市私立博聖幼兒園,蘆洲區,私立,15,corrective_order_followup,ordered,2016-05-03,,2016-11-16,"二、本市104學年度幼兒園基礎評鑑結果報告已於105年5月3日新北教幼字第1050760195號函函文至各校(園)，未通過基礎評鑑之受評園，應於評鑑結果公布後6個月內限期改善。
三、本局謹訂於本（105）年11月15日（星期二）至11月25日（星期五）辦理追蹤評鑑，針對未通過之評鑑項目進行實地訪視評鑑，其結果將另行公布。
四、旨揭實地訪視日程表，請逕至新北市幼兒教育資源網（路徑：新北市幼兒教育資源網－評鑑專區－基礎評鑑－參考表單）下載。","15
蘆洲區
私人
新北市私立博聖幼兒園
11月16日
星期三",raw/003_6098_detail.html,8989b6aa04479ae105bc72085dc181d9b8216b3d1a83da72c3ff95265b27d53f,raw/004_6098_attachment_pdf.pdf,f39646ac937a239be1def5a80dc7596961a8c3f8d460720325e6b321c96ba94b,1,15,"[""4ff95ae8-a274-4db8-92fc-3dfdbcd7d9dd""]","[""新北市私立博聖幼兒園""]",新北市私立博聖幼兒園,matched_exact_title,exact_title:1;entity_candidates:1;name_core_candidates:1;sibling_registry_ids:1,[]
ntpc-kidedu-6098-action-dbffc0459b2440ef,6098,ntpc-kidedu-6098,新北市私立蘆洲北大幼兒園,蘆洲區,私立,16,corrective_order_followup,ordered,2016-05-03,,2016-11-16,"二、本市104學年度幼兒園基礎評鑑結果報告已於105年5月3日新北教幼字第1050760195號函函文至各校(園)，未通過基礎評鑑之受評園，應於評鑑結果公布後6個月內限期改善。
三、本局謹訂於本（105）年11月15日（星期二）至11月25日（星期五）辦理追蹤評鑑，針對未通過之評鑑項目進行實地訪視評鑑，其結果將另行公布。
四、旨揭實地訪視日程表，請逕至新北市幼兒教育資源網（路徑：新北市幼兒教育資源網－評鑑專區－基礎評鑑－參考表單）下載。","16
蘆洲區
私人
新北市私立蘆洲北大幼兒園
11月16日
星期三",raw/003_6098_detail.html,8989b6aa04479ae105bc72085dc181d9b8216b3d1a83da72c3ff95265b27d53f,raw/004_6098_attachment_pdf.pdf,f39646ac937a239be1def5a80dc7596961a8c3f8d460720325e6b321c96ba94b,1,16,"[""0565243e-7cbe-4e7b-bbdd-af5681fb3cd6""]","[""新北市私立蘆洲北大幼兒園""]",新北市私立蘆洲北大幼兒園,matched_exact_title,exact_title:1;entity_candidates:1;name_core_candidates:1;sibling_registry_ids:1,[]
ntpc-kidedu-6098-action-5a68784828a7bc9b,6098,ntpc-kidedu-6098,新北市私立慈育幼兒園,蘆洲區,私立,17,corrective_order_followup,ordered,2016-05-03,,2016-11-16,"二、本市104學年度幼兒園基礎評鑑結果報告已於105年5月3日新北教幼字第1050760195號函函文至各校(園)，未通過基礎評鑑之受評園，應於評鑑結果公布後6個月內限期改善。
三、本局謹訂於本（105）年11月15日（星期二）至11月25日（星期五）辦理追蹤評鑑，針對未通過之評鑑項目進行實地訪視評鑑，其結果將另行公布。
四、旨揭實地訪視日程表，請逕至新北市幼兒教育資源網（路徑：新北市幼兒教育資源網－評鑑專區－基礎評鑑－參考表單）下載。","17
蘆洲區
私人
新北市私立慈育幼兒園
11月16日
星期三",raw/003_6098_detail.html,8989b6aa04479ae105bc72085dc181d9b8216b3d1a83da72c3ff95265b27d53f,raw/004_6098_attachment_pdf.pdf,f39646ac937a239be1def5a80dc7596961a8c3f8d460720325e6b321c96ba94b,1,17,[],[],,unresolved_historical_institution,exact_title:0;entity_candidates:0;name_core_candidates:0;sibling_registry_ids:0,[]
ntpc-kidedu-6098-action-aaac12161104e65b,6098,ntpc-kidedu-6098,新北市私立幼心園幼兒園,三峽區,私立,18,corrective_order_followup,ordered,2016-05-03,,2016-11-16,"二、本市104學年度幼兒園基礎評鑑結果報告已於105年5月3日新北教幼字第1050760195號函函文至各校(園)，未通過基礎評鑑之受評園，應於評鑑結果公布後6個月內限期改善。
三、本局謹訂於本（105）年11月15日（星期二）至11月25日（星期五）辦理追蹤評鑑，針對未通過之評鑑項目進行實地訪視評鑑，其結果將另行公布。
四、旨揭實地訪視日程表，請逕至新北市幼兒教育資源網（路徑：新北市幼兒教育資源網－評鑑專區－基礎評鑑－參考表單）下載。","18
三峽區
私人
新北市私立幼心園幼兒園
11月16日
星期三",raw/003_6098_detail.html,8989b6aa04479ae105bc72085dc181d9b8216b3d1a83da72c3ff95265b27d53f,raw/004_6098_attachment_pdf.pdf,f39646ac937a239be1def5a80dc7596961a8c3f8d460720325e6b321c96ba94b,1,18,"[""1cff3c7f-bdde-47a8-bd74-783c69e219a2""]","[""新北市私立幼心園幼兒園""]",新北市私立幼心園幼兒園,matched_exact_title,exact_title:1;entity_candidates:1;name_core_candidates:1;sibling_registry_ids:1,"[{""basis"":""shared sibling registry UUID only"",""group_record_count"":1,""group_record_index"":1,""penalty_group_id"":""pengrp_fbcdc53d0bb87b0da4df"",""penalty_registry_id"":""1cff3c7f-bdde-47a8-bd74-783c69e219a2"",""relationship"":""candidate only; not asserted to be the same event""}]"
ntpc-kidedu-6098-action-1c9f2cb2ab5b1a28,6098,ntpc-kidedu-6098,新北市三峽區農會附設新北市私立幼兒園,三峽區,私立,19,corrective_order_followup,ordered,2016-05-03,,2016-11-16,"二、本市104學年度幼兒園基礎評鑑結果報告已於105年5月3日新北教幼字第1050760195號函函文至各校(園)，未通過基礎評鑑之受評園，應於評鑑結果公布後6個月內限期改善。
三、本局謹訂於本（105）年11月15日（星期二）至11月25日（星期五）辦理追蹤評鑑，針對未通過之評鑑項目進行實地訪視評鑑，其結果將另行公布。
四、旨揭實地訪視日程表，請逕至新北市幼兒教育資源網（路徑：新北市幼兒教育資源網－評鑑專區－基礎評鑑－參考表單）下載。","19
三峽區
團體附設新北市三峽區農會附設新北市私立幼兒
園
11月16日
星期三",raw/003_6098_detail.html,8989b6aa04479ae105bc72085dc181d9b8216b3d1a83da72c3ff95265b27d53f,raw/004_6098_attachment_pdf.pdf,f39646ac937a239be1def5a80dc7596961a8c3f8d460720325e6b321c96ba94b,1,19,"[""cd986e57-c6a9-4ede-8778-248c985b803a""]","[""新北市三峽區農會附設新北市私立幼兒園""]",新北市三峽區農會附設新北市私立幼兒園,matched_exact_title,exact_title:1;entity_candidates:1;name_core_candidates:1;sibling_registry_ids:1,"[{""basis"":""shared sibling registry UUID only"",""group_record_count"":1,""group_record_index"":1,""penalty_group_id"":""pengrp_4caae8896b69d8186099"",""penalty_registry_id"":""cd986e57-c6a9-4ede-8778-248c985b803a"",""relationship"":""candidate only; not asserted to be the same event""},{""basis"":""shared sibling registry UUID only"",""group_record_count"":1,""group_record_index"":1,""penalty_group_id"":""pengrp_9168b4136e94f3fd7fdc"",""penalty_registry_id"":""cd986e57-c6a9-4ede-8778-248c985b803a"",""relationship"":""candidate only; not asserted to be the same event""},{""basis"":""shared sibling registry UUID only"",""group_record_count"":1,""group_record_index"":1,""penalty_group_id"":""pengrp_e1ee3152a8cb4ebe908e"",""penalty_registry_id"":""cd986e57-c6a9-4ede-8778-248c985b803a"",""relationship"":""candidate only; not asserted to be the same event""}]"
ntpc-kidedu-6098-action-5a3590cff26d9475,6098,ntpc-kidedu-6098,新北市私立雅立福幼兒園,樹林區,私立,20,corrective_order_followup,ordered,2016-05-03,,2016-11-16,"二、本市104學年度幼兒園基礎評鑑結果報告已於105年5月3日新北教幼字第1050760195號函函文至各校(園)，未通過基礎評鑑之受評園，應於評鑑結果公布後6個月內限期改善。
三、本局謹訂於本（105）年11月15日（星期二）至11月25日（星期五）辦理追蹤評鑑，針對未通過之評鑑項目進行實地訪視評鑑，其結果將另行公布。
四、旨揭實地訪視日程表，請逕至新北市幼兒教育資源網（路徑：新北市幼兒教育資源網－評鑑專區－基礎評鑑－參考表單）下載。","20
樹林區
私人
新北市私立雅立福幼兒園
11月16日
星期三
第1/5頁",raw/003_6098_detail.html,8989b6aa04479ae105bc72085dc181d9b8216b3d1a83da72c3ff95265b27d53f,raw/004_6098_attachment_pdf.pdf,f39646ac937a239be1def5a80dc7596961a8c3f8d460720325e6b321c96ba94b,1,20,"[""8163bf08-3dd1-4788-b10c-f2427daa8860""]","[""新北市私立雅立福幼兒園""]",新北市私立雅立福幼兒園,matched_exact_title,exact_title:1;entity_candidates:1;name_core_candidates:1;sibling_registry_ids:1,"[{""basis"":""shared sibling registry UUID only"",""group_record_count"":1,""group_record_index"":1,""penalty_group_id"":""pengrp_2e92b75d0a0abf3db2ad"",""penalty_registry_id"":""8163bf08-3dd1-4788-b10c-f2427daa8860"",""relationship"":""candidate only; not asserted to be the same event""},{""basis"":""shared sibling registry UUID only"",""group_record_count"":1,""group_record_index"":1,""penalty_group_id"":""pengrp_e2da8fd479a13529b1a0"",""penalty_registry_id"":""8163bf08-3dd1-4788-b10c-f2427daa8860"",""relationship"":""candidate only; not asserted to be the same event""},{""basis"":""shared sibling registry UUID only"",""group_record_count"":1,""group_record_index"":1,""penalty_group_id"":""pengrp_f208e35d9abb175eca9e"",""penalty_registry_id"":""8163bf08-3dd1-4788-b10c-f2427daa8860"",""relationship"":""candidate only; not asserted to be the same event""}]"
ntpc-kidedu-6098-action-0ad2536784780569,6098,ntpc-kidedu-6098,新北市私立立群幼兒園,樹林區,私立,21,corrective_order_followup,ordered,2016-05-03,,2016-11-16,"二、本市104學年度幼兒園基礎評鑑結果報告已於105年5月3日新北教幼字第1050760195號函函文至各校(園)，未通過基礎評鑑之受評園，應於評鑑結果公布後6個月內限期改善。
三、本局謹訂於本（105）年11月15日（星期二）至11月25日（星期五）辦理追蹤評鑑，針對未通過之評鑑項目進行實地訪視評鑑，其結果將另行公布。
四、旨揭實地訪視日程表，請逕至新北市幼兒教育資源網（路徑：新北市幼兒教育資源網－評鑑專區－基礎評鑑－參考表單）下載。","21
樹林區
私人
新北市私立立群幼兒園
11月16日
星期三",raw/003_6098_detail.html,8989b6aa04479ae105bc72085dc181d9b8216b3d1a83da72c3ff95265b27d53f,raw/004_6098_attachment_pdf.pdf,f39646ac937a239be1def5a80dc7596961a8c3f8d460720325e6b321c96ba94b,2,21,"[""56872455-2d88-4a2e-a7d2-9c4e3724a1de""]","[""新北市私立立群幼兒園""]",新北市私立立群幼兒園,matched_exact_title,exact_title:1;entity_candidates:1;name_core_candidates:1;sibling_registry_ids:1,"[{""basis"":""shared sibling registry UUID only"",""group_record_count"":1,""group_record_index"":1,""penalty_group_id"":""pengrp_6d174e3afb1d8bc552c1"",""penalty_registry_id"":""56872455-2d88-4a2e-a7d2-9c4e3724a1de"",""relationship"":""candidate only; not asserted to be the same event""},{""basis"":""shared sibling registry UUID only"",""group_record_count"":1,""group_record_index"":1,""penalty_group_id"":""pengrp_8c0511f7e580fa5e2738"",""penalty_registry_id"":""56872455-2d88-4a2e-a7d2-9c4e3724a1de"",""relationship"":""candidate only; not asserted to be the same event""},{""basis"":""shared sibling registry UUID only"",""group_record_count"":1,""group_record_index"":1,""penalty_group_id"":""pengrp_8ec19b7f42fa2f4b48ce"",""penalty_registry_id"":""56872455-2d88-4a2e-a7d2-9c4e3724a1de"",""relationship"":""candidate only; not asserted to be the same event""},{""basis"":""shared sibling registry UUID only"",""group_record_count"":1,""group_record_index"":1,""penalty_group_id"":""pengrp_b1c64e61f85cd1046b98"",""penalty_registry_id"":""56872455-2d88-4a2e-a7d2-9c4e3724a1de"",""relationship"":""candidate only; not asserted to be the same event""}]"
ntpc-kidedu-6098-action-5d009e843133259a,6098,ntpc-kidedu-6098,新北市私立學仕幼兒園,三重區,私立,22,corrective_order_followup,ordered,2016-05-03,,2016-11-17,"二、本市104學年度幼兒園基礎評鑑結果報告已於105年5月3日新北教幼字第1050760195號函函文至各校(園)，未通過基礎評鑑之受評園，應於評鑑結果公布後6個月內限期改善。
三、本局謹訂於本（105）年11月15日（星期二）至11月25日（星期五）辦理追蹤評鑑，針對未通過之評鑑項目進行實地訪視評鑑，其結果將另行公布。
四、旨揭實地訪視日程表，請逕至新北市幼兒教育資源網（路徑：新北市幼兒教育資源網－評鑑專區－基礎評鑑－參考表單）下載。","22
三重區
私人
新北市私立學仕幼兒園
11月17日
星期四",raw/003_6098_detail.html,8989b6aa04479ae105bc72085dc181d9b8216b3d1a83da72c3ff95265b27d53f,raw/004_6098_attachment_pdf.pdf,f39646ac937a239be1def5a80dc7596961a8c3f8d460720325e6b321c96ba94b,2,22,"[""60ff647e-9f81-40a8-8f7e-9aa54cac7dc8""]","[""新北市私立學仕幼兒園""]",新北市私立學仕幼兒園,matched_exact_title,exact_title:1;entity_candidates:1;name_core_candidates:1;sibling_registry_ids:1,"[{""basis"":""shared sibling registry UUID only"",""group_record_count"":1,""group_record_index"":1,""penalty_group_id"":""pengrp_0653b43a29c60dfcb848"",""penalty_registry_id"":""60ff647e-9f81-40a8-8f7e-9aa54cac7dc8"",""relationship"":""candidate only; not asserted to be the same event""},{""basis"":""shared sibling registry UUID only"",""group_record_count"":1,""group_record_index"":1,""penalty_group_id"":""pengrp_10ee565f5d5341bf3d15"",""penalty_registry_id"":""60ff647e-9f81-40a8-8f7e-9aa54cac7dc8"",""relationship"":""candidate only; not asserted to be the same event""},{""basis"":""shared sibling registry UUID only"",""group_record_count"":1,""group_record_index"":1,""penalty_group_id"":""pengrp_2d21bfcb3e808ceb602e"",""penalty_registry_id"":""60ff647e-9f81-40a8-8f7e-9aa54cac7dc8"",""relationship"":""candidate only; not asserted to be the same event""},{""basis"":""shared sibling registry UUID only"",""group_record_count"":1,""group_record_index"":1,""penalty_group_id"":""pengrp_3272e80fd41d04349f9a"",""penalty_registry_id"":""60ff647e-9f81-40a8-8f7e-9aa54cac7dc8"",""relationship"":""candidate only; not asserted to be the same event""},{""basis"":""shared sibling registry UUID only"",""group_record_count"":1,""group_record_index"":1,""penalty_group_id"":""pengrp_50012a97970a96f1a616"",""penalty_registry_id"":""60ff647e-9f81-40a8-8f7e-9aa54cac7dc8"",""relationship"":""candidate only; not asserted to be the same event""},{""basis"":""shared sibling registry UUID only"",""group_record_count"":1,""group_record_index"":1,""penalty_group_id"":""pengrp_50782416b8b1c8b8f54e"",""penalty_registry_id"":""60ff647e-9f81-40a8-8f7e-9aa54cac7dc8"",""relationship"":""candidate only; not asserted to be the same event""},{""basis"":""shared sibling registry UUID only"",""group_record_count"":1,""group_record_index"":1,""penalty_group_id"":""pengrp_594672b842ff1fd66f20"",""penalty_registry_id"":""60ff647e-9f81-40a8-8f7e-9aa54cac7dc8"",""relationship"":""candidate only; not asserted to be the same event""},{""basis"":""shared sibling registry UUID only"",""group_record_count"":1,""group_record_index"":1,""penalty_group_id"":""pengrp_710c6cc7c568bc6cd197"",""penalty_registry_id"":""60ff647e-9f81-40a8-8f7e-9aa54cac7dc8"",""relationship"":""candidate only; not asserted to be the same event""},{""basis"":""shared sibling registry UUID only"",""group_record_count"":1,""group_record_index"":1,""penalty_group_id"":""pengrp_99706715bac2d0d76af1"",""penalty_registry_id"":""60ff647e-9f81-40a8-8f7e-9aa54cac7dc8"",""relationship"":""candidate only; not asserted to be the same event""},{""basis"":""shared sibling registry UUID only"",""group_record_count"":1,""group_record_index"":1,""penalty_group_id"":""pengrp_9a9c84ddbac700538d14"",""penalty_registry_id"":""60ff647e-9f81-40a8-8f7e-9aa54cac7dc8"",""relationship"":""candidate only; not asserted to be the same event""},{""basis"":""shared sibling registry UUID only"",""group_record_count"":1,""group_record_index"":1,""penalty_group_id"":""pengrp_9c423887917ce37cb3b8"",""penalty_registry_id"":""60ff647e-9f81-40a8-8f7e-9aa54cac7dc8"",""relationship"":""candidate only; not asserted to be the same event""},{""basis"":""shared sibling registry UUID only"",""group_record_count"":1,""group_record_index"":1,""penalty_group_id"":""pengrp_a40fab3d7493538f51fc"",""penalty_registry_id"":""60ff647e-9f81-40a8-8f7e-9aa54cac7dc8"",""relationship"":""candidate only; not asserted to be the same event""},{""basis"":""shared sibling registry UUID only"",""group_record_count"":1,""group_record_index"":1,""penalty_group_id"":""pengrp_c68f6066cb9f6bcfed09"",""penalty_registry_id"":""60ff647e-9f81-40a8-8f7e-9aa54cac7dc8"",""relationship"":""candidate only; not asserted to be the same event""},{""basis"":""shared sibling registry UUID only"",""group_record_count"":1,""group_record_index"":1,""penalty_group_id"":""pengrp_de379c6487533d95178f"",""penalty_registry_id"":""60ff647e-9f81-40a8-8f7e-9aa54cac7dc8"",""relationship"":""candidate only; not asserted to be the same event""}]"
ntpc-kidedu-6098-action-560aba1d3639a731,6098,ntpc-kidedu-6098,新北市私立天鵝園幼兒園,三重區,私立,23,corrective_order_followup,ordered,2016-05-03,,2016-11-17,"二、本市104學年度幼兒園基礎評鑑結果報告已於105年5月3日新北教幼字第1050760195號函函文至各校(園)，未通過基礎評鑑之受評園，應於評鑑結果公布後6個月內限期改善。
三、本局謹訂於本（105）年11月15日（星期二）至11月25日（星期五）辦理追蹤評鑑，針對未通過之評鑑項目進行實地訪視評鑑，其結果將另行公布。
四、旨揭實地訪視日程表，請逕至新北市幼兒教育資源網（路徑：新北市幼兒教育資源網－評鑑專區－基礎評鑑－參考表單）下載。","23
三重區
私人
新北市私立天鵝園幼兒園
11月17日
星期四",raw/003_6098_detail.html,8989b6aa04479ae105bc72085dc181d9b8216b3d1a83da72c3ff95265b27d53f,raw/004_6098_attachment_pdf.pdf,f39646ac937a239be1def5a80dc7596961a8c3f8d460720325e6b321c96ba94b,2,23,"[""d4aee1a7-f4cb-4a91-8544-f14cf51205c8""]","[""新北市私立天鵝園幼兒園""]",新北市私立天鵝園幼兒園,matched_exact_title,exact_title:1;entity_candidates:1;name_core_candidates:1;sibling_registry_ids:1,"[{""basis"":""shared sibling registry UUID only"",""group_record_count"":1,""group_record_index"":1,""penalty_group_id"":""pengrp_651cf1b77daefb57476b"",""penalty_registry_id"":""d4aee1a7-f4cb-4a91-8544-f14cf51205c8"",""relationship"":""candidate only; not asserted to be the same event""},{""basis"":""shared sibling registry UUID only"",""group_record_count"":1,""group_record_index"":1,""penalty_group_id"":""pengrp_695c866cfff20342dc98"",""penalty_registry_id"":""d4aee1a7-f4cb-4a91-8544-f14cf51205c8"",""relationship"":""candidate only; not asserted to be the same event""},{""basis"":""shared sibling registry UUID only"",""group_record_count"":1,""group_record_index"":1,""penalty_group_id"":""pengrp_6996a230928fefa19f16"",""penalty_registry_id"":""d4aee1a7-f4cb-4a91-8544-f14cf51205c8"",""relationship"":""candidate only; not asserted to be the same event""}]"
ntpc-kidedu-6098-action-38a04a9d5e4a2d51,6098,ntpc-kidedu-6098,新北市私立探索幼兒園,三重區,私立,24,corrective_order_followup,ordered,2016-05-03,,2016-11-17,"二、本市104學年度幼兒園基礎評鑑結果報告已於105年5月3日新北教幼字第1050760195號函函文至各校(園)，未通過基礎評鑑之受評園，應於評鑑結果公布後6個月內限期改善。
三、本局謹訂於本（105）年11月15日（星期二）至11月25日（星期五）辦理追蹤評鑑，針對未通過之評鑑項目進行實地訪視評鑑，其結果將另行公布。
四、旨揭實地訪視日程表，請逕至新北市幼兒教育資源網（路徑：新北市幼兒教育資源網－評鑑專區－基礎評鑑－參考表單）下載。","24
三重區
私人
新北市私立探索幼兒園
(原美利肯幼兒園105.04.14更名)
11月17日
星期四",raw/003_6098_detail.html,8989b6aa04479ae105bc72085dc181d9b8216b3d1a83da72c3ff95265b27d53f,raw/004_6098_attachment_pdf.pdf,f39646ac937a239be1def5a80dc7596961a8c3f8d460720325e6b321c96ba94b,2,24,"[""d6558788-9d80-44fb-9e5b-812514df83c0""]","[""新北市私立探索幼兒園""]",新北市私立探索幼兒園,matched_exact_title,exact_title:1;entity_candidates:1;name_core_candidates:1;sibling_registry_ids:1,[]
ntpc-kidedu-6098-action-a6d7716d5bd0d935,6098,ntpc-kidedu-6098,新北市私立艾力克幼兒園,三重區,私立,25,corrective_order_followup,ordered,2016-05-03,,2016-11-17,"二、本市104學年度幼兒園基礎評鑑結果報告已於105年5月3日新北教幼字第1050760195號函函文至各校(園)，未通過基礎評鑑之受評園，應於評鑑結果公布後6個月內限期改善。
三、本局謹訂於本（105）年11月15日（星期二）至11月25日（星期五）辦理追蹤評鑑，針對未通過之評鑑項目進行實地訪視評鑑，其結果將另行公布。
四、旨揭實地訪視日程表，請逕至新北市幼兒教育資源網（路徑：新北市幼兒教育資源網－評鑑專區－基礎評鑑－參考表單）下載。","25
三重區
私人
新北市私立艾力克幼兒園
11月17日
星期四",raw/003_6098_detail.html,8989b6aa04479ae105bc72085dc181d9b8216b3d1a83da72c3ff95265b27d53f,raw/004_6098_attachment_pdf.pdf,f39646ac937a239be1def5a80dc7596961a8c3f8d460720325e6b321c96ba94b,2,25,"[""76dc701a-4c46-4ce6-a748-471686fe86b4""]","[""新北市私立艾力克幼兒園""]",新北市私立艾力克幼兒園,matched_exact_title,exact_title:1;entity_candidates:1;name_core_candidates:1;sibling_registry_ids:1,"[{""basis"":""shared sibling registry UUID only"",""group_record_count"":1,""group_record_index"":1,""penalty_group_id"":""pengrp_ce39dbe419ff607af789"",""penalty_registry_id"":""76dc701a-4c46-4ce6-a748-471686fe86b4"",""relationship"":""candidate only; not asserted to be the same event""},{""basis"":""shared sibling registry UUID only"",""group_record_count"":1,""group_record_index"":1,""penalty_group_id"":""pengrp_fbc29cb2270abf76f097"",""penalty_registry_id"":""76dc701a-4c46-4ce6-a748-471686fe86b4"",""relationship"":""candidate only; not asserted to be the same event""}]"
ntpc-kidedu-6098-action-8ca3a789b6acf82c,6098,ntpc-kidedu-6098,新北市私立普薪幼兒園,蘆洲區,私立,26,corrective_order_followup,ordered,2016-05-03,,2016-11-17,"二、本市104學年度幼兒園基礎評鑑結果報告已於105年5月3日新北教幼字第1050760195號函函文至各校(園)，未通過基礎評鑑之受評園，應於評鑑結果公布後6個月內限期改善。
三、本局謹訂於本（105）年11月15日（星期二）至11月25日（星期五）辦理追蹤評鑑，針對未通過之評鑑項目進行實地訪視評鑑，其結果將另行公布。
四、旨揭實地訪視日程表，請逕至新北市幼兒教育資源網（路徑：新北市幼兒教育資源網－評鑑專區－基礎評鑑－參考表單）下載。","26
蘆洲區
私人
新北市私立普薪幼兒園
11月17日
星期四",raw/003_6098_detail.html,8989b6aa04479ae105bc72085dc181d9b8216b3d1a83da72c3ff95265b27d53f,raw/004_6098_attachment_pdf.pdf,f39646ac937a239be1def5a80dc7596961a8c3f8d460720325e6b321c96ba94b,2,26,"[""857c4368-1eb0-452e-8aaf-1393accc7ee0""]","[""新北市私立普薪幼兒園""]",新北市私立普薪幼兒園,matched_exact_title,exact_title:1;entity_candidates:1;name_core_candidates:1;sibling_registry_ids:1,"[{""basis"":""shared sibling registry UUID only"",""group_record_count"":1,""group_record_index"":1,""penalty_group_id"":""pengrp_0ebdb6c6807f0ff9a7ec"",""penalty_registry_id"":""857c4368-1eb0-452e-8aaf-1393accc7ee0"",""relationship"":""candidate only; not asserted to be the same event""},{""basis"":""shared sibling registry UUID only"",""group_record_count"":1,""group_record_index"":1,""penalty_group_id"":""pengrp_4eb8dc42eab40a30c9ff"",""penalty_registry_id"":""857c4368-1eb0-452e-8aaf-1393accc7ee0"",""relationship"":""candidate only; not asserted to be the same event""},{""basis"":""shared sibling registry UUID only"",""group_record_count"":1,""group_record_index"":1,""penalty_group_id"":""pengrp_894d3e7e7de2ff0ac786"",""penalty_registry_id"":""857c4368-1eb0-452e-8aaf-1393accc7ee0"",""relationship"":""candidate only; not asserted to be the same event""},{""basis"":""shared sibling registry UUID only"",""group_record_count"":1,""group_record_index"":1,""penalty_group_id"":""pengrp_d83aae201cdddd92b3e8"",""penalty_registry_id"":""857c4368-1eb0-452e-8aaf-1393accc7ee0"",""relationship"":""candidate only; not asserted to be the same event""}]"
ntpc-kidedu-6098-action-2283a7546e1fcfcf,6098,ntpc-kidedu-6098,新北市三峽區五寮國民小學附設幼兒園,三峽區,公立,27,corrective_order_followup,ordered,2016-05-03,,2016-11-17,"二、本市104學年度幼兒園基礎評鑑結果報告已於105年5月3日新北教幼字第1050760195號函函文至各校(園)，未通過基礎評鑑之受評園，應於評鑑結果公布後6個月內限期改善。
三、本局謹訂於本（105）年11月15日（星期二）至11月25日（星期五）辦理追蹤評鑑，針對未通過之評鑑項目進行實地訪視評鑑，其結果將另行公布。
四、旨揭實地訪視日程表，請逕至新北市幼兒教育資源網（路徑：新北市幼兒教育資源網－評鑑專區－基礎評鑑－參考表單）下載。","27
三峽區
國小附設
(屬)
新北市三峽區五寮國民小學附設幼兒園
11月17日
星期四",raw/003_6098_detail.html,8989b6aa04479ae105bc72085dc181d9b8216b3d1a83da72c3ff95265b27d53f,raw/004_6098_attachment_pdf.pdf,f39646ac937a239be1def5a80dc7596961a8c3f8d460720325e6b321c96ba94b,2,27,"[""e55aa1f7-463a-45c9-bcfe-9dc3b7a46bf5""]","[""新北市三峽區五寮國民小學附設幼兒園""]",新北市三峽區五寮國民小學附設幼兒園,matched_exact_title,exact_title:1;entity_candidates:1;name_core_candidates:1;sibling_registry_ids:1,[]
ntpc-kidedu-6098-action-7bb9de4a46c92316,6098,ntpc-kidedu-6098,新北市私立佳兒幼兒園,三峽區,私立,28,corrective_order_followup,ordered,2016-05-03,,2016-11-17,"二、本市104學年度幼兒園基礎評鑑結果報告已於105年5月3日新北教幼字第1050760195號函函文至各校(園)，未通過基礎評鑑之受評園，應於評鑑結果公布後6個月內限期改善。
三、本局謹訂於本（105）年11月15日（星期二）至11月25日（星期五）辦理追蹤評鑑，針對未通過之評鑑項目進行實地訪視評鑑，其結果將另行公布。
四、旨揭實地訪視日程表，請逕至新北市幼兒教育資源網（路徑：新北市幼兒教育資源網－評鑑專區－基礎評鑑－參考表單）下載。","28
三峽區
私人
新北市私立佳兒幼兒園
11月17日
星期四",raw/003_6098_detail.html,8989b6aa04479ae105bc72085dc181d9b8216b3d1a83da72c3ff95265b27d53f,raw/004_6098_attachment_pdf.pdf,f39646ac937a239be1def5a80dc7596961a8c3f8d460720325e6b321c96ba94b,2,28,"[""56553eed-a5ad-482a-bcb4-ba9f0a0ed8ca""]","[""新北市私立佳兒幼兒園""]",新北市私立佳兒幼兒園,matched_exact_title,exact_title:1;entity_candidates:1;name_core_candidates:1;sibling_registry_ids:1,[]
ntpc-kidedu-6098-action-6ee9236d5699b735,6098,ntpc-kidedu-6098,新北市私立朝陽幼兒園,三峽區,私立,29,corrective_order_followup,ordered,2016-05-03,,2016-11-17,"二、本市104學年度幼兒園基礎評鑑結果報告已於105年5月3日新北教幼字第1050760195號函函文至各校(園)，未通過基礎評鑑之受評園，應於評鑑結果公布後6個月內限期改善。
三、本局謹訂於本（105）年11月15日（星期二）至11月25日（星期五）辦理追蹤評鑑，針對未通過之評鑑項目進行實地訪視評鑑，其結果將另行公布。
四、旨揭實地訪視日程表，請逕至新北市幼兒教育資源網（路徑：新北市幼兒教育資源網－評鑑專區－基礎評鑑－參考表單）下載。","29
三峽區
私人
新北市私立朝陽幼兒園
11月17日
星期四",raw/003_6098_detail.html,8989b6aa04479ae105bc72085dc181d9b8216b3d1a83da72c3ff95265b27d53f,raw/004_6098_attachment_pdf.pdf,f39646ac937a239be1def5a80dc7596961a8c3f8d460720325e6b321c96ba94b,2,29,"[""aa26a6b0-ccdd-4c86-8597-3b9e4fb31002""]","[""新北市私立朝陽幼兒園""]",新北市私立朝陽幼兒園,matched_exact_title,exact_title:1;entity_candidates:1;name_core_candidates:1;sibling_registry_ids:1,"[{""basis"":""shared sibling registry UUID only"",""group_record_count"":1,""group_record_index"":1,""penalty_group_id"":""pengrp_253a8774fdf37f875959"",""penalty_registry_id"":""aa26a6b0-ccdd-4c86-8597-3b9e4fb31002"",""relationship"":""candidate only; not asserted to be the same event""},{""basis"":""shared sibling registry UUID only"",""group_record_count"":1,""group_record_index"":1,""penalty_group_id"":""pengrp_3e1b23d8f5e2f02d77ad"",""penalty_registry_id"":""aa26a6b0-ccdd-4c86-8597-3b9e4fb31002"",""relationship"":""candidate only; not asserted to be the same event""}]"
ntpc-kidedu-6098-action-1efdb36e47ad64f0,6098,ntpc-kidedu-6098,新北市私立富雅幼兒園,樹林區,私立,30,corrective_order_followup,ordered,2016-05-03,,2016-11-17,"二、本市104學年度幼兒園基礎評鑑結果報告已於105年5月3日新北教幼字第1050760195號函函文至各校(園)，未通過基礎評鑑之受評園，應於評鑑結果公布後6個月內限期改善。
三、本局謹訂於本（105）年11月15日（星期二）至11月25日（星期五）辦理追蹤評鑑，針對未通過之評鑑項目進行實地訪視評鑑，其結果將另行公布。
四、旨揭實地訪視日程表，請逕至新北市幼兒教育資源網（路徑：新北市幼兒教育資源網－評鑑專區－基礎評鑑－參考表單）下載。","30
樹林區
私人
新北市私立富雅幼兒園
11月17日
星期四",raw/003_6098_detail.html,8989b6aa04479ae105bc72085dc181d9b8216b3d1a83da72c3ff95265b27d53f,raw/004_6098_attachment_pdf.pdf,f39646ac937a239be1def5a80dc7596961a8c3f8d460720325e6b321c96ba94b,2,30,"[""bc407262-a175-4df5-aafc-1f8037299ab8""]","[""新北市私立富雅幼兒園""]",新北市私立富雅幼兒園,matched_exact_title,exact_title:1;entity_candidates:1;name_core_candidates:1;sibling_registry_ids:1,"[{""basis"":""shared sibling registry UUID only"",""group_record_count"":1,""group_record_index"":1,""penalty_group_id"":""pengrp_246fa532db76eaabf834"",""penalty_registry_id"":""bc407262-a175-4df5-aafc-1f8037299ab8"",""relationship"":""candidate only; not asserted to be the same event""},{""basis"":""shared sibling registry UUID only"",""group_record_count"":1,""group_record_index"":1,""penalty_group_id"":""pengrp_9f448c1f9cbf800843f6"",""penalty_registry_id"":""bc407262-a175-4df5-aafc-1f8037299ab8"",""relationship"":""candidate only; not asserted to be the same event""},{""basis"":""shared sibling registry UUID only"",""group_record_count"":1,""group_record_index"":1,""penalty_group_id"":""pengrp_e619d2226c83899705de"",""penalty_registry_id"":""bc407262-a175-4df5-aafc-1f8037299ab8"",""relationship"":""candidate only; not asserted to be the same event""}]"
ntpc-kidedu-6098-action-c5f58a639a946765,6098,ntpc-kidedu-6098,新北市私立樹林匯文幼兒園,樹林區,私立,31,corrective_order_followup,ordered,2016-05-03,,2016-11-17,"二、本市104學年度幼兒園基礎評鑑結果報告已於105年5月3日新北教幼字第1050760195號函函文至各校(園)，未通過基礎評鑑之受評園，應於評鑑結果公布後6個月內限期改善。
三、本局謹訂於本（105）年11月15日（星期二）至11月25日（星期五）辦理追蹤評鑑，針對未通過之評鑑項目進行實地訪視評鑑，其結果將另行公布。
四、旨揭實地訪視日程表，請逕至新北市幼兒教育資源網（路徑：新北市幼兒教育資源網－評鑑專區－基礎評鑑－參考表單）下載。","31
樹林區
私人
新北市私立樹林匯文幼兒園
11月17日
星期四",raw/003_6098_detail.html,8989b6aa04479ae105bc72085dc181d9b8216b3d1a83da72c3ff95265b27d53f,raw/004_6098_attachment_pdf.pdf,f39646ac937a239be1def5a80dc7596961a8c3f8d460720325e6b321c96ba94b,2,31,"[""bf39bbd7-643c-4438-97d7-c27a685718a0""]","[""新北市私立樹林匯文幼兒園""]",新北市私立樹林匯文幼兒園,matched_exact_title,exact_title:1;entity_candidates:1;name_core_candidates:1;sibling_registry_ids:1,"[{""basis"":""shared sibling registry UUID only"",""group_record_count"":1,""group_record_index"":1,""penalty_group_id"":""pengrp_a7a3dec68f68144d4470"",""penalty_registry_id"":""bf39bbd7-643c-4438-97d7-c27a685718a0"",""relationship"":""candidate only; not asserted to be the same event""},{""basis"":""shared sibling registry UUID only"",""group_record_count"":1,""group_record_index"":1,""penalty_group_id"":""pengrp_edfd0205aea08b71faf7"",""penalty_registry_id"":""bf39bbd7-643c-4438-97d7-c27a685718a0"",""relationship"":""candidate only; not asserted to be the same event""}]"
ntpc-kidedu-6098-action-eb5b35ffc95b6bfa,6098,ntpc-kidedu-6098,新北市私立澄品幼兒園,樹林區,私立,32,corrective_order_followup,ordered,2016-05-03,,2016-11-17,"二、本市104學年度幼兒園基礎評鑑結果報告已於105年5月3日新北教幼字第1050760195號函函文至各校(園)，未通過基礎評鑑之受評園，應於評鑑結果公布後6個月內限期改善。
三、本局謹訂於本（105）年11月15日（星期二）至11月25日（星期五）辦理追蹤評鑑，針對未通過之評鑑項目進行實地訪視評鑑，其結果將另行公布。
四、旨揭實地訪視日程表，請逕至新北市幼兒教育資源網（路徑：新北市幼兒教育資源網－評鑑專區－基礎評鑑－參考表單）下載。","32
樹林區
私人
新北市私立澄品幼兒園
11月17日
星期四",raw/003_6098_detail.html,8989b6aa04479ae105bc72085dc181d9b8216b3d1a83da72c3ff95265b27d53f,raw/004_6098_attachment_pdf.pdf,f39646ac937a239be1def5a80dc7596961a8c3f8d460720325e6b321c96ba94b,2,32,"[""cc1eac21-0964-4170-9d32-c2a21349c93d""]","[""新北市私立澄品幼兒園""]",新北市私立澄品幼兒園,matched_exact_title,exact_title:1;entity_candidates:1;name_core_candidates:1;sibling_registry_ids:1,[]
ntpc-kidedu-6098-action-d1c6e79da521601c,6098,ntpc-kidedu-6098,新北市私立博智幼兒園,樹林區,私立,33,corrective_order_followup,ordered,2016-05-03,,2016-11-17,"二、本市104學年度幼兒園基礎評鑑結果報告已於105年5月3日新北教幼字第1050760195號函函文至各校(園)，未通過基礎評鑑之受評園，應於評鑑結果公布後6個月內限期改善。
三、本局謹訂於本（105）年11月15日（星期二）至11月25日（星期五）辦理追蹤評鑑，針對未通過之評鑑項目進行實地訪視評鑑，其結果將另行公布。
四、旨揭實地訪視日程表，請逕至新北市幼兒教育資源網（路徑：新北市幼兒教育資源網－評鑑專區－基礎評鑑－參考表單）下載。","33
樹林區
私人
新北市私立博智幼兒園
11月17日
星期四",raw/003_6098_detail.html,8989b6aa04479ae105bc72085dc181d9b8216b3d1a83da72c3ff95265b27d53f,raw/004_6098_attachment_pdf.pdf,f39646ac937a239be1def5a80dc7596961a8c3f8d460720325e6b321c96ba94b,2,33,"[""a20f2153-7288-4c8d-8ec0-4422e524685a""]","[""新北市私立博智幼兒園""]",新北市私立博智幼兒園,matched_exact_title,exact_title:1;entity_candidates:1;name_core_candidates:1;sibling_registry_ids:1,[]
ntpc-kidedu-6098-action-ae8f0ddac45d39f1,6098,ntpc-kidedu-6098,新北市私立奇異鳥米蘭幼兒園,樹林區,私立,34,corrective_order_followup,ordered,2016-05-03,,2016-11-17,"二、本市104學年度幼兒園基礎評鑑結果報告已於105年5月3日新北教幼字第1050760195號函函文至各校(園)，未通過基礎評鑑之受評園，應於評鑑結果公布後6個月內限期改善。
三、本局謹訂於本（105）年11月15日（星期二）至11月25日（星期五）辦理追蹤評鑑，針對未通過之評鑑項目進行實地訪視評鑑，其結果將另行公布。
四、旨揭實地訪視日程表，請逕至新北市幼兒教育資源網（路徑：新北市幼兒教育資源網－評鑑專區－基礎評鑑－參考表單）下載。","34
樹林區
私人
新北市私立奇異鳥米蘭幼兒園
11月17日
星期四",raw/003_6098_detail.html,8989b6aa04479ae105bc72085dc181d9b8216b3d1a83da72c3ff95265b27d53f,raw/004_6098_attachment_pdf.pdf,f39646ac937a239be1def5a80dc7596961a8c3f8d460720325e6b321c96ba94b,2,34,"[""183276c3-2665-4503-af18-4f2ad53f9acf""]","[""新北市私立奇異鳥米蘭幼兒園""]",新北市私立奇異鳥米蘭幼兒園,matched_exact_title,exact_title:1;entity_candidates:1;name_core_candidates:1;sibling_registry_ids:1,"[{""basis"":""shared sibling registry UUID only"",""group_record_count"":1,""group_record_index"":1,""penalty_group_id"":""pengrp_c4953d2f0113ef72ef45"",""penalty_registry_id"":""183276c3-2665-4503-af18-4f2ad53f9acf"",""relationship"":""candidate only; not asserted to be the same event""}]"
ntpc-kidedu-6098-action-cdb5f186e4b26e47,6098,ntpc-kidedu-6098,新北市私立小木屋蒙特梭利幼兒園,林口區,私立,35,corrective_order_followup,ordered,2016-05-03,,2016-11-17,"二、本市104學年度幼兒園基礎評鑑結果報告已於105年5月3日新北教幼字第1050760195號函函文至各校(園)，未通過基礎評鑑之受評園，應於評鑑結果公布後6個月內限期改善。
三、本局謹訂於本（105）年11月15日（星期二）至11月25日（星期五）辦理追蹤評鑑，針對未通過之評鑑項目進行實地訪視評鑑，其結果將另行公布。
四、旨揭實地訪視日程表，請逕至新北市幼兒教育資源網（路徑：新北市幼兒教育資源網－評鑑專區－基礎評鑑－參考表單）下載。","35
林口區
私人
新北市私立小木屋蒙特梭利幼兒園
11月17日
星期四",raw/003_6098_detail.html,8989b6aa04479ae105bc72085dc181d9b8216b3d1a83da72c3ff95265b27d53f,raw/004_6098_attachment_pdf.pdf,f39646ac937a239be1def5a80dc7596961a8c3f8d460720325e6b321c96ba94b,2,35,"[""94cedf73-dc3b-4aea-af19-7a9839ee288e""]","[""新北市私立小木屋蒙特梭利幼兒園""]",新北市私立小木屋蒙特梭利幼兒園,matched_exact_title,exact_title:1;entity_candidates:1;name_core_candidates:1;sibling_registry_ids:1,[]
ntpc-kidedu-6098-action-bead74e797798ad2,6098,ntpc-kidedu-6098,新北市私立華納幼兒園,三重區,私立,36,corrective_order_followup,ordered,2016-05-03,,2016-11-24,"二、本市104學年度幼兒園基礎評鑑結果報告已於105年5月3日新北教幼字第1050760195號函函文至各校(園)，未通過基礎評鑑之受評園，應於評鑑結果公布後6個月內限期改善。
三、本局謹訂於本（105）年11月15日（星期二）至11月25日（星期五）辦理追蹤評鑑，針對未通過之評鑑項目進行實地訪視評鑑，其結果將另行公布。
四、旨揭實地訪視日程表，請逕至新北市幼兒教育資源網（路徑：新北市幼兒教育資源網－評鑑專區－基礎評鑑－參考表單）下載。","36
三重區
私人
新北市私立華納幼兒園
11月24日
星期四",raw/003_6098_detail.html,8989b6aa04479ae105bc72085dc181d9b8216b3d1a83da72c3ff95265b27d53f,raw/004_6098_attachment_pdf.pdf,f39646ac937a239be1def5a80dc7596961a8c3f8d460720325e6b321c96ba94b,4,36,"[""600d045a-d2b3-4e9d-af52-fc8e4f43804f""]","[""新北市私立華納幼兒園""]",新北市私立華納幼兒園,matched_exact_title,exact_title:1;entity_candidates:1;name_core_candidates:1;sibling_registry_ids:1,"[{""basis"":""shared sibling registry UUID only"",""group_record_count"":1,""group_record_index"":1,""penalty_group_id"":""pengrp_1f5e31897243b6454110"",""penalty_registry_id"":""600d045a-d2b3-4e9d-af52-fc8e4f43804f"",""relationship"":""candidate only; not asserted to be the same event""},{""basis"":""shared sibling registry UUID only"",""group_record_count"":1,""group_record_index"":1,""penalty_group_id"":""pengrp_377dd51af24e13031709"",""penalty_registry_id"":""600d045a-d2b3-4e9d-af52-fc8e4f43804f"",""relationship"":""candidate only; not asserted to be the same event""},{""basis"":""shared sibling registry UUID only"",""group_record_count"":1,""group_record_index"":1,""penalty_group_id"":""pengrp_5d2da393093f1f3b794c"",""penalty_registry_id"":""600d045a-d2b3-4e9d-af52-fc8e4f43804f"",""relationship"":""candidate only; not asserted to be the same event""},{""basis"":""shared sibling registry UUID only"",""group_record_count"":1,""group_record_index"":1,""penalty_group_id"":""pengrp_6bca7ada4d8619839d59"",""penalty_registry_id"":""600d045a-d2b3-4e9d-af52-fc8e4f43804f"",""relationship"":""candidate only; not asserted to be the same event""},{""basis"":""shared sibling registry UUID only"",""group_record_count"":1,""group_record_index"":1,""penalty_group_id"":""pengrp_7a09c60a360377742132"",""penalty_registry_id"":""600d045a-d2b3-4e9d-af52-fc8e4f43804f"",""relationship"":""candidate only; not asserted to be the same event""},{""basis"":""shared sibling registry UUID only"",""group_record_count"":1,""group_record_index"":1,""penalty_group_id"":""pengrp_a0b04217fa69a185fa8f"",""penalty_registry_id"":""600d045a-d2b3-4e9d-af52-fc8e4f43804f"",""relationship"":""candidate only; not asserted to be the same event""},{""basis"":""shared sibling registry UUID only"",""group_record_count"":1,""group_record_index"":1,""penalty_group_id"":""pengrp_b95dfe7ae530dbfe3928"",""penalty_registry_id"":""600d045a-d2b3-4e9d-af52-fc8e4f43804f"",""relationship"":""candidate only; not asserted to be the same event""},{""basis"":""shared sibling registry UUID only"",""group_record_count"":1,""group_record_index"":1,""penalty_group_id"":""pengrp_f191d685d3675da52282"",""penalty_registry_id"":""600d045a-d2b3-4e9d-af52-fc8e4f43804f"",""relationship"":""candidate only; not asserted to be the same event""},{""basis"":""shared sibling registry UUID only"",""group_record_count"":1,""group_record_index"":1,""penalty_group_id"":""pengrp_f3acf71587c6405296d0"",""penalty_registry_id"":""600d045a-d2b3-4e9d-af52-fc8e4f43804f"",""relationship"":""candidate only; not asserted to be the same event""}]"
ntpc-kidedu-6098-action-dc427e1350e823ae,6098,ntpc-kidedu-6098,新北市私立快樂園幼兒園,蘆洲區,私立,37,corrective_order_followup,ordered,2016-05-03,,2016-11-18,"二、本市104學年度幼兒園基礎評鑑結果報告已於105年5月3日新北教幼字第1050760195號函函文至各校(園)，未通過基礎評鑑之受評園，應於評鑑結果公布後6個月內限期改善。
三、本局謹訂於本（105）年11月15日（星期二）至11月25日（星期五）辦理追蹤評鑑，針對未通過之評鑑項目進行實地訪視評鑑，其結果將另行公布。
四、旨揭實地訪視日程表，請逕至新北市幼兒教育資源網（路徑：新北市幼兒教育資源網－評鑑專區－基礎評鑑－參考表單）下載。","37
蘆洲區
私人
新北市私立快樂園幼兒園
11月18日
星期五",raw/003_6098_detail.html,8989b6aa04479ae105bc72085dc181d9b8216b3d1a83da72c3ff95265b27d53f,raw/004_6098_attachment_pdf.pdf,f39646ac937a239be1def5a80dc7596961a8c3f8d460720325e6b321c96ba94b,2,37,[],[],,unresolved_historical_institution,exact_title:0;entity_candidates:0;name_core_candidates:0;sibling_registry_ids:0,[]
ntpc-kidedu-6098-action-a85232076efea44f,6098,ntpc-kidedu-6098,新北市私立凱文幼兒園,蘆洲區,私立,38,corrective_order_followup,ordered,2016-05-03,,2016-11-18,"二、本市104學年度幼兒園基礎評鑑結果報告已於105年5月3日新北教幼字第1050760195號函函文至各校(園)，未通過基礎評鑑之受評園，應於評鑑結果公布後6個月內限期改善。
三、本局謹訂於本（105）年11月15日（星期二）至11月25日（星期五）辦理追蹤評鑑，針對未通過之評鑑項目進行實地訪視評鑑，其結果將另行公布。
四、旨揭實地訪視日程表，請逕至新北市幼兒教育資源網（路徑：新北市幼兒教育資源網－評鑑專區－基礎評鑑－參考表單）下載。","38
蘆洲區
私人
新北市私立凱文幼兒園
11月18日
星期五",raw/003_6098_detail.html,8989b6aa04479ae105bc72085dc181d9b8216b3d1a83da72c3ff95265b27d53f,raw/004_6098_attachment_pdf.pdf,f39646ac937a239be1def5a80dc7596961a8c3f8d460720325e6b321c96ba94b,2,38,"[""05251e4e-d9c7-4d7f-92c4-826600837171""]","[""新北市私立凱文幼兒園""]",新北市私立凱文幼兒園,matched_exact_title,exact_title:1;entity_candidates:1;name_core_candidates:1;sibling_registry_ids:1,"[{""basis"":""shared sibling registry UUID only"",""group_record_count"":1,""group_record_index"":1,""penalty_group_id"":""pengrp_1e56cf587a922d3cea58"",""penalty_registry_id"":""05251e4e-d9c7-4d7f-92c4-826600837171"",""relationship"":""candidate only; not asserted to be the same event""},{""basis"":""shared sibling registry UUID only"",""group_record_count"":1,""group_record_index"":1,""penalty_group_id"":""pengrp_aaaf160e96f95560ad10"",""penalty_registry_id"":""05251e4e-d9c7-4d7f-92c4-826600837171"",""relationship"":""candidate only; not asserted to be the same event""},{""basis"":""shared sibling registry UUID only"",""group_record_count"":1,""group_record_index"":1,""penalty_group_id"":""pengrp_c418534cc198097d3855"",""penalty_registry_id"":""05251e4e-d9c7-4d7f-92c4-826600837171"",""relationship"":""candidate only; not asserted to be the same event""},{""basis"":""shared sibling registry UUID only"",""group_record_count"":1,""group_record_index"":1,""penalty_group_id"":""pengrp_e7477650ba4f23f6d785"",""penalty_registry_id"":""05251e4e-d9c7-4d7f-92c4-826600837171"",""relationship"":""candidate only; not asserted to be the same event""}]"
ntpc-kidedu-6098-action-bc700406bed66ba4,6098,ntpc-kidedu-6098,新北市私立蘆洲來來幼兒園,蘆洲區,私立,39,corrective_order_followup,ordered,2016-05-03,,2016-11-18,"二、本市104學年度幼兒園基礎評鑑結果報告已於105年5月3日新北教幼字第1050760195號函函文至各校(園)，未通過基礎評鑑之受評園，應於評鑑結果公布後6個月內限期改善。
三、本局謹訂於本（105）年11月15日（星期二）至11月25日（星期五）辦理追蹤評鑑，針對未通過之評鑑項目進行實地訪視評鑑，其結果將另行公布。
四、旨揭實地訪視日程表，請逕至新北市幼兒教育資源網（路徑：新北市幼兒教育資源網－評鑑專區－基礎評鑑－參考表單）下載。","39
蘆洲區
私人
新北市私立蘆洲來來幼兒園
11月18日
星期五",raw/003_6098_detail.html,8989b6aa04479ae105bc72085dc181d9b8216b3d1a83da72c3ff95265b27d53f,raw/004_6098_attachment_pdf.pdf,f39646ac937a239be1def5a80dc7596961a8c3f8d460720325e6b321c96ba94b,3,39,"[""83389027-a400-4152-bca6-f3d2b928e1e4""]","[""新北市私立蘆洲來來幼兒園""]",新北市私立蘆洲來來幼兒園,matched_exact_title,exact_title:1;entity_candidates:1;name_core_candidates:1;sibling_registry_ids:1,"[{""basis"":""shared sibling registry UUID only"",""group_record_count"":1,""group_record_index"":1,""penalty_group_id"":""pengrp_19ce45fd23d479d1f2a2"",""penalty_registry_id"":""83389027-a400-4152-bca6-f3d2b928e1e4"",""relationship"":""candidate only; not asserted to be the same event""},{""basis"":""shared sibling registry UUID only"",""group_record_count"":1,""group_record_index"":1,""penalty_group_id"":""pengrp_b8c62cfed550080d4d5b"",""penalty_registry_id"":""83389027-a400-4152-bca6-f3d2b928e1e4"",""relationship"":""candidate only; not asserted to be the same event""},{""basis"":""shared sibling registry UUID only"",""group_record_count"":1,""group_record_index"":1,""penalty_group_id"":""pengrp_cd681c26ffc14e3a85ae"",""penalty_registry_id"":""83389027-a400-4152-bca6-f3d2b928e1e4"",""relationship"":""candidate only; not asserted to be the same event""},{""basis"":""shared sibling registry UUID only"",""group_record_count"":1,""group_record_index"":1,""penalty_group_id"":""pengrp_f611f61163764c66290d"",""penalty_registry_id"":""83389027-a400-4152-bca6-f3d2b928e1e4"",""relationship"":""candidate only; not asserted to be the same event""},{""basis"":""shared sibling registry UUID only"",""group_record_count"":1,""group_record_index"":1,""penalty_group_id"":""pengrp_fe897f9e78ad2d107f88"",""penalty_registry_id"":""83389027-a400-4152-bca6-f3d2b928e1e4"",""relationship"":""candidate only; not asserted to be the same event""}]"
ntpc-kidedu-6098-action-9fe9ebc9642ce43e,6098,ntpc-kidedu-6098,新北市私立向詮幼兒園,蘆洲區,私立,40,corrective_order_followup,ordered,2016-05-03,,2016-11-18,"二、本市104學年度幼兒園基礎評鑑結果報告已於105年5月3日新北教幼字第1050760195號函函文至各校(園)，未通過基礎評鑑之受評園，應於評鑑結果公布後6個月內限期改善。
三、本局謹訂於本（105）年11月15日（星期二）至11月25日（星期五）辦理追蹤評鑑，針對未通過之評鑑項目進行實地訪視評鑑，其結果將另行公布。
四、旨揭實地訪視日程表，請逕至新北市幼兒教育資源網（路徑：新北市幼兒教育資源網－評鑑專區－基礎評鑑－參考表單）下載。","40
蘆洲區
私人
新北市私立向詮幼兒園
11月18日
星期五
第2/5頁",raw/003_6098_detail.html,8989b6aa04479ae105bc72085dc181d9b8216b3d1a83da72c3ff95265b27d53f,raw/004_6098_attachment_pdf.pdf,f39646ac937a239be1def5a80dc7596961a8c3f8d460720325e6b321c96ba94b,2,40,"[""4fe8fe6c-2543-4e7b-a737-c3b7608958ed""]","[""新北市私立向詮幼兒園""]",新北市私立向詮幼兒園,matched_exact_title,exact_title:1;entity_candidates:1;name_core_candidates:1;sibling_registry_ids:1,"[{""basis"":""shared sibling registry UUID only"",""group_record_count"":1,""group_record_index"":1,""penalty_group_id"":""pengrp_5715504ca1eb92231d8c"",""penalty_registry_id"":""4fe8fe6c-2543-4e7b-a737-c3b7608958ed"",""relationship"":""candidate only; not asserted to be the same event""}]"
ntpc-kidedu-6098-action-04fb3d7c3f23b48c,6098,ntpc-kidedu-6098,新北市私立愛麗斯幼兒園,蘆洲區,私立,41,corrective_order_followup,ordered,2016-05-03,,2016-11-18,"二、本市104學年度幼兒園基礎評鑑結果報告已於105年5月3日新北教幼字第1050760195號函函文至各校(園)，未通過基礎評鑑之受評園，應於評鑑結果公布後6個月內限期改善。
三、本局謹訂於本（105）年11月15日（星期二）至11月25日（星期五）辦理追蹤評鑑，針對未通過之評鑑項目進行實地訪視評鑑，其結果將另行公布。
四、旨揭實地訪視日程表，請逕至新北市幼兒教育資源網（路徑：新北市幼兒教育資源網－評鑑專區－基礎評鑑－參考表單）下載。","41
蘆洲區
私人
新北市私立愛麗斯幼兒園
11月18日
星期五",raw/003_6098_detail.html,8989b6aa04479ae105bc72085dc181d9b8216b3d1a83da72c3ff95265b27d53f,raw/004_6098_attachment_pdf.pdf,f39646ac937a239be1def5a80dc7596961a8c3f8d460720325e6b321c96ba94b,3,41,"[""4fd16ce0-4141-4447-ba26-c0254bd0e884""]","[""新北市私立愛麗斯幼兒園""]",新北市私立愛麗斯幼兒園,matched_exact_title,exact_title:1;entity_candidates:1;name_core_candidates:1;sibling_registry_ids:1,"[{""basis"":""shared sibling registry UUID only"",""group_record_count"":1,""group_record_index"":1,""penalty_group_id"":""pengrp_1066e39102eed466d044"",""penalty_registry_id"":""4fd16ce0-4141-4447-ba26-c0254bd0e884"",""relationship"":""candidate only; not asserted to be the same event""},{""basis"":""shared sibling registry UUID only"",""group_record_count"":1,""group_record_index"":1,""penalty_group_id"":""pengrp_183287d47e79a3982d01"",""penalty_registry_id"":""4fd16ce0-4141-4447-ba26-c0254bd0e884"",""relationship"":""candidate only; not asserted to be the same event""},{""basis"":""shared sibling registry UUID only"",""group_record_count"":1,""group_record_index"":1,""penalty_group_id"":""pengrp_42d50bb206e871614c9c"",""penalty_registry_id"":""4fd16ce0-4141-4447-ba26-c0254bd0e884"",""relationship"":""candidate only; not asserted to be the same event""},{""basis"":""shared sibling registry UUID only"",""group_record_count"":1,""group_record_index"":1,""penalty_group_id"":""pengrp_5be55a9ae6150c386499"",""penalty_registry_id"":""4fd16ce0-4141-4447-ba26-c0254bd0e884"",""relationship"":""candidate only; not asserted to be the same event""},{""basis"":""shared sibling registry UUID only"",""group_record_count"":1,""group_record_index"":1,""penalty_group_id"":""pengrp_7e4964010db4fca738f7"",""penalty_registry_id"":""4fd16ce0-4141-4447-ba26-c0254bd0e884"",""relationship"":""candidate only; not asserted to be the same event""},{""basis"":""shared sibling registry UUID only"",""group_record_count"":1,""group_record_index"":1,""penalty_group_id"":""pengrp_91aa77cb1c19d74ca731"",""penalty_registry_id"":""4fd16ce0-4141-4447-ba26-c0254bd0e884"",""relationship"":""candidate only; not asserted to be the same event""},{""basis"":""shared sibling registry UUID only"",""group_record_count"":1,""group_record_index"":1,""penalty_group_id"":""pengrp_d568bcb2e24933f63364"",""penalty_registry_id"":""4fd16ce0-4141-4447-ba26-c0254bd0e884"",""relationship"":""candidate only; not asserted to be the same event""}]"
ntpc-kidedu-6098-action-da9fc7001cb362fc,6098,ntpc-kidedu-6098,新北市私立娃娃國幼兒園,三峽區,私立,42,corrective_order_followup,ordered,2016-05-03,,2016-11-24,"二、本市104學年度幼兒園基礎評鑑結果報告已於105年5月3日新北教幼字第1050760195號函函文至各校(園)，未通過基礎評鑑之受評園，應於評鑑結果公布後6個月內限期改善。
三、本局謹訂於本（105）年11月15日（星期二）至11月25日（星期五）辦理追蹤評鑑，針對未通過之評鑑項目進行實地訪視評鑑，其結果將另行公布。
四、旨揭實地訪視日程表，請逕至新北市幼兒教育資源網（路徑：新北市幼兒教育資源網－評鑑專區－基礎評鑑－參考表單）下載。","42
三峽區
私人
新北市私立娃娃國幼兒園
11月24日
星期四
第4/5頁",raw/003_6098_detail.html,8989b6aa04479ae105bc72085dc181d9b8216b3d1a83da72c3ff95265b27d53f,raw/004_6098_attachment_pdf.pdf,f39646ac937a239be1def5a80dc7596961a8c3f8d460720325e6b321c96ba94b,4,42,"[""0841a89b-e5f0-49b6-8586-cd8ff5065ab3""]","[""新北市私立娃娃國幼兒園""]",新北市私立娃娃國幼兒園,matched_exact_title,exact_title:1;entity_candidates:1;name_core_candidates:1;sibling_registry_ids:1,[]
ntpc-kidedu-6098-action-0832977d6261d0f8,6098,ntpc-kidedu-6098,新北市私立山姆叔叔幼兒園,三峽區,私立,43,corrective_order_followup,ordered,2016-05-03,,2016-11-18,"二、本市104學年度幼兒園基礎評鑑結果報告已於105年5月3日新北教幼字第1050760195號函函文至各校(園)，未通過基礎評鑑之受評園，應於評鑑結果公布後6個月內限期改善。
三、本局謹訂於本（105）年11月15日（星期二）至11月25日（星期五）辦理追蹤評鑑，針對未通過之評鑑項目進行實地訪視評鑑，其結果將另行公布。
四、旨揭實地訪視日程表，請逕至新北市幼兒教育資源網（路徑：新北市幼兒教育資源網－評鑑專區－基礎評鑑－參考表單）下載。","43
三峽區
私人
新北市私立山姆叔叔幼兒園
11月18日
星期五",raw/003_6098_detail.html,8989b6aa04479ae105bc72085dc181d9b8216b3d1a83da72c3ff95265b27d53f,raw/004_6098_attachment_pdf.pdf,f39646ac937a239be1def5a80dc7596961a8c3f8d460720325e6b321c96ba94b,3,43,"[""0b544379-755b-42a0-81fb-e16afcd97895""]","[""新北市私立山姆叔叔幼兒園""]",新北市私立山姆叔叔幼兒園,matched_exact_title,exact_title:1;entity_candidates:1;name_core_candidates:1;sibling_registry_ids:1,"[{""basis"":""shared sibling registry UUID only"",""group_record_count"":1,""group_record_index"":1,""penalty_group_id"":""pengrp_03600575b9dcc2ffffa1"",""penalty_registry_id"":""0b544379-755b-42a0-81fb-e16afcd97895"",""relationship"":""candidate only; not asserted to be the same event""},{""basis"":""shared sibling registry UUID only"",""group_record_count"":1,""group_record_index"":1,""penalty_group_id"":""pengrp_a757fa2d9ab25f3da972"",""penalty_registry_id"":""0b544379-755b-42a0-81fb-e16afcd97895"",""relationship"":""candidate only; not asserted to be the same event""},{""basis"":""shared sibling registry UUID only"",""group_record_count"":1,""group_record_index"":1,""penalty_group_id"":""pengrp_e21dc023c810a32b6959"",""penalty_registry_id"":""0b544379-755b-42a0-81fb-e16afcd97895"",""relationship"":""candidate only; not asserted to be the same event""}]"
ntpc-kidedu-6098-action-01ab0e93cb380f6f,6098,ntpc-kidedu-6098,新北市私立北大幼兒園,三峽區,私立,44,corrective_order_followup,ordered,2016-05-03,,2016-11-18,"二、本市104學年度幼兒園基礎評鑑結果報告已於105年5月3日新北教幼字第1050760195號函函文至各校(園)，未通過基礎評鑑之受評園，應於評鑑結果公布後6個月內限期改善。
三、本局謹訂於本（105）年11月15日（星期二）至11月25日（星期五）辦理追蹤評鑑，針對未通過之評鑑項目進行實地訪視評鑑，其結果將另行公布。
四、旨揭實地訪視日程表，請逕至新北市幼兒教育資源網（路徑：新北市幼兒教育資源網－評鑑專區－基礎評鑑－參考表單）下載。","44
三峽區
私人
新北市私立北大幼兒園
11月18日
星期五",raw/003_6098_detail.html,8989b6aa04479ae105bc72085dc181d9b8216b3d1a83da72c3ff95265b27d53f,raw/004_6098_attachment_pdf.pdf,f39646ac937a239be1def5a80dc7596961a8c3f8d460720325e6b321c96ba94b,3,44,"[""d8dfb998-2388-465e-a749-11d650a33d85""]","[""新北市私立北大幼兒園""]",新北市私立北大幼兒園,matched_exact_title,exact_title:1;entity_candidates:1;name_core_candidates:1;sibling_registry_ids:1,[]
ntpc-kidedu-6098-action-f4ca784a68fe2a3d,6098,ntpc-kidedu-6098,新北市私立萱萱幼兒園,三峽區,私立,45,corrective_order_followup,ordered,2016-05-03,,2016-11-18,"二、本市104學年度幼兒園基礎評鑑結果報告已於105年5月3日新北教幼字第1050760195號函函文至各校(園)，未通過基礎評鑑之受評園，應於評鑑結果公布後6個月內限期改善。
三、本局謹訂於本（105）年11月15日（星期二）至11月25日（星期五）辦理追蹤評鑑，針對未通過之評鑑項目進行實地訪視評鑑，其結果將另行公布。
四、旨揭實地訪視日程表，請逕至新北市幼兒教育資源網（路徑：新北市幼兒教育資源網－評鑑專區－基礎評鑑－參考表單）下載。","45
三峽區
私人
新北市私立萱萱幼兒園
11月18日
星期五",raw/003_6098_detail.html,8989b6aa04479ae105bc72085dc181d9b8216b3d1a83da72c3ff95265b27d53f,raw/004_6098_attachment_pdf.pdf,f39646ac937a239be1def5a80dc7596961a8c3f8d460720325e6b321c96ba94b,3,45,[],[],,unresolved_historical_institution,exact_title:0;entity_candidates:0;name_core_candidates:0;sibling_registry_ids:0,[]
ntpc-kidedu-6098-action-18574a8625e219b9,6098,ntpc-kidedu-6098,新北市私立精英中園幼兒園,三峽區,私立,46,corrective_order_followup,ordered,2016-05-03,,2016-11-18,"二、本市104學年度幼兒園基礎評鑑結果報告已於105年5月3日新北教幼字第1050760195號函函文至各校(園)，未通過基礎評鑑之受評園，應於評鑑結果公布後6個月內限期改善。
三、本局謹訂於本（105）年11月15日（星期二）至11月25日（星期五）辦理追蹤評鑑，針對未通過之評鑑項目進行實地訪視評鑑，其結果將另行公布。
四、旨揭實地訪視日程表，請逕至新北市幼兒教育資源網（路徑：新北市幼兒教育資源網－評鑑專區－基礎評鑑－參考表單）下載。","46
三峽區
私人
新北市私立精英中園幼兒園
11月18日
星期五",raw/003_6098_detail.html,8989b6aa04479ae105bc72085dc181d9b8216b3d1a83da72c3ff95265b27d53f,raw/004_6098_attachment_pdf.pdf,f39646ac937a239be1def5a80dc7596961a8c3f8d460720325e6b321c96ba94b,3,46,[],[],,unresolved_historical_institution,exact_title:0;entity_candidates:0;name_core_candidates:0;sibling_registry_ids:0,[]
ntpc-kidedu-6098-action-9d61b406bf225e37,6098,ntpc-kidedu-6098,新北市樹林區育德國民小學附設幼兒園,樹林區,公立,47,corrective_order_followup,ordered,2016-05-03,,2016-11-18,"二、本市104學年度幼兒園基礎評鑑結果報告已於105年5月3日新北教幼字第1050760195號函函文至各校(園)，未通過基礎評鑑之受評園，應於評鑑結果公布後6個月內限期改善。
三、本局謹訂於本（105）年11月15日（星期二）至11月25日（星期五）辦理追蹤評鑑，針對未通過之評鑑項目進行實地訪視評鑑，其結果將另行公布。
四、旨揭實地訪視日程表，請逕至新北市幼兒教育資源網（路徑：新北市幼兒教育資源網－評鑑專區－基礎評鑑－參考表單）下載。","47
樹林區
國小附設
(屬)
新北市樹林區育德國民小學附設幼兒園
11月18日
星期五",raw/003_6098_detail.html,8989b6aa04479ae105bc72085dc181d9b8216b3d1a83da72c3ff95265b27d53f,raw/004_6098_attachment_pdf.pdf,f39646ac937a239be1def5a80dc7596961a8c3f8d460720325e6b321c96ba94b,3,47,"[""1859a3e0-b28f-4d58-a369-db13047b4f0f""]","[""新北市樹林區育德國民小學附設幼兒園""]",新北市樹林區育德國民小學附設幼兒園,matched_exact_title,exact_title:1;entity_candidates:1;name_core_candidates:1;sibling_registry_ids:1,[]
ntpc-kidedu-6098-action-62e71c4212ab1265,6098,ntpc-kidedu-6098,新北市私立葳瑪藝術幼兒園,樹林區,私立,48,corrective_order_followup,ordered,2016-05-03,,2016-11-18,"二、本市104學年度幼兒園基礎評鑑結果報告已於105年5月3日新北教幼字第1050760195號函函文至各校(園)，未通過基礎評鑑之受評園，應於評鑑結果公布後6個月內限期改善。
三、本局謹訂於本（105）年11月15日（星期二）至11月25日（星期五）辦理追蹤評鑑，針對未通過之評鑑項目進行實地訪視評鑑，其結果將另行公布。
四、旨揭實地訪視日程表，請逕至新北市幼兒教育資源網（路徑：新北市幼兒教育資源網－評鑑專區－基礎評鑑－參考表單）下載。","48
樹林區
私人
新北市私立葳瑪藝術幼兒園
11月18日
星期五",raw/003_6098_detail.html,8989b6aa04479ae105bc72085dc181d9b8216b3d1a83da72c3ff95265b27d53f,raw/004_6098_attachment_pdf.pdf,f39646ac937a239be1def5a80dc7596961a8c3f8d460720325e6b321c96ba94b,3,48,"[""eb768316-913e-463a-b861-d7c266ac4e26""]","[""新北市私立葳瑪藝術幼兒園""]",新北市私立葳瑪藝術幼兒園,matched_exact_title,exact_title:1;entity_candidates:1;name_core_candidates:1;sibling_registry_ids:1,[]
ntpc-kidedu-6098-action-4301261e0d9dddab,6098,ntpc-kidedu-6098,新北市私立喬中幼兒園,樹林區,私立,49,corrective_order_followup,ordered,2016-05-03,,2016-11-18,"二、本市104學年度幼兒園基礎評鑑結果報告已於105年5月3日新北教幼字第1050760195號函函文至各校(園)，未通過基礎評鑑之受評園，應於評鑑結果公布後6個月內限期改善。
三、本局謹訂於本（105）年11月15日（星期二）至11月25日（星期五）辦理追蹤評鑑，針對未通過之評鑑項目進行實地訪視評鑑，其結果將另行公布。
四、旨揭實地訪視日程表，請逕至新北市幼兒教育資源網（路徑：新北市幼兒教育資源網－評鑑專區－基礎評鑑－參考表單）下載。","49
樹林區
私人
新北市私立喬中幼兒園
11月18日
星期五",raw/003_6098_detail.html,8989b6aa04479ae105bc72085dc181d9b8216b3d1a83da72c3ff95265b27d53f,raw/004_6098_attachment_pdf.pdf,f39646ac937a239be1def5a80dc7596961a8c3f8d460720325e6b321c96ba94b,3,49,"[""b85b6cd0-aec9-4216-b7fc-bc530bf27ee4""]","[""新北市私立喬中幼兒園""]",新北市私立喬中幼兒園,matched_exact_title,exact_title:1;entity_candidates:1;name_core_candidates:1;sibling_registry_ids:1,"[{""basis"":""shared sibling registry UUID only"",""group_record_count"":1,""group_record_index"":1,""penalty_group_id"":""pengrp_27182c5e90e6261a572e"",""penalty_registry_id"":""b85b6cd0-aec9-4216-b7fc-bc530bf27ee4"",""relationship"":""candidate only; not asserted to be the same event""},{""basis"":""shared sibling registry UUID only"",""group_record_count"":1,""group_record_index"":1,""penalty_group_id"":""pengrp_4b6268ec6fa95c09f088"",""penalty_registry_id"":""b85b6cd0-aec9-4216-b7fc-bc530bf27ee4"",""relationship"":""candidate only; not asserted to be the same event""},{""basis"":""shared sibling registry UUID only"",""group_record_count"":1,""group_record_index"":1,""penalty_group_id"":""pengrp_fec7cb09bd56b28d71ee"",""penalty_registry_id"":""b85b6cd0-aec9-4216-b7fc-bc530bf27ee4"",""relationship"":""candidate only; not asserted to be the same event""}]"
ntpc-kidedu-6098-action-d54fbf94359f0886,6098,ntpc-kidedu-6098,財團法人新北市私立張方大慈善事業基金會附設新北市私立士箱幼兒園,樹林區,私立,50,corrective_order_followup,ordered,2016-05-03,,2016-11-18,"二、本市104學年度幼兒園基礎評鑑結果報告已於105年5月3日新北教幼字第1050760195號函函文至各校(園)，未通過基礎評鑑之受評園，應於評鑑結果公布後6個月內限期改善。
三、本局謹訂於本（105）年11月15日（星期二）至11月25日（星期五）辦理追蹤評鑑，針對未通過之評鑑項目進行實地訪視評鑑，其結果將另行公布。
四、旨揭實地訪視日程表，請逕至新北市幼兒教育資源網（路徑：新北市幼兒教育資源網－評鑑專區－基礎評鑑－參考表單）下載。","50
樹林區
財團法人
附設
財團法人新北市私立張方大慈善事業基
金會附設新北市私立士箱幼兒園
11月18日
星期五",raw/003_6098_detail.html,8989b6aa04479ae105bc72085dc181d9b8216b3d1a83da72c3ff95265b27d53f,raw/004_6098_attachment_pdf.pdf,f39646ac937a239be1def5a80dc7596961a8c3f8d460720325e6b321c96ba94b,3,50,"[""fb9e4e97-815b-4e9f-879c-86b62c6b5bd5""]","[""財團法人新北市私立張方大慈善事業基金會附設新北市私立士箱幼兒園""]",財團法人新北市私立張方大慈善事業基金會附設新北市私立士箱幼兒園,matched_exact_title,exact_title:1;entity_candidates:1;name_core_candidates:1;sibling_registry_ids:1,"[{""basis"":""shared sibling registry UUID only"",""group_record_count"":1,""group_record_index"":1,""penalty_group_id"":""pengrp_039e15af8f9dd6caf69a"",""penalty_registry_id"":""fb9e4e97-815b-4e9f-879c-86b62c6b5bd5"",""relationship"":""candidate only; not asserted to be the same event""}]"
ntpc-kidedu-6098-action-0a2488a97fe3fa05,6098,ntpc-kidedu-6098,新北市私立榕榕園幼兒園,蘆洲區,私立,51,corrective_order_followup,ordered,2016-05-03,,2016-11-22,"二、本市104學年度幼兒園基礎評鑑結果報告已於105年5月3日新北教幼字第1050760195號函函文至各校(園)，未通過基礎評鑑之受評園，應於評鑑結果公布後6個月內限期改善。
三、本局謹訂於本（105）年11月15日（星期二）至11月25日（星期五）辦理追蹤評鑑，針對未通過之評鑑項目進行實地訪視評鑑，其結果將另行公布。
四、旨揭實地訪視日程表，請逕至新北市幼兒教育資源網（路徑：新北市幼兒教育資源網－評鑑專區－基礎評鑑－參考表單）下載。","51
蘆洲區
私人
新北市私立榕榕園幼兒園
11月22日
星期二",raw/003_6098_detail.html,8989b6aa04479ae105bc72085dc181d9b8216b3d1a83da72c3ff95265b27d53f,raw/004_6098_attachment_pdf.pdf,f39646ac937a239be1def5a80dc7596961a8c3f8d460720325e6b321c96ba94b,3,51,"[""7e99f2fc-51cc-4a33-8c0f-9d3218ae283e""]","[""新北市私立榕榕園幼兒園""]",新北市私立榕榕園幼兒園,matched_exact_title,exact_title:1;entity_candidates:1;name_core_candidates:1;sibling_registry_ids:1,"[{""basis"":""shared sibling registry UUID only"",""group_record_count"":1,""group_record_index"":1,""penalty_group_id"":""pengrp_1548c2dfa9bb0be71904"",""penalty_registry_id"":""7e99f2fc-51cc-4a33-8c0f-9d3218ae283e"",""relationship"":""candidate only; not asserted to be the same event""},{""basis"":""shared sibling registry UUID only"",""group_record_count"":1,""group_record_index"":1,""penalty_group_id"":""pengrp_3cc8b2f2eff81c19f21e"",""penalty_registry_id"":""7e99f2fc-51cc-4a33-8c0f-9d3218ae283e"",""relationship"":""candidate only; not asserted to be the same event""},{""basis"":""shared sibling registry UUID only"",""group_record_count"":1,""group_record_index"":1,""penalty_group_id"":""pengrp_61b706623c53ac8f37ba"",""penalty_registry_id"":""7e99f2fc-51cc-4a33-8c0f-9d3218ae283e"",""relationship"":""candidate only; not asserted to be the same event""},{""basis"":""shared sibling registry UUID only"",""group_record_count"":1,""group_record_index"":1,""penalty_group_id"":""pengrp_b62f702f215df40c3bea"",""penalty_registry_id"":""7e99f2fc-51cc-4a33-8c0f-9d3218ae283e"",""relationship"":""candidate only; not asserted to be the same event""},{""basis"":""shared sibling registry UUID only"",""group_record_count"":2,""group_record_index"":1,""penalty_group_id"":""pengrp_c5caab7e89d01830c6e4"",""penalty_registry_id"":""7e99f2fc-51cc-4a33-8c0f-9d3218ae283e"",""relationship"":""candidate only; not asserted to be the same event""},{""basis"":""shared sibling registry UUID only"",""group_record_count"":2,""group_record_index"":2,""penalty_group_id"":""pengrp_c5caab7e89d01830c6e4"",""penalty_registry_id"":""7e99f2fc-51cc-4a33-8c0f-9d3218ae283e"",""relationship"":""candidate only; not asserted to be the same event""}]"
ntpc-kidedu-6098-action-2d0bf68b11d6a70d,6098,ntpc-kidedu-6098,新北市私立今人園幼兒園,蘆洲區,私立,52,corrective_order_followup,ordered,2016-05-03,,2016-11-22,"二、本市104學年度幼兒園基礎評鑑結果報告已於105年5月3日新北教幼字第1050760195號函函文至各校(園)，未通過基礎評鑑之受評園，應於評鑑結果公布後6個月內限期改善。
三、本局謹訂於本（105）年11月15日（星期二）至11月25日（星期五）辦理追蹤評鑑，針對未通過之評鑑項目進行實地訪視評鑑，其結果將另行公布。
四、旨揭實地訪視日程表，請逕至新北市幼兒教育資源網（路徑：新北市幼兒教育資源網－評鑑專區－基礎評鑑－參考表單）下載。","52
蘆洲區
私人
新北市私立今人園幼兒園
11月22日
星期二",raw/003_6098_detail.html,8989b6aa04479ae105bc72085dc181d9b8216b3d1a83da72c3ff95265b27d53f,raw/004_6098_attachment_pdf.pdf,f39646ac937a239be1def5a80dc7596961a8c3f8d460720325e6b321c96ba94b,3,52,"[""a2cbea3d-f7d2-4ce6-86f5-1a8ab0272dcc""]","[""新北市私立今人園幼兒園""]",新北市私立今人園幼兒園,matched_exact_title,exact_title:1;entity_candidates:1;name_core_candidates:1;sibling_registry_ids:1,[]
ntpc-kidedu-6098-action-8ec080abb6490893,6098,ntpc-kidedu-6098,新北市私立蘆幼幼兒園,蘆洲區,私立,53,corrective_order_followup,ordered,2016-05-03,,2016-11-22,"二、本市104學年度幼兒園基礎評鑑結果報告已於105年5月3日新北教幼字第1050760195號函函文至各校(園)，未通過基礎評鑑之受評園，應於評鑑結果公布後6個月內限期改善。
三、本局謹訂於本（105）年11月15日（星期二）至11月25日（星期五）辦理追蹤評鑑，針對未通過之評鑑項目進行實地訪視評鑑，其結果將另行公布。
四、旨揭實地訪視日程表，請逕至新北市幼兒教育資源網（路徑：新北市幼兒教育資源網－評鑑專區－基礎評鑑－參考表單）下載。","53
蘆洲區
私人
新北市私立蘆幼幼兒園
11月22日
星期二",raw/003_6098_detail.html,8989b6aa04479ae105bc72085dc181d9b8216b3d1a83da72c3ff95265b27d53f,raw/004_6098_attachment_pdf.pdf,f39646ac937a239be1def5a80dc7596961a8c3f8d460720325e6b321c96ba94b,3,53,"[""8e1ab98c-5485-4b38-a606-066690944fde""]","[""新北市私立蘆幼幼兒園""]",新北市私立蘆幼幼兒園,matched_exact_title,exact_title:1;entity_candidates:1;name_core_candidates:1;sibling_registry_ids:1,"[{""basis"":""shared sibling registry UUID only"",""group_record_count"":1,""group_record_index"":1,""penalty_group_id"":""pengrp_0e6c82f2728235dd9f80"",""penalty_registry_id"":""8e1ab98c-5485-4b38-a606-066690944fde"",""relationship"":""candidate only; not asserted to be the same event""}]"
ntpc-kidedu-6098-action-8f6ba5e99603e8be,6098,ntpc-kidedu-6098,新北市私立名欣幼兒園,樹林區,私立,54,corrective_order_followup,ordered,2016-05-03,,2016-11-22,"二、本市104學年度幼兒園基礎評鑑結果報告已於105年5月3日新北教幼字第1050760195號函函文至各校(園)，未通過基礎評鑑之受評園，應於評鑑結果公布後6個月內限期改善。
三、本局謹訂於本（105）年11月15日（星期二）至11月25日（星期五）辦理追蹤評鑑，針對未通過之評鑑項目進行實地訪視評鑑，其結果將另行公布。
四、旨揭實地訪視日程表，請逕至新北市幼兒教育資源網（路徑：新北市幼兒教育資源網－評鑑專區－基礎評鑑－參考表單）下載。","54
樹林區
私人
新北市私立名欣幼兒園
11月22日
星期二",raw/003_6098_detail.html,8989b6aa04479ae105bc72085dc181d9b8216b3d1a83da72c3ff95265b27d53f,raw/004_6098_attachment_pdf.pdf,f39646ac937a239be1def5a80dc7596961a8c3f8d460720325e6b321c96ba94b,3,54,"[""5691b486-ecc9-47ce-abbf-445309b4b98c""]","[""新北市私立名欣幼兒園""]",新北市私立名欣幼兒園,matched_exact_title,exact_title:1;entity_candidates:1;name_core_candidates:1;sibling_registry_ids:1,"[{""basis"":""shared sibling registry UUID only"",""group_record_count"":1,""group_record_index"":1,""penalty_group_id"":""pengrp_14efda1b585a8c385e9e"",""penalty_registry_id"":""5691b486-ecc9-47ce-abbf-445309b4b98c"",""relationship"":""candidate only; not asserted to be the same event""},{""basis"":""shared sibling registry UUID only"",""group_record_count"":1,""group_record_index"":1,""penalty_group_id"":""pengrp_92a6d3b2c8941bedea71"",""penalty_registry_id"":""5691b486-ecc9-47ce-abbf-445309b4b98c"",""relationship"":""candidate only; not asserted to be the same event""}]"
ntpc-kidedu-6098-action-2775ccf32d022f17,6098,ntpc-kidedu-6098,新北市私立育智幼兒園,樹林區,私立,55,corrective_order_followup,ordered,2016-05-03,,2016-11-22,"二、本市104學年度幼兒園基礎評鑑結果報告已於105年5月3日新北教幼字第1050760195號函函文至各校(園)，未通過基礎評鑑之受評園，應於評鑑結果公布後6個月內限期改善。
三、本局謹訂於本（105）年11月15日（星期二）至11月25日（星期五）辦理追蹤評鑑，針對未通過之評鑑項目進行實地訪視評鑑，其結果將另行公布。
四、旨揭實地訪視日程表，請逕至新北市幼兒教育資源網（路徑：新北市幼兒教育資源網－評鑑專區－基礎評鑑－參考表單）下載。","55
樹林區
私人
新北市私立育智幼兒園
11月22日
星期二",raw/003_6098_detail.html,8989b6aa04479ae105bc72085dc181d9b8216b3d1a83da72c3ff95265b27d53f,raw/004_6098_attachment_pdf.pdf,f39646ac937a239be1def5a80dc7596961a8c3f8d460720325e6b321c96ba94b,3,55,[],[],,unresolved_historical_institution,exact_title:0;entity_candidates:0;name_core_candidates:0;sibling_registry_ids:0,[]
ntpc-kidedu-6098-action-a8321911320bd465,6098,ntpc-kidedu-6098,新北市私立建丞幼兒園,樹林區,私立,56,corrective_order_followup,ordered,2016-05-03,,2016-11-22,"二、本市104學年度幼兒園基礎評鑑結果報告已於105年5月3日新北教幼字第1050760195號函函文至各校(園)，未通過基礎評鑑之受評園，應於評鑑結果公布後6個月內限期改善。
三、本局謹訂於本（105）年11月15日（星期二）至11月25日（星期五）辦理追蹤評鑑，針對未通過之評鑑項目進行實地訪視評鑑，其結果將另行公布。
四、旨揭實地訪視日程表，請逕至新北市幼兒教育資源網（路徑：新北市幼兒教育資源網－評鑑專區－基礎評鑑－參考表單）下載。","56
樹林區
私人
新北市私立建丞幼兒園
11月22日
星期二",raw/003_6098_detail.html,8989b6aa04479ae105bc72085dc181d9b8216b3d1a83da72c3ff95265b27d53f,raw/004_6098_attachment_pdf.pdf,f39646ac937a239be1def5a80dc7596961a8c3f8d460720325e6b321c96ba94b,3,56,"[""5a918cf0-54f4-4b35-b5c8-443c4200277a""]","[""新北市私立建丞幼兒園""]",新北市私立建丞幼兒園,matched_exact_title,exact_title:1;entity_candidates:1;name_core_candidates:1;sibling_registry_ids:1,[]
ntpc-kidedu-6098-action-5d762d26ffca0eae,6098,ntpc-kidedu-6098,新北市私立迴龍幼兒園,樹林區,私立,57,corrective_order_followup,ordered,2016-05-03,,2016-11-22,"二、本市104學年度幼兒園基礎評鑑結果報告已於105年5月3日新北教幼字第1050760195號函函文至各校(園)，未通過基礎評鑑之受評園，應於評鑑結果公布後6個月內限期改善。
三、本局謹訂於本（105）年11月15日（星期二）至11月25日（星期五）辦理追蹤評鑑，針對未通過之評鑑項目進行實地訪視評鑑，其結果將另行公布。
四、旨揭實地訪視日程表，請逕至新北市幼兒教育資源網（路徑：新北市幼兒教育資源網－評鑑專區－基礎評鑑－參考表單）下載。","57
樹林區
私人
新北市私立迴龍幼兒園
11月22日
星期二",raw/003_6098_detail.html,8989b6aa04479ae105bc72085dc181d9b8216b3d1a83da72c3ff95265b27d53f,raw/004_6098_attachment_pdf.pdf,f39646ac937a239be1def5a80dc7596961a8c3f8d460720325e6b321c96ba94b,3,57,"[""b5f704ff-be54-46f9-96e9-48a471982478""]","[""新北市私立迴龍幼兒園""]",新北市私立迴龍幼兒園,matched_exact_title,exact_title:1;entity_candidates:1;name_core_candidates:1;sibling_registry_ids:1,[]
ntpc-kidedu-6098-action-443d41bf87284db0,6098,ntpc-kidedu-6098,新北市私立新力幼兒園,樹林區,私立,58,corrective_order_followup,ordered,2016-05-03,,2016-11-22,"二、本市104學年度幼兒園基礎評鑑結果報告已於105年5月3日新北教幼字第1050760195號函函文至各校(園)，未通過基礎評鑑之受評園，應於評鑑結果公布後6個月內限期改善。
三、本局謹訂於本（105）年11月15日（星期二）至11月25日（星期五）辦理追蹤評鑑，針對未通過之評鑑項目進行實地訪視評鑑，其結果將另行公布。
四、旨揭實地訪視日程表，請逕至新北市幼兒教育資源網（路徑：新北市幼兒教育資源網－評鑑專區－基礎評鑑－參考表單）下載。","58
樹林區
私人
新北市私立新力幼兒園
11月22日
星期二",raw/003_6098_detail.html,8989b6aa04479ae105bc72085dc181d9b8216b3d1a83da72c3ff95265b27d53f,raw/004_6098_attachment_pdf.pdf,f39646ac937a239be1def5a80dc7596961a8c3f8d460720325e6b321c96ba94b,3,58,[],[],,unresolved_historical_institution,exact_title:0;entity_candidates:0;name_core_candidates:0;sibling_registry_ids:0,[]
ntpc-kidedu-6098-action-d5b84fa4612eb210,6098,ntpc-kidedu-6098,新北市私立鑫立群幼兒園,樹林區,私立,59,corrective_order_followup,ordered,2016-05-03,,2016-11-22,"二、本市104學年度幼兒園基礎評鑑結果報告已於105年5月3日新北教幼字第1050760195號函函文至各校(園)，未通過基礎評鑑之受評園，應於評鑑結果公布後6個月內限期改善。
三、本局謹訂於本（105）年11月15日（星期二）至11月25日（星期五）辦理追蹤評鑑，針對未通過之評鑑項目進行實地訪視評鑑，其結果將另行公布。
四、旨揭實地訪視日程表，請逕至新北市幼兒教育資源網（路徑：新北市幼兒教育資源網－評鑑專區－基礎評鑑－參考表單）下載。","59
樹林區
私人
新北市私立鑫立群幼兒園
11月22日
星期二",raw/003_6098_detail.html,8989b6aa04479ae105bc72085dc181d9b8216b3d1a83da72c3ff95265b27d53f,raw/004_6098_attachment_pdf.pdf,f39646ac937a239be1def5a80dc7596961a8c3f8d460720325e6b321c96ba94b,3,59,"[""680fe201-d194-4b69-9600-9499a916f3d3""]","[""新北市私立鑫立群幼兒園""]",新北市私立鑫立群幼兒園,matched_exact_title,exact_title:1;entity_candidates:1;name_core_candidates:1;sibling_registry_ids:1,"[{""basis"":""shared sibling registry UUID only"",""group_record_count"":1,""group_record_index"":1,""penalty_group_id"":""pengrp_9726f21385d782bc0632"",""penalty_registry_id"":""680fe201-d194-4b69-9600-9499a916f3d3"",""relationship"":""candidate only; not asserted to be the same event""}]"
ntpc-kidedu-6098-action-fddd6c81605ca853,6098,ntpc-kidedu-6098,財團法人華山愛德教育基金會附設新北市私立林口愛德幼兒園,林口區,私立,60,corrective_order_followup,ordered,2016-05-03,,2016-11-22,"二、本市104學年度幼兒園基礎評鑑結果報告已於105年5月3日新北教幼字第1050760195號函函文至各校(園)，未通過基礎評鑑之受評園，應於評鑑結果公布後6個月內限期改善。
三、本局謹訂於本（105）年11月15日（星期二）至11月25日（星期五）辦理追蹤評鑑，針對未通過之評鑑項目進行實地訪視評鑑，其結果將另行公布。
四、旨揭實地訪視日程表，請逕至新北市幼兒教育資源網（路徑：新北市幼兒教育資源網－評鑑專區－基礎評鑑－參考表單）下載。","60
林口區
財團法人
附設
財團法人華山愛德教育基金會附設新北
市私立林口愛德幼兒園
11月22日
星期二
第3/5頁",raw/003_6098_detail.html,8989b6aa04479ae105bc72085dc181d9b8216b3d1a83da72c3ff95265b27d53f,raw/004_6098_attachment_pdf.pdf,f39646ac937a239be1def5a80dc7596961a8c3f8d460720325e6b321c96ba94b,3,60,"[""9ab572f1-6f45-497d-b001-757a59047aed""]","[""財團法人華山愛德教育基金會附設新北市私立林口愛德幼兒園""]",財團法人華山愛德教育基金會附設新北市私立林口愛德幼兒園,matched_exact_title,exact_title:1;entity_candidates:1;name_core_candidates:1;sibling_registry_ids:1,[]
ntpc-kidedu-6098-action-c4c5e309381fd6f2,6098,ntpc-kidedu-6098,新北市私立妙媽咪幼兒園,泰山區,私立,61,corrective_order_followup,ordered,2016-05-03,,2016-11-22,"二、本市104學年度幼兒園基礎評鑑結果報告已於105年5月3日新北教幼字第1050760195號函函文至各校(園)，未通過基礎評鑑之受評園，應於評鑑結果公布後6個月內限期改善。
三、本局謹訂於本（105）年11月15日（星期二）至11月25日（星期五）辦理追蹤評鑑，針對未通過之評鑑項目進行實地訪視評鑑，其結果將另行公布。
四、旨揭實地訪視日程表，請逕至新北市幼兒教育資源網（路徑：新北市幼兒教育資源網－評鑑專區－基礎評鑑－參考表單）下載。","61
泰山區
私人
新北市私立妙媽咪幼兒園
11月22日
星期二",raw/003_6098_detail.html,8989b6aa04479ae105bc72085dc181d9b8216b3d1a83da72c3ff95265b27d53f,raw/004_6098_attachment_pdf.pdf,f39646ac937a239be1def5a80dc7596961a8c3f8d460720325e6b321c96ba94b,4,61,[],[],,unresolved_historical_institution,exact_title:0;entity_candidates:0;name_core_candidates:0;sibling_registry_ids:0,[]
ntpc-kidedu-6098-action-c522567c07184669,6098,ntpc-kidedu-6098,新北市私立美式夏綠蒂幼兒園,蘆洲區,私立,62,corrective_order_followup,ordered,2016-05-03,,2016-11-23,"二、本市104學年度幼兒園基礎評鑑結果報告已於105年5月3日新北教幼字第1050760195號函函文至各校(園)，未通過基礎評鑑之受評園，應於評鑑結果公布後6個月內限期改善。
三、本局謹訂於本（105）年11月15日（星期二）至11月25日（星期五）辦理追蹤評鑑，針對未通過之評鑑項目進行實地訪視評鑑，其結果將另行公布。
四、旨揭實地訪視日程表，請逕至新北市幼兒教育資源網（路徑：新北市幼兒教育資源網－評鑑專區－基礎評鑑－參考表單）下載。","62
蘆洲區
私人
新北市私立美式夏綠蒂幼兒園
11月23日
星期三",raw/003_6098_detail.html,8989b6aa04479ae105bc72085dc181d9b8216b3d1a83da72c3ff95265b27d53f,raw/004_6098_attachment_pdf.pdf,f39646ac937a239be1def5a80dc7596961a8c3f8d460720325e6b321c96ba94b,4,62,"[""f22a9587-06a1-46c4-8a59-8e257956137e""]","[""新北市私立美式夏綠蒂幼兒園""]",新北市私立美式夏綠蒂幼兒園,matched_exact_title,exact_title:1;entity_candidates:1;name_core_candidates:1;sibling_registry_ids:1,"[{""basis"":""shared sibling registry UUID only"",""group_record_count"":1,""group_record_index"":1,""penalty_group_id"":""pengrp_cbaf20df9c8c4ba1034c"",""penalty_registry_id"":""f22a9587-06a1-46c4-8a59-8e257956137e"",""relationship"":""candidate only; not asserted to be the same event""}]"
ntpc-kidedu-6098-action-fd78a04b6402712a,6098,ntpc-kidedu-6098,新北市私立麥克叔叔幼兒園,蘆洲區,私立,63,corrective_order_followup,ordered,2016-05-03,,2016-11-23,"二、本市104學年度幼兒園基礎評鑑結果報告已於105年5月3日新北教幼字第1050760195號函函文至各校(園)，未通過基礎評鑑之受評園，應於評鑑結果公布後6個月內限期改善。
三、本局謹訂於本（105）年11月15日（星期二）至11月25日（星期五）辦理追蹤評鑑，針對未通過之評鑑項目進行實地訪視評鑑，其結果將另行公布。
四、旨揭實地訪視日程表，請逕至新北市幼兒教育資源網（路徑：新北市幼兒教育資源網－評鑑專區－基礎評鑑－參考表單）下載。","63
蘆洲區
私人
新北市私立麥克叔叔幼兒園
(原萱榳幼兒園105.07.04更名)
11月23日
星期三",raw/003_6098_detail.html,8989b6aa04479ae105bc72085dc181d9b8216b3d1a83da72c3ff95265b27d53f,raw/004_6098_attachment_pdf.pdf,f39646ac937a239be1def5a80dc7596961a8c3f8d460720325e6b321c96ba94b,4,63,[],[],,unresolved_historical_institution,exact_title:0;entity_candidates:0;name_core_candidates:0;sibling_registry_ids:0,[]
ntpc-kidedu-6098-action-3f313f4e19f54dfe,6098,ntpc-kidedu-6098,新北市私立幼育成幼兒園,蘆洲區,私立,64,corrective_order_followup,ordered,2016-05-03,,2016-11-23,"二、本市104學年度幼兒園基礎評鑑結果報告已於105年5月3日新北教幼字第1050760195號函函文至各校(園)，未通過基礎評鑑之受評園，應於評鑑結果公布後6個月內限期改善。
三、本局謹訂於本（105）年11月15日（星期二）至11月25日（星期五）辦理追蹤評鑑，針對未通過之評鑑項目進行實地訪視評鑑，其結果將另行公布。
四、旨揭實地訪視日程表，請逕至新北市幼兒教育資源網（路徑：新北市幼兒教育資源網－評鑑專區－基礎評鑑－參考表單）下載。","64
蘆洲區
私人
新北市私立幼育成幼兒園
11月23日
星期三",raw/003_6098_detail.html,8989b6aa04479ae105bc72085dc181d9b8216b3d1a83da72c3ff95265b27d53f,raw/004_6098_attachment_pdf.pdf,f39646ac937a239be1def5a80dc7596961a8c3f8d460720325e6b321c96ba94b,4,64,"[""0868f6a3-b2b8-402c-a03c-63f78d32b2c5""]","[""新北市私立幼育成幼兒園""]",新北市私立幼育成幼兒園,matched_exact_title,exact_title:1;entity_candidates:1;name_core_candidates:1;sibling_registry_ids:1,"[{""basis"":""shared sibling registry UUID only"",""group_record_count"":1,""group_record_index"":1,""penalty_group_id"":""pengrp_363eda657ec2c37203be"",""penalty_registry_id"":""0868f6a3-b2b8-402c-a03c-63f78d32b2c5"",""relationship"":""candidate only; not asserted to be the same event""},{""basis"":""shared sibling registry UUID only"",""group_record_count"":1,""group_record_index"":1,""penalty_group_id"":""pengrp_d022fd6eba7b2628ed1e"",""penalty_registry_id"":""0868f6a3-b2b8-402c-a03c-63f78d32b2c5"",""relationship"":""candidate only; not asserted to be the same event""}]"
ntpc-kidedu-6098-action-84242c31a02c47c7,6098,ntpc-kidedu-6098,新北市私立愛心園幼兒園,蘆洲區,私立,65,corrective_order_followup,ordered,2016-05-03,,2016-11-23,"二、本市104學年度幼兒園基礎評鑑結果報告已於105年5月3日新北教幼字第1050760195號函函文至各校(園)，未通過基礎評鑑之受評園，應於評鑑結果公布後6個月內限期改善。
三、本局謹訂於本（105）年11月15日（星期二）至11月25日（星期五）辦理追蹤評鑑，針對未通過之評鑑項目進行實地訪視評鑑，其結果將另行公布。
四、旨揭實地訪視日程表，請逕至新北市幼兒教育資源網（路徑：新北市幼兒教育資源網－評鑑專區－基礎評鑑－參考表單）下載。","65
蘆洲區
私人
新北市私立愛心園幼兒園
11月23日
星期三",raw/003_6098_detail.html,8989b6aa04479ae105bc72085dc181d9b8216b3d1a83da72c3ff95265b27d53f,raw/004_6098_attachment_pdf.pdf,f39646ac937a239be1def5a80dc7596961a8c3f8d460720325e6b321c96ba94b,4,65,"[""aba0e090-999a-42cc-a583-036813dd5f67""]","[""新北市私立愛心園幼兒園""]",新北市私立愛心園幼兒園,matched_exact_title,exact_title:1;entity_candidates:1;name_core_candidates:1;sibling_registry_ids:1,[]
ntpc-kidedu-6098-action-525e9e7447d11774,6098,ntpc-kidedu-6098,新北市私立童話村幼兒園,三峽區,私立,66,corrective_order_followup,ordered,2016-05-03,,2016-11-23,"二、本市104學年度幼兒園基礎評鑑結果報告已於105年5月3日新北教幼字第1050760195號函函文至各校(園)，未通過基礎評鑑之受評園，應於評鑑結果公布後6個月內限期改善。
三、本局謹訂於本（105）年11月15日（星期二）至11月25日（星期五）辦理追蹤評鑑，針對未通過之評鑑項目進行實地訪視評鑑，其結果將另行公布。
四、旨揭實地訪視日程表，請逕至新北市幼兒教育資源網（路徑：新北市幼兒教育資源網－評鑑專區－基礎評鑑－參考表單）下載。","66
三峽區
私人
新北市私立童話村幼兒園
11月23日
星期三",raw/003_6098_detail.html,8989b6aa04479ae105bc72085dc181d9b8216b3d1a83da72c3ff95265b27d53f,raw/004_6098_attachment_pdf.pdf,f39646ac937a239be1def5a80dc7596961a8c3f8d460720325e6b321c96ba94b,4,66,"[""86e5fab6-1d52-47c9-ac83-813293d5447a""]","[""新北市私立童話村幼兒園""]",新北市私立童話村幼兒園,matched_exact_title,exact_title:1;entity_candidates:1;name_core_candidates:1;sibling_registry_ids:1,[]
ntpc-kidedu-6098-action-df2357db22a1bb5b,6098,ntpc-kidedu-6098,新北市私立文林幼兒園,樹林區,私立,67,corrective_order_followup,ordered,2016-05-03,,2016-11-23,"二、本市104學年度幼兒園基礎評鑑結果報告已於105年5月3日新北教幼字第1050760195號函函文至各校(園)，未通過基礎評鑑之受評園，應於評鑑結果公布後6個月內限期改善。
三、本局謹訂於本（105）年11月15日（星期二）至11月25日（星期五）辦理追蹤評鑑，針對未通過之評鑑項目進行實地訪視評鑑，其結果將另行公布。
四、旨揭實地訪視日程表，請逕至新北市幼兒教育資源網（路徑：新北市幼兒教育資源網－評鑑專區－基礎評鑑－參考表單）下載。","67
樹林區
私人
新北市私立文林幼兒園
11月23日
星期三",raw/003_6098_detail.html,8989b6aa04479ae105bc72085dc181d9b8216b3d1a83da72c3ff95265b27d53f,raw/004_6098_attachment_pdf.pdf,f39646ac937a239be1def5a80dc7596961a8c3f8d460720325e6b321c96ba94b,4,67,"[""dc571ef5-a5e5-4e41-bbd5-41fbc1272ca4""]","[""新北市私立文林幼兒園""]",新北市私立文林幼兒園,matched_exact_title,exact_title:1;entity_candidates:1;name_core_candidates:1;sibling_registry_ids:1,[]
ntpc-kidedu-6098-action-0a76d284636e4102,6098,ntpc-kidedu-6098,新北市私立哈佛幼兒園,樹林區,私立,68,corrective_order_followup,ordered,2016-05-03,,2016-11-23,"二、本市104學年度幼兒園基礎評鑑結果報告已於105年5月3日新北教幼字第1050760195號函函文至各校(園)，未通過基礎評鑑之受評園，應於評鑑結果公布後6個月內限期改善。
三、本局謹訂於本（105）年11月15日（星期二）至11月25日（星期五）辦理追蹤評鑑，針對未通過之評鑑項目進行實地訪視評鑑，其結果將另行公布。
四、旨揭實地訪視日程表，請逕至新北市幼兒教育資源網（路徑：新北市幼兒教育資源網－評鑑專區－基礎評鑑－參考表單）下載。","68
樹林區
私人
新北市私立哈佛幼兒園
11月23日
星期三",raw/003_6098_detail.html,8989b6aa04479ae105bc72085dc181d9b8216b3d1a83da72c3ff95265b27d53f,raw/004_6098_attachment_pdf.pdf,f39646ac937a239be1def5a80dc7596961a8c3f8d460720325e6b321c96ba94b,4,68,[],[],,unresolved_historical_institution,exact_title:0;entity_candidates:0;name_core_candidates:0;sibling_registry_ids:0,[]
ntpc-kidedu-6098-action-196abe8d69f2045b,6098,ntpc-kidedu-6098,新北市私立北大心世紀幼兒園,樹林區,私立,69,corrective_order_followup,ordered,2016-05-03,,2016-11-23,"二、本市104學年度幼兒園基礎評鑑結果報告已於105年5月3日新北教幼字第1050760195號函函文至各校(園)，未通過基礎評鑑之受評園，應於評鑑結果公布後6個月內限期改善。
三、本局謹訂於本（105）年11月15日（星期二）至11月25日（星期五）辦理追蹤評鑑，針對未通過之評鑑項目進行實地訪視評鑑，其結果將另行公布。
四、旨揭實地訪視日程表，請逕至新北市幼兒教育資源網（路徑：新北市幼兒教育資源網－評鑑專區－基礎評鑑－參考表單）下載。","69
樹林區
私人
新北市私立北大心世紀幼兒園
11月23日
星期三",raw/003_6098_detail.html,8989b6aa04479ae105bc72085dc181d9b8216b3d1a83da72c3ff95265b27d53f,raw/004_6098_attachment_pdf.pdf,f39646ac937a239be1def5a80dc7596961a8c3f8d460720325e6b321c96ba94b,4,69,[],[],,unresolved_historical_institution,exact_title:0;entity_candidates:0;name_core_candidates:0;sibling_registry_ids:0,[]
ntpc-kidedu-6098-action-9c01667bf7cdb60f,6098,ntpc-kidedu-6098,新北市立石門幼兒園,石門區,公立,70,corrective_order_followup,ordered,2016-05-03,,2016-11-23,"二、本市104學年度幼兒園基礎評鑑結果報告已於105年5月3日新北教幼字第1050760195號函函文至各校(園)，未通過基礎評鑑之受評園，應於評鑑結果公布後6個月內限期改善。
三、本局謹訂於本（105）年11月15日（星期二）至11月25日（星期五）辦理追蹤評鑑，針對未通過之評鑑項目進行實地訪視評鑑，其結果將另行公布。
四、旨揭實地訪視日程表，請逕至新北市幼兒教育資源網（路徑：新北市幼兒教育資源網－評鑑專區－基礎評鑑－參考表單）下載。","70
石門區
直轄市立
新北市立石門幼兒園
11月23日
星期三",raw/003_6098_detail.html,8989b6aa04479ae105bc72085dc181d9b8216b3d1a83da72c3ff95265b27d53f,raw/004_6098_attachment_pdf.pdf,f39646ac937a239be1def5a80dc7596961a8c3f8d460720325e6b321c96ba94b,4,70,[],[],,unresolved_historical_institution,exact_title:0;entity_candidates:0;name_core_candidates:0;sibling_registry_ids:0,[]
ntpc-kidedu-6098-action-36ce4b620d1d2ae8,6098,ntpc-kidedu-6098,新北市立石門幼兒園草里分班,石門區,公立,71,corrective_order_followup,ordered,2016-05-03,,2016-11-23,"二、本市104學年度幼兒園基礎評鑑結果報告已於105年5月3日新北教幼字第1050760195號函函文至各校(園)，未通過基礎評鑑之受評園，應於評鑑結果公布後6個月內限期改善。
三、本局謹訂於本（105）年11月15日（星期二）至11月25日（星期五）辦理追蹤評鑑，針對未通過之評鑑項目進行實地訪視評鑑，其結果將另行公布。
四、旨揭實地訪視日程表，請逕至新北市幼兒教育資源網（路徑：新北市幼兒教育資源網－評鑑專區－基礎評鑑－參考表單）下載。","71
石門區
直轄市立
新北市立石門幼兒園草里分班
11月23日
星期三",raw/003_6098_detail.html,8989b6aa04479ae105bc72085dc181d9b8216b3d1a83da72c3ff95265b27d53f,raw/004_6098_attachment_pdf.pdf,f39646ac937a239be1def5a80dc7596961a8c3f8d460720325e6b321c96ba94b,4,71,[],[],,unresolved_historical_institution,exact_title:0;entity_candidates:0;name_core_candidates:0;sibling_registry_ids:0,[]
ntpc-kidedu-6098-action-0e42e478e97fa9e6,6098,ntpc-kidedu-6098,新北市三重區集美國民小學附設幼兒園,三重區,公立,72,corrective_order_followup,ordered,2016-05-03,,2016-11-24,"二、本市104學年度幼兒園基礎評鑑結果報告已於105年5月3日新北教幼字第1050760195號函函文至各校(園)，未通過基礎評鑑之受評園，應於評鑑結果公布後6個月內限期改善。
三、本局謹訂於本（105）年11月15日（星期二）至11月25日（星期五）辦理追蹤評鑑，針對未通過之評鑑項目進行實地訪視評鑑，其結果將另行公布。
四、旨揭實地訪視日程表，請逕至新北市幼兒教育資源網（路徑：新北市幼兒教育資源網－評鑑專區－基礎評鑑－參考表單）下載。","72
三重區
國小附設
(屬)
新北市三重區集美國民小學附設幼兒園
11月24日
星期四",raw/003_6098_detail.html,8989b6aa04479ae105bc72085dc181d9b8216b3d1a83da72c3ff95265b27d53f,raw/004_6098_attachment_pdf.pdf,f39646ac937a239be1def5a80dc7596961a8c3f8d460720325e6b321c96ba94b,4,72,"[""3f1701e1-366d-41ca-8b93-e1a864ee9949""]","[""新北市三重區集美國民小學附設幼兒園""]",新北市三重區集美國民小學附設幼兒園,matched_exact_title,exact_title:1;entity_candidates:1;name_core_candidates:1;sibling_registry_ids:1,[]
ntpc-kidedu-6098-action-6fa4c03f3d69c9f7,6098,ntpc-kidedu-6098,新北市三重區三光國民小學附設幼兒園,三重區,公立,73,corrective_order_followup,ordered,2016-05-03,,2016-11-24,"二、本市104學年度幼兒園基礎評鑑結果報告已於105年5月3日新北教幼字第1050760195號函函文至各校(園)，未通過基礎評鑑之受評園，應於評鑑結果公布後6個月內限期改善。
三、本局謹訂於本（105）年11月15日（星期二）至11月25日（星期五）辦理追蹤評鑑，針對未通過之評鑑項目進行實地訪視評鑑，其結果將另行公布。
四、旨揭實地訪視日程表，請逕至新北市幼兒教育資源網（路徑：新北市幼兒教育資源網－評鑑專區－基礎評鑑－參考表單）下載。","73
三重區
國小附設
(屬)
新北市三重區三光國民小學附設幼兒園
11月24日
星期四",raw/003_6098_detail.html,8989b6aa04479ae105bc72085dc181d9b8216b3d1a83da72c3ff95265b27d53f,raw/004_6098_attachment_pdf.pdf,f39646ac937a239be1def5a80dc7596961a8c3f8d460720325e6b321c96ba94b,4,73,"[""fad3f686-1250-4cb0-b43e-311617becaea""]","[""新北市三重區三光國民小學附設幼兒園""]",新北市三重區三光國民小學附設幼兒園,matched_exact_title,exact_title:1;entity_candidates:1;name_core_candidates:1;sibling_registry_ids:1,[]
ntpc-kidedu-6098-action-e3bc1e736d1b4efa,6098,ntpc-kidedu-6098,新北市私立彩虹城堡幼兒園,三重區,私立,74,corrective_order_followup,ordered,2016-05-03,,2016-11-24,"二、本市104學年度幼兒園基礎評鑑結果報告已於105年5月3日新北教幼字第1050760195號函函文至各校(園)，未通過基礎評鑑之受評園，應於評鑑結果公布後6個月內限期改善。
三、本局謹訂於本（105）年11月15日（星期二）至11月25日（星期五）辦理追蹤評鑑，針對未通過之評鑑項目進行實地訪視評鑑，其結果將另行公布。
四、旨揭實地訪視日程表，請逕至新北市幼兒教育資源網（路徑：新北市幼兒教育資源網－評鑑專區－基礎評鑑－參考表單）下載。","74
三重區
私人
新北市私立彩虹城堡幼兒園
11月24日
星期四",raw/003_6098_detail.html,8989b6aa04479ae105bc72085dc181d9b8216b3d1a83da72c3ff95265b27d53f,raw/004_6098_attachment_pdf.pdf,f39646ac937a239be1def5a80dc7596961a8c3f8d460720325e6b321c96ba94b,4,74,[],[],,unresolved_historical_institution,exact_title:0;entity_candidates:0;name_core_candidates:0;sibling_registry_ids:0,[]
ntpc-kidedu-6098-action-d4d7743f35e44ea3,6098,ntpc-kidedu-6098,新北市私立吉的堡英群幼兒園,三重區,私立,75,corrective_order_followup,ordered,2016-05-03,,2016-11-24,"二、本市104學年度幼兒園基礎評鑑結果報告已於105年5月3日新北教幼字第1050760195號函函文至各校(園)，未通過基礎評鑑之受評園，應於評鑑結果公布後6個月內限期改善。
三、本局謹訂於本（105）年11月15日（星期二）至11月25日（星期五）辦理追蹤評鑑，針對未通過之評鑑項目進行實地訪視評鑑，其結果將另行公布。
四、旨揭實地訪視日程表，請逕至新北市幼兒教育資源網（路徑：新北市幼兒教育資源網－評鑑專區－基礎評鑑－參考表單）下載。","75
三重區
私人
新北市私立吉的堡英群幼兒園
11月24日
星期四",raw/003_6098_detail.html,8989b6aa04479ae105bc72085dc181d9b8216b3d1a83da72c3ff95265b27d53f,raw/004_6098_attachment_pdf.pdf,f39646ac937a239be1def5a80dc7596961a8c3f8d460720325e6b321c96ba94b,4,75,"[""094e6561-88ab-43e1-9acf-41a9ddb507dd""]","[""新北市私立吉的堡英群幼兒園""]",新北市私立吉的堡英群幼兒園,matched_exact_title,exact_title:1;entity_candidates:1;name_core_candidates:1;sibling_registry_ids:1,[]
ntpc-kidedu-6098-action-e173c8b7af7d056e,6098,ntpc-kidedu-6098,新北市私立威妮斯特堡幼兒園,三重區,私立,76,corrective_order_followup,ordered,2016-05-03,,2016-11-18,"二、本市104學年度幼兒園基礎評鑑結果報告已於105年5月3日新北教幼字第1050760195號函函文至各校(園)，未通過基礎評鑑之受評園，應於評鑑結果公布後6個月內限期改善。
三、本局謹訂於本（105）年11月15日（星期二）至11月25日（星期五）辦理追蹤評鑑，針對未通過之評鑑項目進行實地訪視評鑑，其結果將另行公布。
四、旨揭實地訪視日程表，請逕至新北市幼兒教育資源網（路徑：新北市幼兒教育資源網－評鑑專區－基礎評鑑－參考表單）下載。","76
三重區
私人
新北市私立威妮斯特堡幼兒園
11月18日
星期五",raw/003_6098_detail.html,8989b6aa04479ae105bc72085dc181d9b8216b3d1a83da72c3ff95265b27d53f,raw/004_6098_attachment_pdf.pdf,f39646ac937a239be1def5a80dc7596961a8c3f8d460720325e6b321c96ba94b,2,76,"[""c10db83d-fa02-4973-aace-0fca86cb5339""]","[""新北市私立威妮斯特堡幼兒園""]",新北市私立威妮斯特堡幼兒園,matched_exact_title,exact_title:1;entity_candidates:1;name_core_candidates:1;sibling_registry_ids:1,"[{""basis"":""shared sibling registry UUID only"",""group_record_count"":1,""group_record_index"":1,""penalty_group_id"":""pengrp_1e2795dd8f3a4f16b0a5"",""penalty_registry_id"":""c10db83d-fa02-4973-aace-0fca86cb5339"",""relationship"":""candidate only; not asserted to be the same event""}]"
ntpc-kidedu-6098-action-10b7dff1acc03a61,6098,ntpc-kidedu-6098,新北市私立邦喬妮幼兒園,三重區,私立,77,corrective_order_followup,ordered,2016-05-03,,2016-11-24,"二、本市104學年度幼兒園基礎評鑑結果報告已於105年5月3日新北教幼字第1050760195號函函文至各校(園)，未通過基礎評鑑之受評園，應於評鑑結果公布後6個月內限期改善。
三、本局謹訂於本（105）年11月15日（星期二）至11月25日（星期五）辦理追蹤評鑑，針對未通過之評鑑項目進行實地訪視評鑑，其結果將另行公布。
四、旨揭實地訪視日程表，請逕至新北市幼兒教育資源網（路徑：新北市幼兒教育資源網－評鑑專區－基礎評鑑－參考表單）下載。","77
三重區
私人
新北市私立邦喬妮幼兒園
11月24日
星期四",raw/003_6098_detail.html,8989b6aa04479ae105bc72085dc181d9b8216b3d1a83da72c3ff95265b27d53f,raw/004_6098_attachment_pdf.pdf,f39646ac937a239be1def5a80dc7596961a8c3f8d460720325e6b321c96ba94b,4,77,"[""1199b44f-884e-4fbe-98b1-8b0b485093f5""]","[""新北市私立邦喬妮幼兒園""]",新北市私立邦喬妮幼兒園,matched_exact_title,exact_title:1;entity_candidates:1;name_core_candidates:1;sibling_registry_ids:1,"[{""basis"":""shared sibling registry UUID only"",""group_record_count"":1,""group_record_index"":1,""penalty_group_id"":""pengrp_0243580180be5ff5092f"",""penalty_registry_id"":""1199b44f-884e-4fbe-98b1-8b0b485093f5"",""relationship"":""candidate only; not asserted to be the same event""},{""basis"":""shared sibling registry UUID only"",""group_record_count"":1,""group_record_index"":1,""penalty_group_id"":""pengrp_267fc6b00ee9d72caa1f"",""penalty_registry_id"":""1199b44f-884e-4fbe-98b1-8b0b485093f5"",""relationship"":""candidate only; not asserted to be the same event""},{""basis"":""shared sibling registry UUID only"",""group_record_count"":1,""group_record_index"":1,""penalty_group_id"":""pengrp_3bbe6eb2d116e1386634"",""penalty_registry_id"":""1199b44f-884e-4fbe-98b1-8b0b485093f5"",""relationship"":""candidate only; not asserted to be the same event""},{""basis"":""shared sibling registry UUID only"",""group_record_count"":1,""group_record_index"":1,""penalty_group_id"":""pengrp_59d7f5151a3910f118df"",""penalty_registry_id"":""1199b44f-884e-4fbe-98b1-8b0b485093f5"",""relationship"":""candidate only; not asserted to be the same event""},{""basis"":""shared sibling registry UUID only"",""group_record_count"":1,""group_record_index"":1,""penalty_group_id"":""pengrp_5baa53ed203ddf1ae600"",""penalty_registry_id"":""1199b44f-884e-4fbe-98b1-8b0b485093f5"",""relationship"":""candidate only; not asserted to be the same event""},{""basis"":""shared sibling registry UUID only"",""group_record_count"":1,""group_record_index"":1,""penalty_group_id"":""pengrp_bcb4742ae88d7d1641bb"",""penalty_registry_id"":""1199b44f-884e-4fbe-98b1-8b0b485093f5"",""relationship"":""candidate only; not asserted to be the same event""}]"
ntpc-kidedu-6098-action-7cf9a15d5b142b2a,6098,ntpc-kidedu-6098,新北市私立上綸幼兒園,三重區,私立,78,corrective_order_followup,ordered,2016-05-03,,2016-11-24,"二、本市104學年度幼兒園基礎評鑑結果報告已於105年5月3日新北教幼字第1050760195號函函文至各校(園)，未通過基礎評鑑之受評園，應於評鑑結果公布後6個月內限期改善。
三、本局謹訂於本（105）年11月15日（星期二）至11月25日（星期五）辦理追蹤評鑑，針對未通過之評鑑項目進行實地訪視評鑑，其結果將另行公布。
四、旨揭實地訪視日程表，請逕至新北市幼兒教育資源網（路徑：新北市幼兒教育資源網－評鑑專區－基礎評鑑－參考表單）下載。","78
三重區
私人
新北市私立上綸幼兒園
11月24日
星期四",raw/003_6098_detail.html,8989b6aa04479ae105bc72085dc181d9b8216b3d1a83da72c3ff95265b27d53f,raw/004_6098_attachment_pdf.pdf,f39646ac937a239be1def5a80dc7596961a8c3f8d460720325e6b321c96ba94b,4,78,"[""05836c61-7743-4587-af34-47fb426d94cd""]","[""新北市私立上綸幼兒園""]",新北市私立上綸幼兒園,matched_exact_title,exact_title:1;entity_candidates:1;name_core_candidates:1;sibling_registry_ids:1,[]
ntpc-kidedu-6098-action-be4a68a853b094a2,6098,ntpc-kidedu-6098,新北市私立重愛幼兒園,三重區,私立,79,corrective_order_followup,ordered,2016-05-03,,2016-11-24,"二、本市104學年度幼兒園基礎評鑑結果報告已於105年5月3日新北教幼字第1050760195號函函文至各校(園)，未通過基礎評鑑之受評園，應於評鑑結果公布後6個月內限期改善。
三、本局謹訂於本（105）年11月15日（星期二）至11月25日（星期五）辦理追蹤評鑑，針對未通過之評鑑項目進行實地訪視評鑑，其結果將另行公布。
四、旨揭實地訪視日程表，請逕至新北市幼兒教育資源網（路徑：新北市幼兒教育資源網－評鑑專區－基礎評鑑－參考表單）下載。","79
三重區
私人
新北市私立重愛幼兒園
11月24日
星期四",raw/003_6098_detail.html,8989b6aa04479ae105bc72085dc181d9b8216b3d1a83da72c3ff95265b27d53f,raw/004_6098_attachment_pdf.pdf,f39646ac937a239be1def5a80dc7596961a8c3f8d460720325e6b321c96ba94b,4,79,"[""ab216151-8d81-40d8-ac15-36a3e01b7c36"",""f34a8c25-35e3-41a9-889a-88edc12ee6b4""]","[""新北市私立重愛幼兒園"",""新北市私立重愛幼兒園三民分班""]",新北市私立重愛幼兒園,matched_exact_title,exact_title:1;entity_candidates:2;name_core_candidates:2;sibling_registry_ids:2,"[{""basis"":""shared sibling registry UUID only"",""group_record_count"":1,""group_record_index"":1,""penalty_group_id"":""pengrp_96e8322aae4f1430da52"",""penalty_registry_id"":""ab216151-8d81-40d8-ac15-36a3e01b7c36"",""relationship"":""candidate only; not asserted to be the same event""}]"
ntpc-kidedu-6098-action-ebf13f08bdbd7d8e,6098,ntpc-kidedu-6098,新北市蘆洲區蘆洲國民小學附設幼兒園,蘆洲區,公立,80,corrective_order_followup,ordered,2016-05-03,,2016-11-18,"二、本市104學年度幼兒園基礎評鑑結果報告已於105年5月3日新北教幼字第1050760195號函函文至各校(園)，未通過基礎評鑑之受評園，應於評鑑結果公布後6個月內限期改善。
三、本局謹訂於本（105）年11月15日（星期二）至11月25日（星期五）辦理追蹤評鑑，針對未通過之評鑑項目進行實地訪視評鑑，其結果將另行公布。
四、旨揭實地訪視日程表，請逕至新北市幼兒教育資源網（路徑：新北市幼兒教育資源網－評鑑專區－基礎評鑑－參考表單）下載。","80
蘆洲區
國小附設
(屬)
新北市蘆洲區蘆洲國民小學附設幼兒園
11月18日
星期五",raw/003_6098_detail.html,8989b6aa04479ae105bc72085dc181d9b8216b3d1a83da72c3ff95265b27d53f,raw/004_6098_attachment_pdf.pdf,f39646ac937a239be1def5a80dc7596961a8c3f8d460720325e6b321c96ba94b,2,80,"[""58dd27cc-d6a4-4156-8e08-ef4b2fc62388""]","[""新北市蘆洲區蘆洲國民小學附設幼兒園""]",新北市蘆洲區蘆洲國民小學附設幼兒園,matched_exact_title,exact_title:1;entity_candidates:1;name_core_candidates:1;sibling_registry_ids:1,[]
ntpc-kidedu-6098-action-9171eef0637d8421,6098,ntpc-kidedu-6098,新北市私立東橙幼兒園,三峽區,私立,81,corrective_order_followup,ordered,2016-05-03,,2016-11-24,"二、本市104學年度幼兒園基礎評鑑結果報告已於105年5月3日新北教幼字第1050760195號函函文至各校(園)，未通過基礎評鑑之受評園，應於評鑑結果公布後6個月內限期改善。
三、本局謹訂於本（105）年11月15日（星期二）至11月25日（星期五）辦理追蹤評鑑，針對未通過之評鑑項目進行實地訪視評鑑，其結果將另行公布。
四、旨揭實地訪視日程表，請逕至新北市幼兒教育資源網（路徑：新北市幼兒教育資源網－評鑑專區－基礎評鑑－參考表單）下載。","81
三峽區
私人
新北市私立東橙幼兒園
11月24日
星期四",raw/003_6098_detail.html,8989b6aa04479ae105bc72085dc181d9b8216b3d1a83da72c3ff95265b27d53f,raw/004_6098_attachment_pdf.pdf,f39646ac937a239be1def5a80dc7596961a8c3f8d460720325e6b321c96ba94b,5,81,"[""504ae586-196a-4272-9e52-7411b1ab7105""]","[""新北市私立東橙幼兒園""]",新北市私立東橙幼兒園,matched_exact_title,exact_title:1;entity_candidates:1;name_core_candidates:1;sibling_registry_ids:1,"[{""basis"":""shared sibling registry UUID only"",""group_record_count"":1,""group_record_index"":1,""penalty_group_id"":""pengrp_03858ac98cb471431698"",""penalty_registry_id"":""504ae586-196a-4272-9e52-7411b1ab7105"",""relationship"":""candidate only; not asserted to be the same event""}]"
ntpc-kidedu-6098-action-cc5a579b24f47994,6098,ntpc-kidedu-6098,新北市私立企鵝家族幼兒園,樹林區,私立,82,corrective_order_followup,ordered,2016-05-03,,2016-11-24,"二、本市104學年度幼兒園基礎評鑑結果報告已於105年5月3日新北教幼字第1050760195號函函文至各校(園)，未通過基礎評鑑之受評園，應於評鑑結果公布後6個月內限期改善。
三、本局謹訂於本（105）年11月15日（星期二）至11月25日（星期五）辦理追蹤評鑑，針對未通過之評鑑項目進行實地訪視評鑑，其結果將另行公布。
四、旨揭實地訪視日程表，請逕至新北市幼兒教育資源網（路徑：新北市幼兒教育資源網－評鑑專區－基礎評鑑－參考表單）下載。","82
樹林區
私人
新北市私立企鵝家族幼兒園
11月24日
星期四",raw/003_6098_detail.html,8989b6aa04479ae105bc72085dc181d9b8216b3d1a83da72c3ff95265b27d53f,raw/004_6098_attachment_pdf.pdf,f39646ac937a239be1def5a80dc7596961a8c3f8d460720325e6b321c96ba94b,5,82,"[""0bafeeb6-dc1d-4592-894d-9528af8f629c""]","[""新北市私立企鵝家族幼兒園""]",新北市私立企鵝家族幼兒園,matched_exact_title,exact_title:1;entity_candidates:1;name_core_candidates:1;sibling_registry_ids:1,"[{""basis"":""shared sibling registry UUID only"",""group_record_count"":1,""group_record_index"":1,""penalty_group_id"":""pengrp_a24816173729e3cf5888"",""penalty_registry_id"":""0bafeeb6-dc1d-4592-894d-9528af8f629c"",""relationship"":""candidate only; not asserted to be the same event""}]"
ntpc-kidedu-6098-action-b33c26ff60cca2e8,6098,ntpc-kidedu-6098,新北市私立中華兒童幼兒園,蘆洲區,私立,83,corrective_order_followup,ordered,2016-05-03,,2016-11-25,"二、本市104學年度幼兒園基礎評鑑結果報告已於105年5月3日新北教幼字第1050760195號函函文至各校(園)，未通過基礎評鑑之受評園，應於評鑑結果公布後6個月內限期改善。
三、本局謹訂於本（105）年11月15日（星期二）至11月25日（星期五）辦理追蹤評鑑，針對未通過之評鑑項目進行實地訪視評鑑，其結果將另行公布。
四、旨揭實地訪視日程表，請逕至新北市幼兒教育資源網（路徑：新北市幼兒教育資源網－評鑑專區－基礎評鑑－參考表單）下載。","83
蘆洲區
私人
新北市私立中華兒童幼兒園
11月25日
星期五",raw/003_6098_detail.html,8989b6aa04479ae105bc72085dc181d9b8216b3d1a83da72c3ff95265b27d53f,raw/004_6098_attachment_pdf.pdf,f39646ac937a239be1def5a80dc7596961a8c3f8d460720325e6b321c96ba94b,5,83,"[""8ddba3fa-d297-4f27-83da-656f04edd12c""]","[""新北市私立中華兒童幼兒園""]",新北市私立中華兒童幼兒園,matched_exact_title,exact_title:1;entity_candidates:1;name_core_candidates:1;sibling_registry_ids:1,"[{""basis"":""shared sibling registry UUID only"",""group_record_count"":1,""group_record_index"":1,""penalty_group_id"":""pengrp_374b639f5bded09b558e"",""penalty_registry_id"":""8ddba3fa-d297-4f27-83da-656f04edd12c"",""relationship"":""candidate only; not asserted to be the same event""},{""basis"":""shared sibling registry UUID only"",""group_record_count"":1,""group_record_index"":1,""penalty_group_id"":""pengrp_9c6126412e000048a8e1"",""penalty_registry_id"":""8ddba3fa-d297-4f27-83da-656f04edd12c"",""relationship"":""candidate only; not asserted to be the same event""}]"
ntpc-kidedu-6098-action-aeda408cfd49f4fe,6098,ntpc-kidedu-6098,新北市私立小頂康幼兒園,蘆洲區,私立,84,corrective_order_followup,ordered,2016-05-03,,2016-11-25,"二、本市104學年度幼兒園基礎評鑑結果報告已於105年5月3日新北教幼字第1050760195號函函文至各校(園)，未通過基礎評鑑之受評園，應於評鑑結果公布後6個月內限期改善。
三、本局謹訂於本（105）年11月15日（星期二）至11月25日（星期五）辦理追蹤評鑑，針對未通過之評鑑項目進行實地訪視評鑑，其結果將另行公布。
四、旨揭實地訪視日程表，請逕至新北市幼兒教育資源網（路徑：新北市幼兒教育資源網－評鑑專區－基礎評鑑－參考表單）下載。","84
蘆洲區
私人
新北市私立小頂康幼兒園
11月25日
星期五",raw/003_6098_detail.html,8989b6aa04479ae105bc72085dc181d9b8216b3d1a83da72c3ff95265b27d53f,raw/004_6098_attachment_pdf.pdf,f39646ac937a239be1def5a80dc7596961a8c3f8d460720325e6b321c96ba94b,5,84,[],[],,unresolved_historical_institution,exact_title:0;entity_candidates:0;name_core_candidates:0;sibling_registry_ids:0,[]
ntpc-kidedu-6098-action-c870573d4ae6ab3c,6098,ntpc-kidedu-6098,新北市私立文化幼兒園,三峽區,私立,85,corrective_order_followup,ordered,2016-05-03,,2016-11-25,"二、本市104學年度幼兒園基礎評鑑結果報告已於105年5月3日新北教幼字第1050760195號函函文至各校(園)，未通過基礎評鑑之受評園，應於評鑑結果公布後6個月內限期改善。
三、本局謹訂於本（105）年11月15日（星期二）至11月25日（星期五）辦理追蹤評鑑，針對未通過之評鑑項目進行實地訪視評鑑，其結果將另行公布。
四、旨揭實地訪視日程表，請逕至新北市幼兒教育資源網（路徑：新北市幼兒教育資源網－評鑑專區－基礎評鑑－參考表單）下載。","85
三峽區
私人
新北市私立文化幼兒園
11月25日
星期五",raw/003_6098_detail.html,8989b6aa04479ae105bc72085dc181d9b8216b3d1a83da72c3ff95265b27d53f,raw/004_6098_attachment_pdf.pdf,f39646ac937a239be1def5a80dc7596961a8c3f8d460720325e6b321c96ba94b,5,85,"[""eb4be7d2-1387-4e06-8ed4-eaefc834d0b5""]","[""新北市私立文化幼兒園""]",新北市私立文化幼兒園,matched_exact_title,exact_title:1;entity_candidates:1;name_core_candidates:1;sibling_registry_ids:1,"[{""basis"":""shared sibling registry UUID only"",""group_record_count"":1,""group_record_index"":1,""penalty_group_id"":""pengrp_600da3b67dd000cba529"",""penalty_registry_id"":""eb4be7d2-1387-4e06-8ed4-eaefc834d0b5"",""relationship"":""candidate only; not asserted to be the same event""},{""basis"":""shared sibling registry UUID only"",""group_record_count"":1,""group_record_index"":1,""penalty_group_id"":""pengrp_7c827905896335d061da"",""penalty_registry_id"":""eb4be7d2-1387-4e06-8ed4-eaefc834d0b5"",""relationship"":""candidate only; not asserted to be the same event""},{""basis"":""shared sibling registry UUID only"",""group_record_count"":1,""group_record_index"":1,""penalty_group_id"":""pengrp_9836714a065a8bdc6e05"",""penalty_registry_id"":""eb4be7d2-1387-4e06-8ed4-eaefc834d0b5"",""relationship"":""candidate only; not asserted to be the same event""}]"
ntpc-kidedu-6098-action-35e0a69a9f4791e4,6098,ntpc-kidedu-6098,新北市私立文強幼兒園,三峽區,私立,86,corrective_order_followup,ordered,2016-05-03,,2016-11-25,"二、本市104學年度幼兒園基礎評鑑結果報告已於105年5月3日新北教幼字第1050760195號函函文至各校(園)，未通過基礎評鑑之受評園，應於評鑑結果公布後6個月內限期改善。
三、本局謹訂於本（105）年11月15日（星期二）至11月25日（星期五）辦理追蹤評鑑，針對未通過之評鑑項目進行實地訪視評鑑，其結果將另行公布。
四、旨揭實地訪視日程表，請逕至新北市幼兒教育資源網（路徑：新北市幼兒教育資源網－評鑑專區－基礎評鑑－參考表單）下載。","86
三峽區
私人
新北市私立文強幼兒園
11月25日
星期五",raw/003_6098_detail.html,8989b6aa04479ae105bc72085dc181d9b8216b3d1a83da72c3ff95265b27d53f,raw/004_6098_attachment_pdf.pdf,f39646ac937a239be1def5a80dc7596961a8c3f8d460720325e6b321c96ba94b,5,86,"[""5fde7e92-ef52-413d-9a4f-a1a24c3aae33""]","[""新北市私立文強幼兒園""]",新北市私立文強幼兒園,matched_exact_title,exact_title:1;entity_candidates:1;name_core_candidates:1;sibling_registry_ids:1,[]
ntpc-kidedu-6098-action-529d836c2e2e5abb,6098,ntpc-kidedu-6098,新北市私立小甜甜幼兒園,三峽區,私立,87,corrective_order_followup,ordered,2016-05-03,,2016-11-25,"二、本市104學年度幼兒園基礎評鑑結果報告已於105年5月3日新北教幼字第1050760195號函函文至各校(園)，未通過基礎評鑑之受評園，應於評鑑結果公布後6個月內限期改善。
三、本局謹訂於本（105）年11月15日（星期二）至11月25日（星期五）辦理追蹤評鑑，針對未通過之評鑑項目進行實地訪視評鑑，其結果將另行公布。
四、旨揭實地訪視日程表，請逕至新北市幼兒教育資源網（路徑：新北市幼兒教育資源網－評鑑專區－基礎評鑑－參考表單）下載。","87
三峽區
私人
新北市私立小甜甜幼兒園
11月25日
星期五",raw/003_6098_detail.html,8989b6aa04479ae105bc72085dc181d9b8216b3d1a83da72c3ff95265b27d53f,raw/004_6098_attachment_pdf.pdf,f39646ac937a239be1def5a80dc7596961a8c3f8d460720325e6b321c96ba94b,5,87,"[""1e133a1e-f41b-4c9f-a706-02a4585c03a0""]","[""新北市私立小甜甜幼兒園""]",新北市私立小甜甜幼兒園,matched_exact_title,exact_title:1;entity_candidates:1;name_core_candidates:1;sibling_registry_ids:1,"[{""basis"":""shared sibling registry UUID only"",""group_record_count"":1,""group_record_index"":1,""penalty_group_id"":""pengrp_3aa00d58d699e7d58ad7"",""penalty_registry_id"":""1e133a1e-f41b-4c9f-a706-02a4585c03a0"",""relationship"":""candidate only; not asserted to be the same event""},{""basis"":""shared sibling registry UUID only"",""group_record_count"":1,""group_record_index"":1,""penalty_group_id"":""pengrp_a2068e5f31571ae45b79"",""penalty_registry_id"":""1e133a1e-f41b-4c9f-a706-02a4585c03a0"",""relationship"":""candidate only; not asserted to be the same event""},{""basis"":""shared sibling registry UUID only"",""group_record_count"":1,""group_record_index"":1,""penalty_group_id"":""pengrp_eb5fec220cdad6fa4677"",""penalty_registry_id"":""1e133a1e-f41b-4c9f-a706-02a4585c03a0"",""relationship"":""candidate only; not asserted to be the same event""}]"
ntpc-kidedu-6098-action-9022ed658705df38,6098,ntpc-kidedu-6098,新北市私立小樹苗幼兒園,三峽區,私立,88,corrective_order_followup,ordered,2016-05-03,,2016-11-25,"二、本市104學年度幼兒園基礎評鑑結果報告已於105年5月3日新北教幼字第1050760195號函函文至各校(園)，未通過基礎評鑑之受評園，應於評鑑結果公布後6個月內限期改善。
三、本局謹訂於本（105）年11月15日（星期二）至11月25日（星期五）辦理追蹤評鑑，針對未通過之評鑑項目進行實地訪視評鑑，其結果將另行公布。
四、旨揭實地訪視日程表，請逕至新北市幼兒教育資源網（路徑：新北市幼兒教育資源網－評鑑專區－基礎評鑑－參考表單）下載。","88
三峽區
私人
新北市私立小樹苗幼兒園
11月25日
星期五",raw/003_6098_detail.html,8989b6aa04479ae105bc72085dc181d9b8216b3d1a83da72c3ff95265b27d53f,raw/004_6098_attachment_pdf.pdf,f39646ac937a239be1def5a80dc7596961a8c3f8d460720325e6b321c96ba94b,5,88,"[""b0b589d0-cce8-4280-bc19-82b3a2a8edf9""]","[""新北市私立小樹苗幼兒園""]",新北市私立小樹苗幼兒園,matched_exact_title,exact_title:1;entity_candidates:1;name_core_candidates:1;sibling_registry_ids:1,[]
ntpc-kidedu-6098-action-65caa4c63fdf573d,6098,ntpc-kidedu-6098,新北市私立菲米力幼兒園,五股區,私立,89,corrective_order_followup,ordered,2016-05-03,,2016-11-25,"二、本市104學年度幼兒園基礎評鑑結果報告已於105年5月3日新北教幼字第1050760195號函函文至各校(園)，未通過基礎評鑑之受評園，應於評鑑結果公布後6個月內限期改善。
三、本局謹訂於本（105）年11月15日（星期二）至11月25日（星期五）辦理追蹤評鑑，針對未通過之評鑑項目進行實地訪視評鑑，其結果將另行公布。
四、旨揭實地訪視日程表，請逕至新北市幼兒教育資源網（路徑：新北市幼兒教育資源網－評鑑專區－基礎評鑑－參考表單）下載。","89
五股區
私人
新北市私立菲米力幼兒園
11月25日
星期五
第5/5頁",raw/003_6098_detail.html,8989b6aa04479ae105bc72085dc181d9b8216b3d1a83da72c3ff95265b27d53f,raw/004_6098_attachment_pdf.pdf,f39646ac937a239be1def5a80dc7596961a8c3f8d460720325e6b321c96ba94b,5,89,"[""9423b80a-77bf-4bf9-a9f1-45cb4438408b""]","[""新北市私立菲米力幼兒園""]",新北市私立菲米力幼兒園,matched_exact_title,exact_title:1;entity_candidates:1;name_core_candidates:1;sibling_registry_ids:1,[]
